solid DIY Perks 3D Printed Speaker - Sketchup Model
facet normal -0.3826834323635435 -0.9238795325119273 3.695863228756334e-13
  outer loop
    vertex 208.79947470827983 108.38680482532992 86.8951961934852
    vertex 208.43770327593458 108.53665545908838 90.89519619349086
    vertex 208.43770327593336 108.53665545908623 86.89519619348523
  endloop
endfacet
facet normal -0.3826834323635435 -0.9238795325119273 3.695863228756334e-13
  outer loop
    vertex 208.43770327593458 108.53665545908838 90.89519619349086
    vertex 208.79947470827983 108.38680482532992 86.8951961934852
    vertex 208.79947470828108 108.38680482533208 90.89519619349083
  endloop
endfacet
facet normal 0.6087614290100986 -0.7933533402901779 1.4582953923955902e-13
  outer loop
    vertex 207.2994747082798 108.38680482532739 86.89519619348548
    vertex 206.98881453650156 108.14842689143217 90.89519619349129
    vertex 206.98881453650043 108.14842689143002 86.89519619348562
  endloop
endfacet
facet normal 0.6087614290100986 -0.7933533402901779 1.4582953923955902e-13
  outer loop
    vertex 206.98881453650156 108.14842689143217 90.89519619349129
    vertex 207.2994747082798 108.38680482532739 86.89519619348548
    vertex 207.29947470828108 108.38680482532953 90.8951961934911
  endloop
endfacet
facet normal 0.7933533402922186 -0.6087614290074391 5.219770554097175e-14
  outer loop
    vertex 206.75043660260528 107.83776671965194 90.89519619349139
    vertex 206.98881453650043 108.14842689143002 86.89519619348562
    vertex 206.98881453650156 108.14842689143217 90.89519619349129
  endloop
endfacet
facet normal 0.7933533402922186 -0.6087614290074391 5.219770554097175e-14
  outer loop
    vertex 206.98881453650043 108.14842689143002 86.89519619348562
    vertex 206.75043660260528 107.83776671965194 90.89519619349139
    vertex 206.75043660260405 107.83776671964978 86.89519619348576
  endloop
endfacet
facet normal 0.9238795325119468 -0.3826834323634965 -4.499131552952773e-14
  outer loop
    vertex 206.60058596884775 107.47599528730333 86.8951961934859
    vertex 206.75043660260528 107.83776671965194 90.89519619349139
    vertex 206.60058596884892 107.47599528730547 90.89519619349159
  endloop
endfacet
facet normal 0.9238795325119468 -0.3826834323634965 -4.499131552952773e-14
  outer loop
    vertex 206.75043660260528 107.83776671965194 90.89519619349139
    vertex 206.60058596884775 107.47599528730333 86.8951961934859
    vertex 206.75043660260405 107.83776671964978 86.89519619348576
  endloop
endfacet
facet normal 0.38268343236665076 -0.9238795325106401 2.2952333083373713e-13
  outer loop
    vertex 207.66124614062574 108.5366554590849 86.89519619348538
    vertex 207.29947470828108 108.38680482532953 90.8951961934911
    vertex 207.2994747082798 108.38680482532739 86.89519619348548
  endloop
endfacet
facet normal 0.38268343236665076 -0.9238795325106401 2.2952333083373713e-13
  outer loop
    vertex 207.29947470828108 108.38680482532953 90.8951961934911
    vertex 207.66124614062574 108.5366554590849 86.89519619348538
    vertex 207.66124614062696 108.53665545908707 90.89519619349106
  endloop
endfacet
facet normal -0.13052619221836415 -0.9914448613740326 3.453483649855269e-13
  outer loop
    vertex 208.43770327593336 108.53665545908623 86.89519619348523
    vertex 208.04947470828063 108.58776671965411 90.89519619349093
    vertex 208.04947470827946 108.587766719652 86.89519619348525
  endloop
endfacet
facet normal -0.13052619221836415 -0.9914448613740326 3.453483649855269e-13
  outer loop
    vertex 208.04947470828063 108.58776671965411 90.89519619349093
    vertex 208.43770327593336 108.53665545908623 86.89519619348523
    vertex 208.43770327593458 108.53665545908838 90.89519619349086
  endloop
endfacet
facet normal -0.6087614290074196 -0.7933533402922336 3.6863758363203646e-13
  outer loop
    vertex 209.11013488006003 108.1484268914336 86.89519619348523
    vertex 208.79947470828108 108.38680482533208 90.89519619349083
    vertex 208.79947470827983 108.38680482532992 86.8951961934852
  endloop
endfacet
facet normal -0.6087614290074196 -0.7933533402922336 3.6863758363203646e-13
  outer loop
    vertex 208.79947470828108 108.38680482533208 90.89519619349083
    vertex 209.11013488006003 108.1484268914336 86.89519619348523
    vertex 209.11013488006117 108.14842689143575 90.89519619349086
  endloop
endfacet
facet normal 1.6745359941321202e-12 -1.0 3.974951808229331e-13
  outer loop
    vertex 372.89202866570866 89.5251746753458 90.89519619342116
    vertex 371.0920286657132 89.52517467534311 91.73729804402903
    vertex 371.09202866571303 89.5251746753428 90.89519619341903
  endloop
endfacet
facet normal 1.6745359941321202e-12 -1.0 3.974951808229331e-13
  outer loop
    vertex 371.0920286657132 89.52517467534311 91.73729804402903
    vertex 372.89202866570866 89.5251746753458 90.89519619342116
    vertex 373.72870011102765 89.52517467534757 91.737298044031
  endloop
endfacet
facet normal 0.13052619222172732 -0.9914448613735899 2.8281675758691344e-13
  outer loop
    vertex 207.9630463111627 108.57638820530897 86.89519619348064
    vertex 207.66124614062696 108.53665545908707 90.89519619349106
    vertex 207.66124614062574 108.5366554590849 86.89519619348538
  endloop
endfacet
facet normal 0.13052619222172732 -0.9914448613735899 2.8281675758691344e-13
  outer loop
    vertex 207.66124614062696 108.53665545908707 90.89519619349106
    vertex 207.9630463111627 108.57638820530897 86.89519619348064
    vertex 208.04947470828063 108.58776671965411 90.89519619349093
  endloop
endfacet
facet normal 0.13052619222172732 -0.9914448613735899 2.8281675758691344e-13
  outer loop
    vertex 208.04947470828063 108.58776671965411 90.89519619349093
    vertex 207.9630463111627 108.57638820530897 86.89519619348064
    vertex 208.04947470827946 108.587766719652 86.89519619348525
  endloop
endfacet
facet normal -1.0 -7.219009737451605e-13 9.664396842653269e-13
  outer loop
    vertex 173.0920286660085 179.68443293794985 90.89519619349629
    vertex 173.09202866607095 92.52517467506632 86.89519619357237
    vertex 173.09202866607816 88.52517467506948 90.8951961935748
  endloop
endfacet
facet normal -1.0 -7.219009737451605e-13 9.664396842653269e-13
  outer loop
    vertex 173.09202866607095 92.52517467506632 86.89519619357237
    vertex 173.0920286660085 179.68443293794985 90.89519619349629
    vertex 173.09202866601206 175.68443293794354 86.89519619349919
  endloop
endfacet
facet normal -0.1305261922217261 0.9914448613735901 -2.975754867368185e-13
  outer loop
    vertex 208.0494747082857 105.58776671965413 90.89519619349191
    vertex 208.43770327593828 105.63887798021902 86.89519619348616
    vertex 208.04947470828455 105.587766719652 86.89519619348627
  endloop
endfacet
facet normal -0.1305261922217261 0.9914448613735901 -2.975754867368185e-13
  outer loop
    vertex 208.43770327593828 105.63887798021902 86.89519619348616
    vertex 208.0494747082857 105.58776671965413 90.89519619349191
    vertex 208.43770327593944 105.6388779802212 90.89519619349183
  endloop
endfacet
facet normal 0.7933533402901629 0.6087614290101182 -4.0707372094145396e-13
  outer loop
    vertex 206.98881453650517 106.02710654787253 90.89519619349193
    vertex 206.75043660260658 106.3377667196498 86.89519619348627
    vertex 206.7504366026078 106.33776671965194 90.8951961934919
  endloop
endfacet
facet normal 0.7933533402901629 0.6087614290101182 -4.0707372094145396e-13
  outer loop
    vertex 206.75043660260658 106.3377667196498 86.89519619348627
    vertex 206.98881453650517 106.02710654787253 90.89519619349193
    vertex 206.98881453650398 106.02710654787037 86.8951961934863
  endloop
endfacet
facet normal 0.7933533402901629 0.6087614290101182 -4.0707372094145396e-13
  outer loop
    vertex 206.75043660260658 106.3377667196498 86.89519619348627
    vertex 206.98881453650398 106.02710654787037 86.8951961934863
    vertex 206.93654784952918 106.09522182049007 86.8951961934823
  endloop
endfacet
facet normal -0.6087614290100986 0.7933533402901779 -1.4582953923955902e-13
  outer loop
    vertex 208.79947470828546 105.78872861397873 90.89519619349169
    vertex 209.11013488006358 106.02710654787396 86.89519619348592
    vertex 208.7994747082842 105.78872861397662 86.89519619348606
  endloop
endfacet
facet normal -0.6087614290100986 0.7933533402901779 -1.4582953923955902e-13
  outer loop
    vertex 209.11013488006358 106.02710654787396 86.89519619348592
    vertex 208.79947470828546 105.78872861397873 90.89519619349169
    vertex 209.11013488006478 106.0271065478761 90.8951961934916
  endloop
endfacet
facet normal 0.9914448613735984 0.13052619222166278 -2.2375678363603838e-13
  outer loop
    vertex 206.60058596884906 106.69953815199578 86.89519619348616
    vertex 206.54947470828324 107.08776671965161 90.89519619349167
    vertex 206.60058596885028 106.6995381519979 90.89519619349183
  endloop
endfacet
facet normal 0.9914448613735984 0.13052619222166278 -2.2375678363603838e-13
  outer loop
    vertex 206.54947470828324 107.08776671965161 90.89519619349167
    vertex 206.60058596884906 106.69953815199578 86.89519619348616
    vertex 206.54947470828205 107.08776671964945 86.89519619348604
  endloop
endfacet
facet normal 0.7093903806818198 8.630789263061902e-13 -0.7048157828795429
  outer loop
    vertex 372.89202866570866 89.5251746753458 90.89519619342116
    vertex 373.72870011102594 90.52517467534757 91.73729804402926
    vertex 373.72870011102765 89.52517467534757 91.737298044031
  endloop
endfacet
facet normal 0.7093903806818198 8.630789263061902e-13 -0.7048157828795429
  outer loop
    vertex 373.72870011102594 90.52517467534757 91.73729804402926
    vertex 372.89202866570866 89.5251746753458 90.89519619342116
    vertex 372.8920286656527 117.80514921870376 90.89519619341452
  endloop
endfacet
facet normal 0.7093903806818198 8.630789263061902e-13 -0.7048157828795429
  outer loop
    vertex 373.7287001108854 173.6844329382443 91.73729804399402
    vertex 373.72870011087696 178.68443293824436 91.73729804399191
    vertex 373.72870011087866 177.68443293824433 91.73729804399234
  endloop
endfacet
facet normal 0.7093903806818198 8.630789263061902e-13 -0.7048157828795429
  outer loop
    vertex 373.72870011087696 178.68443293824436 91.73729804399191
    vertex 373.7287001108854 173.6844329382443 91.73729804399402
    vertex 372.8920286655579 178.6844329382426 90.89519619338206
  endloop
endfacet
facet normal 0.7093903806818198 8.630789263061902e-13 -0.7048157828795429
  outer loop
    vertex 372.8920286655579 178.6844329382426 90.89519619338206
    vertex 373.7287001108854 173.6844329382443 91.73729804399402
    vertex 373.7287001110192 94.52517467534757 91.7372980440276
  endloop
endfacet
facet normal 0.7093903806818198 8.630789263061902e-13 -0.7048157828795429
  outer loop
    vertex 372.8920286655579 178.6844329382426 90.89519619338206
    vertex 373.7287001110192 94.52517467534757 91.7372980440276
    vertex 373.72870011102594 90.52517467534757 91.73729804402926
  endloop
endfacet
facet normal 0.7093903806818198 8.630789263061902e-13 -0.7048157828795429
  outer loop
    vertex 372.8920286655579 178.6844329382426 90.89519619338206
    vertex 373.72870011102594 90.52517467534757 91.73729804402926
    vertex 372.8920286656527 117.80514921870376 90.89519619341452
  endloop
endfacet
facet normal 0.7093903806818198 8.630789263061902e-13 -0.7048157828795429
  outer loop
    vertex 372.8920286655579 178.6844329382426 90.89519619338206
    vertex 372.8920286656527 117.80514921870376 90.89519619341452
    vertex 372.89202866561027 150.40445839489604 90.89519619339316
  endloop
endfacet
facet normal 0.3826834323635435 0.9238795325119273 -3.695863228756334e-13
  outer loop
    vertex 207.29947470828546 105.7887286139762 90.89519619349196
    vertex 207.66124614063065 105.6388779802177 86.8951961934863
    vertex 207.29947470828418 105.78872861397409 86.89519619348633
  endloop
endfacet
facet normal 0.3826834323635435 0.9238795325119273 -3.695863228756334e-13
  outer loop
    vertex 207.66124614063065 105.6388779802177 86.8951961934863
    vertex 207.29947470828546 105.7887286139762 90.89519619349196
    vertex 207.66124614063185 105.63887798021986 90.89519619349193
  endloop
endfacet
facet normal -0.9238795325106526 -0.38268343236662106 2.9315065944457687e-13
  outer loop
    vertex 209.3485128139574 107.83776671965417 86.89519619348526
    vertex 209.49836344771612 107.47599528731038 90.89519619349106
    vertex 209.34851281395862 107.83776671965632 90.89519619349095
  endloop
endfacet
facet normal -0.9238795325106526 -0.38268343236662106 2.9315065944457687e-13
  outer loop
    vertex 209.49836344771612 107.47599528731038 90.89519619349106
    vertex 209.3485128139574 107.83776671965417 86.89519619348526
    vertex 209.49836344771495 107.47599528730821 86.89519619348538
  endloop
endfacet
facet normal -0.9238795325119468 0.3826834323634965 4.499131552952768e-14
  outer loop
    vertex 209.4983634476249 160.71657523886827 86.8951961934213
    vertex 209.34851281386995 160.35480380652407 90.89519619346814
    vertex 209.49836344762625 160.71657523887055 90.89519619346802
  endloop
endfacet
facet normal -0.9238795325119468 0.3826834323634965 4.499131552952768e-14
  outer loop
    vertex 209.34851281386995 160.35480380652407 90.89519619346814
    vertex 209.4983634476249 160.71657523886827 86.8951961934213
    vertex 209.34851281386855 160.35480380652177 86.89519619342148
  endloop
endfacet
facet normal -0.9914448613735986 -0.13052619222166092 2.2375678363603778e-13
  outer loop
    vertex 209.49836344771495 107.47599528730821 86.89519619348538
    vertex 209.54947470828319 107.08776671965667 90.89519619349112
    vertex 209.49836344771612 107.47599528731038 90.89519619349106
  endloop
endfacet
facet normal -0.9914448613735986 -0.13052619222166092 2.2375678363603778e-13
  outer loop
    vertex 209.54947470828319 107.08776671965667 90.89519619349112
    vertex 209.49836344771495 107.47599528730821 86.89519619348538
    vertex 209.549474708282 107.0877667196545 86.89519619348549
  endloop
endfacet
facet normal -1.6892666301565272e-12 1.0 -3.901773590392224e-13
  outer loop
    vertex 373.72870011087696 178.68443293824436 91.73729804399191
    vertex 371.09202866556325 178.68443293823955 90.89519619338255
    vertex 371.0920286655635 178.68443293823987 91.73729804399255
  endloop
endfacet
facet normal -1.6892666301565272e-12 1.0 -3.901773590392224e-13
  outer loop
    vertex 371.09202866556325 178.68443293823955 90.89519619338255
    vertex 373.72870011087696 178.68443293824436 91.73729804399191
    vertex 372.8920286655579 178.6844329382426 90.89519619338206
  endloop
endfacet
facet normal -0.9914448613740392 0.13052619221831502 1.391142527983234e-13
  outer loop
    vertex 209.549474708282 107.0877667196545 86.89519619348549
    vertex 209.49836344771748 106.69953815200277 90.8951961934913
    vertex 209.54947470828319 107.08776671965667 90.89519619349112
  endloop
endfacet
facet normal -0.9914448613740392 0.13052619221831502 1.391142527983234e-13
  outer loop
    vertex 209.49836344771748 106.69953815200277 90.8951961934913
    vertex 209.549474708282 107.0877667196545 86.89519619348549
    vertex 209.49836344771626 106.69953815200066 86.89519619348562
  endloop
endfacet
facet normal -0.7933533402922186 0.6087614290074391 -5.219770554097175e-14
  outer loop
    vertex 209.34851281395993 106.3377667196542 86.89519619348577
    vertex 209.11013488006478 106.0271065478761 90.8951961934916
    vertex 209.34851281396115 106.33776671965634 90.8951961934914
  endloop
endfacet
facet normal -0.7933533402922186 0.6087614290074391 -5.219770554097175e-14
  outer loop
    vertex 209.11013488006478 106.0271065478761 90.8951961934916
    vertex 209.34851281395993 106.3377667196542 86.89519619348577
    vertex 209.11013488006358 106.02710654787396 86.89519619348592
  endloop
endfacet
facet normal -0.38268343236665076 0.9238795325106401 -2.2952333083373713e-13
  outer loop
    vertex 208.43770327593944 105.6388779802212 90.89519619349183
    vertex 208.7994747082842 105.78872861397662 86.89519619348606
    vertex 208.43770327593828 105.63887798021902 86.89519619348616
  endloop
endfacet
facet normal -0.38268343236665076 0.9238795325106401 -2.2952333083373713e-13
  outer loop
    vertex 208.7994747082842 105.78872861397662 86.89519619348606
    vertex 208.43770327593944 105.6388779802212 90.89519619349183
    vertex 208.79947470828546 105.78872861397873 90.89519619349169
  endloop
endfacet
facet normal -0.7933533402901685 -0.608761429010111 3.425668022663424e-13
  outer loop
    vertex 209.11013487996857 162.1654639783012 86.89519619342094
    vertex 209.34851281386742 161.85480380652407 90.89519619346767
    vertex 209.11013487996996 162.16546397830348 90.8951961934676
  endloop
endfacet
facet normal -0.7933533402901685 -0.608761429010111 3.425668022663424e-13
  outer loop
    vertex 209.34851281386742 161.85480380652407 90.89519619346767
    vertex 209.11013487996857 162.1654639783012 86.89519619342094
    vertex 209.34851281386602 161.85480380652177 86.89519619342097
  endloop
endfacet
facet normal 0.3826834323666754 -0.92387953251063 2.2952333083372945e-13
  outer loop
    vertex 207.6612461405343 162.55369254595254 86.89519619342103
    vertex 207.29947470818985 162.40384191219724 90.89519619346784
    vertex 207.2994747081884 162.40384191219496 86.8951961934212
  endloop
endfacet
facet normal 0.3826834323666754 -0.92387953251063 2.2952333083372945e-13
  outer loop
    vertex 207.29947470818985 162.40384191219724 90.89519619346784
    vertex 207.6612461405343 162.55369254595254 86.89519619342103
    vertex 207.66124614053578 162.55369254595482 90.89519619346777
  endloop
endfacet
facet normal -0.6087614290100803 0.7933533402901919 -1.45829539239567e-13
  outer loop
    vertex 208.79947470819423 159.80576570084648 90.89519619346841
    vertex 209.11013487997218 160.04414363474157 86.89519619342158
    vertex 208.7994747081928 159.8057657008442 86.89519619342177
  endloop
endfacet
facet normal -0.6087614290100803 0.7933533402901919 -1.45829539239567e-13
  outer loop
    vertex 209.11013487997218 160.04414363474157 86.89519619342158
    vertex 208.79947470819423 159.80576570084648 90.89519619346841
    vertex 209.11013487997354 160.04414363474382 90.89519619346832
  endloop
endfacet
facet normal -0.7933533402922242 0.608761429007432 -5.2197705540968495e-14
  outer loop
    vertex 209.34851281386855 160.35480380652177 86.89519619342148
    vertex 209.11013487997354 160.04414363474382 90.89519619346832
    vertex 209.34851281386995 160.35480380652407 90.89519619346814
  endloop
endfacet
facet normal -0.7933533402922242 0.608761429007432 -5.2197705540968495e-14
  outer loop
    vertex 209.11013487997354 160.04414363474382 90.89519619346832
    vertex 209.34851281386855 160.35480380652177 86.89519619342148
    vertex 209.11013487997218 160.04414363474157 86.89519619342158
  endloop
endfacet
facet normal 0.9914448613735984 0.13052619222166278 -2.2375678363603833e-13
  outer loop
    vertex 206.6005859687576 160.71657523886336 86.89519619342182
    vertex 206.54947470819204 161.10480380651933 90.89519619346841
    vertex 206.60058596875905 160.71657523886566 90.89519619346856
  endloop
endfacet
facet normal 0.9914448613735984 0.13052619222166278 -2.2375678363603833e-13
  outer loop
    vertex 206.54947470819204 161.10480380651933 90.89519619346841
    vertex 206.6005859687576 160.71657523886336 86.89519619342182
    vertex 206.5494747081906 161.10480380651705 86.89519619342175
  endloop
endfacet
facet normal 0.6087614290074014 0.7933533402922476 -3.686375836320378e-13
  outer loop
    vertex 206.98881453641394 160.04414363474024 90.89519619346866
    vertex 207.29947470819278 159.80576570084168 86.89519619342204
    vertex 206.98881453641258 160.044143634738 86.89519619342202
  endloop
endfacet
facet normal 0.6087614290074014 0.7933533402922476 -3.686375836320378e-13
  outer loop
    vertex 207.29947470819278 159.80576570084168 86.89519619342204
    vertex 206.98881453641394 160.04414363474024 90.89519619346866
    vertex 207.29947470819423 159.80576570084395 90.89519619346869
  endloop
endfacet
facet normal -0.7933533402901629 -0.6087614290101181 3.425668022663436e-13
  outer loop
    vertex 209.11013488006003 108.1484268914336 86.89519619348523
    vertex 209.34851281395862 107.83776671965632 90.89519619349095
    vertex 209.11013488006117 108.14842689143575 90.89519619349086
  endloop
endfacet
facet normal -0.7933533402901629 -0.6087614290101181 3.425668022663436e-13
  outer loop
    vertex 209.34851281395862 107.83776671965632 90.89519619349095
    vertex 209.11013488006003 108.1484268914336 86.89519619348523
    vertex 209.3485128139574 107.83776671965417 86.89519619348526
  endloop
endfacet
facet normal -0.3826834323666754 0.92387953251063 -2.2952333083372945e-13
  outer loop
    vertex 208.43770327584826 159.65591506708893 90.89519619346856
    vertex 208.7994747081928 159.8057657008442 86.89519619342177
    vertex 208.43770327584684 159.65591506708662 86.89519619342182
  endloop
endfacet
facet normal -0.3826834323666754 0.92387953251063 -2.2952333083372945e-13
  outer loop
    vertex 208.7994747081928 159.8057657008442 86.89519619342177
    vertex 208.43770327584826 159.65591506708893 90.89519619346856
    vertex 208.79947470819423 159.80576570084648 90.89519619346841
  endloop
endfacet
facet normal 0.3826834323635558 0.9238795325119223 -3.6958632287563413e-13
  outer loop
    vertex 207.29947470819423 159.80576570084395 90.89519619346869
    vertex 207.66124614053916 159.65591506708532 86.89519619342202
    vertex 207.29947470819278 159.80576570084168 86.89519619342204
  endloop
endfacet
facet normal 0.3826834323635558 0.9238795325119223 -3.6958632287563413e-13
  outer loop
    vertex 207.66124614053916 159.65591506708532 86.89519619342202
    vertex 207.29947470819423 159.80576570084395 90.89519619346869
    vertex 207.66124614054064 159.65591506708762 90.89519619346866
  endloop
endfacet
facet normal -0.9238795325119468 0.3826834323634965 4.499131552952773e-14
  outer loop
    vertex 209.49836344771626 106.69953815200066 86.89519619348562
    vertex 209.34851281396115 106.33776671965634 90.8951961934914
    vertex 209.49836344771748 106.69953815200277 90.8951961934913
  endloop
endfacet
facet normal -0.9238795325119468 0.3826834323634965 4.499131552952773e-14
  outer loop
    vertex 209.34851281396115 106.33776671965634 90.8951961934914
    vertex 209.49836344771626 106.69953815200066 86.89519619348562
    vertex 209.34851281395993 106.3377667196542 86.89519619348577
  endloop
endfacet
facet normal 0.6087614290074196 0.7933533402922336 -3.6863758363203646e-13
  outer loop
    vertex 206.98881453650517 106.02710654787253 90.89519619349193
    vertex 207.29947470828418 105.78872861397409 86.89519619348633
    vertex 206.98881453650398 106.02710654787037 86.8951961934863
  endloop
endfacet
facet normal 0.6087614290074196 0.7933533402922336 -3.6863758363203646e-13
  outer loop
    vertex 207.29947470828418 105.78872861397409 86.89519619348633
    vertex 206.98881453650517 106.02710654787253 90.89519619349193
    vertex 207.29947470828546 105.7887286139762 90.89519619349196
  endloop
endfacet
facet normal -0.6087614290074014 -0.7933533402922476 3.686375836320378e-13
  outer loop
    vertex 209.11013487996857 162.1654639783012 86.89519619342094
    vertex 208.79947470818985 162.40384191219977 90.89519619346756
    vertex 208.79947470818843 162.4038419121975 86.89519619342093
  endloop
endfacet
facet normal -0.6087614290074014 -0.7933533402922476 3.686375836320378e-13
  outer loop
    vertex 208.79947470818985 162.40384191219977 90.89519619346756
    vertex 209.11013487996857 162.1654639783012 86.89519619342094
    vertex 209.11013487996996 162.16546397830348 90.8951961934676
  endloop
endfacet
facet normal 0.13052619221836415 0.9914448613740326 -3.45348364985527e-13
  outer loop
    vertex 207.66124614054064 159.65591506708762 90.89519619346866
    vertex 208.0494747081931 159.60480380651958 86.89519619342195
    vertex 207.66124614053916 159.65591506708532 86.89519619342202
  endloop
endfacet
facet normal 0.13052619221836415 0.9914448613740326 -3.45348364985527e-13
  outer loop
    vertex 208.0494747081931 159.60480380651958 86.89519619342195
    vertex 207.66124614054064 159.65591506708762 90.89519619346866
    vertex 208.0494747081945 159.60480380652186 90.89519619346864
  endloop
endfacet
facet normal 0.7933533402901685 0.608761429010111 -3.425668022663424e-13
  outer loop
    vertex 206.98881453641394 160.04414363474024 90.89519619346866
    vertex 206.75043660251512 160.3548038065174 86.89519619342194
    vertex 206.7504366025166 160.35480380651967 90.89519619346864
  endloop
endfacet
facet normal 0.7933533402901685 0.608761429010111 -3.425668022663424e-13
  outer loop
    vertex 206.75043660251512 160.3548038065174 86.89519619342194
    vertex 206.98881453641394 160.04414363474024 90.89519619346866
    vertex 206.98881453641258 160.044143634738 86.89519619342202
  endloop
endfacet
facet normal 0.13052619221836415 0.9914448613740326 -3.453483649855269e-13
  outer loop
    vertex 207.66124614063185 105.63887798021986 90.89519619349193
    vertex 208.04947470828455 105.587766719652 86.89519619348627
    vertex 207.66124614063065 105.6388779802177 86.8951961934863
  endloop
endfacet
facet normal 0.13052619221836415 0.9914448613740326 -3.453483649855269e-13
  outer loop
    vertex 208.04947470828455 105.587766719652 86.89519619348627
    vertex 207.66124614063185 105.63887798021986 90.89519619349193
    vertex 208.0494747082857 105.58776671965413 90.89519619349191
  endloop
endfacet
facet normal -0.3826834323635558 -0.9238795325119223 3.6958632287563413e-13
  outer loop
    vertex 208.79947470818843 162.4038419121975 86.89519619342093
    vertex 208.43770327584338 162.55369254595612 90.8951961934676
    vertex 208.43770327584198 162.55369254595385 86.89519619342094
  endloop
endfacet
facet normal -0.3826834323635558 -0.9238795325119223 3.6958632287563413e-13
  outer loop
    vertex 208.43770327584338 162.55369254595612 90.8951961934676
    vertex 208.79947470818843 162.4038419121975 86.89519619342093
    vertex 208.79947470818985 162.40384191219977 90.89519619346756
  endloop
endfacet
facet normal -0.1305261922217119 0.9914448613735919 -2.9757548673682173e-13
  outer loop
    vertex 208.0494747081945 159.60480380652186 90.89519619346864
    vertex 208.43770327584684 159.65591506708662 86.89519619342182
    vertex 208.0494747081931 159.60480380651958 86.89519619342195
  endloop
endfacet
facet normal -0.1305261922217119 0.9914448613735919 -2.9757548673682173e-13
  outer loop
    vertex 208.43770327584684 159.65591506708662 86.89519619342182
    vertex 208.0494747081945 159.60480380652186 90.89519619346864
    vertex 208.43770327584826 159.65591506708893 90.89519619346856
  endloop
endfacet
facet normal 0.9238795325106547 0.3826834323666162 -2.931506594445757e-13
  outer loop
    vertex 206.7504366026078 106.33776671965194 90.8951961934919
    vertex 206.60058596884906 106.69953815199578 86.89519619348616
    vertex 206.60058596885028 106.6995381519979 90.89519619349183
  endloop
endfacet
facet normal 0.9238795325106547 0.3826834323666162 -2.931506594445757e-13
  outer loop
    vertex 206.60058596884906 106.69953815199578 86.89519619348616
    vertex 206.7504366026078 106.33776671965194 90.8951961934919
    vertex 206.75043660260658 106.3377667196498 86.89519619348627
  endloop
endfacet
facet normal 0.6087614290100803 -0.7933533402901919 1.45829539239567e-13
  outer loop
    vertex 207.2994747081884 162.40384191219496 86.8951961934212
    vertex 206.98881453641036 162.1654639782999 90.89519619346802
    vertex 206.98881453640897 162.16546397829762 86.89519619342128
  endloop
endfacet
facet normal 0.6087614290100803 -0.7933533402901919 1.45829539239567e-13
  outer loop
    vertex 206.98881453641036 162.1654639782999 90.89519619346802
    vertex 207.2994747081884 162.40384191219496 86.8951961934212
    vertex 207.29947470818985 162.40384191219724 90.89519619346784
  endloop
endfacet
facet normal 1.971632736130595e-13 4.217981519619716e-13 1.0
  outer loop
    vertex 288.09202866568614 103.52517467521253 88.8951961934573
    vertex 284.24202866567794 107.11294537793923 88.89519619345842
    vertex 278.0920286656861 103.52517467520923 88.8951961934592
  endloop
endfacet
facet normal 1.971632736130595e-13 4.217981519619716e-13 1.0
  outer loop
    vertex 284.24202866567794 107.11294537793923 88.89519619345842
    vertex 288.09202866568614 103.52517467521253 88.8951961934573
    vertex 284.71837426240637 107.47845820991522 88.89519619345818
  endloop
endfacet
facet normal 1.971632736130595e-13 4.217981519619716e-13 1.0
  outer loop
    vertex 284.71837426240637 107.47845820991522 88.89519619345818
    vertex 288.09202866568614 103.52517467521253 88.8951961934573
    vertex 285.0838870943807 107.95480380664488 88.89519619345793
  endloop
endfacet
facet normal 1.971632736130595e-13 4.217981519619716e-13 1.0
  outer loop
    vertex 285.0838870943807 107.95480380664488 88.89519619345793
    vertex 288.09202866568614 103.52517467521253 88.8951961934573
    vertex 288.09202866566926 113.5251746752125 88.89519619345299
  endloop
endfacet
facet normal 1.971632736130595e-13 4.217981519619716e-13 1.0
  outer loop
    vertex 278.0920286656861 103.52517467520923 88.8951961934592
    vertex 284.24202866567794 107.11294537793923 88.89519619345842
    vertex 283.6873124694141 106.88317440617763 88.89519619345864
  endloop
endfacet
facet normal 1.971632736130595e-13 4.217981519619716e-13 1.0
  outer loop
    vertex 278.0920286656861 103.52517467520923 88.8951961934592
    vertex 283.6873124694141 106.88317440617763 88.89519619345864
    vertex 283.09202866567847 106.8048038066415 88.89519619345877
  endloop
endfacet
facet normal 1.971632736130595e-13 4.217981519619716e-13 1.0
  outer loop
    vertex 285.0838870943807 107.95480380664488 88.89519619345793
    vertex 288.09202866566926 113.5251746752125 88.89519619345299
    vertex 285.3136580661404 108.50952000290948 88.89519619345764
  endloop
endfacet
facet normal 1.971632736130595e-13 4.217981519619716e-13 1.0
  outer loop
    vertex 285.3136580661404 108.50952000290948 88.89519619345764
    vertex 288.09202866566926 113.5251746752125 88.89519619345299
    vertex 285.39202866567456 109.1048038066454 88.89519619345737
  endloop
endfacet
facet normal 1.971632736130595e-13 4.217981519619716e-13 1.0
  outer loop
    vertex 285.39202866567456 109.1048038066454 88.89519619345737
    vertex 288.09202866566926 113.5251746752125 88.89519619345299
    vertex 285.31365806613843 109.7000876103811 88.89519619345712
  endloop
endfacet
facet normal 1.971632736130595e-13 4.217981519619716e-13 1.0
  outer loop
    vertex 285.31365806613843 109.7000876103811 88.89519619345712
    vertex 288.09202866566926 113.5251746752125 88.89519619345299
    vertex 285.08388709437685 110.2548038066449 88.89519619345694
  endloop
endfacet
facet normal 1.971632736130595e-13 4.217981519619716e-13 1.0
  outer loop
    vertex 285.08388709437685 110.2548038066449 88.89519619345694
    vertex 288.09202866566926 113.5251746752125 88.89519619345299
    vertex 284.71837426240086 110.73114940337334 88.89519619345683
  endloop
endfacet
facet normal 1.971632736130595e-13 4.217981519619716e-13 1.0
  outer loop
    vertex 284.71837426240086 110.73114940337334 88.89519619345683
    vertex 288.09202866566926 113.5251746752125 88.89519619345299
    vertex 284.24202866567117 111.09666223534771 88.89519619345674
  endloop
endfacet
facet normal 1.971632736130595e-13 4.217981519619716e-13 1.0
  outer loop
    vertex 284.24202866567117 111.09666223534771 88.89519619345674
    vertex 288.09202866566926 113.5251746752125 88.89519619345299
    vertex 283.6873124694066 111.3264332071074 88.89519619345673
  endloop
endfacet
facet normal 1.971632736130595e-13 4.217981519619716e-13 1.0
  outer loop
    vertex 283.6873124694066 111.3264332071074 88.89519619345673
    vertex 288.09202866566926 113.5251746752125 88.89519619345299
    vertex 283.0920286656707 111.40480380664154 88.89519619345684
  endloop
endfacet
facet normal 1.971632736130595e-13 4.217981519619716e-13 1.0
  outer loop
    vertex 278.0920286656861 103.52517467520923 88.8951961934592
    vertex 281.10017023697225 107.95480380663815 88.89519619345869
    vertex 278.0920286656692 113.52517467519631 88.89519619345508
  endloop
endfacet
facet normal 1.971632736130595e-13 4.217981519619716e-13 1.0
  outer loop
    vertex 281.10017023697225 107.95480380663815 88.89519619345869
    vertex 278.0920286656861 103.52517467520923 88.8951961934592
    vertex 281.46568306894824 107.47845820990972 88.89519619345884
  endloop
endfacet
facet normal 1.971632736130595e-13 4.217981519619716e-13 1.0
  outer loop
    vertex 281.46568306894824 107.47845820990972 88.89519619345884
    vertex 278.0920286656861 103.52517467520923 88.8951961934592
    vertex 281.94202866567787 107.11294537793535 88.89519619345889
  endloop
endfacet
facet normal 1.971632736130595e-13 4.217981519619716e-13 1.0
  outer loop
    vertex 281.94202866567787 107.11294537793535 88.89519619345889
    vertex 278.0920286656861 103.52517467520923 88.8951961934592
    vertex 282.49674486194255 106.88317440617564 88.89519619345884
  endloop
endfacet
facet normal 1.971632736130595e-13 4.217981519619716e-13 1.0
  outer loop
    vertex 282.49674486194255 106.88317440617564 88.89519619345884
    vertex 278.0920286656861 103.52517467520923 88.8951961934592
    vertex 283.09202866567847 106.8048038066415 88.89519619345877
  endloop
endfacet
facet normal 1.971632736130595e-13 4.217981519619716e-13 1.0
  outer loop
    vertex 278.0920286656692 113.52517467519631 88.89519619345508
    vertex 281.10017023697225 107.95480380663815 88.89519619345869
    vertex 280.87039926521066 108.509520002902 88.8951961934585
  endloop
endfacet
facet normal 1.971632736130595e-13 4.217981519619716e-13 1.0
  outer loop
    vertex 278.0920286656692 113.52517467519631 88.89519619345508
    vertex 280.87039926521066 108.509520002902 88.8951961934585
    vertex 280.79202866567454 109.10480380663765 88.89519619345826
  endloop
endfacet
facet normal 1.971632736130595e-13 4.217981519619716e-13 1.0
  outer loop
    vertex 278.0920286656692 113.52517467519631 88.89519619345508
    vertex 280.79202866567454 109.10480380663765 88.89519619345826
    vertex 280.8703992652087 109.70008761037359 88.89519619345799
  endloop
endfacet
facet normal 1.971632736130595e-13 4.217981519619716e-13 1.0
  outer loop
    vertex 278.0920286656692 113.52517467519631 88.89519619345508
    vertex 280.8703992652087 109.70008761037359 88.89519619345799
    vertex 281.1001702369684 110.25480380663818 88.89519619345774
  endloop
endfacet
facet normal 1.971632736130595e-13 4.217981519619716e-13 1.0
  outer loop
    vertex 278.0920286656692 113.52517467519631 88.89519619345508
    vertex 281.1001702369684 110.25480380663818 88.89519619345774
    vertex 281.4656830689427 110.73114940336784 88.89519619345744
  endloop
endfacet
facet normal 1.971632736130595e-13 4.217981519619716e-13 1.0
  outer loop
    vertex 278.0920286656692 113.52517467519631 88.89519619345508
    vertex 281.4656830689427 110.73114940336784 88.89519619345744
    vertex 281.94202866567116 111.09666223534383 88.89519619345717
  endloop
endfacet
facet normal 1.971632736130595e-13 4.217981519619716e-13 1.0
  outer loop
    vertex 278.0920286656692 113.52517467519631 88.89519619345508
    vertex 281.94202866567116 111.09666223534383 88.89519619345717
    vertex 282.49674486193504 111.32643320710542 88.89519619345702
  endloop
endfacet
facet normal 1.971632736130595e-13 4.217981519619716e-13 1.0
  outer loop
    vertex 278.0920286656692 113.52517467519631 88.89519619345508
    vertex 282.49674486193504 111.32643320710542 88.89519619345702
    vertex 283.0920286656707 111.40480380664154 88.89519619345684
  endloop
endfacet
facet normal 1.971632736130595e-13 4.217981519619716e-13 1.0
  outer loop
    vertex 278.0920286656692 113.52517467519631 88.89519619345508
    vertex 283.0920286656707 111.40480380664154 88.89519619345684
    vertex 288.09202866566926 113.5251746752125 88.89519619345299
  endloop
endfacet
facet normal 0.9238795325106547 0.3826834323666162 -2.9315065944457566e-13
  outer loop
    vertex 206.7504366025166 160.35480380651967 90.89519619346864
    vertex 206.6005859687576 160.71657523886336 86.89519619342182
    vertex 206.60058596875905 160.71657523886566 90.89519619346856
  endloop
endfacet
facet normal 0.9238795325106547 0.3826834323666162 -2.9315065944457566e-13
  outer loop
    vertex 206.6005859687576 160.71657523886336 86.89519619342182
    vertex 206.7504366025166 160.35480380651967 90.89519619346864
    vertex 206.75043660251512 160.3548038065174 86.89519619342194
  endloop
endfacet
facet normal 0.9914448613740392 -0.13052619221831502 -1.3911425279832334e-13
  outer loop
    vertex 206.54947470819204 161.10480380651933 90.89519619346841
    vertex 206.6005859687563 161.49303237417092 86.89519619342158
    vertex 206.60058596875774 161.49303237417317 90.89519619346831
  endloop
endfacet
facet normal 0.9914448613740392 -0.13052619221831502 -1.3911425279832334e-13
  outer loop
    vertex 206.6005859687563 161.49303237417092 86.89519619342158
    vertex 206.54947470819204 161.10480380651933 90.89519619346841
    vertex 206.5494747081906 161.10480380651705 86.89519619342175
  endloop
endfacet
facet normal -0.13052619221836415 -0.9914448613740326 3.45348364985527e-13
  outer loop
    vertex 208.43770327584198 162.55369254595385 86.89519619342094
    vertex 208.04947470818945 162.60480380652186 90.89519619346765
    vertex 208.04947470818806 162.60480380651958 86.89519619342097
  endloop
endfacet
facet normal -0.13052619221836415 -0.9914448613740326 3.45348364985527e-13
  outer loop
    vertex 208.04947470818945 162.60480380652186 90.89519619346765
    vertex 208.43770327584198 162.55369254595385 86.89519619342094
    vertex 208.43770327584338 162.55369254595612 90.8951961934676
  endloop
endfacet
facet normal 0.1305261922217119 -0.9914448613735919 2.9757548673682173e-13
  outer loop
    vertex 208.04947470818806 162.60480380651958 86.89519619342097
    vertex 207.66124614053578 162.55369254595482 90.89519619346777
    vertex 207.6612461405343 162.55369254595254 86.89519619342103
  endloop
endfacet
facet normal 0.1305261922217119 -0.9914448613735919 2.9757548673682173e-13
  outer loop
    vertex 207.66124614053578 162.55369254595482 90.89519619346777
    vertex 208.04947470818806 162.60480380651958 86.89519619342097
    vertex 208.04947470818945 162.60480380652186 90.89519619346765
  endloop
endfacet
facet normal -0.9914448613740392 0.13052619221831502 1.3911425279832334e-13
  outer loop
    vertex 209.54947470819056 161.10480380652214 86.8951961934212
    vertex 209.49836344762625 160.71657523887055 90.89519619346802
    vertex 209.54947470819198 161.1048038065244 90.89519619346785
  endloop
endfacet
facet normal -0.9914448613740392 0.13052619221831502 1.3911425279832334e-13
  outer loop
    vertex 209.49836344762625 160.71657523887055 90.89519619346802
    vertex 209.54947470819056 161.10480380652214 86.8951961934212
    vertex 209.4983634476249 160.71657523886827 86.8951961934213
  endloop
endfacet
facet normal 0.7933533402922242 -0.608761429007432 5.2197705540968495e-14
  outer loop
    vertex 206.75043660251407 161.85480380651967 90.89519619346812
    vertex 206.98881453640897 162.16546397829762 86.89519619342128
    vertex 206.98881453641036 162.1654639782999 90.89519619346802
  endloop
endfacet
facet normal 0.7933533402922242 -0.608761429007432 5.2197705540968495e-14
  outer loop
    vertex 206.98881453640897 162.16546397829762 86.89519619342128
    vertex 206.75043660251407 161.85480380651967 90.89519619346812
    vertex 206.7504366025126 161.8548038065174 86.89519619342147
  endloop
endfacet
facet normal -0.9238795325106547 -0.3826834323666162 2.9315065944457566e-13
  outer loop
    vertex 209.34851281386602 161.85480380652177 86.89519619342097
    vertex 209.49836344762494 161.49303237417809 90.89519619346778
    vertex 209.34851281386742 161.85480380652407 90.89519619346767
  endloop
endfacet
facet normal -0.9238795325106547 -0.3826834323666162 2.9315065944457566e-13
  outer loop
    vertex 209.49836344762494 161.49303237417809 90.89519619346778
    vertex 209.34851281386602 161.85480380652177 86.89519619342097
    vertex 209.49836344762357 161.4930323741758 86.89519619342104
  endloop
endfacet
facet normal -0.9914448613735984 -0.13052619222166278 2.2375678363603833e-13
  outer loop
    vertex 209.49836344762357 161.4930323741758 86.89519619342104
    vertex 209.54947470819198 161.1048038065244 90.89519619346785
    vertex 209.49836344762494 161.49303237417809 90.89519619346778
  endloop
endfacet
facet normal -0.9914448613735984 -0.13052619222166278 2.2375678363603833e-13
  outer loop
    vertex 209.54947470819198 161.1048038065244 90.89519619346785
    vertex 209.49836344762357 161.4930323741758 86.89519619342104
    vertex 209.54947470819056 161.10480380652214 86.8951961934212
  endloop
endfacet
facet normal 0.9238795325119468 -0.3826834323634965 -4.499131552952768e-14
  outer loop
    vertex 206.6005859687563 161.49303237417092 86.89519619342158
    vertex 206.75043660251407 161.85480380651967 90.89519619346812
    vertex 206.60058596875774 161.49303237417317 90.89519619346831
  endloop
endfacet
facet normal 0.9238795325119468 -0.3826834323634965 -4.499131552952768e-14
  outer loop
    vertex 206.75043660251407 161.85480380651967 90.89519619346812
    vertex 206.6005859687563 161.49303237417092 86.89519619342158
    vertex 206.7504366025126 161.8548038065174 86.89519619342147
  endloop
endfacet
facet normal 2.1746703228741056e-13 4.217981519620059e-13 1.0
  outer loop
    vertex 338.0920286655955 154.68443293818194 88.89519619342457
    vertex 333.6873124693297 156.88317440626213 88.89519619342488
    vertex 328.0920286655956 154.68443293816506 88.89519619342683
  endloop
endfacet
facet normal 2.1746703228741056e-13 4.217981519620059e-13 1.0
  outer loop
    vertex 333.6873124693297 156.88317440626213 88.89519619342488
    vertex 338.0920286655955 154.68443293818194 88.89519619342457
    vertex 334.2420286655935 157.11294537802368 88.89519619342464
  endloop
endfacet
facet normal 2.1746703228741056e-13 4.217981519620059e-13 1.0
  outer loop
    vertex 334.2420286655935 157.11294537802368 88.89519619342464
    vertex 338.0920286655955 154.68443293818194 88.89519619342457
    vertex 334.71837426232196 157.47845820999964 88.89519619342437
  endloop
endfacet
facet normal 2.1746703228741056e-13 4.217981519620059e-13 1.0
  outer loop
    vertex 334.71837426232196 157.47845820999964 88.89519619342437
    vertex 338.0920286655955 154.68443293818194 88.89519619342457
    vertex 335.0838870942963 157.95480380672933 88.89519619342408
  endloop
endfacet
facet normal 2.1746703228741056e-13 4.217981519620059e-13 1.0
  outer loop
    vertex 335.0838870942963 157.95480380672933 88.89519619342408
    vertex 338.0920286655955 154.68443293818194 88.89519619342457
    vertex 338.09202866557865 164.68443293818126 88.89519619342043
  endloop
endfacet
facet normal 2.1746703228741056e-13 4.217981519620059e-13 1.0
  outer loop
    vertex 328.0920286655956 154.68443293816506 88.89519619342683
    vertex 333.6873124693297 156.88317440626213 88.89519619342488
    vertex 333.09202866559406 156.80480380672597 88.89519619342501
  endloop
endfacet
facet normal 2.1746703228741056e-13 4.217981519620059e-13 1.0
  outer loop
    vertex 335.0838870942963 157.95480380672933 88.89519619342408
    vertex 338.09202866557865 164.68443293818126 88.89519619342043
    vertex 335.313658066056 158.5095200029939 88.89519619342379
  endloop
endfacet
facet normal 2.1746703228741056e-13 4.217981519620059e-13 1.0
  outer loop
    vertex 335.313658066056 158.5095200029939 88.89519619342379
    vertex 338.09202866557865 164.68443293818126 88.89519619342043
    vertex 335.3920286655902 159.10480380672985 88.89519619342354
  endloop
endfacet
facet normal 2.1746703228741056e-13 4.217981519620059e-13 1.0
  outer loop
    vertex 335.3920286655902 159.10480380672985 88.89519619342354
    vertex 338.09202866557865 164.68443293818126 88.89519619342043
    vertex 335.313658066054 159.7000876104655 88.89519619342332
  endloop
endfacet
facet normal 2.1746703228741056e-13 4.217981519620059e-13 1.0
  outer loop
    vertex 335.313658066054 159.7000876104655 88.89519619342332
    vertex 338.09202866557865 164.68443293818126 88.89519619342043
    vertex 335.08388709429244 160.2548038067293 88.89519619342313
  endloop
endfacet
facet normal 2.1746703228741056e-13 4.217981519620059e-13 1.0
  outer loop
    vertex 335.08388709429244 160.2548038067293 88.89519619342313
    vertex 338.09202866557865 164.68443293818126 88.89519619342043
    vertex 334.71837426231644 160.73114940345775 88.89519619342302
  endloop
endfacet
facet normal 2.1746703228741056e-13 4.217981519620059e-13 1.0
  outer loop
    vertex 334.71837426231644 160.73114940345775 88.89519619342302
    vertex 338.09202866557865 164.68443293818126 88.89519619342043
    vertex 334.24202866558676 161.0966622354321 88.89519619342293
  endloop
endfacet
facet normal 2.1746703228741056e-13 4.217981519620059e-13 1.0
  outer loop
    vertex 334.24202866558676 161.0966622354321 88.89519619342293
    vertex 338.09202866557865 164.68443293818126 88.89519619342043
    vertex 333.68731246932225 161.32643320719183 88.89519619342296
  endloop
endfacet
facet normal 2.1746703228741056e-13 4.217981519620059e-13 1.0
  outer loop
    vertex 333.68731246932225 161.32643320719183 88.89519619342296
    vertex 338.09202866557865 164.68443293818126 88.89519619342043
    vertex 333.0920286655863 161.40480380672597 88.89519619342308
  endloop
endfacet
facet normal 2.1746703228741056e-13 4.217981519620059e-13 1.0
  outer loop
    vertex 328.0920286655956 154.68443293816506 88.89519619342683
    vertex 331.10017023688795 157.95480380672257 88.89519619342495
    vertex 328.0920286655787 164.68443293816506 88.89519619342252
  endloop
endfacet
facet normal 2.1746703228741056e-13 4.217981519620059e-13 1.0
  outer loop
    vertex 331.10017023688795 157.95480380672257 88.89519619342495
    vertex 328.0920286655956 154.68443293816506 88.89519619342683
    vertex 331.4656830688638 157.47845820999416 88.89519619342506
  endloop
endfacet
facet normal 2.1746703228741056e-13 4.217981519620059e-13 1.0
  outer loop
    vertex 331.4656830688638 157.47845820999416 88.89519619342506
    vertex 328.0920286655956 154.68443293816506 88.89519619342683
    vertex 331.9420286655935 157.11294537801982 88.89519619342512
  endloop
endfacet
facet normal 2.1746703228741056e-13 4.217981519620059e-13 1.0
  outer loop
    vertex 331.9420286655935 157.11294537801982 88.89519619342512
    vertex 328.0920286655956 154.68443293816506 88.89519619342683
    vertex 332.49674486185813 156.88317440626008 88.89519619342508
  endloop
endfacet
facet normal 2.1746703228741056e-13 4.217981519620059e-13 1.0
  outer loop
    vertex 332.49674486185813 156.88317440626008 88.89519619342508
    vertex 328.0920286655956 154.68443293816506 88.89519619342683
    vertex 333.09202866559406 156.80480380672597 88.89519619342501
  endloop
endfacet
facet normal 2.1746703228741056e-13 4.217981519620059e-13 1.0
  outer loop
    vertex 328.0920286655787 164.68443293816506 88.89519619342252
    vertex 331.10017023688795 157.95480380672257 88.89519619342495
    vertex 330.8703992651263 158.50952000298642 88.89519619342478
  endloop
endfacet
facet normal 2.1746703228741056e-13 4.217981519620059e-13 1.0
  outer loop
    vertex 328.0920286655787 164.68443293816506 88.89519619342252
    vertex 330.8703992651263 158.50952000298642 88.89519619342478
    vertex 330.7920286655902 159.10480380672206 88.89519619342454
  endloop
endfacet
facet normal 2.1746703228741056e-13 4.217981519620059e-13 1.0
  outer loop
    vertex 328.0920286655787 164.68443293816506 88.89519619342252
    vertex 330.7920286655902 159.10480380672206 88.89519619342454
    vertex 330.8703992651243 159.700087610458 88.89519619342425
  endloop
endfacet
facet normal 2.1746703228741056e-13 4.217981519620059e-13 1.0
  outer loop
    vertex 328.0920286655787 164.68443293816506 88.89519619342252
    vertex 330.8703992651243 159.700087610458 88.89519619342425
    vertex 331.100170236884 160.25480380672258 88.89519619342397
  endloop
endfacet
facet normal 2.1746703228741056e-13 4.217981519620059e-13 1.0
  outer loop
    vertex 328.0920286655787 164.68443293816506 88.89519619342252
    vertex 331.100170236884 160.25480380672258 88.89519619342397
    vertex 331.4656830688583 160.73114940345226 88.89519619342371
  endloop
endfacet
facet normal 2.1746703228741056e-13 4.217981519620059e-13 1.0
  outer loop
    vertex 328.0920286655787 164.68443293816506 88.89519619342252
    vertex 331.4656830688583 160.73114940345226 88.89519619342371
    vertex 331.94202866558675 161.09666223542823 88.89519619342344
  endloop
endfacet
facet normal 2.1746703228741056e-13 4.217981519620059e-13 1.0
  outer loop
    vertex 328.0920286655787 164.68443293816506 88.89519619342252
    vertex 331.94202866558675 161.09666223542823 88.89519619342344
    vertex 332.4967448618507 161.32643320718978 88.89519619342326
  endloop
endfacet
facet normal 2.1746703228741056e-13 4.217981519620059e-13 1.0
  outer loop
    vertex 328.0920286655787 164.68443293816506 88.89519619342252
    vertex 332.4967448618507 161.32643320718978 88.89519619342326
    vertex 333.0920286655863 161.40480380672597 88.89519619342308
  endloop
endfacet
facet normal 2.1746703228741056e-13 4.217981519620059e-13 1.0
  outer loop
    vertex 328.0920286655787 164.68443293816506 88.89519619342252
    vertex 333.0920286655863 161.40480380672597 88.89519619342308
    vertex 338.09202866557865 164.68443293818126 88.89519619342043
  endloop
endfacet
facet normal 2.1746703228741056e-13 4.217981519620059e-13 1.0
  outer loop
    vertex 338.0920286656819 103.52517467529428 88.89519619344678
    vertex 334.24202866567794 107.1129453780237 88.89519619344618
    vertex 328.092028665682 103.5251746752774 88.89519619344905
  endloop
endfacet
facet normal 2.1746703228741056e-13 4.217981519620059e-13 1.0
  outer loop
    vertex 334.24202866567794 107.1129453780237 88.89519619344618
    vertex 338.0920286656819 103.52517467529428 88.89519619344678
    vertex 334.71837426240637 107.47845820999963 88.89519619344591
  endloop
endfacet
facet normal 2.1746703228741056e-13 4.217981519620059e-13 1.0
  outer loop
    vertex 334.71837426240637 107.47845820999963 88.89519619344591
    vertex 338.0920286656819 103.52517467529428 88.89519619344678
    vertex 335.0838870943807 107.9548038067293 88.89519619344561
  endloop
endfacet
facet normal 2.1746703228741056e-13 4.217981519620059e-13 1.0
  outer loop
    vertex 335.0838870943807 107.9548038067293 88.89519619344561
    vertex 338.0920286656819 103.52517467529428 88.89519619344678
    vertex 338.092028665665 113.52517467529358 88.89519619344266
  endloop
endfacet
facet normal 2.1746703228741056e-13 4.217981519620059e-13 1.0
  outer loop
    vertex 328.092028665682 103.5251746752774 88.89519619344905
    vertex 334.24202866567794 107.1129453780237 88.89519619344618
    vertex 333.6873124694141 106.8831744062621 88.89519619344642
  endloop
endfacet
facet normal 2.1746703228741056e-13 4.217981519620059e-13 1.0
  outer loop
    vertex 328.092028665682 103.5251746752774 88.89519619344905
    vertex 333.6873124694141 106.8831744062621 88.89519619344642
    vertex 333.09202866567847 106.80480380672593 88.8951961934466
  endloop
endfacet
facet normal 2.1746703228741056e-13 4.217981519620059e-13 1.0
  outer loop
    vertex 335.0838870943807 107.9548038067293 88.89519619344561
    vertex 338.092028665665 113.52517467529358 88.89519619344266
    vertex 335.3136580661404 108.50952000299391 88.89519619344532
  endloop
endfacet
facet normal 2.1746703228741056e-13 4.217981519620059e-13 1.0
  outer loop
    vertex 335.3136580661404 108.50952000299391 88.89519619344532
    vertex 338.092028665665 113.52517467529358 88.89519619344266
    vertex 335.3920286656746 109.10480380672982 88.89519619344505
  endloop
endfacet
facet normal 2.1746703228741056e-13 4.217981519620059e-13 1.0
  outer loop
    vertex 335.3920286656746 109.10480380672982 88.89519619344505
    vertex 338.092028665665 113.52517467529358 88.89519619344266
    vertex 335.31365806613843 109.70008761046552 88.8951961934448
  endloop
endfacet
facet normal 2.1746703228741056e-13 4.217981519620059e-13 1.0
  outer loop
    vertex 335.31365806613843 109.70008761046552 88.8951961934448
    vertex 338.092028665665 113.52517467529358 88.89519619344266
    vertex 335.08388709437685 110.25480380672931 88.89519619344463
  endloop
endfacet
facet normal 2.1746703228741056e-13 4.217981519620059e-13 1.0
  outer loop
    vertex 335.08388709437685 110.25480380672931 88.89519619344463
    vertex 338.092028665665 113.52517467529358 88.89519619344266
    vertex 334.71837426240086 110.73114940345775 88.8951961934445
  endloop
endfacet
facet normal 2.1746703228741056e-13 4.217981519620059e-13 1.0
  outer loop
    vertex 334.71837426240086 110.73114940345775 88.8951961934445
    vertex 338.092028665665 113.52517467529358 88.89519619344266
    vertex 334.24202866567117 111.09666223543209 88.89519619344448
  endloop
endfacet
facet normal 2.1746703228741056e-13 4.217981519620059e-13 1.0
  outer loop
    vertex 334.24202866567117 111.09666223543209 88.89519619344448
    vertex 338.092028665665 113.52517467529358 88.89519619344266
    vertex 333.68731246940666 111.32643320719183 88.8951961934445
  endloop
endfacet
facet normal 2.1746703228741056e-13 4.217981519620059e-13 1.0
  outer loop
    vertex 333.68731246940666 111.32643320719183 88.8951961934445
    vertex 338.092028665665 113.52517467529358 88.89519619344266
    vertex 333.09202866567074 111.40480380672597 88.89519619344462
  endloop
endfacet
facet normal 2.1746703228741056e-13 4.217981519620059e-13 1.0
  outer loop
    vertex 328.092028665682 103.5251746752774 88.89519619344905
    vertex 331.10017023697236 107.95480380672257 88.8951961934466
    vertex 328.09202866566505 113.52517467527738 88.89519619344475
  endloop
endfacet
facet normal 2.1746703228741056e-13 4.217981519620059e-13 1.0
  outer loop
    vertex 331.10017023697236 107.95480380672257 88.8951961934466
    vertex 328.092028665682 103.5251746752774 88.89519619344905
    vertex 331.46568306894824 107.47845820999413 88.89519619344671
  endloop
endfacet
facet normal 2.1746703228741056e-13 4.217981519620059e-13 1.0
  outer loop
    vertex 331.46568306894824 107.47845820999413 88.89519619344671
    vertex 328.092028665682 103.5251746752774 88.89519619344905
    vertex 331.94202866567787 107.11294537801982 88.89519619344675
  endloop
endfacet
facet normal 2.1746703228741056e-13 4.217981519620059e-13 1.0
  outer loop
    vertex 331.94202866567787 107.11294537801982 88.89519619344675
    vertex 328.092028665682 103.5251746752774 88.89519619344905
    vertex 332.49674486194255 106.88317440626011 88.89519619344671
  endloop
endfacet
facet normal 2.1746703228741056e-13 4.217981519620059e-13 1.0
  outer loop
    vertex 332.49674486194255 106.88317440626011 88.89519619344671
    vertex 328.092028665682 103.5251746752774 88.89519619344905
    vertex 333.09202866567847 106.80480380672593 88.8951961934466
  endloop
endfacet
facet normal 2.1746703228741056e-13 4.217981519620059e-13 1.0
  outer loop
    vertex 328.09202866566505 113.52517467527738 88.89519619344475
    vertex 331.10017023697236 107.95480380672257 88.8951961934466
    vertex 330.8703992652108 108.50952000298642 88.89519619344641
  endloop
endfacet
facet normal 2.1746703228741056e-13 4.217981519620059e-13 1.0
  outer loop
    vertex 328.09202866566505 113.52517467527738 88.89519619344475
    vertex 330.8703992652108 108.50952000298642 88.89519619344641
    vertex 330.7920286656746 109.10480380672206 88.89519619344617
  endloop
endfacet
facet normal 2.1746703228741056e-13 4.217981519620059e-13 1.0
  outer loop
    vertex 328.09202866566505 113.52517467527738 88.89519619344475
    vertex 330.7920286656746 109.10480380672206 88.89519619344617
    vertex 330.8703992652088 109.70008761045798 88.8951961934459
  endloop
endfacet
facet normal 2.1746703228741056e-13 4.217981519620059e-13 1.0
  outer loop
    vertex 328.09202866566505 113.52517467527738 88.89519619344475
    vertex 330.8703992652088 109.70008761045798 88.8951961934459
    vertex 331.1001702369685 110.25480380672259 88.8951961934456
  endloop
endfacet
facet normal 2.1746703228741056e-13 4.217981519620059e-13 1.0
  outer loop
    vertex 328.09202866566505 113.52517467527738 88.89519619344475
    vertex 331.1001702369685 110.25480380672259 88.8951961934456
    vertex 331.4656830689427 110.73114940345225 88.8951961934453
  endloop
endfacet
facet normal 2.1746703228741056e-13 4.217981519620059e-13 1.0
  outer loop
    vertex 328.09202866566505 113.52517467527738 88.89519619344475
    vertex 331.4656830689427 110.73114940345225 88.8951961934453
    vertex 331.94202866567116 111.09666223542821 88.89519619344503
  endloop
endfacet
facet normal 2.1746703228741056e-13 4.217981519620059e-13 1.0
  outer loop
    vertex 328.09202866566505 113.52517467527738 88.89519619344475
    vertex 331.94202866567116 111.09666223542821 88.89519619344503
    vertex 332.4967448619351 111.3264332071898 88.8951961934448
  endloop
endfacet
facet normal 2.1746703228741056e-13 4.217981519620059e-13 1.0
  outer loop
    vertex 328.09202866566505 113.52517467527738 88.89519619344475
    vertex 332.4967448619351 111.3264332071898 88.8951961934448
    vertex 333.09202866567074 111.40480380672597 88.89519619344462
  endloop
endfacet
facet normal 2.1746703228741056e-13 4.217981519620059e-13 1.0
  outer loop
    vertex 328.09202866566505 113.52517467527738 88.89519619344475
    vertex 333.09202866567074 111.40480380672597 88.89519619344462
    vertex 338.092028665665 113.52517467529358 88.89519619344266
  endloop
endfacet
facet normal 2.1069911272927316e-13 4.3533399107822435e-13 1.0
  outer loop
    vertex 288.09202866559974 154.6844329381002 88.89519619343507
    vertex 283.6873124693297 156.8831744061777 88.8951961934371
    vertex 278.09202866559974 154.6844329380833 88.89519619343726
  endloop
endfacet
facet normal 2.1069911272927316e-13 4.3533399107822435e-13 1.0
  outer loop
    vertex 283.6873124693297 156.8831744061777 88.8951961934371
    vertex 288.09202866559974 154.6844329381002 88.89519619343507
    vertex 284.24202866559347 157.11294537793927 88.89519619343687
  endloop
endfacet
facet normal 2.1069911272927316e-13 4.3533399107822435e-13 1.0
  outer loop
    vertex 284.24202866559347 157.11294537793927 88.89519619343687
    vertex 288.09202866559974 154.6844329381002 88.89519619343507
    vertex 284.71837426232196 157.4784582099152 88.8951961934366
  endloop
endfacet
facet normal 2.1069911272927316e-13 4.3533399107822435e-13 1.0
  outer loop
    vertex 284.71837426232196 157.4784582099152 88.8951961934366
    vertex 288.09202866559974 154.6844329381002 88.89519619343507
    vertex 285.0838870942963 157.9548038066449 88.8951961934363
  endloop
endfacet
facet normal 2.1069911272927316e-13 4.3533399107822435e-13 1.0
  outer loop
    vertex 285.0838870942963 157.9548038066449 88.8951961934363
    vertex 288.09202866559974 154.6844329381002 88.89519619343507
    vertex 288.09202866558286 164.6844329381002 88.89519619343076
  endloop
endfacet
facet normal 2.1069911272927316e-13 4.3533399107822435e-13 1.0
  outer loop
    vertex 278.09202866559974 154.6844329380833 88.89519619343726
    vertex 283.6873124693297 156.8831744061777 88.8951961934371
    vertex 283.092028665594 156.80480380664156 88.89519619343729
  endloop
endfacet
facet normal 2.1069911272927316e-13 4.3533399107822435e-13 1.0
  outer loop
    vertex 285.0838870942963 157.9548038066449 88.8951961934363
    vertex 288.09202866558286 164.6844329381002 88.89519619343076
    vertex 285.31365806605595 158.50952000290948 88.89519619343599
  endloop
endfacet
facet normal 2.1069911272927316e-13 4.3533399107822435e-13 1.0
  outer loop
    vertex 285.31365806605595 158.50952000290948 88.89519619343599
    vertex 288.09202866558286 164.6844329381002 88.89519619343076
    vertex 285.39202866559015 159.10480380664544 88.89519619343572
  endloop
endfacet
facet normal 2.1069911272927316e-13 4.3533399107822435e-13 1.0
  outer loop
    vertex 285.39202866559015 159.10480380664544 88.89519619343572
    vertex 288.09202866558286 164.6844329381002 88.89519619343076
    vertex 285.313658066054 159.70008761038108 88.8951961934355
  endloop
endfacet
facet normal 2.1069911272927316e-13 4.3533399107822435e-13 1.0
  outer loop
    vertex 285.313658066054 159.70008761038108 88.8951961934355
    vertex 288.09202866558286 164.6844329381002 88.89519619343076
    vertex 285.0838870942924 160.2548038066449 88.89519619343531
  endloop
endfacet
facet normal 2.1069911272927316e-13 4.3533399107822435e-13 1.0
  outer loop
    vertex 285.0838870942924 160.2548038066449 88.89519619343531
    vertex 288.09202866558286 164.6844329381002 88.89519619343076
    vertex 284.71837426231644 160.73114940337334 88.8951961934352
  endloop
endfacet
facet normal 2.1069911272927316e-13 4.3533399107822435e-13 1.0
  outer loop
    vertex 284.71837426231644 160.73114940337334 88.8951961934352
    vertex 288.09202866558286 164.6844329381002 88.89519619343076
    vertex 284.24202866558676 161.09666223534768 88.89519619343515
  endloop
endfacet
facet normal 2.1069911272927316e-13 4.3533399107822435e-13 1.0
  outer loop
    vertex 284.24202866558676 161.09666223534768 88.89519619343515
    vertex 288.09202866558286 164.6844329381002 88.89519619343076
    vertex 283.6873124693222 161.3264332071074 88.89519619343518
  endloop
endfacet
facet normal 2.1069911272927316e-13 4.3533399107822435e-13 1.0
  outer loop
    vertex 283.6873124693222 161.3264332071074 88.89519619343518
    vertex 288.09202866558286 164.6844329381002 88.89519619343076
    vertex 283.09202866558627 161.40480380664155 88.8951961934353
  endloop
endfacet
facet normal 2.1069911272927316e-13 4.3533399107822435e-13 1.0
  outer loop
    vertex 278.09202866559974 154.6844329380833 88.89519619343726
    vertex 281.1001702368879 157.95480380663818 88.89519619343727
    vertex 278.09202866558286 164.68443293808397 88.89519619343285
  endloop
endfacet
facet normal 2.1069911272927316e-13 4.3533399107822435e-13 1.0
  outer loop
    vertex 281.1001702368879 157.95480380663818 88.89519619343727
    vertex 278.09202866559974 154.6844329380833 88.89519619343726
    vertex 281.4656830688638 157.47845820990975 88.89519619343739
  endloop
endfacet
facet normal 2.1069911272927316e-13 4.3533399107822435e-13 1.0
  outer loop
    vertex 281.4656830688638 157.47845820990975 88.89519619343739
    vertex 278.09202866559974 154.6844329380833 88.89519619343726
    vertex 281.94202866559345 157.1129453779354 88.89519619343743
  endloop
endfacet
facet normal 2.1069911272927316e-13 4.3533399107822435e-13 1.0
  outer loop
    vertex 281.94202866559345 157.1129453779354 88.89519619343743
    vertex 278.09202866559974 154.6844329380833 88.89519619343726
    vertex 282.49674486185813 156.8831744061757 88.8951961934374
  endloop
endfacet
facet normal 2.1069911272927316e-13 4.3533399107822435e-13 1.0
  outer loop
    vertex 282.49674486185813 156.8831744061757 88.8951961934374
    vertex 278.09202866559974 154.6844329380833 88.89519619343726
    vertex 283.092028665594 156.80480380664156 88.89519619343729
  endloop
endfacet
facet normal 2.1069911272927316e-13 4.3533399107822435e-13 1.0
  outer loop
    vertex 278.09202866558286 164.68443293808397 88.89519619343285
    vertex 281.1001702368879 157.95480380663818 88.89519619343727
    vertex 280.8703992651263 158.509520002902 88.89519619343709
  endloop
endfacet
facet normal 2.1069911272927316e-13 4.3533399107822435e-13 1.0
  outer loop
    vertex 278.09202866558286 164.68443293808397 88.89519619343285
    vertex 280.8703992651263 158.509520002902 88.89519619343709
    vertex 280.7920286655901 159.10480380663765 88.89519619343686
  endloop
endfacet
facet normal 2.1069911272927316e-13 4.3533399107822435e-13 1.0
  outer loop
    vertex 278.09202866558286 164.68443293808397 88.89519619343285
    vertex 280.7920286655901 159.10480380663765 88.89519619343686
    vertex 280.8703992651243 159.70008761037357 88.89519619343658
  endloop
endfacet
facet normal 2.1069911272927316e-13 4.3533399107822435e-13 1.0
  outer loop
    vertex 278.09202866558286 164.68443293808397 88.89519619343285
    vertex 280.8703992651243 159.70008761037357 88.89519619343658
    vertex 281.100170236884 160.25480380663817 88.89519619343628
  endloop
endfacet
facet normal 2.1069911272927316e-13 4.3533399107822435e-13 1.0
  outer loop
    vertex 278.09202866558286 164.68443293808397 88.89519619343285
    vertex 281.100170236884 160.25480380663817 88.89519619343628
    vertex 281.4656830688583 160.73114940336785 88.89519619343599
  endloop
endfacet
facet normal 2.1069911272927316e-13 4.3533399107822435e-13 1.0
  outer loop
    vertex 278.09202866558286 164.68443293808397 88.89519619343285
    vertex 281.4656830688583 160.73114940336785 88.89519619343599
    vertex 281.94202866558675 161.09666223534379 88.89519619343572
  endloop
endfacet
facet normal 2.1069911272927316e-13 4.3533399107822435e-13 1.0
  outer loop
    vertex 278.09202866558286 164.68443293808397 88.89519619343285
    vertex 281.94202866558675 161.09666223534379 88.89519619343572
    vertex 282.49674486185063 161.32643320710537 88.89519619343548
  endloop
endfacet
facet normal 2.1069911272927316e-13 4.3533399107822435e-13 1.0
  outer loop
    vertex 278.09202866558286 164.68443293808397 88.89519619343285
    vertex 282.49674486185063 161.32643320710537 88.89519619343548
    vertex 283.09202866558627 161.40480380664155 88.8951961934353
  endloop
endfacet
facet normal 2.1069911272927316e-13 4.3533399107822435e-13 1.0
  outer loop
    vertex 278.09202866558286 164.68443293808397 88.89519619343285
    vertex 283.09202866558627 161.40480380664155 88.8951961934353
    vertex 288.09202866558286 164.6844329381002 88.89519619343076
  endloop
endfacet
facet normal 0.9914448613740235 -0.1305261922184331 -1.6055086501923942e-13
  outer loop
    vertex 330.7920286655897 159.10480380672124 86.89519619342458
    vertex 330.8703992651243 159.700087610458 88.89519619342425
    vertex 330.7920286655902 159.10480380672206 88.89519619342454
  endloop
endfacet
facet normal 0.9914448613740235 -0.1305261922184331 -1.6055086501923942e-13
  outer loop
    vertex 330.8703992651243 159.700087610458 88.89519619342425
    vertex 330.7920286655897 159.10480380672124 86.89519619342458
    vertex 330.8703992651239 159.70008761045716 86.89519619342435
  endloop
endfacet
facet normal 0.9238795325119324 -0.38268343236353114 -3.949817556903545e-14
  outer loop
    vertex 330.8703992651239 159.70008761045716 86.89519619342435
    vertex 331.100170236884 160.25480380672258 88.89519619342397
    vertex 330.8703992651243 159.700087610458 88.89519619342425
  endloop
endfacet
facet normal 0.9238795325119324 -0.38268343236353114 -3.949817556903545e-14
  outer loop
    vertex 331.100170236884 160.25480380672258 88.89519619342397
    vertex 330.8703992651239 159.70008761045716 86.89519619342435
    vertex 331.1001702368836 160.25480380672172 86.89519619342406
  endloop
endfacet
facet normal -1.0 -1.701876497127019e-12 2.6709844238097504e-13
  outer loop
    vertex 328.092028665578 164.68443293816355 86.89519619342252
    vertex 328.0920286655956 154.68443293816506 88.89519619342683
    vertex 328.0920286655787 164.68443293816506 88.89519619342252
  endloop
endfacet
facet normal -1.0 -1.701876497127019e-12 2.6709844238097504e-13
  outer loop
    vertex 328.0920286655956 154.68443293816506 88.89519619342683
    vertex 328.092028665578 164.68443293816355 86.89519619342252
    vertex 328.09202866559514 154.6844329381642 86.89519619342683
  endloop
endfacet
facet normal 1.0 1.7018764971270202e-12 -2.6709844238097504e-13
  outer loop
    vertex 338.0920286655955 154.68443293818194 88.89519619342457
    vertex 338.09202866557797 164.68443293817975 86.89519619342043
    vertex 338.09202866557865 164.68443293818126 88.89519619342043
  endloop
endfacet
facet normal 1.0 1.7018764971270202e-12 -2.6709844238097504e-13
  outer loop
    vertex 338.09202866557797 164.68443293817975 86.89519619342043
    vertex 338.0920286655955 154.68443293818194 88.89519619342457
    vertex 338.0920286655951 154.6844329381811 86.89519619342457
  endloop
endfacet
facet normal 0.9914448613735828 0.13052619222178086 -2.7066227834130095e-13
  outer loop
    vertex 330.8703992651259 158.50952000298557 86.89519619342482
    vertex 330.7920286655902 159.10480380672206 88.89519619342454
    vertex 330.8703992651263 158.50952000298642 88.89519619342478
  endloop
endfacet
facet normal 0.9914448613735828 0.13052619222178086 -2.7066227834130095e-13
  outer loop
    vertex 330.7920286655902 159.10480380672206 88.89519619342454
    vertex 330.8703992651259 158.50952000298557 86.89519619342482
    vertex 330.7920286655897 159.10480380672124 86.89519619342458
  endloop
endfacet
facet normal 0.3826834323635178 0.923879532511938 -4.729117097907116e-13
  outer loop
    vertex 332.49674486185813 156.88317440626008 88.89519619342508
    vertex 331.94202866559317 157.11294537801896 86.8951961934252
    vertex 331.9420286655935 157.11294537801982 88.89519619342512
  endloop
endfacet
facet normal 0.3826834323635178 0.923879532511938 -4.729117097907116e-13
  outer loop
    vertex 331.94202866559317 157.11294537801896 86.8951961934252
    vertex 332.49674486185813 156.88317440626008 88.89519619342508
    vertex 332.49674486185774 156.88317440625926 86.89519619342518
  endloop
endfacet
facet normal 0.9238795325106401 0.38268343236665076 -3.623285046848997e-13
  outer loop
    vertex 331.10017023688755 157.95480380672177 86.89519619342501
    vertex 330.8703992651263 158.50952000298642 88.89519619342478
    vertex 331.10017023688795 157.95480380672257 88.89519619342495
  endloop
endfacet
facet normal 0.9238795325106401 0.38268343236665076 -3.623285046848997e-13
  outer loop
    vertex 330.8703992651263 158.50952000298642 88.89519619342478
    vertex 331.10017023688755 157.95480380672177 86.89519619342501
    vertex 330.8703992651259 158.50952000298557 86.89519619342482
  endloop
endfacet
facet normal -0.13052619222172784 0.9914448613735899 -3.898044666413721e-13
  outer loop
    vertex 333.6873124693297 156.88317440626213 88.89519619342488
    vertex 333.0920286655936 156.80480380672512 86.89519619342506
    vertex 333.09202866559406 156.80480380672597 88.89519619342501
  endloop
endfacet
facet normal -0.13052619222172784 0.9914448613735899 -3.898044666413721e-13
  outer loop
    vertex 333.0920286655936 156.80480380672512 86.89519619342506
    vertex 333.6873124693297 156.88317440626213 88.89519619342488
    vertex 333.6873124693293 156.88317440626125 86.89519619342488
  endloop
endfacet
facet normal 0.13052619221838008 0.9914448613740307 -4.465747539573004e-13
  outer loop
    vertex 333.09202866559406 156.80480380672597 88.89519619342501
    vertex 332.49674486185774 156.88317440625926 86.89519619342518
    vertex 332.49674486185813 156.88317440626008 88.89519619342508
  endloop
endfacet
facet normal 0.13052619221838008 0.9914448613740307 -4.465747539573004e-13
  outer loop
    vertex 332.49674486185774 156.88317440625926 86.89519619342518
    vertex 333.09202866559406 156.80480380672597 88.89519619342501
    vertex 333.0920286655936 156.80480380672512 86.89519619342506
  endloop
endfacet
facet normal -1.0 -1.7018764971270178e-12 2.6709844238097464e-13
  outer loop
    vertex 278.09202866558286 164.68443293808397 88.89519619343285
    vertex 278.0920286655993 154.68443293808244 86.89519619343726
    vertex 278.09202866559974 154.6844329380833 88.89519619343726
  endloop
endfacet
facet normal -1.0 -1.7018764971270178e-12 2.6709844238097464e-13
  outer loop
    vertex 278.0920286655993 154.68443293808244 86.89519619343726
    vertex 278.09202866558286 164.68443293808397 88.89519619343285
    vertex 278.0920286655822 164.6844329380825 86.89519619343285
  endloop
endfacet
facet normal 1.6883406580109022e-12 -1.0 4.217981519616387e-13
  outer loop
    vertex 328.09202866559514 154.6844329381642 86.89519619342683
    vertex 338.0920286655955 154.68443293818194 88.89519619342457
    vertex 328.0920286655956 154.68443293816506 88.89519619342683
  endloop
endfacet
facet normal 1.6883406580109022e-12 -1.0 4.217981519616387e-13
  outer loop
    vertex 338.0920286655955 154.68443293818194 88.89519619342457
    vertex 328.09202866559514 154.6844329381642 86.89519619342683
    vertex 338.0920286655951 154.6844329381811 86.89519619342457
  endloop
endfacet
facet normal -0.6087614290073841 -0.793353340292261 4.670205141254389e-13
  outer loop
    vertex 334.2420286655864 161.09666223543127 86.89519619342302
    vertex 334.71837426231644 160.73114940345775 88.89519619342302
    vertex 334.24202866558676 161.0966622354321 88.89519619342293
  endloop
endfacet
facet normal -0.6087614290073841 -0.793353340292261 4.670205141254389e-13
  outer loop
    vertex 334.71837426231644 160.73114940345775 88.89519619342302
    vertex 334.2420286655864 161.09666223543127 86.89519619342302
    vertex 334.7183742623161 160.73114940345693 86.89519619342306
  endloop
endfacet
facet normal -0.793353340292277 0.6087614290073632 -8.424624927239003e-14
  outer loop
    vertex 335.0838870942959 157.95480380672848 86.89519619342417
    vertex 334.71837426232196 157.47845820999964 88.89519619342437
    vertex 335.0838870942963 157.95480380672933 88.89519619342408
  endloop
endfacet
facet normal -0.793353340292277 0.6087614290073632 -8.424624927239003e-14
  outer loop
    vertex 334.71837426232196 157.47845820999964 88.89519619342437
    vertex 335.0838870942959 157.95480380672848 86.89519619342417
    vertex 334.7183742623216 157.4784582099988 86.89519619342443
  endloop
endfacet
facet normal -0.38268343236663743 0.9238795325106457 -3.2156510450750023e-13
  outer loop
    vertex 284.24202866559347 157.11294537793927 88.89519619343687
    vertex 283.68731246932924 156.8831744061768 86.89519619343712
    vertex 283.6873124693297 156.8831744061777 88.8951961934371
  endloop
endfacet
facet normal -0.38268343236663743 0.9238795325106457 -3.2156510450750023e-13
  outer loop
    vertex 283.68731246932924 156.8831744061768 86.89519619343712
    vertex 284.24202866559347 157.11294537793927 88.89519619343687
    vertex 284.24202866559307 157.11294537793842 86.89519619343687
  endloop
endfacet
facet normal 0.9238795325119324 -0.38268343236353114 -2.80654918386701e-14
  outer loop
    vertex 280.8703992651239 159.70008761037272 86.89519619343658
    vertex 281.100170236884 160.25480380663817 88.89519619343628
    vertex 280.8703992651243 159.70008761037357 88.89519619343658
  endloop
endfacet
facet normal 0.9238795325119324 -0.38268343236353114 -2.80654918386701e-14
  outer loop
    vertex 281.100170236884 160.25480380663817 88.89519619343628
    vertex 280.8703992651239 159.70008761037272 86.89519619343658
    vertex 281.1001702368836 160.2548038066373 86.89519619343629
  endloop
endfacet
facet normal 0.793353340292277 -0.6087614290073632 8.424624927239003e-14
  outer loop
    vertex 331.100170236884 160.25480380672258 88.89519619342397
    vertex 331.46568306885797 160.73114940345144 86.89519619342377
    vertex 331.4656830688583 160.73114940345226 88.89519619342371
  endloop
endfacet
facet normal 0.793353340292277 -0.6087614290073632 8.424624927239003e-14
  outer loop
    vertex 331.46568306885797 160.73114940345144 86.89519619342377
    vertex 331.100170236884 160.25480380672258 88.89519619342397
    vertex 331.1001702368836 160.25480380672172 86.89519619342406
  endloop
endfacet
facet normal -0.3826834323635178 -0.923879532511938 4.828272238190921e-13
  outer loop
    vertex 283.6873124693218 161.32643320710653 86.8951961934352
    vertex 284.24202866558676 161.09666223534768 88.89519619343515
    vertex 283.6873124693222 161.3264332071074 88.89519619343518
  endloop
endfacet
facet normal -0.3826834323635178 -0.923879532511938 4.828272238190921e-13
  outer loop
    vertex 284.24202866558676 161.09666223534768 88.89519619343515
    vertex 283.6873124693218 161.32643320710653 86.8951961934352
    vertex 284.2420286655864 161.09666223534683 86.89519619343515
  endloop
endfacet
facet normal 0.38268343236663743 -0.9238795325106457 3.0646964910617966e-13
  outer loop
    vertex 331.9420286655864 161.09666223542737 86.89519619342349
    vertex 332.4967448618507 161.32643320718978 88.89519619342326
    vertex 331.94202866558675 161.09666223542823 88.89519619342344
  endloop
endfacet
facet normal 0.38268343236663743 -0.9238795325106457 3.0646964910617966e-13
  outer loop
    vertex 332.4967448618507 161.32643320718978 88.89519619342326
    vertex 331.9420286655864 161.09666223542737 86.89519619342349
    vertex 332.49674486185023 161.32643320718896 86.89519619342326
  endloop
endfacet
facet normal 0.6087614290073841 0.793353340292261 -4.670205141254389e-13
  outer loop
    vertex 331.9420286655935 157.11294537801982 88.89519619342512
    vertex 331.4656830688635 157.4784582099933 86.89519619342512
    vertex 331.4656830688638 157.47845820999416 88.89519619342506
  endloop
endfacet
facet normal 0.6087614290073841 0.793353340292261 -4.670205141254389e-13
  outer loop
    vertex 331.4656830688635 157.4784582099933 86.89519619342512
    vertex 331.9420286655935 157.11294537801982 88.89519619342512
    vertex 331.94202866559317 157.11294537801896 86.8951961934252
  endloop
endfacet
facet normal -0.13052619222172784 0.9914448613735899 -4.0410789554671316e-13
  outer loop
    vertex 283.6873124693297 156.8831744061777 88.8951961934371
    vertex 283.0920286655936 156.80480380664068 86.89519619343729
    vertex 283.092028665594 156.80480380664156 88.89519619343729
  endloop
endfacet
facet normal -0.13052619222172784 0.9914448613735899 -4.0410789554671316e-13
  outer loop
    vertex 283.0920286655936 156.80480380664068 86.89519619343729
    vertex 283.6873124693297 156.8831744061777 88.8951961934371
    vertex 283.68731246932924 156.8831744061768 86.89519619343712
  endloop
endfacet
facet normal 1.0 1.701876497127019e-12 -2.6709844238097464e-13
  outer loop
    vertex 288.0920286655993 154.68443293809932 86.89519619343508
    vertex 288.09202866558286 164.6844329381002 88.89519619343076
    vertex 288.09202866559974 154.6844329381002 88.89519619343507
  endloop
endfacet
facet normal 1.0 1.701876497127019e-12 -2.6709844238097464e-13
  outer loop
    vertex 288.09202866558286 164.6844329381002 88.89519619343076
    vertex 288.0920286655993 154.68443293809932 86.89519619343508
    vertex 288.0920286655822 164.6844329380987 86.89519619343076
  endloop
endfacet
facet normal -0.9238795325119324 0.38268343236353114 3.949817556903545e-14
  outer loop
    vertex 335.3136580660556 158.50952000299307 86.89519619342387
    vertex 335.0838870942963 157.95480380672933 88.89519619342408
    vertex 335.313658066056 158.5095200029939 88.89519619342379
  endloop
endfacet
facet normal -0.9238795325119324 0.38268343236353114 3.949817556903545e-14
  outer loop
    vertex 335.0838870942963 157.95480380672933 88.89519619342408
    vertex 335.3136580660556 158.50952000299307 86.89519619342387
    vertex 335.0838870942959 157.95480380672848 86.89519619342417
  endloop
endfacet
facet normal 0.13052619222172784 -0.9914448613735899 3.898044666413721e-13
  outer loop
    vertex 332.49674486185023 161.32643320718896 86.89519619342326
    vertex 333.0920286655863 161.40480380672597 88.89519619342308
    vertex 332.4967448618507 161.32643320718978 88.89519619342326
  endloop
endfacet
facet normal 0.13052619222172784 -0.9914448613735899 3.898044666413721e-13
  outer loop
    vertex 333.0920286655863 161.40480380672597 88.89519619342308
    vertex 332.49674486185023 161.32643320718896 86.89519619342326
    vertex 333.0920286655859 161.4048038067251 86.89519619342312
  endloop
endfacet
facet normal 0.793353340292277 -0.6087614290073632 9.785569762387067e-14
  outer loop
    vertex 281.1001702368836 160.2548038066373 86.89519619343629
    vertex 281.4656830688583 160.73114940336785 88.89519619343599
    vertex 281.100170236884 160.25480380663817 88.89519619343628
  endloop
endfacet
facet normal 0.793353340292277 -0.6087614290073632 9.785569762387067e-14
  outer loop
    vertex 281.4656830688583 160.73114940336785 88.89519619343599
    vertex 281.1001702368836 160.2548038066373 86.89519619343629
    vertex 281.4656830688579 160.731149403367 86.89519619343599
  endloop
endfacet
facet normal -0.13052619221838008 -0.9914448613740307 4.591114013242968e-13
  outer loop
    vertex 283.0920286655859 161.40480380664067 86.89519619343531
    vertex 283.6873124693222 161.3264332071074 88.89519619343518
    vertex 283.09202866558627 161.40480380664155 88.8951961934353
  endloop
endfacet
facet normal -0.13052619221838008 -0.9914448613740307 4.591114013242968e-13
  outer loop
    vertex 283.6873124693222 161.3264332071074 88.89519619343518
    vertex 283.0920286655859 161.40480380664067 86.89519619343531
    vertex 283.6873124693218 161.32643320710653 86.8951961934352
  endloop
endfacet
facet normal 0.6087614290073841 0.793353340292261 -4.736391689203309e-13
  outer loop
    vertex 281.94202866559345 157.1129453779354 88.89519619343743
    vertex 281.4656830688634 157.47845820990887 86.89519619343739
    vertex 281.4656830688638 157.47845820990975 88.89519619343739
  endloop
endfacet
facet normal 0.6087614290073841 0.793353340292261 -4.736391689203309e-13
  outer loop
    vertex 281.4656830688634 157.47845820990887 86.89519619343739
    vertex 281.94202866559345 157.1129453779354 88.89519619343743
    vertex 281.94202866559306 157.11294537793452 86.89519619343744
  endloop
endfacet
facet normal -0.13052619221838008 -0.9914448613740307 4.465747539573004e-13
  outer loop
    vertex 333.0920286655859 161.4048038067251 86.89519619342312
    vertex 333.68731246932225 161.32643320719183 88.89519619342296
    vertex 333.0920286655863 161.40480380672597 88.89519619342308
  endloop
endfacet
facet normal -0.13052619221838008 -0.9914448613740307 4.465747539573004e-13
  outer loop
    vertex 333.68731246932225 161.32643320719183 88.89519619342296
    vertex 333.0920286655859 161.4048038067251 86.89519619342312
    vertex 333.6873124693218 161.32643320719097 86.89519619342306
  endloop
endfacet
facet normal -0.608761429010063 0.7933533402902053 -2.1710818300755103e-13
  outer loop
    vertex 284.71837426232196 157.4784582099152 88.8951961934366
    vertex 284.24202866559307 157.11294537793842 86.89519619343687
    vertex 284.24202866559347 157.11294537793927 88.89519619343687
  endloop
endfacet
facet normal -0.608761429010063 0.7933533402902053 -2.1710818300755103e-13
  outer loop
    vertex 284.24202866559307 157.11294537793842 86.89519619343687
    vertex 284.71837426232196 157.4784582099152 88.8951961934366
    vertex 284.71837426232156 157.47845820991435 86.8951961934366
  endloop
endfacet
facet normal -0.38268343236663743 0.9238795325106457 -3.0646964910617966e-13
  outer loop
    vertex 334.2420286655935 157.11294537802368 88.89519619342464
    vertex 333.6873124693293 156.88317440626125 86.89519619342488
    vertex 333.6873124693297 156.88317440626213 88.89519619342488
  endloop
endfacet
facet normal -0.38268343236663743 0.9238795325106457 -3.0646964910617966e-13
  outer loop
    vertex 333.6873124693293 156.88317440626125 86.89519619342488
    vertex 334.2420286655935 157.11294537802368 88.89519619342464
    vertex 334.2420286655932 157.11294537802286 86.8951961934247
  endloop
endfacet
facet normal -0.9914448613740235 0.1305261922184331 1.6055086501923942e-13
  outer loop
    vertex 335.39202866558975 159.104803806729 86.8951961934236
    vertex 335.313658066056 158.5095200029939 88.89519619342379
    vertex 335.3920286655902 159.10480380672985 88.89519619342354
  endloop
endfacet
facet normal -0.9914448613740235 0.1305261922184331 1.6055086501923942e-13
  outer loop
    vertex 335.313658066056 158.5095200029939 88.89519619342379
    vertex 335.39202866558975 159.104803806729 86.8951961934236
    vertex 335.3136580660556 158.50952000299307 86.89519619342387
  endloop
endfacet
facet normal 0.7933533402902213 0.6087614290100422 -4.2930264221040414e-13
  outer loop
    vertex 331.4656830688635 157.4784582099933 86.89519619342512
    vertex 331.10017023688795 157.95480380672257 88.89519619342495
    vertex 331.4656830688638 157.47845820999416 88.89519619342506
  endloop
endfacet
facet normal 0.7933533402902213 0.6087614290100422 -4.2930264221040414e-13
  outer loop
    vertex 331.10017023688795 157.95480380672257 88.89519619342495
    vertex 331.4656830688635 157.4784582099933 86.89519619342512
    vertex 331.10017023688755 157.95480380672177 86.89519619342501
  endloop
endfacet
facet normal -0.9238795325106401 -0.38268343236665076 3.623285046848997e-13
  outer loop
    vertex 335.08388709429204 160.25480380672846 86.89519619342317
    vertex 335.313658066054 159.7000876104655 88.89519619342332
    vertex 335.08388709429244 160.2548038067293 88.89519619342313
  endloop
endfacet
facet normal -0.9238795325106401 -0.38268343236665076 3.623285046848997e-13
  outer loop
    vertex 335.313658066054 159.7000876104655 88.89519619342332
    vertex 335.08388709429204 160.25480380672846 86.89519619342317
    vertex 335.3136580660536 159.70008761046466 86.89519619342336
  endloop
endfacet
facet normal -0.608761429010063 0.7933533402902053 -2.022494314494314e-13
  outer loop
    vertex 334.71837426232196 157.47845820999964 88.89519619342437
    vertex 334.2420286655932 157.11294537802286 86.8951961934247
    vertex 334.2420286655935 157.11294537802368 88.89519619342464
  endloop
endfacet
facet normal -0.608761429010063 0.7933533402902053 -2.022494314494314e-13
  outer loop
    vertex 334.2420286655932 157.11294537802286 86.8951961934247
    vertex 334.71837426232196 157.47845820999964 88.89519619342437
    vertex 334.7183742623216 157.4784582099988 86.89519619342443
  endloop
endfacet
facet normal -0.7933533402902213 -0.6087614290100422 4.2930264221040414e-13
  outer loop
    vertex 334.7183742623161 160.73114940345693 86.89519619342306
    vertex 335.08388709429244 160.2548038067293 88.89519619342313
    vertex 334.71837426231644 160.73114940345775 88.89519619342302
  endloop
endfacet
facet normal -0.7933533402902213 -0.6087614290100422 4.2930264221040414e-13
  outer loop
    vertex 335.08388709429244 160.2548038067293 88.89519619342313
    vertex 334.7183742623161 160.73114940345693 86.89519619342306
    vertex 335.08388709429204 160.25480380672846 86.89519619342317
  endloop
endfacet
facet normal -0.9914448613735828 -0.13052619222178086 2.7066227834130095e-13
  outer loop
    vertex 335.3136580660536 159.70008761046466 86.89519619342336
    vertex 335.3920286655902 159.10480380672985 88.89519619342354
    vertex 335.313658066054 159.7000876104655 88.89519619342332
  endloop
endfacet
facet normal -0.9914448613735828 -0.13052619222178086 2.7066227834130095e-13
  outer loop
    vertex 335.3920286655902 159.10480380672985 88.89519619342354
    vertex 335.3136580660536 159.70008761046466 86.89519619342336
    vertex 335.39202866558975 159.104803806729 86.8951961934236
  endloop
endfacet
facet normal -0.9238795325119324 0.38268343236353114 2.80654918386701e-14
  outer loop
    vertex 285.31365806605555 158.50952000290863 86.89519619343602
    vertex 285.0838870942963 157.9548038066449 88.8951961934363
    vertex 285.31365806605595 158.50952000290948 88.89519619343599
  endloop
endfacet
facet normal -0.9238795325119324 0.38268343236353114 2.80654918386701e-14
  outer loop
    vertex 285.0838870942963 157.9548038066449 88.8951961934363
    vertex 285.31365806605555 158.50952000290863 86.89519619343602
    vertex 285.08388709429585 157.954803806644 86.8951961934363
  endloop
endfacet
facet normal 0.608761429010063 -0.7933533402902053 2.022494314494314e-13
  outer loop
    vertex 331.46568306885797 160.73114940345144 86.89519619342377
    vertex 331.94202866558675 161.09666223542823 88.89519619342344
    vertex 331.4656830688583 160.73114940345226 88.89519619342371
  endloop
endfacet
facet normal 0.608761429010063 -0.7933533402902053 2.022494314494314e-13
  outer loop
    vertex 331.94202866558675 161.09666223542823 88.89519619342344
    vertex 331.46568306885797 160.73114940345144 86.89519619342377
    vertex 331.9420286655864 161.09666223542737 86.89519619342349
  endloop
endfacet
facet normal 0.13052619221838008 0.9914448613740307 -4.439245816497825e-13
  outer loop
    vertex 283.09202866567847 106.8048038066415 88.89519619345877
    vertex 282.4967448619421 106.88317440617483 86.89519619345889
    vertex 282.49674486194255 106.88317440617564 88.89519619345884
  endloop
endfacet
facet normal 0.13052619221838008 0.9914448613740307 -4.439245816497825e-13
  outer loop
    vertex 282.4967448619421 106.88317440617483 86.89519619345889
    vertex 283.09202866567847 106.8048038066415 88.89519619345877
    vertex 283.092028665678 106.80480380664069 86.89519619345883
  endloop
endfacet
facet normal -1.0 -1.6770607920805928e-12 2.783783083111521e-13
  outer loop
    vertex 328.0920286656646 113.52517467527653 86.89519619344475
    vertex 328.092028665682 103.5251746752774 88.89519619344905
    vertex 328.09202866566505 113.52517467527738 88.89519619344475
  endloop
endfacet
facet normal -1.0 -1.6770607920805928e-12 2.783783083111521e-13
  outer loop
    vertex 328.092028665682 103.5251746752774 88.89519619344905
    vertex 328.0920286656646 113.52517467527653 86.89519619344475
    vertex 328.0920286656813 103.52517467527586 86.89519619344905
  endloop
endfacet
facet normal 0.3826834323635178 0.923879532511938 -4.651417977312987e-13
  outer loop
    vertex 282.49674486194255 106.88317440617564 88.89519619345884
    vertex 281.9420286656775 107.11294537793454 86.89519619345889
    vertex 281.94202866567787 107.11294537793535 88.89519619345889
  endloop
endfacet
facet normal 0.3826834323635178 0.923879532511938 -4.651417977312987e-13
  outer loop
    vertex 281.9420286656775 107.11294537793454 86.89519619345889
    vertex 282.49674486194255 106.88317440617564 88.89519619345884
    vertex 282.4967448619421 106.88317440617483 86.89519619345889
  endloop
endfacet
facet normal -0.608761429010075 0.793353340290196 -2.146095765942714e-13
  outer loop
    vertex 284.71837426240637 107.47845820991522 88.89519619345818
    vertex 284.24202866567754 107.11294537793842 86.89519619345846
    vertex 284.24202866567794 107.11294537793923 88.89519619345842
  endloop
endfacet
facet normal -0.608761429010075 0.793353340290196 -2.146095765942714e-13
  outer loop
    vertex 284.24202866567754 107.11294537793842 86.89519619345846
    vertex 284.71837426240637 107.47845820991522 88.89519619345818
    vertex 284.718374262406 107.47845820991436 86.89519619345822
  endloop
endfacet
facet normal -0.3826834323635178 -0.923879532511938 4.729117097907116e-13
  outer loop
    vertex 333.6873124693218 161.32643320719097 86.89519619342306
    vertex 334.24202866558676 161.0966622354321 88.89519619342293
    vertex 333.68731246932225 161.32643320719183 88.89519619342296
  endloop
endfacet
facet normal -0.3826834323635178 -0.923879532511938 4.729117097907116e-13
  outer loop
    vertex 334.24202866558676 161.0966622354321 88.89519619342293
    vertex 333.6873124693218 161.32643320719097 86.89519619342306
    vertex 334.2420286655864 161.09666223543127 86.89519619342302
  endloop
endfacet
facet normal -0.9238795325119324 0.38268343236353114 2.0739948496754022e-14
  outer loop
    vertex 285.31365806614 108.50952000290863 86.89519619345764
    vertex 285.0838870943807 107.95480380664488 88.89519619345793
    vertex 285.3136580661404 108.50952000290948 88.89519619345764
  endloop
endfacet
facet normal -0.9238795325119324 0.38268343236353114 2.0739948496754022e-14
  outer loop
    vertex 285.0838870943807 107.95480380664488 88.89519619345793
    vertex 285.31365806614 108.50952000290863 86.89519619345764
    vertex 285.0838870943803 107.95480380664404 86.89519619345793
  endloop
endfacet
facet normal 0.9914448613740235 -0.1305261922184331 -1.5207406441281006e-13
  outer loop
    vertex 280.7920286655897 159.1048038066368 86.89519619343686
    vertex 280.8703992651243 159.70008761037357 88.89519619343658
    vertex 280.7920286655901 159.10480380663765 88.89519619343686
  endloop
endfacet
facet normal 0.9914448613740235 -0.1305261922184331 -1.5207406441281006e-13
  outer loop
    vertex 280.8703992651243 159.70008761037357 88.89519619343658
    vertex 280.7920286655897 159.1048038066368 86.89519619343686
    vertex 280.8703992651239 159.70008761037272 86.89519619343658
  endloop
endfacet
facet normal -0.9914448613740235 0.1305261922184331 1.5207406441281006e-13
  outer loop
    vertex 285.39202866558975 159.10480380664455 86.89519619343574
    vertex 285.31365806605595 158.50952000290948 88.89519619343599
    vertex 285.39202866559015 159.10480380664544 88.89519619343572
  endloop
endfacet
facet normal -0.9914448613740235 0.1305261922184331 1.5207406441281006e-13
  outer loop
    vertex 285.31365806605595 158.50952000290948 88.89519619343599
    vertex 285.39202866558975 159.10480380664455 86.89519619343574
    vertex 285.31365806605555 158.50952000290863 86.89519619343602
  endloop
endfacet
facet normal 0.9238795325106401 0.38268343236665076 -3.6125570370041535e-13
  outer loop
    vertex 281.1001702368875 157.9548038066373 86.89519619343727
    vertex 280.8703992651263 158.509520002902 88.89519619343709
    vertex 281.1001702368879 157.95480380663818 88.89519619343727
  endloop
endfacet
facet normal 0.9238795325106401 0.38268343236665076 -3.6125570370041535e-13
  outer loop
    vertex 280.8703992651263 158.509520002902 88.89519619343709
    vertex 281.1001702368875 157.9548038066373 86.89519619343727
    vertex 280.8703992651259 158.50952000290113 86.8951961934371
  endloop
endfacet
facet normal -0.38268343236663743 0.9238795325106457 -3.1423956116559256e-13
  outer loop
    vertex 284.24202866567794 107.11294537793923 88.89519619345842
    vertex 283.6873124694137 106.88317440617682 86.89519619345866
    vertex 283.6873124694141 106.88317440617763 88.89519619345864
  endloop
endfacet
facet normal -0.38268343236663743 0.9238795325106457 -3.1423956116559256e-13
  outer loop
    vertex 283.6873124694137 106.88317440617682 86.89519619345866
    vertex 284.24202866567794 107.11294537793923 88.89519619345842
    vertex 284.24202866567754 107.11294537793842 86.89519619345846
  endloop
endfacet
facet normal -0.793353340292277 0.6087614290073632 -9.785569762387067e-14
  outer loop
    vertex 285.08388709429585 157.954803806644 86.8951961934363
    vertex 284.71837426232196 157.4784582099152 88.8951961934366
    vertex 285.0838870942963 157.9548038066449 88.8951961934363
  endloop
endfacet
facet normal -0.793353340292277 0.6087614290073632 -9.785569762387067e-14
  outer loop
    vertex 284.71837426232196 157.4784582099152 88.8951961934366
    vertex 285.08388709429585 157.954803806644 86.8951961934363
    vertex 284.71837426232156 157.47845820991435 86.8951961934366
  endloop
endfacet
facet normal 0.13052619221838008 0.9914448613740307 -4.591114013242968e-13
  outer loop
    vertex 283.092028665594 156.80480380664156 88.89519619343729
    vertex 282.4967448618577 156.88317440617482 86.8951961934374
    vertex 282.49674486185813 156.8831744061757 88.8951961934374
  endloop
endfacet
facet normal 0.13052619221838008 0.9914448613740307 -4.591114013242968e-13
  outer loop
    vertex 282.4967448618577 156.88317440617482 86.8951961934374
    vertex 283.092028665594 156.80480380664156 88.89519619343729
    vertex 283.0920286655936 156.80480380664068 86.89519619343729
  endloop
endfacet
facet normal 0.3826834323635178 0.923879532511938 -4.828272238190921e-13
  outer loop
    vertex 282.49674486185813 156.8831744061757 88.8951961934374
    vertex 281.94202866559306 157.11294537793452 86.89519619343744
    vertex 281.94202866559345 157.1129453779354 88.89519619343743
  endloop
endfacet
facet normal 0.3826834323635178 0.923879532511938 -4.828272238190921e-13
  outer loop
    vertex 281.94202866559306 157.11294537793452 86.89519619343744
    vertex 282.49674486185813 156.8831744061757 88.8951961934374
    vertex 282.4967448618577 156.88317440617482 86.8951961934374
  endloop
endfacet
facet normal 1.6883406580109052e-12 -1.0 4.353339910778686e-13
  outer loop
    vertex 278.0920286655993 154.68443293808244 86.89519619343726
    vertex 288.09202866559974 154.6844329381002 88.89519619343507
    vertex 278.09202866559974 154.6844329380833 88.89519619343726
  endloop
endfacet
facet normal 1.6883406580109052e-12 -1.0 4.353339910778686e-13
  outer loop
    vertex 288.09202866559974 154.6844329381002 88.89519619343507
    vertex 278.0920286655993 154.68443293808244 86.89519619343726
    vertex 288.0920286655993 154.68443293809932 86.89519619343508
  endloop
endfacet
facet normal 0.13052619222172784 -0.9914448613735899 4.0410789554671316e-13
  outer loop
    vertex 282.49674486185023 161.32643320710451 86.89519619343548
    vertex 283.09202866558627 161.40480380664155 88.8951961934353
    vertex 282.49674486185063 161.32643320710537 88.89519619343548
  endloop
endfacet
facet normal 0.13052619222172784 -0.9914448613735899 4.0410789554671316e-13
  outer loop
    vertex 283.09202866558627 161.40480380664155 88.8951961934353
    vertex 282.49674486185023 161.32643320710451 86.89519619343548
    vertex 283.0920286655859 161.40480380664067 86.89519619343531
  endloop
endfacet
facet normal 0.608761429010075 -0.793353340290196 2.146095765942714e-13
  outer loop
    vertex 281.4656830689423 110.73114940336701 86.89519619345745
    vertex 281.94202866567116 111.09666223534383 88.89519619345717
    vertex 281.4656830689427 110.73114940336784 88.89519619345744
  endloop
endfacet
facet normal 0.608761429010075 -0.793353340290196 2.146095765942714e-13
  outer loop
    vertex 281.94202866567116 111.09666223534383 88.89519619345717
    vertex 281.4656830689423 110.73114940336701 86.89519619345745
    vertex 281.94202866567076 111.09666223534296 86.89519619345721
  endloop
endfacet
facet normal -1.6217894490227717e-12 1.0 -4.217981519616532e-13
  outer loop
    vertex 338.092028665665 113.52517467529358 88.89519619344266
    vertex 328.0920286656646 113.52517467527653 86.89519619344475
    vertex 328.09202866566505 113.52517467527738 88.89519619344475
  endloop
endfacet
facet normal -1.6217894490227717e-12 1.0 -4.217981519616532e-13
  outer loop
    vertex 328.0920286656646 113.52517467527653 86.89519619344475
    vertex 338.092028665665 113.52517467529358 88.89519619344266
    vertex 338.0920286656646 113.52517467529273 86.89519619344266
  endloop
endfacet
facet normal -0.9238795325106401 -0.38268343236665076 3.6125570370041535e-13
  outer loop
    vertex 285.083887094292 160.25480380664405 86.89519619343531
    vertex 285.313658066054 159.70008761038108 88.8951961934355
    vertex 285.0838870942924 160.2548038066449 88.89519619343531
  endloop
endfacet
facet normal -0.9238795325106401 -0.38268343236665076 3.6125570370041535e-13
  outer loop
    vertex 285.313658066054 159.70008761038108 88.8951961934355
    vertex 285.083887094292 160.25480380664405 86.89519619343531
    vertex 285.31365806605356 159.70008761038022 86.8951961934355
  endloop
endfacet
facet normal -0.9914448613740336 0.13052619221835673 1.404208078150145e-13
  outer loop
    vertex 285.39202866567416 109.1048038066446 86.89519619345737
    vertex 285.3136580661404 108.50952000290948 88.89519619345764
    vertex 285.39202866567456 109.1048038066454 88.89519619345737
  endloop
endfacet
facet normal -0.9914448613740336 0.13052619221835673 1.404208078150145e-13
  outer loop
    vertex 285.3136580661404 108.50952000290948 88.89519619345764
    vertex 285.39202866567416 109.1048038066446 86.89519619345737
    vertex 285.31365806614 108.50952000290863 86.89519619345764
  endloop
endfacet
facet normal -0.9914448613735828 -0.13052619222178086 2.657190408115625e-13
  outer loop
    vertex 285.31365806605356 159.70008761038022 86.8951961934355
    vertex 285.39202866559015 159.10480380664544 88.89519619343572
    vertex 285.313658066054 159.70008761038108 88.8951961934355
  endloop
endfacet
facet normal -0.9914448613735828 -0.13052619222178086 2.657190408115625e-13
  outer loop
    vertex 285.39202866559015 159.10480380664544 88.89519619343572
    vertex 285.31365806605356 159.70008761038022 86.8951961934355
    vertex 285.39202866558975 159.10480380664455 86.89519619343574
  endloop
endfacet
facet normal 0.7933533402902213 0.6087614290100422 -4.3217338738537955e-13
  outer loop
    vertex 281.4656830688634 157.47845820990887 86.89519619343739
    vertex 281.1001702368879 157.95480380663818 88.89519619343727
    vertex 281.4656830688638 157.47845820990975 88.89519619343739
  endloop
endfacet
facet normal 0.7933533402902213 0.6087614290100422 -4.3217338738537955e-13
  outer loop
    vertex 281.1001702368879 157.95480380663818 88.89519619343727
    vertex 281.4656830688634 157.47845820990887 86.89519619343739
    vertex 281.1001702368875 157.9548038066373 86.89519619343727
  endloop
endfacet
facet normal 1.0 1.6748048188945591e-12 -2.6709844238095864e-13
  outer loop
    vertex 288.09202866568546 103.525174675211 86.8951961934573
    vertex 288.09202866566926 113.5251746752125 88.89519619345299
    vertex 288.09202866568614 103.52517467521253 88.8951961934573
  endloop
endfacet
facet normal 1.0 1.6748048188945591e-12 -2.6709844238095864e-13
  outer loop
    vertex 288.09202866566926 113.5251746752125 88.89519619345299
    vertex 288.09202866568546 103.525174675211 86.8951961934573
    vertex 288.0920286656688 113.52517467521164 86.89519619345299
  endloop
endfacet
facet normal 0.9238795325119324 -0.38268343236353114 -2.0739948496754022e-14
  outer loop
    vertex 280.8703992652087 109.70008761037359 88.89519619345799
    vertex 281.100170236968 110.25480380663731 86.89519619345774
    vertex 281.1001702369684 110.25480380663818 88.89519619345774
  endloop
endfacet
facet normal 0.9238795325119324 -0.38268343236353114 -2.0739948496754022e-14
  outer loop
    vertex 281.100170236968 110.25480380663731 86.89519619345774
    vertex 280.8703992652087 109.70008761037359 88.89519619345799
    vertex 280.8703992652083 109.70008761037275 86.89519619345803
  endloop
endfacet
facet normal -1.6206614624297526e-12 1.0 -4.217981519616521e-13
  outer loop
    vertex 288.09202866566926 113.5251746752125 88.89519619345299
    vertex 278.09202866566886 113.52517467519544 86.89519619345508
    vertex 278.0920286656692 113.52517467519631 88.89519619345508
  endloop
endfacet
facet normal -1.6206614624297526e-12 1.0 -4.217981519616521e-13
  outer loop
    vertex 278.09202866566886 113.52517467519544 86.89519619345508
    vertex 288.09202866566926 113.5251746752125 88.89519619345299
    vertex 288.0920286656688 113.52517467521164 86.89519619345299
  endloop
endfacet
facet normal 0.9914448613735828 0.13052619222178086 -2.657190408115625e-13
  outer loop
    vertex 280.8703992651259 158.50952000290113 86.8951961934371
    vertex 280.7920286655901 159.10480380663765 88.89519619343686
    vertex 280.8703992651263 158.509520002902 88.89519619343709
  endloop
endfacet
facet normal 0.9914448613735828 0.13052619222178086 -2.657190408115625e-13
  outer loop
    vertex 280.7920286655901 159.10480380663765 88.89519619343686
    vertex 280.8703992651259 158.50952000290113 86.8951961934371
    vertex 280.7920286655897 159.1048038066368 86.89519619343686
  endloop
endfacet
facet normal 0.7933533402922408 -0.6087614290074104 1.0035430403718092e-13
  outer loop
    vertex 281.100170236968 110.25480380663731 86.89519619345774
    vertex 281.4656830689427 110.73114940336784 88.89519619345744
    vertex 281.1001702369684 110.25480380663818 88.89519619345774
  endloop
endfacet
facet normal 0.7933533402922408 -0.6087614290074104 1.0035430403718092e-13
  outer loop
    vertex 281.4656830689427 110.73114940336784 88.89519619345744
    vertex 281.100170236968 110.25480380663731 86.89519619345774
    vertex 281.4656830689423 110.73114940336701 86.89519619345745
  endloop
endfacet
facet normal 0.608761429010063 -0.7933533402902053 2.1710818300755103e-13
  outer loop
    vertex 281.4656830688579 160.731149403367 86.89519619343599
    vertex 281.94202866558675 161.09666223534379 88.89519619343572
    vertex 281.4656830688583 160.73114940336785 88.89519619343599
  endloop
endfacet
facet normal 0.608761429010063 -0.7933533402902053 2.1710818300755103e-13
  outer loop
    vertex 281.94202866558675 161.09666223534379 88.89519619343572
    vertex 281.4656830688579 160.731149403367 86.89519619343599
    vertex 281.9420286655864 161.09666223534293 86.89519619343572
  endloop
endfacet
facet normal 0.7933533402901851 0.6087614290100893 -4.1319458744565317e-13
  outer loop
    vertex 281.46568306894784 107.47845820990885 86.89519619345884
    vertex 281.10017023697225 107.95480380663815 88.89519619345869
    vertex 281.46568306894824 107.47845820990972 88.89519619345884
  endloop
endfacet
facet normal 0.7933533402901851 0.6087614290100893 -4.1319458744565317e-13
  outer loop
    vertex 281.10017023697225 107.95480380663815 88.89519619345869
    vertex 281.46568306894784 107.47845820990885 86.89519619345884
    vertex 281.10017023697185 107.95480380663732 86.89519619345873
  endloop
endfacet
facet normal 0.38268343236663743 -0.9238795325106457 3.2156510450750023e-13
  outer loop
    vertex 281.9420286655864 161.09666223534293 86.89519619343572
    vertex 282.49674486185063 161.32643320710537 88.89519619343548
    vertex 281.94202866558675 161.09666223534379 88.89519619343572
  endloop
endfacet
facet normal 0.38268343236663743 -0.9238795325106457 3.2156510450750023e-13
  outer loop
    vertex 282.49674486185063 161.32643320710537 88.89519619343548
    vertex 281.9420286655864 161.09666223534293 86.89519619343572
    vertex 282.49674486185023 161.32643320710451 86.89519619343548
  endloop
endfacet
facet normal -0.6087614290073841 -0.793353340292261 4.736391689203309e-13
  outer loop
    vertex 284.2420286655864 161.09666223534683 86.89519619343515
    vertex 284.71837426231644 160.73114940337334 88.8951961934352
    vertex 284.24202866558676 161.09666223534768 88.89519619343515
  endloop
endfacet
facet normal -0.6087614290073841 -0.793353340292261 4.736391689203309e-13
  outer loop
    vertex 284.71837426231644 160.73114940337334 88.8951961934352
    vertex 284.2420286655864 161.09666223534683 86.89519619343515
    vertex 284.71837426231605 160.73114940337248 86.8951961934352
  endloop
endfacet
facet normal 0.9238795325119324 -0.38268343236353114 -3.949817556903545e-14
  outer loop
    vertex 330.8703992652082 109.70008761045717 86.8951961934459
    vertex 331.1001702369685 110.25480380672259 88.8951961934456
    vertex 330.8703992652088 109.70008761045798 88.8951961934459
  endloop
endfacet
facet normal 0.9238795325119324 -0.38268343236353114 -3.949817556903545e-14
  outer loop
    vertex 331.1001702369685 110.25480380672259 88.8951961934456
    vertex 330.8703992652082 109.70008761045717 86.8951961934459
    vertex 331.100170236968 110.25480380672171 86.8951961934456
  endloop
endfacet
facet normal 1.0 1.6770607920805926e-12 -2.783783083111521e-13
  outer loop
    vertex 338.0920286656819 103.52517467529428 88.89519619344678
    vertex 338.0920286656646 113.52517467529273 86.89519619344266
    vertex 338.092028665665 113.52517467529358 88.89519619344266
  endloop
endfacet
facet normal 1.0 1.6770607920805926e-12 -2.783783083111521e-13
  outer loop
    vertex 338.0920286656646 113.52517467529273 86.89519619344266
    vertex 338.0920286656819 103.52517467529428 88.89519619344678
    vertex 338.09202866568126 103.52517467529275 86.8951961934468
  endloop
endfacet
facet normal -1.0 -1.6748048188945422e-12 2.6709844238095864e-13
  outer loop
    vertex 278.09202866566886 113.52517467519544 86.89519619345508
    vertex 278.0920286656861 103.52517467520923 88.8951961934592
    vertex 278.0920286656692 113.52517467519631 88.89519619345508
  endloop
endfacet
facet normal -1.0 -1.6748048188945422e-12 2.6709844238095864e-13
  outer loop
    vertex 278.0920286656861 103.52517467520923 88.8951961934592
    vertex 278.09202866566886 113.52517467519544 86.89519619345508
    vertex 278.09202866568546 103.52517467520774 86.8951961934592
  endloop
endfacet
facet normal -0.7933533402901851 -0.6087614290100893 4.1319458744565317e-13
  outer loop
    vertex 284.71837426240046 110.73114940337253 86.89519619345683
    vertex 285.08388709437685 110.2548038066449 88.89519619345694
    vertex 284.71837426240086 110.73114940337334 88.89519619345683
  endloop
endfacet
facet normal -0.7933533402901851 -0.6087614290100893 4.1319458744565317e-13
  outer loop
    vertex 285.08388709437685 110.2548038066449 88.89519619345694
    vertex 284.71837426240046 110.73114940337253 86.89519619345683
    vertex 285.08388709437645 110.25480380664403 86.89519619345694
  endloop
endfacet
facet normal 0.6087614290073841 0.793353340292261 -4.670205141254389e-13
  outer loop
    vertex 331.94202866567787 107.11294537801982 88.89519619344675
    vertex 331.46568306894784 107.47845820999328 86.89519619344671
    vertex 331.46568306894824 107.47845820999413 88.89519619344671
  endloop
endfacet
facet normal 0.6087614290073841 0.793353340292261 -4.670205141254389e-13
  outer loop
    vertex 331.46568306894784 107.47845820999328 86.89519619344671
    vertex 331.94202866567787 107.11294537801982 88.89519619344675
    vertex 331.9420286656775 107.11294537801895 86.89519619344675
  endloop
endfacet
facet normal 0.923879532510643 0.3826834323666441 -3.4357027761261606e-13
  outer loop
    vertex 281.10017023697185 107.95480380663732 86.89519619345873
    vertex 280.87039926521066 108.509520002902 88.8951961934585
    vertex 281.10017023697225 107.95480380663815 88.89519619345869
  endloop
endfacet
facet normal 0.923879532510643 0.3826834323666441 -3.4357027761261606e-13
  outer loop
    vertex 280.87039926521066 108.509520002902 88.8951961934585
    vertex 281.10017023697185 107.95480380663732 86.89519619345873
    vertex 280.87039926521027 108.50952000290114 86.89519619345855
  endloop
endfacet
facet normal -0.13052619221839856 -0.9914448613740281 4.4657475395730334e-13
  outer loop
    vertex 333.0920286656703 111.4048038067251 86.89519619344462
    vertex 333.68731246940666 111.32643320719183 88.8951961934445
    vertex 333.09202866567074 111.40480380672597 88.89519619344462
  endloop
endfacet
facet normal -0.13052619221839856 -0.9914448613740281 4.4657475395730334e-13
  outer loop
    vertex 333.68731246940666 111.32643320719183 88.8951961934445
    vertex 333.0920286656703 111.4048038067251 86.89519619344462
    vertex 333.68731246940615 111.32643320719096 86.8951961934445
  endloop
endfacet
facet normal -0.793353340292277 0.6087614290073632 -8.424624927239003e-14
  outer loop
    vertex 335.08388709438026 107.95480380672848 86.89519619344561
    vertex 334.71837426240637 107.47845820999963 88.89519619344591
    vertex 335.0838870943807 107.9548038067293 88.89519619344561
  endloop
endfacet
facet normal -0.793353340292277 0.6087614290073632 -8.424624927239003e-14
  outer loop
    vertex 334.71837426240637 107.47845820999963 88.89519619344591
    vertex 335.08388709438026 107.95480380672848 86.89519619344561
    vertex 334.718374262406 107.47845820999878 86.89519619344591
  endloop
endfacet
facet normal 0.13052619221839856 0.9914448613740281 -4.4657475395730334e-13
  outer loop
    vertex 333.09202866567847 106.80480380672593 88.8951961934466
    vertex 332.4967448619421 106.88317440625926 86.89519619344671
    vertex 332.49674486194255 106.88317440626011 88.89519619344671
  endloop
endfacet
facet normal 0.13052619221839856 0.9914448613740281 -4.4657475395730334e-13
  outer loop
    vertex 332.4967448619421 106.88317440625926 86.89519619344671
    vertex 333.09202866567847 106.80480380672593 88.8951961934466
    vertex 333.092028665678 106.80480380672512 86.8951961934466
  endloop
endfacet
facet normal -0.3826834323635178 -0.923879532511938 4.651417977312987e-13
  outer loop
    vertex 283.6873124694062 111.32643320710655 86.89519619345678
    vertex 284.24202866567117 111.09666223534771 88.89519619345674
    vertex 283.6873124694066 111.3264332071074 88.89519619345673
  endloop
endfacet
facet normal -0.3826834323635178 -0.923879532511938 4.651417977312987e-13
  outer loop
    vertex 284.24202866567117 111.09666223534771 88.89519619345674
    vertex 283.6873124694062 111.32643320710655 86.89519619345678
    vertex 284.2420286656708 111.09666223534684 86.8951961934568
  endloop
endfacet
facet normal 0.13052619222174633 -0.9914448613735873 3.8980446664136694e-13
  outer loop
    vertex 332.49674486193464 111.32643320718898 86.8951961934448
    vertex 333.09202866567074 111.40480380672597 88.89519619344462
    vertex 332.4967448619351 111.3264332071898 88.8951961934448
  endloop
endfacet
facet normal 0.13052619222174633 -0.9914448613735873 3.8980446664136694e-13
  outer loop
    vertex 333.09202866567074 111.40480380672597 88.89519619344462
    vertex 332.49674486193464 111.32643320718898 86.8951961934448
    vertex 333.0920286656703 111.4048038067251 86.89519619344462
  endloop
endfacet
facet normal -0.9914448613740235 0.1305261922184331 1.6055086501923942e-13
  outer loop
    vertex 335.39202866567416 109.10480380672897 86.89519619344505
    vertex 335.3136580661404 108.50952000299391 88.89519619344532
    vertex 335.3920286656746 109.10480380672982 88.89519619344505
  endloop
endfacet
facet normal -0.9914448613740235 0.1305261922184331 1.6055086501923942e-13
  outer loop
    vertex 335.3136580661404 108.50952000299391 88.89519619344532
    vertex 335.39202866567416 109.10480380672897 86.89519619344505
    vertex 335.31365806613996 108.50952000299307 86.89519619344532
  endloop
endfacet
facet normal -0.13052619221838008 -0.9914448613740307 4.439245816497825e-13
  outer loop
    vertex 283.0920286656703 111.40480380664069 86.89519619345685
    vertex 283.6873124694066 111.3264332071074 88.89519619345673
    vertex 283.0920286656707 111.40480380664154 88.89519619345684
  endloop
endfacet
facet normal -0.13052619221838008 -0.9914448613740307 4.439245816497825e-13
  outer loop
    vertex 283.6873124694066 111.3264332071074 88.89519619345673
    vertex 283.0920286656703 111.40480380664069 86.89519619345685
    vertex 283.6873124694062 111.32643320710655 86.89519619345678
  endloop
endfacet
facet normal 0.608761429007396 0.7933533402922517 -4.5466036898059125e-13
  outer loop
    vertex 281.94202866567787 107.11294537793535 88.89519619345889
    vertex 281.46568306894784 107.47845820990885 86.89519619345884
    vertex 281.46568306894824 107.47845820990972 88.89519619345884
  endloop
endfacet
facet normal 0.608761429007396 0.7933533402922517 -4.5466036898059125e-13
  outer loop
    vertex 281.46568306894784 107.47845820990885 86.89519619345884
    vertex 281.94202866567787 107.11294537793535 88.89519619345889
    vertex 281.9420286656775 107.11294537793454 86.89519619345889
  endloop
endfacet
facet normal 0.38268343236663743 -0.9238795325106457 3.1423956116559256e-13
  outer loop
    vertex 281.94202866567076 111.09666223534296 86.89519619345721
    vertex 282.49674486193504 111.32643320710542 88.89519619345702
    vertex 281.94202866567116 111.09666223534383 88.89519619345717
  endloop
endfacet
facet normal 0.38268343236663743 -0.9238795325106457 3.1423956116559256e-13
  outer loop
    vertex 282.49674486193504 111.32643320710542 88.89519619345702
    vertex 281.94202866567076 111.09666223534296 86.89519619345721
    vertex 282.49674486193464 111.32643320710456 86.89519619345702
  endloop
endfacet
facet normal -0.38268343236663743 0.9238795325106457 -3.0646964910617966e-13
  outer loop
    vertex 334.24202866567794 107.1129453780237 88.89519619344618
    vertex 333.68731246941365 106.88317440626128 86.89519619344642
    vertex 333.6873124694141 106.8831744062621 88.89519619344642
  endloop
endfacet
facet normal -0.38268343236663743 0.9238795325106457 -3.0646964910617966e-13
  outer loop
    vertex 333.68731246941365 106.88317440626128 86.89519619344642
    vertex 334.24202866567794 107.1129453780237 88.89519619344618
    vertex 334.24202866567754 107.11294537802286 86.8951961934462
  endloop
endfacet
facet normal 0.793353340292277 -0.6087614290073632 8.424624927239003e-14
  outer loop
    vertex 331.100170236968 110.25480380672171 86.8951961934456
    vertex 331.4656830689427 110.73114940345225 88.8951961934453
    vertex 331.1001702369685 110.25480380672259 88.8951961934456
  endloop
endfacet
facet normal 0.793353340292277 -0.6087614290073632 8.424624927239003e-14
  outer loop
    vertex 331.4656830689427 110.73114940345225 88.8951961934453
    vertex 331.100170236968 110.25480380672171 86.8951961934456
    vertex 331.4656830689423 110.7311494034514 86.89519619344532
  endloop
endfacet
facet normal -0.7933533402902213 -0.6087614290100422 4.3217338738537955e-13
  outer loop
    vertex 284.71837426231605 160.73114940337248 86.8951961934352
    vertex 285.0838870942924 160.2548038066449 88.89519619343531
    vertex 284.71837426231644 160.73114940337334 88.8951961934352
  endloop
endfacet
facet normal -0.7933533402902213 -0.6087614290100422 4.3217338738537955e-13
  outer loop
    vertex 285.0838870942924 160.2548038066449 88.89519619343531
    vertex 284.71837426231605 160.73114940337248 86.8951961934352
    vertex 285.083887094292 160.25480380664405 86.89519619343531
  endloop
endfacet
facet normal 0.9914448613735837 0.13052619222177478 -4.905332333927203e-13
  outer loop
    vertex 224.60058596884997 106.71657523888378 89.39519619348366
    vertex 224.54947470828307 107.10480380653746 90.89519619348727
    vertex 224.60058596885014 106.71657523888375 90.89519619348742
  endloop
endfacet
facet normal 0.9914448613735837 0.13052619222177478 -4.905332333927203e-13
  outer loop
    vertex 224.54947470828307 107.10480380653746 90.89519619348727
    vertex 224.60058596884997 106.71657523888378 89.39519619348366
    vertex 224.54947470828293 107.10480380653749 89.39519619348354
  endloop
endfacet
facet normal 0.38268343236663743 -0.9238795325106457 3.0646964910617966e-13
  outer loop
    vertex 331.94202866567076 111.09666223542739 86.89519619344505
    vertex 332.4967448619351 111.3264332071898 88.8951961934448
    vertex 331.94202866567116 111.09666223542821 88.89519619344503
  endloop
endfacet
facet normal 0.38268343236663743 -0.9238795325106457 3.0646964910617966e-13
  outer loop
    vertex 332.4967448619351 111.3264332071898 88.8951961934448
    vertex 331.94202866567076 111.09666223542739 86.89519619344505
    vertex 332.49674486193464 111.32643320718898 86.8951961934448
  endloop
endfacet
facet normal -0.9238795325106401 -0.38268343236665076 3.623285046848997e-13
  outer loop
    vertex 335.0838870943764 110.25480380672846 86.89519619344463
    vertex 335.31365806613843 109.70008761046552 88.8951961934448
    vertex 335.08388709437685 110.25480380672931 88.89519619344463
  endloop
endfacet
facet normal -0.9238795325106401 -0.38268343236665076 3.623285046848997e-13
  outer loop
    vertex 335.31365806613843 109.70008761046552 88.8951961934448
    vertex 335.0838870943764 110.25480380672846 86.89519619344463
    vertex 335.313658066138 109.70008761046466 86.89519619344482
  endloop
endfacet
facet normal -0.7933533402902213 -0.6087614290100422 4.2930264221040414e-13
  outer loop
    vertex 334.71837426240046 110.7311494034569 86.8951961934445
    vertex 335.08388709437685 110.25480380672931 88.89519619344463
    vertex 334.71837426240086 110.73114940345775 88.8951961934445
  endloop
endfacet
facet normal -0.7933533402902213 -0.6087614290100422 4.2930264221040414e-13
  outer loop
    vertex 335.08388709437685 110.25480380672931 88.89519619344463
    vertex 334.71837426240046 110.7311494034569 86.8951961934445
    vertex 335.0838870943764 110.25480380672846 86.89519619344463
  endloop
endfacet
facet normal -0.3826834323635178 -0.923879532511938 4.729117097907116e-13
  outer loop
    vertex 334.2420286656708 111.09666223543127 86.89519619344448
    vertex 333.68731246940666 111.32643320719183 88.8951961934445
    vertex 333.68731246940615 111.32643320719096 86.8951961934445
  endloop
endfacet
facet normal -0.3826834323635178 -0.923879532511938 4.729117097907116e-13
  outer loop
    vertex 333.68731246940666 111.32643320719183 88.8951961934445
    vertex 334.2420286656708 111.09666223543127 86.89519619344448
    vertex 334.24202866567117 111.09666223543209 88.89519619344448
  endloop
endfacet
facet normal -0.13052619222172784 0.9914448613735899 -3.9245463894889e-13
  outer loop
    vertex 283.6873124694141 106.88317440617763 88.89519619345864
    vertex 283.092028665678 106.80480380664069 86.89519619345883
    vertex 283.09202866567847 106.8048038066415 88.89519619345877
  endloop
endfacet
facet normal -0.13052619222172784 0.9914448613735899 -3.9245463894889e-13
  outer loop
    vertex 283.092028665678 106.80480380664069 86.89519619345883
    vertex 283.6873124694141 106.88317440617763 88.89519619345864
    vertex 283.6873124694137 106.88317440617682 86.89519619345866
  endloop
endfacet
facet normal 0.13052619222172784 -0.9914448613735899 3.9245463894889e-13
  outer loop
    vertex 282.49674486193464 111.32643320710456 86.89519619345702
    vertex 283.0920286656707 111.40480380664154 88.89519619345684
    vertex 282.49674486193504 111.32643320710542 88.89519619345702
  endloop
endfacet
facet normal 0.13052619222172784 -0.9914448613735899 3.9245463894889e-13
  outer loop
    vertex 283.0920286656707 111.40480380664154 88.89519619345684
    vertex 282.49674486193464 111.32643320710456 86.89519619345702
    vertex 283.0920286656703 111.40480380664069 86.89519619345685
  endloop
endfacet
facet normal -0.7933533402922408 0.6087614290074104 -1.0035430403718092e-13
  outer loop
    vertex 285.0838870943803 107.95480380664404 86.89519619345793
    vertex 284.71837426240637 107.47845820991522 88.89519619345818
    vertex 285.0838870943807 107.95480380664488 88.89519619345793
  endloop
endfacet
facet normal -0.7933533402922408 0.6087614290074104 -1.0035430403718092e-13
  outer loop
    vertex 284.71837426240637 107.47845820991522 88.89519619345818
    vertex 285.0838870943803 107.95480380664404 86.89519619345793
    vertex 284.718374262406 107.47845820991436 86.89519619345822
  endloop
endfacet
facet normal 0.9914448613735926 0.13052619222170692 -2.5053222113701253e-13
  outer loop
    vertex 280.87039926521027 108.50952000290114 86.89519619345855
    vertex 280.79202866567454 109.10480380663765 88.89519619345826
    vertex 280.87039926521066 108.509520002902 88.8951961934585
  endloop
endfacet
facet normal 0.9914448613735926 0.13052619222170692 -2.5053222113701253e-13
  outer loop
    vertex 280.79202866567454 109.10480380663765 88.89519619345826
    vertex 280.87039926521027 108.50952000290114 86.89519619345855
    vertex 280.79202866567414 109.10480380663681 86.8951961934583
  endloop
endfacet
facet normal -0.923879532510643 -0.3826834323666441 3.4357027761261606e-13
  outer loop
    vertex 285.08388709437645 110.25480380664403 86.89519619345694
    vertex 285.31365806613843 109.7000876103811 88.89519619345712
    vertex 285.08388709437685 110.2548038066449 88.89519619345694
  endloop
endfacet
facet normal -0.923879532510643 -0.3826834323666441 3.4357027761261606e-13
  outer loop
    vertex 285.31365806613843 109.7000876103811 88.89519619345712
    vertex 285.08388709437645 110.25480380664403 86.89519619345694
    vertex 285.31365806613803 109.70008761038024 86.89519619345712
  endloop
endfacet
facet normal -0.9914448613735926 -0.13052619222170692 2.5053222113701253e-13
  outer loop
    vertex 285.31365806613803 109.70008761038024 86.89519619345712
    vertex 285.39202866567456 109.1048038066454 88.89519619345737
    vertex 285.31365806613843 109.7000876103811 88.89519619345712
  endloop
endfacet
facet normal -0.9914448613735926 -0.13052619222170692 2.5053222113701253e-13
  outer loop
    vertex 285.39202866567456 109.1048038066454 88.89519619345737
    vertex 285.31365806613803 109.70008761038024 86.89519619345712
    vertex 285.39202866567416 109.1048038066446 86.89519619345737
  endloop
endfacet
facet normal 0.9914448613740336 -0.13052619221835673 -1.404208078150145e-13
  outer loop
    vertex 280.79202866567414 109.10480380663681 86.8951961934583
    vertex 280.8703992652087 109.70008761037359 88.89519619345799
    vertex 280.79202866567454 109.10480380663765 88.89519619345826
  endloop
endfacet
facet normal 0.9914448613740336 -0.13052619221835673 -1.404208078150145e-13
  outer loop
    vertex 280.8703992652087 109.70008761037359 88.89519619345799
    vertex 280.79202866567414 109.10480380663681 86.8951961934583
    vertex 280.8703992652083 109.70008761037275 86.89519619345803
  endloop
endfacet
facet normal 0.9238795325106574 0.38268343236660946 -6.027137660428563e-13
  outer loop
    vertex 224.75043660260772 106.35480380653779 90.8951961934875
    vertex 224.60058596884997 106.71657523888378 89.39519619348366
    vertex 224.60058596885014 106.71657523888375 90.89519619348742
  endloop
endfacet
facet normal 0.9238795325106574 0.38268343236660946 -6.027137660428563e-13
  outer loop
    vertex 224.60058596884997 106.71657523888378 89.39519619348366
    vertex 224.75043660260772 106.35480380653779 90.8951961934875
    vertex 224.7504366026075 106.35480380653779 89.39519619348373
  endloop
endfacet
facet normal -0.608761429007396 -0.7933533402922517 4.5466036898059125e-13
  outer loop
    vertex 284.2420286656708 111.09666223534684 86.8951961934568
    vertex 284.71837426240086 110.73114940337334 88.89519619345683
    vertex 284.24202866567117 111.09666223534771 88.89519619345674
  endloop
endfacet
facet normal -0.608761429007396 -0.7933533402922517 4.5466036898059125e-13
  outer loop
    vertex 284.71837426240086 110.73114940337334 88.89519619345683
    vertex 284.2420286656708 111.09666223534684 86.8951961934568
    vertex 284.71837426240046 110.73114940337253 86.89519619345683
  endloop
endfacet
facet normal 0.3826834323635178 0.923879532511938 -4.729117097907116e-13
  outer loop
    vertex 332.49674486194255 106.88317440626011 88.89519619344671
    vertex 331.9420286656775 107.11294537801895 86.89519619344675
    vertex 331.94202866567787 107.11294537801982 88.89519619344675
  endloop
endfacet
facet normal 0.3826834323635178 0.923879532511938 -4.729117097907116e-13
  outer loop
    vertex 331.9420286656775 107.11294537801895 86.89519619344675
    vertex 332.49674486194255 106.88317440626011 88.89519619344671
    vertex 332.4967448619421 106.88317440625926 86.89519619344671
  endloop
endfacet
facet normal 0.6087614290074377 0.7933533402922197 -7.000074247261173e-13
  outer loop
    vertex 225.2994747082853 105.80576570086205 90.89519619348755
    vertex 224.98881453650495 106.04414363475838 89.3951961934838
    vertex 224.9888145365051 106.04414363475836 90.89519619348752
  endloop
endfacet
facet normal 0.6087614290074377 0.7933533402922197 -7.000074247261173e-13
  outer loop
    vertex 224.98881453650495 106.04414363475838 89.3951961934838
    vertex 225.2994747082853 105.80576570086205 90.89519619348755
    vertex 225.29947470828515 105.80576570086207 89.39519619348383
  endloop
endfacet
facet normal -0.6087614290101167 0.793353340290164 -1.870302078194046e-13
  outer loop
    vertex 227.1101348800647 106.04414363476192 90.89519619348718
    vertex 226.79947470828517 105.8057657008646 89.39519619348356
    vertex 226.7994747082853 105.8057657008646 90.89519619348728
  endloop
endfacet
facet normal -0.6087614290101167 0.793353340290164 -1.870302078194046e-13
  outer loop
    vertex 226.79947470828517 105.8057657008646 89.39519619348356
    vertex 227.1101348800647 106.04414363476192 90.89519619348718
    vertex 227.11013488006455 106.04414363476197 89.39519619348341
  endloop
endfacet
facet normal 0.9914448613735828 0.13052619222178086 -2.7066227834130095e-13
  outer loop
    vertex 330.87039926521027 108.50952000298555 86.89519619344641
    vertex 330.7920286656746 109.10480380672206 88.89519619344617
    vertex 330.8703992652108 108.50952000298642 88.89519619344641
  endloop
endfacet
facet normal 0.9914448613735828 0.13052619222178086 -2.7066227834130095e-13
  outer loop
    vertex 330.7920286656746 109.10480380672206 88.89519619344617
    vertex 330.87039926521027 108.50952000298555 86.89519619344641
    vertex 330.79202866567414 109.10480380672121 86.89519619344617
  endloop
endfacet
facet normal -0.6087614290073841 -0.793353340292261 4.670205141254389e-13
  outer loop
    vertex 334.2420286656708 111.09666223543127 86.89519619344448
    vertex 334.71837426240086 110.73114940345775 88.8951961934445
    vertex 334.24202866567117 111.09666223543209 88.89519619344448
  endloop
endfacet
facet normal -0.6087614290073841 -0.793353340292261 4.670205141254389e-13
  outer loop
    vertex 334.71837426240086 110.73114940345775 88.8951961934445
    vertex 334.2420286656708 111.09666223543127 86.89519619344448
    vertex 334.71837426240046 110.7311494034569 86.8951961934445
  endloop
endfacet
facet normal -0.9914448613735828 -0.13052619222178086 2.7066227834130095e-13
  outer loop
    vertex 335.313658066138 109.70008761046466 86.89519619344482
    vertex 335.3920286656746 109.10480380672982 88.89519619344505
    vertex 335.31365806613843 109.70008761046552 88.8951961934448
  endloop
endfacet
facet normal -0.9914448613735828 -0.13052619222178086 2.7066227834130095e-13
  outer loop
    vertex 335.3920286656746 109.10480380672982 88.89519619344505
    vertex 335.313658066138 109.70008761046466 86.89519619344482
    vertex 335.39202866567416 109.10480380672897 86.89519619344505
  endloop
endfacet
facet normal -0.9914448613740242 0.1305261922184283 3.447582814469041e-13
  outer loop
    vertex 227.54947470828296 107.10480380654253 89.39519619348299
    vertex 227.49836344771737 106.71657523888865 90.8951961934869
    vertex 227.5494747082831 107.10480380654253 90.89519619348671
  endloop
endfacet
facet normal -0.9914448613740242 0.1305261922184283 3.447582814469041e-13
  outer loop
    vertex 227.49836344771737 106.71657523888865 90.8951961934869
    vertex 227.54947470828296 107.10480380654253 89.39519619348299
    vertex 227.49836344771728 106.71657523888867 89.39519619348313
  endloop
endfacet
facet normal -1.0 -1.688340658010706e-12 3.3477763796211574e-13
  outer loop
    vertex 358.09202866557865 164.68443293821372 88.89519619341392
    vertex 358.09202866568126 103.5251746753211 86.89519619347665
    vertex 358.09202866568194 103.52517467532259 88.89519619347664
  endloop
endfacet
facet normal -1.0 -1.688340658010706e-12 3.3477763796211574e-13
  outer loop
    vertex 358.09202866568126 103.5251746753211 86.89519619347665
    vertex 358.09202866557865 164.68443293821372 88.89519619341392
    vertex 358.092028665578 164.6844329382122 86.89519619341392
  endloop
endfacet
facet normal -0.6087614290074014 -0.7933533402922476 7.000086988181606e-13
  outer loop
    vertex 226.7994747082808 108.40384191221793 89.3951961934827
    vertex 227.1101348800611 108.16546397832161 90.89519619348646
    vertex 226.7994747082809 108.4038419122179 90.89519619348643
  endloop
endfacet
facet normal -0.6087614290074014 -0.7933533402922476 7.000086988181606e-13
  outer loop
    vertex 227.1101348800611 108.16546397832161 90.89519619348646
    vertex 226.7994747082808 108.40384191221793 89.3951961934827
    vertex 227.110134880061 108.16546397832161 89.39519619348273
  endloop
endfacet
facet normal -0.3826834323635558 -0.9238795325119223 6.777267724857889e-13
  outer loop
    vertex 226.43770327593435 108.55369254597424 89.39519619348273
    vertex 226.7994747082809 108.4038419122179 90.89519619348643
    vertex 226.43770327593444 108.55369254597424 90.89519619348646
  endloop
endfacet
facet normal -0.3826834323635558 -0.9238795325119223 6.777267724857889e-13
  outer loop
    vertex 226.7994747082809 108.4038419122179 90.89519619348643
    vertex 226.43770327593435 108.55369254597424 89.39519619348273
    vertex 226.7994747082808 108.40384191221793 89.3951961934827
  endloop
endfacet
facet normal -0.7933533402901614 -0.6087614290101203 6.738192369885083e-13
  outer loop
    vertex 227.110134880061 108.16546397832161 89.39519619348273
    vertex 227.34851281395848 107.85480380654218 90.89519619348653
    vertex 227.1101348800611 108.16546397832161 90.89519619348646
  endloop
endfacet
facet normal -0.7933533402901614 -0.6087614290101203 6.738192369885083e-13
  outer loop
    vertex 227.34851281395848 107.85480380654218 90.89519619348653
    vertex 227.110134880061 108.16546397832161 89.39519619348273
    vertex 227.3485128139584 107.85480380654221 89.39519619348276
  endloop
endfacet
facet normal -0.608761429010063 0.7933533402902053 -2.022494314494314e-13
  outer loop
    vertex 334.71837426240637 107.47845820999963 88.89519619344591
    vertex 334.24202866567754 107.11294537802286 86.8951961934462
    vertex 334.24202866567794 107.1129453780237 88.89519619344618
  endloop
endfacet
facet normal -0.608761429010063 0.7933533402902053 -2.022494314494314e-13
  outer loop
    vertex 334.24202866567754 107.11294537802286 86.8951961934462
    vertex 334.71837426240637 107.47845820999963 88.89519619344591
    vertex 334.718374262406 107.47845820999878 86.89519619344591
  endloop
endfacet
facet normal 0.7933533402901575 0.6087614290101252 -6.745937189397192e-13
  outer loop
    vertex 224.9888145365051 106.04414363475836 90.89519619348752
    vertex 224.7504366026075 106.35480380653779 89.39519619348373
    vertex 224.75043660260772 106.35480380653779 90.8951961934875
  endloop
endfacet
facet normal 0.7933533402901575 0.6087614290101252 -6.745937189397192e-13
  outer loop
    vertex 224.7504366026075 106.35480380653779 89.39519619348373
    vertex 224.9888145365051 106.04414363475836 90.89519619348752
    vertex 224.98881453650495 106.04414363475838 89.3951961934838
  endloop
endfacet
facet normal -0.9914448613735835 -0.13052619222177606 4.906983790450051e-13
  outer loop
    vertex 227.49836344771597 107.49303237419622 89.39519619348287
    vertex 227.5494747082831 107.10480380654253 90.89519619348671
    vertex 227.49836344771606 107.4930323741962 90.89519619348664
  endloop
endfacet
facet normal -0.9914448613735835 -0.13052619222177606 4.906983790450051e-13
  outer loop
    vertex 227.5494747082831 107.10480380654253 90.89519619348671
    vertex 227.49836344771597 107.49303237419622 89.39519619348287
    vertex 227.54947470828296 107.10480380654253 89.39519619348299
  endloop
endfacet
facet normal 0.9238795325106401 0.38268343236665076 -3.623285046848997e-13
  outer loop
    vertex 331.10017023697185 107.95480380672174 86.8951961934466
    vertex 330.8703992652108 108.50952000298642 88.89519619344641
    vertex 331.10017023697236 107.95480380672257 88.8951961934466
  endloop
endfacet
facet normal 0.9238795325106401 0.38268343236665076 -3.623285046848997e-13
  outer loop
    vertex 330.8703992652108 108.50952000298642 88.89519619344641
    vertex 331.10017023697185 107.95480380672174 86.8951961934466
    vertex 330.87039926521027 108.50952000298555 86.89519619344641
  endloop
endfacet
facet normal 0.1305261922217119 -0.9914448613735919 4.992660319872958e-13
  outer loop
    vertex 225.66124614062667 108.55369254597294 89.39519619348287
    vertex 226.04947470828054 108.60480380653999 90.89519619348651
    vertex 225.66124614062684 108.55369254597294 90.89519619348664
  endloop
endfacet
facet normal 0.1305261922217119 -0.9914448613735919 4.992660319872958e-13
  outer loop
    vertex 226.04947470828054 108.60480380653999 90.89519619348651
    vertex 225.66124614062667 108.55369254597294 89.39519619348287
    vertex 226.04947470828043 108.60480380653999 89.39519619348276
  endloop
endfacet
facet normal -0.9238795325106574 -0.38268343236660946 6.027139316507523e-13
  outer loop
    vertex 227.3485128139584 107.85480380654221 89.39519619348276
    vertex 227.49836344771606 107.4930323741962 90.89519619348664
    vertex 227.34851281395848 107.85480380654218 90.89519619348653
  endloop
endfacet
facet normal -0.9238795325106574 -0.38268343236660946 6.027139316507523e-13
  outer loop
    vertex 227.49836344771606 107.4930323741962 90.89519619348664
    vertex 227.3485128139584 107.85480380654221 89.39519619348276
    vertex 227.49836344771597 107.49303237419622 89.39519619348287
  endloop
endfacet
facet normal -0.1305261922217301 0.9914448613735896 -5.148042221353881e-13
  outer loop
    vertex 226.43770327593936 105.65591506710705 90.89519619348744
    vertex 226.04947470828546 105.60480380653999 89.39519619348374
    vertex 226.04947470828566 105.60480380653999 90.8951961934875
  endloop
endfacet
facet normal -0.1305261922217301 0.9914448613735896 -5.148042221353881e-13
  outer loop
    vertex 226.04947470828546 105.60480380653999 89.39519619348374
    vertex 226.43770327593936 105.65591506710705 90.89519619348744
    vertex 226.2278630857318 105.62828908197167 89.3951961934769
  endloop
endfacet
facet normal -0.1305261922217301 0.9914448613735896 -5.148042221353881e-13
  outer loop
    vertex 226.2278630857318 105.62828908197167 89.3951961934769
    vertex 226.43770327593936 105.65591506710705 90.89519619348744
    vertex 226.43770327593927 105.65591506710705 89.39519619348367
  endloop
endfacet
facet normal 0.7933533402902213 0.6087614290100422 -4.2930264221040414e-13
  outer loop
    vertex 331.46568306894784 107.47845820999328 86.89519619344671
    vertex 331.10017023697236 107.95480380672257 88.8951961934466
    vertex 331.46568306894824 107.47845820999413 88.89519619344671
  endloop
endfacet
facet normal 0.7933533402902213 0.6087614290100422 -4.2930264221040414e-13
  outer loop
    vertex 331.10017023697236 107.95480380672257 88.8951961934466
    vertex 331.46568306894784 107.47845820999328 86.89519619344671
    vertex 331.10017023697185 107.95480380672174 86.8951961934466
  endloop
endfacet
facet normal 0.9914448613740235 -0.1305261922184331 -1.6055086501923942e-13
  outer loop
    vertex 330.79202866567414 109.10480380672121 86.89519619344617
    vertex 330.8703992652088 109.70008761045798 88.8951961934459
    vertex 330.7920286656746 109.10480380672206 88.89519619344617
  endloop
endfacet
facet normal 0.9914448613740235 -0.1305261922184331 -1.6055086501923942e-13
  outer loop
    vertex 330.8703992652088 109.70008761045798 88.8951961934459
    vertex 330.79202866567414 109.10480380672121 86.89519619344617
    vertex 330.8703992652082 109.70008761045717 86.8951961934459
  endloop
endfacet
facet normal 0.608761429010063 -0.7933533402902053 2.022494314494314e-13
  outer loop
    vertex 331.4656830689423 110.7311494034514 86.89519619344532
    vertex 331.94202866567116 111.09666223542821 88.89519619344503
    vertex 331.4656830689427 110.73114940345225 88.8951961934453
  endloop
endfacet
facet normal 0.608761429010063 -0.7933533402902053 2.022494314494314e-13
  outer loop
    vertex 331.94202866567116 111.09666223542821 88.89519619344503
    vertex 331.4656830689423 110.7311494034514 86.89519619344532
    vertex 331.94202866567076 111.09666223542739 86.89519619344505
  endloop
endfacet
facet normal -0.9238795325119324 0.38268343236353114 3.949817556903545e-14
  outer loop
    vertex 335.31365806613996 108.50952000299307 86.89519619344532
    vertex 335.0838870943807 107.9548038067293 88.89519619344561
    vertex 335.3136580661404 108.50952000299391 88.89519619344532
  endloop
endfacet
facet normal -0.9238795325119324 0.38268343236353114 3.949817556903545e-14
  outer loop
    vertex 335.0838870943807 107.9548038067293 88.89519619344561
    vertex 335.31365806613996 108.50952000299307 86.89519619344532
    vertex 335.08388709438026 107.95480380672848 86.89519619344561
  endloop
endfacet
facet normal -0.13052619222174633 0.9914448613735873 -3.8980446664136694e-13
  outer loop
    vertex 333.6873124694141 106.8831744062621 88.89519619344642
    vertex 333.092028665678 106.80480380672512 86.8951961934466
    vertex 333.09202866567847 106.80480380672593 88.8951961934466
  endloop
endfacet
facet normal -0.13052619222174633 0.9914448613735873 -3.8980446664136694e-13
  outer loop
    vertex 333.092028665678 106.80480380672512 86.8951961934466
    vertex 333.6873124694141 106.8831744062621 88.89519619344642
    vertex 333.68731246941365 106.88317440626128 86.89519619344642
  endloop
endfacet
facet normal -0.3826834323666264 0.9238795325106502 -3.5525083037669554e-13
  outer loop
    vertex 226.7994747082853 105.8057657008646 90.89519619348728
    vertex 226.43770327593927 105.65591506710705 89.39519619348367
    vertex 226.43770327593936 105.65591506710705 90.89519619348744
  endloop
endfacet
facet normal -0.3826834323666264 0.9238795325106502 -3.5525083037669554e-13
  outer loop
    vertex 226.43770327593927 105.65591506710705 89.39519619348367
    vertex 226.7994747082853 105.8057657008646 90.89519619348728
    vertex 226.79947470828517 105.8057657008646 89.39519619348356
  endloop
endfacet
facet normal 0.9238795325119425 -0.3826834323635064 -1.753261392006901e-13
  outer loop
    vertex 224.60058596884866 107.49303237419133 89.39519619348341
    vertex 224.75043660260513 107.85480380653776 90.89519619348698
    vertex 224.60058596884883 107.4930323741913 90.89519619348717
  endloop
endfacet
facet normal 0.9238795325119425 -0.3826834323635064 -1.753261392006901e-13
  outer loop
    vertex 224.75043660260513 107.85480380653776 90.89519619348698
    vertex 224.60058596884866 107.49303237419133 89.39519619348341
    vertex 224.75043660260496 107.8548038065378 89.39519619348326
  endloop
endfacet
facet normal 0.6087614290100803 -0.7933533402901919 1.8702577372563761e-13
  outer loop
    vertex 224.9888145365014 108.16546397831803 89.39519619348312
    vertex 225.2994747082809 108.40384191221536 90.8951961934867
    vertex 224.9888145365015 108.16546397831803 90.89519619348688
  endloop
endfacet
facet normal 0.6087614290100803 -0.7933533402901919 1.8702577372563761e-13
  outer loop
    vertex 225.2994747082809 108.40384191221536 90.8951961934867
    vertex 224.9888145365014 108.16546397831803 89.39519619348312
    vertex 225.29947470828077 108.40384191221537 89.39519619348297
  endloop
endfacet
facet normal -0.9914448613740242 0.1305261922184283 2.6522102255788227e-13
  outer loop
    vertex 227.5494747081907 161.104803806553 89.39519619341813
    vertex 227.49836344762616 160.71657523890093 90.89519619346363
    vertex 227.54947470819195 161.1048038065548 90.89519619346345
  endloop
endfacet
facet normal -0.9914448613740242 0.1305261922184283 2.6522102255788227e-13
  outer loop
    vertex 227.49836344762616 160.71657523890093 90.89519619346363
    vertex 227.5494747081907 161.104803806553 89.39519619341813
    vertex 227.4983634476249 160.71657523889914 89.39519619341831
  endloop
endfacet
facet normal 0.9238795325119468 -0.3826834323634965 -1.0463171248225591e-13
  outer loop
    vertex 224.6005859687564 161.49303237420182 89.3951961934186
    vertex 224.75043660251401 161.85480380655008 90.89519619346372
    vertex 224.60058596875766 161.49303237420358 90.89519619346392
  endloop
endfacet
facet normal 0.9238795325119468 -0.3826834323634965 -1.0463171248225591e-13
  outer loop
    vertex 224.75043660251401 161.85480380655008 90.89519619346372
    vertex 224.6005859687564 161.49303237420182 89.3951961934186
    vertex 224.75043660251274 161.85480380654826 89.3951961934184
  endloop
endfacet
facet normal 0.1305261922183736 0.9914448613740313 -6.080011614157483e-13
  outer loop
    vertex 226.04947470828566 105.60480380653999 90.8951961934875
    vertex 225.6612461406316 105.65591506710572 89.3951961934838
    vertex 225.66124614063176 105.65591506710572 90.89519619348752
  endloop
endfacet
facet normal 0.1305261922183736 0.9914448613740313 -6.080011614157483e-13
  outer loop
    vertex 225.6612461406316 105.65591506710572 89.3951961934838
    vertex 226.04947470828566 105.60480380653999 90.8951961934875
    vertex 226.04947470828546 105.60480380653999 89.39519619348374
  endloop
endfacet
facet normal -0.3826834323666757 0.92387953251063 -3.744904283295349e-13
  outer loop
    vertex 226.43770327584818 159.6559150671193 90.89519619346416
    vertex 226.79947470819286 159.80576570087507 89.39519619341868
    vertex 226.4377032758469 159.65591506711752 89.39519619341884
  endloop
endfacet
facet normal -0.3826834323666757 0.92387953251063 -3.744904283295349e-13
  outer loop
    vertex 226.79947470819286 159.80576570087507 89.39519619341868
    vertex 226.43770327584818 159.6559150671193 90.89519619346416
    vertex 226.7994747081941 159.80576570087686 90.895196193464
  endloop
endfacet
facet normal -0.9238795325119469 0.3826834323634963 1.0463204462241324e-13
  outer loop
    vertex 227.4983634476249 160.71657523889914 89.39519619341831
    vertex 227.3485128138699 160.35480380655446 90.89519619346373
    vertex 227.49836344762616 160.71657523890093 90.89519619346363
  endloop
endfacet
facet normal -0.9238795325119469 0.3826834323634963 1.0463204462241324e-13
  outer loop
    vertex 227.3485128138699 160.35480380655446 90.89519619346373
    vertex 227.4983634476249 160.71657523889914 89.39519619341831
    vertex 227.3485128138686 160.35480380655267 89.39519619341841
  endloop
endfacet
facet normal 0.13052619222174972 -0.9914448613735869 4.797381974743332e-13
  outer loop
    vertex 225.9222802726086 162.58805834142697 89.39519619342144
    vertex 225.6612461405357 162.5536925459852 90.89519619346338
    vertex 225.6612461405344 162.5536925459834 89.39519619341806
  endloop
endfacet
facet normal 0.13052619222174972 -0.9914448613735869 4.797381974743332e-13
  outer loop
    vertex 225.6612461405357 162.5536925459852 90.89519619346338
    vertex 225.9222802726086 162.58805834142697 89.39519619342144
    vertex 226.04947470818942 162.60480380655224 90.89519619346326
  endloop
endfacet
facet normal 0.13052619222174972 -0.9914448613735869 4.797381974743332e-13
  outer loop
    vertex 226.04947470818942 162.60480380655224 90.89519619346326
    vertex 225.9222802726086 162.58805834142697 89.39519619342144
    vertex 226.04947470818814 162.60480380655048 89.39519619341795
  endloop
endfacet
facet normal 0.6087614290074013 0.7933533402922475 -6.397100623910693e-13
  outer loop
    vertex 224.98881453641388 160.04414363477062 90.89519619346426
    vertex 225.29947470819283 159.80576570087254 89.39519619341897
    vertex 224.98881453641263 160.04414363476886 89.39519619341894
  endloop
endfacet
facet normal 0.6087614290074013 0.7933533402922475 -6.397100623910693e-13
  outer loop
    vertex 225.29947470819283 159.80576570087254 89.39519619341897
    vertex 224.98881453641388 160.04414363477062 90.89519619346426
    vertex 225.29947470819408 159.80576570087433 90.89519619346429
  endloop
endfacet
facet normal -0.9238795325119509 0.3826834323634863 1.7532515733903094e-13
  outer loop
    vertex 227.49836344771728 106.71657523888867 89.39519619348313
    vertex 227.34851281396107 106.35480380654217 90.895196193487
    vertex 227.49836344771737 106.71657523888865 90.8951961934869
  endloop
endfacet
facet normal -0.9238795325119509 0.3826834323634863 1.7532515733903094e-13
  outer loop
    vertex 227.34851281396107 106.35480380654217 90.895196193487
    vertex 227.49836344771728 106.71657523888867 89.39519619348313
    vertex 227.34851281396092 106.3548038065422 89.39519619348327
  endloop
endfacet
facet normal 0.9914448613740241 -0.1305261922184283 -3.4475814876201393e-13
  outer loop
    vertex 224.54947470828307 107.10480380653746 90.89519619348727
    vertex 224.60058596884866 107.49303237419133 89.39519619348341
    vertex 224.60058596884883 107.4930323741913 90.89519619348717
  endloop
endfacet
facet normal 0.9914448613740241 -0.1305261922184283 -3.4475814876201393e-13
  outer loop
    vertex 224.60058596884866 107.49303237419133 89.39519619348341
    vertex 224.54947470828307 107.10480380653746 90.89519619348727
    vertex 224.54947470828293 107.10480380653749 89.39519619348354
  endloop
endfacet
facet normal 0.13052619221836423 0.9914448613740326 -5.855512605465437e-13
  outer loop
    vertex 225.66124614054058 159.655915067118 90.89519619346426
    vertex 226.0494747081932 159.60480380655048 89.39519619341887
    vertex 225.6612461405393 159.6559150671162 89.39519619341894
  endloop
endfacet
facet normal 0.13052619221836423 0.9914448613740326 -5.855512605465437e-13
  outer loop
    vertex 226.0494747081932 159.60480380655048 89.39519619341887
    vertex 225.66124614054058 159.655915067118 90.89519619346426
    vertex 226.04947470819445 159.60480380655224 90.89519619346423
  endloop
endfacet
facet normal 0.7933533402922346 -0.608761429007418 6.056741358965992e-15
  outer loop
    vertex 224.75043660260513 107.85480380653776 90.89519619348698
    vertex 224.9888145365014 108.16546397831803 89.39519619348312
    vertex 224.9888145365015 108.16546397831803 90.89519619348688
  endloop
endfacet
facet normal 0.7933533402922346 -0.608761429007418 6.056741358965992e-15
  outer loop
    vertex 224.9888145365014 108.16546397831803 89.39519619348312
    vertex 224.75043660260513 107.85480380653776 90.89519619348698
    vertex 224.75043660260496 107.8548038065378 89.39519619348326
  endloop
endfacet
facet normal -0.13052619221836423 -0.9914448613740326 6.092557297702061e-13
  outer loop
    vertex 226.04947470828043 108.60480380653999 89.39519619348276
    vertex 226.43770327593444 108.55369254597424 90.89519619348646
    vertex 226.04947470828054 108.60480380653999 90.89519619348651
  endloop
endfacet
facet normal -0.13052619221836423 -0.9914448613740326 6.092557297702061e-13
  outer loop
    vertex 226.43770327593444 108.55369254597424 90.89519619348646
    vertex 226.04947470828043 108.60480380653999 89.39519619348276
    vertex 226.43770327593435 108.55369254597424 89.39519619348273
  endloop
endfacet
facet normal -0.7933533402922132 0.6087614290074462 -6.060326058093768e-15
  outer loop
    vertex 227.34851281396092 106.3548038065422 89.39519619348327
    vertex 227.1101348800647 106.04414363476192 90.89519619348718
    vertex 227.34851281396107 106.35480380654217 90.895196193487
  endloop
endfacet
facet normal -0.7933533402922132 0.6087614290074462 -6.060326058093768e-15
  outer loop
    vertex 227.1101348800647 106.04414363476192 90.89519619348718
    vertex 227.34851281396092 106.3548038065422 89.39519619348327
    vertex 227.11013488006455 106.04414363476197 89.39519619348341
  endloop
endfacet
facet normal 0.38268343236670327 -0.9238795325106185 3.660043125453192e-13
  outer loop
    vertex 225.29947470828077 108.40384191221537 89.39519619348297
    vertex 225.66124614062684 108.55369254597294 90.89519619348664
    vertex 225.2994747082809 108.40384191221536 90.8951961934867
  endloop
endfacet
facet normal 0.38268343236670327 -0.9238795325106185 3.660043125453192e-13
  outer loop
    vertex 225.66124614062684 108.55369254597294 90.89519619348664
    vertex 225.29947470828077 108.40384191221537 89.39519619348297
    vertex 225.40134787311078 108.44603915873007 89.39519619347548
  endloop
endfacet
facet normal 0.38268343236670327 -0.9238795325106185 3.660043125453192e-13
  outer loop
    vertex 225.66124614062684 108.55369254597294 90.89519619348664
    vertex 225.40134787311078 108.44603915873007 89.39519619347548
    vertex 225.66124614062667 108.55369254597294 89.39519619348287
  endloop
endfacet
facet normal 0.3826834323635067 0.9238795325119425 -6.77726899768113e-13
  outer loop
    vertex 225.66124614063176 105.65591506710572 90.89519619348752
    vertex 225.29947470828515 105.80576570086207 89.39519619348383
    vertex 225.2994747082853 105.80576570086205 90.89519619348755
  endloop
endfacet
facet normal 0.3826834323635067 0.9238795325119425 -6.77726899768113e-13
  outer loop
    vertex 225.29947470828515 105.80576570086207 89.39519619348383
    vertex 225.66124614063176 105.65591506710572 90.89519619348752
    vertex 225.6612461406316 105.65591506710572 89.3951961934838
  endloop
endfacet
facet normal -0.6087614290100803 0.793353340290192 -2.265101802611623e-13
  outer loop
    vertex 226.7994747081941 159.80576570087686 90.895196193464
    vertex 227.11013487997224 160.04414363477244 89.3951961934186
    vertex 226.79947470819286 159.80576570087507 89.39519619341868
  endloop
endfacet
facet normal -0.6087614290100803 0.793353340290192 -2.265101802611623e-13
  outer loop
    vertex 227.11013487997224 160.04414363477244 89.3951961934186
    vertex 226.7994747081941 159.80576570087686 90.895196193464
    vertex 227.1101348799735 160.0441436347742 90.89519619346393
  endloop
endfacet
facet normal 0.7933533402922242 -0.608761429007432 6.308707696176501e-14
  outer loop
    vertex 224.75043660251401 161.85480380655008 90.89519619346372
    vertex 224.98881453640908 162.16546397832852 89.3951961934183
    vertex 224.98881453641033 162.16546397833028 90.89519619346362
  endloop
endfacet
facet normal 0.7933533402922242 -0.608761429007432 6.308707696176501e-14
  outer loop
    vertex 224.98881453640908 162.16546397832852 89.3951961934183
    vertex 224.75043660251401 161.85480380655008 90.89519619346372
    vertex 224.75043660251274 161.85480380654826 89.3951961934184
  endloop
endfacet
facet normal -0.13052619221836415 -0.9914448613740326 5.855501654438366e-13
  outer loop
    vertex 226.43770327584198 162.55369254598472 89.39519619341786
    vertex 226.04947470818942 162.60480380655224 90.89519619346326
    vertex 226.04947470818814 162.60480380655048 89.39519619341795
  endloop
endfacet
facet normal -0.13052619221836415 -0.9914448613740326 5.855501654438366e-13
  outer loop
    vertex 226.04947470818942 162.60480380655224 90.89519619346326
    vertex 226.43770327584198 162.55369254598472 89.39519619341786
    vertex 226.4377032758433 162.5536925459865 90.89519619346318
  endloop
endfacet
facet normal -0.7933533402922242 0.608761429007432 -6.30892298834063e-14
  outer loop
    vertex 227.3485128138686 160.35480380655267 89.39519619341841
    vertex 227.1101348799735 160.0441436347742 90.89519619346393
    vertex 227.3485128138699 160.35480380655446 90.89519619346373
  endloop
endfacet
facet normal -0.7933533402922242 0.608761429007432 -6.30892298834063e-14
  outer loop
    vertex 227.1101348799735 160.0441436347742 90.89519619346393
    vertex 227.3485128138686 160.35480380655267 89.39519619341841
    vertex 227.11013487997224 160.04414363477244 89.3951961934186
  endloop
endfacet
facet normal 0.9914448613735836 0.13052619222177608 -4.077353951145958e-13
  outer loop
    vertex 224.6005859687577 160.71657523889425 89.39519619341883
    vertex 224.54947470819192 161.1048038065497 90.895196193464
    vertex 224.60058596875896 160.71657523889604 90.89519619346414
  endloop
endfacet
facet normal 0.9914448613735836 0.13052619222177608 -4.077353951145958e-13
  outer loop
    vertex 224.54947470819192 161.1048038065497 90.895196193464
    vertex 224.6005859687577 160.71657523889425 89.39519619341883
    vertex 224.54947470819064 161.10480380654795 89.39519619341868
  endloop
endfacet
facet normal -0.7933533402901685 -0.608761429010111 6.015827360414466e-13
  outer loop
    vertex 227.11013487996868 162.16546397833207 89.39519619341787
    vertex 227.34851281386736 161.85480380655446 90.89519619346326
    vertex 227.11013487996993 162.1654639783339 90.89519619346319
  endloop
endfacet
facet normal -0.7933533402901685 -0.608761429010111 6.015827360414466e-13
  outer loop
    vertex 227.34851281386736 161.85480380655446 90.89519619346326
    vertex 227.11013487996868 162.16546397833207 89.39519619341787
    vertex 227.34851281386608 161.85480380655267 89.39519619341795
  endloop
endfacet
facet normal 0.991444861373591 0.13052619222171946 -1.0572874094782541e-13
  outer loop
    vertex 223.15169722932478 160.32834667123802 89.39519619341883
    vertex 223.04947470819044 161.10480380654485 86.89519619341863
    vertex 223.04947470819067 161.10480380654542 89.39519619341864
  endloop
endfacet
facet normal 0.991444861373591 0.13052619222171946 -1.0572874094782541e-13
  outer loop
    vertex 223.04947470819044 161.10480380654485 86.89519619341863
    vertex 223.15169722932478 160.32834667123802 89.39519619341883
    vertex 223.15169722932455 160.32834667123745 86.8951961934188
  endloop
endfacet
facet normal -0.38268343236355595 -0.9238795325119221 6.342427474125321e-13
  outer loop
    vertex 226.79947470818848 162.4038419122284 89.39519619341783
    vertex 226.4377032758433 162.5536925459865 90.89519619346318
    vertex 226.43770327584198 162.55369254598472 89.39519619341786
  endloop
endfacet
facet normal -0.38268343236355595 -0.9238795325119221 6.342427474125321e-13
  outer loop
    vertex 226.4377032758433 162.5536925459865 90.89519619346318
    vertex 226.79947470818848 162.4038419122284 89.39519619341783
    vertex 226.79947470818973 162.40384191223018 90.89519619346316
  endloop
endfacet
facet normal 0.38268343236667574 -0.92387953251063 3.7449071804224754e-13
  outer loop
    vertex 225.6612461405344 162.5536925459834 89.39519619341806
    vertex 225.2994747081897 162.40384191222765 90.89519619346343
    vertex 225.29947470818846 162.40384191222586 89.39519619341812
  endloop
endfacet
facet normal 0.38268343236667574 -0.92387953251063 3.7449071804224754e-13
  outer loop
    vertex 225.2994747081897 162.40384191222765 90.89519619346343
    vertex 225.6612461405344 162.5536925459834 89.39519619341806
    vertex 225.6612461405357 162.5536925459852 90.89519619346338
  endloop
endfacet
facet normal 0.38268343236355595 0.9238795325119221 -6.342417509920607e-13
  outer loop
    vertex 225.29947470819408 159.80576570087433 90.89519619346429
    vertex 225.6612461405393 159.6559150671162 89.39519619341894
    vertex 225.29947470819283 159.80576570087254 89.39519619341897
  endloop
endfacet
facet normal 0.38268343236355595 0.9238795325119221 -6.342417509920607e-13
  outer loop
    vertex 225.6612461405393 159.6559150671162 89.39519619341894
    vertex 225.29947470819408 159.80576570087433 90.89519619346429
    vertex 225.66124614054058 159.655915067118 90.89519619346426
  endloop
endfacet
facet normal -0.608761429010043 0.7933533402902205 -1.2759584508956347e-13
  outer loop
    vertex 228.17079505175388 158.9834834629944 89.39519619341871
    vertex 227.5494747081948 158.50672759519915 86.89519619341887
    vertex 227.54947470819508 158.50672759519966 89.39519619341888
  endloop
endfacet
facet normal -0.608761429010043 0.7933533402902205 -1.2759584508956347e-13
  outer loop
    vertex 227.5494747081948 158.50672759519915 86.89519619341887
    vertex 228.17079505175388 158.9834834629944 89.39519619341871
    vertex 228.17079505175366 158.98348346299386 86.89519619341874
  endloop
endfacet
facet normal -0.6087614290074014 -0.7933533402922476 6.397128376412806e-13
  outer loop
    vertex 227.11013487996868 162.16546397833207 89.39519619341787
    vertex 226.79947470818973 162.40384191223018 90.89519619346316
    vertex 226.79947470818848 162.4038419122284 89.39519619341783
  endloop
endfacet
facet normal -0.6087614290074014 -0.7933533402922476 6.397128376412806e-13
  outer loop
    vertex 226.79947470818973 162.40384191223018 90.89519619346316
    vertex 227.11013487996868 162.16546397833207 89.39519619341787
    vertex 227.11013487996993 162.1654639783339 90.89519619346319
  endloop
endfacet
facet normal 0.1305261922183858 0.9914448613740298 -2.2864182843185434e-13
  outer loop
    vertex 226.04947470819573 158.10480380655048 89.39519619341907
    vertex 225.27301757288782 158.2070263276814 86.89519619341911
    vertex 225.273017572888 158.20702632768194 89.39519619341912
  endloop
endfacet
facet normal 0.1305261922183858 0.9914448613740298 -2.2864182843185434e-13
  outer loop
    vertex 225.27301757288782 158.2070263276814 86.89519619341911
    vertex 226.04947470819573 158.10480380655048 89.39519619341907
    vertex 226.0494747081955 158.1048038065499 86.8951961934191
  endloop
endfacet
facet normal -7.762549423956154e-14 -2.203951795633541e-13 -1.0
  outer loop
    vertex 223.45139849683991 159.6048038065461 89.39519619341897
    vertex 225.6612461405393 159.6559150671162 89.39519619341894
    vertex 226.0494747081932 159.60480380655048 89.39519619341887
  endloop
endfacet
facet normal -7.762549423956154e-14 -2.203951795633541e-13 -1.0
  outer loop
    vertex 225.6612461405393 159.6559150671162 89.39519619341894
    vertex 223.45139849683991 159.6048038065461 89.39519619341897
    vertex 223.15169722932478 160.32834667123802 89.39519619341883
  endloop
endfacet
facet normal -7.762549423956154e-14 -2.203951795633541e-13 -1.0
  outer loop
    vertex 225.6612461405393 159.6559150671162 89.39519619341894
    vertex 223.15169722932478 160.32834667123802 89.39519619341883
    vertex 225.29947470819283 159.80576570087254 89.39519619341897
  endloop
endfacet
facet normal -7.762549423956154e-14 -2.203951795633541e-13 -1.0
  outer loop
    vertex 225.29947470819283 159.80576570087254 89.39519619341897
    vertex 223.15169722932478 160.32834667123802 89.39519619341883
    vertex 224.98881453641263 160.04414363476886 89.39519619341894
  endloop
endfacet
facet normal -7.762549423956154e-14 -2.203951795633541e-13 -1.0
  outer loop
    vertex 224.98881453641263 160.04414363476886 89.39519619341894
    vertex 223.15169722932478 160.32834667123802 89.39519619341883
    vertex 224.75043660251526 160.35480380654826 89.39519619341887
  endloop
endfacet
facet normal -7.762549423956154e-14 -2.203951795633541e-13 -1.0
  outer loop
    vertex 224.75043660251526 160.35480380654826 89.39519619341887
    vertex 223.15169722932478 160.32834667123802 89.39519619341883
    vertex 223.04947470819067 161.10480380654542 89.39519619341864
  endloop
endfacet
facet normal -7.762549423956154e-14 -2.203951795633541e-13 -1.0
  outer loop
    vertex 224.75043660251526 160.35480380654826 89.39519619341887
    vertex 223.04947470819067 161.10480380654542 89.39519619341864
    vertex 224.7245286705199 160.41735108734426 89.39519619342299
  endloop
endfacet
facet normal -7.762549423956154e-14 -2.203951795633541e-13 -1.0
  outer loop
    vertex 224.7245286705199 160.41735108734426 89.39519619342299
    vertex 223.04947470819067 161.10480380654542 89.39519619341864
    vertex 224.6005859687577 160.71657523889425 89.39519619341883
  endloop
endfacet
facet normal -7.762549423956154e-14 -2.203951795633541e-13 -1.0
  outer loop
    vertex 224.6005859687577 160.71657523889425 89.39519619341883
    vertex 223.04947470819067 161.10480380654542 89.39519619341864
    vertex 224.54947470819064 161.10480380654795 89.39519619341868
  endloop
endfacet
facet normal -7.762549423956154e-14 -2.203951795633541e-13 -1.0
  outer loop
    vertex 224.54947470819064 161.10480380654795 89.39519619341868
    vertex 223.04947470819067 161.10480380654542 89.39519619341864
    vertex 223.15169722932217 161.88126094185316 89.39519619341846
  endloop
endfacet
facet normal -7.762549423956154e-14 -2.203951795633541e-13 -1.0
  outer loop
    vertex 224.54947470819064 161.10480380654795 89.39519619341868
    vertex 223.15169722932217 161.88126094185316 89.39519619341846
    vertex 224.6005859687564 161.49303237420182 89.3951961934186
  endloop
endfacet
facet normal -7.762549423956154e-14 -2.203951795633541e-13 -1.0
  outer loop
    vertex 224.6005859687564 161.49303237420182 89.3951961934186
    vertex 223.15169722932217 161.88126094185316 89.39519619341846
    vertex 224.75043660251274 161.85480380654826 89.3951961934184
  endloop
endfacet
facet normal -7.762549423956154e-14 -2.203951795633541e-13 -1.0
  outer loop
    vertex 224.75043660251274 161.85480380654826 89.3951961934184
    vertex 223.15169722932217 161.88126094185316 89.39519619341846
    vertex 224.98881453640908 162.16546397832852 89.3951961934183
  endloop
endfacet
facet normal -7.762549423956154e-14 -2.203951795633541e-13 -1.0
  outer loop
    vertex 224.98881453640908 162.16546397832852 89.3951961934183
    vertex 223.15169722932217 161.88126094185316 89.39519619341846
    vertex 223.45139849683486 162.6048038065461 89.3951961934183
  endloop
endfacet
facet normal -7.762549423956154e-14 -2.203951795633541e-13 -1.0
  outer loop
    vertex 224.98881453640908 162.16546397832852 89.3951961934183
    vertex 223.45139849683486 162.6048038065461 89.3951961934183
    vertex 225.29947470818846 162.40384191222586 89.39519619341812
  endloop
endfacet
facet normal -7.762549423956154e-14 -2.203951795633541e-13 -1.0
  outer loop
    vertex 225.29947470818846 162.40384191222586 89.39519619341812
    vertex 223.45139849683486 162.6048038065461 89.3951961934183
    vertex 225.6612461405344 162.5536925459834 89.39519619341806
  endloop
endfacet
facet normal -7.762549423956154e-14 -2.203951795633541e-13 -1.0
  outer loop
    vertex 225.6612461405344 162.5536925459834 89.39519619341806
    vertex 223.45139849683486 162.6048038065461 89.3951961934183
    vertex 225.9222802726086 162.58805834142697 89.39519619342144
  endloop
endfacet
facet normal -7.762549423956154e-14 -2.203951795633541e-13 -1.0
  outer loop
    vertex 225.9222802726086 162.58805834142697 89.39519619342144
    vertex 223.45139849683486 162.6048038065461 89.3951961934183
    vertex 226.04947470818814 162.60480380655048 89.39519619341795
  endloop
endfacet
facet normal -7.762549423956154e-14 -2.203951795633541e-13 -1.0
  outer loop
    vertex 226.04947470818814 162.60480380655048 89.39519619341795
    vertex 223.45139849683486 162.6048038065461 89.3951961934183
    vertex 223.92815436462746 163.2261241501065 89.3951961934181
  endloop
endfacet
facet normal -7.762549423956154e-14 -2.203951795633541e-13 -1.0
  outer loop
    vertex 226.04947470818814 162.60480380655048 89.39519619341795
    vertex 223.92815436462746 163.2261241501065 89.3951961934181
    vertex 228.6475509195414 162.60480380655486 89.39519619341785
  endloop
endfacet
facet normal -7.762549423956154e-14 -2.203951795633541e-13 -1.0
  outer loop
    vertex 228.6475509195414 162.60480380655486 89.39519619341785
    vertex 223.92815436462746 163.2261241501065 89.3951961934181
    vertex 228.17079505174672 163.2261241501137 89.39519619341779
  endloop
endfacet
facet normal -7.762549423956154e-14 -2.203951795633541e-13 -1.0
  outer loop
    vertex 228.17079505174672 163.2261241501137 89.39519619341779
    vertex 223.92815436462746 163.2261241501065 89.3951961934181
    vertex 224.54947470818627 163.70288001790124 89.39519619341792
  endloop
endfacet
facet normal -7.762549423956154e-14 -2.203951795633541e-13 -1.0
  outer loop
    vertex 228.17079505174672 163.2261241501137 89.39519619341779
    vertex 224.54947470818627 163.70288001790124 89.39519619341792
    vertex 227.54947470818627 163.70288001790632 89.39519619341773
  endloop
endfacet
facet normal -7.762549423956154e-14 -2.203951795633541e-13 -1.0
  outer loop
    vertex 227.54947470818627 163.70288001790632 89.39519619341773
    vertex 224.54947470818627 163.70288001790124 89.39519619341792
    vertex 225.2730175728782 164.00258128541637 89.39519619341779
  endloop
endfacet
facet normal -7.762549423956154e-14 -2.203951795633541e-13 -1.0
  outer loop
    vertex 227.54947470818627 163.70288001790632 89.39519619341773
    vertex 225.2730175728782 164.00258128541637 89.39519619341779
    vertex 226.82593184349327 164.00258128541898 89.39519619341769
  endloop
endfacet
facet normal -7.762549423956154e-14 -2.203951795633541e-13 -1.0
  outer loop
    vertex 226.82593184349327 164.00258128541898 89.39519619341769
    vertex 225.2730175728782 164.00258128541637 89.39519619341779
    vertex 226.04947470818558 164.10480380655045 89.39519619341775
  endloop
endfacet
facet normal -7.762549423956154e-14 -2.203951795633541e-13 -1.0
  outer loop
    vertex 225.273017572888 158.20702632768194 89.39519619341912
    vertex 226.82593184350307 158.20702632768456 89.39519619341901
    vertex 226.04947470819573 158.10480380655048 89.39519619341907
  endloop
endfacet
facet normal -7.762549423956154e-14 -2.203951795633541e-13 -1.0
  outer loop
    vertex 226.82593184350307 158.20702632768456 89.39519619341901
    vertex 225.273017572888 158.20702632768194 89.39519619341912
    vertex 227.54947470819508 158.50672759519966 89.39519619341888
  endloop
endfacet
facet normal -7.762549423956154e-14 -2.203951795633541e-13 -1.0
  outer loop
    vertex 227.54947470819508 158.50672759519966 89.39519619341888
    vertex 225.273017572888 158.20702632768194 89.39519619341912
    vertex 224.54947470819502 158.50672759519463 89.39519619341908
  endloop
endfacet
facet normal -7.762549423956154e-14 -2.203951795633541e-13 -1.0
  outer loop
    vertex 227.54947470819508 158.50672759519966 89.39519619341888
    vertex 224.54947470819502 158.50672759519463 89.39519619341908
    vertex 223.92815436463465 158.98348346298727 89.39519619341903
  endloop
endfacet
facet normal -7.762549423956154e-14 -2.203951795633541e-13 -1.0
  outer loop
    vertex 227.54947470819508 158.50672759519966 89.39519619341888
    vertex 223.92815436463465 158.98348346298727 89.39519619341903
    vertex 228.17079505175388 158.9834834629944 89.39519619341871
  endloop
endfacet
facet normal -7.762549423956154e-14 -2.203951795633541e-13 -1.0
  outer loop
    vertex 228.17079505175388 158.9834834629944 89.39519619341871
    vertex 223.92815436463465 158.98348346298727 89.39519619341903
    vertex 223.45139849683991 159.6048038065461 89.39519619341897
  endloop
endfacet
facet normal -7.762549423956154e-14 -2.203951795633541e-13 -1.0
  outer loop
    vertex 228.17079505175388 158.9834834629944 89.39519619341871
    vertex 223.45139849683991 159.6048038065461 89.39519619341897
    vertex 228.64755091954646 159.60480380655488 89.3951961934185
  endloop
endfacet
facet normal -7.762549423956154e-14 -2.203951795633541e-13 -1.0
  outer loop
    vertex 228.64755091954646 159.60480380655488 89.3951961934185
    vertex 223.45139849683991 159.6048038065461 89.39519619341897
    vertex 226.0494747081932 159.60480380655048 89.39519619341887
  endloop
endfacet
facet normal -7.762549423956154e-14 -2.203951795633541e-13 -1.0
  outer loop
    vertex 228.64755091954646 159.60480380655488 89.3951961934185
    vertex 226.0494747081932 159.60480380655048 89.39519619341887
    vertex 226.4377032758469 159.65591506711752 89.39519619341884
  endloop
endfacet
facet normal -7.762549423956154e-14 -2.203951795633541e-13 -1.0
  outer loop
    vertex 228.64755091954646 159.60480380655488 89.3951961934185
    vertex 226.4377032758469 159.65591506711752 89.39519619341884
    vertex 228.94725218705918 160.3283466712478 89.39519619341834
  endloop
endfacet
facet normal -7.762549423956154e-14 -2.203951795633541e-13 -1.0
  outer loop
    vertex 228.94725218705918 160.3283466712478 89.39519619341834
    vertex 226.4377032758469 159.65591506711752 89.39519619341884
    vertex 226.79947470819286 159.80576570087507 89.39519619341868
  endloop
endfacet
facet normal -7.762549423956154e-14 -2.203951795633541e-13 -1.0
  outer loop
    vertex 228.94725218705918 160.3283466712478 89.39519619341834
    vertex 226.79947470819286 159.80576570087507 89.39519619341868
    vertex 227.11013487997224 160.04414363477244 89.3951961934186
  endloop
endfacet
facet normal -7.762549423956154e-14 -2.203951795633541e-13 -1.0
  outer loop
    vertex 228.94725218705918 160.3283466712478 89.39519619341834
    vertex 227.11013487997224 160.04414363477244 89.3951961934186
    vertex 227.3485128138686 160.35480380655267 89.39519619341841
  endloop
endfacet
facet normal -7.762549423956154e-14 -2.203951795633541e-13 -1.0
  outer loop
    vertex 228.94725218705918 160.3283466712478 89.39519619341834
    vertex 227.3485128138686 160.35480380655267 89.39519619341841
    vertex 229.0494747081907 161.10480380655554 89.39519619341817
  endloop
endfacet
facet normal -7.762549423956154e-14 -2.203951795633541e-13 -1.0
  outer loop
    vertex 229.0494747081907 161.10480380655554 89.39519619341817
    vertex 227.3485128138686 160.35480380655267 89.39519619341841
    vertex 227.4983634476249 160.71657523889914 89.39519619341831
  endloop
endfacet
facet normal -7.762549423956154e-14 -2.203951795633541e-13 -1.0
  outer loop
    vertex 229.0494747081907 161.10480380655554 89.39519619341817
    vertex 227.4983634476249 160.71657523889914 89.39519619341831
    vertex 227.5494747081907 161.104803806553 89.39519619341813
  endloop
endfacet
facet normal -7.762549423956154e-14 -2.203951795633541e-13 -1.0
  outer loop
    vertex 229.0494747081907 161.10480380655554 89.39519619341817
    vertex 227.5494747081907 161.104803806553 89.39519619341813
    vertex 227.4983634476236 161.4930323742067 89.39519619341806
  endloop
endfacet
facet normal -7.762549423956154e-14 -2.203951795633541e-13 -1.0
  outer loop
    vertex 229.0494747081907 161.10480380655554 89.39519619341817
    vertex 227.4983634476236 161.4930323742067 89.39519619341806
    vertex 228.94725218705656 161.88126094186293 89.395196193418
  endloop
endfacet
facet normal -7.762549423956154e-14 -2.203951795633541e-13 -1.0
  outer loop
    vertex 228.94725218705656 161.88126094186293 89.395196193418
    vertex 227.4983634476236 161.4930323742067 89.39519619341806
    vertex 227.34851281386608 161.85480380655267 89.39519619341795
  endloop
endfacet
facet normal -7.762549423956154e-14 -2.203951795633541e-13 -1.0
  outer loop
    vertex 228.94725218705656 161.88126094186293 89.395196193418
    vertex 227.34851281386608 161.85480380655267 89.39519619341795
    vertex 227.11013487996868 162.16546397833207 89.39519619341787
  endloop
endfacet
facet normal -7.762549423956154e-14 -2.203951795633541e-13 -1.0
  outer loop
    vertex 228.94725218705656 161.88126094186293 89.395196193418
    vertex 227.11013487996868 162.16546397833207 89.39519619341787
    vertex 228.6475509195414 162.60480380655486 89.39519619341785
  endloop
endfacet
facet normal -7.762549423956154e-14 -2.203951795633541e-13 -1.0
  outer loop
    vertex 228.6475509195414 162.60480380655486 89.39519619341785
    vertex 227.11013487996868 162.16546397833207 89.39519619341787
    vertex 226.79947470818848 162.4038419122284 89.39519619341783
  endloop
endfacet
facet normal -7.762549423956154e-14 -2.203951795633541e-13 -1.0
  outer loop
    vertex 228.6475509195414 162.60480380655486 89.39519619341785
    vertex 226.79947470818848 162.4038419122284 89.39519619341783
    vertex 226.43770327584198 162.55369254598472 89.39519619341786
  endloop
endfacet
facet normal -7.762549423956154e-14 -2.203951795633541e-13 -1.0
  outer loop
    vertex 228.6475509195414 162.60480380655486 89.39519619341785
    vertex 226.43770327584198 162.55369254598472 89.39519619341786
    vertex 226.04947470818814 162.60480380655048 89.39519619341795
  endloop
endfacet
facet normal -0.9914448613735836 -0.13052619222177608 4.07735479110759e-13
  outer loop
    vertex 227.4983634476236 161.4930323742067 89.39519619341806
    vertex 227.54947470819195 161.1048038065548 90.89519619346345
    vertex 227.49836344762485 161.49303237420847 90.89519619346338
  endloop
endfacet
facet normal -0.9914448613735836 -0.13052619222177608 4.07735479110759e-13
  outer loop
    vertex 227.54947470819195 161.1048038065548 90.89519619346345
    vertex 227.4983634476236 161.4930323742067 89.39519619341806
    vertex 227.5494747081907 161.104803806553 89.39519619341813
  endloop
endfacet
facet normal -0.1305261922217119 0.9914448613735919 -4.969544626297483e-13
  outer loop
    vertex 226.04947470819445 159.60480380655224 90.89519619346423
    vertex 226.4377032758469 159.65591506711752 89.39519619341884
    vertex 226.0494747081932 159.60480380655048 89.39519619341887
  endloop
endfacet
facet normal -0.1305261922217119 0.9914448613735919 -4.969544626297483e-13
  outer loop
    vertex 226.4377032758469 159.65591506711752 89.39519619341884
    vertex 226.04947470819445 159.60480380655224 90.89519619346423
    vertex 226.43770327584818 159.6559150671193 90.89519619346416
  endloop
endfacet
facet normal 0.9238795325106203 0.38268343236669883 -5.011793427435337e-13
  outer loop
    vertex 224.75043660251526 160.35480380654826 89.39519619341887
    vertex 224.7245286705199 160.41735108734426 89.39519619342299
    vertex 224.75043660251652 160.35480380655008 90.89519619346423
  endloop
endfacet
facet normal 0.9238795325106203 0.38268343236669883 -5.011793427435337e-13
  outer loop
    vertex 224.75043660251652 160.35480380655008 90.89519619346423
    vertex 224.6005859687577 160.71657523889425 89.39519619341883
    vertex 224.60058596875896 160.71657523889604 90.89519619346414
  endloop
endfacet
facet normal 0.9238795325106203 0.38268343236669883 -5.011793427435337e-13
  outer loop
    vertex 224.6005859687577 160.71657523889425 89.39519619341883
    vertex 224.75043660251652 160.35480380655008 90.89519619346423
    vertex 224.7245286705199 160.41735108734426 89.39519619342299
  endloop
endfacet
facet normal 0.7933533402901685 0.608761429010111 -6.015853029743158e-13
  outer loop
    vertex 224.98881453641388 160.04414363477062 90.89519619346426
    vertex 224.75043660251526 160.35480380654826 89.39519619341887
    vertex 224.75043660251652 160.35480380655008 90.89519619346423
  endloop
endfacet
facet normal 0.7933533402901685 0.608761429010111 -6.015853029743158e-13
  outer loop
    vertex 224.75043660251526 160.35480380654826 89.39519619341887
    vertex 224.98881453641388 160.04414363477062 90.89519619346426
    vertex 224.98881453641263 160.04414363476886 89.39519619341894
  endloop
endfacet
facet normal -0.9238795325106547 -0.3826834323666162 5.224628523070747e-13
  outer loop
    vertex 227.34851281386608 161.85480380655267 89.39519619341795
    vertex 227.49836344762485 161.49303237420847 90.89519619346338
    vertex 227.34851281386736 161.85480380655446 90.89519619346326
  endloop
endfacet
facet normal -0.9238795325106547 -0.3826834323666162 5.224628523070747e-13
  outer loop
    vertex 227.49836344762485 161.49303237420847 90.89519619346338
    vertex 227.34851281386608 161.85480380655267 89.39519619341795
    vertex 227.4983634476236 161.4930323742067 89.39519619341806
  endloop
endfacet
facet normal -0.3826834323666366 0.923879532510646 -5.527775976951193e-13
  outer loop
    vertex 226.8259318435954 104.20702632767411 89.39519619348522
    vertex 227.54947470828589 104.50672759518709 86.89519619348454
    vertex 226.82593184359393 104.20702632767197 86.89519619348525
  endloop
endfacet
facet normal -0.3826834323666366 0.923879532510646 -5.527775976951193e-13
  outer loop
    vertex 227.54947470828589 104.50672759518709 86.89519619348454
    vertex 226.8259318435954 104.20702632767411 89.39519619348522
    vertex 227.5494747082874 104.50672759518922 89.39519619348457
  endloop
endfacet
facet normal 0.13052619222171946 -0.991444861373591 2.083775080671783e-13
  outer loop
    vertex 225.27301757287802 164.00258128541583 86.89519619341782
    vertex 226.04947470818558 164.10480380655045 89.39519619341775
    vertex 225.2730175728782 164.00258128541637 89.39519619341779
  endloop
endfacet
facet normal 0.13052619222171946 -0.991444861373591 2.083775080671783e-13
  outer loop
    vertex 226.04947470818558 164.10480380655045 89.39519619341775
    vertex 225.27301757287802 164.00258128541583 86.89519619341782
    vertex 226.0494747081854 164.1048038065499 86.89519619341777
  endloop
endfacet
facet normal -0.9914448613740315 0.13052619221837167 4.819405380374397e-14
  outer loop
    vertex 229.04947470819044 161.10480380655497 86.89519619341814
    vertex 228.94725218705918 160.3283466712478 89.39519619341834
    vertex 229.0494747081907 161.10480380655554 89.39519619341817
  endloop
endfacet
facet normal -0.9914448613740315 0.13052619221837167 4.819405380374397e-14
  outer loop
    vertex 228.94725218705918 160.3283466712478 89.39519619341834
    vertex 229.04947470819044 161.10480380655497 86.89519619341814
    vertex 228.94725218705895 160.32834667124723 86.89519619341833
  endloop
endfacet
facet normal 0.382683432363517 0.9238795325119383 -1.0070864212758237e-12
  outer loop
    vertex 224.54947470828733 104.50672759518413 89.39519619348633
    vertex 225.27301757297877 104.20702632766935 86.89519619348617
    vertex 224.54947470828586 104.50672759518201 86.89519619348631
  endloop
endfacet
facet normal 0.382683432363517 0.9238795325119383 -1.0070864212758237e-12
  outer loop
    vertex 225.27301757297877 104.20702632766935 86.89519619348617
    vertex 224.54947470828733 104.50672759518413 89.39519619348633
    vertex 225.2730175729803 104.2070263276715 89.39519619348614
  endloop
endfacet
facet normal 0.7933533402902186 0.6087614290100456 -1.9575252960454843e-13
  outer loop
    vertex 223.92815436463465 158.98348346298727 89.39519619341903
    vertex 223.4513984968397 159.60480380654553 86.89519619341895
    vertex 223.45139849683991 159.6048038065461 89.39519619341897
  endloop
endfacet
facet normal 0.7933533402902186 0.6087614290100456 -1.9575252960454843e-13
  outer loop
    vertex 223.4513984968397 159.60480380654553 86.89519619341895
    vertex 223.92815436463465 158.98348346298727 89.39519619341903
    vertex 223.92815436463437 158.98348346298673 86.89519619341905
  endloop
endfacet
facet normal -0.3826834323635108 -0.9238795325119408 2.333245860373864e-13
  outer loop
    vertex 226.82593184349312 164.00258128541842 86.89519619341772
    vertex 227.54947470818627 163.70288001790632 89.39519619341773
    vertex 226.82593184349327 164.00258128541898 89.39519619341769
  endloop
endfacet
facet normal -0.3826834323635108 -0.9238795325119408 2.333245860373864e-13
  outer loop
    vertex 227.54947470818627 163.70288001790632 89.39519619341773
    vertex 226.82593184349312 164.00258128541842 86.89519619341772
    vertex 227.5494747081861 163.70288001790578 86.8951961934177
  endloop
endfacet
facet normal 0.3826834323635108 0.9238795325119408 -2.333245860373864e-13
  outer loop
    vertex 225.273017572888 158.20702632768194 89.39519619341912
    vertex 224.5494747081948 158.50672759519406 86.89519619341911
    vertex 224.54947470819502 158.50672759519463 89.39519619341908
  endloop
endfacet
facet normal 0.3826834323635108 0.9238795325119408 -2.333245860373864e-13
  outer loop
    vertex 224.5494747081948 158.50672759519406 86.89519619341911
    vertex 225.273017572888 158.20702632768194 89.39519619341912
    vertex 225.27301757288782 158.2070263276814 86.89519619341911
  endloop
endfacet
facet normal 0.9914448613740242 -0.1305261922184283 -2.652198036786664e-13
  outer loop
    vertex 224.54947470819192 161.1048038065497 90.895196193464
    vertex 224.6005859687564 161.49303237420182 89.3951961934186
    vertex 224.60058596875766 161.49303237420358 90.89519619346392
  endloop
endfacet
facet normal 0.9914448613740242 -0.1305261922184283 -2.652198036786664e-13
  outer loop
    vertex 224.6005859687564 161.49303237420182 89.3951961934186
    vertex 224.54947470819192 161.1048038065497 90.895196193464
    vertex 224.54947470819064 161.10480380654795 89.39519619341868
  endloop
endfacet
facet normal -0.38268343236666313 0.923879532510635 -1.7391260488783505e-13
  outer loop
    vertex 227.54947470819508 158.50672759519966 89.39519619341888
    vertex 226.82593184350293 158.20702632768402 86.895196193419
    vertex 226.82593184350307 158.20702632768456 89.39519619341901
  endloop
endfacet
facet normal -0.38268343236666313 0.923879532510635 -1.7391260488783505e-13
  outer loop
    vertex 226.82593184350293 158.20702632768402 86.895196193419
    vertex 227.54947470819508 158.50672759519966 89.39519619341888
    vertex 227.5494747081948 158.50672759519915 86.89519619341887
  endloop
endfacet
facet normal 0.608761429010043 -0.7933533402902205 1.2759584508956347e-13
  outer loop
    vertex 223.92815436462723 163.226124150106 86.89519619341813
    vertex 224.54947470818627 163.70288001790124 89.39519619341792
    vertex 223.92815436462746 163.2261241501065 89.3951961934181
  endloop
endfacet
facet normal 0.608761429010043 -0.7933533402902205 1.2759584508956347e-13
  outer loop
    vertex 224.54947470818627 163.70288001790124 89.39519619341792
    vertex 223.92815436462723 163.226124150106 86.89519619341813
    vertex 224.5494747081861 163.7028800179007 86.89519619341795
  endloop
endfacet
facet normal 0.9914448613740319 -0.1305261922183698 -4.8194053803744316e-14
  outer loop
    vertex 223.04947470819067 161.10480380654542 89.39519619341864
    vertex 223.15169722932194 161.88126094185262 86.89519619341844
    vertex 223.15169722932217 161.88126094185316 89.39519619341846
  endloop
endfacet
facet normal 0.9914448613740319 -0.1305261922183698 -4.8194053803744316e-14
  outer loop
    vertex 223.15169722932194 161.88126094185262 86.89519619341844
    vertex 223.04947470819067 161.10480380654542 89.39519619341864
    vertex 223.04947470819044 161.10480380654485 86.89519619341863
  endloop
endfacet
facet normal 0.7933533402922741 -0.6087614290073665 7.258363931052771e-14
  outer loop
    vertex 223.45139849683486 162.6048038065461 89.3951961934183
    vertex 223.92815436462723 163.226124150106 86.89519619341813
    vertex 223.92815436462746 163.2261241501065 89.3951961934181
  endloop
endfacet
facet normal 0.7933533402922741 -0.6087614290073665 7.258363931052771e-14
  outer loop
    vertex 223.92815436462723 163.226124150106 86.89519619341813
    vertex 223.45139849683486 162.6048038065461 89.3951961934183
    vertex 223.45139849683463 162.60480380654553 86.89519619341829
  endloop
endfacet
facet normal 0.6087614290100803 -0.7933533402901919 2.265074050109509e-13
  outer loop
    vertex 225.29947470818846 162.40384191222586 89.39519619341812
    vertex 224.98881453641033 162.16546397833028 90.89519619346362
    vertex 224.98881453640908 162.16546397832852 89.3951961934183
  endloop
endfacet
facet normal 0.6087614290100803 -0.7933533402901919 2.265074050109509e-13
  outer loop
    vertex 224.98881453641033 162.16546397833028 90.89519619346362
    vertex 225.29947470818846 162.40384191222586 89.39519619341812
    vertex 225.2994747081897 162.40384191222765 90.89519619346343
  endloop
endfacet
facet normal 0.6087614290073915 0.793353340292255 -1.031093286106334e-12
  outer loop
    vertex 223.9281543647269 104.98348346297675 89.39519619348633
    vertex 224.54947470828586 104.50672759518201 86.89519619348631
    vertex 223.92815436472543 104.98348346297466 86.89519619348631
  endloop
endfacet
facet normal 0.6087614290073915 0.793353340292255 -1.031093286106334e-12
  outer loop
    vertex 224.54947470828586 104.50672759518201 86.89519619348631
    vertex 223.9281543647269 104.98348346297675 89.39519619348633
    vertex 224.54947470828733 104.50672759518413 89.39519619348633
  endloop
endfacet
facet normal -5.935830835056988e-13 -8.441923238264452e-13 -1.0
  outer loop
    vertex 223.45139849693217 105.60480380653561 89.39519619348609
    vertex 225.6612461406316 105.65591506710572 89.3951961934838
    vertex 226.04947470828546 105.60480380653999 89.39519619348374
  endloop
endfacet
facet normal -5.935830835056988e-13 -8.441923238264452e-13 -1.0
  outer loop
    vertex 225.6612461406316 105.65591506710572 89.3951961934838
    vertex 223.45139849693217 105.60480380653561 89.39519619348609
    vertex 223.15169722941704 106.32834667122754 89.39519619348562
  endloop
endfacet
facet normal -5.935830835056988e-13 -8.441923238264452e-13 -1.0
  outer loop
    vertex 225.6612461406316 105.65591506710572 89.3951961934838
    vertex 223.15169722941704 106.32834667122754 89.39519619348562
    vertex 225.29947470828515 105.80576570086207 89.39519619348383
  endloop
endfacet
facet normal -5.935830835056988e-13 -8.441923238264452e-13 -1.0
  outer loop
    vertex 225.29947470828515 105.80576570086207 89.39519619348383
    vertex 223.15169722941704 106.32834667122754 89.39519619348562
    vertex 224.98881453650495 106.04414363475838 89.3951961934838
  endloop
endfacet
facet normal -5.935830835056988e-13 -8.441923238264452e-13 -1.0
  outer loop
    vertex 224.98881453650495 106.04414363475838 89.3951961934838
    vertex 223.15169722941704 106.32834667122754 89.39519619348562
    vertex 224.7504366026075 106.35480380653779 89.39519619348373
  endloop
endfacet
facet normal -5.935830835056988e-13 -8.441923238264452e-13 -1.0
  outer loop
    vertex 224.7504366026075 106.35480380653779 89.39519619348373
    vertex 223.15169722941704 106.32834667122754 89.39519619348562
    vertex 223.04947470828296 107.10480380653493 89.39519619348499
  endloop
endfacet
facet normal -5.935830835056988e-13 -8.441923238264452e-13 -1.0
  outer loop
    vertex 224.7504366026075 106.35480380653779 89.39519619348373
    vertex 223.04947470828296 107.10480380653493 89.39519619348499
    vertex 224.60058596884997 106.71657523888378 89.39519619348366
  endloop
endfacet
facet normal -5.935830835056988e-13 -8.441923238264452e-13 -1.0
  outer loop
    vertex 224.60058596884997 106.71657523888378 89.39519619348366
    vertex 223.04947470828296 107.10480380653493 89.39519619348499
    vertex 224.54947470828293 107.10480380653749 89.39519619348354
  endloop
endfacet
facet normal -5.935830835056988e-13 -8.441923238264452e-13 -1.0
  outer loop
    vertex 224.54947470828293 107.10480380653749 89.39519619348354
    vertex 223.04947470828296 107.10480380653493 89.39519619348499
    vertex 223.15169722941442 107.88126094184265 89.39519619348428
  endloop
endfacet
facet normal -5.935830835056988e-13 -8.441923238264452e-13 -1.0
  outer loop
    vertex 224.54947470828293 107.10480380653749 89.39519619348354
    vertex 223.15169722941442 107.88126094184265 89.39519619348428
    vertex 224.60058596884866 107.49303237419133 89.39519619348341
  endloop
endfacet
facet normal -5.935830835056988e-13 -8.441923238264452e-13 -1.0
  outer loop
    vertex 224.60058596884866 107.49303237419133 89.39519619348341
    vertex 223.15169722941442 107.88126094184265 89.39519619348428
    vertex 224.75043660260496 107.8548038065378 89.39519619348326
  endloop
endfacet
facet normal -5.935830835056988e-13 -8.441923238264452e-13 -1.0
  outer loop
    vertex 224.75043660260496 107.8548038065378 89.39519619348326
    vertex 223.15169722941442 107.88126094184265 89.39519619348428
    vertex 224.9888145365014 108.16546397831803 89.39519619348312
  endloop
endfacet
facet normal -5.935830835056988e-13 -8.441923238264452e-13 -1.0
  outer loop
    vertex 224.9888145365014 108.16546397831803 89.39519619348312
    vertex 223.15169722941442 107.88126094184265 89.39519619348428
    vertex 223.4513984969271 108.60480380653561 89.39519619348353
  endloop
endfacet
facet normal -5.935830835056988e-13 -8.441923238264452e-13 -1.0
  outer loop
    vertex 224.9888145365014 108.16546397831803 89.39519619348312
    vertex 223.4513984969271 108.60480380653561 89.39519619348353
    vertex 225.29947470828077 108.40384191221537 89.39519619348297
  endloop
endfacet
facet normal -5.935830835056988e-13 -8.441923238264452e-13 -1.0
  outer loop
    vertex 225.29947470828077 108.40384191221537 89.39519619348297
    vertex 223.4513984969271 108.60480380653561 89.39519619348353
    vertex 225.40134787311078 108.44603915873007 89.39519619347548
  endloop
endfacet
facet normal -5.935830835056988e-13 -8.441923238264452e-13 -1.0
  outer loop
    vertex 225.40134787311078 108.44603915873007 89.39519619347548
    vertex 223.4513984969271 108.60480380653561 89.39519619348353
    vertex 225.66124614062667 108.55369254597294 89.39519619348287
  endloop
endfacet
facet normal -5.935830835056988e-13 -8.441923238264452e-13 -1.0
  outer loop
    vertex 225.66124614062667 108.55369254597294 89.39519619348287
    vertex 223.4513984969271 108.60480380653561 89.39519619348353
    vertex 226.04947470828043 108.60480380653999 89.39519619348276
  endloop
endfacet
facet normal -5.935830835056988e-13 -8.441923238264452e-13 -1.0
  outer loop
    vertex 226.04947470828043 108.60480380653999 89.39519619348276
    vertex 223.4513984969271 108.60480380653561 89.39519619348353
    vertex 223.92815436471975 109.22612415009604 89.3951961934827
  endloop
endfacet
facet normal -5.935830835056988e-13 -8.441923238264452e-13 -1.0
  outer loop
    vertex 226.04947470828043 108.60480380653999 89.39519619348276
    vertex 223.92815436471975 109.22612415009604 89.3951961934827
    vertex 228.64755091963372 108.60480380654438 89.39519619348046
  endloop
endfacet
facet normal -5.935830835056988e-13 -8.441923238264452e-13 -1.0
  outer loop
    vertex 228.64755091963372 108.60480380654438 89.39519619348046
    vertex 223.92815436471975 109.22612415009604 89.3951961934827
    vertex 228.17079505183904 109.22612415010322 89.39519619348022
  endloop
endfacet
facet normal -5.935830835056988e-13 -8.441923238264452e-13 -1.0
  outer loop
    vertex 228.17079505183904 109.22612415010322 89.39519619348022
    vertex 223.92815436471975 109.22612415009604 89.3951961934827
    vertex 224.54947470827855 109.70288001789073 89.39519619348198
  endloop
endfacet
facet normal -5.935830835056988e-13 -8.441923238264452e-13 -1.0
  outer loop
    vertex 228.17079505183904 109.22612415010322 89.39519619348022
    vertex 224.54947470827855 109.70288001789073 89.39519619348198
    vertex 227.54947470827858 109.70288001789581 89.39519619348016
  endloop
endfacet
facet normal -5.935830835056988e-13 -8.441923238264452e-13 -1.0
  outer loop
    vertex 227.54947470827858 109.70288001789581 89.39519619348016
    vertex 224.54947470827855 109.70288001789073 89.39519619348198
    vertex 225.2730175729705 110.00258128540591 89.39519619348127
  endloop
endfacet
facet normal -5.935830835056988e-13 -8.441923238264452e-13 -1.0
  outer loop
    vertex 227.54947470827858 109.70288001789581 89.39519619348016
    vertex 225.2730175729705 110.00258128540591 89.39519619348127
    vertex 226.82593184358564 110.00258128540852 89.39519619348034
  endloop
endfacet
facet normal -5.935830835056988e-13 -8.441923238264452e-13 -1.0
  outer loop
    vertex 226.82593184358564 110.00258128540852 89.39519619348034
    vertex 225.2730175729705 110.00258128540591 89.39519619348127
    vertex 226.0494747082779 110.10480380653996 89.39519619348071
  endloop
endfacet
facet normal -5.935830835056988e-13 -8.441923238264452e-13 -1.0
  outer loop
    vertex 225.2730175729803 104.2070263276715 89.39519619348614
    vertex 226.8259318435954 104.20702632767411 89.39519619348522
    vertex 226.04947470828805 104.10480380653998 89.39519619348577
  endloop
endfacet
facet normal -5.935830835056988e-13 -8.441923238264452e-13 -1.0
  outer loop
    vertex 226.8259318435954 104.20702632767411 89.39519619348522
    vertex 225.2730175729803 104.2070263276715 89.39519619348614
    vertex 224.54947470828733 104.50672759518413 89.39519619348633
  endloop
endfacet
facet normal -5.935830835056988e-13 -8.441923238264452e-13 -1.0
  outer loop
    vertex 226.8259318435954 104.20702632767411 89.39519619348522
    vertex 224.54947470828733 104.50672759518413 89.39519619348633
    vertex 227.5494747082874 104.50672759518922 89.39519619348457
  endloop
endfacet
facet normal -5.935830835056988e-13 -8.441923238264452e-13 -1.0
  outer loop
    vertex 227.5494747082874 104.50672759518922 89.39519619348457
    vertex 224.54947470828733 104.50672759518413 89.39519619348633
    vertex 223.9281543647269 104.98348346297675 89.39519619348633
  endloop
endfacet
facet normal -5.935830835056988e-13 -8.441923238264452e-13 -1.0
  outer loop
    vertex 227.5494747082874 104.50672759518922 89.39519619348457
    vertex 223.9281543647269 104.98348346297675 89.39519619348633
    vertex 228.1707950518462 104.98348346298393 89.39519619348376
  endloop
endfacet
facet normal -5.935830835056988e-13 -8.441923238264452e-13 -1.0
  outer loop
    vertex 228.1707950518462 104.98348346298393 89.39519619348376
    vertex 223.9281543647269 104.98348346297675 89.39519619348633
    vertex 223.45139849693217 105.60480380653561 89.39519619348609
  endloop
endfacet
facet normal -5.935830835056988e-13 -8.441923238264452e-13 -1.0
  outer loop
    vertex 228.1707950518462 104.98348346298393 89.39519619348376
    vertex 223.45139849693217 105.60480380653561 89.39519619348609
    vertex 228.64755091963877 105.60480380654437 89.39519619348297
  endloop
endfacet
facet normal -5.935830835056988e-13 -8.441923238264452e-13 -1.0
  outer loop
    vertex 228.64755091963877 105.60480380654437 89.39519619348297
    vertex 223.45139849693217 105.60480380653561 89.39519619348609
    vertex 226.04947470828546 105.60480380653999 89.39519619348374
  endloop
endfacet
facet normal -5.935830835056988e-13 -8.441923238264452e-13 -1.0
  outer loop
    vertex 228.64755091963877 105.60480380654437 89.39519619348297
    vertex 226.04947470828546 105.60480380653999 89.39519619348374
    vertex 226.43770327593927 105.65591506710705 89.39519619348367
  endloop
endfacet
facet normal -5.935830835056988e-13 -8.441923238264452e-13 -1.0
  outer loop
    vertex 228.64755091963877 105.60480380654437 89.39519619348297
    vertex 226.43770327593927 105.65591506710705 89.39519619348367
    vertex 228.94725218715146 106.32834667123733 89.39519619348216
  endloop
endfacet
facet normal -5.935830835056988e-13 -8.441923238264452e-13 -1.0
  outer loop
    vertex 226.43770327593927 105.65591506710705 89.39519619348367
    vertex 226.04947470828546 105.60480380653999 89.39519619348374
    vertex 226.2278630857318 105.62828908197167 89.3951961934769
  endloop
endfacet
facet normal -5.935830835056988e-13 -8.441923238264452e-13 -1.0
  outer loop
    vertex 228.94725218715146 106.32834667123733 89.39519619348216
    vertex 226.43770327593927 105.65591506710705 89.39519619348367
    vertex 226.79947470828517 105.8057657008646 89.39519619348356
  endloop
endfacet
facet normal -5.935830835056988e-13 -8.441923238264452e-13 -1.0
  outer loop
    vertex 228.94725218715146 106.32834667123733 89.39519619348216
    vertex 226.79947470828517 105.8057657008646 89.39519619348356
    vertex 227.11013488006455 106.04414363476197 89.39519619348341
  endloop
endfacet
facet normal -5.935830835056988e-13 -8.441923238264452e-13 -1.0
  outer loop
    vertex 228.94725218715146 106.32834667123733 89.39519619348216
    vertex 227.11013488006455 106.04414363476197 89.39519619348341
    vertex 227.34851281396092 106.3548038065422 89.39519619348327
  endloop
endfacet
facet normal -5.935830835056988e-13 -8.441923238264452e-13 -1.0
  outer loop
    vertex 228.94725218715146 106.32834667123733 89.39519619348216
    vertex 227.34851281396092 106.3548038065422 89.39519619348327
    vertex 229.04947470828293 107.10480380654506 89.39519619348145
  endloop
endfacet
facet normal -5.935830835056988e-13 -8.441923238264452e-13 -1.0
  outer loop
    vertex 229.04947470828293 107.10480380654506 89.39519619348145
    vertex 227.34851281396092 106.3548038065422 89.39519619348327
    vertex 227.49836344771728 106.71657523888867 89.39519619348313
  endloop
endfacet
facet normal -5.935830835056988e-13 -8.441923238264452e-13 -1.0
  outer loop
    vertex 229.04947470828293 107.10480380654506 89.39519619348145
    vertex 227.49836344771728 106.71657523888867 89.39519619348313
    vertex 227.54947470828296 107.10480380654253 89.39519619348299
  endloop
endfacet
facet normal -5.935830835056988e-13 -8.441923238264452e-13 -1.0
  outer loop
    vertex 229.04947470828293 107.10480380654506 89.39519619348145
    vertex 227.54947470828296 107.10480380654253 89.39519619348299
    vertex 227.49836344771597 107.49303237419622 89.39519619348287
  endloop
endfacet
facet normal -5.935830835056988e-13 -8.441923238264452e-13 -1.0
  outer loop
    vertex 229.04947470828293 107.10480380654506 89.39519619348145
    vertex 227.49836344771597 107.49303237419622 89.39519619348287
    vertex 228.94725218714885 107.88126094185245 89.39519619348087
  endloop
endfacet
facet normal -5.935830835056988e-13 -8.441923238264452e-13 -1.0
  outer loop
    vertex 228.94725218714885 107.88126094185245 89.39519619348087
    vertex 227.49836344771597 107.49303237419622 89.39519619348287
    vertex 227.3485128139584 107.85480380654221 89.39519619348276
  endloop
endfacet
facet normal -5.935830835056988e-13 -8.441923238264452e-13 -1.0
  outer loop
    vertex 228.94725218714885 107.88126094185245 89.39519619348087
    vertex 227.3485128139584 107.85480380654221 89.39519619348276
    vertex 227.110134880061 108.16546397832161 89.39519619348273
  endloop
endfacet
facet normal -5.935830835056988e-13 -8.441923238264452e-13 -1.0
  outer loop
    vertex 228.94725218714885 107.88126094185245 89.39519619348087
    vertex 227.110134880061 108.16546397832161 89.39519619348273
    vertex 228.64755091963372 108.60480380654438 89.39519619348046
  endloop
endfacet
facet normal -5.935830835056988e-13 -8.441923238264452e-13 -1.0
  outer loop
    vertex 228.64755091963372 108.60480380654438 89.39519619348046
    vertex 227.110134880061 108.16546397832161 89.39519619348273
    vertex 226.7994747082808 108.40384191221793 89.3951961934827
  endloop
endfacet
facet normal -5.935830835056988e-13 -8.441923238264452e-13 -1.0
  outer loop
    vertex 228.64755091963372 108.60480380654438 89.39519619348046
    vertex 226.7994747082808 108.40384191221793 89.3951961934827
    vertex 226.43770327593435 108.55369254597424 89.39519619348273
  endloop
endfacet
facet normal -5.935830835056988e-13 -8.441923238264452e-13 -1.0
  outer loop
    vertex 228.64755091963372 108.60480380654438 89.39519619348046
    vertex 226.43770327593435 108.55369254597424 89.39519619348273
    vertex 226.04947470828043 108.60480380653999 89.39519619348276
  endloop
endfacet
facet normal -0.9238795325119263 0.3826834323635455 -1.262497846263087e-14
  outer loop
    vertex 228.94725218705895 160.32834667124723 86.89519619341833
    vertex 228.64755091954646 159.60480380655488 89.3951961934185
    vertex 228.94725218705918 160.3283466712478 89.39519619341834
  endloop
endfacet
facet normal -0.9238795325119263 0.3826834323635455 -1.262497846263087e-14
  outer loop
    vertex 228.64755091954646 159.60480380655488 89.3951961934185
    vertex 228.94725218705895 160.32834667124723 86.89519619341833
    vertex 228.6475509195463 159.60480380655432 86.89519619341853
  endloop
endfacet
facet normal -0.13052619222172648 0.9914448613735899 -7.594920018115289e-13
  outer loop
    vertex 226.04947470828805 104.10480380653998 89.39519619348577
    vertex 226.82593184359393 104.20702632767197 86.89519619348525
    vertex 226.04947470828657 104.10480380653789 86.89519619348576
  endloop
endfacet
facet normal -0.13052619222172648 0.9914448613735899 -7.594920018115289e-13
  outer loop
    vertex 226.82593184359393 104.20702632767197 86.89519619348525
    vertex 226.04947470828805 104.10480380653998 89.39519619348577
    vertex 226.8259318435954 104.20702632767411 89.39519619348522
  endloop
endfacet
facet normal 0.6087614290073915 0.793353340292255 -2.2210665869157904e-13
  outer loop
    vertex 224.54947470819502 158.50672759519463 89.39519619341908
    vertex 223.92815436463437 158.98348346298673 86.89519619341905
    vertex 223.92815436463465 158.98348346298727 89.39519619341903
  endloop
endfacet
facet normal 0.6087614290073915 0.793353340292255 -2.2210665869157904e-13
  outer loop
    vertex 223.92815436463437 158.98348346298673 86.89519619341905
    vertex 224.54947470819502 158.50672759519463 89.39519619341908
    vertex 224.5494747081948 158.50672759519406 86.89519619341911
  endloop
endfacet
facet normal 0.38268343236666313 -0.923879532510635 1.7391260488783505e-13
  outer loop
    vertex 224.5494747081861 163.7028800179007 86.89519619341795
    vertex 225.2730175728782 164.00258128541637 89.39519619341779
    vertex 224.54947470818627 163.70288001790124 89.39519619341792
  endloop
endfacet
facet normal 0.38268343236666313 -0.923879532510635 1.7391260488783505e-13
  outer loop
    vertex 225.2730175728782 164.00258128541637 89.39519619341779
    vertex 224.5494747081861 163.7028800179007 86.89519619341795
    vertex 225.27301757287802 164.00258128541583 86.89519619341782
  endloop
endfacet
facet normal 0.9238795325106343 0.38268343236666524 -1.5605818912132508e-13
  outer loop
    vertex 223.45139849683991 159.6048038065461 89.39519619341897
    vertex 223.15169722932455 160.32834667123745 86.8951961934188
    vertex 223.15169722932478 160.32834667123802 89.39519619341883
  endloop
endfacet
facet normal 0.9238795325106343 0.38268343236666524 -1.5605818912132508e-13
  outer loop
    vertex 223.15169722932455 160.32834667123745 86.8951961934188
    vertex 223.45139849683991 159.6048038065461 89.39519619341897
    vertex 223.4513984968397 159.60480380654553 86.89519619341895
  endloop
endfacet
facet normal 0.9238795325119242 -0.38268343236355057 1.2624978462632082e-14
  outer loop
    vertex 223.15169722932217 161.88126094185316 89.39519619341846
    vertex 223.45139849683463 162.60480380654553 86.89519619341829
    vertex 223.45139849683486 162.6048038065461 89.3951961934183
  endloop
endfacet
facet normal 0.9238795325119242 -0.38268343236355057 1.2624978462632082e-14
  outer loop
    vertex 223.45139849683463 162.60480380654553 86.89519619341829
    vertex 223.15169722932217 161.88126094185316 89.39519619341846
    vertex 223.15169722932194 161.88126094185262 86.89519619341844
  endloop
endfacet
facet normal -0.13052619222171946 0.991444861373591 -2.083775080671783e-13
  outer loop
    vertex 226.82593184350307 158.20702632768456 89.39519619341901
    vertex 226.0494747081955 158.1048038065499 86.8951961934191
    vertex 226.04947470819573 158.10480380655048 89.39519619341907
  endloop
endfacet
facet normal -0.13052619222171946 0.991444861373591 -2.083775080671783e-13
  outer loop
    vertex 226.0494747081955 158.1048038065499 86.8951961934191
    vertex 226.82593184350307 158.20702632768456 89.39519619341901
    vertex 226.82593184350293 158.20702632768402 86.895196193419
  endloop
endfacet
facet normal -0.991444861373591 -0.1305261922217185 6.986941074718862e-13
  outer loop
    vertex 228.94725218714885 107.88126094185245 89.39519619348087
    vertex 229.0494747082815 107.10480380654295 86.89519619348148
    vertex 229.04947470828293 107.10480380654506 89.39519619348145
  endloop
endfacet
facet normal -0.991444861373591 -0.1305261922217185 6.986941074718862e-13
  outer loop
    vertex 229.0494747082815 107.10480380654295 86.89519619348148
    vertex 228.94725218714885 107.88126094185245 89.39519619348087
    vertex 228.9472521871474 107.88126094185031 86.8951961934809
  endloop
endfacet
facet normal -0.9238795325119263 0.3826834323635455 2.2534084563937093e-13
  outer loop
    vertex 228.94725218715146 106.32834667123733 89.39519619348216
    vertex 228.64755091963733 105.6048038065423 86.89519619348295
    vertex 228.64755091963877 105.60480380654437 89.39519619348297
  endloop
endfacet
facet normal -0.9238795325119263 0.3826834323635455 2.2534084563937093e-13
  outer loop
    vertex 228.64755091963733 105.6048038065423 86.89519619348295
    vertex 228.94725218715146 106.32834667123733 89.39519619348216
    vertex 228.94725218715 106.32834667123521 86.89519619348219
  endloop
endfacet
facet normal -0.1305261922183858 -0.9914448613740298 2.2864182843185434e-13
  outer loop
    vertex 226.0494747081854 164.1048038065499 86.89519619341777
    vertex 226.82593184349327 164.00258128541898 89.39519619341769
    vertex 226.04947470818558 164.10480380655045 89.39519619341775
  endloop
endfacet
facet normal -0.1305261922183858 -0.9914448613740298 2.2864182843185434e-13
  outer loop
    vertex 226.82593184349327 164.00258128541898 89.39519619341769
    vertex 226.0494747081854 164.1048038065499 86.89519619341777
    vertex 226.82593184349312 164.00258128541842 86.89519619341772
  endloop
endfacet
facet normal 0.6087614290100706 -0.7933533402901995 3.0839231380392264e-13
  outer loop
    vertex 224.5494747082771 109.70288001788866 86.89519619348195
    vertex 223.92815436471975 109.22612415009604 89.3951961934827
    vertex 223.92815436471824 109.22612415009395 86.89519619348272
  endloop
endfacet
facet normal 0.6087614290100706 -0.7933533402901995 3.0839231380392264e-13
  outer loop
    vertex 223.92815436471975 109.22612415009604 89.3951961934827
    vertex 224.5494747082771 109.70288001788866 86.89519619348195
    vertex 224.54947470827855 109.70288001789073 89.39519619348198
  endloop
endfacet
facet normal 0.991444861373591 0.1305261922217185 -6.986941074718862e-13
  outer loop
    vertex 223.15169722941562 106.32834667122543 86.8951961934856
    vertex 223.04947470828296 107.10480380653493 89.39519619348499
    vertex 223.15169722941704 106.32834667122754 89.39519619348562
  endloop
endfacet
facet normal 0.991444861373591 0.1305261922217185 -6.986941074718862e-13
  outer loop
    vertex 223.04947470828296 107.10480380653493 89.39519619348499
    vertex 223.15169722941562 106.32834667122543 86.8951961934856
    vertex 223.04947470828156 107.10480380653279 86.89519619348502
  endloop
endfacet
facet normal 0.13052619221837872 0.9914448613740307 -9.144482811243736e-13
  outer loop
    vertex 225.2730175729803 104.2070263276715 89.39519619348614
    vertex 226.04947470828657 104.10480380653789 86.89519619348576
    vertex 225.27301757297877 104.20702632766935 86.89519619348617
  endloop
endfacet
facet normal 0.13052619221837872 0.9914448613740307 -9.144482811243736e-13
  outer loop
    vertex 226.04947470828657 104.10480380653789 86.89519619348576
    vertex 225.2730175729803 104.2070263276715 89.39519619348614
    vertex 226.04947470828805 104.10480380653998 89.39519619348577
  endloop
endfacet
facet normal -0.13052619221837872 -0.9914448613740307 9.144482811243736e-13
  outer loop
    vertex 226.82593184358413 110.00258128540638 86.89519619348032
    vertex 226.0494747082779 110.10480380653996 89.39519619348071
    vertex 226.04947470827645 110.10480380653789 86.89519619348074
  endloop
endfacet
facet normal -0.13052619221837872 -0.9914448613740307 9.144482811243736e-13
  outer loop
    vertex 226.0494747082779 110.10480380653996 89.39519619348071
    vertex 226.82593184358413 110.00258128540638 86.89519619348032
    vertex 226.82593184358564 110.00258128540852 89.39519619348034
  endloop
endfacet
facet normal 0.7933533402902213 0.6087614290100422 -9.848328474509104e-13
  outer loop
    vertex 223.92815436472543 104.98348346297466 86.89519619348631
    vertex 223.45139849693217 105.60480380653561 89.39519619348609
    vertex 223.9281543647269 104.98348346297675 89.39519619348633
  endloop
endfacet
facet normal 0.7933533402902213 0.6087614290100422 -9.848328474509104e-13
  outer loop
    vertex 223.45139849693217 105.60480380653561 89.39519619348609
    vertex 223.92815436472543 104.98348346297466 86.89519619348631
    vertex 223.4513984969307 105.6048038065335 86.89519619348606
  endloop
endfacet
facet normal -0.7933533402922741 0.6087614290073665 -7.258363931052771e-14
  outer loop
    vertex 228.6475509195463 159.60480380655432 86.89519619341853
    vertex 228.17079505175388 158.9834834629944 89.39519619341871
    vertex 228.64755091954646 159.60480380655488 89.3951961934185
  endloop
endfacet
facet normal -0.7933533402922741 0.6087614290073665 -7.258363931052771e-14
  outer loop
    vertex 228.17079505175388 158.9834834629944 89.39519619341871
    vertex 228.6475509195463 159.60480380655432 86.89519619341853
    vertex 228.17079505175366 158.98348346299386 86.89519619341874
  endloop
endfacet
facet normal -0.6087614290073915 -0.793353340292255 1.031093286106334e-12
  outer loop
    vertex 228.1707950518376 109.2261241501011 86.8951961934802
    vertex 227.54947470827858 109.70288001789581 89.39519619348016
    vertex 227.54947470827713 109.70288001789373 86.89519619348019
  endloop
endfacet
facet normal -0.6087614290073915 -0.793353340292255 1.031093286106334e-12
  outer loop
    vertex 227.54947470827858 109.70288001789581 89.39519619348016
    vertex 228.1707950518376 109.2261241501011 86.8951961934802
    vertex 228.17079505183904 109.22612415010322 89.39519619348022
  endloop
endfacet
facet normal -0.9238795325106333 -0.38268343236666796 8.71457677754963e-13
  outer loop
    vertex 228.64755091963372 108.60480380654438 89.39519619348046
    vertex 228.9472521871474 107.88126094185031 86.8951961934809
    vertex 228.94725218714885 107.88126094185245 89.39519619348087
  endloop
endfacet
facet normal -0.9238795325106333 -0.38268343236666796 8.71457677754963e-13
  outer loop
    vertex 228.9472521871474 107.88126094185031 86.8951961934809
    vertex 228.64755091963372 108.60480380654438 89.39519619348046
    vertex 228.64755091963227 108.60480380654228 86.89519619348043
  endloop
endfacet
facet normal 0.13052619222172648 -0.9914448613735899 7.594920018115289e-13
  outer loop
    vertex 226.04947470827645 110.10480380653789 86.89519619348074
    vertex 225.2730175729705 110.00258128540591 89.39519619348127
    vertex 225.27301757296897 110.00258128540376 86.89519619348124
  endloop
endfacet
facet normal 0.13052619222172648 -0.9914448613735899 7.594920018115289e-13
  outer loop
    vertex 225.2730175729705 110.00258128540591 89.39519619348127
    vertex 226.04947470827645 110.10480380653789 86.89519619348074
    vertex 226.0494747082779 110.10480380653996 89.39519619348071
  endloop
endfacet
facet normal -0.7933533402922741 0.6087614290073665 -4.299060336940227e-14
  outer loop
    vertex 228.64755091963877 105.60480380654437 89.39519619348297
    vertex 228.17079505184475 104.98348346298181 86.89519619348378
    vertex 228.1707950518462 104.98348346298393 89.39519619348376
  endloop
endfacet
facet normal -0.7933533402922741 0.6087614290073665 -4.299060336940227e-14
  outer loop
    vertex 228.17079505184475 104.98348346298181 86.89519619348378
    vertex 228.64755091963877 105.60480380654437 89.39519619348297
    vertex 228.64755091963733 105.6048038065423 86.89519619348295
  endloop
endfacet
facet normal -0.6087614290073915 -0.793353340292255 2.2210665869157904e-13
  outer loop
    vertex 227.5494747081861 163.70288001790578 86.8951961934177
    vertex 228.17079505174672 163.2261241501137 89.39519619341779
    vertex 227.54947470818627 163.70288001790632 89.39519619341773
  endloop
endfacet
facet normal -0.6087614290073915 -0.793353340292255 2.2210665869157904e-13
  outer loop
    vertex 228.17079505174672 163.2261241501137 89.39519619341779
    vertex 227.5494747081861 163.70288001790578 86.8951961934177
    vertex 228.17079505174652 163.22612415011315 86.8951961934178
  endloop
endfacet
facet normal 0.7071067811863888 8.627809696450237e-13 -0.7071067811867063
  outer loop
    vertex 378.69202866569174 88.52517467535559 90.89519619341931
    vertex 378.43164868817536 99.3078803821943 90.63481621591646
    vertex 378.6920286656752 98.30707489399293 90.89519619342241
  endloop
endfacet
facet normal 0.7071067811863888 8.627809696450237e-13 -0.7071067811867063
  outer loop
    vertex 378.43164868817536 99.3078803821943 90.63481621591646
    vertex 378.69202866569174 88.52517467535559 90.89519619341931
    vertex 374.69202866568395 92.52517467534697 86.89519619341957
  endloop
endfacet
facet normal 0.7071067811863888 8.627809696450237e-13 -0.7071067811867063
  outer loop
    vertex 378.43164868817536 99.3078803821943 90.63481621591646
    vertex 374.69202866568395 92.52517467534697 86.89519619341957
    vertex 376.85369909838084 109.49420935240653 89.05686662613587
  endloop
endfacet
facet normal 0.7071067811863888 8.627809696450237e-13 -0.7071067811867063
  outer loop
    vertex 376.85369909838084 109.49420935240653 89.05686662613587
    vertex 374.69202866568395 92.52517467534697 86.89519619341957
    vertex 376.4143955081895 118.03601733887393 88.61756303595543
  endloop
endfacet
facet normal 0.7071067811863888 8.627809696450237e-13 -0.7071067811867063
  outer loop
    vertex 376.4143955081895 118.03601733887393 88.61756303595543
    vertex 374.69202866568395 92.52517467534697 86.89519619341957
    vertex 376.41439550813567 150.17359027473515 88.61756303594154
  endloop
endfacet
facet normal 0.7071067811863888 8.627809696450237e-13 -0.7071067811867063
  outer loop
    vertex 378.4316486880586 168.90172723142297 90.63481621588602
    vertex 378.6920286655377 179.68443293825237 90.89519619337702
    vertex 378.6920286655542 169.90253271960427 90.89519619338326
  endloop
endfacet
facet normal 0.7071067811863888 8.627809696450237e-13 -0.7071067811867063
  outer loop
    vertex 378.6920286655377 179.68443293825237 90.89519619337702
    vertex 378.4316486880586 168.90172723142297 90.63481621588602
    vertex 374.69202866554343 175.6844329382406 86.89519619338257
  endloop
endfacet
facet normal 0.7071067811863888 8.627809696450237e-13 -0.7071067811867063
  outer loop
    vertex 374.69202866554343 175.6844329382406 86.89519619338257
    vertex 378.4316486880586 168.90172723142297 90.63481621588602
    vertex 376.85369909829825 158.7153982612043 89.0568666261143
  endloop
endfacet
facet normal 0.7071067811863888 8.627809696450237e-13 -0.7071067811867063
  outer loop
    vertex 374.69202866554343 175.6844329382406 86.89519619338257
    vertex 376.85369909829825 158.7153982612043 89.0568666261143
    vertex 376.41439550813567 150.17359027473515 88.61756303594154
  endloop
endfacet
facet normal 0.7071067811863888 8.627809696450237e-13 -0.7071067811867063
  outer loop
    vertex 374.69202866554343 175.6844329382406 86.89519619338257
    vertex 376.41439550813567 150.17359027473515 88.61756303594154
    vertex 374.69202866568395 92.52517467534697 86.89519619341957
  endloop
endfacet
facet normal -0.7933533402902186 -0.6087614290100456 1.9575252960454843e-13
  outer loop
    vertex 228.17079505174652 163.22612415011315 86.8951961934178
    vertex 228.6475509195414 162.60480380655486 89.39519619341785
    vertex 228.17079505174672 163.2261241501137 89.39519619341779
  endloop
endfacet
facet normal -0.7933533402902186 -0.6087614290100456 1.9575252960454843e-13
  outer loop
    vertex 228.6475509195414 162.60480380655486 89.39519619341785
    vertex 228.17079505174652 163.22612415011315 86.8951961934178
    vertex 228.64755091954123 162.6048038065543 86.89519619341787
  endloop
endfacet
facet normal 0.7933533402922741 -0.6087614290073665 4.299060336940227e-14
  outer loop
    vertex 223.45139849692563 108.60480380653348 86.89519619348356
    vertex 223.92815436471975 109.22612415009604 89.3951961934827
    vertex 223.4513984969271 108.60480380653561 89.39519619348353
  endloop
endfacet
facet normal 0.7933533402922741 -0.6087614290073665 4.299060336940227e-14
  outer loop
    vertex 223.92815436471975 109.22612415009604 89.3951961934827
    vertex 223.45139849692563 108.60480380653348 86.89519619348356
    vertex 223.92815436471824 109.22612415009395 86.89519619348272
  endloop
endfacet
facet normal 0.9914448613740318 -0.13052619221837072 -4.783156884112344e-13
  outer loop
    vertex 223.04947470828156 107.10480380653279 86.89519619348502
    vertex 223.15169722941442 107.88126094184265 89.39519619348428
    vertex 223.04947470828296 107.10480380653493 89.39519619348499
  endloop
endfacet
facet normal 0.9914448613740318 -0.13052619221837072 -4.783156884112344e-13
  outer loop
    vertex 223.15169722941442 107.88126094184265 89.39519619348428
    vertex 223.04947470828156 107.10480380653279 86.89519619348502
    vertex 223.15169722941297 107.88126094184055 86.89519619348431
  endloop
endfacet
facet normal 0.9238795325106333 0.38268343236666796 -8.71457677754963e-13
  outer loop
    vertex 223.4513984969307 105.6048038065335 86.89519619348606
    vertex 223.15169722941704 106.32834667122754 89.39519619348562
    vertex 223.45139849693217 105.60480380653561 89.39519619348609
  endloop
endfacet
facet normal 0.9238795325106333 0.38268343236666796 -8.71457677754963e-13
  outer loop
    vertex 223.15169722941704 106.32834667122754 89.39519619348562
    vertex 223.4513984969307 105.6048038065335 86.89519619348606
    vertex 223.15169722941562 106.32834667122543 86.8951961934856
  endloop
endfacet
facet normal 0.9238795325119263 -0.3826834323635455 -2.2534084563937093e-13
  outer loop
    vertex 223.15169722941297 107.88126094184055 86.89519619348431
    vertex 223.4513984969271 108.60480380653561 89.39519619348353
    vertex 223.15169722941442 107.88126094184265 89.39519619348428
  endloop
endfacet
facet normal 0.9238795325119263 -0.3826834323635455 -2.2534084563937093e-13
  outer loop
    vertex 223.4513984969271 108.60480380653561 89.39519619348353
    vertex 223.15169722941297 107.88126094184055 86.89519619348431
    vertex 223.45139849692563 108.60480380653348 86.89519619348356
  endloop
endfacet
facet normal -0.991444861373591 -0.13052619222171946 1.0572874094782541e-13
  outer loop
    vertex 228.94725218705634 161.88126094186237 86.89519619341803
    vertex 229.0494747081907 161.10480380655554 89.39519619341817
    vertex 228.94725218705656 161.88126094186293 89.395196193418
  endloop
endfacet
facet normal -0.991444861373591 -0.13052619222171946 1.0572874094782541e-13
  outer loop
    vertex 229.0494747081907 161.10480380655554 89.39519619341817
    vertex 228.94725218705634 161.88126094186237 86.89519619341803
    vertex 229.04947470819044 161.10480380655497 86.89519619341814
  endloop
endfacet
facet normal -0.6087614290100706 0.7933533402901995 -3.0839231380392264e-13
  outer loop
    vertex 227.5494747082874 104.50672759518922 89.39519619348457
    vertex 228.17079505184475 104.98348346298181 86.89519619348378
    vertex 227.54947470828589 104.50672759518709 86.89519619348454
  endloop
endfacet
facet normal -0.6087614290100706 0.7933533402901995 -3.0839231380392264e-13
  outer loop
    vertex 228.17079505184475 104.98348346298181 86.89519619348378
    vertex 227.5494747082874 104.50672759518922 89.39519619348457
    vertex 228.1707950518462 104.98348346298393 89.39519619348376
  endloop
endfacet
facet normal -0.9914448613740318 0.13052619221837072 4.783156884112344e-13
  outer loop
    vertex 229.04947470828293 107.10480380654506 89.39519619348145
    vertex 228.94725218715 106.32834667123521 86.89519619348219
    vertex 228.94725218715146 106.32834667123733 89.39519619348216
  endloop
endfacet
facet normal -0.9914448613740318 0.13052619221837072 4.783156884112344e-13
  outer loop
    vertex 228.94725218715 106.32834667123521 86.89519619348219
    vertex 229.04947470828293 107.10480380654506 89.39519619348145
    vertex 229.0494747082815 107.10480380654295 86.89519619348148
  endloop
endfacet
facet normal -0.9238795325106343 -0.38268343236666524 1.5605818912132508e-13
  outer loop
    vertex 228.64755091954123 162.6048038065543 86.89519619341787
    vertex 228.94725218705656 161.88126094186293 89.395196193418
    vertex 228.6475509195414 162.60480380655486 89.39519619341785
  endloop
endfacet
facet normal -0.9238795325106343 -0.38268343236666524 1.5605818912132508e-13
  outer loop
    vertex 228.94725218705656 161.88126094186293 89.395196193418
    vertex 228.64755091954123 162.6048038065543 86.89519619341787
    vertex 228.94725218705634 161.88126094186237 86.89519619341803
  endloop
endfacet
facet normal 0.3826834323666366 -0.923879532510646 5.527775976951193e-13
  outer loop
    vertex 225.27301757296897 110.00258128540376 86.89519619348124
    vertex 224.54947470827855 109.70288001789073 89.39519619348198
    vertex 224.5494747082771 109.70288001788866 86.89519619348195
  endloop
endfacet
facet normal 0.3826834323666366 -0.923879532510646 5.527775976951193e-13
  outer loop
    vertex 224.54947470827855 109.70288001789073 89.39519619348198
    vertex 225.27301757296897 110.00258128540376 86.89519619348124
    vertex 225.2730175729705 110.00258128540591 89.39519619348127
  endloop
endfacet
facet normal -0.382683432363517 -0.9238795325119383 1.0070864212758237e-12
  outer loop
    vertex 227.54947470827713 109.70288001789373 86.89519619348019
    vertex 226.82593184358564 110.00258128540852 89.39519619348034
    vertex 226.82593184358413 110.00258128540638 86.89519619348032
  endloop
endfacet
facet normal -0.382683432363517 -0.9238795325119383 1.0070864212758237e-12
  outer loop
    vertex 226.82593184358564 110.00258128540852 89.39519619348034
    vertex 227.54947470827713 109.70288001789373 86.89519619348019
    vertex 227.54947470827858 109.70288001789581 89.39519619348016
  endloop
endfacet
facet normal -0.7933533402902213 -0.6087614290100422 9.848328474509104e-13
  outer loop
    vertex 228.17079505183904 109.22612415010322 89.39519619348022
    vertex 228.64755091963227 108.60480380654228 86.89519619348043
    vertex 228.64755091963372 108.60480380654438 89.39519619348046
  endloop
endfacet
facet normal -0.7933533402902213 -0.6087614290100422 9.848328474509104e-13
  outer loop
    vertex 228.64755091963227 108.60480380654228 86.89519619348043
    vertex 228.17079505183904 109.22612415010322 89.39519619348022
    vertex 228.1707950518376 109.2261241501011 86.8951961934802
  endloop
endfacet
facet normal -2.8921317000681038e-12 1.7095051536075458e-12 1.0
  outer loop
    vertex 371.09202866558644 164.68443293823478 88.89519619340966
    vertex 358.09202866568194 103.52517467532259 88.89519619347664
    vertex 371.09202866568967 103.52517467534102 88.89519619355603
  endloop
endfacet
facet normal -2.8921317000681038e-12 1.7095051536075458e-12 1.0
  outer loop
    vertex 358.09202866568194 103.52517467532259 88.89519619347664
    vertex 371.09202866558644 164.68443293823478 88.89519619340966
    vertex 358.09202866557865 164.68443293821372 88.89519619341392
  endloop
endfacet
facet normal 0.43078416698040173 -0.330552317316401 0.8397381538287747
  outer loop
    vertex 378.6920286655542 169.90253271960427 90.89519619338326
    vertex 378.0799097416714 169.10480380680102 90.89519619338375
    vertex 378.4316486880586 168.90172723142297 90.63481621588602
  endloop
endfacet
facet normal 1.6268079674027918e-12 -1.0 1.2399441872020902e-12
  outer loop
    vertex 328.092028665578 164.68443293816355 86.89519619342252
    vertex 288.09202866558286 164.6844329381002 88.89519619343076
    vertex 288.0920286655822 164.6844329380987 86.89519619343076
  endloop
endfacet
facet normal 1.6268079674027918e-12 -1.0 1.2399441872020902e-12
  outer loop
    vertex 358.092028665578 164.6844329382122 86.89519619341392
    vertex 338.09202866557865 164.68443293818126 88.89519619342043
    vertex 338.09202866557797 164.68443293817975 86.89519619342043
  endloop
endfacet
facet normal 1.6268079674027918e-12 -1.0 1.2399441872020902e-12
  outer loop
    vertex 278.0920286655822 164.6844329380825 86.89519619343285
    vertex 235.09202866558266 164.6844329380171 90.89519619343632
    vertex 235.09202866557146 164.6844329380115 86.89519619345351
  endloop
endfacet
facet normal 1.6268079674027918e-12 -1.0 1.2399441872020902e-12
  outer loop
    vertex 235.09202866558266 164.6844329380171 90.89519619343632
    vertex 278.0920286655822 164.6844329380825 86.89519619343285
    vertex 278.09202866558286 164.68443293808397 88.89519619343285
  endloop
endfacet
facet normal 1.6268079674027918e-12 -1.0 1.2399441872020902e-12
  outer loop
    vertex 235.09202866558266 164.6844329380171 90.89519619343632
    vertex 278.09202866558286 164.68443293808397 88.89519619343285
    vertex 371.0920286655869 164.68443293823958 90.89519619340966
  endloop
endfacet
facet normal 1.6268079674027918e-12 -1.0 1.2399441872020902e-12
  outer loop
    vertex 371.0920286655869 164.68443293823958 90.89519619340966
    vertex 278.09202866558286 164.68443293808397 88.89519619343285
    vertex 288.09202866558286 164.6844329381002 88.89519619343076
  endloop
endfacet
facet normal 1.6268079674027918e-12 -1.0 1.2399441872020902e-12
  outer loop
    vertex 371.0920286655869 164.68443293823958 90.89519619340966
    vertex 288.09202866558286 164.6844329381002 88.89519619343076
    vertex 328.0920286655787 164.68443293816506 88.89519619342252
  endloop
endfacet
facet normal 1.6268079674027918e-12 -1.0 1.2399441872020902e-12
  outer loop
    vertex 328.0920286655787 164.68443293816506 88.89519619342252
    vertex 288.09202866558286 164.6844329381002 88.89519619343076
    vertex 328.092028665578 164.68443293816355 86.89519619342252
  endloop
endfacet
facet normal 1.6268079674027918e-12 -1.0 1.2399441872020902e-12
  outer loop
    vertex 371.0920286655869 164.68443293823958 90.89519619340966
    vertex 328.0920286655787 164.68443293816506 88.89519619342252
    vertex 338.09202866557865 164.68443293818126 88.89519619342043
  endloop
endfacet
facet normal 1.6268079674027918e-12 -1.0 1.2399441872020902e-12
  outer loop
    vertex 371.0920286655869 164.68443293823958 90.89519619340966
    vertex 338.09202866557865 164.68443293818126 88.89519619342043
    vertex 358.09202866557865 164.68443293821372 88.89519619341392
  endloop
endfacet
facet normal 1.6268079674027918e-12 -1.0 1.2399441872020902e-12
  outer loop
    vertex 358.09202866557865 164.68443293821372 88.89519619341392
    vertex 338.09202866557865 164.68443293818126 88.89519619342043
    vertex 358.092028665578 164.6844329382122 86.89519619341392
  endloop
endfacet
facet normal 1.6268079674027918e-12 -1.0 1.2399441872020902e-12
  outer loop
    vertex 371.0920286655869 164.68443293823958 90.89519619340966
    vertex 358.09202866557865 164.68443293821372 88.89519619341392
    vertex 371.09202866558644 164.68443293823478 88.89519619340966
  endloop
endfacet
facet normal 0.9914448613740392 -0.13052619221831502 -1.391142527983234e-13
  outer loop
    vertex 206.54947470828324 107.08776671965161 90.89519619349167
    vertex 206.60058596884775 107.47599528730333 86.8951961934859
    vertex 206.60058596884892 107.47599528730547 90.89519619349159
  endloop
endfacet
facet normal 0.9914448613740392 -0.13052619221831502 -1.391142527983234e-13
  outer loop
    vertex 206.60058596884775 107.47599528730333 86.8951961934859
    vertex 206.54947470828324 107.08776671965161 90.89519619349167
    vertex 206.54947470828205 107.08776671964945 86.89519619348604
  endloop
endfacet
facet normal 0.43078416697905486 0.3305523173185404 0.8397381538286234
  outer loop
    vertex 378.43164868817536 99.3078803821943 90.63481621591646
    vertex 378.07990974177955 99.10480380680676 90.89519619342231
    vertex 378.6920286656752 98.30707489399293 90.89519619342241
  endloop
endfacet
facet normal 0.5383461908113912 0.07087462058809534 0.8397381538285363
  outer loop
    vertex 376.85369909838084 109.49420935240653 89.05686662613587
    vertex 372.8920286656527 117.80514921870376 90.89519619341452
    vertex 374.0838928415767 108.75204200270194 90.89519619341908
  endloop
endfacet
facet normal 0.5383461908113912 0.07087462058809534 0.8397381538285363
  outer loop
    vertex 372.8920286656527 117.80514921870376 90.89519619341452
    vertex 376.85369909838084 109.49420935240653 89.05686662613587
    vertex 376.4143955081895 118.03601733887393 88.61756303595543
  endloop
endfacet
facet normal 0.5016587875664132 0.2077938734949373 0.8397381538285409
  outer loop
    vertex 378.43164868817536 99.3078803821943 90.63481621591646
    vertex 374.0838928415767 108.75204200270194 90.89519619341908
    vertex 378.07990974177955 99.10480380680676 90.89519619342231
  endloop
endfacet
facet normal 0.5016587875664132 0.2077938734949373 0.8397381538285409
  outer loop
    vertex 374.0838928415767 108.75204200270194 90.89519619341908
    vertex 378.43164868817536 99.3078803821943 90.63481621591646
    vertex 376.85369909838084 109.49420935240653 89.05686662613587
  endloop
endfacet
facet normal 5.021166122360866e-13 7.000216322096535e-13 1.0
  outer loop
    vertex 226.04947470828566 105.60480380653999 90.8951961934875
    vertex 208.43770327593944 105.6388779802212 90.89519619349183
    vertex 208.0494747082857 105.58776671965413 90.89519619349191
  endloop
endfacet
facet normal 5.021166122360866e-13 7.000216322096535e-13 1.0
  outer loop
    vertex 208.43770327593944 105.6388779802212 90.89519619349183
    vertex 226.04947470828566 105.60480380653999 90.8951961934875
    vertex 225.66124614063176 105.65591506710572 90.89519619348752
  endloop
endfacet
facet normal 5.021166122360866e-13 7.000216322096535e-13 1.0
  outer loop
    vertex 208.43770327593944 105.6388779802212 90.89519619349183
    vertex 225.66124614063176 105.65591506710572 90.89519619348752
    vertex 208.79947470828546 105.78872861397873 90.89519619349169
  endloop
endfacet
facet normal 5.021166122360866e-13 7.000216322096535e-13 1.0
  outer loop
    vertex 208.79947470828546 105.78872861397873 90.89519619349169
    vertex 225.66124614063176 105.65591506710572 90.89519619348752
    vertex 225.2994747082853 105.80576570086205 90.89519619348755
  endloop
endfacet
facet normal 5.021166122360866e-13 7.000216322096535e-13 1.0
  outer loop
    vertex 208.79947470828546 105.78872861397873 90.89519619349169
    vertex 225.2994747082853 105.80576570086205 90.89519619348755
    vertex 209.11013488006478 106.0271065478761 90.8951961934916
  endloop
endfacet
facet normal 5.021166122360866e-13 7.000216322096535e-13 1.0
  outer loop
    vertex 209.11013488006478 106.0271065478761 90.8951961934916
    vertex 225.2994747082853 105.80576570086205 90.89519619348755
    vertex 224.9888145365051 106.04414363475836 90.89519619348752
  endloop
endfacet
facet normal 5.021166122360866e-13 7.000216322096535e-13 1.0
  outer loop
    vertex 209.11013488006478 106.0271065478761 90.8951961934916
    vertex 224.9888145365051 106.04414363475836 90.89519619348752
    vertex 209.34851281396115 106.33776671965634 90.8951961934914
  endloop
endfacet
facet normal 5.021166122360866e-13 7.000216322096535e-13 1.0
  outer loop
    vertex 209.34851281396115 106.33776671965634 90.8951961934914
    vertex 224.9888145365051 106.04414363475836 90.89519619348752
    vertex 224.75043660260772 106.35480380653779 90.8951961934875
  endloop
endfacet
facet normal 5.021166122360866e-13 7.000216322096535e-13 1.0
  outer loop
    vertex 209.34851281396115 106.33776671965634 90.8951961934914
    vertex 224.75043660260772 106.35480380653779 90.8951961934875
    vertex 209.49836344771748 106.69953815200277 90.8951961934913
  endloop
endfacet
facet normal 5.021166122360866e-13 7.000216322096535e-13 1.0
  outer loop
    vertex 209.49836344771748 106.69953815200277 90.8951961934913
    vertex 224.75043660260772 106.35480380653779 90.8951961934875
    vertex 224.60058596885014 106.71657523888375 90.89519619348742
  endloop
endfacet
facet normal 5.021166122360866e-13 7.000216322096535e-13 1.0
  outer loop
    vertex 209.49836344771748 106.69953815200277 90.8951961934913
    vertex 224.60058596885014 106.71657523888375 90.89519619348742
    vertex 209.54947470828319 107.08776671965667 90.89519619349112
  endloop
endfacet
facet normal 5.021166122360866e-13 7.000216322096535e-13 1.0
  outer loop
    vertex 209.54947470828319 107.08776671965667 90.89519619349112
    vertex 224.60058596885014 106.71657523888375 90.89519619348742
    vertex 224.54947470828307 107.10480380653746 90.89519619348727
  endloop
endfacet
facet normal 5.021166122360866e-13 7.000216322096535e-13 1.0
  outer loop
    vertex 209.54947470828319 107.08776671965667 90.89519619349112
    vertex 224.54947470828307 107.10480380653746 90.89519619348727
    vertex 209.49836344771612 107.47599528731038 90.89519619349106
  endloop
endfacet
facet normal 5.021166122360866e-13 7.000216322096535e-13 1.0
  outer loop
    vertex 209.49836344771612 107.47599528731038 90.89519619349106
    vertex 224.54947470828307 107.10480380653746 90.89519619348727
    vertex 224.60058596884883 107.4930323741913 90.89519619348717
  endloop
endfacet
facet normal 5.021166122360866e-13 7.000216322096535e-13 1.0
  outer loop
    vertex 209.49836344771612 107.47599528731038 90.89519619349106
    vertex 224.60058596884883 107.4930323741913 90.89519619348717
    vertex 209.34851281395862 107.83776671965632 90.89519619349095
  endloop
endfacet
facet normal 5.021166122360866e-13 7.000216322096535e-13 1.0
  outer loop
    vertex 209.34851281395862 107.83776671965632 90.89519619349095
    vertex 224.60058596884883 107.4930323741913 90.89519619348717
    vertex 224.75043660260513 107.85480380653776 90.89519619348698
  endloop
endfacet
facet normal 5.021166122360866e-13 7.000216322096535e-13 1.0
  outer loop
    vertex 209.34851281395862 107.83776671965632 90.89519619349095
    vertex 224.75043660260513 107.85480380653776 90.89519619348698
    vertex 209.11013488006117 108.14842689143575 90.89519619349086
  endloop
endfacet
facet normal 5.021166122360866e-13 7.000216322096535e-13 1.0
  outer loop
    vertex 209.11013488006117 108.14842689143575 90.89519619349086
    vertex 224.75043660260513 107.85480380653776 90.89519619348698
    vertex 224.9888145365015 108.16546397831803 90.89519619348688
  endloop
endfacet
facet normal 5.021166122360866e-13 7.000216322096535e-13 1.0
  outer loop
    vertex 209.11013488006117 108.14842689143575 90.89519619349086
    vertex 224.9888145365015 108.16546397831803 90.89519619348688
    vertex 208.79947470828108 108.38680482533208 90.89519619349083
  endloop
endfacet
facet normal 5.021166122360866e-13 7.000216322096535e-13 1.0
  outer loop
    vertex 208.79947470828108 108.38680482533208 90.89519619349083
    vertex 224.9888145365015 108.16546397831803 90.89519619348688
    vertex 225.2994747082809 108.40384191221536 90.8951961934867
  endloop
endfacet
facet normal 5.021166122360866e-13 7.000216322096535e-13 1.0
  outer loop
    vertex 208.79947470828108 108.38680482533208 90.89519619349083
    vertex 225.2994747082809 108.40384191221536 90.8951961934867
    vertex 208.43770327593458 108.53665545908838 90.89519619349086
  endloop
endfacet
facet normal 5.021166122360866e-13 7.000216322096535e-13 1.0
  outer loop
    vertex 208.43770327593458 108.53665545908838 90.89519619349086
    vertex 225.2994747082809 108.40384191221536 90.8951961934867
    vertex 225.66124614062684 108.55369254597294 90.89519619348664
  endloop
endfacet
facet normal 5.021166122360866e-13 7.000216322096535e-13 1.0
  outer loop
    vertex 208.43770327593458 108.53665545908838 90.89519619349086
    vertex 225.66124614062684 108.55369254597294 90.89519619348664
    vertex 208.04947470828063 108.58776671965411 90.89519619349093
  endloop
endfacet
facet normal 5.021166122360866e-13 7.000216322096535e-13 1.0
  outer loop
    vertex 208.04947470828063 108.58776671965411 90.89519619349093
    vertex 225.66124614062684 108.55369254597294 90.89519619348664
    vertex 226.04947470828054 108.60480380653999 90.89519619348651
  endloop
endfacet
facet normal 5.021166122360866e-13 7.000216322096535e-13 1.0
  outer loop
    vertex 230.09202866569578 101.5251746751314 90.89519619349232
    vertex 226.04947470828566 105.60480380653999 90.8951961934875
    vertex 208.0494747082857 105.58776671965413 90.89519619349191
  endloop
endfacet
facet normal 5.021166122360866e-13 7.000216322096535e-13 1.0
  outer loop
    vertex 226.04947470828566 105.60480380653999 90.8951961934875
    vertex 230.09202866569578 101.5251746751314 90.89519619349232
    vertex 226.43770327593936 105.65591506710705 90.89519619348744
  endloop
endfacet
facet normal 5.021166122360866e-13 7.000216322096535e-13 1.0
  outer loop
    vertex 226.43770327593936 105.65591506710705 90.89519619348744
    vertex 230.09202866569578 101.5251746751314 90.89519619349232
    vertex 230.0920286656859 107.10480380657111 90.89519619348789
  endloop
endfacet
facet normal 5.021166122360866e-13 7.000216322096535e-13 1.0
  outer loop
    vertex 226.43770327593936 105.65591506710705 90.89519619348744
    vertex 230.0920286656859 107.10480380657111 90.89519619348789
    vertex 226.7994747082853 105.8057657008646 90.89519619348728
  endloop
endfacet
facet normal 5.021166122360866e-13 7.000216322096535e-13 1.0
  outer loop
    vertex 226.7994747082853 105.8057657008646 90.89519619348728
    vertex 230.0920286656859 107.10480380657111 90.89519619348789
    vertex 227.1101348800647 106.04414363476192 90.89519619348718
  endloop
endfacet
facet normal 5.021166122360866e-13 7.000216322096535e-13 1.0
  outer loop
    vertex 227.1101348800647 106.04414363476192 90.89519619348718
    vertex 230.0920286656859 107.10480380657111 90.89519619348789
    vertex 227.34851281396107 106.35480380654217 90.895196193487
  endloop
endfacet
facet normal 5.021166122360866e-13 7.000216322096535e-13 1.0
  outer loop
    vertex 227.34851281396107 106.35480380654217 90.895196193487
    vertex 230.0920286656859 107.10480380657111 90.89519619348789
    vertex 227.49836344771737 106.71657523888865 90.8951961934869
  endloop
endfacet
facet normal 5.021166122360866e-13 7.000216322096535e-13 1.0
  outer loop
    vertex 227.49836344771737 106.71657523888865 90.8951961934869
    vertex 230.0920286656859 107.10480380657111 90.89519619348789
    vertex 227.5494747082831 107.10480380654253 90.89519619348671
  endloop
endfacet
facet normal 5.021166122360866e-13 7.000216322096535e-13 1.0
  outer loop
    vertex 227.5494747082831 107.10480380654253 90.89519619348671
    vertex 230.0920286656859 107.10480380657111 90.89519619348789
    vertex 227.49836344771606 107.4930323741962 90.89519619348664
  endloop
endfacet
facet normal 5.021166122360866e-13 7.000216322096535e-13 1.0
  outer loop
    vertex 227.49836344771606 107.4930323741962 90.89519619348664
    vertex 230.0920286656859 107.10480380657111 90.89519619348789
    vertex 235.0920286656707 107.10480380657971 90.89519619348478
  endloop
endfacet
facet normal 5.021166122360866e-13 7.000216322096535e-13 1.0
  outer loop
    vertex 227.49836344771606 107.4930323741962 90.89519619348664
    vertex 235.0920286656707 107.10480380657971 90.89519619348478
    vertex 235.09202866558266 164.6844329380171 90.89519619343632
  endloop
endfacet
facet normal 5.021166122360866e-13 7.000216322096535e-13 1.0
  outer loop
    vertex 227.49836344771606 107.4930323741962 90.89519619348664
    vertex 235.09202866558266 164.6844329380171 90.89519619343632
    vertex 227.34851281395848 107.85480380654218 90.89519619348653
  endloop
endfacet
facet normal 5.021166122360866e-13 7.000216322096535e-13 1.0
  outer loop
    vertex 227.34851281395848 107.85480380654218 90.89519619348653
    vertex 235.09202866558266 164.6844329380171 90.89519619343632
    vertex 227.1101348800611 108.16546397832161 90.89519619348646
  endloop
endfacet
facet normal 5.021166122360866e-13 7.000216322096535e-13 1.0
  outer loop
    vertex 227.1101348800611 108.16546397832161 90.89519619348646
    vertex 235.09202866558266 164.6844329380171 90.89519619343632
    vertex 226.7994747082809 108.4038419122179 90.89519619348643
  endloop
endfacet
facet normal 5.021166122360866e-13 7.000216322096535e-13 1.0
  outer loop
    vertex 226.7994747082809 108.4038419122179 90.89519619348643
    vertex 235.09202866558266 164.6844329380171 90.89519619343632
    vertex 226.43770327593444 108.55369254597424 90.89519619348646
  endloop
endfacet
facet normal 5.021166122360866e-13 7.000216322096535e-13 1.0
  outer loop
    vertex 226.43770327593444 108.55369254597424 90.89519619348646
    vertex 235.09202866558266 164.6844329380171 90.89519619343632
    vertex 226.04947470828054 108.60480380653999 90.89519619348651
  endloop
endfacet
facet normal 5.021166122360866e-13 7.000216322096535e-13 1.0
  outer loop
    vertex 226.04947470828054 108.60480380653999 90.89519619348651
    vertex 235.09202866558266 164.6844329380171 90.89519619343632
    vertex 226.7994747081941 159.80576570087686 90.895196193464
  endloop
endfacet
facet normal 5.021166122360866e-13 7.000216322096535e-13 1.0
  outer loop
    vertex 226.04947470828054 108.60480380653999 90.89519619348651
    vertex 226.7994747081941 159.80576570087686 90.895196193464
    vertex 226.43770327584818 159.6559150671193 90.89519619346416
  endloop
endfacet
facet normal 5.021166122360866e-13 7.000216322096535e-13 1.0
  outer loop
    vertex 226.04947470828054 108.60480380653999 90.89519619348651
    vertex 226.43770327584818 159.6559150671193 90.89519619346416
    vertex 226.04947470819445 159.60480380655224 90.89519619346423
  endloop
endfacet
facet normal 5.021166122360866e-13 7.000216322096535e-13 1.0
  outer loop
    vertex 226.7994747081941 159.80576570087686 90.895196193464
    vertex 235.09202866558266 164.6844329380171 90.89519619343632
    vertex 227.1101348799735 160.0441436347742 90.89519619346393
  endloop
endfacet
facet normal 5.021166122360866e-13 7.000216322096535e-13 1.0
  outer loop
    vertex 227.1101348799735 160.0441436347742 90.89519619346393
    vertex 235.09202866558266 164.6844329380171 90.89519619343632
    vertex 227.3485128138699 160.35480380655446 90.89519619346373
  endloop
endfacet
facet normal 5.021166122360866e-13 7.000216322096535e-13 1.0
  outer loop
    vertex 227.3485128138699 160.35480380655446 90.89519619346373
    vertex 235.09202866558266 164.6844329380171 90.89519619343632
    vertex 227.49836344762616 160.71657523890093 90.89519619346363
  endloop
endfacet
facet normal 5.021166122360866e-13 7.000216322096535e-13 1.0
  outer loop
    vertex 227.49836344762616 160.71657523890093 90.89519619346363
    vertex 235.09202866558266 164.6844329380171 90.89519619343632
    vertex 227.54947470819195 161.1048038065548 90.89519619346345
  endloop
endfacet
facet normal 5.021166122360866e-13 7.000216322096535e-13 1.0
  outer loop
    vertex 227.54947470819195 161.1048038065548 90.89519619346345
    vertex 235.09202866558266 164.6844329380171 90.89519619343632
    vertex 227.49836344762485 161.49303237420847 90.89519619346338
  endloop
endfacet
facet normal 5.021166122360866e-13 7.000216322096535e-13 1.0
  outer loop
    vertex 227.49836344762485 161.49303237420847 90.89519619346338
    vertex 235.09202866558266 164.6844329380171 90.89519619343632
    vertex 227.34851281386736 161.85480380655446 90.89519619346326
  endloop
endfacet
facet normal 5.021166122360866e-13 7.000216322096535e-13 1.0
  outer loop
    vertex 227.34851281386736 161.85480380655446 90.89519619346326
    vertex 235.09202866558266 164.6844329380171 90.89519619343632
    vertex 227.11013487996993 162.1654639783339 90.89519619346319
  endloop
endfacet
facet normal 5.021166122360866e-13 7.000216322096535e-13 1.0
  outer loop
    vertex 227.11013487996993 162.1654639783339 90.89519619346319
    vertex 235.09202866558266 164.6844329380171 90.89519619343632
    vertex 226.79947470818973 162.40384191223018 90.89519619346316
  endloop
endfacet
facet normal 5.021166122360866e-13 7.000216322096535e-13 1.0
  outer loop
    vertex 226.79947470818973 162.40384191223018 90.89519619346316
    vertex 235.09202866558266 164.6844329380171 90.89519619343632
    vertex 226.4377032758433 162.5536925459865 90.89519619346318
  endloop
endfacet
facet normal 5.021166122360866e-13 7.000216322096535e-13 1.0
  outer loop
    vertex 226.4377032758433 162.5536925459865 90.89519619346318
    vertex 235.09202866558266 164.6844329380171 90.89519619343632
    vertex 226.04947470818942 162.60480380655224 90.89519619346326
  endloop
endfacet
facet normal 5.021166122360866e-13 7.000216322096535e-13 1.0
  outer loop
    vertex 226.04947470818942 162.60480380655224 90.89519619346326
    vertex 235.09202866558266 164.6844329380171 90.89519619343632
    vertex 208.04947470818945 162.60480380652186 90.89519619346765
  endloop
endfacet
facet normal 5.021166122360866e-13 7.000216322096535e-13 1.0
  outer loop
    vertex 371.09202866556325 178.68443293823955 90.89519619338255
    vertex 235.09202866558266 164.6844329380171 90.89519619343632
    vertex 371.0920286655869 164.68443293823958 90.89519619340966
  endloop
endfacet
facet normal 5.021166122360866e-13 7.000216322096535e-13 1.0
  outer loop
    vertex 374.0838928415018 159.45756561089684 90.89519619338894
    vertex 372.8920286655579 178.6844329382426 90.89519619338206
    vertex 372.89202866561027 150.40445839489604 90.89519619339316
  endloop
endfacet
facet normal 5.021166122360866e-13 7.000216322096535e-13 1.0
  outer loop
    vertex 372.8920286655579 178.6844329382426 90.89519619338206
    vertex 374.0838928415018 159.45756561089684 90.89519619338894
    vertex 378.0799097416714 169.10480380680102 90.89519619338375
  endloop
endfacet
facet normal 5.021166122360866e-13 7.000216322096535e-13 1.0
  outer loop
    vertex 372.8920286655579 178.6844329382426 90.89519619338206
    vertex 378.0799097416714 169.10480380680102 90.89519619338375
    vertex 378.6920286655542 169.90253271960427 90.89519619338326
  endloop
endfacet
facet normal 5.021166122360866e-13 7.000216322096535e-13 1.0
  outer loop
    vertex 372.8920286655579 178.6844329382426 90.89519619338206
    vertex 378.6920286655542 169.90253271960427 90.89519619338326
    vertex 378.6920286655377 179.68443293825237 90.89519619337702
  endloop
endfacet
facet normal 5.021166122360866e-13 7.000216322096535e-13 1.0
  outer loop
    vertex 372.8920286655579 178.6844329382426 90.89519619338206
    vertex 378.6920286655377 179.68443293825237 90.89519619337702
    vertex 371.09202866556325 178.68443293823955 90.89519619338255
  endloop
endfacet
facet normal 5.021166122360866e-13 7.000216322096535e-13 1.0
  outer loop
    vertex 173.09202866607816 88.52517467506948 90.8951961935748
    vertex 206.7504366026078 106.33776671965194 90.8951961934919
    vertex 173.0920286660085 179.68443293794985 90.89519619349629
  endloop
endfacet
facet normal 5.021166122360866e-13 7.000216322096535e-13 1.0
  outer loop
    vertex 206.7504366026078 106.33776671965194 90.8951961934919
    vertex 173.09202866607816 88.52517467506948 90.8951961935748
    vertex 206.98881453650517 106.02710654787253 90.89519619349193
  endloop
endfacet
facet normal 5.021166122360866e-13 7.000216322096535e-13 1.0
  outer loop
    vertex 206.98881453650517 106.02710654787253 90.89519619349193
    vertex 173.09202866607816 88.52517467506948 90.8951961935748
    vertex 207.29947470828546 105.7887286139762 90.89519619349196
  endloop
endfacet
facet normal 5.021166122360866e-13 7.000216322096535e-13 1.0
  outer loop
    vertex 207.29947470828546 105.7887286139762 90.89519619349196
    vertex 173.09202866607816 88.52517467506948 90.8951961935748
    vertex 207.66124614063185 105.63887798021986 90.89519619349193
  endloop
endfacet
facet normal 5.021166122360866e-13 7.000216322096535e-13 1.0
  outer loop
    vertex 207.66124614063185 105.63887798021986 90.89519619349193
    vertex 173.09202866607816 88.52517467506948 90.8951961935748
    vertex 230.09202866569578 101.5251746751314 90.89519619349232
  endloop
endfacet
facet normal 5.021166122360866e-13 7.000216322096535e-13 1.0
  outer loop
    vertex 230.09202866569578 101.5251746751314 90.89519619349232
    vertex 173.09202866607816 88.52517467506948 90.8951961935748
    vertex 371.09202866571303 89.5251746753428 90.89519619341903
  endloop
endfacet
facet normal 5.021166122360866e-13 7.000216322096535e-13 1.0
  outer loop
    vertex 371.09202866571303 89.5251746753428 90.89519619341903
    vertex 173.09202866607816 88.52517467506948 90.8951961935748
    vertex 372.89202866570866 89.5251746753458 90.89519619342116
  endloop
endfacet
facet normal 5.021166122360866e-13 7.000216322096535e-13 1.0
  outer loop
    vertex 230.09202866569578 101.5251746751314 90.89519619349232
    vertex 371.09202866571303 89.5251746753428 90.89519619341903
    vertex 253.87311742156436 101.52517467516843 90.89519619349866
  endloop
endfacet
facet normal 5.021166122360866e-13 7.000216322096535e-13 1.0
  outer loop
    vertex 207.66124614063185 105.63887798021986 90.89519619349193
    vertex 230.09202866569578 101.5251746751314 90.89519619349232
    vertex 208.0494747082857 105.58776671965413 90.89519619349191
  endloop
endfacet
facet normal 5.021166122360866e-13 7.000216322096535e-13 1.0
  outer loop
    vertex 173.0920286660085 179.68443293794985 90.89519619349629
    vertex 206.7504366026078 106.33776671965194 90.8951961934919
    vertex 206.60058596885028 106.6995381519979 90.89519619349183
  endloop
endfacet
facet normal 5.021166122360866e-13 7.000216322096535e-13 1.0
  outer loop
    vertex 173.0920286660085 179.68443293794985 90.89519619349629
    vertex 206.60058596885028 106.6995381519979 90.89519619349183
    vertex 206.54947470828324 107.08776671965161 90.89519619349167
  endloop
endfacet
facet normal 5.021166122360866e-13 7.000216322096535e-13 1.0
  outer loop
    vertex 173.0920286660085 179.68443293794985 90.89519619349629
    vertex 206.54947470828324 107.08776671965161 90.89519619349167
    vertex 206.60058596884892 107.47599528730547 90.89519619349159
  endloop
endfacet
facet normal 5.021166122360866e-13 7.000216322096535e-13 1.0
  outer loop
    vertex 173.0920286660085 179.68443293794985 90.89519619349629
    vertex 206.60058596884892 107.47599528730547 90.89519619349159
    vertex 206.75043660260528 107.83776671965194 90.89519619349139
  endloop
endfacet
facet normal 5.021166122360866e-13 7.000216322096535e-13 1.0
  outer loop
    vertex 173.0920286660085 179.68443293794985 90.89519619349629
    vertex 206.75043660260528 107.83776671965194 90.89519619349139
    vertex 206.98881453650156 108.14842689143217 90.89519619349129
  endloop
endfacet
facet normal 5.021166122360866e-13 7.000216322096535e-13 1.0
  outer loop
    vertex 173.0920286660085 179.68443293794985 90.89519619349629
    vertex 206.98881453650156 108.14842689143217 90.89519619349129
    vertex 207.29947470828108 108.38680482532953 90.8951961934911
  endloop
endfacet
facet normal 5.021166122360866e-13 7.000216322096535e-13 1.0
  outer loop
    vertex 173.0920286660085 179.68443293794985 90.89519619349629
    vertex 207.29947470828108 108.38680482532953 90.8951961934911
    vertex 207.66124614062696 108.53665545908707 90.89519619349106
  endloop
endfacet
facet normal 5.021166122360866e-13 7.000216322096535e-13 1.0
  outer loop
    vertex 173.0920286660085 179.68443293794985 90.89519619349629
    vertex 207.66124614062696 108.53665545908707 90.89519619349106
    vertex 208.04947470828063 108.58776671965411 90.89519619349093
  endloop
endfacet
facet normal 5.021166122360866e-13 7.000216322096535e-13 1.0
  outer loop
    vertex 173.0920286660085 179.68443293794985 90.89519619349629
    vertex 208.04947470828063 108.58776671965411 90.89519619349093
    vertex 226.04947470828054 108.60480380653999 90.89519619348651
  endloop
endfacet
facet normal 5.021166122360866e-13 7.000216322096535e-13 1.0
  outer loop
    vertex 173.0920286660085 179.68443293794985 90.89519619349629
    vertex 226.04947470828054 108.60480380653999 90.89519619348651
    vertex 207.29947470819423 159.80576570084395 90.89519619346869
  endloop
endfacet
facet normal 5.021166122360866e-13 7.000216322096535e-13 1.0
  outer loop
    vertex 207.29947470819423 159.80576570084395 90.89519619346869
    vertex 226.04947470828054 108.60480380653999 90.89519619348651
    vertex 207.66124614054064 159.65591506708762 90.89519619346866
  endloop
endfacet
facet normal 5.021166122360866e-13 7.000216322096535e-13 1.0
  outer loop
    vertex 207.66124614054064 159.65591506708762 90.89519619346866
    vertex 226.04947470828054 108.60480380653999 90.89519619348651
    vertex 208.0494747081945 159.60480380652186 90.89519619346864
  endloop
endfacet
facet normal 5.021166122360866e-13 7.000216322096535e-13 1.0
  outer loop
    vertex 208.0494747081945 159.60480380652186 90.89519619346864
    vertex 226.04947470828054 108.60480380653999 90.89519619348651
    vertex 226.04947470819445 159.60480380655224 90.89519619346423
  endloop
endfacet
facet normal 5.021166122360866e-13 7.000216322096535e-13 1.0
  outer loop
    vertex 173.0920286660085 179.68443293794985 90.89519619349629
    vertex 207.29947470819423 159.80576570084395 90.89519619346869
    vertex 206.98881453641394 160.04414363474024 90.89519619346866
  endloop
endfacet
facet normal 5.021166122360866e-13 7.000216322096535e-13 1.0
  outer loop
    vertex 173.0920286660085 179.68443293794985 90.89519619349629
    vertex 206.98881453641394 160.04414363474024 90.89519619346866
    vertex 206.7504366025166 160.35480380651967 90.89519619346864
  endloop
endfacet
facet normal 5.021166122360866e-13 7.000216322096535e-13 1.0
  outer loop
    vertex 173.0920286660085 179.68443293794985 90.89519619349629
    vertex 206.7504366025166 160.35480380651967 90.89519619346864
    vertex 206.60058596875905 160.71657523886566 90.89519619346856
  endloop
endfacet
facet normal 5.021166122360866e-13 7.000216322096535e-13 1.0
  outer loop
    vertex 173.0920286660085 179.68443293794985 90.89519619349629
    vertex 206.60058596875905 160.71657523886566 90.89519619346856
    vertex 206.54947470819204 161.10480380651933 90.89519619346841
  endloop
endfacet
facet normal 5.021166122360866e-13 7.000216322096535e-13 1.0
  outer loop
    vertex 173.0920286660085 179.68443293794985 90.89519619349629
    vertex 206.54947470819204 161.10480380651933 90.89519619346841
    vertex 206.60058596875774 161.49303237417317 90.89519619346831
  endloop
endfacet
facet normal 5.021166122360866e-13 7.000216322096535e-13 1.0
  outer loop
    vertex 173.0920286660085 179.68443293794985 90.89519619349629
    vertex 206.60058596875774 161.49303237417317 90.89519619346831
    vertex 206.75043660251407 161.85480380651967 90.89519619346812
  endloop
endfacet
facet normal 5.021166122360866e-13 7.000216322096535e-13 1.0
  outer loop
    vertex 173.0920286660085 179.68443293794985 90.89519619349629
    vertex 206.75043660251407 161.85480380651967 90.89519619346812
    vertex 206.98881453641036 162.1654639782999 90.89519619346802
  endloop
endfacet
facet normal 5.021166122360866e-13 7.000216322096535e-13 1.0
  outer loop
    vertex 173.0920286660085 179.68443293794985 90.89519619349629
    vertex 206.98881453641036 162.1654639782999 90.89519619346802
    vertex 207.29947470818985 162.40384191219724 90.89519619346784
  endloop
endfacet
facet normal 5.021166122360866e-13 7.000216322096535e-13 1.0
  outer loop
    vertex 173.0920286660085 179.68443293794985 90.89519619349629
    vertex 207.29947470818985 162.40384191219724 90.89519619346784
    vertex 207.66124614053578 162.55369254595482 90.89519619346777
  endloop
endfacet
facet normal 5.021166122360866e-13 7.000216322096535e-13 1.0
  outer loop
    vertex 173.0920286660085 179.68443293794985 90.89519619349629
    vertex 207.66124614053578 162.55369254595482 90.89519619346777
    vertex 208.04947470818945 162.60480380652186 90.89519619346765
  endloop
endfacet
facet normal 5.021166122360866e-13 7.000216322096535e-13 1.0
  outer loop
    vertex 173.0920286660085 179.68443293794985 90.89519619349629
    vertex 208.04947470818945 162.60480380652186 90.89519619346765
    vertex 235.09202866558266 164.6844329380171 90.89519619343632
  endloop
endfacet
facet normal 5.021166122360866e-13 7.000216322096535e-13 1.0
  outer loop
    vertex 173.0920286660085 179.68443293794985 90.89519619349629
    vertex 235.09202866558266 164.6844329380171 90.89519619343632
    vertex 371.09202866556325 178.68443293823955 90.89519619338255
  endloop
endfacet
facet normal 5.021166122360866e-13 7.000216322096535e-13 1.0
  outer loop
    vertex 173.0920286660085 179.68443293794985 90.89519619349629
    vertex 371.09202866556325 178.68443293823955 90.89519619338255
    vertex 378.6920286655377 179.68443293825237 90.89519619337702
  endloop
endfacet
facet normal 5.021166122360866e-13 7.000216322096535e-13 1.0
  outer loop
    vertex 225.66124614054058 159.655915067118 90.89519619346426
    vertex 208.0494747081945 159.60480380652186 90.89519619346864
    vertex 226.04947470819445 159.60480380655224 90.89519619346423
  endloop
endfacet
facet normal 5.021166122360866e-13 7.000216322096535e-13 1.0
  outer loop
    vertex 208.0494747081945 159.60480380652186 90.89519619346864
    vertex 225.66124614054058 159.655915067118 90.89519619346426
    vertex 208.43770327584826 159.65591506708893 90.89519619346856
  endloop
endfacet
facet normal 5.021166122360866e-13 7.000216322096535e-13 1.0
  outer loop
    vertex 208.43770327584826 159.65591506708893 90.89519619346856
    vertex 225.66124614054058 159.655915067118 90.89519619346426
    vertex 225.29947470819408 159.80576570087433 90.89519619346429
  endloop
endfacet
facet normal 5.021166122360866e-13 7.000216322096535e-13 1.0
  outer loop
    vertex 208.43770327584826 159.65591506708893 90.89519619346856
    vertex 225.29947470819408 159.80576570087433 90.89519619346429
    vertex 208.79947470819423 159.80576570084648 90.89519619346841
  endloop
endfacet
facet normal 5.021166122360866e-13 7.000216322096535e-13 1.0
  outer loop
    vertex 208.79947470819423 159.80576570084648 90.89519619346841
    vertex 225.29947470819408 159.80576570087433 90.89519619346429
    vertex 224.98881453641388 160.04414363477062 90.89519619346426
  endloop
endfacet
facet normal 5.021166122360866e-13 7.000216322096535e-13 1.0
  outer loop
    vertex 208.79947470819423 159.80576570084648 90.89519619346841
    vertex 224.98881453641388 160.04414363477062 90.89519619346426
    vertex 209.11013487997354 160.04414363474382 90.89519619346832
  endloop
endfacet
facet normal 5.021166122360866e-13 7.000216322096535e-13 1.0
  outer loop
    vertex 209.11013487997354 160.04414363474382 90.89519619346832
    vertex 224.98881453641388 160.04414363477062 90.89519619346426
    vertex 224.75043660251652 160.35480380655008 90.89519619346423
  endloop
endfacet
facet normal 5.021166122360866e-13 7.000216322096535e-13 1.0
  outer loop
    vertex 209.11013487997354 160.04414363474382 90.89519619346832
    vertex 224.75043660251652 160.35480380655008 90.89519619346423
    vertex 209.34851281386995 160.35480380652407 90.89519619346814
  endloop
endfacet
facet normal 5.021166122360866e-13 7.000216322096535e-13 1.0
  outer loop
    vertex 209.34851281386995 160.35480380652407 90.89519619346814
    vertex 224.75043660251652 160.35480380655008 90.89519619346423
    vertex 224.60058596875896 160.71657523889604 90.89519619346414
  endloop
endfacet
facet normal 5.021166122360866e-13 7.000216322096535e-13 1.0
  outer loop
    vertex 209.34851281386995 160.35480380652407 90.89519619346814
    vertex 224.60058596875896 160.71657523889604 90.89519619346414
    vertex 209.49836344762625 160.71657523887055 90.89519619346802
  endloop
endfacet
facet normal 5.021166122360866e-13 7.000216322096535e-13 1.0
  outer loop
    vertex 209.49836344762625 160.71657523887055 90.89519619346802
    vertex 224.60058596875896 160.71657523889604 90.89519619346414
    vertex 224.54947470819192 161.1048038065497 90.895196193464
  endloop
endfacet
facet normal 5.021166122360866e-13 7.000216322096535e-13 1.0
  outer loop
    vertex 209.49836344762625 160.71657523887055 90.89519619346802
    vertex 224.54947470819192 161.1048038065497 90.895196193464
    vertex 209.54947470819198 161.1048038065244 90.89519619346785
  endloop
endfacet
facet normal 5.021166122360866e-13 7.000216322096535e-13 1.0
  outer loop
    vertex 209.54947470819198 161.1048038065244 90.89519619346785
    vertex 224.54947470819192 161.1048038065497 90.895196193464
    vertex 224.60058596875766 161.49303237420358 90.89519619346392
  endloop
endfacet
facet normal 5.021166122360866e-13 7.000216322096535e-13 1.0
  outer loop
    vertex 209.54947470819198 161.1048038065244 90.89519619346785
    vertex 224.60058596875766 161.49303237420358 90.89519619346392
    vertex 209.49836344762494 161.49303237417809 90.89519619346778
  endloop
endfacet
facet normal 5.021166122360866e-13 7.000216322096535e-13 1.0
  outer loop
    vertex 209.49836344762494 161.49303237417809 90.89519619346778
    vertex 224.60058596875766 161.49303237420358 90.89519619346392
    vertex 224.75043660251401 161.85480380655008 90.89519619346372
  endloop
endfacet
facet normal 5.021166122360866e-13 7.000216322096535e-13 1.0
  outer loop
    vertex 209.49836344762494 161.49303237417809 90.89519619346778
    vertex 224.75043660251401 161.85480380655008 90.89519619346372
    vertex 209.34851281386742 161.85480380652407 90.89519619346767
  endloop
endfacet
facet normal 5.021166122360866e-13 7.000216322096535e-13 1.0
  outer loop
    vertex 209.34851281386742 161.85480380652407 90.89519619346767
    vertex 224.75043660251401 161.85480380655008 90.89519619346372
    vertex 224.98881453641033 162.16546397833028 90.89519619346362
  endloop
endfacet
facet normal 5.021166122360866e-13 7.000216322096535e-13 1.0
  outer loop
    vertex 209.34851281386742 161.85480380652407 90.89519619346767
    vertex 224.98881453641033 162.16546397833028 90.89519619346362
    vertex 209.11013487996996 162.16546397830348 90.8951961934676
  endloop
endfacet
facet normal 5.021166122360866e-13 7.000216322096535e-13 1.0
  outer loop
    vertex 209.11013487996996 162.16546397830348 90.8951961934676
    vertex 224.98881453641033 162.16546397833028 90.89519619346362
    vertex 225.2994747081897 162.40384191222765 90.89519619346343
  endloop
endfacet
facet normal 5.021166122360866e-13 7.000216322096535e-13 1.0
  outer loop
    vertex 209.11013487996996 162.16546397830348 90.8951961934676
    vertex 225.2994747081897 162.40384191222765 90.89519619346343
    vertex 208.79947470818985 162.40384191219977 90.89519619346756
  endloop
endfacet
facet normal 5.021166122360866e-13 7.000216322096535e-13 1.0
  outer loop
    vertex 208.79947470818985 162.40384191219977 90.89519619346756
    vertex 225.2994747081897 162.40384191222765 90.89519619346343
    vertex 225.6612461405357 162.5536925459852 90.89519619346338
  endloop
endfacet
facet normal 5.021166122360866e-13 7.000216322096535e-13 1.0
  outer loop
    vertex 208.79947470818985 162.40384191219977 90.89519619346756
    vertex 225.6612461405357 162.5536925459852 90.89519619346338
    vertex 208.43770327584338 162.55369254595612 90.8951961934676
  endloop
endfacet
facet normal 5.021166122360866e-13 7.000216322096535e-13 1.0
  outer loop
    vertex 208.43770327584338 162.55369254595612 90.8951961934676
    vertex 225.6612461405357 162.5536925459852 90.89519619346338
    vertex 226.04947470818942 162.60480380655224 90.89519619346326
  endloop
endfacet
facet normal 5.021166122360866e-13 7.000216322096535e-13 1.0
  outer loop
    vertex 208.43770327584338 162.55369254595612 90.8951961934676
    vertex 226.04947470818942 162.60480380655224 90.89519619346326
    vertex 208.04947470818945 162.60480380652186 90.89519619346765
  endloop
endfacet
facet normal 5.021166122360866e-13 7.000216322096535e-13 1.0
  outer loop
    vertex 378.69202866569174 88.52517467535559 90.89519619341931
    vertex 372.89202866570866 89.5251746753458 90.89519619342116
    vertex 173.09202866607816 88.52517467506948 90.8951961935748
  endloop
endfacet
facet normal 5.021166122360866e-13 7.000216322096535e-13 1.0
  outer loop
    vertex 372.89202866570866 89.5251746753458 90.89519619342116
    vertex 378.69202866569174 88.52517467535559 90.89519619341931
    vertex 378.6920286656752 98.30707489399293 90.89519619342241
  endloop
endfacet
facet normal 5.021166122360866e-13 7.000216322096535e-13 1.0
  outer loop
    vertex 372.89202866570866 89.5251746753458 90.89519619342116
    vertex 378.6920286656752 98.30707489399293 90.89519619342241
    vertex 378.07990974177955 99.10480380680676 90.89519619342231
  endloop
endfacet
facet normal 5.021166122360866e-13 7.000216322096535e-13 1.0
  outer loop
    vertex 372.89202866570866 89.5251746753458 90.89519619342116
    vertex 378.07990974177955 99.10480380680676 90.89519619342231
    vertex 374.0838928415767 108.75204200270194 90.89519619341908
  endloop
endfacet
facet normal 5.021166122360866e-13 7.000216322096535e-13 1.0
  outer loop
    vertex 372.89202866570866 89.5251746753458 90.89519619342116
    vertex 374.0838928415767 108.75204200270194 90.89519619341908
    vertex 372.8920286656527 117.80514921870376 90.89519619341452
  endloop
endfacet
facet normal 5.021166122360866e-13 7.000216322096535e-13 1.0
  outer loop
    vertex 371.0920286656902 103.52517467534585 90.89519619355607
    vertex 253.87311742156436 101.52517467516843 90.89519619349866
    vertex 371.09202866571303 89.5251746753428 90.89519619341903
  endloop
endfacet
facet normal 5.021166122360866e-13 7.000216322096535e-13 1.0
  outer loop
    vertex 253.87311742156436 101.52517467516843 90.89519619349866
    vertex 371.0920286656902 103.52517467534585 90.89519619355607
    vertex 253.87311742156126 103.52517467516844 90.89519619349701
  endloop
endfacet
facet normal -6.352966211298011e-13 -6.626337669054901e-13 -1.0
  outer loop
    vertex 249.07209500507577 101.52517467515892 86.89519619348481
    vertex 288.09202866568546 103.525174675211 86.8951961934573
    vertex 358.09202866568126 103.5251746753211 86.89519619347665
  endloop
endfacet
facet normal -6.352966211298011e-13 -6.626337669054901e-13 -1.0
  outer loop
    vertex 288.09202866568546 103.525174675211 86.8951961934573
    vertex 249.07209500507577 101.52517467515892 86.89519619348481
    vertex 249.0720950050727 103.52517467515892 86.89519619348317
  endloop
endfacet
facet normal -6.352966211298011e-13 -6.626337669054901e-13 -1.0
  outer loop
    vertex 358.09202866568126 103.5251746753211 86.89519619347665
    vertex 288.09202866568546 103.525174675211 86.8951961934573
    vertex 328.0920286656813 103.52517467527586 86.89519619344905
  endloop
endfacet
facet normal -6.352966211298011e-13 -6.626337669054901e-13 -1.0
  outer loop
    vertex 288.09202866568546 103.525174675211 86.8951961934573
    vertex 249.0720950050727 103.52517467515892 86.89519619348317
    vertex 278.09202866568546 103.52517467520774 86.8951961934592
  endloop
endfacet
facet normal -6.352966211298011e-13 -6.626337669054901e-13 -1.0
  outer loop
    vertex 278.09202866568546 103.52517467520774 86.8951961934592
    vertex 282.4967448619421 106.88317440617483 86.89519619345889
    vertex 283.092028665678 106.80480380664069 86.89519619345883
  endloop
endfacet
facet normal -6.352966211298011e-13 -6.626337669054901e-13 -1.0
  outer loop
    vertex 282.4967448619421 106.88317440617483 86.89519619345889
    vertex 278.09202866568546 103.52517467520774 86.8951961934592
    vertex 281.9420286656775 107.11294537793454 86.89519619345889
  endloop
endfacet
facet normal -6.352966211298011e-13 -6.626337669054901e-13 -1.0
  outer loop
    vertex 281.9420286656775 107.11294537793454 86.89519619345889
    vertex 278.09202866568546 103.52517467520774 86.8951961934592
    vertex 281.46568306894784 107.47845820990885 86.89519619345884
  endloop
endfacet
facet normal -6.352966211298011e-13 -6.626337669054901e-13 -1.0
  outer loop
    vertex 281.46568306894784 107.47845820990885 86.89519619345884
    vertex 278.09202866568546 103.52517467520774 86.8951961934592
    vertex 281.10017023697185 107.95480380663732 86.89519619345873
  endloop
endfacet
facet normal -6.352966211298011e-13 -6.626337669054901e-13 -1.0
  outer loop
    vertex 281.10017023697185 107.95480380663732 86.89519619345873
    vertex 278.09202866568546 103.52517467520774 86.8951961934592
    vertex 278.09202866566886 113.52517467519544 86.89519619345508
  endloop
endfacet
facet normal -6.352966211298011e-13 -6.626337669054901e-13 -1.0
  outer loop
    vertex 281.10017023697185 107.95480380663732 86.89519619345873
    vertex 278.09202866566886 113.52517467519544 86.89519619345508
    vertex 280.87039926521027 108.50952000290114 86.89519619345855
  endloop
endfacet
facet normal -6.352966211298011e-13 -6.626337669054901e-13 -1.0
  outer loop
    vertex 280.87039926521027 108.50952000290114 86.89519619345855
    vertex 278.09202866566886 113.52517467519544 86.89519619345508
    vertex 280.79202866567414 109.10480380663681 86.8951961934583
  endloop
endfacet
facet normal -6.352966211298011e-13 -6.626337669054901e-13 -1.0
  outer loop
    vertex 280.79202866567414 109.10480380663681 86.8951961934583
    vertex 278.09202866566886 113.52517467519544 86.89519619345508
    vertex 280.8703992652083 109.70008761037275 86.89519619345803
  endloop
endfacet
facet normal -6.352966211298011e-13 -6.626337669054901e-13 -1.0
  outer loop
    vertex 280.8703992652083 109.70008761037275 86.89519619345803
    vertex 278.09202866566886 113.52517467519544 86.89519619345508
    vertex 281.100170236968 110.25480380663731 86.89519619345774
  endloop
endfacet
facet normal -6.352966211298011e-13 -6.626337669054901e-13 -1.0
  outer loop
    vertex 281.100170236968 110.25480380663731 86.89519619345774
    vertex 278.09202866566886 113.52517467519544 86.89519619345508
    vertex 281.4656830689423 110.73114940336701 86.89519619345745
  endloop
endfacet
facet normal -6.352966211298011e-13 -6.626337669054901e-13 -1.0
  outer loop
    vertex 281.4656830689423 110.73114940336701 86.89519619345745
    vertex 278.09202866566886 113.52517467519544 86.89519619345508
    vertex 281.94202866567076 111.09666223534296 86.89519619345721
  endloop
endfacet
facet normal -6.352966211298011e-13 -6.626337669054901e-13 -1.0
  outer loop
    vertex 281.94202866567076 111.09666223534296 86.89519619345721
    vertex 278.09202866566886 113.52517467519544 86.89519619345508
    vertex 282.49674486193464 111.32643320710456 86.89519619345702
  endloop
endfacet
facet normal -6.352966211298011e-13 -6.626337669054901e-13 -1.0
  outer loop
    vertex 282.49674486193464 111.32643320710456 86.89519619345702
    vertex 278.09202866566886 113.52517467519544 86.89519619345508
    vertex 283.0920286656703 111.40480380664069 86.89519619345685
  endloop
endfacet
facet normal -6.352966211298011e-13 -6.626337669054901e-13 -1.0
  outer loop
    vertex 283.0920286656703 111.40480380664069 86.89519619345685
    vertex 278.09202866566886 113.52517467519544 86.89519619345508
    vertex 288.0920286656688 113.52517467521164 86.89519619345299
  endloop
endfacet
facet normal -6.352966211298011e-13 -6.626337669054901e-13 -1.0
  outer loop
    vertex 288.09202866568546 103.525174675211 86.8951961934573
    vertex 285.0838870943803 107.95480380664404 86.89519619345793
    vertex 288.0920286656688 113.52517467521164 86.89519619345299
  endloop
endfacet
facet normal -6.352966211298011e-13 -6.626337669054901e-13 -1.0
  outer loop
    vertex 285.0838870943803 107.95480380664404 86.89519619345793
    vertex 288.09202866568546 103.525174675211 86.8951961934573
    vertex 284.718374262406 107.47845820991436 86.89519619345822
  endloop
endfacet
facet normal -6.352966211298011e-13 -6.626337669054901e-13 -1.0
  outer loop
    vertex 284.718374262406 107.47845820991436 86.89519619345822
    vertex 288.09202866568546 103.525174675211 86.8951961934573
    vertex 284.24202866567754 107.11294537793842 86.89519619345846
  endloop
endfacet
facet normal -6.352966211298011e-13 -6.626337669054901e-13 -1.0
  outer loop
    vertex 284.24202866567754 107.11294537793842 86.89519619345846
    vertex 288.09202866568546 103.525174675211 86.8951961934573
    vertex 278.09202866568546 103.52517467520774 86.8951961934592
  endloop
endfacet
facet normal -6.352966211298011e-13 -6.626337669054901e-13 -1.0
  outer loop
    vertex 284.24202866567754 107.11294537793842 86.89519619345846
    vertex 278.09202866568546 103.52517467520774 86.8951961934592
    vertex 283.6873124694137 106.88317440617682 86.89519619345866
  endloop
endfacet
facet normal -6.352966211298011e-13 -6.626337669054901e-13 -1.0
  outer loop
    vertex 283.6873124694137 106.88317440617682 86.89519619345866
    vertex 278.09202866568546 103.52517467520774 86.8951961934592
    vertex 283.092028665678 106.80480380664069 86.89519619345883
  endloop
endfacet
facet normal -6.352966211298011e-13 -6.626337669054901e-13 -1.0
  outer loop
    vertex 288.0920286656688 113.52517467521164 86.89519619345299
    vertex 285.0838870943803 107.95480380664404 86.89519619345793
    vertex 285.31365806614 108.50952000290863 86.89519619345764
  endloop
endfacet
facet normal -6.352966211298011e-13 -6.626337669054901e-13 -1.0
  outer loop
    vertex 288.0920286656688 113.52517467521164 86.89519619345299
    vertex 285.31365806614 108.50952000290863 86.89519619345764
    vertex 285.39202866567416 109.1048038066446 86.89519619345737
  endloop
endfacet
facet normal -6.352966211298011e-13 -6.626337669054901e-13 -1.0
  outer loop
    vertex 288.0920286656688 113.52517467521164 86.89519619345299
    vertex 285.39202866567416 109.1048038066446 86.89519619345737
    vertex 285.31365806613803 109.70008761038024 86.89519619345712
  endloop
endfacet
facet normal -6.352966211298011e-13 -6.626337669054901e-13 -1.0
  outer loop
    vertex 288.0920286656688 113.52517467521164 86.89519619345299
    vertex 285.31365806613803 109.70008761038024 86.89519619345712
    vertex 285.08388709437645 110.25480380664403 86.89519619345694
  endloop
endfacet
facet normal -6.352966211298011e-13 -6.626337669054901e-13 -1.0
  outer loop
    vertex 288.0920286656688 113.52517467521164 86.89519619345299
    vertex 285.08388709437645 110.25480380664403 86.89519619345694
    vertex 284.71837426240046 110.73114940337253 86.89519619345683
  endloop
endfacet
facet normal -6.352966211298011e-13 -6.626337669054901e-13 -1.0
  outer loop
    vertex 288.0920286656688 113.52517467521164 86.89519619345299
    vertex 284.71837426240046 110.73114940337253 86.89519619345683
    vertex 284.2420286656708 111.09666223534684 86.8951961934568
  endloop
endfacet
facet normal -6.352966211298011e-13 -6.626337669054901e-13 -1.0
  outer loop
    vertex 288.0920286656688 113.52517467521164 86.89519619345299
    vertex 284.2420286656708 111.09666223534684 86.8951961934568
    vertex 283.6873124694062 111.32643320710655 86.89519619345678
  endloop
endfacet
facet normal -6.352966211298011e-13 -6.626337669054901e-13 -1.0
  outer loop
    vertex 288.0920286656688 113.52517467521164 86.89519619345299
    vertex 283.6873124694062 111.32643320710655 86.89519619345678
    vertex 283.0920286656703 111.40480380664069 86.89519619345685
  endloop
endfacet
facet normal -6.352966211298011e-13 -6.626337669054901e-13 -1.0
  outer loop
    vertex 328.0920286656813 103.52517467527586 86.89519619344905
    vertex 338.09202866568126 103.52517467529275 86.8951961934468
    vertex 358.09202866568126 103.5251746753211 86.89519619347665
  endloop
endfacet
facet normal -6.352966211298011e-13 -6.626337669054901e-13 -1.0
  outer loop
    vertex 338.09202866568126 103.52517467529275 86.8951961934468
    vertex 328.0920286656813 103.52517467527586 86.89519619344905
    vertex 331.9420286656775 107.11294537801895 86.89519619344675
  endloop
endfacet
facet normal -6.352966211298011e-13 -6.626337669054901e-13 -1.0
  outer loop
    vertex 331.9420286656775 107.11294537801895 86.89519619344675
    vertex 328.0920286656813 103.52517467527586 86.89519619344905
    vertex 331.46568306894784 107.47845820999328 86.89519619344671
  endloop
endfacet
facet normal -6.352966211298011e-13 -6.626337669054901e-13 -1.0
  outer loop
    vertex 331.46568306894784 107.47845820999328 86.89519619344671
    vertex 328.0920286656813 103.52517467527586 86.89519619344905
    vertex 331.10017023697185 107.95480380672174 86.8951961934466
  endloop
endfacet
facet normal -6.352966211298011e-13 -6.626337669054901e-13 -1.0
  outer loop
    vertex 331.10017023697185 107.95480380672174 86.8951961934466
    vertex 328.0920286656813 103.52517467527586 86.89519619344905
    vertex 328.0920286656646 113.52517467527653 86.89519619344475
  endloop
endfacet
facet normal -6.352966211298011e-13 -6.626337669054901e-13 -1.0
  outer loop
    vertex 338.09202866568126 103.52517467529275 86.8951961934468
    vertex 331.9420286656775 107.11294537801895 86.89519619344675
    vertex 332.4967448619421 106.88317440625926 86.89519619344671
  endloop
endfacet
facet normal -6.352966211298011e-13 -6.626337669054901e-13 -1.0
  outer loop
    vertex 338.09202866568126 103.52517467529275 86.8951961934468
    vertex 332.4967448619421 106.88317440625926 86.89519619344671
    vertex 333.092028665678 106.80480380672512 86.8951961934466
  endloop
endfacet
facet normal -6.352966211298011e-13 -6.626337669054901e-13 -1.0
  outer loop
    vertex 331.10017023697185 107.95480380672174 86.8951961934466
    vertex 328.0920286656646 113.52517467527653 86.89519619344475
    vertex 330.87039926521027 108.50952000298555 86.89519619344641
  endloop
endfacet
facet normal -6.352966211298011e-13 -6.626337669054901e-13 -1.0
  outer loop
    vertex 330.87039926521027 108.50952000298555 86.89519619344641
    vertex 328.0920286656646 113.52517467527653 86.89519619344475
    vertex 330.79202866567414 109.10480380672121 86.89519619344617
  endloop
endfacet
facet normal -6.352966211298011e-13 -6.626337669054901e-13 -1.0
  outer loop
    vertex 330.79202866567414 109.10480380672121 86.89519619344617
    vertex 328.0920286656646 113.52517467527653 86.89519619344475
    vertex 330.8703992652082 109.70008761045717 86.8951961934459
  endloop
endfacet
facet normal -6.352966211298011e-13 -6.626337669054901e-13 -1.0
  outer loop
    vertex 330.8703992652082 109.70008761045717 86.8951961934459
    vertex 328.0920286656646 113.52517467527653 86.89519619344475
    vertex 331.100170236968 110.25480380672171 86.8951961934456
  endloop
endfacet
facet normal -6.352966211298011e-13 -6.626337669054901e-13 -1.0
  outer loop
    vertex 331.100170236968 110.25480380672171 86.8951961934456
    vertex 328.0920286656646 113.52517467527653 86.89519619344475
    vertex 331.4656830689423 110.7311494034514 86.89519619344532
  endloop
endfacet
facet normal -6.352966211298011e-13 -6.626337669054901e-13 -1.0
  outer loop
    vertex 331.4656830689423 110.7311494034514 86.89519619344532
    vertex 328.0920286656646 113.52517467527653 86.89519619344475
    vertex 331.94202866567076 111.09666223542739 86.89519619344505
  endloop
endfacet
facet normal -6.352966211298011e-13 -6.626337669054901e-13 -1.0
  outer loop
    vertex 331.94202866567076 111.09666223542739 86.89519619344505
    vertex 328.0920286656646 113.52517467527653 86.89519619344475
    vertex 332.49674486193464 111.32643320718898 86.8951961934448
  endloop
endfacet
facet normal -6.352966211298011e-13 -6.626337669054901e-13 -1.0
  outer loop
    vertex 332.49674486193464 111.32643320718898 86.8951961934448
    vertex 328.0920286656646 113.52517467527653 86.89519619344475
    vertex 333.0920286656703 111.4048038067251 86.89519619344462
  endloop
endfacet
facet normal -6.352966211298011e-13 -6.626337669054901e-13 -1.0
  outer loop
    vertex 333.0920286656703 111.4048038067251 86.89519619344462
    vertex 328.0920286656646 113.52517467527653 86.89519619344475
    vertex 338.0920286656646 113.52517467529273 86.89519619344266
  endloop
endfacet
facet normal -6.352966211298011e-13 -6.626337669054901e-13 -1.0
  outer loop
    vertex 338.09202866568126 103.52517467529275 86.8951961934468
    vertex 335.08388709438026 107.95480380672848 86.89519619344561
    vertex 338.0920286656646 113.52517467529273 86.89519619344266
  endloop
endfacet
facet normal -6.352966211298011e-13 -6.626337669054901e-13 -1.0
  outer loop
    vertex 335.08388709438026 107.95480380672848 86.89519619344561
    vertex 338.09202866568126 103.52517467529275 86.8951961934468
    vertex 334.718374262406 107.47845820999878 86.89519619344591
  endloop
endfacet
facet normal -6.352966211298011e-13 -6.626337669054901e-13 -1.0
  outer loop
    vertex 334.718374262406 107.47845820999878 86.89519619344591
    vertex 338.09202866568126 103.52517467529275 86.8951961934468
    vertex 334.24202866567754 107.11294537802286 86.8951961934462
  endloop
endfacet
facet normal -6.352966211298011e-13 -6.626337669054901e-13 -1.0
  outer loop
    vertex 334.24202866567754 107.11294537802286 86.8951961934462
    vertex 338.09202866568126 103.52517467529275 86.8951961934468
    vertex 333.68731246941365 106.88317440626128 86.89519619344642
  endloop
endfacet
facet normal -6.352966211298011e-13 -6.626337669054901e-13 -1.0
  outer loop
    vertex 333.68731246941365 106.88317440626128 86.89519619344642
    vertex 338.09202866568126 103.52517467529275 86.8951961934468
    vertex 333.092028665678 106.80480380672512 86.8951961934466
  endloop
endfacet
facet normal -6.352966211298011e-13 -6.626337669054901e-13 -1.0
  outer loop
    vertex 338.0920286656646 113.52517467529273 86.89519619344266
    vertex 335.08388709438026 107.95480380672848 86.89519619344561
    vertex 335.31365806613996 108.50952000299307 86.89519619344532
  endloop
endfacet
facet normal -6.352966211298011e-13 -6.626337669054901e-13 -1.0
  outer loop
    vertex 338.0920286656646 113.52517467529273 86.89519619344266
    vertex 335.31365806613996 108.50952000299307 86.89519619344532
    vertex 335.39202866567416 109.10480380672897 86.89519619344505
  endloop
endfacet
facet normal -6.352966211298011e-13 -6.626337669054901e-13 -1.0
  outer loop
    vertex 338.0920286656646 113.52517467529273 86.89519619344266
    vertex 335.39202866567416 109.10480380672897 86.89519619344505
    vertex 335.313658066138 109.70008761046466 86.89519619344482
  endloop
endfacet
facet normal -6.352966211298011e-13 -6.626337669054901e-13 -1.0
  outer loop
    vertex 338.0920286656646 113.52517467529273 86.89519619344266
    vertex 335.313658066138 109.70008761046466 86.89519619344482
    vertex 335.0838870943764 110.25480380672846 86.89519619344463
  endloop
endfacet
facet normal -6.352966211298011e-13 -6.626337669054901e-13 -1.0
  outer loop
    vertex 338.0920286656646 113.52517467529273 86.89519619344266
    vertex 335.0838870943764 110.25480380672846 86.89519619344463
    vertex 334.71837426240046 110.7311494034569 86.8951961934445
  endloop
endfacet
facet normal -6.352966211298011e-13 -6.626337669054901e-13 -1.0
  outer loop
    vertex 338.0920286656646 113.52517467529273 86.89519619344266
    vertex 334.71837426240046 110.7311494034569 86.8951961934445
    vertex 334.2420286656708 111.09666223543127 86.89519619344448
  endloop
endfacet
facet normal -6.352966211298011e-13 -6.626337669054901e-13 -1.0
  outer loop
    vertex 338.0920286656646 113.52517467529273 86.89519619344266
    vertex 334.2420286656708 111.09666223543127 86.89519619344448
    vertex 333.68731246940615 111.32643320719096 86.8951961934445
  endloop
endfacet
facet normal -6.352966211298011e-13 -6.626337669054901e-13 -1.0
  outer loop
    vertex 338.0920286656646 113.52517467529273 86.89519619344266
    vertex 333.68731246940615 111.32643320719096 86.8951961934445
    vertex 333.0920286656703 111.4048038067251 86.89519619344462
  endloop
endfacet
facet normal -6.352966211298011e-13 -6.626337669054901e-13 -1.0
  outer loop
    vertex 208.04947470828455 105.587766719652 86.89519619348627
    vertex 223.4513984969307 105.6048038065335 86.89519619348606
    vertex 223.92815436472543 104.98348346297466 86.89519619348631
  endloop
endfacet
facet normal -6.352966211298011e-13 -6.626337669054901e-13 -1.0
  outer loop
    vertex 223.4513984969307 105.6048038065335 86.89519619348606
    vertex 208.04947470828455 105.587766719652 86.89519619348627
    vertex 208.43770327593828 105.63887798021902 86.89519619348616
  endloop
endfacet
facet normal -6.352966211298011e-13 -6.626337669054901e-13 -1.0
  outer loop
    vertex 223.4513984969307 105.6048038065335 86.89519619348606
    vertex 208.43770327593828 105.63887798021902 86.89519619348616
    vertex 223.15169722941562 106.32834667122543 86.8951961934856
  endloop
endfacet
facet normal -6.352966211298011e-13 -6.626337669054901e-13 -1.0
  outer loop
    vertex 223.15169722941562 106.32834667122543 86.8951961934856
    vertex 208.43770327593828 105.63887798021902 86.89519619348616
    vertex 208.7994747082842 105.78872861397662 86.89519619348606
  endloop
endfacet
facet normal -6.352966211298011e-13 -6.626337669054901e-13 -1.0
  outer loop
    vertex 223.15169722941562 106.32834667122543 86.8951961934856
    vertex 208.7994747082842 105.78872861397662 86.89519619348606
    vertex 209.11013488006358 106.02710654787396 86.89519619348592
  endloop
endfacet
facet normal -6.352966211298011e-13 -6.626337669054901e-13 -1.0
  outer loop
    vertex 223.15169722941562 106.32834667122543 86.8951961934856
    vertex 209.11013488006358 106.02710654787396 86.89519619348592
    vertex 209.34851281395993 106.3377667196542 86.89519619348577
  endloop
endfacet
facet normal -6.352966211298011e-13 -6.626337669054901e-13 -1.0
  outer loop
    vertex 223.15169722941562 106.32834667122543 86.8951961934856
    vertex 209.34851281395993 106.3377667196542 86.89519619348577
    vertex 223.04947470828156 107.10480380653279 86.89519619348502
  endloop
endfacet
facet normal -6.352966211298011e-13 -6.626337669054901e-13 -1.0
  outer loop
    vertex 223.04947470828156 107.10480380653279 86.89519619348502
    vertex 209.34851281395993 106.3377667196542 86.89519619348577
    vertex 209.49836344771626 106.69953815200066 86.89519619348562
  endloop
endfacet
facet normal -6.352966211298011e-13 -6.626337669054901e-13 -1.0
  outer loop
    vertex 223.04947470828156 107.10480380653279 86.89519619348502
    vertex 209.49836344771626 106.69953815200066 86.89519619348562
    vertex 209.549474708282 107.0877667196545 86.89519619348549
  endloop
endfacet
facet normal -6.352966211298011e-13 -6.626337669054901e-13 -1.0
  outer loop
    vertex 223.04947470828156 107.10480380653279 86.89519619348502
    vertex 209.549474708282 107.0877667196545 86.89519619348549
    vertex 209.49836344771495 107.47599528730821 86.89519619348538
  endloop
endfacet
facet normal -6.352966211298011e-13 -6.626337669054901e-13 -1.0
  outer loop
    vertex 223.04947470828156 107.10480380653279 86.89519619348502
    vertex 209.49836344771495 107.47599528730821 86.89519619348538
    vertex 223.15169722941297 107.88126094184055 86.89519619348431
  endloop
endfacet
facet normal -6.352966211298011e-13 -6.626337669054901e-13 -1.0
  outer loop
    vertex 223.15169722941297 107.88126094184055 86.89519619348431
    vertex 209.49836344771495 107.47599528730821 86.89519619348538
    vertex 209.3485128139574 107.83776671965417 86.89519619348526
  endloop
endfacet
facet normal -6.352966211298011e-13 -6.626337669054901e-13 -1.0
  outer loop
    vertex 223.15169722941297 107.88126094184055 86.89519619348431
    vertex 209.3485128139574 107.83776671965417 86.89519619348526
    vertex 209.11013488006003 108.1484268914336 86.89519619348523
  endloop
endfacet
facet normal -6.352966211298011e-13 -6.626337669054901e-13 -1.0
  outer loop
    vertex 223.15169722941297 107.88126094184055 86.89519619348431
    vertex 209.11013488006003 108.1484268914336 86.89519619348523
    vertex 223.45139849692563 108.60480380653348 86.89519619348356
  endloop
endfacet
facet normal -6.352966211298011e-13 -6.626337669054901e-13 -1.0
  outer loop
    vertex 223.45139849692563 108.60480380653348 86.89519619348356
    vertex 209.11013488006003 108.1484268914336 86.89519619348523
    vertex 208.79947470827983 108.38680482532992 86.8951961934852
  endloop
endfacet
facet normal -6.352966211298011e-13 -6.626337669054901e-13 -1.0
  outer loop
    vertex 223.45139849692563 108.60480380653348 86.89519619348356
    vertex 208.79947470827983 108.38680482532992 86.8951961934852
    vertex 208.43770327593336 108.53665545908623 86.89519619348523
  endloop
endfacet
facet normal -6.352966211298011e-13 -6.626337669054901e-13 -1.0
  outer loop
    vertex 223.45139849692563 108.60480380653348 86.89519619348356
    vertex 208.43770327593336 108.53665545908623 86.89519619348523
    vertex 208.04947470827946 108.587766719652 86.89519619348525
  endloop
endfacet
facet normal -6.352966211298011e-13 -6.626337669054901e-13 -1.0
  outer loop
    vertex 328.09202866559514 154.6844329381642 86.89519619342683
    vertex 332.49674486185774 156.88317440625926 86.89519619342518
    vertex 338.0920286655951 154.6844329381811 86.89519619342457
  endloop
endfacet
facet normal -6.352966211298011e-13 -6.626337669054901e-13 -1.0
  outer loop
    vertex 332.49674486185774 156.88317440625926 86.89519619342518
    vertex 328.09202866559514 154.6844329381642 86.89519619342683
    vertex 331.94202866559317 157.11294537801896 86.8951961934252
  endloop
endfacet
facet normal -6.352966211298011e-13 -6.626337669054901e-13 -1.0
  outer loop
    vertex 331.94202866559317 157.11294537801896 86.8951961934252
    vertex 328.09202866559514 154.6844329381642 86.89519619342683
    vertex 331.4656830688635 157.4784582099933 86.89519619342512
  endloop
endfacet
facet normal -6.352966211298011e-13 -6.626337669054901e-13 -1.0
  outer loop
    vertex 331.4656830688635 157.4784582099933 86.89519619342512
    vertex 328.09202866559514 154.6844329381642 86.89519619342683
    vertex 331.10017023688755 157.95480380672177 86.89519619342501
  endloop
endfacet
facet normal -6.352966211298011e-13 -6.626337669054901e-13 -1.0
  outer loop
    vertex 331.10017023688755 157.95480380672177 86.89519619342501
    vertex 328.09202866559514 154.6844329381642 86.89519619342683
    vertex 328.092028665578 164.68443293816355 86.89519619342252
  endloop
endfacet
facet normal -6.352966211298011e-13 -6.626337669054901e-13 -1.0
  outer loop
    vertex 338.0920286655951 154.6844329381811 86.89519619342457
    vertex 332.49674486185774 156.88317440625926 86.89519619342518
    vertex 333.0920286655936 156.80480380672512 86.89519619342506
  endloop
endfacet
facet normal -6.352966211298011e-13 -6.626337669054901e-13 -1.0
  outer loop
    vertex 331.10017023688755 157.95480380672177 86.89519619342501
    vertex 328.092028665578 164.68443293816355 86.89519619342252
    vertex 330.8703992651259 158.50952000298557 86.89519619342482
  endloop
endfacet
facet normal -6.352966211298011e-13 -6.626337669054901e-13 -1.0
  outer loop
    vertex 330.8703992651259 158.50952000298557 86.89519619342482
    vertex 328.092028665578 164.68443293816355 86.89519619342252
    vertex 330.7920286655897 159.10480380672124 86.89519619342458
  endloop
endfacet
facet normal -6.352966211298011e-13 -6.626337669054901e-13 -1.0
  outer loop
    vertex 330.7920286655897 159.10480380672124 86.89519619342458
    vertex 328.092028665578 164.68443293816355 86.89519619342252
    vertex 330.8703992651239 159.70008761045716 86.89519619342435
  endloop
endfacet
facet normal -6.352966211298011e-13 -6.626337669054901e-13 -1.0
  outer loop
    vertex 330.8703992651239 159.70008761045716 86.89519619342435
    vertex 328.092028665578 164.68443293816355 86.89519619342252
    vertex 331.1001702368836 160.25480380672172 86.89519619342406
  endloop
endfacet
facet normal -6.352966211298011e-13 -6.626337669054901e-13 -1.0
  outer loop
    vertex 331.1001702368836 160.25480380672172 86.89519619342406
    vertex 328.092028665578 164.68443293816355 86.89519619342252
    vertex 331.46568306885797 160.73114940345144 86.89519619342377
  endloop
endfacet
facet normal -6.352966211298011e-13 -6.626337669054901e-13 -1.0
  outer loop
    vertex 331.46568306885797 160.73114940345144 86.89519619342377
    vertex 328.092028665578 164.68443293816355 86.89519619342252
    vertex 331.9420286655864 161.09666223542737 86.89519619342349
  endloop
endfacet
facet normal -6.352966211298011e-13 -6.626337669054901e-13 -1.0
  outer loop
    vertex 331.9420286655864 161.09666223542737 86.89519619342349
    vertex 328.092028665578 164.68443293816355 86.89519619342252
    vertex 332.49674486185023 161.32643320718896 86.89519619342326
  endloop
endfacet
facet normal -6.352966211298011e-13 -6.626337669054901e-13 -1.0
  outer loop
    vertex 332.49674486185023 161.32643320718896 86.89519619342326
    vertex 328.092028665578 164.68443293816355 86.89519619342252
    vertex 333.0920286655859 161.4048038067251 86.89519619342312
  endloop
endfacet
facet normal -6.352966211298011e-13 -6.626337669054901e-13 -1.0
  outer loop
    vertex 333.0920286655859 161.4048038067251 86.89519619342312
    vertex 328.092028665578 164.68443293816355 86.89519619342252
    vertex 338.09202866557797 164.68443293817975 86.89519619342043
  endloop
endfacet
facet normal -6.352966211298011e-13 -6.626337669054901e-13 -1.0
  outer loop
    vertex 278.0920286655993 154.68443293808244 86.89519619343726
    vertex 282.4967448618577 156.88317440617482 86.8951961934374
    vertex 288.0920286655993 154.68443293809932 86.89519619343508
  endloop
endfacet
facet normal -6.352966211298011e-13 -6.626337669054901e-13 -1.0
  outer loop
    vertex 282.4967448618577 156.88317440617482 86.8951961934374
    vertex 278.0920286655993 154.68443293808244 86.89519619343726
    vertex 281.94202866559306 157.11294537793452 86.89519619343744
  endloop
endfacet
facet normal -6.352966211298011e-13 -6.626337669054901e-13 -1.0
  outer loop
    vertex 281.94202866559306 157.11294537793452 86.89519619343744
    vertex 278.0920286655993 154.68443293808244 86.89519619343726
    vertex 281.4656830688634 157.47845820990887 86.89519619343739
  endloop
endfacet
facet normal -6.352966211298011e-13 -6.626337669054901e-13 -1.0
  outer loop
    vertex 281.4656830688634 157.47845820990887 86.89519619343739
    vertex 278.0920286655993 154.68443293808244 86.89519619343726
    vertex 281.1001702368875 157.9548038066373 86.89519619343727
  endloop
endfacet
facet normal -6.352966211298011e-13 -6.626337669054901e-13 -1.0
  outer loop
    vertex 281.1001702368875 157.9548038066373 86.89519619343727
    vertex 278.0920286655993 154.68443293808244 86.89519619343726
    vertex 278.0920286655822 164.6844329380825 86.89519619343285
  endloop
endfacet
facet normal -6.352966211298011e-13 -6.626337669054901e-13 -1.0
  outer loop
    vertex 288.0920286655993 154.68443293809932 86.89519619343508
    vertex 282.4967448618577 156.88317440617482 86.8951961934374
    vertex 283.0920286655936 156.80480380664068 86.89519619343729
  endloop
endfacet
facet normal -6.352966211298011e-13 -6.626337669054901e-13 -1.0
  outer loop
    vertex 281.1001702368875 157.9548038066373 86.89519619343727
    vertex 278.0920286655822 164.6844329380825 86.89519619343285
    vertex 280.8703992651259 158.50952000290113 86.8951961934371
  endloop
endfacet
facet normal -6.352966211298011e-13 -6.626337669054901e-13 -1.0
  outer loop
    vertex 280.8703992651259 158.50952000290113 86.8951961934371
    vertex 278.0920286655822 164.6844329380825 86.89519619343285
    vertex 280.7920286655897 159.1048038066368 86.89519619343686
  endloop
endfacet
facet normal -6.352966211298011e-13 -6.626337669054901e-13 -1.0
  outer loop
    vertex 280.7920286655897 159.1048038066368 86.89519619343686
    vertex 278.0920286655822 164.6844329380825 86.89519619343285
    vertex 280.8703992651239 159.70008761037272 86.89519619343658
  endloop
endfacet
facet normal -6.352966211298011e-13 -6.626337669054901e-13 -1.0
  outer loop
    vertex 280.8703992651239 159.70008761037272 86.89519619343658
    vertex 278.0920286655822 164.6844329380825 86.89519619343285
    vertex 281.1001702368836 160.2548038066373 86.89519619343629
  endloop
endfacet
facet normal -6.352966211298011e-13 -6.626337669054901e-13 -1.0
  outer loop
    vertex 281.1001702368836 160.2548038066373 86.89519619343629
    vertex 278.0920286655822 164.6844329380825 86.89519619343285
    vertex 281.4656830688579 160.731149403367 86.89519619343599
  endloop
endfacet
facet normal -6.352966211298011e-13 -6.626337669054901e-13 -1.0
  outer loop
    vertex 281.4656830688579 160.731149403367 86.89519619343599
    vertex 278.0920286655822 164.6844329380825 86.89519619343285
    vertex 281.9420286655864 161.09666223534293 86.89519619343572
  endloop
endfacet
facet normal -6.352966211298011e-13 -6.626337669054901e-13 -1.0
  outer loop
    vertex 281.9420286655864 161.09666223534293 86.89519619343572
    vertex 278.0920286655822 164.6844329380825 86.89519619343285
    vertex 282.49674486185023 161.32643320710451 86.89519619343548
  endloop
endfacet
facet normal -6.352966211298011e-13 -6.626337669054901e-13 -1.0
  outer loop
    vertex 282.49674486185023 161.32643320710451 86.89519619343548
    vertex 278.0920286655822 164.6844329380825 86.89519619343285
    vertex 283.0920286655859 161.40480380664067 86.89519619343531
  endloop
endfacet
facet normal -6.352966211298011e-13 -6.626337669054901e-13 -1.0
  outer loop
    vertex 283.0920286655859 161.40480380664067 86.89519619343531
    vertex 278.0920286655822 164.6844329380825 86.89519619343285
    vertex 288.0920286655822 164.6844329380987 86.89519619343076
  endloop
endfacet
facet normal -6.352966211298011e-13 -6.626337669054901e-13 -1.0
  outer loop
    vertex 173.09202866607095 92.52517467506632 86.89519619357237
    vertex 207.66124614063065 105.6388779802177 86.8951961934863
    vertex 230.09202866569302 101.52517467512678 86.89519619349174
  endloop
endfacet
facet normal -6.352966211298011e-13 -6.626337669054901e-13 -1.0
  outer loop
    vertex 207.66124614063065 105.6388779802177 86.8951961934863
    vertex 173.09202866607095 92.52517467506632 86.89519619357237
    vertex 207.29947470828418 105.78872861397409 86.89519619348633
  endloop
endfacet
facet normal -6.352966211298011e-13 -6.626337669054901e-13 -1.0
  outer loop
    vertex 207.29947470828418 105.78872861397409 86.89519619348633
    vertex 173.09202866607095 92.52517467506632 86.89519619357237
    vertex 206.98881453650398 106.02710654787037 86.8951961934863
  endloop
endfacet
facet normal -6.352966211298011e-13 -6.626337669054901e-13 -1.0
  outer loop
    vertex 206.98881453650398 106.02710654787037 86.8951961934863
    vertex 173.09202866607095 92.52517467506632 86.89519619357237
    vertex 206.93654784952918 106.09522182049007 86.8951961934823
  endloop
endfacet
facet normal -6.352966211298011e-13 -6.626337669054901e-13 -1.0
  outer loop
    vertex 206.93654784952918 106.09522182049007 86.8951961934823
    vertex 173.09202866607095 92.52517467506632 86.89519619357237
    vertex 206.75043660260658 106.3377667196498 86.89519619348627
  endloop
endfacet
facet normal -6.352966211298011e-13 -6.626337669054901e-13 -1.0
  outer loop
    vertex 206.75043660260658 106.3377667196498 86.89519619348627
    vertex 173.09202866607095 92.52517467506632 86.89519619357237
    vertex 173.09202866601206 175.68443293794354 86.89519619349919
  endloop
endfacet
facet normal -6.352966211298011e-13 -6.626337669054901e-13 -1.0
  outer loop
    vertex 230.09202866569302 101.52517467512678 86.89519619349174
    vertex 207.66124614063065 105.6388779802177 86.8951961934863
    vertex 208.04947470828455 105.587766719652 86.89519619348627
  endloop
endfacet
facet normal -6.352966211298011e-13 -6.626337669054901e-13 -1.0
  outer loop
    vertex 230.09202866569302 101.52517467512678 86.89519619349174
    vertex 208.04947470828455 105.587766719652 86.89519619348627
    vertex 226.04947470828657 104.10480380653789 86.89519619348576
  endloop
endfacet
facet normal -6.352966211298011e-13 -6.626337669054901e-13 -1.0
  outer loop
    vertex 226.04947470828657 104.10480380653789 86.89519619348576
    vertex 208.04947470828455 105.587766719652 86.89519619348627
    vertex 225.27301757297877 104.20702632766935 86.89519619348617
  endloop
endfacet
facet normal -6.352966211298011e-13 -6.626337669054901e-13 -1.0
  outer loop
    vertex 225.27301757297877 104.20702632766935 86.89519619348617
    vertex 208.04947470828455 105.587766719652 86.89519619348627
    vertex 224.54947470828586 104.50672759518201 86.89519619348631
  endloop
endfacet
facet normal -6.352966211298011e-13 -6.626337669054901e-13 -1.0
  outer loop
    vertex 224.54947470828586 104.50672759518201 86.89519619348631
    vertex 208.04947470828455 105.587766719652 86.89519619348627
    vertex 223.92815436472543 104.98348346297466 86.89519619348631
  endloop
endfacet
facet normal -6.352966211298011e-13 -6.626337669054901e-13 -1.0
  outer loop
    vertex 206.75043660260658 106.3377667196498 86.89519619348627
    vertex 173.09202866601206 175.68443293794354 86.89519619349919
    vertex 206.60058596884906 106.69953815199578 86.89519619348616
  endloop
endfacet
facet normal -6.352966211298011e-13 -6.626337669054901e-13 -1.0
  outer loop
    vertex 206.60058596884906 106.69953815199578 86.89519619348616
    vertex 173.09202866601206 175.68443293794354 86.89519619349919
    vertex 206.54947470828205 107.08776671964945 86.89519619348604
  endloop
endfacet
facet normal -6.352966211298011e-13 -6.626337669054901e-13 -1.0
  outer loop
    vertex 206.54947470828205 107.08776671964945 86.89519619348604
    vertex 173.09202866601206 175.68443293794354 86.89519619349919
    vertex 206.60058596884775 107.47599528730333 86.8951961934859
  endloop
endfacet
facet normal -6.352966211298011e-13 -6.626337669054901e-13 -1.0
  outer loop
    vertex 206.60058596884775 107.47599528730333 86.8951961934859
    vertex 173.09202866601206 175.68443293794354 86.89519619349919
    vertex 206.75043660260405 107.83776671964978 86.89519619348576
  endloop
endfacet
facet normal -6.352966211298011e-13 -6.626337669054901e-13 -1.0
  outer loop
    vertex 206.75043660260405 107.83776671964978 86.89519619348576
    vertex 173.09202866601206 175.68443293794354 86.89519619349919
    vertex 206.98881453650043 108.14842689143002 86.89519619348562
  endloop
endfacet
facet normal -6.352966211298011e-13 -6.626337669054901e-13 -1.0
  outer loop
    vertex 206.98881453650043 108.14842689143002 86.89519619348562
    vertex 173.09202866601206 175.68443293794354 86.89519619349919
    vertex 207.2994747082798 108.38680482532739 86.89519619348548
  endloop
endfacet
facet normal -6.352966211298011e-13 -6.626337669054901e-13 -1.0
  outer loop
    vertex 207.2994747082798 108.38680482532739 86.89519619348548
    vertex 173.09202866601206 175.68443293794354 86.89519619349919
    vertex 207.66124614062574 108.5366554590849 86.89519619348538
  endloop
endfacet
facet normal -6.352966211298011e-13 -6.626337669054901e-13 -1.0
  outer loop
    vertex 207.66124614062574 108.5366554590849 86.89519619348538
    vertex 173.09202866601206 175.68443293794354 86.89519619349919
    vertex 207.9630463111627 108.57638820530897 86.89519619348064
  endloop
endfacet
facet normal -6.352966211298011e-13 -6.626337669054901e-13 -1.0
  outer loop
    vertex 207.9630463111627 108.57638820530897 86.89519619348064
    vertex 173.09202866601206 175.68443293794354 86.89519619349919
    vertex 208.04947470827946 108.587766719652 86.89519619348525
  endloop
endfacet
facet normal -6.352966211298011e-13 -6.626337669054901e-13 -1.0
  outer loop
    vertex 208.04947470827946 108.587766719652 86.89519619348525
    vertex 173.09202866601206 175.68443293794354 86.89519619349919
    vertex 223.45139849692563 108.60480380653348 86.89519619348356
  endloop
endfacet
facet normal -6.352966211298011e-13 -6.626337669054901e-13 -1.0
  outer loop
    vertex 223.45139849692563 108.60480380653348 86.89519619348356
    vertex 173.09202866601206 175.68443293794354 86.89519619349919
    vertex 223.92815436471824 109.22612415009395 86.89519619348272
  endloop
endfacet
facet normal -6.352966211298011e-13 -6.626337669054901e-13 -1.0
  outer loop
    vertex 223.92815436471824 109.22612415009395 86.89519619348272
    vertex 173.09202866601206 175.68443293794354 86.89519619349919
    vertex 224.5494747082771 109.70288001788866 86.89519619348195
  endloop
endfacet
facet normal -6.352966211298011e-13 -6.626337669054901e-13 -1.0
  outer loop
    vertex 224.5494747082771 109.70288001788866 86.89519619348195
    vertex 173.09202866601206 175.68443293794354 86.89519619349919
    vertex 225.27301757296897 110.00258128540376 86.89519619348124
  endloop
endfacet
facet normal -6.352966211298011e-13 -6.626337669054901e-13 -1.0
  outer loop
    vertex 225.27301757296897 110.00258128540376 86.89519619348124
    vertex 173.09202866601206 175.68443293794354 86.89519619349919
    vertex 226.04947470827645 110.10480380653789 86.89519619348074
  endloop
endfacet
facet normal -6.352966211298011e-13 -6.626337669054901e-13 -1.0
  outer loop
    vertex 226.04947470827645 110.10480380653789 86.89519619348074
    vertex 173.09202866601206 175.68443293794354 86.89519619349919
    vertex 207.29947470819278 159.80576570084168 86.89519619342204
  endloop
endfacet
facet normal -6.352966211298011e-13 -6.626337669054901e-13 -1.0
  outer loop
    vertex 226.04947470827645 110.10480380653789 86.89519619348074
    vertex 207.29947470819278 159.80576570084168 86.89519619342204
    vertex 207.66124614053916 159.65591506708532 86.89519619342202
  endloop
endfacet
facet normal -6.352966211298011e-13 -6.626337669054901e-13 -1.0
  outer loop
    vertex 226.04947470827645 110.10480380653789 86.89519619348074
    vertex 207.66124614053916 159.65591506708532 86.89519619342202
    vertex 208.0494747081931 159.60480380651958 86.89519619342195
  endloop
endfacet
facet normal -6.352966211298011e-13 -6.626337669054901e-13 -1.0
  outer loop
    vertex 226.04947470827645 110.10480380653789 86.89519619348074
    vertex 208.0494747081931 159.60480380651958 86.89519619342195
    vertex 226.0494747081955 158.1048038065499 86.8951961934191
  endloop
endfacet
facet normal -6.352966211298011e-13 -6.626337669054901e-13 -1.0
  outer loop
    vertex 226.0494747081955 158.1048038065499 86.8951961934191
    vertex 208.0494747081931 159.60480380651958 86.89519619342195
    vertex 225.27301757288782 158.2070263276814 86.89519619341911
  endloop
endfacet
facet normal -6.352966211298011e-13 -6.626337669054901e-13 -1.0
  outer loop
    vertex 225.27301757288782 158.2070263276814 86.89519619341911
    vertex 208.0494747081931 159.60480380651958 86.89519619342195
    vertex 224.5494747081948 158.50672759519406 86.89519619341911
  endloop
endfacet
facet normal -6.352966211298011e-13 -6.626337669054901e-13 -1.0
  outer loop
    vertex 224.5494747081948 158.50672759519406 86.89519619341911
    vertex 208.0494747081931 159.60480380651958 86.89519619342195
    vertex 223.92815436463437 158.98348346298673 86.89519619341905
  endloop
endfacet
facet normal -6.352966211298011e-13 -6.626337669054901e-13 -1.0
  outer loop
    vertex 223.92815436463437 158.98348346298673 86.89519619341905
    vertex 208.0494747081931 159.60480380651958 86.89519619342195
    vertex 223.4513984968397 159.60480380654553 86.89519619341895
  endloop
endfacet
facet normal -6.352966211298011e-13 -6.626337669054901e-13 -1.0
  outer loop
    vertex 207.29947470819278 159.80576570084168 86.89519619342204
    vertex 173.09202866601206 175.68443293794354 86.89519619349919
    vertex 206.98881453641258 160.044143634738 86.89519619342202
  endloop
endfacet
facet normal -6.352966211298011e-13 -6.626337669054901e-13 -1.0
  outer loop
    vertex 206.98881453641258 160.044143634738 86.89519619342202
    vertex 173.09202866601206 175.68443293794354 86.89519619349919
    vertex 206.75043660251512 160.3548038065174 86.89519619342194
  endloop
endfacet
facet normal -6.352966211298011e-13 -6.626337669054901e-13 -1.0
  outer loop
    vertex 206.75043660251512 160.3548038065174 86.89519619342194
    vertex 173.09202866601206 175.68443293794354 86.89519619349919
    vertex 206.6005859687576 160.71657523886336 86.89519619342182
  endloop
endfacet
facet normal -6.352966211298011e-13 -6.626337669054901e-13 -1.0
  outer loop
    vertex 206.6005859687576 160.71657523886336 86.89519619342182
    vertex 173.09202866601206 175.68443293794354 86.89519619349919
    vertex 206.5494747081906 161.10480380651705 86.89519619342175
  endloop
endfacet
facet normal -6.352966211298011e-13 -6.626337669054901e-13 -1.0
  outer loop
    vertex 206.5494747081906 161.10480380651705 86.89519619342175
    vertex 173.09202866601206 175.68443293794354 86.89519619349919
    vertex 206.6005859687563 161.49303237417092 86.89519619342158
  endloop
endfacet
facet normal -6.352966211298011e-13 -6.626337669054901e-13 -1.0
  outer loop
    vertex 206.6005859687563 161.49303237417092 86.89519619342158
    vertex 173.09202866601206 175.68443293794354 86.89519619349919
    vertex 206.7504366025126 161.8548038065174 86.89519619342147
  endloop
endfacet
facet normal -6.352966211298011e-13 -6.626337669054901e-13 -1.0
  outer loop
    vertex 206.7504366025126 161.8548038065174 86.89519619342147
    vertex 173.09202866601206 175.68443293794354 86.89519619349919
    vertex 206.98881453640897 162.16546397829762 86.89519619342128
  endloop
endfacet
facet normal -6.352966211298011e-13 -6.626337669054901e-13 -1.0
  outer loop
    vertex 206.98881453640897 162.16546397829762 86.89519619342128
    vertex 173.09202866601206 175.68443293794354 86.89519619349919
    vertex 207.2994747081884 162.40384191219496 86.8951961934212
  endloop
endfacet
facet normal -6.352966211298011e-13 -6.626337669054901e-13 -1.0
  outer loop
    vertex 207.2994747081884 162.40384191219496 86.8951961934212
    vertex 173.09202866601206 175.68443293794354 86.89519619349919
    vertex 207.6612461405343 162.55369254595254 86.89519619342103
  endloop
endfacet
facet normal -6.352966211298011e-13 -6.626337669054901e-13 -1.0
  outer loop
    vertex 207.6612461405343 162.55369254595254 86.89519619342103
    vertex 173.09202866601206 175.68443293794354 86.89519619349919
    vertex 208.04947470818806 162.60480380651958 86.89519619342097
  endloop
endfacet
facet normal -6.352966211298011e-13 -6.626337669054901e-13 -1.0
  outer loop
    vertex 208.04947470818806 162.60480380651958 86.89519619342097
    vertex 173.09202866601206 175.68443293794354 86.89519619349919
    vertex 223.92815436462723 163.226124150106 86.89519619341813
  endloop
endfacet
facet normal -6.352966211298011e-13 -6.626337669054901e-13 -1.0
  outer loop
    vertex 223.92815436462723 163.226124150106 86.89519619341813
    vertex 173.09202866601206 175.68443293794354 86.89519619349919
    vertex 224.5494747081861 163.7028800179007 86.89519619341795
  endloop
endfacet
facet normal -6.352966211298011e-13 -6.626337669054901e-13 -1.0
  outer loop
    vertex 224.5494747081861 163.7028800179007 86.89519619341795
    vertex 173.09202866601206 175.68443293794354 86.89519619349919
    vertex 225.27301757287802 164.00258128541583 86.89519619341782
  endloop
endfacet
facet normal -6.352966211298011e-13 -6.626337669054901e-13 -1.0
  outer loop
    vertex 225.27301757287802 164.00258128541583 86.89519619341782
    vertex 173.09202866601206 175.68443293794354 86.89519619349919
    vertex 226.0494747081854 164.1048038065499 86.89519619341777
  endloop
endfacet
facet normal -6.352966211298011e-13 -6.626337669054901e-13 -1.0
  outer loop
    vertex 226.0494747081854 164.1048038065499 86.89519619341777
    vertex 173.09202866601206 175.68443293794354 86.89519619349919
    vertex 235.09202866557146 164.6844329380115 86.89519619345351
  endloop
endfacet
facet normal -6.352966211298011e-13 -6.626337669054901e-13 -1.0
  outer loop
    vertex 235.09202866557146 164.6844329380115 86.89519619345351
    vertex 173.09202866601206 175.68443293794354 86.89519619349919
    vertex 374.69202866554343 175.6844329382406 86.89519619338257
  endloop
endfacet
facet normal -6.352966211298011e-13 -6.626337669054901e-13 -1.0
  outer loop
    vertex 374.69202866568395 92.52517467534697 86.89519619341957
    vertex 358.09202866568126 103.5251746753211 86.89519619347665
    vertex 374.69202866554343 175.6844329382406 86.89519619338257
  endloop
endfacet
facet normal -6.352966211298011e-13 -6.626337669054901e-13 -1.0
  outer loop
    vertex 358.09202866568126 103.5251746753211 86.89519619347665
    vertex 374.69202866568395 92.52517467534697 86.89519619341957
    vertex 173.09202866607095 92.52517467506632 86.89519619357237
  endloop
endfacet
facet normal -6.352966211298011e-13 -6.626337669054901e-13 -1.0
  outer loop
    vertex 358.09202866568126 103.5251746753211 86.89519619347665
    vertex 173.09202866607095 92.52517467506632 86.89519619357237
    vertex 249.07209500507577 101.52517467515892 86.89519619348481
  endloop
endfacet
facet normal -6.352966211298011e-13 -6.626337669054901e-13 -1.0
  outer loop
    vertex 249.07209500507577 101.52517467515892 86.89519619348481
    vertex 173.09202866607095 92.52517467506632 86.89519619357237
    vertex 230.09202866569302 101.52517467512678 86.89519619349174
  endloop
endfacet
facet normal -6.352966211298011e-13 -6.626337669054901e-13 -1.0
  outer loop
    vertex 374.69202866554343 175.6844329382406 86.89519619338257
    vertex 358.09202866568126 103.5251746753211 86.89519619347665
    vertex 358.092028665578 164.6844329382122 86.89519619341392
  endloop
endfacet
facet normal -6.352966211298011e-13 -6.626337669054901e-13 -1.0
  outer loop
    vertex 374.69202866554343 175.6844329382406 86.89519619338257
    vertex 358.092028665578 164.6844329382122 86.89519619341392
    vertex 338.09202866557797 164.68443293817975 86.89519619342043
  endloop
endfacet
facet normal -6.352966211298011e-13 -6.626337669054901e-13 -1.0
  outer loop
    vertex 374.69202866554343 175.6844329382406 86.89519619338257
    vertex 338.09202866557797 164.68443293817975 86.89519619342043
    vertex 328.092028665578 164.68443293816355 86.89519619342252
  endloop
endfacet
facet normal -6.352966211298011e-13 -6.626337669054901e-13 -1.0
  outer loop
    vertex 374.69202866554343 175.6844329382406 86.89519619338257
    vertex 328.092028665578 164.68443293816355 86.89519619342252
    vertex 288.0920286655822 164.6844329380987 86.89519619343076
  endloop
endfacet
facet normal -6.352966211298011e-13 -6.626337669054901e-13 -1.0
  outer loop
    vertex 374.69202866554343 175.6844329382406 86.89519619338257
    vertex 288.0920286655822 164.6844329380987 86.89519619343076
    vertex 278.0920286655822 164.6844329380825 86.89519619343285
  endloop
endfacet
facet normal -6.352966211298011e-13 -6.626337669054901e-13 -1.0
  outer loop
    vertex 374.69202866554343 175.6844329382406 86.89519619338257
    vertex 278.0920286655822 164.6844329380825 86.89519619343285
    vertex 235.09202866557146 164.6844329380115 86.89519619345351
  endloop
endfacet
facet normal -6.352966211298011e-13 -6.626337669054901e-13 -1.0
  outer loop
    vertex 230.09202866569302 101.52517467512678 86.89519619349174
    vertex 228.17079505184475 104.98348346298181 86.89519619348378
    vertex 230.09202866568364 107.10480380656938 86.89519619349106
  endloop
endfacet
facet normal -6.352966211298011e-13 -6.626337669054901e-13 -1.0
  outer loop
    vertex 228.17079505184475 104.98348346298181 86.89519619348378
    vertex 230.09202866569302 101.52517467512678 86.89519619349174
    vertex 227.54947470828589 104.50672759518709 86.89519619348454
  endloop
endfacet
facet normal -6.352966211298011e-13 -6.626337669054901e-13 -1.0
  outer loop
    vertex 227.54947470828589 104.50672759518709 86.89519619348454
    vertex 230.09202866569302 101.52517467512678 86.89519619349174
    vertex 226.82593184359393 104.20702632767197 86.89519619348525
  endloop
endfacet
facet normal -6.352966211298011e-13 -6.626337669054901e-13 -1.0
  outer loop
    vertex 226.82593184359393 104.20702632767197 86.89519619348525
    vertex 230.09202866569302 101.52517467512678 86.89519619349174
    vertex 226.04947470828657 104.10480380653789 86.89519619348576
  endloop
endfacet
facet normal -6.352966211298011e-13 -6.626337669054901e-13 -1.0
  outer loop
    vertex 230.09202866568364 107.10480380656938 86.89519619349106
    vertex 228.17079505184475 104.98348346298181 86.89519619348378
    vertex 228.64755091963733 105.6048038065423 86.89519619348295
  endloop
endfacet
facet normal -6.352966211298011e-13 -6.626337669054901e-13 -1.0
  outer loop
    vertex 230.09202866568364 107.10480380656938 86.89519619349106
    vertex 228.64755091963733 105.6048038065423 86.89519619348295
    vertex 228.94725218715 106.32834667123521 86.89519619348219
  endloop
endfacet
facet normal -6.352966211298011e-13 -6.626337669054901e-13 -1.0
  outer loop
    vertex 230.09202866568364 107.10480380656938 86.89519619349106
    vertex 228.94725218715 106.32834667123521 86.89519619348219
    vertex 229.0494747082815 107.10480380654295 86.89519619348148
  endloop
endfacet
facet normal -6.352966211298011e-13 -6.626337669054901e-13 -1.0
  outer loop
    vertex 230.09202866568364 107.10480380656938 86.89519619349106
    vertex 229.0494747082815 107.10480380654295 86.89519619348148
    vertex 228.9472521871474 107.88126094185031 86.8951961934809
  endloop
endfacet
facet normal -6.352966211298011e-13 -6.626337669054901e-13 -1.0
  outer loop
    vertex 230.09202866568364 107.10480380656938 86.89519619349106
    vertex 228.9472521871474 107.88126094185031 86.8951961934809
    vertex 235.09202866566847 107.104803806578 86.8951961934879
  endloop
endfacet
facet normal -6.352966211298011e-13 -6.626337669054901e-13 -1.0
  outer loop
    vertex 235.09202866566847 107.104803806578 86.8951961934879
    vertex 228.9472521871474 107.88126094185031 86.8951961934809
    vertex 235.09202866557146 164.6844329380115 86.89519619345351
  endloop
endfacet
facet normal -6.352966211298011e-13 -6.626337669054901e-13 -1.0
  outer loop
    vertex 235.09202866557146 164.6844329380115 86.89519619345351
    vertex 228.9472521871474 107.88126094185031 86.8951961934809
    vertex 228.64755091963227 108.60480380654228 86.89519619348043
  endloop
endfacet
facet normal -6.352966211298011e-13 -6.626337669054901e-13 -1.0
  outer loop
    vertex 235.09202866557146 164.6844329380115 86.89519619345351
    vertex 228.64755091963227 108.60480380654228 86.89519619348043
    vertex 228.1707950518376 109.2261241501011 86.8951961934802
  endloop
endfacet
facet normal -6.352966211298011e-13 -6.626337669054901e-13 -1.0
  outer loop
    vertex 235.09202866557146 164.6844329380115 86.89519619345351
    vertex 228.1707950518376 109.2261241501011 86.8951961934802
    vertex 227.54947470827713 109.70288001789373 86.89519619348019
  endloop
endfacet
facet normal -6.352966211298011e-13 -6.626337669054901e-13 -1.0
  outer loop
    vertex 235.09202866557146 164.6844329380115 86.89519619345351
    vertex 227.54947470827713 109.70288001789373 86.89519619348019
    vertex 226.82593184358413 110.00258128540638 86.89519619348032
  endloop
endfacet
facet normal -6.352966211298011e-13 -6.626337669054901e-13 -1.0
  outer loop
    vertex 235.09202866557146 164.6844329380115 86.89519619345351
    vertex 226.82593184358413 110.00258128540638 86.89519619348032
    vertex 226.04947470827645 110.10480380653789 86.89519619348074
  endloop
endfacet
facet normal -6.352966211298011e-13 -6.626337669054901e-13 -1.0
  outer loop
    vertex 235.09202866557146 164.6844329380115 86.89519619345351
    vertex 226.04947470827645 110.10480380653789 86.89519619348074
    vertex 228.17079505175366 158.98348346299386 86.89519619341874
  endloop
endfacet
facet normal -6.352966211298011e-13 -6.626337669054901e-13 -1.0
  outer loop
    vertex 228.17079505175366 158.98348346299386 86.89519619341874
    vertex 226.04947470827645 110.10480380653789 86.89519619348074
    vertex 227.5494747081948 158.50672759519915 86.89519619341887
  endloop
endfacet
facet normal -6.352966211298011e-13 -6.626337669054901e-13 -1.0
  outer loop
    vertex 227.5494747081948 158.50672759519915 86.89519619341887
    vertex 226.04947470827645 110.10480380653789 86.89519619348074
    vertex 226.82593184350293 158.20702632768402 86.895196193419
  endloop
endfacet
facet normal -6.352966211298011e-13 -6.626337669054901e-13 -1.0
  outer loop
    vertex 226.82593184350293 158.20702632768402 86.895196193419
    vertex 226.04947470827645 110.10480380653789 86.89519619348074
    vertex 226.0494747081955 158.1048038065499 86.8951961934191
  endloop
endfacet
facet normal -6.352966211298011e-13 -6.626337669054901e-13 -1.0
  outer loop
    vertex 235.09202866557146 164.6844329380115 86.89519619345351
    vertex 228.17079505175366 158.98348346299386 86.89519619341874
    vertex 228.6475509195463 159.60480380655432 86.89519619341853
  endloop
endfacet
facet normal -6.352966211298011e-13 -6.626337669054901e-13 -1.0
  outer loop
    vertex 235.09202866557146 164.6844329380115 86.89519619345351
    vertex 228.6475509195463 159.60480380655432 86.89519619341853
    vertex 228.94725218705895 160.32834667124723 86.89519619341833
  endloop
endfacet
facet normal -6.352966211298011e-13 -6.626337669054901e-13 -1.0
  outer loop
    vertex 235.09202866557146 164.6844329380115 86.89519619345351
    vertex 228.94725218705895 160.32834667124723 86.89519619341833
    vertex 229.04947470819044 161.10480380655497 86.89519619341814
  endloop
endfacet
facet normal -6.352966211298011e-13 -6.626337669054901e-13 -1.0
  outer loop
    vertex 235.09202866557146 164.6844329380115 86.89519619345351
    vertex 229.04947470819044 161.10480380655497 86.89519619341814
    vertex 228.94725218705634 161.88126094186237 86.89519619341803
  endloop
endfacet
facet normal -6.352966211298011e-13 -6.626337669054901e-13 -1.0
  outer loop
    vertex 235.09202866557146 164.6844329380115 86.89519619345351
    vertex 228.94725218705634 161.88126094186237 86.89519619341803
    vertex 228.64755091954123 162.6048038065543 86.89519619341787
  endloop
endfacet
facet normal -6.352966211298011e-13 -6.626337669054901e-13 -1.0
  outer loop
    vertex 235.09202866557146 164.6844329380115 86.89519619345351
    vertex 228.64755091954123 162.6048038065543 86.89519619341787
    vertex 228.17079505174652 163.22612415011315 86.8951961934178
  endloop
endfacet
facet normal -6.352966211298011e-13 -6.626337669054901e-13 -1.0
  outer loop
    vertex 235.09202866557146 164.6844329380115 86.89519619345351
    vertex 228.17079505174652 163.22612415011315 86.8951961934178
    vertex 227.5494747081861 163.70288001790578 86.8951961934177
  endloop
endfacet
facet normal -6.352966211298011e-13 -6.626337669054901e-13 -1.0
  outer loop
    vertex 235.09202866557146 164.6844329380115 86.89519619345351
    vertex 227.5494747081861 163.70288001790578 86.8951961934177
    vertex 226.82593184349312 164.00258128541842 86.89519619341772
  endloop
endfacet
facet normal -6.352966211298011e-13 -6.626337669054901e-13 -1.0
  outer loop
    vertex 235.09202866557146 164.6844329380115 86.89519619345351
    vertex 226.82593184349312 164.00258128541842 86.89519619341772
    vertex 226.0494747081854 164.1048038065499 86.89519619341777
  endloop
endfacet
facet normal -6.352966211298011e-13 -6.626337669054901e-13 -1.0
  outer loop
    vertex 208.0494747081931 159.60480380651958 86.89519619342195
    vertex 223.15169722932455 160.32834667123745 86.8951961934188
    vertex 223.4513984968397 159.60480380654553 86.89519619341895
  endloop
endfacet
facet normal -6.352966211298011e-13 -6.626337669054901e-13 -1.0
  outer loop
    vertex 223.15169722932455 160.32834667123745 86.8951961934188
    vertex 208.0494747081931 159.60480380651958 86.89519619342195
    vertex 208.43770327584684 159.65591506708662 86.89519619342182
  endloop
endfacet
facet normal -6.352966211298011e-13 -6.626337669054901e-13 -1.0
  outer loop
    vertex 223.15169722932455 160.32834667123745 86.8951961934188
    vertex 208.43770327584684 159.65591506708662 86.89519619342182
    vertex 208.7994747081928 159.8057657008442 86.89519619342177
  endloop
endfacet
facet normal -6.352966211298011e-13 -6.626337669054901e-13 -1.0
  outer loop
    vertex 223.15169722932455 160.32834667123745 86.8951961934188
    vertex 208.7994747081928 159.8057657008442 86.89519619342177
    vertex 209.11013487997218 160.04414363474157 86.89519619342158
  endloop
endfacet
facet normal -6.352966211298011e-13 -6.626337669054901e-13 -1.0
  outer loop
    vertex 223.15169722932455 160.32834667123745 86.8951961934188
    vertex 209.11013487997218 160.04414363474157 86.89519619342158
    vertex 209.34851281386855 160.35480380652177 86.89519619342148
  endloop
endfacet
facet normal -6.352966211298011e-13 -6.626337669054901e-13 -1.0
  outer loop
    vertex 223.15169722932455 160.32834667123745 86.8951961934188
    vertex 209.34851281386855 160.35480380652177 86.89519619342148
    vertex 223.04947470819044 161.10480380654485 86.89519619341863
  endloop
endfacet
facet normal -6.352966211298011e-13 -6.626337669054901e-13 -1.0
  outer loop
    vertex 223.04947470819044 161.10480380654485 86.89519619341863
    vertex 209.34851281386855 160.35480380652177 86.89519619342148
    vertex 209.4983634476249 160.71657523886827 86.8951961934213
  endloop
endfacet
facet normal -6.352966211298011e-13 -6.626337669054901e-13 -1.0
  outer loop
    vertex 223.04947470819044 161.10480380654485 86.89519619341863
    vertex 209.4983634476249 160.71657523886827 86.8951961934213
    vertex 209.54947470819056 161.10480380652214 86.8951961934212
  endloop
endfacet
facet normal -6.352966211298011e-13 -6.626337669054901e-13 -1.0
  outer loop
    vertex 223.04947470819044 161.10480380654485 86.89519619341863
    vertex 209.54947470819056 161.10480380652214 86.8951961934212
    vertex 223.15169722932194 161.88126094185262 86.89519619341844
  endloop
endfacet
facet normal -6.352966211298011e-13 -6.626337669054901e-13 -1.0
  outer loop
    vertex 223.15169722932194 161.88126094185262 86.89519619341844
    vertex 209.54947470819056 161.10480380652214 86.8951961934212
    vertex 209.49836344762357 161.4930323741758 86.89519619342104
  endloop
endfacet
facet normal -6.352966211298011e-13 -6.626337669054901e-13 -1.0
  outer loop
    vertex 223.15169722932194 161.88126094185262 86.89519619341844
    vertex 209.49836344762357 161.4930323741758 86.89519619342104
    vertex 209.34851281386602 161.85480380652177 86.89519619342097
  endloop
endfacet
facet normal -6.352966211298011e-13 -6.626337669054901e-13 -1.0
  outer loop
    vertex 223.15169722932194 161.88126094185262 86.89519619341844
    vertex 209.34851281386602 161.85480380652177 86.89519619342097
    vertex 209.11013487996857 162.1654639783012 86.89519619342094
  endloop
endfacet
facet normal -6.352966211298011e-13 -6.626337669054901e-13 -1.0
  outer loop
    vertex 223.15169722932194 161.88126094185262 86.89519619341844
    vertex 209.11013487996857 162.1654639783012 86.89519619342094
    vertex 223.45139849683463 162.60480380654553 86.89519619341829
  endloop
endfacet
facet normal -6.352966211298011e-13 -6.626337669054901e-13 -1.0
  outer loop
    vertex 223.45139849683463 162.60480380654553 86.89519619341829
    vertex 209.11013487996857 162.1654639783012 86.89519619342094
    vertex 208.79947470818843 162.4038419121975 86.89519619342093
  endloop
endfacet
facet normal -6.352966211298011e-13 -6.626337669054901e-13 -1.0
  outer loop
    vertex 223.45139849683463 162.60480380654553 86.89519619341829
    vertex 208.79947470818843 162.4038419121975 86.89519619342093
    vertex 208.43770327584198 162.55369254595385 86.89519619342094
  endloop
endfacet
facet normal -6.352966211298011e-13 -6.626337669054901e-13 -1.0
  outer loop
    vertex 223.45139849683463 162.60480380654553 86.89519619341829
    vertex 208.43770327584198 162.55369254595385 86.89519619342094
    vertex 208.04947470818806 162.60480380651958 86.89519619342097
  endloop
endfacet
facet normal -6.352966211298011e-13 -6.626337669054901e-13 -1.0
  outer loop
    vertex 223.45139849683463 162.60480380654553 86.89519619341829
    vertex 208.04947470818806 162.60480380651958 86.89519619342097
    vertex 223.92815436462723 163.226124150106 86.89519619341813
  endloop
endfacet
facet normal -6.352966211298011e-13 -6.626337669054901e-13 -1.0
  outer loop
    vertex 338.0920286655951 154.6844329381811 86.89519619342457
    vertex 335.0838870942959 157.95480380672848 86.89519619342417
    vertex 338.09202866557797 164.68443293817975 86.89519619342043
  endloop
endfacet
facet normal -6.352966211298011e-13 -6.626337669054901e-13 -1.0
  outer loop
    vertex 335.0838870942959 157.95480380672848 86.89519619342417
    vertex 338.0920286655951 154.6844329381811 86.89519619342457
    vertex 334.7183742623216 157.4784582099988 86.89519619342443
  endloop
endfacet
facet normal -6.352966211298011e-13 -6.626337669054901e-13 -1.0
  outer loop
    vertex 334.7183742623216 157.4784582099988 86.89519619342443
    vertex 338.0920286655951 154.6844329381811 86.89519619342457
    vertex 334.2420286655932 157.11294537802286 86.8951961934247
  endloop
endfacet
facet normal -6.352966211298011e-13 -6.626337669054901e-13 -1.0
  outer loop
    vertex 334.2420286655932 157.11294537802286 86.8951961934247
    vertex 338.0920286655951 154.6844329381811 86.89519619342457
    vertex 333.6873124693293 156.88317440626125 86.89519619342488
  endloop
endfacet
facet normal -6.352966211298011e-13 -6.626337669054901e-13 -1.0
  outer loop
    vertex 333.6873124693293 156.88317440626125 86.89519619342488
    vertex 338.0920286655951 154.6844329381811 86.89519619342457
    vertex 333.0920286655936 156.80480380672512 86.89519619342506
  endloop
endfacet
facet normal -6.352966211298011e-13 -6.626337669054901e-13 -1.0
  outer loop
    vertex 338.09202866557797 164.68443293817975 86.89519619342043
    vertex 335.0838870942959 157.95480380672848 86.89519619342417
    vertex 335.3136580660556 158.50952000299307 86.89519619342387
  endloop
endfacet
facet normal -6.352966211298011e-13 -6.626337669054901e-13 -1.0
  outer loop
    vertex 338.09202866557797 164.68443293817975 86.89519619342043
    vertex 335.3136580660556 158.50952000299307 86.89519619342387
    vertex 335.39202866558975 159.104803806729 86.8951961934236
  endloop
endfacet
facet normal -6.352966211298011e-13 -6.626337669054901e-13 -1.0
  outer loop
    vertex 338.09202866557797 164.68443293817975 86.89519619342043
    vertex 335.39202866558975 159.104803806729 86.8951961934236
    vertex 335.3136580660536 159.70008761046466 86.89519619342336
  endloop
endfacet
facet normal -6.352966211298011e-13 -6.626337669054901e-13 -1.0
  outer loop
    vertex 338.09202866557797 164.68443293817975 86.89519619342043
    vertex 335.3136580660536 159.70008761046466 86.89519619342336
    vertex 335.08388709429204 160.25480380672846 86.89519619342317
  endloop
endfacet
facet normal -6.352966211298011e-13 -6.626337669054901e-13 -1.0
  outer loop
    vertex 338.09202866557797 164.68443293817975 86.89519619342043
    vertex 335.08388709429204 160.25480380672846 86.89519619342317
    vertex 334.7183742623161 160.73114940345693 86.89519619342306
  endloop
endfacet
facet normal -6.352966211298011e-13 -6.626337669054901e-13 -1.0
  outer loop
    vertex 338.09202866557797 164.68443293817975 86.89519619342043
    vertex 334.7183742623161 160.73114940345693 86.89519619342306
    vertex 334.2420286655864 161.09666223543127 86.89519619342302
  endloop
endfacet
facet normal -6.352966211298011e-13 -6.626337669054901e-13 -1.0
  outer loop
    vertex 338.09202866557797 164.68443293817975 86.89519619342043
    vertex 334.2420286655864 161.09666223543127 86.89519619342302
    vertex 333.6873124693218 161.32643320719097 86.89519619342306
  endloop
endfacet
facet normal -6.352966211298011e-13 -6.626337669054901e-13 -1.0
  outer loop
    vertex 338.09202866557797 164.68443293817975 86.89519619342043
    vertex 333.6873124693218 161.32643320719097 86.89519619342306
    vertex 333.0920286655859 161.4048038067251 86.89519619342312
  endloop
endfacet
facet normal -6.352966211298011e-13 -6.626337669054901e-13 -1.0
  outer loop
    vertex 288.0920286655993 154.68443293809932 86.89519619343508
    vertex 285.08388709429585 157.954803806644 86.8951961934363
    vertex 288.0920286655822 164.6844329380987 86.89519619343076
  endloop
endfacet
facet normal -6.352966211298011e-13 -6.626337669054901e-13 -1.0
  outer loop
    vertex 285.08388709429585 157.954803806644 86.8951961934363
    vertex 288.0920286655993 154.68443293809932 86.89519619343508
    vertex 284.71837426232156 157.47845820991435 86.8951961934366
  endloop
endfacet
facet normal -6.352966211298011e-13 -6.626337669054901e-13 -1.0
  outer loop
    vertex 284.71837426232156 157.47845820991435 86.8951961934366
    vertex 288.0920286655993 154.68443293809932 86.89519619343508
    vertex 284.24202866559307 157.11294537793842 86.89519619343687
  endloop
endfacet
facet normal -6.352966211298011e-13 -6.626337669054901e-13 -1.0
  outer loop
    vertex 284.24202866559307 157.11294537793842 86.89519619343687
    vertex 288.0920286655993 154.68443293809932 86.89519619343508
    vertex 283.68731246932924 156.8831744061768 86.89519619343712
  endloop
endfacet
facet normal -6.352966211298011e-13 -6.626337669054901e-13 -1.0
  outer loop
    vertex 283.68731246932924 156.8831744061768 86.89519619343712
    vertex 288.0920286655993 154.68443293809932 86.89519619343508
    vertex 283.0920286655936 156.80480380664068 86.89519619343729
  endloop
endfacet
facet normal -6.352966211298011e-13 -6.626337669054901e-13 -1.0
  outer loop
    vertex 288.0920286655822 164.6844329380987 86.89519619343076
    vertex 285.08388709429585 157.954803806644 86.8951961934363
    vertex 285.31365806605555 158.50952000290863 86.89519619343602
  endloop
endfacet
facet normal -6.352966211298011e-13 -6.626337669054901e-13 -1.0
  outer loop
    vertex 288.0920286655822 164.6844329380987 86.89519619343076
    vertex 285.31365806605555 158.50952000290863 86.89519619343602
    vertex 285.39202866558975 159.10480380664455 86.89519619343574
  endloop
endfacet
facet normal -6.352966211298011e-13 -6.626337669054901e-13 -1.0
  outer loop
    vertex 288.0920286655822 164.6844329380987 86.89519619343076
    vertex 285.39202866558975 159.10480380664455 86.89519619343574
    vertex 285.31365806605356 159.70008761038022 86.8951961934355
  endloop
endfacet
facet normal -6.352966211298011e-13 -6.626337669054901e-13 -1.0
  outer loop
    vertex 288.0920286655822 164.6844329380987 86.89519619343076
    vertex 285.31365806605356 159.70008761038022 86.8951961934355
    vertex 285.083887094292 160.25480380664405 86.89519619343531
  endloop
endfacet
facet normal -6.352966211298011e-13 -6.626337669054901e-13 -1.0
  outer loop
    vertex 288.0920286655822 164.6844329380987 86.89519619343076
    vertex 285.083887094292 160.25480380664405 86.89519619343531
    vertex 284.71837426231605 160.73114940337248 86.8951961934352
  endloop
endfacet
facet normal -6.352966211298011e-13 -6.626337669054901e-13 -1.0
  outer loop
    vertex 288.0920286655822 164.6844329380987 86.89519619343076
    vertex 284.71837426231605 160.73114940337248 86.8951961934352
    vertex 284.2420286655864 161.09666223534683 86.89519619343515
  endloop
endfacet
facet normal -6.352966211298011e-13 -6.626337669054901e-13 -1.0
  outer loop
    vertex 288.0920286655822 164.6844329380987 86.89519619343076
    vertex 284.2420286655864 161.09666223534683 86.89519619343515
    vertex 283.6873124693218 161.32643320710653 86.8951961934352
  endloop
endfacet
facet normal -6.352966211298011e-13 -6.626337669054901e-13 -1.0
  outer loop
    vertex 288.0920286655822 164.6844329380987 86.89519619343076
    vertex 283.6873124693218 161.32643320710653 86.8951961934352
    vertex 283.0920286655859 161.40480380664067 86.89519619343531
  endloop
endfacet
facet normal 5.166160583549031e-13 -0.7071067811870346 -0.7071067811860604
  outer loop
    vertex 173.09202866607095 92.52517467506632 86.89519619357237
    vertex 378.69202866569174 88.52517467535559 90.89519619341931
    vertex 173.09202866607816 88.52517467506948 90.8951961935748
  endloop
endfacet
facet normal 5.166160583549031e-13 -0.7071067811870346 -0.7071067811860604
  outer loop
    vertex 378.69202866569174 88.52517467535559 90.89519619341931
    vertex 173.09202866607095 92.52517467506632 86.89519619357237
    vertex 374.69202866568395 92.52517467534697 86.89519619341957
  endloop
endfacet
facet normal -1.4789164804738904e-12 0.7071067811857444 -0.7071067811873506
  outer loop
    vertex 173.09202866601206 175.68443293794354 86.89519619349919
    vertex 378.6920286655377 179.68443293825237 90.89519619337702
    vertex 374.69202866554343 175.6844329382406 86.89519619338257
  endloop
endfacet
facet normal -1.4789164804738904e-12 0.7071067811857444 -0.7071067811873506
  outer loop
    vertex 378.6920286655377 179.68443293825237 90.89519619337702
    vertex 173.09202866601206 175.68443293794354 86.89519619349919
    vertex 173.0920286660085 179.68443293794985 90.89519619349629
  endloop
endfacet
facet normal 0.5429915588706067 1.262866246389762e-12 0.8397381538284826
  outer loop
    vertex 376.4143955081895 118.03601733887393 88.61756303595543
    vertex 372.89202866561027 150.40445839489604 90.89519619339316
    vertex 372.8920286656527 117.80514921870376 90.89519619341452
  endloop
endfacet
facet normal 0.5429915588706067 1.262866246389762e-12 0.8397381538284826
  outer loop
    vertex 372.89202866561027 150.40445839489604 90.89519619339316
    vertex 376.4143955081895 118.03601733887393 88.61756303595543
    vertex 376.41439550813567 150.17359027473515 88.61756303594154
  endloop
endfacet
facet normal 0.5383461908116156 -0.07087462058544891 0.839738153828616
  outer loop
    vertex 376.85369909829825 158.7153982612043 89.0568666261143
    vertex 372.89202866561027 150.40445839489604 90.89519619339316
    vertex 376.41439550813567 150.17359027473515 88.61756303594154
  endloop
endfacet
facet normal 0.5383461908116156 -0.07087462058544891 0.839738153828616
  outer loop
    vertex 372.89202866561027 150.40445839489604 90.89519619339316
    vertex 376.85369909829825 158.7153982612043 89.0568666261143
    vertex 374.0838928415018 159.45756561089684 90.89519619338894
  endloop
endfacet
facet normal 0.5016587875669424 -0.2077938734925071 0.8397381538288262
  outer loop
    vertex 378.4316486880586 168.90172723142297 90.63481621588602
    vertex 374.0838928415018 159.45756561089684 90.89519619338894
    vertex 376.85369909829825 158.7153982612043 89.0568666261143
  endloop
endfacet
facet normal 0.5016587875669424 -0.2077938734925071 0.8397381538288262
  outer loop
    vertex 374.0838928415018 159.45756561089684 90.89519619338894
    vertex 378.4316486880586 168.90172723142297 90.63481621588602
    vertex 378.0799097416714 169.10480380680102 90.89519619338375
  endloop
endfacet
facet normal -1.490178908811344e-12 1.0 -8.756698022332766e-13
  outer loop
    vertex 253.87311742156126 103.52517467516844 90.89519619349701
    vertex 278.09202866568546 103.52517467520774 86.8951961934592
    vertex 249.0720950050727 103.52517467515892 86.89519619348317
  endloop
endfacet
facet normal -1.490178908811344e-12 1.0 -8.756698022332766e-13
  outer loop
    vertex 278.09202866568546 103.52517467520774 86.8951961934592
    vertex 253.87311742156126 103.52517467516844 90.89519619349701
    vertex 278.0920286656861 103.52517467520923 88.8951961934592
  endloop
endfacet
facet normal -1.490178908811344e-12 1.0 -8.756698022332766e-13
  outer loop
    vertex 278.0920286656861 103.52517467520923 88.8951961934592
    vertex 253.87311742156126 103.52517467516844 90.89519619349701
    vertex 371.0920286656902 103.52517467534585 90.89519619355607
  endloop
endfacet
facet normal -1.490178908811344e-12 1.0 -8.756698022332766e-13
  outer loop
    vertex 278.0920286656861 103.52517467520923 88.8951961934592
    vertex 371.0920286656902 103.52517467534585 90.89519619355607
    vertex 288.09202866568614 103.52517467521253 88.8951961934573
  endloop
endfacet
facet normal -1.490178908811344e-12 1.0 -8.756698022332766e-13
  outer loop
    vertex 288.09202866568614 103.52517467521253 88.8951961934573
    vertex 371.0920286656902 103.52517467534585 90.89519619355607
    vertex 328.092028665682 103.5251746752774 88.89519619344905
  endloop
endfacet
facet normal -1.490178908811344e-12 1.0 -8.756698022332766e-13
  outer loop
    vertex 288.09202866568614 103.52517467521253 88.8951961934573
    vertex 328.092028665682 103.5251746752774 88.89519619344905
    vertex 328.0920286656813 103.52517467527586 86.89519619344905
  endloop
endfacet
facet normal -1.490178908811344e-12 1.0 -8.756698022332766e-13
  outer loop
    vertex 328.092028665682 103.5251746752774 88.89519619344905
    vertex 371.0920286656902 103.52517467534585 90.89519619355607
    vertex 338.0920286656819 103.52517467529428 88.89519619344678
  endloop
endfacet
facet normal -1.490178908811344e-12 1.0 -8.756698022332766e-13
  outer loop
    vertex 338.0920286656819 103.52517467529428 88.89519619344678
    vertex 371.0920286656902 103.52517467534585 90.89519619355607
    vertex 358.09202866568194 103.52517467532259 88.89519619347664
  endloop
endfacet
facet normal -1.490178908811344e-12 1.0 -8.756698022332766e-13
  outer loop
    vertex 338.0920286656819 103.52517467529428 88.89519619344678
    vertex 358.09202866568194 103.52517467532259 88.89519619347664
    vertex 358.09202866568126 103.5251746753211 86.89519619347665
  endloop
endfacet
facet normal -1.490178908811344e-12 1.0 -8.756698022332766e-13
  outer loop
    vertex 358.09202866568194 103.52517467532259 88.89519619347664
    vertex 371.0920286656902 103.52517467534585 90.89519619355607
    vertex 371.09202866568967 103.52517467534102 88.89519619355603
  endloop
endfacet
facet normal -1.490178908811344e-12 1.0 -8.756698022332766e-13
  outer loop
    vertex 358.09202866568126 103.5251746753211 86.89519619347665
    vertex 338.09202866568126 103.52517467529275 86.8951961934468
    vertex 338.0920286656819 103.52517467529428 88.89519619344678
  endloop
endfacet
facet normal -1.490178908811344e-12 1.0 -8.756698022332766e-13
  outer loop
    vertex 328.0920286656813 103.52517467527586 86.89519619344905
    vertex 288.09202866568546 103.525174675211 86.8951961934573
    vertex 288.09202866568614 103.52517467521253 88.8951961934573
  endloop
endfacet
facet normal -1.5735784787014832e-12 1.0 -8.225801813850484e-13
  outer loop
    vertex 230.09202866569578 101.5251746751314 90.89519619349232
    vertex 249.07209500507577 101.52517467515892 86.89519619348481
    vertex 230.09202866569302 101.52517467512678 86.89519619349174
  endloop
endfacet
facet normal -1.5735784787014832e-12 1.0 -8.225801813850484e-13
  outer loop
    vertex 249.07209500507577 101.52517467515892 86.89519619348481
    vertex 230.09202866569578 101.5251746751314 90.89519619349232
    vertex 253.87311742156436 101.52517467516843 90.89519619349866
  endloop
endfacet
facet normal -0.6401039306442429 -3.752750155682179e-13 0.7682883299737089
  outer loop
    vertex 253.87311742156126 103.52517467516844 90.89519619349701
    vertex 249.07209500507577 101.52517467515892 86.89519619348481
    vertex 253.87311742156436 101.52517467516843 90.89519619349866
  endloop
endfacet
facet normal -0.6401039306442429 -3.752750155682179e-13 0.7682883299737089
  outer loop
    vertex 249.07209500507577 101.52517467515892 86.89519619348481
    vertex 253.87311742156126 103.52517467516844 90.89519619349701
    vertex 249.0720950050727 103.52517467515892 86.89519619348317
  endloop
endfacet
facet normal 1.0 1.6072379387748123e-12 -1.6827216166216344e-12
  outer loop
    vertex 235.09202866566847 107.104803806578 86.8951961934879
    vertex 235.09202866558266 164.6844329380171 90.89519619343632
    vertex 235.0920286656707 107.10480380657971 90.89519619348478
  endloop
endfacet
facet normal 1.0 1.6072379387748123e-12 -1.6827216166216344e-12
  outer loop
    vertex 235.09202866558266 164.6844329380171 90.89519619343632
    vertex 235.09202866566847 107.104803806578 86.8951961934879
    vertex 235.09202866557146 164.6844329380115 86.89519619345351
  endloop
endfacet
facet normal 1.0 1.7247297408618932e-12 -6.336940851123729e-13
  outer loop
    vertex 230.09202866569302 101.52517467512678 86.89519619349174
    vertex 230.0920286656859 107.10480380657111 90.89519619348789
    vertex 230.09202866569578 101.5251746751314 90.89519619349232
  endloop
endfacet
facet normal 1.0 1.7247297408618932e-12 -6.336940851123729e-13
  outer loop
    vertex 230.0920286656859 107.10480380657111 90.89519619348789
    vertex 230.09202866569302 101.52517467512678 86.89519619349174
    vertex 230.09202866568364 107.10480380656938 86.89519619349106
  endloop
endfacet
facet normal 1.7247297408621662e-12 -1.0 4.308220447057712e-13
  outer loop
    vertex 235.09202866566847 107.104803806578 86.8951961934879
    vertex 230.0920286656859 107.10480380657111 90.89519619348789
    vertex 230.09202866568364 107.10480380656938 86.89519619349106
  endloop
endfacet
facet normal 1.7247297408621662e-12 -1.0 4.308220447057712e-13
  outer loop
    vertex 230.0920286656859 107.10480380657111 90.89519619348789
    vertex 235.09202866566847 107.104803806578 86.8951961934879
    vertex 235.0920286656707 107.10480380657971 90.89519619348478
  endloop
endfacet
facet normal -4.998455302030988e-13 1.0850542686560608e-12 1.0
  outer loop
    vertex 373.72870011102594 90.52517467534757 91.73729804402926
    vertex 371.0920286657132 89.52517467534311 91.73729804402903
    vertex 373.72870011102765 89.52517467534757 91.737298044031
  endloop
endfacet
facet normal -4.998455302030988e-13 1.0850542686560608e-12 1.0
  outer loop
    vertex 371.0920286657132 89.52517467534311 91.73729804402903
    vertex 373.72870011102594 90.52517467534757 91.73729804402926
    vertex 371.09202866571155 90.52517467534311 91.73729804402859
  endloop
endfacet
facet normal 1.2475274074850261e-13 4.19992359972886e-13 1.0
  outer loop
    vertex 373.7287001110192 94.52517467534757 91.7372980440276
    vertex 371.0920286655719 173.68443293823987 91.73729804399467
    vertex 371.0920286657048 94.52517467534311 91.7372980440276
  endloop
endfacet
facet normal 1.2475274074850261e-13 4.19992359972886e-13 1.0
  outer loop
    vertex 371.0920286655719 173.68443293823987 91.73729804399467
    vertex 373.7287001110192 94.52517467534757 91.7372980440276
    vertex 373.7287001108854 173.6844329382443 91.73729804399402
  endloop
endfacet
facet normal 2.445387105198555e-13 4.308220447062049e-13 1.0
  outer loop
    vertex 373.72870011087696 178.68443293824436 91.73729804399191
    vertex 371.0920286655652 177.6844329382399 91.73729804399298
    vertex 373.72870011087866 177.68443293824433 91.73729804399234
  endloop
endfacet
facet normal 2.445387105198555e-13 4.308220447062049e-13 1.0
  outer loop
    vertex 371.0920286655652 177.6844329382399 91.73729804399298
    vertex 373.72870011087696 178.68443293824436 91.73729804399191
    vertex 371.0920286655635 178.68443293823987 91.73729804399255
  endloop
endfacet
facet normal 2.445387105198745e-13 4.195421787760133e-13 1.0
  outer loop
    vertex 376.7287001108792 177.6844329382502 93.7372980439916
    vertex 371.09202866557234 173.6844329382407 93.73729804399466
    vertex 376.72870011088594 173.6844329382502 93.73729804399329
  endloop
endfacet
facet normal 2.445387105198745e-13 4.195421787760133e-13 1.0
  outer loop
    vertex 371.09202866557234 173.6844329382407 93.73729804399466
    vertex 376.7287001108792 177.6844329382502 93.7372980439916
    vertex 371.09202866556564 177.6844329382407 93.737298043993
  endloop
endfacet
facet normal 1.6883406580109001e-12 -1.0 4.139022458105046e-13
  outer loop
    vertex 373.7287001108854 173.6844329382443 91.73729804399402
    vertex 371.09202866557234 173.6844329382407 93.73729804399466
    vertex 371.0920286655719 173.68443293823987 91.73729804399467
  endloop
endfacet
facet normal 1.6883406580109001e-12 -1.0 4.139022458105046e-13
  outer loop
    vertex 371.09202866557234 173.6844329382407 93.73729804399466
    vertex 373.7287001108854 173.6844329382443 91.73729804399402
    vertex 376.72870011088594 173.6844329382502 93.73729804399329
  endloop
endfacet
facet normal 0.5547001962250256 5.87432428019534e-13 -0.8320502943379795
  outer loop
    vertex 373.7287001108854 173.6844329382443 91.73729804399402
    vertex 376.7287001108792 177.6844329382502 93.7372980439916
    vertex 376.72870011088594 173.6844329382502 93.73729804399329
  endloop
endfacet
facet normal 0.5547001962250256 5.87432428019534e-13 -0.8320502943379795
  outer loop
    vertex 376.7287001108792 177.6844329382502 93.7372980439916
    vertex 373.7287001108854 173.6844329382443 91.73729804399402
    vertex 373.72870011087866 177.68443293824433 91.73729804399234
  endloop
endfacet
facet normal -1.6883406580109001e-12 1.0 -4.139022458105046e-13
  outer loop
    vertex 376.7287001108792 177.6844329382502 93.7372980439916
    vertex 371.0920286655652 177.6844329382399 91.73729804399298
    vertex 371.09202866556564 177.6844329382407 93.737298043993
  endloop
endfacet
facet normal -1.6883406580109001e-12 1.0 -4.139022458105046e-13
  outer loop
    vertex 371.0920286655652 177.6844329382399 91.73729804399298
    vertex 376.7287001108792 177.6844329382502 93.7372980439916
    vertex 373.72870011087866 177.68443293824433 91.73729804399234
  endloop
endfacet
facet normal 7.24391869966313e-14 3.349431842992866e-13 1.0
  outer loop
    vertex 376.72870011101855 94.5251746753532 93.73729804402684
    vertex 371.0920286657109 90.52517467534369 93.73729804402859
    vertex 376.7287001110253 90.5251746753532 93.73729804402852
  endloop
endfacet
facet normal 7.24391869966313e-14 3.349431842992866e-13 1.0
  outer loop
    vertex 371.0920286657109 90.52517467534369 93.73729804402859
    vertex 376.72870011101855 94.5251746753532 93.73729804402684
    vertex 371.0920286657043 94.52517467534369 93.7372980440276
  endloop
endfacet
facet normal -1.0 -1.6774272927268841e-12 3.839802306029512e-14
  outer loop
    vertex 371.0920286657048 94.52517467534311 91.7372980440276
    vertex 371.0920286657109 90.52517467534369 93.73729804402859
    vertex 371.0920286657043 94.52517467534369 93.7372980440276
  endloop
endfacet
facet normal -1.0 -1.6774272927268841e-12 3.839802306029512e-14
  outer loop
    vertex 371.0920286657109 90.52517467534369 93.73729804402859
    vertex 371.0920286657048 94.52517467534311 91.7372980440276
    vertex 371.09202866571155 90.52517467534311 91.73729804402859
  endloop
endfacet
facet normal -1.0 -1.6774272927268841e-12 3.839802306029512e-14
  outer loop
    vertex 371.0920286655652 177.6844329382399 91.73729804399298
    vertex 371.09202866557234 173.6844329382407 93.73729804399466
    vertex 371.09202866556564 177.6844329382407 93.737298043993
  endloop
endfacet
facet normal -1.0 -1.6774272927268841e-12 3.839802306029512e-14
  outer loop
    vertex 371.09202866557234 173.6844329382407 93.73729804399466
    vertex 371.0920286655652 177.6844329382399 91.73729804399298
    vertex 371.0920286655719 173.68443293823987 91.73729804399467
  endloop
endfacet
facet normal -1.0 -1.6774272927268841e-12 3.839802306029512e-14
  outer loop
    vertex 371.09202866556325 178.68443293823955 90.89519619338255
    vertex 371.0920286655652 177.6844329382399 91.73729804399298
    vertex 371.0920286655635 178.68443293823987 91.73729804399255
  endloop
endfacet
facet normal -1.0 -1.6774272927268841e-12 3.839802306029512e-14
  outer loop
    vertex 371.0920286655652 177.6844329382399 91.73729804399298
    vertex 371.09202866556325 178.68443293823955 90.89519619338255
    vertex 371.0920286655719 173.68443293823987 91.73729804399467
  endloop
endfacet
facet normal -1.0 -1.6774272927268841e-12 3.839802306029512e-14
  outer loop
    vertex 371.0920286655719 173.68443293823987 91.73729804399467
    vertex 371.09202866556325 178.68443293823955 90.89519619338255
    vertex 371.0920286657048 94.52517467534311 91.7372980440276
  endloop
endfacet
facet normal -1.0 -1.6774272927268841e-12 3.839802306029512e-14
  outer loop
    vertex 371.0920286657048 94.52517467534311 91.7372980440276
    vertex 371.09202866556325 178.68443293823955 90.89519619338255
    vertex 371.09202866571155 90.52517467534311 91.73729804402859
  endloop
endfacet
facet normal -1.0 -1.6774272927268841e-12 3.839802306029512e-14
  outer loop
    vertex 371.09202866571155 90.52517467534311 91.73729804402859
    vertex 371.09202866556325 178.68443293823955 90.89519619338255
    vertex 371.0920286657132 89.52517467534311 91.73729804402903
  endloop
endfacet
facet normal -1.0 -1.6774272927268841e-12 3.839802306029512e-14
  outer loop
    vertex 371.0920286657132 89.52517467534311 91.73729804402903
    vertex 371.09202866556325 178.68443293823955 90.89519619338255
    vertex 371.0920286656902 103.52517467534585 90.89519619355607
  endloop
endfacet
facet normal -1.0 -1.6774272927268841e-12 3.839802306029512e-14
  outer loop
    vertex 371.0920286656902 103.52517467534585 90.89519619355607
    vertex 371.09202866556325 178.68443293823955 90.89519619338255
    vertex 371.0920286655869 164.68443293823958 90.89519619340966
  endloop
endfacet
facet normal -1.0 -1.6774272927268841e-12 3.839802306029512e-14
  outer loop
    vertex 371.0920286655869 164.68443293823958 90.89519619340966
    vertex 371.09202866568967 103.52517467534102 88.89519619355603
    vertex 371.0920286656902 103.52517467534585 90.89519619355607
  endloop
endfacet
facet normal -1.0 -1.6774272927268841e-12 3.839802306029512e-14
  outer loop
    vertex 371.09202866568967 103.52517467534102 88.89519619355603
    vertex 371.0920286655869 164.68443293823958 90.89519619340966
    vertex 371.09202866558644 164.68443293823478 88.89519619340966
  endloop
endfacet
facet normal -1.0 -1.6774272927268841e-12 3.839802306029512e-14
  outer loop
    vertex 371.09202866571303 89.5251746753428 90.89519619341903
    vertex 371.0920286657132 89.52517467534311 91.73729804402903
    vertex 371.0920286656902 103.52517467534585 90.89519619355607
  endloop
endfacet
facet normal -1.6891086887569116e-12 1.0 -2.864277310363176e-13
  outer loop
    vertex 376.72870011101855 94.5251746753532 93.73729804402684
    vertex 371.0920286657048 94.52517467534311 91.7372980440276
    vertex 371.0920286657043 94.52517467534369 93.7372980440276
  endloop
endfacet
facet normal -1.6891086887569116e-12 1.0 -2.864277310363176e-13
  outer loop
    vertex 371.0920286657048 94.52517467534311 91.7372980440276
    vertex 376.72870011101855 94.5251746753532 93.73729804402684
    vertex 373.7287001110192 94.52517467534757 91.7372980440276
  endloop
endfacet
facet normal 1.688340658010909e-12 -1.0 2.898237205783673e-13
  outer loop
    vertex 371.09202866571155 90.52517467534311 91.73729804402859
    vertex 376.7287001110253 90.5251746753532 93.73729804402852
    vertex 371.0920286657109 90.52517467534369 93.73729804402859
  endloop
endfacet
facet normal 1.688340658010909e-12 -1.0 2.898237205783673e-13
  outer loop
    vertex 376.7287001110253 90.5251746753532 93.73729804402852
    vertex 371.09202866571155 90.52517467534311 91.73729804402859
    vertex 373.72870011102594 90.52517467534757 91.73729804402926
  endloop
endfacet
facet normal 0.5547001962251643 5.874421281158665e-13 -0.8320502943378869
  outer loop
    vertex 373.72870011102594 90.52517467534757 91.73729804402926
    vertex 376.72870011101855 94.5251746753532 93.73729804402684
    vertex 376.7287001110253 90.5251746753532 93.73729804402852
  endloop
endfacet
facet normal 0.5547001962251643 5.874421281158665e-13 -0.8320502943378869
  outer loop
    vertex 376.72870011101855 94.5251746753532 93.73729804402684
    vertex 373.72870011102594 90.52517467534757 91.73729804402926
    vertex 373.7287001110192 94.52517467534757 91.7372980440276
  endloop
endfacet
endsolid DIY Perks 3D Printed Speaker - Sketchup Model
