solid DIY Perks 3D Printed Speaker - Sketchup Model
facet normal -0.6531728429537276 0.757208846506527 0.0
  outer loop
    vertex 13.137641806124353 -340.36195498580753 105.00000000000014
    vertex 14.62426863345913 -339.07958186549666 5.000000000000181
    vertex 13.137641806124353 -340.36195498580753 5.000000000000181
  endloop
endfacet
facet normal -0.6531728429537276 0.757208846506527 0.0
  outer loop
    vertex 14.62426863345913 -339.07958186549666 5.000000000000181
    vertex 13.137641806124353 -340.36195498580753 105.00000000000014
    vertex 14.62426863345913 -339.07958186549666 105.00000000000014
  endloop
endfacet
facet normal -0.7242470829514591 0.6895405447370752 0.0
  outer loop
    vertex 11.715728752543152 -341.71572875254395 105.00000000000014
    vertex 10.361954985806857 -343.13764180612486 5.000000000000181
    vertex 10.361954985806857 -343.13764180612486 105.00000000000014
  endloop
endfacet
facet normal -0.7242470829514591 0.6895405447370752 0.0
  outer loop
    vertex 10.361954985806857 -343.13764180612486 5.000000000000181
    vertex 11.715728752543152 -341.71572875254395 105.00000000000014
    vertex 11.715728752543152 -341.71572875254395 5.000000000000181
  endloop
endfacet
facet normal -0.575808191417783 -0.8175848131516275 0.0
  outer loop
    vertex 17.777190679221157 -489.2587844921074 105.00000000000014
    vertex 16.172027820307726 -488.12830125923136 5.000000000000181
    vertex 17.777190679221157 -489.2587844921074 5.000000000000181
  endloop
endfacet
facet normal -0.575808191417783 -0.8175848131516275 0.0
  outer loop
    vertex 16.172027820307726 -488.12830125923136 5.000000000000181
    vertex 17.777190679221157 -489.2587844921074 105.00000000000014
    vertex 16.172027820307726 -488.12830125923136 105.00000000000014
  endloop
endfacet
facet normal -0.0735645635996711 0.9972904566786899 0.0
  outer loop
    vertex 36.079314386822446 -330.192610933118 105.00000000000014
    vertex 38.03729302690816 -330.0481817517989 5.000000000000181
    vertex 36.079314386822446 -330.192610933118 5.000000000000181
  endloop
endfacet
facet normal -0.0735645635996711 0.9972904566786899 0.0
  outer loop
    vertex 38.03729302690816 -330.0481817517989 5.000000000000181
    vertex 36.079314386822446 -330.192610933118 105.00000000000014
    vertex 38.03729302690816 -330.0481817517989 105.00000000000014
  endloop
endfacet
facet normal -0.7572088465065657 0.6531728429536825 0.0
  outer loop
    vertex 10.361954985806857 -343.13764180612486 105.00000000000014
    vertex 9.079581865495598 -344.62426863346036 5.000000000000181
    vertex 9.079581865495598 -344.62426863346036 105.00000000000014
  endloop
endfacet
facet normal -0.7572088465065657 0.6531728429536825 0.0
  outer loop
    vertex 9.079581865495598 -344.62426863346036 5.000000000000181
    vertex 10.361954985806857 -343.13764180612486 105.00000000000014
    vertex 10.361954985806857 -343.13764180612486 5.000000000000181
  endloop
endfacet
facet normal 0.9238795325112846 0.3826834323650946 3.1433715053209534e-31
  outer loop
    vertex 5.226670253598593 -465.3174856236968 13.499999999994978
    vertex 8.823085463765192 -474.00000000000597 96.50000000000531
    vertex 8.823085463765192 -474.00000000000597 13.499999999994978
  endloop
endfacet
facet normal 0.9238795325112846 0.3826834323650946 3.1433715053209534e-31
  outer loop
    vertex 8.823085463765192 -474.00000000000597 96.50000000000531
    vertex 5.226670253598593 -465.3174856236968 13.499999999994978
    vertex 5.226670253598593 -465.3174856236968 96.50000000000531
  endloop
endfacet
facet normal 0.6087614290087258 -0.7933533402912313 4.605308909024226e-31
  outer loop
    vertex 22.0000000000051 -338.823085463766 96.5000000000006
    vertex 14.544155877289386 -344.5441558772902 13.499999999999744
    vertex 22.0000000000051 -338.823085463766 13.499999999999744
  endloop
endfacet
facet normal 0.6087614290087258 -0.7933533402912313 4.605308909024226e-31
  outer loop
    vertex 14.544155877289386 -344.5441558772902 13.499999999999744
    vertex 22.0000000000051 -338.823085463766 96.5000000000006
    vertex 14.544155877289386 -344.5441558772902 96.5000000000006
  endloop
endfacet
facet normal -0.17096188876013663 0.9852776423889699 0.0
  outer loop
    vertex 32.1963871193598 -330.7685887838765 105.00000000000014
    vertex 34.130781021790646 -330.4329396014148 5.000000000000181
    vertex 32.1963871193598 -330.7685887838765 5.000000000000181
  endloop
endfacet
facet normal -0.17096188876013663 0.9852776423889699 0.0
  outer loop
    vertex 34.130781021790646 -330.4329396014148 5.000000000000181
    vertex 32.1963871193598 -330.7685887838765 105.00000000000014
    vertex 34.130781021790646 -330.4329396014148 105.00000000000014
  endloop
endfacet
facet normal 0.13052619222010783 0.9914448613738029 0.0
  outer loop
    vertex 30.68251437631438 -490.7733297464123 96.50000000000531
    vertex 40.000000000005755 -492.0000000000065 13.499999999994978
    vertex 30.68251437631438 -490.7733297464123 13.499999999994978
  endloop
endfacet
facet normal 0.13052619222010783 0.9914448613738029 0.0
  outer loop
    vertex 40.000000000005755 -492.0000000000065 13.499999999994978
    vertex 30.68251437631438 -490.7733297464123 96.50000000000531
    vertex 40.000000000005755 -492.0000000000065 96.50000000000531
  endloop
endfacet
facet normal -0.21910124015701898 0.9757021300384949 0.0
  outer loop
    vertex 30.28079280387405 -331.1987498722244 105.00000000000014
    vertex 32.1963871193598 -330.7685887838765 5.000000000000181
    vertex 30.28079280387405 -331.1987498722244 5.000000000000181
  endloop
endfacet
facet normal -0.21910124015701898 0.9757021300384949 0.0
  outer loop
    vertex 32.1963871193598 -330.7685887838765 5.000000000000181
    vertex 30.28079280387405 -331.1987498722244 105.00000000000014
    vertex 32.1963871193598 -330.7685887838765 105.00000000000014
  endloop
endfacet
facet normal 0.9914448613738102 0.130526192220054 -7.5003271155416825e-31
  outer loop
    vertex 4.000000000005008 -456.000000000006 13.499999999994978
    vertex 5.226670253598593 -465.3174856236968 96.50000000000531
    vertex 5.226670253598593 -465.3174856236968 13.499999999994978
  endloop
endfacet
facet normal 0.9914448613738102 0.130526192220054 -7.5003271155416825e-31
  outer loop
    vertex 5.226670253598593 -465.3174856236968 96.50000000000531
    vertex 4.000000000005008 -456.000000000006 13.499999999994978
    vertex 4.000000000005008 -456.000000000006 96.50000000000531
  endloop
endfacet
facet normal -0.6895405447370518 -0.7242470829514813 0.0
  outer loop
    vertex 13.137641806124353 -485.63804501420424 105.00000000000014
    vertex 11.715728752543152 -484.2842712474677 5.000000000000181
    vertex 13.137641806124353 -485.63804501420424 5.000000000000181
  endloop
endfacet
facet normal -0.6895405447370518 -0.7242470829514813 0.0
  outer loop
    vertex 11.715728752543152 -484.2842712474677 5.000000000000181
    vertex 13.137641806124353 -485.63804501420424 105.00000000000014
    vertex 11.715728752543152 -484.2842712474677 105.00000000000014
  endloop
endfacet
facet normal -0.9999999999999999 -8.953940087221871e-15 0.0
  outer loop
    vertex 1.212811184814199e-11 -370.000000000006 105.00000000000014
    vertex 1.2561258699861348e-11 -456.0000000000054 5.000000000000181
    vertex 1.2561258699861348e-11 -456.0000000000054 105.00000000000014
  endloop
endfacet
facet normal -0.9999999999999999 -8.953940087221871e-15 0.0
  outer loop
    vertex 1.2561258699861348e-11 -456.0000000000054 5.000000000000181
    vertex 1.212811184814199e-11 -370.000000000006 105.00000000000014
    vertex 1.212811184814199e-11 -370.000000000006 5.000000000000181
  endloop
endfacet
facet normal -0.8448535652497211 0.5349976198870752 0.0
  outer loop
    vertex 6.74121550790317 -347.7771906792216 105.00000000000014
    vertex 5.6908555999942125 -349.43589023227673 5.000000000000181
    vertex 5.6908555999942125 -349.43589023227673 105.00000000000014
  endloop
endfacet
facet normal -0.8448535652497211 0.5349976198870752 0.0
  outer loop
    vertex 5.6908555999942125 -349.43589023227673 5.000000000000181
    vertex 6.74121550790317 -347.7771906792216 105.00000000000014
    vertex 6.74121550790317 -347.7771906792216 5.000000000000181
  endloop
endfacet
facet normal 0.38268343236505736 -0.9238795325113002 1.273242472274526e-18
  outer loop
    vertex 30.68251437631438 -335.22667025359965 96.5000000000006
    vertex 22.0000000000051 -338.823085463766 13.499999999999744
    vertex 30.68251437631438 -335.22667025359965 13.499999999999744
  endloop
endfacet
facet normal 0.38268343236505736 -0.9238795325113002 1.273242472274526e-18
  outer loop
    vertex 22.0000000000051 -338.823085463766 13.499999999999744
    vertex 30.68251437631438 -335.22667025359965 96.5000000000006
    vertex 22.0000000000051 -338.823085463766 96.5000000000006
  endloop
endfacet
facet normal -0.9924795345989705 0.12241067519710366 0.0
  outer loop
    vertex 0.4329396014153485 -364.1307810217918 105.00000000000014
    vertex 0.19261093312298375 -366.07931438682374 5.000000000000181
    vertex 0.19261093312298375 -366.07931438682374 105.00000000000014
  endloop
endfacet
facet normal -0.9924795345989705 0.12241067519710366 0.0
  outer loop
    vertex 0.19261093312298375 -366.07931438682374 5.000000000000181
    vertex 0.4329396014153485 -364.1307810217918 105.00000000000014
    vertex 0.4329396014153485 -364.1307810217918 5.000000000000181
  endloop
endfacet
facet normal -0.02454122852277849 -0.9996988186962076 0.0
  outer loop
    vertex 40.0000000000046 -496.00000000000585 105.00000000000014
    vertex 38.03729302690802 -495.95181824821304 5.000000000000181
    vertex 40.0000000000046 -496.00000000000585 5.000000000000181
  endloop
endfacet
facet normal -0.02454122852277849 -0.9996988186962076 0.0
  outer loop
    vertex 38.03729302690802 -495.95181824821304 5.000000000000181
    vertex 40.0000000000046 -496.00000000000585 105.00000000000014
    vertex 38.03729302690802 -495.95181824821304 105.00000000000014
  endloop
endfacet
facet normal 0.7933533402912402 0.6087614290087141 -9.002633130015955e-31
  outer loop
    vertex 8.823085463765192 -474.00000000000597 13.499999999994978
    vertex 14.544155877289386 -481.45584412272177 96.50000000000531
    vertex 14.544155877289386 -481.45584412272177 13.499999999994978
  endloop
endfacet
facet normal 0.7933533402912402 0.6087614290087141 -9.002633130015955e-31
  outer loop
    vertex 14.544155877289386 -481.45584412272177 96.50000000000531
    vertex 8.823085463765192 -474.00000000000597 13.499999999994978
    vertex 8.823085463765192 -474.00000000000597 96.50000000000531
  endloop
endfacet
facet normal -0.4496113296546494 0.8932243011954938 -1.3965278734144834e-30
  outer loop
    vertex 21.144130526964982 -334.7231494260719 105.00000000000014
    vertex 22.89779626279338 -333.84042827506835 5.0000000000001625
    vertex 21.144130526964982 -334.7231494260719 5.0000000000001625
  endloop
endfacet
facet normal -0.4496113296546494 0.8932243011954938 -1.3965278734144834e-30
  outer loop
    vertex 22.89779626279338 -333.84042827506835 5.0000000000001625
    vertex 21.144130526964982 -334.7231494260719 105.00000000000014
    vertex 22.89779626279338 -333.84042827506835 105.00000000000014
  endloop
endfacet
facet normal 0.9238795325112875 -0.382683432365088 -9.33606817409834e-31
  outer loop
    vertex 8.823085463765192 -352.000000000006 13.499999999999744
    vertex 5.226670253598593 -360.6825143763151 96.5000000000006
    vertex 5.226670253598593 -360.6825143763151 13.499999999999744
  endloop
endfacet
facet normal 0.9238795325112875 -0.382683432365088 -9.33606817409834e-31
  outer loop
    vertex 5.226670253598593 -360.6825143763151 96.5000000000006
    vertex 8.823085463765192 -352.000000000006 13.499999999999744
    vertex 8.823085463765192 -352.000000000006 96.5000000000006
  endloop
endfacet
facet normal -0.4928981922297345 0.8700869911087394 -6.801767113548076e-31
  outer loop
    vertex 19.43589023227591 -335.6908555999952 105.00000000000014
    vertex 21.144130526964982 -334.7231494260719 5.0000000000001625
    vertex 19.43589023227591 -335.6908555999952 5.0000000000001625
  endloop
endfacet
facet normal -0.4928981922297345 0.8700869911087394 -6.801767113548076e-31
  outer loop
    vertex 21.144130526964982 -334.7231494260719 5.0000000000001625
    vertex 19.43589023227591 -335.6908555999952 105.00000000000014
    vertex 21.144130526964982 -334.7231494260719 105.00000000000014
  endloop
endfacet
facet normal -0.9996988186961142 -0.024541228526580014 0.0
  outer loop
    vertex 1.2561258699861348e-11 -456.0000000000054 105.00000000000014
    vertex 0.04818175181362903 -457.9627069731019 5.000000000000181
    vertex 0.04818175181362903 -457.9627069731019 105.00000000000014
  endloop
endfacet
facet normal -0.9996988186961142 -0.024541228526580014 0.0
  outer loop
    vertex 0.04818175181362903 -457.9627069731019 5.000000000000181
    vertex 1.2561258699861348e-11 -456.0000000000054 105.00000000000014
    vertex 1.2561258699861348e-11 -456.0000000000054 5.000000000000181
  endloop
endfacet
facet normal -0.6152315905807381 -0.7883464276265195 0.0
  outer loop
    vertex 16.172027820307726 -488.12830125923136 105.00000000000014
    vertex 14.624268633459273 -486.920418134515 5.000000000000181
    vertex 16.172027820307726 -488.12830125923136 5.000000000000181
  endloop
endfacet
facet normal -0.6152315905807381 -0.7883464276265195 0.0
  outer loop
    vertex 14.624268633459273 -486.920418134515 5.000000000000181
    vertex 16.172027820307726 -488.12830125923136 105.00000000000014
    vertex 14.624268633459273 -486.920418134515 105.00000000000014
  endloop
endfacet
facet normal -0.21910124015696222 -0.9757021300385077 0.0
  outer loop
    vertex 32.1963871193598 -495.2314112161348 105.00000000000014
    vertex 30.28079280387435 -494.8012501277873 5.000000000000181
    vertex 32.1963871193598 -495.2314112161348 5.000000000000181
  endloop
endfacet
facet normal -0.21910124015696222 -0.9757021300385077 0.0
  outer loop
    vertex 30.28079280387435 -494.8012501277873 5.000000000000181
    vertex 32.1963871193598 -495.2314112161348 105.00000000000014
    vertex 30.28079280387435 -494.8012501277873 105.00000000000014
  endloop
endfacet
facet normal -0.893224301195612 -0.4496113296544143 0.0
  outer loop
    vertex 3.8404282750671492 -473.1022037372175 105.00000000000014
    vertex 4.723149426070238 -474.85586947304625 5.000000000000181
    vertex 4.723149426070238 -474.85586947304625 105.00000000000014
  endloop
endfacet
facet normal -0.893224301195612 -0.4496113296544143 0.0
  outer loop
    vertex 4.723149426070238 -474.85586947304625 5.000000000000181
    vertex 3.8404282750671492 -473.1022037372175 105.00000000000014
    vertex 3.8404282750671492 -473.1022037372175 5.000000000000181
  endloop
endfacet
facet normal 0.13052619222006007 -0.9914448613738094 -4.12334843783352e-19
  outer loop
    vertex 40.00000000000488 -334.00000000000614 96.50000000000063
    vertex 30.68251437631438 -335.22667025359965 13.499999999999744
    vertex 40.00000000000488 -334.00000000000614 13.499999999999671
  endloop
endfacet
facet normal 0.13052619222006007 -0.9914448613738094 -4.12334843783352e-19
  outer loop
    vertex 30.68251437631438 -335.22667025359965 13.499999999999744
    vertex 40.00000000000488 -334.00000000000614 96.50000000000063
    vertex 30.68251437631438 -335.22667025359965 96.5000000000006
  endloop
endfacet
facet normal -0.12241067519933412 0.9924795345986956 0.0
  outer loop
    vertex 34.130781021790646 -330.4329396014148 105.00000000000014
    vertex 36.079314386822446 -330.192610933118 5.000000000000181
    vertex 34.130781021790646 -330.4329396014148 5.000000000000181
  endloop
endfacet
facet normal -0.12241067519933412 0.9924795345986956 0.0
  outer loop
    vertex 36.079314386822446 -330.192610933118 5.000000000000181
    vertex 34.130781021790646 -330.4329396014148 105.00000000000014
    vertex 36.079314386822446 -330.192610933118 105.00000000000014
  endloop
endfacet
facet normal -0.8700869911087394 -0.4928981922297345 0.0
  outer loop
    vertex 4.723149426070238 -474.85586947304625 105.00000000000014
    vertex 5.69085559999349 -476.56410976773526 5.000000000000181
    vertex 5.69085559999349 -476.56410976773526 105.00000000000014
  endloop
endfacet
facet normal -0.8700869911087394 -0.4928981922297345 0.0
  outer loop
    vertex 5.69085559999349 -476.56410976773526 5.000000000000181
    vertex 4.723149426070238 -474.85586947304625 105.00000000000014
    vertex 4.723149426070238 -474.85586947304625 5.000000000000181
  endloop
endfacet
facet normal 0.7933533402912313 -0.6087614290087258 2.63959994854856e-18
  outer loop
    vertex 14.544155877289386 -344.5441558772902 13.499999999999744
    vertex 8.823085463765192 -352.000000000006 96.5000000000006
    vertex 8.823085463765192 -352.000000000006 13.499999999999744
  endloop
endfacet
facet normal 0.7933533402912313 -0.6087614290087258 2.63959994854856e-18
  outer loop
    vertex 8.823085463765192 -352.000000000006 96.5000000000006
    vertex 14.544155877289386 -344.5441558772902 13.499999999999744
    vertex 14.544155877289386 -344.5441558772902 96.5000000000006
  endloop
endfacet
facet normal -0.9495281805931027 0.3136817403986913 0.0
  outer loop
    vertex 2.338237392683995 -356.524405864317 105.00000000000014
    vertex 1.7223865707166786 -358.388612909828 5.000000000000181
    vertex 1.7223865707166786 -358.388612909828 105.00000000000014
  endloop
endfacet
facet normal -0.9495281805931027 0.3136817403986913 0.0
  outer loop
    vertex 1.7223865707166786 -358.388612909828 5.000000000000181
    vertex 2.338237392683995 -356.524405864317 105.00000000000014
    vertex 2.338237392683995 -356.524405864317 5.000000000000181
  endloop
endfacet
facet normal 0.6087614290087191 0.7933533402912363 2.639599948546449e-18
  outer loop
    vertex 14.544155877289386 -481.45584412272177 96.50000000000531
    vertex 22.0000000000051 -487.176914536246 13.499999999994978
    vertex 14.544155877289386 -481.45584412272177 13.499999999994978
  endloop
endfacet
facet normal 0.6087614290087191 0.7933533402912363 2.639599948546449e-18
  outer loop
    vertex 22.0000000000051 -487.176914536246 13.499999999994978
    vertex 14.544155877289386 -481.45584412272177 96.50000000000531
    vertex 22.0000000000051 -487.176914536246 96.50000000000531
  endloop
endfacet
facet normal -0.4496113296560205 -0.8932243011948037 0.0
  outer loop
    vertex 22.897796262794248 -492.1595717249418 105.00000000000014
    vertex 21.144130526967437 -491.27685057393575 5.000000000000181
    vertex 22.897796262794248 -492.1595717249418 5.000000000000181
  endloop
endfacet
facet normal -0.4496113296560205 -0.8932243011948037 0.0
  outer loop
    vertex 21.144130526967437 -491.27685057393575 5.000000000000181
    vertex 22.897796262794248 -492.1595717249418 105.00000000000014
    vertex 21.144130526967437 -491.27685057393575 105.00000000000014
  endloop
endfacet
facet normal 0.9914448613738079 -0.1305261922200705 -7.894253698203385e-31
  outer loop
    vertex 5.226670253598593 -360.6825143763151 13.499999999999744
    vertex 4.000000000005008 -370.000000000006 96.5000000000006
    vertex 4.000000000005008 -370.000000000006 13.499999999999744
  endloop
endfacet
facet normal 0.9914448613738079 -0.1305261922200705 -7.894253698203385e-31
  outer loop
    vertex 4.000000000005008 -370.000000000006 96.5000000000006
    vertex 5.226670253598593 -360.6825143763151 13.499999999999744
    vertex 5.226670253598593 -360.6825143763151 96.5000000000006
  endloop
endfacet
facet normal -0.31368174039848457 -0.949528180593171 0.0
  outer loop
    vertex 28.388612909826563 -494.27761342929335 105.00000000000014
    vertex 26.524405864315845 -493.661762607327 5.000000000000181
    vertex 28.388612909826563 -494.27761342929335 5.000000000000181
  endloop
endfacet
facet normal -0.31368174039848457 -0.949528180593171 0.0
  outer loop
    vertex 26.524405864315845 -493.661762607327 5.000000000000181
    vertex 28.388612909826563 -494.27761342929335 105.00000000000014
    vertex 26.524405864315845 -493.661762607327 105.00000000000014
  endloop
endfacet
facet normal -0.6895405447370642 0.7242470829514693 0.0
  outer loop
    vertex 11.715728752543152 -341.71572875254395 105.00000000000014
    vertex 13.137641806124353 -340.36195498580753 5.000000000000181
    vertex 11.715728752543152 -341.71572875254395 5.000000000000181
  endloop
endfacet
facet normal -0.6895405447370642 0.7242470829514693 0.0
  outer loop
    vertex 13.137641806124353 -340.36195498580753 5.000000000000181
    vertex 11.715728752543152 -341.71572875254395 105.00000000000014
    vertex 13.137641806124353 -340.36195498580753 105.00000000000014
  endloop
endfacet
facet normal 0.9999999999999999 2.7981062772568264e-15 -1.0583902948671616e-45
  outer loop
    vertex 4.000000000005008 -370.000000000006 13.499999999999744
    vertex 4.000000000005008 -456.000000000006 96.50000000000531
    vertex 4.000000000005008 -456.000000000006 13.499999999994978
  endloop
endfacet
facet normal 0.9999999999999999 2.7981062772568264e-15 -1.0583902948671616e-45
  outer loop
    vertex 4.000000000005008 -456.000000000006 96.50000000000531
    vertex 4.000000000005008 -370.000000000006 13.499999999999744
    vertex 4.000000000005008 -370.000000000006 96.5000000000006
  endloop
endfacet
facet normal -0.4052413140054792 -0.9142097557033136 0.0
  outer loop
    vertex 24.692662705401442 -492.95518130045707 105.00000000000014
    vertex 22.897796262794248 -492.1595717249418 5.000000000000181
    vertex 24.692662705401442 -492.95518130045707 5.000000000000181
  endloop
endfacet
facet normal -0.4052413140054792 -0.9142097557033136 0.0
  outer loop
    vertex 22.897796262794248 -492.1595717249418 5.000000000000181
    vertex 24.692662705401442 -492.95518130045707 105.00000000000014
    vertex 22.897796262794248 -492.1595717249418 105.00000000000014
  endloop
endfacet
facet normal -0.3136817403989553 0.9495281805930156 0.0
  outer loop
    vertex 26.52440586431599 -332.3382373926854 105.00000000000014
    vertex 28.38861290982613 -331.7223865707178 5.000000000000181
    vertex 26.52440586431599 -332.3382373926854 5.000000000000181
  endloop
endfacet
facet normal -0.3136817403989553 0.9495281805930156 0.0
  outer loop
    vertex 28.38861290982613 -331.7223865707178 5.000000000000181
    vertex 26.52440586431599 -332.3382373926854 105.00000000000014
    vertex 28.38861290982613 -331.7223865707178 105.00000000000014
  endloop
endfacet
facet normal -0.4928981922291782 -0.8700869911090546 0.0
  outer loop
    vertex 21.144130526967437 -491.27685057393575 105.00000000000014
    vertex 19.435890232277792 -490.30914440001425 5.000000000000181
    vertex 21.144130526967437 -491.27685057393575 5.000000000000181
  endloop
endfacet
facet normal -0.4928981922291782 -0.8700869911090546 0.0
  outer loop
    vertex 19.435890232277792 -490.30914440001425 5.000000000000181
    vertex 21.144130526967437 -491.27685057393575 105.00000000000014
    vertex 19.435890232277792 -490.30914440001425 105.00000000000014
  endloop
endfacet
facet normal -0.9996988186961653 0.024541228524497614 0.0
  outer loop
    vertex 0.048181751808286884 -368.0372930269099 105.00000000000014
    vertex 1.212811184814199e-11 -370.000000000006 5.000000000000181
    vertex 1.212811184814199e-11 -370.000000000006 105.00000000000014
  endloop
endfacet
facet normal -0.9996988186961653 0.024541228524497614 0.0
  outer loop
    vertex 1.212811184814199e-11 -370.000000000006 5.000000000000181
    vertex 0.048181751808286884 -368.0372930269099 105.00000000000014
    vertex 0.048181751808286884 -368.0372930269099 5.000000000000181
  endloop
endfacet
facet normal -0.6152315905805887 0.788346427626636 0.0
  outer loop
    vertex 14.62426863345913 -339.07958186549666 105.00000000000014
    vertex 16.17202782030787 -337.8716987407803 5.000000000000181
    vertex 14.62426863345913 -339.07958186549666 5.000000000000181
  endloop
endfacet
facet normal -0.6152315905805887 0.788346427626636 0.0
  outer loop
    vertex 16.17202782030787 -337.8716987407803 5.000000000000181
    vertex 14.62426863345913 -339.07958186549666 105.00000000000014
    vertex 16.17202782030787 -337.8716987407803 105.00000000000014
  endloop
endfacet
facet normal -0.8932243011954938 0.4496113296546494 0.0
  outer loop
    vertex 4.72314942607096 -351.1441305269661 105.00000000000014
    vertex 3.8404282750674374 -352.8977962627945 5.000000000000181
    vertex 3.8404282750674374 -352.8977962627945 105.00000000000014
  endloop
endfacet
facet normal -0.8932243011954938 0.4496113296546494 0.0
  outer loop
    vertex 3.8404282750674374 -352.8977962627945 5.000000000000181
    vertex 4.72314942607096 -351.1441305269661 105.00000000000014
    vertex 4.72314942607096 -351.1441305269661 5.000000000000181
  endloop
endfacet
facet normal 0.0 0.0 -0.9999999999999999
  outer loop
    vertex 28.4762488676874 -490.268578006999 7.0000000000003935
    vertex 28.4762488676874 -491.30385418740894 7.0000000000003935
    vertex 28.408100520265524 -490.786216097204 7.0000000000003935
  endloop
endfacet
facet normal 0.0 0.0 -0.9999999999999999
  outer loop
    vertex 28.4762488676874 -491.30385418740894 7.0000000000003935
    vertex 28.4762488676874 -490.268578006999 7.0000000000003935
    vertex 28.67604971269674 -489.7862160972039 7.0000000000003935
  endloop
endfacet
facet normal 0.0 0.0 -0.9999999999999999
  outer loop
    vertex 28.4762488676874 -491.30385418740894 7.0000000000003935
    vertex 28.67604971269674 -489.7862160972039 7.0000000000003935
    vertex 28.67604971269674 -491.78621609720403 7.0000000000003935
  endloop
endfacet
facet normal 0.0 0.0 -0.9999999999999999
  outer loop
    vertex 28.67604971269674 -491.78621609720403 7.0000000000003935
    vertex 28.67604971269674 -489.7862160972039 7.0000000000003935
    vertex 28.993886957892382 -489.3720025348307 7.0000000000003935
  endloop
endfacet
facet normal 0.0 0.0 -0.9999999999999999
  outer loop
    vertex 28.67604971269674 -491.78621609720403 7.0000000000003935
    vertex 28.993886957892382 -489.3720025348307 7.0000000000003935
    vertex 28.777526356525495 -491.9184630341924 7.0000000000003935
  endloop
endfacet
facet normal 0.0 0.0 -0.9999999999999999
  outer loop
    vertex 28.777526356525495 -491.9184630341924 7.0000000000003935
    vertex 28.993886957892382 -489.3720025348307 7.0000000000003935
    vertex 28.993886957892382 -492.20042965957697 7.0000000000003935
  endloop
endfacet
facet normal 0.0 0.0 -0.9999999999999999
  outer loop
    vertex 28.993886957892382 -492.20042965957697 7.0000000000003935
    vertex 28.993886957892382 -489.3720025348307 7.0000000000003935
    vertex 29.408100520265585 -489.05416528963514 7.0000000000003935
  endloop
endfacet
facet normal 0.0 0.0 -0.9999999999999999
  outer loop
    vertex 28.993886957892382 -492.20042965957697 7.0000000000003935
    vertex 29.408100520265585 -489.05416528963514 7.0000000000003935
    vertex 29.408100520265585 -492.51826690477293 7.0000000000003935
  endloop
endfacet
facet normal 0.0 0.0 -0.9999999999999999
  outer loop
    vertex 29.408100520265585 -492.51826690477293 7.0000000000003935
    vertex 29.408100520265585 -489.05416528963514 7.0000000000003935
    vertex 29.43560615649262 -489.042772082068 7.0000000000003935
  endloop
endfacet
facet normal 0.0 0.0 -0.9999999999999999
  outer loop
    vertex 29.408100520265585 -492.51826690477293 7.0000000000003935
    vertex 29.43560615649262 -489.042772082068 7.0000000000003935
    vertex 29.890462430060648 -492.71806774978194 7.0000000000003935
  endloop
endfacet
facet normal 0.0 0.0 -0.9999999999999999
  outer loop
    vertex 29.890462430060648 -492.71806774978194 7.0000000000003935
    vertex 29.43560615649262 -489.042772082068 7.0000000000003935
    vertex 29.890462430060648 -488.85436444462573 7.0000000000003935
  endloop
endfacet
facet normal 0.0 0.0 -0.9999999999999999
  outer loop
    vertex 29.890462430060648 -492.71806774978194 7.0000000000003935
    vertex 29.890462430060648 -488.85436444462573 7.0000000000003935
    vertex 30.408100520265656 -488.7862160972039 7.0000000000003935
  endloop
endfacet
facet normal 0.0 0.0 -0.9999999999999999
  outer loop
    vertex 29.890462430060648 -492.71806774978194 7.0000000000003935
    vertex 30.408100520265656 -488.7862160972039 7.0000000000003935
    vertex 30.408100520265656 -492.7862160972038 7.0000000000003935
  endloop
endfacet
facet normal 0.0 0.0 -0.9999999999999999
  outer loop
    vertex 30.408100520265656 -492.7862160972038 7.0000000000003935
    vertex 30.408100520265656 -488.7862160972039 7.0000000000003935
    vertex 30.92573861047064 -488.85436444462573 7.0000000000003935
  endloop
endfacet
facet normal 0.0 0.0 -0.9999999999999999
  outer loop
    vertex 30.408100520265656 -492.7862160972038 7.0000000000003935
    vertex 30.92573861047064 -488.85436444462573 7.0000000000003935
    vertex 30.92573861047064 -492.71806774978194 7.0000000000003935
  endloop
endfacet
facet normal 0.0 0.0 -0.9999999999999999
  outer loop
    vertex 30.92573861047064 -492.71806774978194 7.0000000000003935
    vertex 30.92573861047064 -488.85436444462573 7.0000000000003935
    vertex 31.408100520265428 -489.05416528963514 7.0000000000003935
  endloop
endfacet
facet normal 0.0 0.0 -0.9999999999999999
  outer loop
    vertex 30.92573861047064 -492.71806774978194 7.0000000000003935
    vertex 31.408100520265428 -489.05416528963514 7.0000000000003935
    vertex 31.38059488403869 -492.5296601123397 7.0000000000003935
  endloop
endfacet
facet normal 0.0 0.0 -0.9999999999999999
  outer loop
    vertex 31.38059488403869 -492.5296601123397 7.0000000000003935
    vertex 31.408100520265428 -489.05416528963514 7.0000000000003935
    vertex 31.408100520265705 -492.51826690477293 7.0000000000003935
  endloop
endfacet
facet normal 0.0 0.0 -0.9999999999999999
  outer loop
    vertex 31.408100520265705 -492.51826690477293 7.0000000000003935
    vertex 31.408100520265428 -489.05416528963514 7.0000000000003935
    vertex 31.82231408263862 -489.3720025348307 7.0000000000003935
  endloop
endfacet
facet normal 0.0 0.0 -0.9999999999999999
  outer loop
    vertex 31.408100520265705 -492.51826690477293 7.0000000000003935
    vertex 31.82231408263862 -489.3720025348307 7.0000000000003935
    vertex 31.82231408263862 -492.20042965957697 7.0000000000003935
  endloop
endfacet
facet normal 0.0 0.0 -0.9999999999999999
  outer loop
    vertex 31.82231408263862 -492.20042965957697 7.0000000000003935
    vertex 31.82231408263862 -489.3720025348307 7.0000000000003935
    vertex 32.03867468400581 -489.6539691602155 7.0000000000003935
  endloop
endfacet
facet normal 0.0 0.0 -0.9999999999999999
  outer loop
    vertex 31.82231408263862 -492.20042965957697 7.0000000000003935
    vertex 32.03867468400581 -489.6539691602155 7.0000000000003935
    vertex 32.140151327834566 -491.78621609720375 7.0000000000003935
  endloop
endfacet
facet normal 0.0 0.0 -0.9999999999999999
  outer loop
    vertex 32.140151327834566 -491.78621609720375 7.0000000000003935
    vertex 32.03867468400581 -489.6539691602155 7.0000000000003935
    vertex 32.140151327834566 -489.7862160972039 7.0000000000003935
  endloop
endfacet
facet normal 0.0 0.0 -0.9999999999999999
  outer loop
    vertex 32.140151327834566 -491.78621609720375 7.0000000000003935
    vertex 32.140151327834566 -489.7862160972039 7.0000000000003935
    vertex 32.33995217284361 -490.268578006999 7.0000000000003935
  endloop
endfacet
facet normal 0.0 0.0 -0.9999999999999999
  outer loop
    vertex 32.140151327834566 -491.78621609720375 7.0000000000003935
    vertex 32.33995217284361 -490.268578006999 7.0000000000003935
    vertex 32.33995217284361 -491.30385418740894 7.0000000000003935
  endloop
endfacet
facet normal 0.0 0.0 -0.9999999999999999
  outer loop
    vertex 32.33995217284361 -491.30385418740894 7.0000000000003935
    vertex 32.33995217284361 -490.268578006999 7.0000000000003935
    vertex 32.40810052026548 -490.786216097204 7.0000000000003935
  endloop
endfacet
facet normal -0.5758081914178869 0.8175848131515544 5.251504125610313e-31
  outer loop
    vertex 16.17202782030787 -337.8716987407803 5.000000000000181
    vertex 17.777190679221015 -336.7412155079042 105.00000000000014
    vertex 17.777190679221015 -336.7412155079042 5.0000000000001625
  endloop
endfacet
facet normal -0.5758081914178869 0.8175848131515544 5.251504125610313e-31
  outer loop
    vertex 17.777190679221015 -336.7412155079042 105.00000000000014
    vertex 16.17202782030787 -337.8716987407803 5.000000000000181
    vertex 16.17202782030787 -337.8716987407803 105.00000000000014
  endloop
endfacet
facet normal 0.38268343236613295 0.9238795325108545 1.3547678088870856e-14
  outer loop
    vertex 1.858349534308579 -413.6495190528441 14.999999999999927
    vertex 2.039235250481692 -413.7244443697226 5.000000000000181
    vertex 1.858349534308579 -413.64951905284374 5.000000000000181
  endloop
endfacet
facet normal 0.38268343236613295 0.9238795325108545 1.3547678088870856e-14
  outer loop
    vertex 2.039235250481692 -413.7244443697226 5.000000000000181
    vertex 1.858349534308579 -413.6495190528441 14.999999999999927
    vertex 2.039235250481692 -413.7244443697226 14.999999999999945
  endloop
endfacet
facet normal -0.3813146732284514 -0.9205750556395086 -0.08450258525628021
  outer loop
    vertex 31.408100520265428 -489.05416528963514 7.0000000000003935
    vertex 30.970016182578195 -488.6891182958831 5.000000000000181
    vertex 31.493638221114303 -488.90600964580227 5.000000000000181
  endloop
endfacet
facet normal -0.3813146732284514 -0.9205750556395086 -0.08450258525628021
  outer loop
    vertex 30.970016182578195 -488.6891182958831 5.000000000000181
    vertex 31.408100520265428 -489.05416528963514 7.0000000000003935
    vertex 30.92573861047064 -488.85436444462573 7.0000000000003935
  endloop
endfacet
facet normal 0.3826834323662992 -0.9238795325107857 -1.566132304041577e-14
  outer loop
    vertex 43.88177899009423 -493.04220609599616 14.99999999999998
    vertex 43.700893273921146 -493.1171314128747 5.000000000000181
    vertex 43.88177899009411 -493.0422060959959 5.000000000000181
  endloop
endfacet
facet normal 0.3826834323662992 -0.9238795325107857 -1.566132304041577e-14
  outer loop
    vertex 43.700893273921146 -493.1171314128747 5.000000000000181
    vertex 43.88177899009423 -493.04220609599616 14.99999999999998
    vertex 43.700893273921146 -493.1171314128747 14.99999999999998
  endloop
endfacet
facet normal -0.6065840476600668 -0.79051572167119 -0.08450258525635489
  outer loop
    vertex 31.82231408263862 -333.3720025348311 7.0000000000003935
    vertex 31.493638221114438 -332.90600964580227 5.000000000000181
    vertex 31.943282659273308 -333.2510339581963 5.000000000000181
  endloop
endfacet
facet normal -0.6065840476600668 -0.79051572167119 -0.08450258525635489
  outer loop
    vertex 31.493638221114438 -332.90600964580227 5.000000000000181
    vertex 31.82231408263862 -333.3720025348311 7.0000000000003935
    vertex 31.408100520265428 -333.05416528963514 7.0000000000003935
  endloop
endfacet
facet normal -0.6065840476596897 -0.7905157216714821 -0.08450258525632977
  outer loop
    vertex 31.82231408263862 -489.3720025348307 7.0000000000003935
    vertex 31.493638221114303 -488.90600964580227 5.000000000000181
    vertex 31.94328265927403 -489.2510339581965 5.000000000000181
  endloop
endfacet
facet normal -0.6065840476596897 -0.7905157216714821 -0.08450258525632977
  outer loop
    vertex 31.493638221114303 -488.90600964580227 5.000000000000181
    vertex 31.82231408263862 -489.3720025348307 7.0000000000003935
    vertex 31.408100520265428 -489.05416528963514 7.0000000000003935
  endloop
endfacet
facet normal 0.9238795325111298 -0.38268343236546865 3.8952037543360696e-14
  outer loop
    vertex 1.5838304814705815 -412.62500000000597 5.000000000000181
    vertex 1.5089051645917195 -412.80588571617875 14.999999999999927
    vertex 1.5089051645921525 -412.80588571617903 5.000000000000181
  endloop
endfacet
facet normal 0.9238795325111298 -0.38268343236546865 3.8952037543360696e-14
  outer loop
    vertex 1.5089051645917195 -412.80588571617875 14.999999999999927
    vertex 1.5838304814705815 -412.62500000000597 5.000000000000181
    vertex 1.5838304814702926 -412.62500000000597 14.999999999999927
  endloop
endfacet
facet normal 0.6065840476599125 -0.790515721671322 -0.08450258525622775
  outer loop
    vertex 29.408100520265585 -489.05416528963514 7.0000000000003935
    vertex 28.87291838125756 -489.2510339581965 5.000000000000181
    vertex 29.322562819416426 -488.90600964580256 5.000000000000181
  endloop
endfacet
facet normal 0.6065840476599125 -0.790515721671322 -0.08450258525622775
  outer loop
    vertex 28.87291838125756 -489.2510339581965 5.000000000000181
    vertex 29.408100520265585 -489.05416528963514 7.0000000000003935
    vertex 28.993886957892382 -489.3720025348307 7.0000000000003935
  endloop
endfacet
facet normal -0.1305261922193959 0.9914448613738968 1.209275947276395e-14
  outer loop
    vertex 2.233349534308637 -413.7500000000055 14.999999999999945
    vertex 2.4274638181355823 -413.72444436972233 5.000000000000181
    vertex 2.2333495343087812 -413.7500000000055 5.000000000000181
  endloop
endfacet
facet normal -0.1305261922193959 0.9914448613738968 1.209275947276395e-14
  outer loop
    vertex 2.4274638181355823 -413.72444436972233 5.000000000000181
    vertex 2.233349534308637 -413.7500000000055 14.999999999999945
    vertex 2.427463818135438 -413.7244443697226 14.999999999999945
  endloop
endfacet
facet normal -0.3813146732278837 0.9205750556397373 -0.08450258525635136
  outer loop
    vertex 30.92573861047064 -492.71806774978194 7.0000000000003935
    vertex 31.49363822111414 -492.666422548606 5.000000000000181
    vertex 30.970016182578508 -492.8833138985246 5.000000000000181
  endloop
endfacet
facet normal -0.3813146732278837 0.9205750556397373 -0.08450258525635136
  outer loop
    vertex 31.49363822111414 -492.666422548606 5.000000000000181
    vertex 30.92573861047064 -492.71806774978194 7.0000000000003935
    vertex 31.408100520265705 -492.51826690477293 7.0000000000003935
  endloop
endfacet
facet normal -0.3813146732278837 0.9205750556397373 -0.08450258525635136
  outer loop
    vertex 31.408100520265705 -492.51826690477293 7.0000000000003935
    vertex 30.92573861047064 -492.71806774978194 7.0000000000003935
    vertex 31.38059488403869 -492.5296601123397 7.0000000000003935
  endloop
endfacet
facet normal 0.9205750556394575 0.38131467322858104 -0.08450258525625338
  outer loop
    vertex 28.311002718944717 -491.3481317595169 5.000000000000181
    vertex 28.67604971269674 -491.78621609720403 7.0000000000003935
    vertex 28.527894068864324 -491.8717537980534 5.000000000000181
  endloop
endfacet
facet normal 0.9205750556394575 0.38131467322858104 -0.08450258525625338
  outer loop
    vertex 28.67604971269674 -491.78621609720403 7.0000000000003935
    vertex 28.311002718944717 -491.3481317595169 5.000000000000181
    vertex 28.4762488676874 -491.30385418740894 7.0000000000003935
  endloop
endfacet
facet normal -0.130526192220789 -0.9914448613737135 -4.3795806562007945e-14
  outer loop
    vertex 44.270007557748 -493.0422060959959 14.99999999999998
    vertex 44.075893273921174 -493.0166504657121 5.000000000000181
    vertex 44.27000755774812 -493.04220609599565 5.000000000000181
  endloop
endfacet
facet normal -0.130526192220789 -0.9914448613737135 -4.3795806562007945e-14
  outer loop
    vertex 44.075893273921174 -493.0166504657121 5.000000000000181
    vertex 44.270007557748 -493.0422060959959 14.99999999999998
    vertex 44.075893273921174 -493.01665046571276 14.99999999999998
  endloop
endfacet
facet normal 0.7933533402905324 -0.6087614290096365 -8.754834578627033e-15
  outer loop
    vertex 43.42637422108286 -493.3916504657125 5.000000000000181
    vertex 43.54556318803123 -493.2363203798231 14.99999999999998
    vertex 43.42637422108286 -493.39165046571276 14.99999999999998
  endloop
endfacet
facet normal 0.7933533402905324 -0.6087614290096365 -8.754834578627033e-15
  outer loop
    vertex 43.54556318803123 -493.2363203798231 14.99999999999998
    vertex 43.42637422108286 -493.3916504657125 5.000000000000181
    vertex 43.54556318803123 -493.2363203798231 5.000000000000181
  endloop
endfacet
facet normal 0.9238795325110843 0.38268343236557817 2.7952274304371824e-14
  outer loop
    vertex 1.5089051645920084 -413.1941142838326 5.000000000000181
    vertex 1.5838304814702926 -413.3750000000058 14.999999999999927
    vertex 1.5838304814707258 -413.3750000000061 5.000000000000181
  endloop
endfacet
facet normal 0.9238795325110843 0.38268343236557817 2.7952274304371824e-14
  outer loop
    vertex 1.5838304814702926 -413.3750000000058 14.999999999999927
    vertex 1.5089051645920084 -413.1941142838326 5.000000000000181
    vertex 1.5089051645917195 -413.1941142838326 14.999999999999927
  endloop
endfacet
facet normal 0.38268343236630076 0.9238795325107851 3.182273661471467e-14
  outer loop
    vertex 43.700893273921146 -494.4161695185511 14.999999999999945
    vertex 43.88177899009396 -494.4910948354294 5.000000000000181
    vertex 43.70089327392099 -494.4161695185506 5.000000000000181
  endloop
endfacet
facet normal 0.38268343236630076 0.9238795325107851 3.182273661471467e-14
  outer loop
    vertex 43.88177899009396 -494.4910948354294 5.000000000000181
    vertex 43.700893273921146 -494.4161695185511 14.999999999999945
    vertex 43.88177899009423 -494.49109483542975 14.999999999999945
  endloop
endfacet
facet normal 0.9914448613738179 0.1305261922199943 -1.481335618521271e-14
  outer loop
    vertex 43.325893273921075 -493.7666504657128 5.000000000000181
    vertex 43.351448904204425 -493.9607647495398 14.999999999999961
    vertex 43.35144890420412 -493.96076474954003 5.000000000000181
  endloop
endfacet
facet normal 0.9914448613738179 0.1305261922199943 -1.481335618521271e-14
  outer loop
    vertex 43.351448904204425 -493.9607647495398 14.999999999999961
    vertex 43.325893273921075 -493.7666504657128 5.000000000000181
    vertex 43.325893273921075 -493.7666504657131 14.999999999999961
  endloop
endfacet
facet normal -0.6087614290085696 0.7933533402913512 -4.0393949710656417e-14
  outer loop
    vertex 2.6083495343085517 -413.6495190528441 14.999999999999945
    vertex 2.7636796201987535 -413.53033008589597 5.000000000000181
    vertex 2.6083495343088408 -413.64951905284437 5.000000000000181
  endloop
endfacet
facet normal -0.6087614290085696 0.7933533402913512 -4.0393949710656417e-14
  outer loop
    vertex 2.7636796201987535 -413.53033008589597 5.000000000000181
    vertex 2.6083495343085517 -413.6495190528441 14.999999999999945
    vertex 2.763679620198466 -413.5303300858957 14.999999999999961
  endloop
endfacet
facet normal -0.13005933396831293 -0.9878987208882904 -0.08450258525630228
  outer loop
    vertex 30.92573861047064 -488.85436444462573 7.0000000000003935
    vertex 30.408100520265357 -488.6151406955061 5.000000000000181
    vertex 30.970016182578195 -488.6891182958831 5.000000000000181
  endloop
endfacet
facet normal -0.13005933396831293 -0.9878987208882904 -0.08450258525630228
  outer loop
    vertex 30.408100520265357 -488.6151406955061 5.000000000000181
    vertex 30.92573861047064 -488.85436444462573 7.0000000000003935
    vertex 30.408100520265656 -488.7862160972039 7.0000000000003935
  endloop
endfacet
facet normal -0.9878987208882724 -0.13005933396840763 -0.08450258525636772
  outer loop
    vertex 32.33995217284361 -490.268578006999 7.0000000000003935
    vertex 32.579175921963355 -490.786216097204 5.000000000000181
    vertex 32.40810052026548 -490.786216097204 7.0000000000003935
  endloop
endfacet
facet normal -0.9878987208882724 -0.13005933396840763 -0.08450258525636772
  outer loop
    vertex 32.579175921963355 -490.786216097204 5.000000000000181
    vertex 32.33995217284361 -490.268578006999 7.0000000000003935
    vertex 32.50519832158629 -490.2243004348909 5.000000000000181
  endloop
endfacet
facet normal -0.9878987208882761 0.13005933396841124 -0.08450258525631625
  outer loop
    vertex 32.33995217284361 -335.30385418740894 7.0000000000003935
    vertex 32.57917592196322 -334.78621609720426 5.000000000000181
    vertex 32.50519832158616 -335.3481317595174 5.000000000000181
  endloop
endfacet
facet normal -0.9878987208882761 0.13005933396841124 -0.08450258525631625
  outer loop
    vertex 32.57917592196322 -334.78621609720426 5.000000000000181
    vertex 32.33995217284361 -335.30385418740894 7.0000000000003935
    vertex 32.40810052026548 -334.78621609720403 7.0000000000003935
  endloop
endfacet
facet normal -0.7933533402913517 0.6087614290085687 -4.041391646646143e-14
  outer loop
    vertex 2.763679620198466 -413.5303300858957 14.999999999999961
    vertex 2.882868587147127 -413.3750000000061 5.000000000000181
    vertex 2.7636796201987535 -413.53033008589597 5.000000000000181
  endloop
endfacet
facet normal -0.7933533402913517 0.6087614290085687 -4.041391646646143e-14
  outer loop
    vertex 2.882868587147127 -413.3750000000061 5.000000000000181
    vertex 2.763679620198466 -413.5303300858957 14.999999999999961
    vertex 2.882868587146838 -413.3750000000058 14.999999999999961
  endloop
endfacet
facet normal 0.6065840476601132 0.790515721671185 -0.084502585256069
  outer loop
    vertex 28.993886957892382 -492.20042965957697 7.0000000000003935
    vertex 29.322562819416735 -492.6664225486051 5.000000000000181
    vertex 28.87291838125756 -492.3213982362109 5.000000000000181
  endloop
endfacet
facet normal 0.6065840476601132 0.790515721671185 -0.084502585256069
  outer loop
    vertex 29.322562819416735 -492.6664225486051 5.000000000000181
    vertex 28.993886957892382 -492.20042965957697 7.0000000000003935
    vertex 29.408100520265585 -492.51826690477293 7.0000000000003935
  endloop
endfacet
facet normal 0.13005933396878222 -0.9878987208882359 -0.0845025852562166
  outer loop
    vertex 30.408100520265656 -488.7862160972039 7.0000000000003935
    vertex 29.846184857951947 -488.6891182958836 5.000000000000181
    vertex 30.408100520265357 -488.6151406955061 5.000000000000181
  endloop
endfacet
facet normal 0.13005933396878222 -0.9878987208882359 -0.0845025852562166
  outer loop
    vertex 29.846184857951947 -488.6891182958836 5.000000000000181
    vertex 30.408100520265656 -488.7862160972039 7.0000000000003935
    vertex 29.890462430060648 -488.85436444462573 7.0000000000003935
  endloop
endfacet
facet normal 0.13052619221854492 0.9914448613740088 9.431389843518778e-16
  outer loop
    vertex 2.039235250481692 -413.7244443697226 14.999999999999945
    vertex 2.2333495343087812 -413.7500000000055 5.000000000000181
    vertex 2.039235250481692 -413.7244443697226 5.000000000000181
  endloop
endfacet
facet normal 0.13052619221854492 0.9914448613740088 9.431389843518778e-16
  outer loop
    vertex 2.2333495343087812 -413.7500000000055 5.000000000000181
    vertex 2.039235250481692 -413.7244443697226 14.999999999999945
    vertex 2.233349534308637 -413.7500000000055 14.999999999999945
  endloop
endfacet
facet normal 0.38131467322827434 -0.9205750556395896 -0.08450258525619798
  outer loop
    vertex 29.890462430060648 -488.85436444462573 7.0000000000003935
    vertex 29.322562819416426 -488.90600964580256 5.000000000000181
    vertex 29.846184857951947 -488.6891182958836 5.000000000000181
  endloop
endfacet
facet normal 0.38131467322827434 -0.9205750556395896 -0.08450258525619798
  outer loop
    vertex 29.322562819416426 -488.90600964580256 5.000000000000181
    vertex 29.890462430060648 -488.85436444462573 7.0000000000003935
    vertex 29.408100520265585 -489.05416528963514 7.0000000000003935
  endloop
endfacet
facet normal 0.38131467322827434 -0.9205750556395896 -0.08450258525619798
  outer loop
    vertex 29.408100520265585 -489.05416528963514 7.0000000000003935
    vertex 29.890462430060648 -488.85436444462573 7.0000000000003935
    vertex 29.43560615649262 -489.042772082068 7.0000000000003935
  endloop
endfacet
facet normal -0.3813146732280523 0.9205750556396739 -0.08450258525628272
  outer loop
    vertex 30.92573861047064 -336.71806774978194 7.0000000000003935
    vertex 31.493638221114303 -336.6664225486057 5.000000000000181
    vertex 30.970016182578195 -336.8833138985249 5.000000000000181
  endloop
endfacet
facet normal -0.3813146732280523 0.9205750556396739 -0.08450258525628272
  outer loop
    vertex 31.493638221114303 -336.6664225486057 5.000000000000181
    vertex 30.92573861047064 -336.71806774978194 7.0000000000003935
    vertex 31.408100520265705 -336.5182669047729 7.0000000000003935
  endloop
endfacet
facet normal -0.3813146732280523 0.9205750556396739 -0.08450258525628272
  outer loop
    vertex 31.408100520265705 -336.5182669047729 7.0000000000003935
    vertex 30.92573861047064 -336.71806774978194 7.0000000000003935
    vertex 31.38059488403869 -336.52966011234 7.0000000000003935
  endloop
endfacet
facet normal 0.9878987208882827 0.13005933396835195 -0.0845025852563318
  outer loop
    vertex 28.23702511856779 -490.78621609720426 5.000000000000181
    vertex 28.4762488676874 -491.30385418740894 7.0000000000003935
    vertex 28.311002718944717 -491.3481317595169 5.000000000000181
  endloop
endfacet
facet normal 0.9878987208882827 0.13005933396835195 -0.0845025852563318
  outer loop
    vertex 28.4762488676874 -491.30385418740894 7.0000000000003935
    vertex 28.23702511856779 -490.78621609720426 5.000000000000181
    vertex 28.408100520265524 -490.786216097204 7.0000000000003935
  endloop
endfacet
facet normal 0.38131467322828244 -0.9205750556395721 -0.08450258525635267
  outer loop
    vertex 29.890462430060648 -332.854364444626 7.0000000000003935
    vertex 29.322562819416873 -332.90600964580227 5.000000000000181
    vertex 29.846184857952533 -332.689118295883 5.000000000000181
  endloop
endfacet
facet normal 0.38131467322828244 -0.9205750556395721 -0.08450258525635267
  outer loop
    vertex 29.322562819416873 -332.90600964580227 5.000000000000181
    vertex 29.890462430060648 -332.854364444626 7.0000000000003935
    vertex 29.408100520265585 -333.05416528963514 7.0000000000003935
  endloop
endfacet
facet normal 0.38131467322828244 -0.9205750556395721 -0.08450258525635267
  outer loop
    vertex 29.408100520265585 -333.05416528963514 7.0000000000003935
    vertex 29.890462430060648 -332.854364444626 7.0000000000003935
    vertex 29.43560615649262 -333.04277208206804 7.0000000000003935
  endloop
endfacet
facet normal -0.7905157216709093 -0.6065840476604357 -0.08450258525633274
  outer loop
    vertex 32.03867468400581 -333.65396916021547 7.0000000000003935
    vertex 32.28830697166769 -333.7006783963553 5.000000000000181
    vertex 32.140151327834566 -333.7862160972039 7.0000000000003935
  endloop
endfacet
facet normal -0.7905157216709093 -0.6065840476604357 -0.08450258525633274
  outer loop
    vertex 32.28830697166769 -333.7006783963553 5.000000000000181
    vertex 32.03867468400581 -333.65396916021547 7.0000000000003935
    vertex 31.943282659273308 -333.2510339581963 5.000000000000181
  endloop
endfacet
facet normal -0.7905157216709093 -0.6065840476604357 -0.08450258525633274
  outer loop
    vertex 31.943282659273308 -333.2510339581963 5.000000000000181
    vertex 32.03867468400581 -333.65396916021547 7.0000000000003935
    vertex 31.82231408263862 -333.3720025348311 7.0000000000003935
  endloop
endfacet
facet normal 0.7905157216711102 0.6065840476601913 -0.08450258525620816
  outer loop
    vertex 28.527894068864324 -491.8717537980534 5.000000000000181
    vertex 28.993886957892382 -492.20042965957697 7.0000000000003935
    vertex 28.87291838125756 -492.3213982362109 5.000000000000181
  endloop
endfacet
facet normal 0.7905157216711102 0.6065840476601913 -0.08450258525620816
  outer loop
    vertex 28.993886957892382 -492.20042965957697 7.0000000000003935
    vertex 28.527894068864324 -491.8717537980534 5.000000000000181
    vertex 28.777526356525495 -491.9184630341924 7.0000000000003935
  endloop
endfacet
facet normal 0.7905157216711102 0.6065840476601913 -0.08450258525620816
  outer loop
    vertex 28.777526356525495 -491.9184630341924 7.0000000000003935
    vertex 28.527894068864324 -491.8717537980534 5.000000000000181
    vertex 28.67604971269674 -491.78621609720403 7.0000000000003935
  endloop
endfacet
facet normal 0.7905157216713034 0.6065840476599341 -0.08450258525624686
  outer loop
    vertex 28.527894068864047 -335.87175379805285 5.000000000000181
    vertex 28.993886957892382 -336.2004296595769 7.0000000000003935
    vertex 28.87291838125787 -336.32139823621173 5.000000000000181
  endloop
endfacet
facet normal 0.7905157216713034 0.6065840476599341 -0.08450258525624686
  outer loop
    vertex 28.993886957892382 -336.2004296595769 7.0000000000003935
    vertex 28.527894068864047 -335.87175379805285 5.000000000000181
    vertex 28.777526356525495 -335.9184630341925 7.0000000000003935
  endloop
endfacet
facet normal 0.7905157216713034 0.6065840476599341 -0.08450258525624686
  outer loop
    vertex 28.777526356525495 -335.9184630341925 7.0000000000003935
    vertex 28.527894068864047 -335.87175379805285 5.000000000000181
    vertex 28.67604971269674 -335.78621609720403 7.0000000000003935
  endloop
endfacet
facet normal 0.9878987208882775 -0.13005933396842922 -0.0845025852562744
  outer loop
    vertex 28.31100271894488 -490.2243004348912 5.000000000000181
    vertex 28.408100520265524 -490.786216097204 7.0000000000003935
    vertex 28.23702511856779 -490.78621609720426 5.000000000000181
  endloop
endfacet
facet normal 0.9878987208882775 -0.13005933396842922 -0.0845025852562744
  outer loop
    vertex 28.408100520265524 -490.786216097204 7.0000000000003935
    vertex 28.31100271894488 -490.2243004348912 5.000000000000181
    vertex 28.4762488676874 -490.268578006999 7.0000000000003935
  endloop
endfacet
facet normal -0.7905157216714999 0.6065840476596595 -0.08450258525637833
  outer loop
    vertex 31.82231408263862 -492.20042965957697 7.0000000000003935
    vertex 32.288306971667126 -491.87175379805274 5.000000000000181
    vertex 31.94328265927373 -492.3213982362118 5.000000000000181
  endloop
endfacet
facet normal -0.7905157216714999 0.6065840476596595 -0.08450258525637833
  outer loop
    vertex 32.288306971667126 -491.87175379805274 5.000000000000181
    vertex 31.82231408263862 -492.20042965957697 7.0000000000003935
    vertex 32.140151327834566 -491.78621609720375 7.0000000000003935
  endloop
endfacet
facet normal -0.9205750556398498 -0.38131467322758905 -0.08450258525645453
  outer loop
    vertex 32.140151327834566 -489.7862160972039 7.0000000000003935
    vertex 32.50519832158629 -490.2243004348909 5.000000000000181
    vertex 32.33995217284361 -490.268578006999 7.0000000000003935
  endloop
endfacet
facet normal -0.9205750556398498 -0.38131467322758905 -0.08450258525645453
  outer loop
    vertex 32.50519832158629 -490.2243004348909 5.000000000000181
    vertex 32.140151327834566 -489.7862160972039 7.0000000000003935
    vertex 32.288306971667986 -489.7006783963552 5.000000000000181
  endloop
endfacet
facet normal -0.7905157216711733 0.6065840476600868 -0.08450258525636639
  outer loop
    vertex 31.82231408263862 -336.2004296595769 7.0000000000003935
    vertex 32.288306971667396 -335.87175379805285 5.000000000000181
    vertex 31.94328265927358 -336.32139823621173 5.000000000000181
  endloop
endfacet
facet normal -0.7905157216711733 0.6065840476600868 -0.08450258525636639
  outer loop
    vertex 32.288306971667396 -335.87175379805285 5.000000000000181
    vertex 31.82231408263862 -336.2004296595769 7.0000000000003935
    vertex 32.140151327834566 -335.78621609720403 7.0000000000003935
  endloop
endfacet
facet normal 0.9878987208882969 -0.1300593339682998 -0.08450258525624516
  outer loop
    vertex 28.31100271894488 -334.2243004348911 5.000000000000181
    vertex 28.408100520265524 -334.78621609720403 7.0000000000003935
    vertex 28.237025118567953 -334.78621609720403 5.000000000000181
  endloop
endfacet
facet normal 0.9878987208882969 -0.1300593339682998 -0.08450258525624516
  outer loop
    vertex 28.408100520265524 -334.78621609720403 7.0000000000003935
    vertex 28.31100271894488 -334.2243004348911 5.000000000000181
    vertex 28.4762488676874 -334.26857800699895 7.0000000000003935
  endloop
endfacet
facet normal 0.1300593339682596 0.9878987208882948 -0.08450258525633435
  outer loop
    vertex 29.890462430060648 -492.71806774978194 7.0000000000003935
    vertex 30.408100520265656 -492.95729149890155 5.000000000000181
    vertex 29.84618485795237 -492.8833138985246 5.000000000000181
  endloop
endfacet
facet normal 0.1300593339682596 0.9878987208882948 -0.08450258525633435
  outer loop
    vertex 30.408100520265656 -492.95729149890155 5.000000000000181
    vertex 29.890462430060648 -492.71806774978194 7.0000000000003935
    vertex 30.408100520265656 -492.7862160972038 7.0000000000003935
  endloop
endfacet
facet normal 0.3813146732285389 0.9205750556394784 -0.08450258525621462
  outer loop
    vertex 29.408100520265585 -492.51826690477293 7.0000000000003935
    vertex 29.84618485795237 -492.8833138985246 5.000000000000181
    vertex 29.322562819416735 -492.6664225486051 5.000000000000181
  endloop
endfacet
facet normal 0.3813146732285389 0.9205750556394784 -0.08450258525621462
  outer loop
    vertex 29.84618485795237 -492.8833138985246 5.000000000000181
    vertex 29.408100520265585 -492.51826690477293 7.0000000000003935
    vertex 29.890462430060648 -492.71806774978194 7.0000000000003935
  endloop
endfacet
facet normal -0.3813146732283916 -0.9205750556395229 -0.08450258525639533
  outer loop
    vertex 31.408100520265428 -333.05416528963514 7.0000000000003935
    vertex 30.970016182578508 -332.689118295883 5.000000000000181
    vertex 31.493638221114438 -332.90600964580227 5.000000000000181
  endloop
endfacet
facet normal -0.3813146732283916 -0.9205750556395229 -0.08450258525639533
  outer loop
    vertex 30.970016182578508 -332.689118295883 5.000000000000181
    vertex 31.408100520265428 -333.05416528963514 7.0000000000003935
    vertex 30.92573861047064 -332.854364444626 7.0000000000003935
  endloop
endfacet
facet normal -0.13005933396831382 0.9878987208882888 -0.08450258525632089
  outer loop
    vertex 30.408100520265656 -492.7862160972038 7.0000000000003935
    vertex 30.970016182578508 -492.8833138985246 5.000000000000181
    vertex 30.408100520265656 -492.95729149890155 5.000000000000181
  endloop
endfacet
facet normal -0.13005933396831382 0.9878987208882888 -0.08450258525632089
  outer loop
    vertex 30.970016182578508 -492.8833138985246 5.000000000000181
    vertex 30.408100520265656 -492.7862160972038 7.0000000000003935
    vertex 30.92573861047064 -492.71806774978194 7.0000000000003935
  endloop
endfacet
facet normal -0.6065840476600258 0.7905157216712179 -0.08450258525638951
  outer loop
    vertex 31.408100520265705 -492.51826690477293 7.0000000000003935
    vertex 31.94328265927373 -492.3213982362118 5.000000000000181
    vertex 31.49363822111414 -492.666422548606 5.000000000000181
  endloop
endfacet
facet normal -0.6065840476600258 0.7905157216712179 -0.08450258525638951
  outer loop
    vertex 31.94328265927373 -492.3213982362118 5.000000000000181
    vertex 31.408100520265705 -492.51826690477293 7.0000000000003935
    vertex 31.82231408263862 -492.20042965957697 7.0000000000003935
  endloop
endfacet
facet normal -0.7905157216711276 -0.6065840476601323 -0.08450258525646863
  outer loop
    vertex 32.03867468400581 -489.6539691602155 7.0000000000003935
    vertex 32.288306971667986 -489.7006783963552 5.000000000000181
    vertex 32.140151327834566 -489.7862160972039 7.0000000000003935
  endloop
endfacet
facet normal -0.7905157216711276 -0.6065840476601323 -0.08450258525646863
  outer loop
    vertex 32.288306971667986 -489.7006783963552 5.000000000000181
    vertex 32.03867468400581 -489.6539691602155 7.0000000000003935
    vertex 31.94328265927403 -489.2510339581965 5.000000000000181
  endloop
endfacet
facet normal -0.7905157216711276 -0.6065840476601323 -0.08450258525646863
  outer loop
    vertex 31.94328265927403 -489.2510339581965 5.000000000000181
    vertex 32.03867468400581 -489.6539691602155 7.0000000000003935
    vertex 31.82231408263862 -489.3720025348307 7.0000000000003935
  endloop
endfacet
facet normal 0.9205750556396584 -0.38131467322808094 -0.0845025852563217
  outer loop
    vertex 28.31100271894488 -490.2243004348912 5.000000000000181
    vertex 28.67604971269674 -489.7862160972039 7.0000000000003935
    vertex 28.4762488676874 -490.268578006999 7.0000000000003935
  endloop
endfacet
facet normal 0.9205750556396584 -0.38131467322808094 -0.0845025852563217
  outer loop
    vertex 28.67604971269674 -489.7862160972039 7.0000000000003935
    vertex 28.31100271894488 -490.2243004348912 5.000000000000181
    vertex 28.52789406886375 -489.70067839635493 5.000000000000181
  endloop
endfacet
facet normal 0.38131467322847334 0.9205750556394903 -0.08450258525638035
  outer loop
    vertex 29.408100520265585 -336.5182669047729 7.0000000000003935
    vertex 29.84618485795237 -336.8833138985249 5.000000000000181
    vertex 29.322562819417147 -336.6664225486057 5.000000000000181
  endloop
endfacet
facet normal 0.38131467322847334 0.9205750556394903 -0.08450258525638035
  outer loop
    vertex 29.84618485795237 -336.8833138985249 5.000000000000181
    vertex 29.408100520265585 -336.5182669047729 7.0000000000003935
    vertex 29.890462430060648 -336.71806774978194 7.0000000000003935
  endloop
endfacet
facet normal -0.9205750556395719 0.3813146732283023 -0.08450258525626342
  outer loop
    vertex 32.140151327834566 -491.78621609720375 7.0000000000003935
    vertex 32.50519832158643 -491.3481317595165 5.000000000000181
    vertex 32.288306971667126 -491.87175379805274 5.000000000000181
  endloop
endfacet
facet normal -0.9205750556395719 0.3813146732283023 -0.08450258525626342
  outer loop
    vertex 32.50519832158643 -491.3481317595165 5.000000000000181
    vertex 32.140151327834566 -491.78621609720375 7.0000000000003935
    vertex 32.33995217284361 -491.30385418740894 7.0000000000003935
  endloop
endfacet
facet normal 0.7905157216712364 -0.6065840476600113 -0.08450258525632004
  outer loop
    vertex 28.52789406886375 -489.70067839635493 5.000000000000181
    vertex 28.993886957892382 -489.3720025348307 7.0000000000003935
    vertex 28.67604971269674 -489.7862160972039 7.0000000000003935
  endloop
endfacet
facet normal 0.7905157216712364 -0.6065840476600113 -0.08450258525632004
  outer loop
    vertex 28.993886957892382 -489.3720025348307 7.0000000000003935
    vertex 28.52789406886375 -489.70067839635493 5.000000000000181
    vertex 28.87291838125756 -489.2510339581965 5.000000000000181
  endloop
endfacet
facet normal -0.6065840476599954 0.7905157216712468 -0.08450258525633447
  outer loop
    vertex 31.408100520265705 -336.5182669047729 7.0000000000003935
    vertex 31.94328265927358 -336.32139823621173 5.000000000000181
    vertex 31.493638221114303 -336.6664225486057 5.000000000000181
  endloop
endfacet
facet normal -0.6065840476599954 0.7905157216712468 -0.08450258525633447
  outer loop
    vertex 31.94328265927358 -336.32139823621173 5.000000000000181
    vertex 31.408100520265705 -336.5182669047729 7.0000000000003935
    vertex 31.82231408263862 -336.2004296595769 7.0000000000003935
  endloop
endfacet
facet normal 0.9205750556394692 0.38131467322854884 -0.08450258525627195
  outer loop
    vertex 28.311002718944717 -335.3481317595169 5.000000000000181
    vertex 28.67604971269674 -335.78621609720403 7.0000000000003935
    vertex 28.527894068864047 -335.87175379805285 5.000000000000181
  endloop
endfacet
facet normal 0.9205750556394692 0.38131467322854884 -0.08450258525627195
  outer loop
    vertex 28.67604971269674 -335.78621609720403 7.0000000000003935
    vertex 28.311002718944717 -335.3481317595169 5.000000000000181
    vertex 28.4762488676874 -335.30385418740894 7.0000000000003935
  endloop
endfacet
facet normal 0.6065840476598784 0.7905157216713464 -0.08450258525624364
  outer loop
    vertex 28.993886957892382 -336.2004296595769 7.0000000000003935
    vertex 29.322562819417147 -336.6664225486057 5.000000000000181
    vertex 28.87291838125787 -336.32139823621173 5.000000000000181
  endloop
endfacet
facet normal 0.6065840476598784 0.7905157216713464 -0.08450258525624364
  outer loop
    vertex 29.322562819417147 -336.6664225486057 5.000000000000181
    vertex 28.993886957892382 -336.2004296595769 7.0000000000003935
    vertex 29.408100520265585 -336.5182669047729 7.0000000000003935
  endloop
endfacet
facet normal -0.9205750556396886 -0.38131467322798623 -0.08450258525641809
  outer loop
    vertex 32.140151327834566 -333.7862160972039 7.0000000000003935
    vertex 32.50519832158657 -334.2243004348911 5.000000000000181
    vertex 32.33995217284361 -334.26857800699895 7.0000000000003935
  endloop
endfacet
facet normal -0.9205750556396886 -0.38131467322798623 -0.08450258525641809
  outer loop
    vertex 32.50519832158657 -334.2243004348911 5.000000000000181
    vertex 32.140151327834566 -333.7862160972039 7.0000000000003935
    vertex 32.28830697166769 -333.7006783963553 5.000000000000181
  endloop
endfacet
facet normal 0.13005933396834016 -0.9878987208882709 -0.08450258525648875
  outer loop
    vertex 30.408100520265656 -332.78621609720415 7.0000000000003935
    vertex 29.846184857952533 -332.689118295883 5.000000000000181
    vertex 30.408100520265357 -332.6151406955061 5.000000000000181
  endloop
endfacet
facet normal 0.13005933396834016 -0.9878987208882709 -0.08450258525648875
  outer loop
    vertex 29.846184857952533 -332.689118295883 5.000000000000181
    vertex 30.408100520265656 -332.78621609720415 7.0000000000003935
    vertex 29.890462430060648 -332.854364444626 7.0000000000003935
  endloop
endfacet
facet normal -0.9878987208882789 0.1300593339683462 -0.08450258525638367
  outer loop
    vertex 32.33995217284361 -491.30385418740894 7.0000000000003935
    vertex 32.579175921963355 -490.786216097204 5.000000000000181
    vertex 32.50519832158643 -491.3481317595165 5.000000000000181
  endloop
endfacet
facet normal -0.9878987208882789 0.1300593339683462 -0.08450258525638367
  outer loop
    vertex 32.579175921963355 -490.786216097204 5.000000000000181
    vertex 32.33995217284361 -491.30385418740894 7.0000000000003935
    vertex 32.40810052026548 -490.786216097204 7.0000000000003935
  endloop
endfacet
facet normal -0.1300593339683764 0.9878987208882684 -0.08450258525646111
  outer loop
    vertex 30.408100520265656 -336.7862160972038 7.0000000000003935
    vertex 30.970016182578195 -336.8833138985249 5.000000000000181
    vertex 30.408100520265656 -336.95729149890184 5.000000000000181
  endloop
endfacet
facet normal -0.1300593339683764 0.9878987208882684 -0.08450258525646111
  outer loop
    vertex 30.970016182578195 -336.8833138985249 5.000000000000181
    vertex 30.408100520265656 -336.7862160972038 7.0000000000003935
    vertex 30.92573861047064 -336.71806774978194 7.0000000000003935
  endloop
endfacet
facet normal 0.9205750556396102 -0.38131467322820467 -0.08450258525628791
  outer loop
    vertex 28.31100271894488 -334.2243004348911 5.000000000000181
    vertex 28.67604971269674 -333.7862160972039 7.0000000000003935
    vertex 28.4762488676874 -334.26857800699895 7.0000000000003935
  endloop
endfacet
facet normal 0.9205750556396102 -0.38131467322820467 -0.08450258525628791
  outer loop
    vertex 28.67604971269674 -333.7862160972039 7.0000000000003935
    vertex 28.31100271894488 -334.2243004348911 5.000000000000181
    vertex 28.52789406886375 -333.7006783963553 5.000000000000181
  endloop
endfacet
facet normal 0.0 0.0 -0.9999999999999999
  outer loop
    vertex 28.4762488676874 -334.26857800699895 7.0000000000003935
    vertex 28.4762488676874 -335.30385418740894 7.0000000000003935
    vertex 28.408100520265524 -334.78621609720403 7.0000000000003935
  endloop
endfacet
facet normal 0.0 0.0 -0.9999999999999999
  outer loop
    vertex 28.4762488676874 -335.30385418740894 7.0000000000003935
    vertex 28.4762488676874 -334.26857800699895 7.0000000000003935
    vertex 28.67604971269674 -333.7862160972039 7.0000000000003935
  endloop
endfacet
facet normal 0.0 0.0 -0.9999999999999999
  outer loop
    vertex 28.4762488676874 -335.30385418740894 7.0000000000003935
    vertex 28.67604971269674 -333.7862160972039 7.0000000000003935
    vertex 28.67604971269674 -335.78621609720403 7.0000000000003935
  endloop
endfacet
facet normal 0.0 0.0 -0.9999999999999999
  outer loop
    vertex 28.67604971269674 -335.78621609720403 7.0000000000003935
    vertex 28.67604971269674 -333.7862160972039 7.0000000000003935
    vertex 28.993886957892382 -333.3720025348311 7.0000000000003935
  endloop
endfacet
facet normal 0.0 0.0 -0.9999999999999999
  outer loop
    vertex 28.67604971269674 -335.78621609720403 7.0000000000003935
    vertex 28.993886957892382 -333.3720025348311 7.0000000000003935
    vertex 28.777526356525495 -335.9184630341925 7.0000000000003935
  endloop
endfacet
facet normal 0.0 0.0 -0.9999999999999999
  outer loop
    vertex 28.777526356525495 -335.9184630341925 7.0000000000003935
    vertex 28.993886957892382 -333.3720025348311 7.0000000000003935
    vertex 28.993886957892382 -336.2004296595769 7.0000000000003935
  endloop
endfacet
facet normal 0.0 0.0 -0.9999999999999999
  outer loop
    vertex 28.993886957892382 -336.2004296595769 7.0000000000003935
    vertex 28.993886957892382 -333.3720025348311 7.0000000000003935
    vertex 29.408100520265585 -333.05416528963514 7.0000000000003935
  endloop
endfacet
facet normal 0.0 0.0 -0.9999999999999999
  outer loop
    vertex 28.993886957892382 -336.2004296595769 7.0000000000003935
    vertex 29.408100520265585 -333.05416528963514 7.0000000000003935
    vertex 29.408100520265585 -336.5182669047729 7.0000000000003935
  endloop
endfacet
facet normal 0.0 0.0 -0.9999999999999999
  outer loop
    vertex 29.408100520265585 -336.5182669047729 7.0000000000003935
    vertex 29.408100520265585 -333.05416528963514 7.0000000000003935
    vertex 29.43560615649262 -333.04277208206804 7.0000000000003935
  endloop
endfacet
facet normal 0.0 0.0 -0.9999999999999999
  outer loop
    vertex 29.408100520265585 -336.5182669047729 7.0000000000003935
    vertex 29.43560615649262 -333.04277208206804 7.0000000000003935
    vertex 29.890462430060648 -336.71806774978194 7.0000000000003935
  endloop
endfacet
facet normal 0.0 0.0 -0.9999999999999999
  outer loop
    vertex 29.890462430060648 -336.71806774978194 7.0000000000003935
    vertex 29.43560615649262 -333.04277208206804 7.0000000000003935
    vertex 29.890462430060648 -332.854364444626 7.0000000000003935
  endloop
endfacet
facet normal 0.0 0.0 -0.9999999999999999
  outer loop
    vertex 29.890462430060648 -336.71806774978194 7.0000000000003935
    vertex 29.890462430060648 -332.854364444626 7.0000000000003935
    vertex 30.408100520265656 -332.78621609720415 7.0000000000003935
  endloop
endfacet
facet normal 0.0 0.0 -0.9999999999999999
  outer loop
    vertex 29.890462430060648 -336.71806774978194 7.0000000000003935
    vertex 30.408100520265656 -332.78621609720415 7.0000000000003935
    vertex 30.408100520265656 -336.7862160972038 7.0000000000003935
  endloop
endfacet
facet normal 0.0 0.0 -0.9999999999999999
  outer loop
    vertex 30.408100520265656 -336.7862160972038 7.0000000000003935
    vertex 30.408100520265656 -332.78621609720415 7.0000000000003935
    vertex 30.92573861047064 -332.854364444626 7.0000000000003935
  endloop
endfacet
facet normal 0.0 0.0 -0.9999999999999999
  outer loop
    vertex 30.408100520265656 -336.7862160972038 7.0000000000003935
    vertex 30.92573861047064 -332.854364444626 7.0000000000003935
    vertex 30.92573861047064 -336.71806774978194 7.0000000000003935
  endloop
endfacet
facet normal 0.0 0.0 -0.9999999999999999
  outer loop
    vertex 30.92573861047064 -336.71806774978194 7.0000000000003935
    vertex 30.92573861047064 -332.854364444626 7.0000000000003935
    vertex 31.408100520265428 -333.05416528963514 7.0000000000003935
  endloop
endfacet
facet normal 0.0 0.0 -0.9999999999999999
  outer loop
    vertex 30.92573861047064 -336.71806774978194 7.0000000000003935
    vertex 31.408100520265428 -333.05416528963514 7.0000000000003935
    vertex 31.38059488403869 -336.52966011234 7.0000000000003935
  endloop
endfacet
facet normal 0.0 0.0 -0.9999999999999999
  outer loop
    vertex 31.38059488403869 -336.52966011234 7.0000000000003935
    vertex 31.408100520265428 -333.05416528963514 7.0000000000003935
    vertex 31.408100520265705 -336.5182669047729 7.0000000000003935
  endloop
endfacet
facet normal 0.0 0.0 -0.9999999999999999
  outer loop
    vertex 31.408100520265705 -336.5182669047729 7.0000000000003935
    vertex 31.408100520265428 -333.05416528963514 7.0000000000003935
    vertex 31.82231408263862 -333.3720025348311 7.0000000000003935
  endloop
endfacet
facet normal 0.0 0.0 -0.9999999999999999
  outer loop
    vertex 31.408100520265705 -336.5182669047729 7.0000000000003935
    vertex 31.82231408263862 -333.3720025348311 7.0000000000003935
    vertex 31.82231408263862 -336.2004296595769 7.0000000000003935
  endloop
endfacet
facet normal 0.0 0.0 -0.9999999999999999
  outer loop
    vertex 31.82231408263862 -336.2004296595769 7.0000000000003935
    vertex 31.82231408263862 -333.3720025348311 7.0000000000003935
    vertex 32.03867468400581 -333.65396916021547 7.0000000000003935
  endloop
endfacet
facet normal 0.0 0.0 -0.9999999999999999
  outer loop
    vertex 31.82231408263862 -336.2004296595769 7.0000000000003935
    vertex 32.03867468400581 -333.65396916021547 7.0000000000003935
    vertex 32.140151327834566 -335.78621609720403 7.0000000000003935
  endloop
endfacet
facet normal 0.0 0.0 -0.9999999999999999
  outer loop
    vertex 32.140151327834566 -335.78621609720403 7.0000000000003935
    vertex 32.03867468400581 -333.65396916021547 7.0000000000003935
    vertex 32.140151327834566 -333.7862160972039 7.0000000000003935
  endloop
endfacet
facet normal 0.0 0.0 -0.9999999999999999
  outer loop
    vertex 32.140151327834566 -335.78621609720403 7.0000000000003935
    vertex 32.140151327834566 -333.7862160972039 7.0000000000003935
    vertex 32.33995217284361 -334.26857800699895 7.0000000000003935
  endloop
endfacet
facet normal 0.0 0.0 -0.9999999999999999
  outer loop
    vertex 32.140151327834566 -335.78621609720403 7.0000000000003935
    vertex 32.33995217284361 -334.26857800699895 7.0000000000003935
    vertex 32.33995217284361 -335.30385418740894 7.0000000000003935
  endloop
endfacet
facet normal 0.0 0.0 -0.9999999999999999
  outer loop
    vertex 32.33995217284361 -335.30385418740894 7.0000000000003935
    vertex 32.33995217284361 -334.26857800699895 7.0000000000003935
    vertex 32.40810052026548 -334.78621609720403 7.0000000000003935
  endloop
endfacet
facet normal 0.606584047659932 -0.7905157216712982 -0.08450258525630985
  outer loop
    vertex 29.408100520265585 -333.05416528963514 7.0000000000003935
    vertex 28.872918381257705 -333.2510339581963 5.000000000000181
    vertex 29.322562819416873 -332.90600964580227 5.000000000000181
  endloop
endfacet
facet normal 0.606584047659932 -0.7905157216712982 -0.08450258525630985
  outer loop
    vertex 28.872918381257705 -333.2510339581963 5.000000000000181
    vertex 29.408100520265585 -333.05416528963514 7.0000000000003935
    vertex 28.993886957892382 -333.3720025348311 7.0000000000003935
  endloop
endfacet
facet normal 0.13005933396828467 0.9878987208882785 -0.08450258525648442
  outer loop
    vertex 29.890462430060648 -336.71806774978194 7.0000000000003935
    vertex 30.408100520265656 -336.95729149890184 5.000000000000181
    vertex 29.84618485795237 -336.8833138985249 5.000000000000181
  endloop
endfacet
facet normal 0.13005933396828467 0.9878987208882785 -0.08450258525648442
  outer loop
    vertex 30.408100520265656 -336.95729149890184 5.000000000000181
    vertex 29.890462430060648 -336.71806774978194 7.0000000000003935
    vertex 30.408100520265656 -336.7862160972038 7.0000000000003935
  endloop
endfacet
facet normal 0.9878987208883103 0.13005933396817282 -0.08450258525628535
  outer loop
    vertex 28.237025118567953 -334.78621609720403 5.000000000000181
    vertex 28.4762488676874 -335.30385418740894 7.0000000000003935
    vertex 28.311002718944717 -335.3481317595169 5.000000000000181
  endloop
endfacet
facet normal 0.9878987208883103 0.13005933396817282 -0.08450258525628535
  outer loop
    vertex 28.4762488676874 -335.30385418740894 7.0000000000003935
    vertex 28.237025118567953 -334.78621609720403 5.000000000000181
    vertex 28.408100520265524 -334.78621609720403 7.0000000000003935
  endloop
endfacet
facet normal -0.9878987208883246 -0.13005933396799924 -0.08450258525638514
  outer loop
    vertex 32.40810052026548 -334.78621609720403 7.0000000000003935
    vertex 32.50519832158657 -334.2243004348911 5.000000000000181
    vertex 32.57917592196322 -334.78621609720426 5.000000000000181
  endloop
endfacet
facet normal -0.9878987208883246 -0.13005933396799924 -0.08450258525638514
  outer loop
    vertex 32.50519832158657 -334.2243004348911 5.000000000000181
    vertex 32.40810052026548 -334.78621609720403 7.0000000000003935
    vertex 32.33995217284361 -334.26857800699895 7.0000000000003935
  endloop
endfacet
facet normal -0.9205750556396803 0.38131467322802826 -0.08450258525631894
  outer loop
    vertex 32.140151327834566 -335.78621609720403 7.0000000000003935
    vertex 32.50519832158616 -335.3481317595174 5.000000000000181
    vertex 32.288306971667396 -335.87175379805285 5.000000000000181
  endloop
endfacet
facet normal -0.9205750556396803 0.38131467322802826 -0.08450258525631894
  outer loop
    vertex 32.50519832158616 -335.3481317595174 5.000000000000181
    vertex 32.140151327834566 -335.78621609720403 7.0000000000003935
    vertex 32.33995217284361 -335.30385418740894 7.0000000000003935
  endloop
endfacet
facet normal 0.7905157216712495 -0.6065840476599934 -0.084502585256324
  outer loop
    vertex 28.52789406886375 -333.7006783963553 5.000000000000181
    vertex 28.993886957892382 -333.3720025348311 7.0000000000003935
    vertex 28.67604971269674 -333.7862160972039 7.0000000000003935
  endloop
endfacet
facet normal 0.7905157216712495 -0.6065840476599934 -0.084502585256324
  outer loop
    vertex 28.993886957892382 -333.3720025348311 7.0000000000003935
    vertex 28.52789406886375 -333.7006783963553 5.000000000000181
    vertex 28.872918381257705 -333.2510339581963 5.000000000000181
  endloop
endfacet
facet normal -0.13005933396830288 -0.987898720888278 -0.08450258525646145
  outer loop
    vertex 30.92573861047064 -332.854364444626 7.0000000000003935
    vertex 30.408100520265357 -332.6151406955061 5.000000000000181
    vertex 30.970016182578508 -332.689118295883 5.000000000000181
  endloop
endfacet
facet normal -0.13005933396830288 -0.987898720888278 -0.08450258525646145
  outer loop
    vertex 30.408100520265357 -332.6151406955061 5.000000000000181
    vertex 30.92573861047064 -332.854364444626 7.0000000000003935
    vertex 30.408100520265656 -332.78621609720415 7.0000000000003935
  endloop
endfacet
facet normal 0.9914448613738086 -0.1305261922200649 -3.772738539384507e-15
  outer loop
    vertex 43.325893273921075 -493.7666504657128 5.000000000000181
    vertex 43.35144890420429 -493.57253618188616 14.999999999999961
    vertex 43.325893273921075 -493.7666504657131 14.999999999999961
  endloop
endfacet
facet normal 0.9914448613738086 -0.1305261922200649 -3.772738539384507e-15
  outer loop
    vertex 43.35144890420429 -493.57253618188616 14.999999999999961
    vertex 43.325893273921075 -493.7666504657128 5.000000000000181
    vertex 43.35144890420429 -493.5725361818859 5.000000000000181
  endloop
endfacet
facet normal -0.13052619221875028 0.9914448613739817 2.8659173644063875e-14
  outer loop
    vertex 44.075893273921174 -494.5166504657124 14.999999999999945
    vertex 44.27000755774785 -494.4910948354291 5.000000000000181
    vertex 44.07589327392133 -494.516650465712 5.000000000000181
  endloop
endfacet
facet normal -0.13052619221875028 0.9914448613739817 2.8659173644063875e-14
  outer loop
    vertex 44.27000755774785 -494.4910948354291 5.000000000000181
    vertex 44.075893273921174 -494.5166504657124 14.999999999999945
    vertex 44.270007557748 -494.4910948354294 14.999999999999945
  endloop
endfacet
facet normal -0.7933533402910242 0.6087614290089958 1.8245739315941905e-14
  outer loop
    vertex 44.725412326759376 -494.1416504657132 14.999999999999945
    vertex 44.60622335981087 -494.2969805516028 5.000000000000181
    vertex 44.60622335981103 -494.2969805516028 14.999999999999945
  endloop
endfacet
facet normal -0.7933533402910242 0.6087614290089958 1.8245739315941905e-14
  outer loop
    vertex 44.60622335981087 -494.2969805516028 5.000000000000181
    vertex 44.725412326759376 -494.1416504657132 14.999999999999945
    vertex 44.72541232675953 -494.1416504657126 5.000000000000181
  endloop
endfacet
facet normal -0.9238795325117958 -0.382683432363861 -1.103401851302271e-14
  outer loop
    vertex 44.725412326759376 -493.391650465713 14.999999999999961
    vertex 44.80033764363782 -493.57253618188645 5.000000000000181
    vertex 44.80033764363782 -493.57253618188645 14.999999999999961
  endloop
endfacet
facet normal -0.9238795325117958 -0.382683432363861 -1.103401851302271e-14
  outer loop
    vertex 44.80033764363782 -493.57253618188645 5.000000000000181
    vertex 44.725412326759376 -493.391650465713 14.999999999999961
    vertex 44.725412326759376 -493.3916504657125 5.000000000000181
  endloop
endfacet
facet normal -0.7933533402909321 -0.6087614290091157 -3.2796910900464715e-14
  outer loop
    vertex 44.60622335981087 -493.2363203798231 14.99999999999998
    vertex 44.725412326759376 -493.3916504657125 5.000000000000181
    vertex 44.725412326759376 -493.391650465713 14.999999999999961
  endloop
endfacet
facet normal -0.7933533402909321 -0.6087614290091157 -3.2796910900464715e-14
  outer loop
    vertex 44.725412326759376 -493.3916504657125 5.000000000000181
    vertex 44.60622335981087 -493.2363203798231 14.99999999999998
    vertex 44.60622335981103 -493.2363203798228 5.000000000000181
  endloop
endfacet
facet normal 0.9238795325114 -0.3826834323648165 -1.1984176059737982e-14
  outer loop
    vertex 43.42637422108286 -331.85834953429844 5.000000000000181
    vertex 43.351448904204425 -332.03923525047196 14.999999999999961
    vertex 43.35144890420429 -332.03923525047196 5.000000000000181
  endloop
endfacet
facet normal 0.9238795325114 -0.3826834323648165 -1.1984176059737982e-14
  outer loop
    vertex 43.351448904204425 -332.03923525047196 14.999999999999961
    vertex 43.42637422108286 -331.85834953429844 5.000000000000181
    vertex 43.42637422108297 -331.85834953429844 14.999999999999961
  endloop
endfacet
facet normal -0.9238795325113887 0.3826834323648437 9.791539003954253e-15
  outer loop
    vertex 44.80033764363782 -493.96076474954003 14.999999999999961
    vertex 44.72541232675953 -494.1416504657126 5.000000000000181
    vertex 44.725412326759376 -494.1416504657132 14.999999999999945
  endloop
endfacet
facet normal -0.9238795325113887 0.3826834323648437 9.791539003954253e-15
  outer loop
    vertex 44.72541232675953 -494.1416504657126 5.000000000000181
    vertex 44.80033764363782 -493.96076474954003 14.999999999999961
    vertex 44.80033764363782 -493.9607647495398 5.000000000000181
  endloop
endfacet
facet normal 0.923879532511326 -0.38268343236499514 -1.1033844317683403e-14
  outer loop
    vertex 43.35144890420429 -493.5725361818859 5.000000000000181
    vertex 43.42637422108286 -493.39165046571276 14.99999999999998
    vertex 43.35144890420429 -493.57253618188616 14.999999999999961
  endloop
endfacet
facet normal 0.923879532511326 -0.38268343236499514 -1.1033844317683403e-14
  outer loop
    vertex 43.42637422108286 -493.39165046571276 14.99999999999998
    vertex 43.35144890420429 -493.5725361818859 5.000000000000181
    vertex 43.42637422108286 -493.3916504657125 5.000000000000181
  endloop
endfacet
facet normal 0.13052619222216125 0.9914448613735326 7.230851876862135e-15
  outer loop
    vertex 43.88177899009411 -332.9577939040152 14.99999999999998
    vertex 44.075893273921174 -332.9833495342987 5.000000000000181
    vertex 43.88177899009383 -332.9577939040152 5.000000000000181
  endloop
endfacet
facet normal 0.13052619222216125 0.9914448613735326 7.230851876862135e-15
  outer loop
    vertex 44.075893273921174 -332.9833495342987 5.000000000000181
    vertex 43.88177899009411 -332.9577939040152 14.99999999999998
    vertex 44.07589327392133 -332.98334953429895 14.99999999999998
  endloop
endfacet
facet normal -0.9238795325112327 -0.3826834323652204 -6.5517545284493195e-15
  outer loop
    vertex 44.80033764363798 -332.0392352504716 14.999999999999961
    vertex 44.72541232675953 -331.85834953429844 5.000000000000181
    vertex 44.800337643638116 -332.03923525047196 5.000000000000181
  endloop
endfacet
facet normal -0.9238795325112327 -0.3826834323652204 -6.5517545284493195e-15
  outer loop
    vertex 44.72541232675953 -331.85834953429844 5.000000000000181
    vertex 44.80033764363798 -332.0392352504716 14.999999999999961
    vertex 44.725412326759376 -331.85834953429844 14.999999999999945
  endloop
endfacet
facet normal 0.6087614290085676 -0.7933533402913527 2.7746893380061913e-19
  outer loop
    vertex 43.700893273921146 -493.1171314128747 14.99999999999998
    vertex 43.54556318803123 -493.2363203798231 5.000000000000181
    vertex 43.700893273921146 -493.1171314128747 5.000000000000181
  endloop
endfacet
facet normal 0.6087614290085676 -0.7933533402913527 2.7746893380061913e-19
  outer loop
    vertex 43.54556318803123 -493.2363203798231 5.000000000000181
    vertex 43.700893273921146 -493.1171314128747 14.99999999999998
    vertex 43.54556318803123 -493.2363203798231 14.99999999999998
  endloop
endfacet
facet normal 0.793353340290283 0.6087614290099614 -2.3636930490093783e-14
  outer loop
    vertex 43.4263742210827 -494.1416504657135 5.000000000000181
    vertex 43.545563188031366 -494.2969805516028 14.999999999999945
    vertex 43.545563188031366 -494.2969805516028 5.000000000000181
  endloop
endfacet
facet normal 0.793353340290283 0.6087614290099614 -2.3636930490093783e-14
  outer loop
    vertex 43.545563188031366 -494.2969805516028 14.999999999999945
    vertex 43.4263742210827 -494.1416504657135 5.000000000000181
    vertex 43.42637422108286 -494.1416504657128 14.999999999999961
  endloop
endfacet
facet normal -0.991444861373816 0.13052619222000847 3.768173491055858e-15
  outer loop
    vertex 44.825893273921004 -493.7666504657131 14.999999999999961
    vertex 44.80033764363782 -493.9607647495398 5.000000000000181
    vertex 44.80033764363782 -493.96076474954003 14.999999999999961
  endloop
endfacet
facet normal -0.991444861373816 0.13052619222000847 3.768173491055858e-15
  outer loop
    vertex 44.80033764363782 -493.9607647495398 5.000000000000181
    vertex 44.825893273921004 -493.7666504657131 14.999999999999961
    vertex 44.825893273921004 -493.7666504657128 5.000000000000181
  endloop
endfacet
facet normal -0.3826834323634015 0.9238795325119862 1.9039489298692438e-14
  outer loop
    vertex 44.270007557748 -494.4910948354294 14.999999999999945
    vertex 44.45089327392109 -494.4161695185511 5.000000000000181
    vertex 44.27000755774785 -494.4910948354291 5.000000000000181
  endloop
endfacet
facet normal -0.3826834323634015 0.9238795325119862 1.9039489298692438e-14
  outer loop
    vertex 44.45089327392109 -494.4161695185511 5.000000000000181
    vertex 44.270007557748 -494.4910948354294 14.999999999999945
    vertex 44.450893273921245 -494.4161695185511 14.999999999999945
  endloop
endfacet
facet normal -0.991444861373872 -0.13052619221958348 -2.2930847990527497e-15
  outer loop
    vertex 44.82589327392116 -332.23334953429855 14.999999999999961
    vertex 44.800337643638116 -332.03923525047196 5.000000000000181
    vertex 44.82589327392116 -332.2333495342989 5.000000000000181
  endloop
endfacet
facet normal -0.991444861373872 -0.13052619221958348 -2.2930847990527497e-15
  outer loop
    vertex 44.800337643638116 -332.03923525047196 5.000000000000181
    vertex 44.82589327392116 -332.23334953429855 14.999999999999961
    vertex 44.80033764363798 -332.0392352504716 14.999999999999961
  endloop
endfacet
facet normal 0.9238795325113296 0.3826834323649863 -3.742131077818266e-14
  outer loop
    vertex 43.35144890420412 -493.96076474954003 5.000000000000181
    vertex 43.42637422108286 -494.1416504657128 14.999999999999961
    vertex 43.4263742210827 -494.1416504657135 5.000000000000181
  endloop
endfacet
facet normal 0.9238795325113296 0.3826834323649863 -3.742131077818266e-14
  outer loop
    vertex 43.42637422108286 -494.1416504657128 14.999999999999961
    vertex 43.35144890420412 -493.96076474954003 5.000000000000181
    vertex 43.351448904204425 -493.9607647495398 14.999999999999961
  endloop
endfacet
facet normal -0.9914448613736453 0.13052619222130638 -1.1097244010225063e-14
  outer loop
    vertex 44.80033764363766 -332.42746381812526 14.999999999999961
    vertex 44.82589327392116 -332.2333495342989 5.000000000000181
    vertex 44.80033764363782 -332.4274638181255 5.000000000000181
  endloop
endfacet
facet normal -0.9914448613736453 0.13052619222130638 -1.1097244010225063e-14
  outer loop
    vertex 44.82589327392116 -332.2333495342989 5.000000000000181
    vertex 44.80033764363766 -332.42746381812526 14.999999999999961
    vertex 44.82589327392116 -332.23334953429855 14.999999999999961
  endloop
endfacet
facet normal -0.3826834323633694 -0.9238795325119995 -1.2596868201081712e-14
  outer loop
    vertex 44.45089327392141 -493.1171314128739 14.99999999999998
    vertex 44.27000755774812 -493.04220609599565 5.000000000000181
    vertex 44.450893273921245 -493.1171314128739 5.000000000000181
  endloop
endfacet
facet normal -0.3826834323633694 -0.9238795325119995 -1.2596868201081712e-14
  outer loop
    vertex 44.27000755774812 -493.04220609599565 5.000000000000181
    vertex 44.45089327392141 -493.1171314128739 14.99999999999998
    vertex 44.270007557748 -493.0422060959959 14.99999999999998
  endloop
endfacet
facet normal 0.7933533402912856 0.608761429008655 -5.20633137595187e-14
  outer loop
    vertex 43.42637422108297 -332.6083495342996 5.000000000000181
    vertex 43.545563188031366 -332.7636796201886 14.99999999999998
    vertex 43.54556318803123 -332.7636796201892 5.000000000000181
  endloop
endfacet
facet normal 0.7933533402912856 0.608761429008655 -5.20633137595187e-14
  outer loop
    vertex 43.545563188031366 -332.7636796201886 14.99999999999998
    vertex 43.42637422108297 -332.6083495342996 5.000000000000181
    vertex 43.42637422108297 -332.6083495342986 14.99999999999998
  endloop
endfacet
facet normal -0.9914448613737785 -0.13052619222029385 -1.8864605706621038e-15
  outer loop
    vertex 44.80033764363782 -493.57253618188645 14.999999999999961
    vertex 44.825893273921004 -493.7666504657128 5.000000000000181
    vertex 44.825893273921004 -493.7666504657131 14.999999999999961
  endloop
endfacet
facet normal -0.9914448613737785 -0.13052619222029385 -1.8864605706621038e-15
  outer loop
    vertex 44.825893273921004 -493.7666504657128 5.000000000000181
    vertex 44.80033764363782 -493.57253618188645 14.999999999999961
    vertex 44.80033764363782 -493.57253618188645 5.000000000000181
  endloop
endfacet
facet normal -0.6087614290088945 0.7933533402911017 9.44125448818499e-15
  outer loop
    vertex 44.450893273921245 -494.4161695185511 14.999999999999945
    vertex 44.60622335981087 -494.2969805516028 5.000000000000181
    vertex 44.45089327392109 -494.4161695185511 5.000000000000181
  endloop
endfacet
facet normal -0.6087614290088945 0.7933533402911017 9.44125448818499e-15
  outer loop
    vertex 44.60622335981087 -494.2969805516028 5.000000000000181
    vertex 44.450893273921245 -494.4161695185511 14.999999999999945
    vertex 44.60622335981103 -494.2969805516028 14.999999999999945
  endloop
endfacet
facet normal -0.7933533402905282 -0.608761429009642 1.1409800026800847e-14
  outer loop
    vertex 44.60622335981103 -331.70301944840867 14.999999999999945
    vertex 44.72541232675953 -331.85834953429844 5.000000000000181
    vertex 44.725412326759376 -331.85834953429844 14.999999999999945
  endloop
endfacet
facet normal -0.7933533402905282 -0.608761429009642 1.1409800026800847e-14
  outer loop
    vertex 44.72541232675953 -331.85834953429844 5.000000000000181
    vertex 44.60622335981103 -331.70301944840867 14.999999999999945
    vertex 44.6062233598106 -331.70301944840867 5.000000000000181
  endloop
endfacet
facet normal -0.13052619222014622 -0.991444861373798 2.71486051271141e-14
  outer loop
    vertex 44.270007557748 -331.5089051645822 14.999999999999945
    vertex 44.07589327392133 -331.4833495342993 5.000000000000181
    vertex 44.27000755774812 -331.5089051645826 5.000000000000181
  endloop
endfacet
facet normal -0.13052619222014622 -0.991444861373798 2.71486051271141e-14
  outer loop
    vertex 44.07589327392133 -331.4833495342993 5.000000000000181
    vertex 44.270007557748 -331.5089051645822 14.999999999999945
    vertex 44.07589327392133 -331.48334953429907 14.999999999999945
  endloop
endfacet
facet normal -0.9238795325118332 0.3826834323637704 -2.5202253734138414e-14
  outer loop
    vertex 44.725412326759376 -332.6083495342986 14.999999999999961
    vertex 44.80033764363782 -332.4274638181255 5.000000000000181
    vertex 44.72541232675953 -332.60834953429895 5.000000000000181
  endloop
endfacet
facet normal -0.9238795325118332 0.3826834323637704 -2.5202253734138414e-14
  outer loop
    vertex 44.80033764363782 -332.4274638181255 5.000000000000181
    vertex 44.725412326759376 -332.6083495342986 14.999999999999961
    vertex 44.80033764363766 -332.42746381812526 14.999999999999961
  endloop
endfacet
facet normal 0.9914448613739563 0.13052619221894346 -1.623547869540388e-14
  outer loop
    vertex 43.325893273921075 -332.2333495342991 5.000000000000181
    vertex 43.35144890420412 -332.42746381812526 14.999999999999961
    vertex 43.35144890420412 -332.42746381812606 5.000000000000181
  endloop
endfacet
facet normal 0.9914448613739563 0.13052619221894346 -1.623547869540388e-14
  outer loop
    vertex 43.35144890420412 -332.42746381812526 14.999999999999961
    vertex 43.325893273921075 -332.2333495342991 5.000000000000181
    vertex 43.32589327392123 -332.23334953429855 14.999999999999961
  endloop
endfacet
facet normal 0.38268343236568525 -0.92387953251104 3.022168219803501e-14
  outer loop
    vertex 43.88177899009438 -331.5089051645819 14.999999999999945
    vertex 43.70089327392126 -331.58383048146084 5.000000000000181
    vertex 43.88177899009438 -331.5089051645822 5.000000000000181
  endloop
endfacet
facet normal 0.38268343236568525 -0.92387953251104 3.022168219803501e-14
  outer loop
    vertex 43.70089327392126 -331.58383048146084 5.000000000000181
    vertex 43.88177899009438 -331.5089051645819 14.999999999999945
    vertex 43.70089327392126 -331.5838304814605 14.999999999999945
  endloop
endfacet
facet normal -0.6087614290115319 0.7933533402890781 -1.3825199667816743e-14
  outer loop
    vertex 44.45089327392141 -332.88286858713747 14.99999999999998
    vertex 44.60622335981072 -332.76367962018884 5.000000000000181
    vertex 44.45089327392141 -332.88286858713786 5.000000000000181
  endloop
endfacet
facet normal -0.6087614290115319 0.7933533402890781 -1.3825199667816743e-14
  outer loop
    vertex 44.60622335981072 -332.76367962018884 5.000000000000181
    vertex 44.45089327392141 -332.88286858713747 14.99999999999998
    vertex 44.60622335981103 -332.7636796201886 14.99999999999998
  endloop
endfacet
facet normal 0.9914448613738083 -0.13052619222006717 -1.0725257099739131e-14
  outer loop
    vertex 43.35144890420429 -332.03923525047196 5.000000000000181
    vertex 43.32589327392123 -332.23334953429855 14.999999999999961
    vertex 43.325893273921075 -332.2333495342991 5.000000000000181
  endloop
endfacet
facet normal 0.9914448613738083 -0.13052619222006717 -1.0725257099739131e-14
  outer loop
    vertex 43.32589327392123 -332.23334953429855 14.999999999999961
    vertex 43.35144890420429 -332.03923525047196 5.000000000000181
    vertex 43.351448904204425 -332.03923525047196 14.999999999999961
  endloop
endfacet
facet normal 0.6087614290079234 -0.7933533402918469 1.2389766338795208e-14
  outer loop
    vertex 43.70089327392126 -331.5838304814605 14.999999999999945
    vertex 43.54556318803092 -331.7030194484092 5.000000000000181
    vertex 43.70089327392126 -331.58383048146084 5.000000000000181
  endloop
endfacet
facet normal 0.6087614290079234 -0.7933533402918469 1.2389766338795208e-14
  outer loop
    vertex 43.54556318803092 -331.7030194484092 5.000000000000181
    vertex 43.70089327392126 -331.5838304814605 14.999999999999945
    vertex 43.545563188031366 -331.70301944840884 14.999999999999945
  endloop
endfacet
facet normal 0.13052619221836595 -0.9914448613740323 2.4603375263933483e-14
  outer loop
    vertex 44.07589327392133 -331.48334953429907 14.999999999999945
    vertex 43.88177899009438 -331.5089051645822 5.000000000000181
    vertex 44.07589327392133 -331.4833495342993 5.000000000000181
  endloop
endfacet
facet normal 0.13052619221836595 -0.9914448613740323 2.4603375263933483e-14
  outer loop
    vertex 43.88177899009438 -331.5089051645822 5.000000000000181
    vertex 44.07589327392133 -331.48334953429907 14.999999999999945
    vertex 43.88177899009438 -331.5089051645819 14.999999999999945
  endloop
endfacet
facet normal -0.13052619221950948 0.9914448613738818 1.2015848845826396e-14
  outer loop
    vertex 44.07589327392133 -332.98334953429895 14.99999999999998
    vertex 44.27000755774785 -332.9577939040158 5.000000000000181
    vertex 44.075893273921174 -332.9833495342987 5.000000000000181
  endloop
endfacet
facet normal -0.13052619221950948 0.9914448613738818 1.2015848845826396e-14
  outer loop
    vertex 44.27000755774785 -332.9577939040158 5.000000000000181
    vertex 44.07589327392133 -332.98334953429895 14.99999999999998
    vertex 44.270007557748 -332.9577939040158 14.99999999999998
  endloop
endfacet
facet normal -0.6087614290082723 -0.7933533402915791 3.917036246318441e-14
  outer loop
    vertex 44.60622335981103 -331.70301944840867 14.999999999999945
    vertex 44.45089327392109 -331.58383048146084 5.000000000000181
    vertex 44.6062233598106 -331.70301944840867 5.000000000000181
  endloop
endfacet
facet normal -0.6087614290082723 -0.7933533402915791 3.917036246318441e-14
  outer loop
    vertex 44.45089327392109 -331.58383048146084 5.000000000000181
    vertex 44.60622335981103 -331.70301944840867 14.999999999999945
    vertex 44.45089327392109 -331.58383048146015 14.999999999999945
  endloop
endfacet
facet normal 0.3826834323642209 0.9238795325116466 -2.217771805085101e-14
  outer loop
    vertex 43.70089327392126 -332.8828685871369 14.99999999999998
    vertex 43.88177899009383 -332.9577939040152 5.000000000000181
    vertex 43.70089327392126 -332.88286858713724 5.000000000000181
  endloop
endfacet
facet normal 0.3826834323642209 0.9238795325116466 -2.217771805085101e-14
  outer loop
    vertex 43.88177899009383 -332.9577939040152 5.000000000000181
    vertex 43.70089327392126 -332.8828685871369 14.99999999999998
    vertex 43.88177899009411 -332.9577939040152 14.99999999999998
  endloop
endfacet
facet normal 0.7933533402908959 -0.608761429009163 -1.3669416145254522e-14
  outer loop
    vertex 43.54556318803092 -331.7030194484092 5.000000000000181
    vertex 43.42637422108297 -331.85834953429844 14.999999999999961
    vertex 43.42637422108286 -331.85834953429844 5.000000000000181
  endloop
endfacet
facet normal 0.7933533402908959 -0.608761429009163 -1.3669416145254522e-14
  outer loop
    vertex 43.42637422108297 -331.85834953429844 14.999999999999961
    vertex 43.54556318803092 -331.7030194484092 5.000000000000181
    vertex 43.545563188031366 -331.70301944840884 14.999999999999945
  endloop
endfacet
facet normal -0.6087614290115979 -0.7933533402890275 -1.1410225845581638e-14
  outer loop
    vertex 44.60622335981087 -493.2363203798231 14.99999999999998
    vertex 44.450893273921245 -493.1171314128739 5.000000000000181
    vertex 44.60622335981103 -493.2363203798228 5.000000000000181
  endloop
endfacet
facet normal -0.6087614290115979 -0.7933533402890275 -1.1410225845581638e-14
  outer loop
    vertex 44.450893273921245 -493.1171314128739 5.000000000000181
    vertex 44.60622335981087 -493.2363203798231 14.99999999999998
    vertex 44.45089327392141 -493.1171314128739 14.99999999999998
  endloop
endfacet
facet normal 0.9238795325108112 0.3826834323662376 -3.323808498994565e-14
  outer loop
    vertex 43.35144890420412 -332.42746381812606 5.000000000000181
    vertex 43.42637422108297 -332.6083495342986 14.99999999999998
    vertex 43.42637422108297 -332.6083495342996 5.000000000000181
  endloop
endfacet
facet normal 0.9238795325108112 0.3826834323662376 -3.323808498994565e-14
  outer loop
    vertex 43.42637422108297 -332.6083495342986 14.99999999999998
    vertex 43.35144890420412 -332.42746381812606 5.000000000000181
    vertex 43.35144890420412 -332.42746381812526 14.999999999999961
  endloop
endfacet
facet normal -0.38268343236286473 0.9238795325122083 -1.2718164675419078e-14
  outer loop
    vertex 44.270007557748 -332.9577939040158 14.99999999999998
    vertex 44.45089327392141 -332.88286858713786 5.000000000000181
    vertex 44.27000755774785 -332.9577939040158 5.000000000000181
  endloop
endfacet
facet normal -0.38268343236286473 0.9238795325122083 -1.2718164675419078e-14
  outer loop
    vertex 44.45089327392141 -332.88286858713786 5.000000000000181
    vertex 44.270007557748 -332.9577939040158 14.99999999999998
    vertex 44.45089327392141 -332.88286858713747 14.99999999999998
  endloop
endfacet
facet normal -0.38268343236377284 -0.9238795325118322 4.452128398613036e-14
  outer loop
    vertex 44.45089327392109 -331.58383048146015 14.999999999999945
    vertex 44.27000755774812 -331.5089051645826 5.000000000000181
    vertex 44.45089327392109 -331.58383048146084 5.000000000000181
  endloop
endfacet
facet normal -0.38268343236377284 -0.9238795325118322 4.452128398613036e-14
  outer loop
    vertex 44.27000755774812 -331.5089051645826 5.000000000000181
    vertex 44.45089327392109 -331.58383048146015 14.999999999999945
    vertex 44.270007557748 -331.5089051645822 14.999999999999945
  endloop
endfacet
facet normal -0.7933533402908732 0.6087614290091923 -1.205286379797643e-14
  outer loop
    vertex 44.60622335981103 -332.7636796201886 14.99999999999998
    vertex 44.72541232675953 -332.60834953429895 5.000000000000181
    vertex 44.60622335981072 -332.76367962018884 5.000000000000181
  endloop
endfacet
facet normal -0.7933533402908732 0.6087614290091923 -1.205286379797643e-14
  outer loop
    vertex 44.72541232675953 -332.60834953429895 5.000000000000181
    vertex 44.60622335981103 -332.7636796201886 14.99999999999998
    vertex 44.725412326759376 -332.6083495342986 14.999999999999961
  endloop
endfacet
facet normal -3.473297936649351e-15 -2.6382317087032546e-14 -0.9999999999999999
  outer loop
    vertex 43.351448904204425 -332.03923525047196 14.999999999999961
    vertex 43.35144890420412 -332.42746381812526 14.999999999999961
    vertex 43.32589327392123 -332.23334953429855 14.999999999999961
  endloop
endfacet
facet normal -3.473297936649351e-15 -2.6382317087032546e-14 -0.9999999999999999
  outer loop
    vertex 43.35144890420412 -332.42746381812526 14.999999999999961
    vertex 43.351448904204425 -332.03923525047196 14.999999999999961
    vertex 43.42637422108297 -332.6083495342986 14.99999999999998
  endloop
endfacet
facet normal -3.473297936649351e-15 -2.6382317087032546e-14 -0.9999999999999999
  outer loop
    vertex 43.42637422108297 -332.6083495342986 14.99999999999998
    vertex 43.351448904204425 -332.03923525047196 14.999999999999961
    vertex 43.42637422108297 -331.85834953429844 14.999999999999961
  endloop
endfacet
facet normal -3.473297936649351e-15 -2.6382317087032546e-14 -0.9999999999999999
  outer loop
    vertex 43.42637422108297 -332.6083495342986 14.99999999999998
    vertex 43.42637422108297 -331.85834953429844 14.999999999999961
    vertex 43.545563188031366 -331.70301944840884 14.999999999999945
  endloop
endfacet
facet normal -3.473297936649351e-15 -2.6382317087032546e-14 -0.9999999999999999
  outer loop
    vertex 43.42637422108297 -332.6083495342986 14.99999999999998
    vertex 43.545563188031366 -331.70301944840884 14.999999999999945
    vertex 43.545563188031366 -332.7636796201886 14.99999999999998
  endloop
endfacet
facet normal -3.473297936649351e-15 -2.6382317087032546e-14 -0.9999999999999999
  outer loop
    vertex 43.545563188031366 -332.7636796201886 14.99999999999998
    vertex 43.545563188031366 -331.70301944840884 14.999999999999945
    vertex 43.70089327392126 -331.5838304814605 14.999999999999945
  endloop
endfacet
facet normal -3.473297936649351e-15 -2.6382317087032546e-14 -0.9999999999999999
  outer loop
    vertex 43.545563188031366 -332.7636796201886 14.99999999999998
    vertex 43.70089327392126 -331.5838304814605 14.999999999999945
    vertex 43.70089327392126 -332.8828685871369 14.99999999999998
  endloop
endfacet
facet normal -3.473297936649351e-15 -2.6382317087032546e-14 -0.9999999999999999
  outer loop
    vertex 43.70089327392126 -332.8828685871369 14.99999999999998
    vertex 43.70089327392126 -331.5838304814605 14.999999999999945
    vertex 43.88177899009438 -331.5089051645819 14.999999999999945
  endloop
endfacet
facet normal -3.473297936649351e-15 -2.6382317087032546e-14 -0.9999999999999999
  outer loop
    vertex 43.70089327392126 -332.8828685871369 14.99999999999998
    vertex 43.88177899009438 -331.5089051645819 14.999999999999945
    vertex 43.88177899009411 -332.9577939040152 14.99999999999998
  endloop
endfacet
facet normal -3.473297936649351e-15 -2.6382317087032546e-14 -0.9999999999999999
  outer loop
    vertex 43.88177899009411 -332.9577939040152 14.99999999999998
    vertex 43.88177899009438 -331.5089051645819 14.999999999999945
    vertex 44.07589327392133 -332.98334953429895 14.99999999999998
  endloop
endfacet
facet normal -3.473297936649351e-15 -2.6382317087032546e-14 -0.9999999999999999
  outer loop
    vertex 44.07589327392133 -332.98334953429895 14.99999999999998
    vertex 43.88177899009438 -331.5089051645819 14.999999999999945
    vertex 44.07589327392133 -331.48334953429907 14.999999999999945
  endloop
endfacet
facet normal -3.473297936649351e-15 -2.6382317087032546e-14 -0.9999999999999999
  outer loop
    vertex 44.07589327392133 -332.98334953429895 14.99999999999998
    vertex 44.07589327392133 -331.48334953429907 14.999999999999945
    vertex 44.270007557748 -331.5089051645822 14.999999999999945
  endloop
endfacet
facet normal -3.473297936649351e-15 -2.6382317087032546e-14 -0.9999999999999999
  outer loop
    vertex 44.07589327392133 -332.98334953429895 14.99999999999998
    vertex 44.270007557748 -331.5089051645822 14.999999999999945
    vertex 44.270007557748 -332.9577939040158 14.99999999999998
  endloop
endfacet
facet normal -3.473297936649351e-15 -2.6382317087032546e-14 -0.9999999999999999
  outer loop
    vertex 44.270007557748 -332.9577939040158 14.99999999999998
    vertex 44.270007557748 -331.5089051645822 14.999999999999945
    vertex 44.45089327392109 -331.58383048146015 14.999999999999945
  endloop
endfacet
facet normal -3.473297936649351e-15 -2.6382317087032546e-14 -0.9999999999999999
  outer loop
    vertex 44.270007557748 -332.9577939040158 14.99999999999998
    vertex 44.45089327392109 -331.58383048146015 14.999999999999945
    vertex 44.45089327392141 -332.88286858713747 14.99999999999998
  endloop
endfacet
facet normal -3.473297936649351e-15 -2.6382317087032546e-14 -0.9999999999999999
  outer loop
    vertex 44.45089327392141 -332.88286858713747 14.99999999999998
    vertex 44.45089327392109 -331.58383048146015 14.999999999999945
    vertex 44.60622335981103 -331.70301944840867 14.999999999999945
  endloop
endfacet
facet normal -3.473297936649351e-15 -2.6382317087032546e-14 -0.9999999999999999
  outer loop
    vertex 44.45089327392141 -332.88286858713747 14.99999999999998
    vertex 44.60622335981103 -331.70301944840867 14.999999999999945
    vertex 44.60622335981103 -332.7636796201886 14.99999999999998
  endloop
endfacet
facet normal -3.473297936649351e-15 -2.6382317087032546e-14 -0.9999999999999999
  outer loop
    vertex 44.60622335981103 -332.7636796201886 14.99999999999998
    vertex 44.60622335981103 -331.70301944840867 14.999999999999945
    vertex 44.725412326759376 -331.85834953429844 14.999999999999945
  endloop
endfacet
facet normal -3.473297936649351e-15 -2.6382317087032546e-14 -0.9999999999999999
  outer loop
    vertex 44.60622335981103 -332.7636796201886 14.99999999999998
    vertex 44.725412326759376 -331.85834953429844 14.999999999999945
    vertex 44.725412326759376 -332.6083495342986 14.999999999999961
  endloop
endfacet
facet normal -3.473297936649351e-15 -2.6382317087032546e-14 -0.9999999999999999
  outer loop
    vertex 44.725412326759376 -332.6083495342986 14.999999999999961
    vertex 44.725412326759376 -331.85834953429844 14.999999999999945
    vertex 44.80033764363798 -332.0392352504716 14.999999999999961
  endloop
endfacet
facet normal -3.473297936649351e-15 -2.6382317087032546e-14 -0.9999999999999999
  outer loop
    vertex 44.725412326759376 -332.6083495342986 14.999999999999961
    vertex 44.80033764363798 -332.0392352504716 14.999999999999961
    vertex 44.80033764363766 -332.42746381812526 14.999999999999961
  endloop
endfacet
facet normal -3.473297936649351e-15 -2.6382317087032546e-14 -0.9999999999999999
  outer loop
    vertex 44.80033764363766 -332.42746381812526 14.999999999999961
    vertex 44.80033764363798 -332.0392352504716 14.999999999999961
    vertex 44.82589327392116 -332.23334953429855 14.999999999999961
  endloop
endfacet
facet normal 0.6087614290078346 0.7933533402919151 -4.170518374859377e-14
  outer loop
    vertex 43.545563188031366 -332.7636796201886 14.99999999999998
    vertex 43.70089327392126 -332.88286858713724 5.000000000000181
    vertex 43.54556318803123 -332.7636796201892 5.000000000000181
  endloop
endfacet
facet normal 0.6087614290078346 0.7933533402919151 -4.170518374859377e-14
  outer loop
    vertex 43.70089327392126 -332.88286858713724 5.000000000000181
    vertex 43.545563188031366 -332.7636796201886 14.99999999999998
    vertex 43.70089327392126 -332.8828685871369 14.99999999999998
  endloop
endfacet
facet normal 0.6314059586429568 -0.4844948324374746 0.6054678131259762
  outer loop
    vertex 16.92588386093492 -346.92588386093576 5.368272016354434
    vertex 10.157377607286286 -352.7703539282456 7.749999999999718
    vertex 11.74009459678478 -353.6841360081834 5.368272016354434
  endloop
endfacet
facet normal 0.6314059586429568 -0.4844948324374746 0.6054678131259762
  outer loop
    vertex 10.157377607286286 -352.7703539282456 7.749999999999718
    vertex 16.92588386093492 -346.92588386093576 5.368272016354434
    vertex 15.633600850433064 -345.6336008504339 7.749999999999718
  endloop
endfacet
facet normal 0.9831056027603571 -0.12942830799557156 0.12942830799557767
  outer loop
    vertex 5.605171184162641 -360.7839333949943 10.523580981320729
    vertex 4.000000000005008 -370.000000000006 13.499999999999744
    vertex 4.3918529976807354 -370.000000000006 10.523580981320729
  endloop
endfacet
facet normal 0.9831056027603571 -0.12942830799557156 0.12942830799557767
  outer loop
    vertex 4.000000000005008 -370.000000000006 13.499999999999744
    vertex 5.605171184162641 -360.7839333949943 10.523580981320729
    vertex 5.226670253598593 -360.6825143763151 13.499999999999744
  endloop
endfacet
facet normal 0.7890610165043966 -0.1038818535716543 0.6054678131259873
  outer loop
    vertex 8.480171184162709 -361.5542873232337 5.368272016354434
    vertex 5.540707856483984 -370.000000000006 7.749999999999755
    vertex 7.368272016359897 -370.000000000006 5.368272016354434
  endloop
endfacet
facet normal 0.7890610165043966 -0.1038818535716543 0.6054678131259873
  outer loop
    vertex 5.540707856483984 -370.000000000006 7.749999999999755
    vertex 8.480171184162709 -361.5542873232337 5.368272016354434
    vertex 6.714879762938318 -361.0812789125109 7.749999999999718
  endloop
endfacet
facet normal 0.786680272595497 -0.6036410040731734 0.12942830799560673
  outer loop
    vertex 14.821237789174342 -344.82123778917514 10.523580981320729
    vertex 8.823085463765192 -352.000000000006 13.499999999999744
    vertex 9.162440114301381 -352.1959264988436 10.523580981320729
  endloop
endfacet
facet normal 0.786680272595497 -0.6036410040731734 0.12942830799560673
  outer loop
    vertex 8.823085463765192 -352.000000000006 13.499999999999744
    vertex 14.821237789174342 -344.82123778917514 10.523580981320729
    vertex 14.544155877289386 -344.5441558772902 13.499999999999744
  endloop
endfacet
facet normal 0.10388185357165618 -0.7890610165044176 0.6054678131259599
  outer loop
    vertex 40.0000000000046 -335.540707856485 7.749999999999681
    vertex 31.554287323232817 -338.4801711841635 5.368272016354434
    vertex 40.00000000000488 -337.36827201636066 5.368272016354434
  endloop
endfacet
facet normal 0.10388185357165618 -0.7890610165044176 0.6054678131259599
  outer loop
    vertex 31.554287323232817 -338.4801711841635 5.368272016354434
    vertex 40.0000000000046 -335.540707856485 7.749999999999681
    vertex 31.081278912510303 -336.71487976293906 7.749999999999718
  endloop
endfacet
facet normal 0.7338790076440888 -0.5631251684765328 0.37988372795844244
  outer loop
    vertex 15.633600850433064 -345.6336008504339 7.749999999999718
    vertex 9.162440114301381 -352.1959264988436 10.523580981320729
    vertex 10.157377607286286 -352.7703539282456 7.749999999999718
  endloop
endfacet
facet normal 0.7338790076440888 -0.5631251684765328 0.37988372795844244
  outer loop
    vertex 9.162440114301381 -352.1959264988436 10.523580981320729
    vertex 15.633600850433064 -345.6336008504339 7.749999999999718
    vertex 14.821237789174342 -344.82123778917514 10.523580981320729
  endloop
endfacet
facet normal 0.9171204481621585 -0.12074119758902664 0.3798837279584493
  outer loop
    vertex 6.714879762938318 -361.0812789125109 7.749999999999718
    vertex 4.3918529976807354 -370.000000000006 10.523580981320729
    vertex 5.540707856483984 -370.000000000006 7.749999999999755
  endloop
endfacet
facet normal 0.9171204481621585 -0.12074119758902664 0.3798837279584493
  outer loop
    vertex 4.3918529976807354 -370.000000000006 10.523580981320729
    vertex 6.714879762938318 -361.0812789125109 7.749999999999718
    vertex 5.605171184162641 -360.7839333949943 10.523580981320729
  endloop
endfacet
facet normal 9.025466012622534e-15 0.6087614290087985 0.7933533402911753
  outer loop
    vertex 40.000000000005755 -488.63172798365133 5.368272016349668
    vertex 48.15178654783707 -488.15178654783745 5.000000000000181
    vertex 40.000000000005606 -488.15178654783716 5.000000000000181
  endloop
endfacet
facet normal 9.025466012622534e-15 0.6087614290087985 0.7933533402911753
  outer loop
    vertex 48.15178654783707 -488.15178654783745 5.000000000000181
    vertex 40.000000000005755 -488.63172798365133 5.368272016349668
    vertex 48.15178654783707 -488.63172798365133 5.368272016349705
  endloop
endfacet
facet normal 0.7352878122146094 -0.3045661840669319 0.6054678131259837
  outer loop
    vertex 11.74009459678478 -353.6841360081834 5.368272016354434
    vertex 6.714879762938318 -361.0812789125109 7.749999999999718
    vertex 8.480171184162709 -361.5542873232337 5.368272016354434
  endloop
endfacet
facet normal 0.7352878122146094 -0.3045661840669319 0.6054678131259837
  outer loop
    vertex 6.714879762938318 -361.0812789125109 7.749999999999718
    vertex 11.74009459678478 -353.6841360081834 5.368272016354434
    vertex 10.157377607286286 -352.7703539282456 7.749999999999718
  endloop
endfacet
facet normal 0.1294283079955636 -0.9831056027603514 0.1294283079956297
  outer loop
    vertex 40.00000000000488 -334.00000000000614 13.499999999999671
    vertex 30.78393339499333 -335.6051711841634 10.523580981320729
    vertex 40.00000000000488 -334.3918529976818 10.523580981320729
  endloop
endfacet
facet normal 0.1294283079955636 -0.9831056027603514 0.1294283079956297
  outer loop
    vertex 30.78393339499333 -335.6051711841634 10.523580981320729
    vertex 40.00000000000488 -334.00000000000614 13.499999999999671
    vertex 30.68251437631438 -335.22667025359965 13.499999999999744
  endloop
endfacet
facet normal 0.3539952796856305 -0.8546202052331114 0.3798837279584461
  outer loop
    vertex 30.78393339499333 -335.6051711841634 10.523580981320729
    vertex 22.770353928244734 -340.1573776072871 7.749999999999718
    vertex 31.081278912510303 -336.71487976293906 7.749999999999718
  endloop
endfacet
facet normal 0.3539952796856305 -0.8546202052331114 0.3798837279584461
  outer loop
    vertex 22.770353928244734 -340.1573776072871 7.749999999999718
    vertex 30.78393339499333 -335.6051711841634 10.523580981320729
    vertex 22.19592649884311 -339.1624401143025 10.523580981320729
  endloop
endfacet
facet normal 0.5631251684765208 -0.7338790076440925 0.3798837279584533
  outer loop
    vertex 22.19592649884311 -339.1624401143025 10.523580981320729
    vertex 15.633600850433064 -345.6336008504339 7.749999999999718
    vertex 22.770353928244734 -340.1573776072871 7.749999999999718
  endloop
endfacet
facet normal 0.5631251684765208 -0.7338790076440925 0.3798837279584533
  outer loop
    vertex 15.633600850433064 -345.6336008504339 7.749999999999718
    vertex 22.19592649884311 -339.1624401143025 10.523580981320729
    vertex 14.821237789174342 -344.82123778917514 10.523580981320729
  endloop
endfacet
facet normal 0.9161085805910628 -0.3794645986871864 0.1294283079955879
  outer loop
    vertex 9.162440114301381 -352.1959264988436 10.523580981320729
    vertex 5.226670253598593 -360.6825143763151 13.499999999999744
    vertex 5.605171184162641 -360.7839333949943 10.523580981320729
  endloop
endfacet
facet normal 0.9161085805910628 -0.3794645986871864 0.1294283079955879
  outer loop
    vertex 5.226670253598593 -360.6825143763151 13.499999999999744
    vertex 9.162440114301381 -352.1959264988436 10.523580981320729
    vertex 8.823085463765192 -352.000000000006 13.499999999999744
  endloop
endfacet
facet normal 0.37946459868718024 -0.9161085805910645 0.1294283079955944
  outer loop
    vertex 30.68251437631438 -335.22667025359965 13.499999999999744
    vertex 22.19592649884311 -339.1624401143025 10.523580981320729
    vertex 30.78393339499333 -335.6051711841634 10.523580981320729
  endloop
endfacet
facet normal 0.37946459868718024 -0.9161085805910645 0.1294283079955944
  outer loop
    vertex 22.19592649884311 -339.1624401143025 10.523580981320729
    vertex 30.68251437631438 -335.22667025359965 13.499999999999744
    vertex 22.0000000000051 -338.823085463766 13.499999999999744
  endloop
endfacet
facet normal 0.48449483243746716 -0.6314059586429663 0.6054678131259721
  outer loop
    vertex 22.770353928244734 -340.1573776072871 7.749999999999718
    vertex 16.92588386093492 -346.92588386093576 5.368272016354434
    vertex 23.68413600818269 -341.74009459678587 5.368272016354434
  endloop
endfacet
facet normal 0.48449483243746716 -0.6314059586429663 0.6054678131259721
  outer loop
    vertex 16.92588386093492 -346.92588386093576 5.368272016354434
    vertex 22.770353928244734 -340.1573776072871 7.749999999999718
    vertex 15.633600850433064 -345.6336008504339 7.749999999999718
  endloop
endfacet
facet normal 0.8546202052331132 -0.35399527968563427 0.37988372795843856
  outer loop
    vertex 10.157377607286286 -352.7703539282456 7.749999999999718
    vertex 5.605171184162641 -360.7839333949943 10.523580981320729
    vertex 6.714879762938318 -361.0812789125109 7.749999999999718
  endloop
endfacet
facet normal 0.8546202052331132 -0.35399527968563427 0.37988372795843856
  outer loop
    vertex 5.605171184162641 -360.7839333949943 10.523580981320729
    vertex 10.157377607286286 -352.7703539282456 7.749999999999718
    vertex 9.162440114301381 -352.1959264988436 10.523580981320729
  endloop
endfacet
facet normal 0.30456618406693203 -0.7352878122146168 0.6054678131259745
  outer loop
    vertex 31.081278912510303 -336.71487976293906 7.749999999999718
    vertex 23.68413600818269 -341.74009459678587 5.368272016354434
    vertex 31.554287323232817 -338.4801711841635 5.368272016354434
  endloop
endfacet
facet normal 0.30456618406693203 -0.7352878122146168 0.6054678131259745
  outer loop
    vertex 23.68413600818269 -341.74009459678587 5.368272016354434
    vertex 31.081278912510303 -336.71487976293906 7.749999999999718
    vertex 22.770353928244734 -340.1573776072871 7.749999999999718
  endloop
endfacet
facet normal 0.23422211550207048 -0.5654622078528135 0.7908176098823017
  outer loop
    vertex 23.9241067260922 -342.1557360725354 5.000000000000181
    vertex 31.554287323232817 -338.4801711841635 5.368272016354434
    vertex 23.68413600818269 -341.74009459678587 5.368272016354434
  endloop
endfacet
facet normal 0.23422211550207048 -0.5654622078528135 0.7908176098823017
  outer loop
    vertex 31.554287323232817 -338.4801711841635 5.368272016354434
    vertex 23.9241067260922 -342.1557360725354 5.000000000000181
    vertex 31.67850530735671 -338.94375901212874 5.000000000000181
  endloop
endfacet
facet normal -6.194183175505766e-15 -0.9238795325112963 0.3826834323650666
  outer loop
    vertex 48.15178654783707 -334.3918529976821 10.523580981320514
    vertex 40.0000000000046 -335.540707856485 7.749999999999681
    vertex 48.15178654783707 -335.54070785648537 7.749999999999465
  endloop
endfacet
facet normal -6.194183175505766e-15 -0.9238795325112963 0.3826834323650666
  outer loop
    vertex 40.0000000000046 -335.540707856485 7.749999999999681
    vertex 48.15178654783707 -334.3918529976821 10.523580981320514
    vertex 40.00000000000488 -334.3918529976818 10.523580981320729
  endloop
endfacet
facet normal 3.210257111206602e-14 -0.6087614290088984 0.7933533402910988
  outer loop
    vertex 48.15178654783707 -337.84821345218035 5.000000000000181
    vertex 40.00000000000488 -337.36827201636066 5.368272016354434
    vertex 40.0000000000046 -337.84821345218086 5.000000000000181
  endloop
endfacet
facet normal 3.210257111206602e-14 -0.6087614290088984 0.7933533402910988
  outer loop
    vertex 40.00000000000488 -337.36827201636066 5.368272016354434
    vertex 48.15178654783707 -337.84821345218035 5.000000000000181
    vertex 48.15178654783707 -337.36827201636066 5.368272016354217
  endloop
endfacet
facet normal 0.9238795325112862 -2.1202017379903488e-14 0.3826834323650914
  outer loop
    vertex 5.540707856483984 -370.000000000006 7.749999999999755
    vertex 4.3918529976807354 -456.000000000006 10.523580981315966
    vertex 5.540707856483984 -456.000000000006 7.749999999994989
  endloop
endfacet
facet normal 0.9238795325112862 -2.1202017379903488e-14 0.3826834323650914
  outer loop
    vertex 4.3918529976807354 -456.000000000006 10.523580981315966
    vertex 5.540707856483984 -370.000000000006 7.749999999999755
    vertex 4.3918529976807354 -370.000000000006 10.523580981320729
  endloop
endfacet
facet normal 0.5654622078531089 0.23422211550217867 0.7908176098820585
  outer loop
    vertex 11.74009459678478 -472.3158639918286 5.368272016349668
    vertex 8.943759012121424 -464.3214946926559 5.000000000000181
    vertex 8.480171184162709 -464.44571267677816 5.368272016349668
  endloop
endfacet
facet normal 0.5654622078531089 0.23422211550217867 0.7908176098820585
  outer loop
    vertex 8.943759012121424 -464.3214946926559 5.000000000000181
    vertex 11.74009459678478 -472.3158639918286 5.368272016349668
    vertex 12.155736072528198 -472.07589327392145 5.000000000000181
  endloop
endfacet
facet normal 0.5654622078529574 -0.23422211550212496 0.7908176098821827
  outer loop
    vertex 8.943759012127344 -361.6785053073581 5.000000000000181
    vertex 11.74009459678478 -353.6841360081834 5.368272016354434
    vertex 8.480171184162709 -361.5542873232337 5.368272016354434
  endloop
endfacet
facet normal 0.5654622078529574 -0.23422211550212496 0.7908176098821827
  outer loop
    vertex 11.74009459678478 -353.6841360081834 5.368272016354434
    vertex 8.943759012127344 -361.6785053073581 5.000000000000181
    vertex 12.155736072533829 -353.9241067260937 5.000000000000181
  endloop
endfacet
facet normal 0.23422211550196134 0.5654622078525358 0.7908176098825326
  outer loop
    vertex 31.554287323232817 -487.51982881584854 5.368272016349668
    vertex 23.92410672608946 -483.84426392748185 5.000000000000181
    vertex 23.68413600818269 -484.25990540322607 5.368272016349668
  endloop
endfacet
facet normal 0.23422211550196134 0.5654622078525358 0.7908176098825326
  outer loop
    vertex 23.92410672608946 -483.84426392748185 5.000000000000181
    vertex 31.554287323232817 -487.51982881584854 5.368272016349668
    vertex 31.678505307354964 -487.0562409878888 5.000000000000181
  endloop
endfacet
facet normal 0.7933533402912074 -3.3727067373850116e-14 0.6087614290087571
  outer loop
    vertex 7.368272016359897 -370.000000000006 5.368272016354434
    vertex 5.540707856483984 -456.000000000006 7.749999999994989
    vertex 7.368272016359897 -456.000000000006 5.368272016349668
  endloop
endfacet
facet normal 0.7933533402912074 -3.3727067373850116e-14 0.6087614290087571
  outer loop
    vertex 5.540707856483984 -456.000000000006 7.749999999994989
    vertex 7.368272016359897 -370.000000000006 5.368272016354434
    vertex 5.540707856483984 -370.000000000006 7.749999999999755
  endloop
endfacet
facet normal 0.485573406079401 -0.37259357912959246 0.7908176098822339
  outer loop
    vertex 12.155736072533829 -353.9241067260937 5.000000000000181
    vertex 16.92588386093492 -346.92588386093576 5.368272016354434
    vertex 11.74009459678478 -353.6841360081834 5.368272016354434
  endloop
endfacet
facet normal 0.485573406079401 -0.37259357912959246 0.7908176098822339
  outer loop
    vertex 16.92588386093492 -346.92588386093576 5.368272016354434
    vertex 12.155736072533829 -353.9241067260937 5.000000000000181
    vertex 17.26525370477553 -347.2652537047766 5.000000000000181
  endloop
endfacet
facet normal 0.37259357912961255 -0.4855734060794391 0.7908176098822012
  outer loop
    vertex 17.26525370477553 -347.2652537047766 5.000000000000181
    vertex 23.68413600818269 -341.74009459678587 5.368272016354434
    vertex 16.92588386093492 -346.92588386093576 5.368272016354434
  endloop
endfacet
facet normal 0.37259357912961255 -0.4855734060794391 0.7908176098822012
  outer loop
    vertex 23.68413600818269 -341.74009459678587 5.368272016354434
    vertex 17.26525370477553 -347.2652537047766 5.000000000000181
    vertex 23.9241067260922 -342.1557360725354 5.000000000000181
  endloop
endfacet
facet normal 9.880237133758377e-15 0.9238795325112912 0.38268343236507935
  outer loop
    vertex 40.000000000005464 -491.6081470023302 10.523580981315966
    vertex 48.15178654783707 -490.45929214352725 7.749999999994989
    vertex 40.000000000005464 -490.45929214352725 7.749999999994989
  endloop
endfacet
facet normal 9.880237133758377e-15 0.9238795325112912 0.38268343236507935
  outer loop
    vertex 48.15178654783707 -490.45929214352725 7.749999999994989
    vertex 40.000000000005464 -491.6081470023302 10.523580981315966
    vertex 48.15178654783707 -491.6081470023305 10.523580981315893
  endloop
endfacet
facet normal -1.4092809643389901e-14 -0.9914448613737941 0.1305261922201761
  outer loop
    vertex 48.15178654783707 -334.00000000000614 13.499999999999456
    vertex 40.00000000000488 -334.3918529976818 10.523580981320729
    vertex 48.15178654783707 -334.3918529976821 10.523580981320514
  endloop
endfacet
facet normal -1.4092809643389901e-14 -0.9914448613737941 0.1305261922201761
  outer loop
    vertex 40.00000000000488 -334.3918529976818 10.523580981320729
    vertex 48.15178654783707 -334.00000000000614 13.499999999999456
    vertex 40.00000000000488 -334.00000000000614 13.499999999999671
  endloop
endfacet
facet normal 0.606815694631644 -0.07988880177347375 0.790817609882275
  outer loop
    vertex 7.848213452180509 -370.00000000000654 5.000000000000181
    vertex 8.480171184162709 -361.5542873232337 5.368272016354434
    vertex 7.368272016359897 -370.000000000006 5.368272016354434
  endloop
endfacet
facet normal 0.606815694631644 -0.07988880177347375 0.790817609882275
  outer loop
    vertex 8.480171184162709 -361.5542873232337 5.368272016354434
    vertex 7.848213452180509 -370.00000000000654 5.000000000000181
    vertex 8.943759012127344 -361.6785053073581 5.000000000000181
  endloop
endfacet
facet normal 0.3725935791294616 0.4855734060792502 0.7908176098823883
  outer loop
    vertex 23.68413600818269 -484.25990540322607 5.368272016349668
    vertex 17.265253704771634 -478.73474629523974 5.000000000000181
    vertex 16.92588386093492 -479.0741161390763 5.368272016349668
  endloop
endfacet
facet normal 0.3725935791294616 0.4855734060792502 0.7908176098823883
  outer loop
    vertex 17.265253704771634 -478.73474629523974 5.000000000000181
    vertex 23.68413600818269 -484.25990540322607 5.368272016349668
    vertex 23.92410672608946 -483.84426392748185 5.000000000000181
  endloop
endfacet
facet normal 0.6087614290085496 -4.4972582229207997e-14 0.7933533402913663
  outer loop
    vertex 7.848213452174012 -456.000000000006 5.000000000000181
    vertex 7.368272016359897 -370.000000000006 5.368272016354434
    vertex 7.368272016359897 -456.000000000006 5.368272016349668
  endloop
endfacet
facet normal 0.6087614290085496 -4.4972582229207997e-14 0.7933533402913663
  outer loop
    vertex 7.368272016359897 -370.000000000006 5.368272016354434
    vertex 7.848213452174012 -456.000000000006 5.000000000000181
    vertex 7.848213452180509 -370.00000000000654 5.000000000000181
  endloop
endfacet
facet normal 0.9914448613738099 -7.204208866518798e-15 0.13052619222005563
  outer loop
    vertex 4.3918529976807354 -370.000000000006 10.523580981320729
    vertex 4.000000000005008 -456.000000000006 13.499999999994978
    vertex 4.3918529976807354 -456.000000000006 10.523580981315966
  endloop
endfacet
facet normal 0.9914448613738099 -7.204208866518798e-15 0.13052619222005563
  outer loop
    vertex 4.000000000005008 -456.000000000006 13.499999999994978
    vertex 4.3918529976807354 -370.000000000006 10.523580981320729
    vertex 4.000000000005008 -370.000000000006 13.499999999999744
  endloop
endfacet
facet normal 0.07988880177350409 -0.6068156946316574 0.7908176098822616
  outer loop
    vertex 31.67850530735671 -338.94375901212874 5.000000000000181
    vertex 40.00000000000488 -337.36827201636066 5.368272016354434
    vertex 31.554287323232817 -338.4801711841635 5.368272016354434
  endloop
endfacet
facet normal 0.07988880177350409 -0.6068156946316574 0.7908176098822616
  outer loop
    vertex 40.00000000000488 -337.36827201636066 5.368272016354434
    vertex 31.67850530735671 -338.94375901212874 5.000000000000181
    vertex 40.0000000000046 -337.84821345218086 5.000000000000181
  endloop
endfacet
facet normal -6.817005089457277e-16 0.7933533402912339 0.6087614290087222
  outer loop
    vertex 40.000000000005464 -490.45929214352725 7.749999999994989
    vertex 48.15178654783707 -488.63172798365133 5.368272016349705
    vertex 40.000000000005755 -488.63172798365133 5.368272016349668
  endloop
endfacet
facet normal -6.817005089457277e-16 0.7933533402912339 0.6087614290087222
  outer loop
    vertex 48.15178654783707 -488.63172798365133 5.368272016349705
    vertex 40.000000000005464 -490.45929214352725 7.749999999994989
    vertex 48.15178654783707 -490.45929214352725 7.749999999994989
  endloop
endfacet
facet normal 5.254950233763765e-15 0.991444861373796 0.1305261922201605
  outer loop
    vertex 40.000000000005464 -491.6081470023302 10.523580981315966
    vertex 48.15178654783707 -492.0000000000065 13.499999999994944
    vertex 48.15178654783707 -491.6081470023305 10.523580981315893
  endloop
endfacet
facet normal 5.254950233763765e-15 0.991444861373796 0.1305261922201605
  outer loop
    vertex 48.15178654783707 -492.0000000000065 13.499999999994944
    vertex 40.000000000005464 -491.6081470023302 10.523580981315966
    vertex 40.000000000005755 -492.0000000000065 13.499999999994978
  endloop
endfacet
facet normal 0.983105602760358 0.12942830799556826 0.12942830799557575
  outer loop
    vertex 5.605171184162641 -465.2160666050177 10.523580981315966
    vertex 4.000000000005008 -456.000000000006 13.499999999994978
    vertex 5.226670253598593 -465.3174856236968 13.499999999994978
  endloop
endfacet
facet normal 0.983105602760358 0.12942830799556826 0.12942830799557575
  outer loop
    vertex 4.000000000005008 -456.000000000006 13.499999999994978
    vertex 5.605171184162641 -465.2160666050177 10.523580981315966
    vertex 4.3918529976807354 -456.000000000006 10.523580981315966
  endloop
endfacet
facet normal 0.12074119758901028 -0.9171204481621635 0.3798837279584424
  outer loop
    vertex 40.00000000000488 -334.3918529976818 10.523580981320729
    vertex 31.081278912510303 -336.71487976293906 7.749999999999718
    vertex 40.0000000000046 -335.540707856485 7.749999999999681
  endloop
endfacet
facet normal 0.12074119758901028 -0.9171204481621635 0.3798837279584424
  outer loop
    vertex 31.081278912510303 -336.71487976293906 7.749999999999718
    vertex 40.00000000000488 -334.3918529976818 10.523580981320729
    vertex 30.78393339499333 -335.6051711841634 10.523580981320729
  endloop
endfacet
facet normal 0.4855734060793559 0.372593579129592 0.7908176098822618
  outer loop
    vertex 16.92588386093492 -479.0741161390763 5.368272016349668
    vertex 12.155736072528198 -472.07589327392145 5.000000000000181
    vertex 11.74009459678478 -472.3158639918286 5.368272016349668
  endloop
endfacet
facet normal 0.4855734060793559 0.372593579129592 0.7908176098822618
  outer loop
    vertex 12.155736072528198 -472.07589327392145 5.000000000000181
    vertex 16.92588386093492 -479.0741161390763 5.368272016349668
    vertex 17.265253704771634 -478.73474629523974 5.000000000000181
  endloop
endfacet
facet normal 0.3045661840669316 0.7352878122146171 0.6054678131259745
  outer loop
    vertex 22.770353928244734 -485.84262239272493 7.749999999994989
    vertex 31.554287323232817 -487.51982881584854 5.368272016349668
    vertex 23.68413600818269 -484.25990540322607 5.368272016349668
  endloop
endfacet
facet normal 0.3045661840669316 0.7352878122146171 0.6054678131259745
  outer loop
    vertex 31.554287323232817 -487.51982881584854 5.368272016349668
    vertex 22.770353928244734 -485.84262239272493 7.749999999994989
    vertex 31.081278912510303 -489.2851202370729 7.749999999994989
  endloop
endfacet
facet normal 1.2660778795204559e-14 -0.793353340291255 0.6087614290086947
  outer loop
    vertex 48.15178654783707 -335.54070785648537 7.749999999999465
    vertex 40.00000000000488 -337.36827201636066 5.368272016354434
    vertex 48.15178654783707 -337.36827201636066 5.368272016354217
  endloop
endfacet
facet normal 1.2660778795204559e-14 -0.793353340291255 0.6087614290086947
  outer loop
    vertex 40.00000000000488 -337.36827201636066 5.368272016354434
    vertex 48.15178654783707 -335.54070785648537 7.749999999999465
    vertex 40.0000000000046 -335.540707856485 7.749999999999681
  endloop
endfacet
facet normal 0.07988880177348368 0.6068156946313954 0.7908176098824646
  outer loop
    vertex 40.000000000005755 -488.63172798365133 5.368272016349668
    vertex 31.678505307354964 -487.0562409878888 5.000000000000181
    vertex 31.554287323232817 -487.51982881584854 5.368272016349668
  endloop
endfacet
facet normal 0.07988880177348368 0.6068156946313954 0.7908176098824646
  outer loop
    vertex 31.678505307354964 -487.0562409878888 5.000000000000181
    vertex 40.000000000005755 -488.63172798365133 5.368272016349668
    vertex 40.000000000005606 -488.15178654783716 5.000000000000181
  endloop
endfacet
facet normal 0.7890610165043971 0.10388185357165312 0.6054678131259871
  outer loop
    vertex 8.480171184162709 -464.44571267677816 5.368272016349668
    vertex 5.540707856483984 -456.000000000006 7.749999999994989
    vertex 6.714879762938318 -464.918721087501 7.749999999994989
  endloop
endfacet
facet normal 0.7890610165043971 0.10388185357165312 0.6054678131259871
  outer loop
    vertex 5.540707856483984 -456.000000000006 7.749999999994989
    vertex 8.480171184162709 -464.44571267677816 5.368272016349668
    vertex 7.368272016359897 -456.000000000006 5.368272016349668
  endloop
endfacet
facet normal 0.6036410040731637 0.7866802725955053 0.1294283079956021
  outer loop
    vertex 14.544155877289386 -481.45584412272177 13.499999999994978
    vertex 22.19592649884311 -486.83755988570954 10.523580981315966
    vertex 14.821237789174342 -481.1787622108369 10.523580981315966
  endloop
endfacet
facet normal 0.6036410040731637 0.7866802725955053 0.1294283079956021
  outer loop
    vertex 22.19592649884311 -486.83755988570954 10.523580981315966
    vertex 14.544155877289386 -481.45584412272177 13.499999999994978
    vertex 22.0000000000051 -487.176914536246 13.499999999994978
  endloop
endfacet
facet normal 2.6382317087031313e-14 3.4732979366502574e-15 -0.9999999999999999
  outer loop
    vertex 1.5089051645917195 -412.80588571617875 14.999999999999927
    vertex 1.5089051645917195 -413.1941142838326 14.999999999999927
    vertex 1.48334953430852 -413.0000000000057 14.999999999999927
  endloop
endfacet
facet normal 2.6382317087031313e-14 3.4732979366502574e-15 -0.9999999999999999
  outer loop
    vertex 1.5089051645917195 -413.1941142838326 14.999999999999927
    vertex 1.5089051645917195 -412.80588571617875 14.999999999999927
    vertex 1.5838304814702926 -412.62500000000597 14.999999999999927
  endloop
endfacet
facet normal 2.6382317087031313e-14 3.4732979366502574e-15 -0.9999999999999999
  outer loop
    vertex 1.5089051645917195 -413.1941142838326 14.999999999999927
    vertex 1.5838304814702926 -412.62500000000597 14.999999999999927
    vertex 1.5838304814702926 -413.3750000000058 14.999999999999927
  endloop
endfacet
facet normal 2.6382317087031313e-14 3.4732979366502574e-15 -0.9999999999999999
  outer loop
    vertex 1.5838304814702926 -413.3750000000058 14.999999999999927
    vertex 1.5838304814702926 -412.62500000000597 14.999999999999927
    vertex 1.7030194484186638 -412.46966991411597 14.999999999999927
  endloop
endfacet
facet normal 2.6382317087031313e-14 3.4732979366502574e-15 -0.9999999999999999
  outer loop
    vertex 1.5838304814702926 -413.3750000000058 14.999999999999927
    vertex 1.7030194484186638 -412.46966991411597 14.999999999999927
    vertex 1.7030194484186638 -413.5303300858957 14.999999999999927
  endloop
endfacet
facet normal 2.6382317087031313e-14 3.4732979366502574e-15 -0.9999999999999999
  outer loop
    vertex 1.7030194484186638 -413.5303300858957 14.999999999999927
    vertex 1.7030194484186638 -412.46966991411597 14.999999999999927
    vertex 1.858349534308579 -412.35048094716734 14.999999999999945
  endloop
endfacet
facet normal 2.6382317087031313e-14 3.4732979366502574e-15 -0.9999999999999999
  outer loop
    vertex 1.7030194484186638 -413.5303300858957 14.999999999999927
    vertex 1.858349534308579 -412.35048094716734 14.999999999999945
    vertex 1.858349534308579 -413.6495190528441 14.999999999999927
  endloop
endfacet
facet normal 2.6382317087031313e-14 3.4732979366502574e-15 -0.9999999999999999
  outer loop
    vertex 1.858349534308579 -413.6495190528441 14.999999999999927
    vertex 1.858349534308579 -412.35048094716734 14.999999999999945
    vertex 2.039235250481692 -412.27555563028875 14.999999999999945
  endloop
endfacet
facet normal 2.6382317087031313e-14 3.4732979366502574e-15 -0.9999999999999999
  outer loop
    vertex 1.858349534308579 -413.6495190528441 14.999999999999927
    vertex 2.039235250481692 -412.27555563028875 14.999999999999945
    vertex 2.039235250481692 -413.7244443697226 14.999999999999945
  endloop
endfacet
facet normal 2.6382317087031313e-14 3.4732979366502574e-15 -0.9999999999999999
  outer loop
    vertex 2.039235250481692 -413.7244443697226 14.999999999999945
    vertex 2.039235250481692 -412.27555563028875 14.999999999999945
    vertex 2.233349534308637 -412.25000000000585 14.999999999999945
  endloop
endfacet
facet normal 2.6382317087031313e-14 3.4732979366502574e-15 -0.9999999999999999
  outer loop
    vertex 2.039235250481692 -413.7244443697226 14.999999999999945
    vertex 2.233349534308637 -412.25000000000585 14.999999999999945
    vertex 2.233349534308637 -413.7500000000055 14.999999999999945
  endloop
endfacet
facet normal 2.6382317087031313e-14 3.4732979366502574e-15 -0.9999999999999999
  outer loop
    vertex 2.233349534308637 -413.7500000000055 14.999999999999945
    vertex 2.233349534308637 -412.25000000000585 14.999999999999945
    vertex 2.427463818135438 -412.27555563028875 14.999999999999945
  endloop
endfacet
facet normal 2.6382317087031313e-14 3.4732979366502574e-15 -0.9999999999999999
  outer loop
    vertex 2.233349534308637 -413.7500000000055 14.999999999999945
    vertex 2.427463818135438 -412.27555563028875 14.999999999999945
    vertex 2.427463818135438 -413.7244443697226 14.999999999999945
  endloop
endfacet
facet normal 2.6382317087031313e-14 3.4732979366502574e-15 -0.9999999999999999
  outer loop
    vertex 2.427463818135438 -413.7244443697226 14.999999999999945
    vertex 2.427463818135438 -412.27555563028875 14.999999999999945
    vertex 2.6083495343085517 -412.35048094716734 14.999999999999961
  endloop
endfacet
facet normal 2.6382317087031313e-14 3.4732979366502574e-15 -0.9999999999999999
  outer loop
    vertex 2.427463818135438 -413.7244443697226 14.999999999999945
    vertex 2.6083495343085517 -412.35048094716734 14.999999999999961
    vertex 2.6083495343085517 -413.6495190528441 14.999999999999945
  endloop
endfacet
facet normal 2.6382317087031313e-14 3.4732979366502574e-15 -0.9999999999999999
  outer loop
    vertex 2.6083495343085517 -413.6495190528441 14.999999999999945
    vertex 2.6083495343085517 -412.35048094716734 14.999999999999961
    vertex 2.763679620198466 -412.46966991411597 14.999999999999961
  endloop
endfacet
facet normal 2.6382317087031313e-14 3.4732979366502574e-15 -0.9999999999999999
  outer loop
    vertex 2.6083495343085517 -413.6495190528441 14.999999999999945
    vertex 2.763679620198466 -412.46966991411597 14.999999999999961
    vertex 2.763679620198466 -413.5303300858957 14.999999999999961
  endloop
endfacet
facet normal 2.6382317087031313e-14 3.4732979366502574e-15 -0.9999999999999999
  outer loop
    vertex 2.763679620198466 -413.5303300858957 14.999999999999961
    vertex 2.763679620198466 -412.46966991411597 14.999999999999961
    vertex 2.882868587146838 -412.62500000000597 14.999999999999961
  endloop
endfacet
facet normal 2.6382317087031313e-14 3.4732979366502574e-15 -0.9999999999999999
  outer loop
    vertex 2.763679620198466 -413.5303300858957 14.999999999999961
    vertex 2.882868587146838 -412.62500000000597 14.999999999999961
    vertex 2.882868587146838 -413.3750000000058 14.999999999999961
  endloop
endfacet
facet normal 2.6382317087031313e-14 3.4732979366502574e-15 -0.9999999999999999
  outer loop
    vertex 2.882868587146838 -413.3750000000058 14.999999999999961
    vertex 2.882868587146838 -412.62500000000597 14.999999999999961
    vertex 2.9577939040252677 -412.80588571617875 14.999999999999961
  endloop
endfacet
facet normal 2.6382317087031313e-14 3.4732979366502574e-15 -0.9999999999999999
  outer loop
    vertex 2.882868587146838 -413.3750000000058 14.999999999999961
    vertex 2.9577939040252677 -412.80588571617875 14.999999999999961
    vertex 2.9577939040252677 -413.1941142838326 14.999999999999961
  endloop
endfacet
facet normal 2.6382317087031313e-14 3.4732979366502574e-15 -0.9999999999999999
  outer loop
    vertex 2.9577939040252677 -413.1941142838326 14.999999999999961
    vertex 2.9577939040252677 -412.80588571617875 14.999999999999961
    vertex 2.9833495343084664 -413.0000000000057 14.999999999999961
  endloop
endfacet
facet normal 0.3539952796856297 0.8546202052331119 0.3798837279584461
  outer loop
    vertex 22.19592649884311 -486.83755988570954 10.523580981315966
    vertex 31.081278912510303 -489.2851202370729 7.749999999994989
    vertex 22.770353928244734 -485.84262239272493 7.749999999994989
  endloop
endfacet
facet normal 0.3539952796856297 0.8546202052331119 0.3798837279584461
  outer loop
    vertex 31.081278912510303 -489.2851202370729 7.749999999994989
    vertex 22.19592649884311 -486.83755988570954 10.523580981315966
    vertex 30.78393339499333 -490.3948288158486 10.523580981315966
  endloop
endfacet
facet normal 0.854620205233113 0.35399527968563493 0.37988372795843856
  outer loop
    vertex 10.157377607286286 -473.22964607176647 7.749999999994989
    vertex 5.605171184162641 -465.2160666050177 10.523580981315966
    vertex 9.162440114301381 -473.8040735011683 10.523580981315966
  endloop
endfacet
facet normal 0.854620205233113 0.35399527968563493 0.37988372795843856
  outer loop
    vertex 5.605171184162641 -465.2160666050177 10.523580981315966
    vertex 10.157377607286286 -473.22964607176647 7.749999999994989
    vertex 6.714879762938318 -464.918721087501 7.749999999994989
  endloop
endfacet
facet normal 0.6036410040731641 -0.786680272595505 0.12942830799560207
  outer loop
    vertex 22.0000000000051 -338.823085463766 13.499999999999744
    vertex 14.821237789174342 -344.82123778917514 10.523580981320729
    vertex 22.19592649884311 -339.1624401143025 10.523580981320729
  endloop
endfacet
facet normal 0.6036410040731641 -0.786680272595505 0.12942830799560207
  outer loop
    vertex 14.821237789174342 -344.82123778917514 10.523580981320729
    vertex 22.0000000000051 -338.823085463766 13.499999999999744
    vertex 14.544155877289386 -344.5441558772902 13.499999999999744
  endloop
endfacet
facet normal 0.6068156946317836 0.0798888017735054 0.7908176098821645
  outer loop
    vertex 8.480171184162709 -464.44571267677816 5.368272016349668
    vertex 7.848213452174012 -456.000000000006 5.000000000000181
    vertex 7.368272016359897 -456.000000000006 5.368272016349668
  endloop
endfacet
facet normal 0.6068156946317836 0.0798888017735054 0.7908176098821645
  outer loop
    vertex 7.848213452174012 -456.000000000006 5.000000000000181
    vertex 8.480171184162709 -464.44571267677816 5.368272016349668
    vertex 8.943759012121424 -464.3214946926559 5.000000000000181
  endloop
endfacet
facet normal 0.3794645986871798 0.9161085805910646 0.12942830799559443
  outer loop
    vertex 22.0000000000051 -487.176914536246 13.499999999994978
    vertex 30.78393339499333 -490.3948288158486 10.523580981315966
    vertex 22.19592649884311 -486.83755988570954 10.523580981315966
  endloop
endfacet
facet normal 0.3794645986871798 0.9161085805910646 0.12942830799559443
  outer loop
    vertex 30.78393339499333 -490.3948288158486 10.523580981315966
    vertex 22.0000000000051 -487.176914536246 13.499999999994978
    vertex 30.68251437631438 -490.7733297464123 13.499999999994978
  endloop
endfacet
facet normal 0.9161085805910627 0.379464598687187 0.12942830799558794
  outer loop
    vertex 9.162440114301381 -473.8040735011683 10.523580981315966
    vertex 5.226670253598593 -465.3174856236968 13.499999999994978
    vertex 8.823085463765192 -474.00000000000597 13.499999999994978
  endloop
endfacet
facet normal 0.9161085805910627 0.379464598687187 0.12942830799558794
  outer loop
    vertex 5.226670253598593 -465.3174856236968 13.499999999994978
    vertex 9.162440114301381 -473.8040735011683 10.523580981315966
    vertex 5.605171184162641 -465.2160666050177 10.523580981315966
  endloop
endfacet
facet normal 0.1305261922221546 -0.9914448613735336 -4.3726027768996563e-14
  outer loop
    vertex 44.075893273921174 -493.01665046571276 14.99999999999998
    vertex 43.88177899009411 -493.0422060959959 5.000000000000181
    vertex 44.075893273921174 -493.0166504657121 5.000000000000181
  endloop
endfacet
facet normal 0.1305261922221546 -0.9914448613735336 -4.3726027768996563e-14
  outer loop
    vertex 43.88177899009411 -493.0422060959959 5.000000000000181
    vertex 44.075893273921174 -493.01665046571276 14.99999999999998
    vertex 43.88177899009423 -493.04220609599616 14.99999999999998
  endloop
endfacet
facet normal 0.382683432366393 -0.9238795325107468 1.9057906593532418e-14
  outer loop
    vertex 2.039235250481692 -412.27555563028875 14.999999999999945
    vertex 1.8583495343088665 -412.3504809471677 5.000000000000181
    vertex 2.039235250481692 -412.27555563028875 5.000000000000181
  endloop
endfacet
facet normal 0.382683432366393 -0.9238795325107468 1.9057906593532418e-14
  outer loop
    vertex 1.8583495343088665 -412.3504809471677 5.000000000000181
    vertex 2.039235250481692 -412.27555563028875 14.999999999999945
    vertex 1.858349534308579 -412.35048094716734 14.999999999999945
  endloop
endfacet
facet normal 0.9171204481621588 0.12074119758902487 0.3798837279584493
  outer loop
    vertex 6.714879762938318 -464.918721087501 7.749999999994989
    vertex 4.3918529976807354 -456.000000000006 10.523580981315966
    vertex 5.605171184162641 -465.2160666050177 10.523580981315966
  endloop
endfacet
facet normal 0.9171204481621588 0.12074119758902487 0.3798837279584493
  outer loop
    vertex 4.3918529976807354 -456.000000000006 10.523580981315966
    vertex 6.714879762938318 -464.918721087501 7.749999999994989
    vertex 5.540707856483984 -456.000000000006 7.749999999994989
  endloop
endfacet
facet normal 0.10388185357166942 0.7890610165044064 0.6054678131259721
  outer loop
    vertex 31.081278912510303 -489.2851202370729 7.749999999994989
    vertex 40.000000000005755 -488.63172798365133 5.368272016349668
    vertex 31.554287323232817 -487.51982881584854 5.368272016349668
  endloop
endfacet
facet normal 0.10388185357166942 0.7890610165044064 0.6054678131259721
  outer loop
    vertex 40.000000000005755 -488.63172798365133 5.368272016349668
    vertex 31.081278912510303 -489.2851202370729 7.749999999994989
    vertex 40.000000000005464 -490.45929214352725 7.749999999994989
  endloop
endfacet
facet normal -0.9914448613738146 0.13052619222001977 -4.293361237554606e-14
  outer loop
    vertex 2.9833495343084664 -413.0000000000057 14.999999999999961
    vertex 2.9577939040256993 -413.1941142838326 5.000000000000181
    vertex 2.9577939040252677 -413.1941142838326 14.999999999999961
  endloop
endfacet
facet normal -0.9914448613738146 0.13052619222001977 -4.293361237554606e-14
  outer loop
    vertex 2.9577939040256993 -413.1941142838326 5.000000000000181
    vertex 2.9833495343084664 -413.0000000000057 14.999999999999961
    vertex 2.9833495343089007 -413.0000000000057 5.000000000000181
  endloop
endfacet
facet normal 0.7866802725954964 0.6036410040731741 0.1294283079956067
  outer loop
    vertex 14.821237789174342 -481.1787622108369 10.523580981315966
    vertex 8.823085463765192 -474.00000000000597 13.499999999994978
    vertex 14.544155877289386 -481.45584412272177 13.499999999994978
  endloop
endfacet
facet normal 0.7866802725954964 0.6036410040731741 0.1294283079956067
  outer loop
    vertex 8.823085463765192 -474.00000000000597 13.499999999994978
    vertex 14.821237789174342 -481.1787622108369 10.523580981315966
    vertex 9.162440114301381 -473.8040735011683 10.523580981315966
  endloop
endfacet
facet normal 0.6087614290090224 -0.7933533402910037 2.921886093335907e-14
  outer loop
    vertex 1.858349534308579 -412.35048094716734 14.999999999999945
    vertex 1.703019448418954 -412.46966991411597 5.000000000000181
    vertex 1.8583495343088665 -412.3504809471677 5.000000000000181
  endloop
endfacet
facet normal 0.6087614290090224 -0.7933533402910037 2.921886093335907e-14
  outer loop
    vertex 1.703019448418954 -412.46966991411597 5.000000000000181
    vertex 1.858349534308579 -412.35048094716734 14.999999999999945
    vertex 1.7030194484186638 -412.46966991411597 14.999999999999927
  endloop
endfacet
facet normal -0.3826834323654931 -0.9238795325111198 7.283006467280599e-20
  outer loop
    vertex 2.6083495343085517 -412.35048094716734 14.999999999999961
    vertex 2.427463818135438 -412.27555563028875 5.000000000000181
    vertex 2.6083495343085517 -412.35048094716734 5.000000000000181
  endloop
endfacet
facet normal -0.3826834323654931 -0.9238795325111198 7.283006467280599e-20
  outer loop
    vertex 2.427463818135438 -412.27555563028875 5.000000000000181
    vertex 2.6083495343085517 -412.35048094716734 14.999999999999961
    vertex 2.427463818135438 -412.27555563028875 14.999999999999945
  endloop
endfacet
facet normal 0.9914448613738019 -0.13052619222011577 4.484773252556207e-14
  outer loop
    vertex 1.5089051645921525 -412.80588571617903 5.000000000000181
    vertex 1.48334953430852 -413.0000000000057 14.999999999999927
    vertex 1.483349534308953 -413.0000000000057 5.000000000000181
  endloop
endfacet
facet normal 0.9914448613738019 -0.13052619222011577 4.484773252556207e-14
  outer loop
    vertex 1.48334953430852 -413.0000000000057 14.999999999999927
    vertex 1.5089051645921525 -412.80588571617903 5.000000000000181
    vertex 1.5089051645917195 -412.80588571617875 14.999999999999927
  endloop
endfacet
facet normal 0.9914448613738623 0.130526192219657 3.578666461119796e-14
  outer loop
    vertex 1.483349534308953 -413.0000000000057 5.000000000000181
    vertex 1.5089051645917195 -413.1941142838326 14.999999999999927
    vertex 1.5089051645920084 -413.1941142838326 5.000000000000181
  endloop
endfacet
facet normal 0.9914448613738623 0.130526192219657 3.578666461119796e-14
  outer loop
    vertex 1.5089051645917195 -413.1941142838326 14.999999999999927
    vertex 1.483349534308953 -413.0000000000057 5.000000000000181
    vertex 1.48334953430852 -413.0000000000057 14.999999999999927
  endloop
endfacet
facet normal -0.13052619221947195 -0.9914448613738868 -1.5481493154523428e-14
  outer loop
    vertex 2.427463818135438 -412.27555563028875 14.999999999999945
    vertex 2.2333495343087812 -412.25000000000557 5.000000000000181
    vertex 2.427463818135438 -412.27555563028875 5.000000000000181
  endloop
endfacet
facet normal -0.13052619221947195 -0.9914448613738868 -1.5481493154523428e-14
  outer loop
    vertex 2.2333495343087812 -412.25000000000557 5.000000000000181
    vertex 2.427463818135438 -412.27555563028875 14.999999999999945
    vertex 2.233349534308637 -412.25000000000585 14.999999999999945
  endloop
endfacet
facet normal 0.5631251684765205 0.7338790076440928 0.37988372795845327
  outer loop
    vertex 14.821237789174342 -481.1787622108369 10.523580981315966
    vertex 22.770353928244734 -485.84262239272493 7.749999999994989
    vertex 15.633600850433064 -480.36639914957817 7.749999999994989
  endloop
endfacet
facet normal 0.5631251684765205 0.7338790076440928 0.37988372795845327
  outer loop
    vertex 22.770353928244734 -485.84262239272493 7.749999999994989
    vertex 14.821237789174342 -481.1787622108369 10.523580981315966
    vertex 22.19592649884311 -486.83755988570954 10.523580981315966
  endloop
endfacet
facet normal -0.9914448613738018 -0.1305261922201167 -4.1019670213957266e-14
  outer loop
    vertex 2.9577939040252677 -412.80588571617875 14.999999999999961
    vertex 2.9833495343089007 -413.0000000000057 5.000000000000181
    vertex 2.9833495343084664 -413.0000000000057 14.999999999999961
  endloop
endfacet
facet normal -0.9914448613738018 -0.1305261922201167 -4.1019670213957266e-14
  outer loop
    vertex 2.9833495343089007 -413.0000000000057 5.000000000000181
    vertex 2.9577939040252677 -412.80588571617875 14.999999999999961
    vertex 2.9577939040256993 -412.80588571617903 5.000000000000181
  endloop
endfacet
facet normal 0.6314059586429565 0.48449483243747493 0.6054678131259762
  outer loop
    vertex 16.92588386093492 -479.0741161390763 5.368272016349668
    vertex 10.157377607286286 -473.22964607176647 7.749999999994989
    vertex 15.633600850433064 -480.36639914957817 7.749999999994989
  endloop
endfacet
facet normal 0.6314059586429565 0.48449483243747493 0.6054678131259762
  outer loop
    vertex 10.157377607286286 -473.22964607176647 7.749999999994989
    vertex 16.92588386093492 -479.0741161390763 5.368272016349668
    vertex 11.74009459678478 -472.3158639918286 5.368272016349668
  endloop
endfacet
facet normal 0.7338790076440883 0.5631251684765335 0.37988372795844266
  outer loop
    vertex 15.633600850433064 -480.36639914957817 7.749999999994989
    vertex 9.162440114301381 -473.8040735011683 10.523580981315966
    vertex 14.821237789174342 -481.1787622108369 10.523580981315966
  endloop
endfacet
facet normal 0.7338790076440883 0.5631251684765335 0.37988372795844266
  outer loop
    vertex 9.162440114301381 -473.8040735011683 10.523580981315966
    vertex 15.633600850433064 -480.36639914957817 7.749999999994989
    vertex 10.157377607286286 -473.22964607176647 7.749999999994989
  endloop
endfacet
facet normal 0.12074119758903065 0.9171204481621654 0.37988372795843167
  outer loop
    vertex 30.78393339499333 -490.3948288158486 10.523580981315966
    vertex 40.000000000005464 -490.45929214352725 7.749999999994989
    vertex 31.081278912510303 -489.2851202370729 7.749999999994989
  endloop
endfacet
facet normal 0.12074119758903065 0.9171204481621654 0.37988372795843167
  outer loop
    vertex 40.000000000005464 -490.45929214352725 7.749999999994989
    vertex 30.78393339499333 -490.3948288158486 10.523580981315966
    vertex 40.000000000005464 -491.6081470023302 10.523580981315966
  endloop
endfacet
facet normal 0.7352878122146089 0.3045661840669325 0.605467813125984
  outer loop
    vertex 11.74009459678478 -472.3158639918286 5.368272016349668
    vertex 6.714879762938318 -464.918721087501 7.749999999994989
    vertex 10.157377607286286 -473.22964607176647 7.749999999994989
  endloop
endfacet
facet normal 0.7352878122146089 0.3045661840669325 0.605467813125984
  outer loop
    vertex 6.714879762938318 -464.918721087501 7.749999999994989
    vertex 11.74009459678478 -472.3158639918286 5.368272016349668
    vertex 8.480171184162709 -464.44571267677816 5.368272016349668
  endloop
endfacet
facet normal 0.793353340291354 0.6087614290085659 1.6873300362671664e-14
  outer loop
    vertex 1.5838304814707258 -413.3750000000061 5.000000000000181
    vertex 1.7030194484186638 -413.5303300858957 14.999999999999927
    vertex 1.7030194484190977 -413.53033008589597 5.000000000000181
  endloop
endfacet
facet normal 0.793353340291354 0.6087614290085659 1.6873300362671664e-14
  outer loop
    vertex 1.7030194484186638 -413.5303300858957 14.999999999999927
    vertex 1.5838304814707258 -413.3750000000061 5.000000000000181
    vertex 1.5838304814702926 -413.3750000000058 14.999999999999927
  endloop
endfacet
facet normal -0.9238795325113701 -0.38268343236488855 -4.000799998286796e-14
  outer loop
    vertex 2.9577939040252677 -412.80588571617875 14.999999999999961
    vertex 2.8828685871472723 -412.6250000000056 5.000000000000181
    vertex 2.9577939040256993 -412.80588571617903 5.000000000000181
  endloop
endfacet
facet normal -0.9238795325113701 -0.38268343236488855 -4.000799998286796e-14
  outer loop
    vertex 2.8828685871472723 -412.6250000000056 5.000000000000181
    vertex 2.9577939040252677 -412.80588571617875 14.999999999999961
    vertex 2.882868587146838 -412.62500000000597 14.999999999999961
  endloop
endfacet
facet normal 0.793353340291364 -0.6087614290085529 2.295250767291628e-14
  outer loop
    vertex 1.703019448418954 -412.46966991411597 5.000000000000181
    vertex 1.5838304814702926 -412.62500000000597 14.999999999999927
    vertex 1.5838304814705815 -412.62500000000597 5.000000000000181
  endloop
endfacet
facet normal 0.793353340291364 -0.6087614290085529 2.295250767291628e-14
  outer loop
    vertex 1.5838304814702926 -412.62500000000597 14.999999999999927
    vertex 1.703019448418954 -412.46966991411597 5.000000000000181
    vertex 1.7030194484186638 -412.46966991411597 14.999999999999927
  endloop
endfacet
facet normal -0.6087614290087794 -0.7933533402911901 -1.7596110374129233e-14
  outer loop
    vertex 2.763679620198466 -412.46966991411597 14.999999999999961
    vertex 2.6083495343085517 -412.35048094716734 5.000000000000181
    vertex 2.763679620199044 -412.46966991411597 5.000000000000181
  endloop
endfacet
facet normal -0.6087614290087794 -0.7933533402911901 -1.7596110374129233e-14
  outer loop
    vertex 2.6083495343085517 -412.35048094716734 5.000000000000181
    vertex 2.763679620198466 -412.46966991411597 14.999999999999961
    vertex 2.6083495343085517 -412.35048094716734 14.999999999999961
  endloop
endfacet
facet normal 0.13052619221928113 -0.9914448613739117 -1.3595301873269534e-14
  outer loop
    vertex 2.233349534308637 -412.25000000000585 14.999999999999945
    vertex 2.039235250481692 -412.27555563028875 5.000000000000181
    vertex 2.2333495343087812 -412.25000000000557 5.000000000000181
  endloop
endfacet
facet normal 0.13052619221928113 -0.9914448613739117 -1.3595301873269534e-14
  outer loop
    vertex 2.039235250481692 -412.27555563028875 5.000000000000181
    vertex 2.233349534308637 -412.25000000000585 14.999999999999945
    vertex 2.039235250481692 -412.27555563028875 14.999999999999945
  endloop
endfacet
facet normal -0.793353340291264 -0.608761429008683 -4.908522163269169e-14
  outer loop
    vertex 2.763679620198466 -412.46966991411597 14.999999999999961
    vertex 2.8828685871472723 -412.6250000000056 5.000000000000181
    vertex 2.882868587146838 -412.62500000000597 14.999999999999961
  endloop
endfacet
facet normal -0.793353340291264 -0.608761429008683 -4.908522163269169e-14
  outer loop
    vertex 2.8828685871472723 -412.6250000000056 5.000000000000181
    vertex 2.763679620198466 -412.46966991411597 14.999999999999961
    vertex 2.763679620199044 -412.46966991411597 5.000000000000181
  endloop
endfacet
facet normal 0.6087614290081769 0.7933533402916524 1.31974021446858e-14
  outer loop
    vertex 1.7030194484186638 -413.5303300858957 14.999999999999927
    vertex 1.858349534308579 -413.64951905284374 5.000000000000181
    vertex 1.7030194484190977 -413.53033008589597 5.000000000000181
  endloop
endfacet
facet normal 0.6087614290081769 0.7933533402916524 1.31974021446858e-14
  outer loop
    vertex 1.858349534308579 -413.64951905284374 5.000000000000181
    vertex 1.7030194484186638 -413.5303300858957 14.999999999999927
    vertex 1.858349534308579 -413.6495190528441 14.999999999999927
  endloop
endfacet
facet normal 0.6087614290081612 0.7933533402916646 1.8268635475783908e-14
  outer loop
    vertex 43.545563188031366 -494.2969805516028 14.999999999999945
    vertex 43.70089327392099 -494.4161695185506 5.000000000000181
    vertex 43.545563188031366 -494.2969805516028 5.000000000000181
  endloop
endfacet
facet normal 0.6087614290081612 0.7933533402916646 1.8268635475783908e-14
  outer loop
    vertex 43.70089327392099 -494.4161695185506 5.000000000000181
    vertex 43.545563188031366 -494.2969805516028 14.999999999999945
    vertex 43.700893273921146 -494.4161695185511 14.999999999999945
  endloop
endfacet
facet normal 0.12942830799558497 0.9831056027603466 0.12942830799564609
  outer loop
    vertex 30.68251437631438 -490.7733297464123 13.499999999994978
    vertex 40.000000000005464 -491.6081470023302 10.523580981315966
    vertex 30.78393339499333 -490.3948288158486 10.523580981315966
  endloop
endfacet
facet normal 0.12942830799558497 0.9831056027603466 0.12942830799564609
  outer loop
    vertex 40.000000000005464 -491.6081470023302 10.523580981315966
    vertex 30.68251437631438 -490.7733297464123 13.499999999994978
    vertex 40.000000000005755 -492.0000000000065 13.499999999994978
  endloop
endfacet
facet normal -0.3826834323641329 0.9238795325116832 -8.302335034326781e-15
  outer loop
    vertex 2.427463818135438 -413.7244443697226 14.999999999999945
    vertex 2.6083495343088408 -413.64951905284437 5.000000000000181
    vertex 2.4274638181355823 -413.72444436972233 5.000000000000181
  endloop
endfacet
facet normal -0.3826834323641329 0.9238795325116832 -8.302335034326781e-15
  outer loop
    vertex 2.6083495343088408 -413.64951905284437 5.000000000000181
    vertex 2.427463818135438 -413.7244443697226 14.999999999999945
    vertex 2.6083495343085517 -413.6495190528441 14.999999999999945
  endloop
endfacet
facet normal -3.473297936649615e-15 2.638231708703253e-14 -0.9999999999999999
  outer loop
    vertex 43.35144890420429 -493.57253618188616 14.999999999999961
    vertex 43.351448904204425 -493.9607647495398 14.999999999999961
    vertex 43.325893273921075 -493.7666504657131 14.999999999999961
  endloop
endfacet
facet normal -3.473297936649615e-15 2.638231708703253e-14 -0.9999999999999999
  outer loop
    vertex 43.351448904204425 -493.9607647495398 14.999999999999961
    vertex 43.35144890420429 -493.57253618188616 14.999999999999961
    vertex 43.42637422108286 -493.39165046571276 14.99999999999998
  endloop
endfacet
facet normal -3.473297936649615e-15 2.638231708703253e-14 -0.9999999999999999
  outer loop
    vertex 43.351448904204425 -493.9607647495398 14.999999999999961
    vertex 43.42637422108286 -493.39165046571276 14.99999999999998
    vertex 43.42637422108286 -494.1416504657128 14.999999999999961
  endloop
endfacet
facet normal -3.473297936649615e-15 2.638231708703253e-14 -0.9999999999999999
  outer loop
    vertex 43.42637422108286 -494.1416504657128 14.999999999999961
    vertex 43.42637422108286 -493.39165046571276 14.99999999999998
    vertex 43.54556318803123 -493.2363203798231 14.99999999999998
  endloop
endfacet
facet normal -3.473297936649615e-15 2.638231708703253e-14 -0.9999999999999999
  outer loop
    vertex 43.42637422108286 -494.1416504657128 14.999999999999961
    vertex 43.54556318803123 -493.2363203798231 14.99999999999998
    vertex 43.545563188031366 -494.2969805516028 14.999999999999945
  endloop
endfacet
facet normal -3.473297936649615e-15 2.638231708703253e-14 -0.9999999999999999
  outer loop
    vertex 43.545563188031366 -494.2969805516028 14.999999999999945
    vertex 43.54556318803123 -493.2363203798231 14.99999999999998
    vertex 43.700893273921146 -493.1171314128747 14.99999999999998
  endloop
endfacet
facet normal -3.473297936649615e-15 2.638231708703253e-14 -0.9999999999999999
  outer loop
    vertex 43.545563188031366 -494.2969805516028 14.999999999999945
    vertex 43.700893273921146 -493.1171314128747 14.99999999999998
    vertex 43.700893273921146 -494.4161695185511 14.999999999999945
  endloop
endfacet
facet normal -3.473297936649615e-15 2.638231708703253e-14 -0.9999999999999999
  outer loop
    vertex 43.700893273921146 -494.4161695185511 14.999999999999945
    vertex 43.700893273921146 -493.1171314128747 14.99999999999998
    vertex 43.88177899009423 -493.04220609599616 14.99999999999998
  endloop
endfacet
facet normal -3.473297936649615e-15 2.638231708703253e-14 -0.9999999999999999
  outer loop
    vertex 43.700893273921146 -494.4161695185511 14.999999999999945
    vertex 43.88177899009423 -493.04220609599616 14.99999999999998
    vertex 43.88177899009423 -494.49109483542975 14.999999999999945
  endloop
endfacet
facet normal -3.473297936649615e-15 2.638231708703253e-14 -0.9999999999999999
  outer loop
    vertex 43.88177899009423 -494.49109483542975 14.999999999999945
    vertex 43.88177899009423 -493.04220609599616 14.99999999999998
    vertex 44.075893273921174 -493.01665046571276 14.99999999999998
  endloop
endfacet
facet normal -3.473297936649615e-15 2.638231708703253e-14 -0.9999999999999999
  outer loop
    vertex 43.88177899009423 -494.49109483542975 14.999999999999945
    vertex 44.075893273921174 -493.01665046571276 14.99999999999998
    vertex 44.075893273921174 -494.5166504657124 14.999999999999945
  endloop
endfacet
facet normal -3.473297936649615e-15 2.638231708703253e-14 -0.9999999999999999
  outer loop
    vertex 44.075893273921174 -494.5166504657124 14.999999999999945
    vertex 44.075893273921174 -493.01665046571276 14.99999999999998
    vertex 44.270007557748 -493.0422060959959 14.99999999999998
  endloop
endfacet
facet normal -3.473297936649615e-15 2.638231708703253e-14 -0.9999999999999999
  outer loop
    vertex 44.075893273921174 -494.5166504657124 14.999999999999945
    vertex 44.270007557748 -493.0422060959959 14.99999999999998
    vertex 44.270007557748 -494.4910948354294 14.999999999999945
  endloop
endfacet
facet normal -3.473297936649615e-15 2.638231708703253e-14 -0.9999999999999999
  outer loop
    vertex 44.270007557748 -494.4910948354294 14.999999999999945
    vertex 44.270007557748 -493.0422060959959 14.99999999999998
    vertex 44.45089327392141 -493.1171314128739 14.99999999999998
  endloop
endfacet
facet normal -3.473297936649615e-15 2.638231708703253e-14 -0.9999999999999999
  outer loop
    vertex 44.270007557748 -494.4910948354294 14.999999999999945
    vertex 44.45089327392141 -493.1171314128739 14.99999999999998
    vertex 44.450893273921245 -494.4161695185511 14.999999999999945
  endloop
endfacet
facet normal -3.473297936649615e-15 2.638231708703253e-14 -0.9999999999999999
  outer loop
    vertex 44.450893273921245 -494.4161695185511 14.999999999999945
    vertex 44.45089327392141 -493.1171314128739 14.99999999999998
    vertex 44.60622335981103 -494.2969805516028 14.999999999999945
  endloop
endfacet
facet normal -3.473297936649615e-15 2.638231708703253e-14 -0.9999999999999999
  outer loop
    vertex 44.60622335981103 -494.2969805516028 14.999999999999945
    vertex 44.45089327392141 -493.1171314128739 14.99999999999998
    vertex 44.60622335981087 -493.2363203798231 14.99999999999998
  endloop
endfacet
facet normal -3.473297936649615e-15 2.638231708703253e-14 -0.9999999999999999
  outer loop
    vertex 44.60622335981103 -494.2969805516028 14.999999999999945
    vertex 44.60622335981087 -493.2363203798231 14.99999999999998
    vertex 44.725412326759376 -493.391650465713 14.999999999999961
  endloop
endfacet
facet normal -3.473297936649615e-15 2.638231708703253e-14 -0.9999999999999999
  outer loop
    vertex 44.60622335981103 -494.2969805516028 14.999999999999945
    vertex 44.725412326759376 -493.391650465713 14.999999999999961
    vertex 44.725412326759376 -494.1416504657132 14.999999999999945
  endloop
endfacet
facet normal -3.473297936649615e-15 2.638231708703253e-14 -0.9999999999999999
  outer loop
    vertex 44.725412326759376 -494.1416504657132 14.999999999999945
    vertex 44.725412326759376 -493.391650465713 14.999999999999961
    vertex 44.80033764363782 -493.57253618188645 14.999999999999961
  endloop
endfacet
facet normal -3.473297936649615e-15 2.638231708703253e-14 -0.9999999999999999
  outer loop
    vertex 44.725412326759376 -494.1416504657132 14.999999999999945
    vertex 44.80033764363782 -493.57253618188645 14.999999999999961
    vertex 44.80033764363782 -493.96076474954003 14.999999999999961
  endloop
endfacet
facet normal -3.473297936649615e-15 2.638231708703253e-14 -0.9999999999999999
  outer loop
    vertex 44.80033764363782 -493.96076474954003 14.999999999999961
    vertex 44.80033764363782 -493.57253618188645 14.999999999999961
    vertex 44.825893273921004 -493.7666504657131 14.999999999999961
  endloop
endfacet
facet normal 0.13052619221698025 0.9914448613742148 2.781077183980144e-14
  outer loop
    vertex 43.88177899009423 -494.49109483542975 14.999999999999945
    vertex 44.07589327392133 -494.516650465712 5.000000000000181
    vertex 43.88177899009396 -494.4910948354294 5.000000000000181
  endloop
endfacet
facet normal 0.13052619221698025 0.9914448613742148 2.781077183980144e-14
  outer loop
    vertex 44.07589327392133 -494.516650465712 5.000000000000181
    vertex 43.88177899009423 -494.49109483542975 14.999999999999945
    vertex 44.075893273921174 -494.5166504657124 14.999999999999945
  endloop
endfacet
facet normal 0.0 0.9999999999999999 0.0
  outer loop
    vertex 40.00000000000503 -330.0000000000058 105.00000000000014
    vertex 48.15178654783707 -330.0000000000058 5.000000000000181
    vertex 40.00000000000503 -330.0000000000058 5.000000000000181
  endloop
endfacet
facet normal 0.0 0.9999999999999999 0.0
  outer loop
    vertex 48.15178654783707 -330.0000000000058 5.000000000000181
    vertex 40.00000000000503 -330.0000000000058 105.00000000000014
    vertex 48.15178654783707 -330.0000000000058 105.00000000000014
  endloop
endfacet
facet normal -0.9238795325113448 0.3826834323649498 -3.871081575089485e-14
  outer loop
    vertex 2.882868587146838 -413.3750000000058 14.999999999999961
    vertex 2.9577939040256993 -413.1941142838326 5.000000000000181
    vertex 2.882868587147127 -413.3750000000061 5.000000000000181
  endloop
endfacet
facet normal -0.9238795325113448 0.3826834323649498 -3.871081575089485e-14
  outer loop
    vertex 2.9577939040256993 -413.1941142838326 5.000000000000181
    vertex 2.882868587146838 -413.3750000000058 14.999999999999961
    vertex 2.9577939040252677 -413.1941142838326 14.999999999999961
  endloop
endfacet
facet normal 0.48449483243746705 0.6314059586429664 0.6054678131259723
  outer loop
    vertex 15.633600850433064 -480.36639914957817 7.749999999994989
    vertex 23.68413600818269 -484.25990540322607 5.368272016349668
    vertex 16.92588386093492 -479.0741161390763 5.368272016349668
  endloop
endfacet
facet normal 0.48449483243746705 0.6314059586429664 0.6054678131259723
  outer loop
    vertex 23.68413600818269 -484.25990540322607 5.368272016349668
    vertex 15.633600850433064 -480.36639914957817 7.749999999994989
    vertex 22.770353928244734 -485.84262239272493 7.749999999994989
  endloop
endfacet
facet normal -0.02454122852292187 0.999698818696204 0.0
  outer loop
    vertex 38.03729302690816 -330.0481817517989 105.00000000000014
    vertex 40.00000000000503 -330.0000000000058 5.000000000000181
    vertex 38.03729302690816 -330.0481817517989 5.000000000000181
  endloop
endfacet
facet normal -0.02454122852292187 0.999698818696204 0.0
  outer loop
    vertex 40.00000000000503 -330.0000000000058 5.000000000000181
    vertex 38.03729302690816 -330.0481817517989 105.00000000000014
    vertex 40.00000000000503 -330.0000000000058 105.00000000000014
  endloop
endfacet
facet normal -0.9924795345987145 -0.12241067519918021 0.0
  outer loop
    vertex 0.1926109331173528 -459.92068561318854 105.00000000000014
    vertex 0.4329396014139047 -461.86921897822054 5.000000000000181
    vertex 0.4329396014139047 -461.86921897822054 105.00000000000014
  endloop
endfacet
facet normal -0.9924795345987145 -0.12241067519918021 0.0
  outer loop
    vertex 0.4329396014139047 -461.86921897822054 5.000000000000181
    vertex 0.1926109331173528 -459.92068561318854 105.00000000000014
    vertex 0.1926109331173528 -459.92068561318854 5.000000000000181
  endloop
endfacet
facet normal 0.0 -0.9999999999999999 0.0
  outer loop
    vertex 48.15178654783707 -496.00000000000585 105.00000000000014
    vertex 40.0000000000046 -496.00000000000585 5.000000000000181
    vertex 48.15178654783707 -496.00000000000585 5.000000000000181
  endloop
endfacet
facet normal 0.0 -0.9999999999999999 0.0
  outer loop
    vertex 40.0000000000046 -496.00000000000585 5.000000000000181
    vertex 48.15178654783707 -496.00000000000585 105.00000000000014
    vertex 40.0000000000046 -496.00000000000585 105.00000000000014
  endloop
endfacet
facet normal -0.9852776423890103 0.17096188875990292 0.0
  outer loop
    vertex 0.7685887838759186 -362.19638711936096 105.00000000000014
    vertex 0.4329396014153485 -364.1307810217918 5.000000000000181
    vertex 0.4329396014153485 -364.1307810217918 105.00000000000014
  endloop
endfacet
facet normal -0.9852776423890103 0.17096188875990292 0.0
  outer loop
    vertex 0.4329396014153485 -364.1307810217918 5.000000000000181
    vertex 0.7685887838759186 -362.19638711936096 105.00000000000014
    vertex 0.7685887838759186 -362.19638711936096 5.000000000000181
  endloop
endfacet
facet normal -0.6531728429536912 -0.7572088465065584 0.0
  outer loop
    vertex 14.624268633459273 -486.920418134515 105.00000000000014
    vertex 13.137641806124353 -485.63804501420424 5.000000000000181
    vertex 14.624268633459273 -486.920418134515 5.000000000000181
  endloop
endfacet
facet normal -0.6531728429536912 -0.7572088465065584 0.0
  outer loop
    vertex 13.137641806124353 -485.63804501420424 5.000000000000181
    vertex 14.624268633459273 -486.920418134515 105.00000000000014
    vertex 13.137641806124353 -485.63804501420424 105.00000000000014
  endloop
endfacet
facet normal -0.26671275747487944 0.9637760657954452 0.0
  outer loop
    vertex 28.38861290982613 -331.7223865707178 105.00000000000014
    vertex 30.28079280387405 -331.1987498722244 5.000000000000181
    vertex 28.38861290982613 -331.7223865707178 5.000000000000181
  endloop
endfacet
facet normal -0.26671275747487944 0.9637760657954452 0.0
  outer loop
    vertex 30.28079280387405 -331.1987498722244 5.000000000000181
    vertex 28.38861290982613 -331.7223865707178 105.00000000000014
    vertex 30.28079280387405 -331.1987498722244 105.00000000000014
  endloop
endfacet
facet normal -0.12241067519917137 -0.9924795345987156 0.0
  outer loop
    vertex 36.079314386822446 -495.80738906689396 105.00000000000014
    vertex 34.13078102179036 -495.56706039859745 5.000000000000181
    vertex 36.079314386822446 -495.80738906689396 5.000000000000181
  endloop
endfacet
facet normal -0.12241067519917137 -0.9924795345987156 0.0
  outer loop
    vertex 34.13078102179036 -495.56706039859745 5.000000000000181
    vertex 36.079314386822446 -495.80738906689396 105.00000000000014
    vertex 34.13078102179036 -495.56706039859745 105.00000000000014
  endloop
endfacet
facet normal -0.17096188876048632 -0.9852776423889091 0.0
  outer loop
    vertex 34.13078102179036 -495.56706039859745 105.00000000000014
    vertex 32.1963871193598 -495.2314112161348 5.000000000000181
    vertex 34.13078102179036 -495.56706039859745 5.000000000000181
  endloop
endfacet
facet normal -0.17096188876048632 -0.9852776423889091 0.0
  outer loop
    vertex 32.1963871193598 -495.2314112161348 5.000000000000181
    vertex 34.13078102179036 -495.56706039859745 105.00000000000014
    vertex 32.1963871193598 -495.2314112161348 105.00000000000014
  endloop
endfacet
facet normal -0.7572088465064296 -0.6531728429538406 0.0
  outer loop
    vertex 9.079581865495598 -481.3757313665522 105.00000000000014
    vertex 10.361954985806424 -482.8623581938866 5.000000000000181
    vertex 10.361954985806424 -482.8623581938866 105.00000000000014
  endloop
endfacet
facet normal -0.7572088465064296 -0.6531728429538406 0.0
  outer loop
    vertex 10.361954985806424 -482.8623581938866 5.000000000000181
    vertex 9.079581865495598 -481.3757313665522 105.00000000000014
    vertex 9.079581865495598 -481.3757313665522 5.000000000000181
  endloop
endfacet
facet normal -0.35989503653488936 0.9329927988347769 0.0
  outer loop
    vertex 24.69266270540101 -333.0448186995545 105.00000000000014
    vertex 26.52440586431599 -332.3382373926854 5.000000000000181
    vertex 24.69266270540101 -333.0448186995545 5.000000000000181
  endloop
endfacet
facet normal -0.35989503653488936 0.9329927988347769 0.0
  outer loop
    vertex 26.52440586431599 -332.3382373926854 5.000000000000181
    vertex 24.69266270540101 -333.0448186995545 105.00000000000014
    vertex 26.52440586431599 -332.3382373926854 105.00000000000014
  endloop
endfacet
facet normal -0.8700869911087963 0.49289819222963444 0.0
  outer loop
    vertex 5.6908555999942125 -349.43589023227673 105.00000000000014
    vertex 4.72314942607096 -351.1441305269661 5.000000000000181
    vertex 4.72314942607096 -351.1441305269661 105.00000000000014
  endloop
endfacet
facet normal -0.8700869911087963 0.49289819222963444 0.0
  outer loop
    vertex 4.72314942607096 -351.1441305269661 5.000000000000181
    vertex 5.6908555999942125 -349.43589023227673 105.00000000000014
    vertex 5.6908555999942125 -349.43589023227673 5.000000000000181
  endloop
endfacet
facet normal -0.359895036535244 -0.9329927988346403 0.0
  outer loop
    vertex 26.524405864315845 -493.661762607327 105.00000000000014
    vertex 24.692662705401442 -492.95518130045707 5.000000000000181
    vertex 26.524405864315845 -493.661762607327 5.000000000000181
  endloop
endfacet
facet normal -0.359895036535244 -0.9329927988346403 0.0
  outer loop
    vertex 24.692662705401442 -492.95518130045707 5.000000000000181
    vertex 26.524405864315845 -493.661762607327 105.00000000000014
    vertex 24.692662705401442 -492.95518130045707 105.00000000000014
  endloop
endfacet
facet normal -0.9972904566788544 0.07356456359743987 0.0
  outer loop
    vertex 0.19261093312298375 -366.07931438682374 105.00000000000014
    vertex 0.048181751808286884 -368.0372930269099 5.000000000000181
    vertex 0.048181751808286884 -368.0372930269099 105.00000000000014
  endloop
endfacet
facet normal -0.9972904566788544 0.07356456359743987 0.0
  outer loop
    vertex 0.048181751808286884 -368.0372930269099 5.000000000000181
    vertex 0.19261093312298375 -366.07931438682374 105.00000000000014
    vertex 0.19261093312298375 -366.07931438682374 5.000000000000181
  endloop
endfacet
facet normal -0.817584813151528 0.5758081914179246 0.0
  outer loop
    vertex 7.871698740779345 -346.17202782030813 105.00000000000014
    vertex 6.74121550790317 -347.7771906792216 5.000000000000181
    vertex 6.74121550790317 -347.7771906792216 105.00000000000014
  endloop
endfacet
facet normal -0.817584813151528 0.5758081914179246 0.0
  outer loop
    vertex 6.74121550790317 -347.7771906792216 5.000000000000181
    vertex 7.871698740779345 -346.17202782030813 105.00000000000014
    vertex 7.871698740779345 -346.17202782030813 5.000000000000181
  endloop
endfacet
facet normal -0.949528180593035 -0.31368174039889646 0.0
  outer loop
    vertex 1.722386570716535 -467.6113870901843 105.00000000000014
    vertex 2.338237392683995 -469.47559413569445 5.000000000000181
    vertex 2.338237392683995 -469.47559413569445 105.00000000000014
  endloop
endfacet
facet normal -0.949528180593035 -0.31368174039889646 0.0
  outer loop
    vertex 2.338237392683995 -469.47559413569445 5.000000000000181
    vertex 1.722386570716535 -467.6113870901843 105.00000000000014
    vertex 1.722386570716535 -467.6113870901843 5.000000000000181
  endloop
endfacet
facet normal -0.932992798834684 0.3598950365351308 0.0
  outer loop
    vertex 3.0448186995536486 -354.69266270540226 105.00000000000014
    vertex 2.338237392683995 -356.524405864317 5.000000000000181
    vertex 2.338237392683995 -356.524405864317 105.00000000000014
  endloop
endfacet
facet normal -0.932992798834684 0.3598950365351308 0.0
  outer loop
    vertex 2.338237392683995 -356.524405864317 5.000000000000181
    vertex 3.0448186995536486 -354.69266270540226 105.00000000000014
    vertex 3.0448186995536486 -354.69266270540226 5.000000000000181
  endloop
endfacet
facet normal -0.405241314005024 0.9142097557035155 0.0
  outer loop
    vertex 22.89779626279338 -333.84042827506835 105.00000000000014
    vertex 24.69266270540101 -333.0448186995545 5.000000000000181
    vertex 22.89779626279338 -333.84042827506835 5.0000000000001625
  endloop
endfacet
facet normal -0.405241314005024 0.9142097557035155 0.0
  outer loop
    vertex 24.69266270540101 -333.0448186995545 5.000000000000181
    vertex 22.89779626279338 -333.84042827506835 105.00000000000014
    vertex 24.69266270540101 -333.0448186995545 105.00000000000014
  endloop
endfacet
facet normal -0.9142097557035579 -0.40524131400492824 0.0
  outer loop
    vertex 3.0448186995536486 -471.3073372946101 105.00000000000014
    vertex 3.8404282750671492 -473.1022037372175 5.000000000000181
    vertex 3.8404282750671492 -473.1022037372175 105.00000000000014
  endloop
endfacet
facet normal -0.9142097557035579 -0.40524131400492824 0.0
  outer loop
    vertex 3.8404282750671492 -473.1022037372175 5.000000000000181
    vertex 3.0448186995536486 -471.3073372946101 105.00000000000014
    vertex 3.0448186995536486 -471.3073372946101 5.000000000000181
  endloop
endfacet
facet normal -0.9142097557035288 0.40524131400499425 0.0
  outer loop
    vertex 3.8404282750674374 -352.8977962627945 105.00000000000014
    vertex 3.0448186995536486 -354.69266270540226 5.000000000000181
    vertex 3.0448186995536486 -354.69266270540226 105.00000000000014
  endloop
endfacet
facet normal -0.9142097557035288 0.40524131400499425 0.0
  outer loop
    vertex 3.0448186995536486 -354.69266270540226 5.000000000000181
    vertex 3.8404282750674374 -352.8977962627945 105.00000000000014
    vertex 3.8404282750674374 -352.8977962627945 5.000000000000181
  endloop
endfacet
facet normal -0.7883464276266283 -0.6152315905805987 0.0
  outer loop
    vertex 7.871698740779056 -479.82797217970335 105.00000000000014
    vertex 9.079581865495598 -481.3757313665522 5.000000000000181
    vertex 9.079581865495598 -481.3757313665522 105.00000000000014
  endloop
endfacet
facet normal -0.7883464276266283 -0.6152315905805987 0.0
  outer loop
    vertex 9.079581865495598 -481.3757313665522 5.000000000000181
    vertex 7.871698740779056 -479.82797217970335 105.00000000000014
    vertex 7.871698740779056 -479.82797217970335 5.000000000000181
  endloop
endfacet
facet normal -0.7242470829514445 -0.6895405447370905 0.0
  outer loop
    vertex 10.361954985806424 -482.8623581938866 105.00000000000014
    vertex 11.715728752543152 -484.2842712474677 5.000000000000181
    vertex 11.715728752543152 -484.2842712474677 105.00000000000014
  endloop
endfacet
facet normal -0.7242470829514445 -0.6895405447370905 0.0
  outer loop
    vertex 11.715728752543152 -484.2842712474677 5.000000000000181
    vertex 10.361954985806424 -482.8623581938866 105.00000000000014
    vertex 10.361954985806424 -482.8623581938866 5.000000000000181
  endloop
endfacet
facet normal -0.9757021300385099 0.21910124015695226 0.0
  outer loop
    vertex 1.1987498722234635 -360.2807928038759 105.00000000000014
    vertex 0.7685887838759186 -362.19638711936096 5.000000000000181
    vertex 0.7685887838759186 -362.19638711936096 105.00000000000014
  endloop
endfacet
facet normal -0.9757021300385099 0.21910124015695226 0.0
  outer loop
    vertex 0.7685887838759186 -362.19638711936096 5.000000000000181
    vertex 1.1987498722234635 -360.2807928038759 105.00000000000014
    vertex 1.1987498722234635 -360.2807928038759 5.000000000000181
  endloop
endfacet
facet normal -0.9972904566792218 -0.07356456359246175 0.0
  outer loop
    vertex 0.04818175181362903 -457.9627069731019 105.00000000000014
    vertex 0.1926109331173528 -459.92068561318854 5.000000000000181
    vertex 0.1926109331173528 -459.92068561318854 105.00000000000014
  endloop
endfacet
facet normal -0.9972904566792218 -0.07356456359246175 0.0
  outer loop
    vertex 0.1926109331173528 -459.92068561318854 5.000000000000181
    vertex 0.04818175181362903 -457.9627069731019 105.00000000000014
    vertex 0.04818175181362903 -457.9627069731019 5.000000000000181
  endloop
endfacet
facet normal -0.985277642388943 -0.17096188876029178 0.0
  outer loop
    vertex 0.4329396014139047 -461.86921897822054 105.00000000000014
    vertex 0.7685887838759186 -463.80361288065126 5.000000000000181
    vertex 0.7685887838759186 -463.80361288065126 105.00000000000014
  endloop
endfacet
facet normal -0.985277642388943 -0.17096188876029178 0.0
  outer loop
    vertex 0.7685887838759186 -463.80361288065126 5.000000000000181
    vertex 0.4329396014139047 -461.86921897822054 105.00000000000014
    vertex 0.4329396014139047 -461.86921897822054 5.000000000000181
  endloop
endfacet
facet normal 0.9999999999999999 -3.2780454486186404e-15 3.288514497054267e-16
  outer loop
    vertex 48.15178654783707 -496.00000000000585 5.000000000000181
    vertex 48.15178654783707 -492.0000000000065 13.499999999994944
    vertex 48.15178654783707 -496.00000000000585 105.00000000000014
  endloop
endfacet
facet normal 0.9999999999999999 -3.2780454486186404e-15 3.288514497054267e-16
  outer loop
    vertex 48.15178654783707 -492.0000000000065 13.499999999994944
    vertex 48.15178654783707 -496.00000000000585 5.000000000000181
    vertex 48.15178654783707 -491.6081470023305 10.523580981315893
  endloop
endfacet
facet normal 0.9999999999999999 -3.2780454486186404e-15 3.288514497054267e-16
  outer loop
    vertex 48.15178654783707 -491.6081470023305 10.523580981315893
    vertex 48.15178654783707 -496.00000000000585 5.000000000000181
    vertex 48.15178654783707 -490.45929214352725 7.749999999994989
  endloop
endfacet
facet normal 0.9999999999999999 -3.2780454486186404e-15 3.288514497054267e-16
  outer loop
    vertex 48.15178654783707 -490.45929214352725 7.749999999994989
    vertex 48.15178654783707 -496.00000000000585 5.000000000000181
    vertex 48.15178654783707 -488.63172798365133 5.368272016349705
  endloop
endfacet
facet normal 0.9999999999999999 -3.2780454486186404e-15 3.288514497054267e-16
  outer loop
    vertex 48.15178654783707 -488.63172798365133 5.368272016349705
    vertex 48.15178654783707 -496.00000000000585 5.000000000000181
    vertex 48.15178654783707 -488.15178654783745 5.000000000000181
  endloop
endfacet
facet normal 0.9999999999999999 -3.2780454486186404e-15 3.288514497054267e-16
  outer loop
    vertex 48.15178654783707 -496.00000000000585 105.00000000000014
    vertex 48.15178654783707 -492.0000000000065 13.499999999994944
    vertex 48.15178654783707 -494.89985307256484 105.00000000000014
  endloop
endfacet
facet normal 0.9999999999999999 -3.2780454486186404e-15 3.288514497054267e-16
  outer loop
    vertex 48.15178654783707 -494.89985307256484 105.00000000000014
    vertex 48.15178654783707 -492.0000000000065 13.499999999994944
    vertex 48.15178654783676 -492.899853072565 101.00000000000014
  endloop
endfacet
facet normal 0.9999999999999999 -3.2780454486186404e-15 3.288514497054267e-16
  outer loop
    vertex 48.15178654783676 -492.899853072565 101.00000000000014
    vertex 48.15178654783707 -492.0000000000065 96.50000000000537
    vertex 48.15178654783707 -490.89985307256495 105.00000000000014
  endloop
endfacet
facet normal 0.9999999999999999 -3.2780454486186404e-15 3.288514497054267e-16
  outer loop
    vertex 48.15178654783707 -492.0000000000065 96.50000000000537
    vertex 48.15178654783676 -492.899853072565 101.00000000000014
    vertex 48.15178654783707 -492.0000000000065 13.499999999994944
  endloop
endfacet
facet normal 0.9999999999999999 -3.2780454486186404e-15 3.288514497054267e-16
  outer loop
    vertex 48.15178654783707 -490.89985307256495 105.00000000000014
    vertex 48.15178654783707 -492.0000000000065 96.50000000000537
    vertex 48.15178654783707 -491.6081470023305 99.47641901868442
  endloop
endfacet
facet normal 0.9999999999999999 -3.2780454486186404e-15 3.288514497054267e-16
  outer loop
    vertex 48.15178654783707 -490.89985307256495 105.00000000000014
    vertex 48.15178654783707 -491.6081470023305 99.47641901868442
    vertex 48.15178654783707 -490.45929214352725 102.25000000000536
  endloop
endfacet
facet normal 0.9999999999999999 -3.2780454486186404e-15 3.288514497054267e-16
  outer loop
    vertex 48.15178654783707 -490.89985307256495 105.00000000000014
    vertex 48.15178654783707 -490.45929214352725 102.25000000000536
    vertex 48.15178654783707 -488.63172798365133 104.63172798365062
  endloop
endfacet
facet normal 0.9999999999999999 -3.2780454486186404e-15 3.288514497054267e-16
  outer loop
    vertex 48.15178654783707 -490.89985307256495 105.00000000000014
    vertex 48.15178654783707 -488.63172798365133 104.63172798365062
    vertex 48.15178654783707 -488.15178654783745 105.00000000000014
  endloop
endfacet
facet normal -0.8175848131515578 -0.5758081914178819 0.0
  outer loop
    vertex 6.741215507903025 -478.2228093207902 105.00000000000014
    vertex 7.871698740779056 -479.82797217970335 5.000000000000181
    vertex 7.871698740779056 -479.82797217970335 105.00000000000014
  endloop
endfacet
facet normal -0.8175848131515578 -0.5758081914178819 0.0
  outer loop
    vertex 7.871698740779056 -479.82797217970335 5.000000000000181
    vertex 6.741215507903025 -478.2228093207902 105.00000000000014
    vertex 6.741215507903025 -478.2228093207902 5.000000000000181
  endloop
endfacet
facet normal -0.963776065795464 0.26671275747481094 0.0
  outer loop
    vertex 1.7223865707166786 -358.388612909828 105.00000000000014
    vertex 1.1987498722234635 -360.2807928038759 5.000000000000181
    vertex 1.1987498722234635 -360.2807928038759 105.00000000000014
  endloop
endfacet
facet normal -0.963776065795464 0.26671275747481094 0.0
  outer loop
    vertex 1.1987498722234635 -360.2807928038759 5.000000000000181
    vertex 1.7223865707166786 -358.388612909828 105.00000000000014
    vertex 1.7223865707166786 -358.388612909828 5.000000000000181
  endloop
endfacet
facet normal -0.9757021300385351 -0.2191012401568404 0.0
  outer loop
    vertex 0.7685887838759186 -463.80361288065126 105.00000000000014
    vertex 1.1987498722233192 -465.7192071961367 5.000000000000181
    vertex 1.1987498722233192 -465.7192071961367 105.00000000000014
  endloop
endfacet
facet normal -0.9757021300385351 -0.2191012401568404 0.0
  outer loop
    vertex 1.1987498722233192 -465.7192071961367 5.000000000000181
    vertex 0.7685887838759186 -463.80361288065126 105.00000000000014
    vertex 0.7685887838759186 -463.80361288065126 5.000000000000181
  endloop
endfacet
facet normal 0.3826834323650641 0.9238795325112974 1.2732424722761968e-18
  outer loop
    vertex 22.0000000000051 -487.176914536246 96.50000000000531
    vertex 30.68251437631438 -490.7733297464123 13.499999999994978
    vertex 22.0000000000051 -487.176914536246 13.499999999994978
  endloop
endfacet
facet normal 0.3826834323650641 0.9238795325112974 1.2732424722761968e-18
  outer loop
    vertex 30.68251437631438 -490.7733297464123 13.499999999994978
    vertex 22.0000000000051 -487.176914536246 96.50000000000531
    vertex 30.68251437631438 -490.7733297464123 96.50000000000531
  endloop
endfacet
facet normal -0.9329927988347365 -0.35989503653499405 0.0
  outer loop
    vertex 2.338237392683995 -469.47559413569445 105.00000000000014
    vertex 3.0448186995536486 -471.3073372946101 5.000000000000181
    vertex 3.0448186995536486 -471.3073372946101 105.00000000000014
  endloop
endfacet
facet normal -0.9329927988347365 -0.35989503653499405 0.0
  outer loop
    vertex 3.0448186995536486 -471.3073372946101 5.000000000000181
    vertex 2.338237392683995 -469.47559413569445 105.00000000000014
    vertex 2.338237392683995 -469.47559413569445 5.000000000000181
  endloop
endfacet
facet normal -0.5349976198871702 0.8448535652496608 4.841156152891044e-19
  outer loop
    vertex 17.777190679221015 -336.7412155079042 105.00000000000014
    vertex 19.43589023227591 -335.6908555999952 5.0000000000001625
    vertex 17.777190679221015 -336.7412155079042 5.0000000000001625
  endloop
endfacet
facet normal -0.5349976198871702 0.8448535652496608 4.841156152891044e-19
  outer loop
    vertex 19.43589023227591 -335.6908555999952 5.0000000000001625
    vertex 17.777190679221015 -336.7412155079042 105.00000000000014
    vertex 19.43589023227591 -335.6908555999952 105.00000000000014
  endloop
endfacet
facet normal -0.2667127574750677 -0.963776065795393 0.0
  outer loop
    vertex 30.28079280387435 -494.8012501277873 105.00000000000014
    vertex 28.388612909826563 -494.27761342929335 5.000000000000181
    vertex 30.28079280387435 -494.8012501277873 5.000000000000181
  endloop
endfacet
facet normal -0.2667127574750677 -0.963776065795393 0.0
  outer loop
    vertex 28.388612909826563 -494.27761342929335 5.000000000000181
    vertex 30.28079280387435 -494.8012501277873 105.00000000000014
    vertex 28.388612909826563 -494.27761342929335 105.00000000000014
  endloop
endfacet
facet normal 0.9999999999999999 5.182171008477831e-15 3.449362037576953e-16
  outer loop
    vertex 48.15178654783707 -330.0000000000058 5.000000000000181
    vertex 48.15178654783707 -337.36827201636066 5.368272016354217
    vertex 48.15178654783707 -337.84821345218035 5.000000000000181
  endloop
endfacet
facet normal 0.9999999999999999 5.182171008477831e-15 3.449362037576953e-16
  outer loop
    vertex 48.15178654783707 -337.36827201636066 5.368272016354217
    vertex 48.15178654783707 -330.0000000000058 5.000000000000181
    vertex 48.15178654783707 -335.54070785648537 7.749999999999465
  endloop
endfacet
facet normal 0.9999999999999999 5.182171008477831e-15 3.449362037576953e-16
  outer loop
    vertex 48.15178654783707 -335.54070785648537 7.749999999999465
    vertex 48.15178654783707 -330.0000000000058 5.000000000000181
    vertex 48.15178654783707 -334.3918529976821 10.523580981320514
  endloop
endfacet
facet normal 0.9999999999999999 5.182171008477831e-15 3.449362037576953e-16
  outer loop
    vertex 48.15178654783707 -334.3918529976821 10.523580981320514
    vertex 48.15178654783707 -330.0000000000058 5.000000000000181
    vertex 48.15178654783707 -334.00000000000614 13.499999999999456
  endloop
endfacet
facet normal 0.9999999999999999 5.182171008477831e-15 3.449362037576953e-16
  outer loop
    vertex 48.15178654783707 -334.00000000000614 13.499999999999456
    vertex 48.15178654783707 -330.0000000000058 5.000000000000181
    vertex 48.15178654783707 -334.00000000000614 96.50000000000087
  endloop
endfacet
facet normal 0.9999999999999999 5.182171008477831e-15 3.449362037576953e-16
  outer loop
    vertex 48.15178654783707 -334.00000000000614 96.50000000000087
    vertex 48.15178654783707 -330.0000000000058 5.000000000000181
    vertex 48.15178654783676 -333.10014692744727 100.99999999999562
  endloop
endfacet
facet normal 0.9999999999999999 5.182171008477831e-15 3.449362037576953e-16
  outer loop
    vertex 48.15178654783676 -333.10014692744727 100.99999999999562
    vertex 48.15178654783707 -330.0000000000058 5.000000000000181
    vertex 48.15178654783707 -331.10014692744534 105.00000000000014
  endloop
endfacet
facet normal 0.9999999999999999 5.182171008477831e-15 3.449362037576953e-16
  outer loop
    vertex 48.15178654783707 -331.10014692744534 105.00000000000014
    vertex 48.15178654783707 -330.0000000000058 5.000000000000181
    vertex 48.15178654783707 -330.0000000000058 105.00000000000014
  endloop
endfacet
facet normal 0.9999999999999999 5.182171008477831e-15 3.449362037576953e-16
  outer loop
    vertex 48.15178654783707 -337.36827201636066 104.63172798364612
    vertex 48.15178654783718 -335.1001469274473 105.00000000000014
    vertex 48.15178654783707 -337.84821345218035 105.00000000000014
  endloop
endfacet
facet normal 0.9999999999999999 5.182171008477831e-15 3.449362037576953e-16
  outer loop
    vertex 48.15178654783718 -335.1001469274473 105.00000000000014
    vertex 48.15178654783707 -337.36827201636066 104.63172798364612
    vertex 48.15178654783707 -335.54070785648537 102.25000000000087
  endloop
endfacet
facet normal 0.9999999999999999 5.182171008477831e-15 3.449362037576953e-16
  outer loop
    vertex 48.15178654783718 -335.1001469274473 105.00000000000014
    vertex 48.15178654783707 -335.54070785648537 102.25000000000087
    vertex 48.15178654783707 -334.3918529976821 99.47641901867982
  endloop
endfacet
facet normal 0.9999999999999999 5.182171008477831e-15 3.449362037576953e-16
  outer loop
    vertex 48.15178654783718 -335.1001469274473 105.00000000000014
    vertex 48.15178654783707 -334.3918529976821 99.47641901867982
    vertex 48.15178654783676 -333.10014692744727 100.99999999999562
  endloop
endfacet
facet normal 0.9999999999999999 5.182171008477831e-15 3.449362037576953e-16
  outer loop
    vertex 48.15178654783676 -333.10014692744727 100.99999999999562
    vertex 48.15178654783707 -334.3918529976821 99.47641901867982
    vertex 48.15178654783707 -334.00000000000614 96.50000000000087
  endloop
endfacet
facet normal 0.0 -0.9999999999999999 0.0
  outer loop
    vertex 48.15178654783707 -334.00000000000614 96.50000000000087
    vertex 40.00000000000488 -334.00000000000614 13.499999999999671
    vertex 48.15178654783707 -334.00000000000614 13.499999999999456
  endloop
endfacet
facet normal 0.0 -0.9999999999999999 0.0
  outer loop
    vertex 40.00000000000488 -334.00000000000614 13.499999999999671
    vertex 48.15178654783707 -334.00000000000614 96.50000000000087
    vertex 40.00000000000488 -334.00000000000614 96.50000000000063
  endloop
endfacet
facet normal -0.9637760657954573 -0.2667127574748362 0.0
  outer loop
    vertex 1.1987498722233192 -465.7192071961367 105.00000000000014
    vertex 1.722386570716535 -467.6113870901843 5.000000000000181
    vertex 1.722386570716535 -467.6113870901843 105.00000000000014
  endloop
endfacet
facet normal -0.9637760657954573 -0.2667127574748362 0.0
  outer loop
    vertex 1.722386570716535 -467.6113870901843 5.000000000000181
    vertex 1.1987498722233192 -465.7192071961367 105.00000000000014
    vertex 1.1987498722233192 -465.7192071961367 5.000000000000181
  endloop
endfacet
facet normal -0.0735645635996783 -0.9972904566786894 0.0
  outer loop
    vertex 38.03729302690802 -495.95181824821304 105.00000000000014
    vertex 36.079314386822446 -495.80738906689396 5.000000000000181
    vertex 38.03729302690802 -495.95181824821304 5.000000000000181
  endloop
endfacet
facet normal -0.0735645635996783 -0.9972904566786894 0.0
  outer loop
    vertex 36.079314386822446 -495.80738906689396 5.000000000000181
    vertex 38.03729302690802 -495.95181824821304 105.00000000000014
    vertex 36.079314386822446 -495.80738906689396 105.00000000000014
  endloop
endfacet
facet normal -0.5349976198858855 -0.8448535652504745 0.0
  outer loop
    vertex 19.435890232277792 -490.30914440001425 105.00000000000014
    vertex 17.777190679221157 -489.2587844921074 5.000000000000181
    vertex 19.435890232277792 -490.30914440001425 5.000000000000181
  endloop
endfacet
facet normal -0.5349976198858855 -0.8448535652504745 0.0
  outer loop
    vertex 17.777190679221157 -489.2587844921074 5.000000000000181
    vertex 19.435890232277792 -490.30914440001425 105.00000000000014
    vertex 17.777190679221157 -489.2587844921074 105.00000000000014
  endloop
endfacet
facet normal -0.8448535652495319 -0.5349976198873739 0.0
  outer loop
    vertex 5.69085559999349 -476.56410976773526 105.00000000000014
    vertex 6.741215507903025 -478.2228093207902 5.000000000000181
    vertex 6.741215507903025 -478.2228093207902 105.00000000000014
  endloop
endfacet
facet normal -0.8448535652495319 -0.5349976198873739 0.0
  outer loop
    vertex 6.741215507903025 -478.2228093207902 5.000000000000181
    vertex 5.69085559999349 -476.56410976773526 105.00000000000014
    vertex 5.69085559999349 -476.56410976773526 5.000000000000181
  endloop
endfacet
facet normal -0.788346427626502 0.6152315905807604 0.0
  outer loop
    vertex 9.079581865495598 -344.62426863346036 105.00000000000014
    vertex 7.871698740779345 -346.17202782030813 5.000000000000181
    vertex 7.871698740779345 -346.17202782030813 105.00000000000014
  endloop
endfacet
facet normal -0.788346427626502 0.6152315905807604 0.0
  outer loop
    vertex 7.871698740779345 -346.17202782030813 5.000000000000181
    vertex 9.079581865495598 -344.62426863346036 105.00000000000014
    vertex 9.079581865495598 -344.62426863346036 5.000000000000181
  endloop
endfacet
facet normal -1.1807823398325183e-14 0.9999999999999999 0.0
  outer loop
    vertex 40.000000000005755 -492.0000000000065 13.499999999994978
    vertex 48.15178654783707 -492.0000000000065 96.50000000000537
    vertex 48.15178654783707 -492.0000000000065 13.499999999994944
  endloop
endfacet
facet normal -1.1807823398325183e-14 0.9999999999999999 0.0
  outer loop
    vertex 48.15178654783707 -492.0000000000065 96.50000000000537
    vertex 40.000000000005755 -492.0000000000065 13.499999999994978
    vertex 40.000000000005755 -492.0000000000065 96.50000000000531
  endloop
endfacet
facet normal -0.13052619221876066 0.9914448613739804 -2.8629442648912335e-14
  outer loop
    vertex 44.07589327392133 -494.516650465712 105.00000000000014
    vertex 44.270007557748 -494.4910948354294 95.00000000000038
    vertex 44.075893273921174 -494.5166504657124 95.00000000000038
  endloop
endfacet
facet normal -0.13052619221876066 0.9914448613739804 -2.8629442648912335e-14
  outer loop
    vertex 44.270007557748 -494.4910948354294 95.00000000000038
    vertex 44.07589327392133 -494.516650465712 105.00000000000014
    vertex 44.27000755774785 -494.4910948354291 105.00000000000014
  endloop
endfacet
facet normal 0.9914448613738146 -0.13052619222001957 3.769137629262843e-15
  outer loop
    vertex 43.35144890420429 -493.57253618188616 95.00000000000037
    vertex 43.325893273921075 -493.7666504657128 105.00000000000014
    vertex 43.325893273921075 -493.7666504657131 95.00000000000037
  endloop
endfacet
facet normal 0.9914448613738146 -0.13052619222001957 3.769137629262843e-15
  outer loop
    vertex 43.325893273921075 -493.7666504657128 105.00000000000014
    vertex 43.35144890420429 -493.57253618188616 95.00000000000037
    vertex 43.35144890420429 -493.5725361818859 105.00000000000014
  endloop
endfacet
facet normal 0.6087614290085659 -0.793353340291354 0.0
  outer loop
    vertex 43.700893273921146 -493.1171314128747 105.00000000000014
    vertex 43.54556318803123 -493.2363203798231 95.00000000000033
    vertex 43.700893273921146 -493.1171314128747 95.00000000000033
  endloop
endfacet
facet normal 0.6087614290085659 -0.793353340291354 0.0
  outer loop
    vertex 43.54556318803123 -493.2363203798231 95.00000000000033
    vertex 43.700893273921146 -493.1171314128747 105.00000000000014
    vertex 43.54556318803123 -493.2363203798231 105.00000000000014
  endloop
endfacet
facet normal -0.3826834323633732 -0.9238795325119977 1.3339196722397898e-14
  outer loop
    vertex 44.450893273921245 -493.1171314128739 105.00000000000014
    vertex 44.270007557748 -493.0422060959959 95.00000000000033
    vertex 44.45089327392141 -493.1171314128739 95.00000000000033
  endloop
endfacet
facet normal -0.3826834323633732 -0.9238795325119977 1.3339196722397898e-14
  outer loop
    vertex 44.270007557748 -493.0422060959959 95.00000000000033
    vertex 44.450893273921245 -493.1171314128739 105.00000000000014
    vertex 44.27000755774812 -493.04220609599565 105.00000000000014
  endloop
endfacet
facet normal 0.786680272595497 -0.6036410040731734 -0.12942830799560673
  outer loop
    vertex 8.823085463765192 -352.000000000006 96.5000000000006
    vertex 14.821237789174342 -344.82123778917514 99.47641901867958
    vertex 9.162440114301381 -352.1959264988436 99.47641901867958
  endloop
endfacet
facet normal 0.786680272595497 -0.6036410040731734 -0.12942830799560673
  outer loop
    vertex 14.821237789174342 -344.82123778917514 99.47641901867958
    vertex 8.823085463765192 -352.000000000006 96.5000000000006
    vertex 14.544155877289386 -344.5441558772902 96.5000000000006
  endloop
endfacet
facet normal 0.9238795325113236 -0.3826834323650008 1.1050588912259396e-14
  outer loop
    vertex 43.42637422108286 -493.39165046571276 95.00000000000033
    vertex 43.35144890420429 -493.5725361818859 105.00000000000014
    vertex 43.35144890420429 -493.57253618188616 95.00000000000037
  endloop
endfacet
facet normal 0.9238795325113236 -0.3826834323650008 1.1050588912259396e-14
  outer loop
    vertex 43.35144890420429 -493.5725361818859 105.00000000000014
    vertex 43.42637422108286 -493.39165046571276 95.00000000000033
    vertex 43.42637422108286 -493.3916504657125 105.00000000000014
  endloop
endfacet
facet normal -0.9914448613738686 -0.13052619221960943 4.330507440289016e-15
  outer loop
    vertex 44.800337643638116 -332.03923525047196 105.00000000000014
    vertex 44.82589327392116 -332.23334953429855 95.00000000000037
    vertex 44.82589327392116 -332.2333495342989 105.00000000000014
  endloop
endfacet
facet normal -0.9914448613738686 -0.13052619221960943 4.330507440289016e-15
  outer loop
    vertex 44.82589327392116 -332.23334953429855 95.00000000000037
    vertex 44.800337643638116 -332.03923525047196 105.00000000000014
    vertex 44.80033764363798 -332.0392352504716 95.00000000000037
  endloop
endfacet
facet normal -0.7933533402909977 0.60876142900903 -1.7578890261764957e-14
  outer loop
    vertex 44.72541232675953 -494.1416504657126 105.00000000000014
    vertex 44.60622335981103 -494.2969805516028 95.00000000000038
    vertex 44.60622335981087 -494.2969805516028 105.00000000000014
  endloop
endfacet
facet normal -0.7933533402909977 0.60876142900903 -1.7578890261764957e-14
  outer loop
    vertex 44.60622335981103 -494.2969805516028 95.00000000000038
    vertex 44.72541232675953 -494.1416504657126 105.00000000000014
    vertex 44.725412326759376 -494.1416504657132 95.00000000000038
  endloop
endfacet
facet normal 0.793353340290273 0.6087614290099743 2.3306128615057613e-14
  outer loop
    vertex 43.42637422108286 -494.1416504657128 95.00000000000037
    vertex 43.545563188031366 -494.2969805516028 105.00000000000014
    vertex 43.545563188031366 -494.2969805516028 95.00000000000038
  endloop
endfacet
facet normal 0.793353340290273 0.6087614290099743 2.3306128615057613e-14
  outer loop
    vertex 43.545563188031366 -494.2969805516028 105.00000000000014
    vertex 43.42637422108286 -494.1416504657128 95.00000000000037
    vertex 43.4263742210827 -494.1416504657135 105.00000000000014
  endloop
endfacet
facet normal -0.9238795325118003 -0.3826834323638498 1.1050552387115611e-14
  outer loop
    vertex 44.725412326759376 -493.3916504657125 105.00000000000014
    vertex 44.80033764363782 -493.57253618188645 95.00000000000037
    vertex 44.80033764363782 -493.57253618188645 105.00000000000014
  endloop
endfacet
facet normal -0.9238795325118003 -0.3826834323638498 1.1050552387115611e-14
  outer loop
    vertex 44.80033764363782 -493.57253618188645 95.00000000000037
    vertex 44.725412326759376 -493.3916504657125 105.00000000000014
    vertex 44.725412326759376 -493.391650465713 95.00000000000037
  endloop
endfacet
facet normal -0.9914448613736464 0.1305261922212978 1.0926498291525412e-14
  outer loop
    vertex 44.82589327392116 -332.2333495342989 105.00000000000014
    vertex 44.80033764363766 -332.42746381812526 95.00000000000037
    vertex 44.80033764363782 -332.4274638181255 105.00000000000014
  endloop
endfacet
facet normal -0.9914448613736464 0.1305261922212978 1.0926498291525412e-14
  outer loop
    vertex 44.80033764363766 -332.42746381812526 95.00000000000037
    vertex 44.82589327392116 -332.2333495342989 105.00000000000014
    vertex 44.82589327392116 -332.23334953429855 95.00000000000037
  endloop
endfacet
facet normal -0.9238795325111075 -0.38268343236552227 7.813884003692528e-15
  outer loop
    vertex 44.72541232675953 -331.85834953429844 105.00000000000014
    vertex 44.80033764363798 -332.0392352504716 95.00000000000037
    vertex 44.800337643638116 -332.03923525047196 105.00000000000014
  endloop
endfacet
facet normal -0.9238795325111075 -0.38268343236552227 7.813884003692528e-15
  outer loop
    vertex 44.80033764363798 -332.0392352504716 95.00000000000037
    vertex 44.72541232675953 -331.85834953429844 105.00000000000014
    vertex 44.725412326759376 -331.85834953429844 95.00000000000038
  endloop
endfacet
facet normal 0.7933533402912589 0.6087614290086898 4.967426708423198e-14
  outer loop
    vertex 43.545563188031366 -332.7636796201886 95.00000000000033
    vertex 43.42637422108297 -332.6083495342996 105.00000000000014
    vertex 43.54556318803123 -332.7636796201892 105.00000000000014
  endloop
endfacet
facet normal 0.7933533402912589 0.6087614290086898 4.967426708423198e-14
  outer loop
    vertex 43.42637422108297 -332.6083495342996 105.00000000000014
    vertex 43.545563188031366 -332.7636796201886 95.00000000000033
    vertex 43.42637422108297 -332.6083495342986 95.00000000000033
  endloop
endfacet
facet normal -0.9914448613737769 -0.13052619222030595 1.8845688146355553e-15
  outer loop
    vertex 44.825893273921004 -493.7666504657128 105.00000000000014
    vertex 44.80033764363782 -493.57253618188645 95.00000000000037
    vertex 44.825893273921004 -493.7666504657131 95.00000000000037
  endloop
endfacet
facet normal -0.9914448613737769 -0.13052619222030595 1.8845688146355553e-15
  outer loop
    vertex 44.80033764363782 -493.57253618188645 95.00000000000037
    vertex 44.825893273921004 -493.7666504657128 105.00000000000014
    vertex 44.80033764363782 -493.57253618188645 105.00000000000014
  endloop
endfacet
facet normal -0.7933533402909027 -0.6087614290091539 3.2095452423100045e-14
  outer loop
    vertex 44.725412326759376 -493.3916504657125 105.00000000000014
    vertex 44.60622335981087 -493.2363203798231 95.00000000000033
    vertex 44.725412326759376 -493.391650465713 95.00000000000037
  endloop
endfacet
facet normal -0.7933533402909027 -0.6087614290091539 3.2095452423100045e-14
  outer loop
    vertex 44.60622335981087 -493.2363203798231 95.00000000000033
    vertex 44.725412326759376 -493.3916504657125 105.00000000000014
    vertex 44.60622335981103 -493.2363203798228 105.00000000000014
  endloop
endfacet
facet normal -0.6087614290115986 -0.7933533402890269 1.1454627907723886e-14
  outer loop
    vertex 44.60622335981103 -493.2363203798228 105.00000000000014
    vertex 44.45089327392141 -493.1171314128739 95.00000000000033
    vertex 44.60622335981087 -493.2363203798231 95.00000000000033
  endloop
endfacet
facet normal -0.6087614290115986 -0.7933533402890269 1.1454627907723886e-14
  outer loop
    vertex 44.45089327392141 -493.1171314128739 95.00000000000033
    vertex 44.60622335981103 -493.2363203798228 105.00000000000014
    vertex 44.450893273921245 -493.1171314128739 105.00000000000014
  endloop
endfacet
facet normal 0.9238795325111077 -0.3826834323655221 1.3339196722385082e-14
  outer loop
    vertex 43.42637422108297 -331.85834953429844 95.00000000000037
    vertex 43.35144890420429 -332.03923525047196 105.00000000000014
    vertex 43.351448904204425 -332.03923525047196 95.00000000000037
  endloop
endfacet
facet normal 0.9238795325111077 -0.3826834323655221 1.3339196722385082e-14
  outer loop
    vertex 43.35144890420429 -332.03923525047196 105.00000000000014
    vertex 43.42637422108297 -331.85834953429844 95.00000000000037
    vertex 43.42637422108286 -331.85834953429844 105.00000000000014
  endloop
endfacet
facet normal -0.13052619221943787 -0.9914448613738912 -1.3372436917143403e-14
  outer loop
    vertex 44.27000755774812 -331.5089051645826 105.00000000000014
    vertex 44.07589327392133 -331.48334953429907 95.00000000000038
    vertex 44.270007557748 -331.5089051645822 95.00000000000038
  endloop
endfacet
facet normal -0.13052619221943787 -0.9914448613738912 -1.3372436917143403e-14
  outer loop
    vertex 44.07589327392133 -331.48334953429907 95.00000000000038
    vertex 44.27000755774812 -331.5089051645826 105.00000000000014
    vertex 44.07589327392133 -331.4833495342993 105.00000000000014
  endloop
endfacet
facet normal 0.130526192222318 0.9914448613735121 -4.330507440227757e-15
  outer loop
    vertex 43.88177899009383 -332.9577939040152 105.00000000000014
    vertex 44.07589327392133 -332.98334953429895 95.00000000000033
    vertex 43.88177899009411 -332.9577939040152 95.00000000000033
  endloop
endfacet
facet normal 0.130526192222318 0.9914448613735121 -4.330507440227757e-15
  outer loop
    vertex 44.07589327392133 -332.98334953429895 95.00000000000033
    vertex 43.88177899009383 -332.9577939040152 105.00000000000014
    vertex 44.075893273921174 -332.9833495342987 105.00000000000014
  endloop
endfacet
facet normal 0.923879532511346 0.38268343236494673 3.658462366430371e-14
  outer loop
    vertex 43.42637422108286 -494.1416504657128 95.00000000000037
    vertex 43.35144890420412 -493.96076474954003 105.00000000000014
    vertex 43.4263742210827 -494.1416504657135 105.00000000000014
  endloop
endfacet
facet normal 0.923879532511346 0.38268343236494673 3.658462366430371e-14
  outer loop
    vertex 43.35144890420412 -493.96076474954003 105.00000000000014
    vertex 43.42637422108286 -494.1416504657128 95.00000000000037
    vertex 43.351448904204425 -493.9607647495398 95.00000000000037
  endloop
endfacet
facet normal 0.9238795325107483 0.38268343236638996 3.038905558988017e-14
  outer loop
    vertex 43.42637422108297 -332.6083495342986 95.00000000000033
    vertex 43.35144890420412 -332.42746381812606 105.00000000000014
    vertex 43.42637422108297 -332.6083495342996 105.00000000000014
  endloop
endfacet
facet normal 0.9238795325107483 0.38268343236638996 3.038905558988017e-14
  outer loop
    vertex 43.35144890420412 -332.42746381812606 105.00000000000014
    vertex 43.42637422108297 -332.6083495342986 95.00000000000033
    vertex 43.35144890420412 -332.42746381812526 95.00000000000037
  endloop
endfacet
facet normal -0.13052619222021053 0.9914448613737896 -1.884679774584927e-15
  outer loop
    vertex 44.075893273921174 -332.9833495342987 105.00000000000014
    vertex 44.270007557748 -332.9577939040158 95.00000000000033
    vertex 44.07589327392133 -332.98334953429895 95.00000000000033
  endloop
endfacet
facet normal -0.13052619222021053 0.9914448613737896 -1.884679774584927e-15
  outer loop
    vertex 44.270007557748 -332.9577939040158 95.00000000000033
    vertex 44.075893273921174 -332.9833495342987 105.00000000000014
    vertex 44.27000755774785 -332.9577939040158 105.00000000000014
  endloop
endfacet
facet normal -0.6087614290114908 0.7933533402891095 1.4119810684532157e-14
  outer loop
    vertex 44.45089327392141 -332.88286858713786 105.00000000000014
    vertex 44.60622335981103 -332.7636796201886 95.00000000000033
    vertex 44.45089327392141 -332.88286858713747 95.00000000000033
  endloop
endfacet
facet normal -0.6087614290114908 0.7933533402891095 1.4119810684532157e-14
  outer loop
    vertex 44.60622335981103 -332.7636796201886 95.00000000000033
    vertex 44.45089327392141 -332.88286858713786 105.00000000000014
    vertex 44.60622335981072 -332.76367962018884 105.00000000000014
  endloop
endfacet
facet normal -0.6087614290089218 0.7933533402910807 -8.789445130880886e-15
  outer loop
    vertex 44.45089327392109 -494.4161695185511 105.00000000000014
    vertex 44.60622335981103 -494.2969805516028 95.00000000000038
    vertex 44.450893273921245 -494.4161695185511 95.00000000000038
  endloop
endfacet
facet normal -0.6087614290089218 0.7933533402910807 -8.789445130880886e-15
  outer loop
    vertex 44.60622335981103 -494.2969805516028 95.00000000000038
    vertex 44.45089327392109 -494.4161695185511 105.00000000000014
    vertex 44.60622335981087 -494.2969805516028 105.00000000000014
  endloop
endfacet
facet normal -0.3826834323643938 -0.9238795325115751 -2.3915755348000925e-14
  outer loop
    vertex 44.45089327392109 -331.58383048146084 105.00000000000014
    vertex 44.270007557748 -331.5089051645822 95.00000000000038
    vertex 44.45089327392109 -331.58383048146015 95.00000000000038
  endloop
endfacet
facet normal -0.3826834323643938 -0.9238795325115751 -2.3915755348000925e-14
  outer loop
    vertex 44.270007557748 -331.5089051645822 95.00000000000038
    vertex 44.45089327392109 -331.58383048146084 105.00000000000014
    vertex 44.27000755774812 -331.5089051645826 105.00000000000014
  endloop
endfacet
facet normal -0.9914448613738146 0.13052619222001957 -3.769137629262843e-15
  outer loop
    vertex 44.80033764363782 -493.9607647495398 105.00000000000014
    vertex 44.825893273921004 -493.7666504657131 95.00000000000037
    vertex 44.80033764363782 -493.96076474954003 95.00000000000037
  endloop
endfacet
facet normal -0.9914448613738146 0.13052619222001957 -3.769137629262843e-15
  outer loop
    vertex 44.825893273921004 -493.7666504657131 95.00000000000037
    vertex 44.80033764363782 -493.9607647495398 105.00000000000014
    vertex 44.825893273921004 -493.7666504657128 105.00000000000014
  endloop
endfacet
facet normal -0.7933533402905052 -0.608761429009672 -1.5849350473191133e-14
  outer loop
    vertex 44.6062233598106 -331.70301944840867 105.00000000000014
    vertex 44.725412326759376 -331.85834953429844 95.00000000000038
    vertex 44.72541232675953 -331.85834953429844 105.00000000000014
  endloop
endfacet
facet normal -0.7933533402905052 -0.608761429009672 -1.5849350473191133e-14
  outer loop
    vertex 44.725412326759376 -331.85834953429844 95.00000000000038
    vertex 44.6062233598106 -331.70301944840867 105.00000000000014
    vertex 44.60622335981103 -331.70301944840867 95.00000000000038
  endloop
endfacet
facet normal -0.9238795325113907 0.3826834323648387 -9.90626674463228e-15
  outer loop
    vertex 44.72541232675953 -494.1416504657126 105.00000000000014
    vertex 44.80033764363782 -493.96076474954003 95.00000000000037
    vertex 44.725412326759376 -494.1416504657132 95.00000000000038
  endloop
endfacet
facet normal -0.9238795325113907 0.3826834323648387 -9.90626674463228e-15
  outer loop
    vertex 44.80033764363782 -493.96076474954003 95.00000000000037
    vertex 44.72541232675953 -494.1416504657126 105.00000000000014
    vertex 44.80033764363782 -493.9607647495398 105.00000000000014
  endloop
endfacet
facet normal -0.7933533402908197 0.6087614290092622 1.1851651908502203e-14
  outer loop
    vertex 44.72541232675953 -332.60834953429895 105.00000000000014
    vertex 44.60622335981103 -332.7636796201886 95.00000000000033
    vertex 44.60622335981072 -332.76367962018884 105.00000000000014
  endloop
endfacet
facet normal -0.7933533402908197 0.6087614290092622 1.1851651908502203e-14
  outer loop
    vertex 44.60622335981103 -332.7636796201886 95.00000000000033
    vertex 44.72541232675953 -332.60834953429895 105.00000000000014
    vertex 44.725412326759376 -332.6083495342986 95.00000000000037
  endloop
endfacet
facet normal 0.6087614290076914 0.793353340292025 4.4485920242616504e-14
  outer loop
    vertex 43.54556318803123 -332.7636796201892 105.00000000000014
    vertex 43.70089327392126 -332.8828685871369 95.00000000000033
    vertex 43.545563188031366 -332.7636796201886 95.00000000000033
  endloop
endfacet
facet normal 0.6087614290076914 0.793353340292025 4.4485920242616504e-14
  outer loop
    vertex 43.70089327392126 -332.8828685871369 95.00000000000033
    vertex 43.54556318803123 -332.7636796201892 105.00000000000014
    vertex 43.70089327392126 -332.88286858713724 105.00000000000014
  endloop
endfacet
facet normal 0.7933533402913004 -0.6087614290086356 1.851473017350315e-14
  outer loop
    vertex 43.545563188031366 -331.70301944840884 95.00000000000038
    vertex 43.42637422108286 -331.85834953429844 105.00000000000014
    vertex 43.42637422108297 -331.85834953429844 95.00000000000037
  endloop
endfacet
facet normal 0.7933533402913004 -0.6087614290086356 1.851473017350315e-14
  outer loop
    vertex 43.42637422108286 -331.85834953429844 105.00000000000014
    vertex 43.545563188031366 -331.70301944840884 95.00000000000038
    vertex 43.54556318803092 -331.7030194484092 105.00000000000014
  endloop
endfacet
facet normal 0.9914448613739578 0.13052619221893225 1.4695635920690796e-14
  outer loop
    vertex 43.35144890420412 -332.42746381812526 95.00000000000037
    vertex 43.325893273921075 -332.2333495342991 105.00000000000014
    vertex 43.35144890420412 -332.42746381812606 105.00000000000014
  endloop
endfacet
facet normal 0.9914448613739578 0.13052619221893225 1.4695635920690796e-14
  outer loop
    vertex 43.325893273921075 -332.2333495342991 105.00000000000014
    vertex 43.35144890420412 -332.42746381812526 95.00000000000037
    vertex 43.32589327392123 -332.23334953429855 95.00000000000037
  endloop
endfacet
facet normal -0.6087614290084038 -0.7933533402914783 -3.036610955794919e-14
  outer loop
    vertex 44.6062233598106 -331.70301944840867 105.00000000000014
    vertex 44.45089327392109 -331.58383048146015 95.00000000000038
    vertex 44.60622335981103 -331.70301944840867 95.00000000000038
  endloop
endfacet
facet normal -0.6087614290084038 -0.7933533402914783 -3.036610955794919e-14
  outer loop
    vertex 44.45089327392109 -331.58383048146015 95.00000000000038
    vertex 44.6062233598106 -331.70301944840867 105.00000000000014
    vertex 44.45089327392109 -331.58383048146084 105.00000000000014
  endloop
endfacet
facet normal -0.9238795325118452 0.3826834323637418 2.4389749109508218e-14
  outer loop
    vertex 44.80033764363782 -332.4274638181255 105.00000000000014
    vertex 44.725412326759376 -332.6083495342986 95.00000000000037
    vertex 44.72541232675953 -332.60834953429895 105.00000000000014
  endloop
endfacet
facet normal -0.9238795325118452 0.3826834323637418 2.4389749109508218e-14
  outer loop
    vertex 44.725412326759376 -332.6083495342986 95.00000000000037
    vertex 44.80033764363782 -332.4274638181255 105.00000000000014
    vertex 44.80033764363766 -332.42746381812526 95.00000000000037
  endloop
endfacet
facet normal 0.13052619221820738 -0.9914448613740533 -2.147208198668589e-14
  outer loop
    vertex 44.07589327392133 -331.4833495342993 105.00000000000014
    vertex 43.88177899009438 -331.5089051645819 95.00000000000038
    vertex 44.07589327392133 -331.48334953429907 95.00000000000038
  endloop
endfacet
facet normal 0.13052619221820738 -0.9914448613740533 -2.147208198668589e-14
  outer loop
    vertex 43.88177899009438 -331.5089051645819 95.00000000000038
    vertex 44.07589327392133 -331.4833495342993 105.00000000000014
    vertex 43.88177899009438 -331.5089051645822 105.00000000000014
  endloop
endfacet
facet normal 0.38268343236473074 0.9238795325114356 2.5534071277155117e-14
  outer loop
    vertex 43.70089327392126 -332.88286858713724 105.00000000000014
    vertex 43.88177899009411 -332.9577939040152 95.00000000000033
    vertex 43.70089327392126 -332.8828685871369 95.00000000000033
  endloop
endfacet
facet normal 0.38268343236473074 0.9238795325114356 2.5534071277155117e-14
  outer loop
    vertex 43.88177899009411 -332.9577939040152 95.00000000000033
    vertex 43.70089327392126 -332.88286858713724 105.00000000000014
    vertex 43.88177899009383 -332.9577939040152 105.00000000000014
  endloop
endfacet
facet normal -0.3826834323626674 0.92387953251229 1.7246156986832794e-14
  outer loop
    vertex 44.27000755774785 -332.9577939040158 105.00000000000014
    vertex 44.45089327392141 -332.88286858713747 95.00000000000033
    vertex 44.270007557748 -332.9577939040158 95.00000000000033
  endloop
endfacet
facet normal -0.3826834323626674 0.92387953251229 1.7246156986832794e-14
  outer loop
    vertex 44.45089327392141 -332.88286858713747 95.00000000000033
    vertex 44.27000755774785 -332.9577939040158 105.00000000000014
    vertex 44.45089327392141 -332.88286858713786 105.00000000000014
  endloop
endfacet
facet normal 0.6087614290077993 -0.7933533402919419 -3.997774165351974e-15
  outer loop
    vertex 43.70089327392126 -331.58383048146084 105.00000000000014
    vertex 43.545563188031366 -331.70301944840884 95.00000000000038
    vertex 43.70089327392126 -331.5838304814605 95.00000000000038
  endloop
endfacet
facet normal 0.6087614290077993 -0.7933533402919419 -3.997774165351974e-15
  outer loop
    vertex 43.545563188031366 -331.70301944840884 95.00000000000038
    vertex 43.70089327392126 -331.58383048146084 105.00000000000014
    vertex 43.54556318803092 -331.7030194484092 105.00000000000014
  endloop
endfacet
facet normal -0.3826834323633732 0.9238795325119977 -1.886447291594885e-14
  outer loop
    vertex 44.27000755774785 -494.4910948354291 105.00000000000014
    vertex 44.450893273921245 -494.4161695185511 95.00000000000038
    vertex 44.270007557748 -494.4910948354294 95.00000000000038
  endloop
endfacet
facet normal -0.3826834323633732 0.9238795325119977 -1.886447291594885e-14
  outer loop
    vertex 44.450893273921245 -494.4161695185511 95.00000000000038
    vertex 44.27000755774785 -494.4910948354291 105.00000000000014
    vertex 44.45089327392109 -494.4161695185511 105.00000000000014
  endloop
endfacet
facet normal 0.3826834323655221 -0.9238795325111077 -2.6678393444770256e-14
  outer loop
    vertex 43.88177899009438 -331.5089051645822 105.00000000000014
    vertex 43.70089327392126 -331.5838304814605 95.00000000000038
    vertex 43.88177899009438 -331.5089051645819 95.00000000000038
  endloop
endfacet
facet normal 0.3826834323655221 -0.9238795325111077 -2.6678393444770256e-14
  outer loop
    vertex 43.70089327392126 -331.5838304814605 95.00000000000038
    vertex 43.88177899009438 -331.5089051645822 105.00000000000014
    vertex 43.70089327392126 -331.58383048146084 105.00000000000014
  endloop
endfacet
facet normal 0.9914448613738208 -0.13052619221997183 1.1487868102507742e-14
  outer loop
    vertex 43.32589327392123 -332.23334953429855 95.00000000000037
    vertex 43.35144890420429 -332.03923525047196 105.00000000000014
    vertex 43.325893273921075 -332.2333495342991 105.00000000000014
  endloop
endfacet
facet normal 0.9914448613738208 -0.13052619221997183 1.1487868102507742e-14
  outer loop
    vertex 43.35144890420429 -332.03923525047196 105.00000000000014
    vertex 43.32589327392123 -332.23334953429855 95.00000000000037
    vertex 43.351448904204425 -332.03923525047196 95.00000000000037
  endloop
endfacet
facet normal -8.602295174810653e-14 -0.8944271909999312 -0.44721359549992734
  outer loop
    vertex 48.15178654783707 -494.89985307256484 105.00000000000014
    vertex 48.15178654783676 -492.899853072565 101.00000000000014
    vertex 51.15178654783681 -494.8998530725652 105.00000000000014
  endloop
endfacet
facet normal 0.3539952796856305 -0.8546202052331114 -0.3798837279584461
  outer loop
    vertex 31.081278912510303 -336.71487976293906 102.2500000000006
    vertex 22.19592649884311 -339.1624401143025 99.47641901867958
    vertex 30.78393339499333 -335.6051711841634 99.47641901867958
  endloop
endfacet
facet normal 0.3539952796856305 -0.8546202052331114 -0.3798837279584461
  outer loop
    vertex 22.19592649884311 -339.1624401143025 99.47641901867958
    vertex 31.081278912510303 -336.71487976293906 102.2500000000006
    vertex 22.770353928244734 -340.1573776072871 102.2500000000006
  endloop
endfacet
facet normal 0.6314059586429568 -0.4844948324374746 -0.6054678131259762
  outer loop
    vertex 10.157377607286286 -352.7703539282456 102.2500000000006
    vertex 16.92588386093492 -346.92588386093576 104.6317279836459
    vertex 11.74009459678478 -353.6841360081834 104.6317279836459
  endloop
endfacet
facet normal 0.6314059586429568 -0.4844948324374746 -0.6054678131259762
  outer loop
    vertex 16.92588386093492 -346.92588386093576 104.6317279836459
    vertex 10.157377607286286 -352.7703539282456 102.2500000000006
    vertex 15.633600850433064 -345.6336008504339 102.2500000000006
  endloop
endfacet
facet normal 0.7999999999999624 -1.4435556472398563e-13 -0.6000000000000503
  outer loop
    vertex 51.151786547837524 -490.89985307256467 105.00000000000014
    vertex 51.15178654783681 -494.8998530725652 105.00000000000014
    vertex 48.15178654783676 -492.899853072565 101.00000000000014
  endloop
endfacet
facet normal 0.37946459868718024 -0.9161085805910645 -0.1294283079955944
  outer loop
    vertex 30.78393339499333 -335.6051711841634 99.47641901867958
    vertex 22.0000000000051 -338.823085463766 96.5000000000006
    vertex 30.68251437631438 -335.22667025359965 96.5000000000006
  endloop
endfacet
facet normal 0.37946459868718024 -0.9161085805910645 -0.1294283079955944
  outer loop
    vertex 22.0000000000051 -338.823085463766 96.5000000000006
    vertex 30.78393339499333 -335.6051711841634 99.47641901867958
    vertex 22.19592649884311 -339.1624401143025 99.47641901867958
  endloop
endfacet
facet normal 0.9161085805910628 -0.3794645986871864 -0.1294283079955879
  outer loop
    vertex 5.226670253598593 -360.6825143763151 96.5000000000006
    vertex 9.162440114301381 -352.1959264988436 99.47641901867958
    vertex 5.605171184162641 -360.7839333949943 99.47641901867958
  endloop
endfacet
facet normal 0.9161085805910628 -0.3794645986871864 -0.1294283079955879
  outer loop
    vertex 9.162440114301381 -352.1959264988436 99.47641901867958
    vertex 5.226670253598593 -360.6825143763151 96.5000000000006
    vertex 8.823085463765192 -352.000000000006 96.5000000000006
  endloop
endfacet
facet normal 0.5631251684765208 -0.7338790076440925 -0.3798837279584533
  outer loop
    vertex 22.770353928244734 -340.1573776072871 102.2500000000006
    vertex 14.821237789174342 -344.82123778917514 99.47641901867958
    vertex 22.19592649884311 -339.1624401143025 99.47641901867958
  endloop
endfacet
facet normal 0.5631251684765208 -0.7338790076440925 -0.3798837279584533
  outer loop
    vertex 14.821237789174342 -344.82123778917514 99.47641901867958
    vertex 22.770353928244734 -340.1573776072871 102.2500000000006
    vertex 15.633600850433064 -345.6336008504339 102.2500000000006
  endloop
endfacet
facet normal -3.473297936649351e-15 -2.6382317087032546e-14 0.9999999999999999
  outer loop
    vertex 43.35144890420412 -332.42746381812526 95.00000000000037
    vertex 43.351448904204425 -332.03923525047196 95.00000000000037
    vertex 43.32589327392123 -332.23334953429855 95.00000000000037
  endloop
endfacet
facet normal -3.473297936649351e-15 -2.6382317087032546e-14 0.9999999999999999
  outer loop
    vertex 43.351448904204425 -332.03923525047196 95.00000000000037
    vertex 43.35144890420412 -332.42746381812526 95.00000000000037
    vertex 43.42637422108297 -332.6083495342986 95.00000000000033
  endloop
endfacet
facet normal -3.473297936649351e-15 -2.6382317087032546e-14 0.9999999999999999
  outer loop
    vertex 43.351448904204425 -332.03923525047196 95.00000000000037
    vertex 43.42637422108297 -332.6083495342986 95.00000000000033
    vertex 43.42637422108297 -331.85834953429844 95.00000000000037
  endloop
endfacet
facet normal -3.473297936649351e-15 -2.6382317087032546e-14 0.9999999999999999
  outer loop
    vertex 43.42637422108297 -331.85834953429844 95.00000000000037
    vertex 43.42637422108297 -332.6083495342986 95.00000000000033
    vertex 43.545563188031366 -332.7636796201886 95.00000000000033
  endloop
endfacet
facet normal -3.473297936649351e-15 -2.6382317087032546e-14 0.9999999999999999
  outer loop
    vertex 43.42637422108297 -331.85834953429844 95.00000000000037
    vertex 43.545563188031366 -332.7636796201886 95.00000000000033
    vertex 43.545563188031366 -331.70301944840884 95.00000000000038
  endloop
endfacet
facet normal -3.473297936649351e-15 -2.6382317087032546e-14 0.9999999999999999
  outer loop
    vertex 43.545563188031366 -331.70301944840884 95.00000000000038
    vertex 43.545563188031366 -332.7636796201886 95.00000000000033
    vertex 43.70089327392126 -332.8828685871369 95.00000000000033
  endloop
endfacet
facet normal -3.473297936649351e-15 -2.6382317087032546e-14 0.9999999999999999
  outer loop
    vertex 43.545563188031366 -331.70301944840884 95.00000000000038
    vertex 43.70089327392126 -332.8828685871369 95.00000000000033
    vertex 43.70089327392126 -331.5838304814605 95.00000000000038
  endloop
endfacet
facet normal -3.473297936649351e-15 -2.6382317087032546e-14 0.9999999999999999
  outer loop
    vertex 43.70089327392126 -331.5838304814605 95.00000000000038
    vertex 43.70089327392126 -332.8828685871369 95.00000000000033
    vertex 43.88177899009411 -332.9577939040152 95.00000000000033
  endloop
endfacet
facet normal -3.473297936649351e-15 -2.6382317087032546e-14 0.9999999999999999
  outer loop
    vertex 43.70089327392126 -331.5838304814605 95.00000000000038
    vertex 43.88177899009411 -332.9577939040152 95.00000000000033
    vertex 43.88177899009438 -331.5089051645819 95.00000000000038
  endloop
endfacet
facet normal -3.473297936649351e-15 -2.6382317087032546e-14 0.9999999999999999
  outer loop
    vertex 43.88177899009438 -331.5089051645819 95.00000000000038
    vertex 43.88177899009411 -332.9577939040152 95.00000000000033
    vertex 44.07589327392133 -332.98334953429895 95.00000000000033
  endloop
endfacet
facet normal -3.473297936649351e-15 -2.6382317087032546e-14 0.9999999999999999
  outer loop
    vertex 43.88177899009438 -331.5089051645819 95.00000000000038
    vertex 44.07589327392133 -332.98334953429895 95.00000000000033
    vertex 44.07589327392133 -331.48334953429907 95.00000000000038
  endloop
endfacet
facet normal -3.473297936649351e-15 -2.6382317087032546e-14 0.9999999999999999
  outer loop
    vertex 44.07589327392133 -331.48334953429907 95.00000000000038
    vertex 44.07589327392133 -332.98334953429895 95.00000000000033
    vertex 44.270007557748 -332.9577939040158 95.00000000000033
  endloop
endfacet
facet normal -3.473297936649351e-15 -2.6382317087032546e-14 0.9999999999999999
  outer loop
    vertex 44.07589327392133 -331.48334953429907 95.00000000000038
    vertex 44.270007557748 -332.9577939040158 95.00000000000033
    vertex 44.270007557748 -331.5089051645822 95.00000000000038
  endloop
endfacet
facet normal -3.473297936649351e-15 -2.6382317087032546e-14 0.9999999999999999
  outer loop
    vertex 44.270007557748 -331.5089051645822 95.00000000000038
    vertex 44.270007557748 -332.9577939040158 95.00000000000033
    vertex 44.45089327392141 -332.88286858713747 95.00000000000033
  endloop
endfacet
facet normal -3.473297936649351e-15 -2.6382317087032546e-14 0.9999999999999999
  outer loop
    vertex 44.270007557748 -331.5089051645822 95.00000000000038
    vertex 44.45089327392141 -332.88286858713747 95.00000000000033
    vertex 44.45089327392109 -331.58383048146015 95.00000000000038
  endloop
endfacet
facet normal -3.473297936649351e-15 -2.6382317087032546e-14 0.9999999999999999
  outer loop
    vertex 44.45089327392109 -331.58383048146015 95.00000000000038
    vertex 44.45089327392141 -332.88286858713747 95.00000000000033
    vertex 44.60622335981103 -331.70301944840867 95.00000000000038
  endloop
endfacet
facet normal -3.473297936649351e-15 -2.6382317087032546e-14 0.9999999999999999
  outer loop
    vertex 44.60622335981103 -331.70301944840867 95.00000000000038
    vertex 44.45089327392141 -332.88286858713747 95.00000000000033
    vertex 44.60622335981103 -332.7636796201886 95.00000000000033
  endloop
endfacet
facet normal -3.473297936649351e-15 -2.6382317087032546e-14 0.9999999999999999
  outer loop
    vertex 44.60622335981103 -331.70301944840867 95.00000000000038
    vertex 44.60622335981103 -332.7636796201886 95.00000000000033
    vertex 44.725412326759376 -332.6083495342986 95.00000000000037
  endloop
endfacet
facet normal -3.473297936649351e-15 -2.6382317087032546e-14 0.9999999999999999
  outer loop
    vertex 44.60622335981103 -331.70301944840867 95.00000000000038
    vertex 44.725412326759376 -332.6083495342986 95.00000000000037
    vertex 44.725412326759376 -331.85834953429844 95.00000000000038
  endloop
endfacet
facet normal -3.473297936649351e-15 -2.6382317087032546e-14 0.9999999999999999
  outer loop
    vertex 44.725412326759376 -331.85834953429844 95.00000000000038
    vertex 44.725412326759376 -332.6083495342986 95.00000000000037
    vertex 44.80033764363766 -332.42746381812526 95.00000000000037
  endloop
endfacet
facet normal -3.473297936649351e-15 -2.6382317087032546e-14 0.9999999999999999
  outer loop
    vertex 44.725412326759376 -331.85834953429844 95.00000000000038
    vertex 44.80033764363766 -332.42746381812526 95.00000000000037
    vertex 44.80033764363798 -332.0392352504716 95.00000000000037
  endloop
endfacet
facet normal -3.473297936649351e-15 -2.6382317087032546e-14 0.9999999999999999
  outer loop
    vertex 44.80033764363798 -332.0392352504716 95.00000000000037
    vertex 44.80033764363766 -332.42746381812526 95.00000000000037
    vertex 44.82589327392116 -332.23334953429855 95.00000000000037
  endloop
endfacet
facet normal 0.48449483243746716 -0.6314059586429663 -0.6054678131259721
  outer loop
    vertex 23.68413600818269 -341.74009459678587 104.6317279836459
    vertex 15.633600850433064 -345.6336008504339 102.2500000000006
    vertex 22.770353928244734 -340.1573776072871 102.2500000000006
  endloop
endfacet
facet normal 0.48449483243746716 -0.6314059586429663 -0.6054678131259721
  outer loop
    vertex 15.633600850433064 -345.6336008504339 102.2500000000006
    vertex 23.68413600818269 -341.74009459678587 104.6317279836459
    vertex 16.92588386093492 -346.92588386093576 104.6317279836459
  endloop
endfacet
facet normal 0.10388185357165618 -0.7890610165044176 -0.6054678131259599
  outer loop
    vertex 40.0000000000046 -335.540707856485 102.25000000000065
    vertex 31.554287323232817 -338.4801711841635 104.6317279836459
    vertex 31.081278912510303 -336.71487976293906 102.2500000000006
  endloop
endfacet
facet normal 0.10388185357165618 -0.7890610165044176 -0.6054678131259599
  outer loop
    vertex 31.554287323232817 -338.4801711841635 104.6317279836459
    vertex 40.0000000000046 -335.540707856485 102.25000000000065
    vertex 40.00000000000488 -337.36827201636066 104.6317279836459
  endloop
endfacet
facet normal -8.602295174806261e-14 0.8944271909999053 -0.44721359549997897
  outer loop
    vertex 51.151786547837524 -490.89985307256467 105.00000000000014
    vertex 48.15178654783676 -492.899853072565 101.00000000000014
    vertex 48.15178654783707 -490.89985307256495 105.00000000000014
  endloop
endfacet
facet normal -6.194183175505766e-15 -0.9238795325112963 -0.3826834323650666
  outer loop
    vertex 48.15178654783707 -334.3918529976821 99.47641901867982
    vertex 40.0000000000046 -335.540707856485 102.25000000000065
    vertex 40.00000000000488 -334.3918529976818 99.47641901867958
  endloop
endfacet
facet normal -6.194183175505766e-15 -0.9238795325112963 -0.3826834323650666
  outer loop
    vertex 40.0000000000046 -335.540707856485 102.25000000000065
    vertex 48.15178654783707 -334.3918529976821 99.47641901867982
    vertex 48.15178654783707 -335.54070785648537 102.25000000000087
  endloop
endfacet
facet normal 0.485573406079401 -0.37259357912959246 -0.7908176098822339
  outer loop
    vertex 16.92588386093492 -346.92588386093576 104.6317279836459
    vertex 12.155736072533829 -353.9241067260937 105.00000000000014
    vertex 11.74009459678478 -353.6841360081834 104.6317279836459
  endloop
endfacet
facet normal 0.485573406079401 -0.37259357912959246 -0.7908176098822339
  outer loop
    vertex 12.155736072533829 -353.9241067260937 105.00000000000014
    vertex 16.92588386093492 -346.92588386093576 104.6317279836459
    vertex 17.26525370477553 -347.2652537047766 105.00000000000014
  endloop
endfacet
facet normal 5.254950233763765e-15 0.991444861373796 -0.1305261922201605
  outer loop
    vertex 40.000000000005464 -491.6081470023302 99.47641901868437
    vertex 48.15178654783707 -492.0000000000065 96.50000000000537
    vertex 40.000000000005755 -492.0000000000065 96.50000000000531
  endloop
endfacet
facet normal 5.254950233763765e-15 0.991444861373796 -0.1305261922201605
  outer loop
    vertex 48.15178654783707 -492.0000000000065 96.50000000000537
    vertex 40.000000000005464 -491.6081470023302 99.47641901868437
    vertex 48.15178654783707 -491.6081470023305 99.47641901868442
  endloop
endfacet
facet normal 9.025466012622534e-15 0.6087614290087985 -0.7933533402911753
  outer loop
    vertex 48.15178654783707 -488.15178654783745 105.00000000000014
    vertex 40.000000000005755 -488.63172798365133 104.63172798365066
    vertex 40.000000000005606 -488.15178654783716 105.00000000000014
  endloop
endfacet
facet normal 9.025466012622534e-15 0.6087614290087985 -0.7933533402911753
  outer loop
    vertex 40.000000000005755 -488.63172798365133 104.63172798365066
    vertex 48.15178654783707 -488.15178654783745 105.00000000000014
    vertex 48.15178654783707 -488.63172798365133 104.63172798365062
  endloop
endfacet
facet normal 0.23422211550207048 -0.5654622078528135 -0.7908176098823017
  outer loop
    vertex 31.554287323232817 -338.4801711841635 104.6317279836459
    vertex 23.9241067260922 -342.1557360725354 105.00000000000014
    vertex 23.68413600818269 -341.74009459678587 104.6317279836459
  endloop
endfacet
facet normal 0.23422211550207048 -0.5654622078528135 -0.7908176098823017
  outer loop
    vertex 23.9241067260922 -342.1557360725354 105.00000000000014
    vertex 31.554287323232817 -338.4801711841635 104.6317279836459
    vertex 31.67850530735671 -338.94375901212874 105.00000000000014
  endloop
endfacet
facet normal 0.5654622078531089 0.23422211550217867 -0.7908176098820585
  outer loop
    vertex 8.943759012121424 -464.3214946926559 105.00000000000014
    vertex 11.74009459678478 -472.3158639918286 104.63172798365066
    vertex 8.480171184162709 -464.44571267677816 104.63172798365066
  endloop
endfacet
facet normal 0.5654622078531089 0.23422211550217867 -0.7908176098820585
  outer loop
    vertex 11.74009459678478 -472.3158639918286 104.63172798365066
    vertex 8.943759012121424 -464.3214946926559 105.00000000000014
    vertex 12.155736072528198 -472.07589327392145 105.00000000000014
  endloop
endfacet
facet normal 9.880237133758377e-15 0.9238795325112912 -0.38268343236507935
  outer loop
    vertex 40.000000000005464 -490.45929214352725 102.25000000000536
    vertex 48.15178654783707 -491.6081470023305 99.47641901868442
    vertex 40.000000000005464 -491.6081470023302 99.47641901868437
  endloop
endfacet
facet normal 9.880237133758377e-15 0.9238795325112912 -0.38268343236507935
  outer loop
    vertex 48.15178654783707 -491.6081470023305 99.47641901868442
    vertex 40.000000000005464 -490.45929214352725 102.25000000000536
    vertex 48.15178654783707 -490.45929214352725 102.25000000000536
  endloop
endfacet
facet normal 0.606815694631644 -0.07988880177347375 -0.790817609882275
  outer loop
    vertex 8.480171184162709 -361.5542873232337 104.6317279836459
    vertex 7.848213452180509 -370.00000000000654 105.00000000000014
    vertex 7.368272016359897 -370.000000000006 104.6317279836459
  endloop
endfacet
facet normal 0.606815694631644 -0.07988880177347375 -0.790817609882275
  outer loop
    vertex 7.848213452180509 -370.00000000000654 105.00000000000014
    vertex 8.480171184162709 -361.5542873232337 104.6317279836459
    vertex 8.943759012127344 -361.6785053073581 105.00000000000014
  endloop
endfacet
facet normal 0.9831056027603571 -0.12942830799557156 -0.12942830799557767
  outer loop
    vertex 5.226670253598593 -360.6825143763151 96.5000000000006
    vertex 4.3918529976807354 -370.000000000006 99.47641901867958
    vertex 4.000000000005008 -370.000000000006 96.5000000000006
  endloop
endfacet
facet normal 0.9831056027603571 -0.12942830799557156 -0.12942830799557767
  outer loop
    vertex 4.3918529976807354 -370.000000000006 99.47641901867958
    vertex 5.226670253598593 -360.6825143763151 96.5000000000006
    vertex 5.605171184162641 -360.7839333949943 99.47641901867958
  endloop
endfacet
facet normal -6.817005089457277e-16 0.7933533402912339 -0.6087614290087222
  outer loop
    vertex 40.000000000005755 -488.63172798365133 104.63172798365066
    vertex 48.15178654783707 -490.45929214352725 102.25000000000536
    vertex 40.000000000005464 -490.45929214352725 102.25000000000536
  endloop
endfacet
facet normal -6.817005089457277e-16 0.7933533402912339 -0.6087614290087222
  outer loop
    vertex 48.15178654783707 -490.45929214352725 102.25000000000536
    vertex 40.000000000005755 -488.63172798365133 104.63172798365066
    vertex 48.15178654783707 -488.63172798365133 104.63172798365062
  endloop
endfacet
facet normal 3.210257111206602e-14 -0.6087614290088984 -0.7933533402910988
  outer loop
    vertex 40.00000000000488 -337.36827201636066 104.6317279836459
    vertex 48.15178654783707 -337.84821345218035 105.00000000000014
    vertex 40.0000000000046 -337.84821345218086 105.00000000000014
  endloop
endfacet
facet normal 3.210257111206602e-14 -0.6087614290088984 -0.7933533402910988
  outer loop
    vertex 48.15178654783707 -337.84821345218035 105.00000000000014
    vertex 40.00000000000488 -337.36827201636066 104.6317279836459
    vertex 48.15178654783707 -337.36827201636066 104.63172798364612
  endloop
endfacet
facet normal 0.7338790076440888 -0.5631251684765328 -0.37988372795844244
  outer loop
    vertex 9.162440114301381 -352.1959264988436 99.47641901867958
    vertex 15.633600850433064 -345.6336008504339 102.2500000000006
    vertex 10.157377607286286 -352.7703539282456 102.2500000000006
  endloop
endfacet
facet normal 0.7338790076440888 -0.5631251684765328 -0.37988372795844244
  outer loop
    vertex 15.633600850433064 -345.6336008504339 102.2500000000006
    vertex 9.162440114301381 -352.1959264988436 99.47641901867958
    vertex 14.821237789174342 -344.82123778917514 99.47641901867958
  endloop
endfacet
facet normal 0.30456618406693203 -0.7352878122146168 -0.6054678131259745
  outer loop
    vertex 31.554287323232817 -338.4801711841635 104.6317279836459
    vertex 22.770353928244734 -340.1573776072871 102.2500000000006
    vertex 31.081278912510303 -336.71487976293906 102.2500000000006
  endloop
endfacet
facet normal 0.30456618406693203 -0.7352878122146168 -0.6054678131259745
  outer loop
    vertex 22.770353928244734 -340.1573776072871 102.2500000000006
    vertex 31.554287323232817 -338.4801711841635 104.6317279836459
    vertex 23.68413600818269 -341.74009459678587 104.6317279836459
  endloop
endfacet
facet normal 0.1294283079955636 -0.9831056027603514 -0.1294283079956297
  outer loop
    vertex 40.00000000000488 -334.00000000000614 96.50000000000063
    vertex 30.78393339499333 -335.6051711841634 99.47641901867958
    vertex 30.68251437631438 -335.22667025359965 96.5000000000006
  endloop
endfacet
facet normal 0.1294283079955636 -0.9831056027603514 -0.1294283079956297
  outer loop
    vertex 30.78393339499333 -335.6051711841634 99.47641901867958
    vertex 40.00000000000488 -334.00000000000614 96.50000000000063
    vertex 40.00000000000488 -334.3918529976818 99.47641901867958
  endloop
endfacet
facet normal 0.7890610165043966 -0.1038818535716543 -0.6054678131259873
  outer loop
    vertex 6.714879762938318 -361.0812789125109 102.2500000000006
    vertex 7.368272016359897 -370.000000000006 104.6317279836459
    vertex 5.540707856483984 -370.000000000006 102.2500000000006
  endloop
endfacet
facet normal 0.7890610165043966 -0.1038818535716543 -0.6054678131259873
  outer loop
    vertex 7.368272016359897 -370.000000000006 104.6317279836459
    vertex 6.714879762938318 -361.0812789125109 102.2500000000006
    vertex 8.480171184162709 -361.5542873232337 104.6317279836459
  endloop
endfacet
facet normal 0.9171204481621585 -0.12074119758902664 -0.3798837279584493
  outer loop
    vertex 5.605171184162641 -360.7839333949943 99.47641901867958
    vertex 5.540707856483984 -370.000000000006 102.2500000000006
    vertex 4.3918529976807354 -370.000000000006 99.47641901867958
  endloop
endfacet
facet normal 0.9171204481621585 -0.12074119758902664 -0.3798837279584493
  outer loop
    vertex 5.540707856483984 -370.000000000006 102.2500000000006
    vertex 5.605171184162641 -360.7839333949943 99.47641901867958
    vertex 6.714879762938318 -361.0812789125109 102.2500000000006
  endloop
endfacet
facet normal 0.37259357912961255 -0.4855734060794391 -0.7908176098822012
  outer loop
    vertex 23.68413600818269 -341.74009459678587 104.6317279836459
    vertex 17.26525370477553 -347.2652537047766 105.00000000000014
    vertex 16.92588386093492 -346.92588386093576 104.6317279836459
  endloop
endfacet
facet normal 0.37259357912961255 -0.4855734060794391 -0.7908176098822012
  outer loop
    vertex 17.26525370477553 -347.2652537047766 105.00000000000014
    vertex 23.68413600818269 -341.74009459678587 104.6317279836459
    vertex 23.9241067260922 -342.1557360725354 105.00000000000014
  endloop
endfacet
facet normal 0.8546202052331132 -0.35399527968563427 -0.37988372795843856
  outer loop
    vertex 5.605171184162641 -360.7839333949943 99.47641901867958
    vertex 10.157377607286286 -352.7703539282456 102.2500000000006
    vertex 6.714879762938318 -361.0812789125109 102.2500000000006
  endloop
endfacet
facet normal 0.8546202052331132 -0.35399527968563427 -0.37988372795843856
  outer loop
    vertex 10.157377607286286 -352.7703539282456 102.2500000000006
    vertex 5.605171184162641 -360.7839333949943 99.47641901867958
    vertex 9.162440114301381 -352.1959264988436 99.47641901867958
  endloop
endfacet
facet normal 0.07988880177350409 -0.6068156946316574 -0.7908176098822616
  outer loop
    vertex 40.00000000000488 -337.36827201636066 104.6317279836459
    vertex 31.67850530735671 -338.94375901212874 105.00000000000014
    vertex 31.554287323232817 -338.4801711841635 104.6317279836459
  endloop
endfacet
facet normal 0.07988880177350409 -0.6068156946316574 -0.7908176098822616
  outer loop
    vertex 31.67850530735671 -338.94375901212874 105.00000000000014
    vertex 40.00000000000488 -337.36827201636066 104.6317279836459
    vertex 40.0000000000046 -337.84821345218086 105.00000000000014
  endloop
endfacet
facet normal 0.9238795325112862 -2.1202017379903488e-14 -0.3826834323650914
  outer loop
    vertex 4.3918529976807354 -370.000000000006 99.47641901867958
    vertex 5.540707856483984 -456.000000000006 102.25000000000536
    vertex 4.3918529976807354 -456.000000000006 99.47641901868437
  endloop
endfacet
facet normal 0.9238795325112862 -2.1202017379903488e-14 -0.3826834323650914
  outer loop
    vertex 5.540707856483984 -456.000000000006 102.25000000000536
    vertex 4.3918529976807354 -370.000000000006 99.47641901867958
    vertex 5.540707856483984 -370.000000000006 102.2500000000006
  endloop
endfacet
facet normal 0.7352878122146094 -0.3045661840669319 -0.6054678131259837
  outer loop
    vertex 6.714879762938318 -361.0812789125109 102.2500000000006
    vertex 11.74009459678478 -353.6841360081834 104.6317279836459
    vertex 8.480171184162709 -361.5542873232337 104.6317279836459
  endloop
endfacet
facet normal 0.7352878122146094 -0.3045661840669319 -0.6054678131259837
  outer loop
    vertex 11.74009459678478 -353.6841360081834 104.6317279836459
    vertex 6.714879762938318 -361.0812789125109 102.2500000000006
    vertex 10.157377607286286 -352.7703539282456 102.2500000000006
  endloop
endfacet
facet normal 0.5654622078529574 -0.23422211550212496 -0.7908176098821827
  outer loop
    vertex 11.74009459678478 -353.6841360081834 104.6317279836459
    vertex 8.943759012127344 -361.6785053073581 105.00000000000014
    vertex 8.480171184162709 -361.5542873232337 104.6317279836459
  endloop
endfacet
facet normal 0.5654622078529574 -0.23422211550212496 -0.7908176098821827
  outer loop
    vertex 8.943759012127344 -361.6785053073581 105.00000000000014
    vertex 11.74009459678478 -353.6841360081834 104.6317279836459
    vertex 12.155736072533829 -353.9241067260937 105.00000000000014
  endloop
endfacet
facet normal 0.4855734060793559 0.372593579129592 -0.7908176098822618
  outer loop
    vertex 12.155736072528198 -472.07589327392145 105.00000000000014
    vertex 16.92588386093492 -479.0741161390763 104.63172798365066
    vertex 11.74009459678478 -472.3158639918286 104.63172798365066
  endloop
endfacet
facet normal 0.4855734060793559 0.372593579129592 -0.7908176098822618
  outer loop
    vertex 16.92588386093492 -479.0741161390763 104.63172798365066
    vertex 12.155736072528198 -472.07589327392145 105.00000000000014
    vertex 17.265253704771634 -478.73474629523974 105.00000000000014
  endloop
endfacet
facet normal 0.9914448613738099 -7.204208866518798e-15 -0.13052619222005563
  outer loop
    vertex 4.000000000005008 -370.000000000006 96.5000000000006
    vertex 4.3918529976807354 -456.000000000006 99.47641901868437
    vertex 4.000000000005008 -456.000000000006 96.50000000000531
  endloop
endfacet
facet normal 0.9914448613738099 -7.204208866518798e-15 -0.13052619222005563
  outer loop
    vertex 4.3918529976807354 -456.000000000006 99.47641901868437
    vertex 4.000000000005008 -370.000000000006 96.5000000000006
    vertex 4.3918529976807354 -370.000000000006 99.47641901867958
  endloop
endfacet
facet normal 0.12074119758901028 -0.9171204481621635 -0.3798837279584424
  outer loop
    vertex 40.0000000000046 -335.540707856485 102.25000000000065
    vertex 30.78393339499333 -335.6051711841634 99.47641901867958
    vertex 40.00000000000488 -334.3918529976818 99.47641901867958
  endloop
endfacet
facet normal 0.12074119758901028 -0.9171204481621635 -0.3798837279584424
  outer loop
    vertex 30.78393339499333 -335.6051711841634 99.47641901867958
    vertex 40.0000000000046 -335.540707856485 102.25000000000065
    vertex 31.081278912510303 -336.71487976293906 102.2500000000006
  endloop
endfacet
facet normal 0.6036410040731641 -0.786680272595505 -0.12942830799560207
  outer loop
    vertex 22.19592649884311 -339.1624401143025 99.47641901867958
    vertex 14.544155877289386 -344.5441558772902 96.5000000000006
    vertex 22.0000000000051 -338.823085463766 96.5000000000006
  endloop
endfacet
facet normal 0.6036410040731641 -0.786680272595505 -0.12942830799560207
  outer loop
    vertex 14.544155877289386 -344.5441558772902 96.5000000000006
    vertex 22.19592649884311 -339.1624401143025 99.47641901867958
    vertex 14.821237789174342 -344.82123778917514 99.47641901867958
  endloop
endfacet
facet normal 1.2660778795204559e-14 -0.793353340291255 -0.6087614290086947
  outer loop
    vertex 48.15178654783707 -335.54070785648537 102.25000000000087
    vertex 40.00000000000488 -337.36827201636066 104.6317279836459
    vertex 40.0000000000046 -335.540707856485 102.25000000000065
  endloop
endfacet
facet normal 1.2660778795204559e-14 -0.793353340291255 -0.6087614290086947
  outer loop
    vertex 40.00000000000488 -337.36827201636066 104.6317279836459
    vertex 48.15178654783707 -335.54070785648537 102.25000000000087
    vertex 48.15178654783707 -337.36827201636066 104.63172798364612
  endloop
endfacet
facet normal 0.3539952796856297 0.8546202052331119 -0.3798837279584461
  outer loop
    vertex 22.770353928244734 -485.84262239272493 102.25000000000536
    vertex 30.78393339499333 -490.3948288158486 99.47641901868437
    vertex 22.19592649884311 -486.83755988570954 99.47641901868437
  endloop
endfacet
facet normal 0.3539952796856297 0.8546202052331119 -0.3798837279584461
  outer loop
    vertex 30.78393339499333 -490.3948288158486 99.47641901868437
    vertex 22.770353928244734 -485.84262239272493 102.25000000000536
    vertex 31.081278912510303 -489.2851202370729 102.25000000000536
  endloop
endfacet
facet normal 0.23422211550196134 0.5654622078525358 -0.7908176098825326
  outer loop
    vertex 23.92410672608946 -483.84426392748185 105.00000000000014
    vertex 31.554287323232817 -487.51982881584854 104.63172798365066
    vertex 23.68413600818269 -484.25990540322607 104.63172798365066
  endloop
endfacet
facet normal 0.23422211550196134 0.5654622078525358 -0.7908176098825326
  outer loop
    vertex 31.554287323232817 -487.51982881584854 104.63172798365066
    vertex 23.92410672608946 -483.84426392748185 105.00000000000014
    vertex 31.678505307354964 -487.0562409878888 105.00000000000014
  endloop
endfacet
facet normal 0.9161085805910627 0.379464598687187 -0.12942830799558794
  outer loop
    vertex 5.226670253598593 -465.3174856236968 96.50000000000531
    vertex 9.162440114301381 -473.8040735011683 99.47641901868437
    vertex 8.823085463765192 -474.00000000000597 96.50000000000531
  endloop
endfacet
facet normal 0.9161085805910627 0.379464598687187 -0.12942830799558794
  outer loop
    vertex 9.162440114301381 -473.8040735011683 99.47641901868437
    vertex 5.226670253598593 -465.3174856236968 96.50000000000531
    vertex 5.605171184162641 -465.2160666050177 99.47641901868437
  endloop
endfacet
facet normal 0.3725935791294616 0.4855734060792502 -0.7908176098823883
  outer loop
    vertex 17.265253704771634 -478.73474629523974 105.00000000000014
    vertex 23.68413600818269 -484.25990540322607 104.63172798365066
    vertex 16.92588386093492 -479.0741161390763 104.63172798365066
  endloop
endfacet
facet normal 0.3725935791294616 0.4855734060792502 -0.7908176098823883
  outer loop
    vertex 23.68413600818269 -484.25990540322607 104.63172798365066
    vertex 17.265253704771634 -478.73474629523974 105.00000000000014
    vertex 23.92410672608946 -483.84426392748185 105.00000000000014
  endloop
endfacet
facet normal 0.6087614290085496 -4.4972582229207997e-14 -0.7933533402913663
  outer loop
    vertex 7.848213452180509 -370.00000000000654 105.00000000000014
    vertex 7.368272016359897 -456.000000000006 104.63172798365066
    vertex 7.368272016359897 -370.000000000006 104.6317279836459
  endloop
endfacet
facet normal 0.6087614290085496 -4.4972582229207997e-14 -0.7933533402913663
  outer loop
    vertex 7.368272016359897 -456.000000000006 104.63172798365066
    vertex 7.848213452180509 -370.00000000000654 105.00000000000014
    vertex 7.848213452174012 -456.000000000006 105.00000000000014
  endloop
endfacet
facet normal 0.983105602760358 0.12942830799556826 -0.12942830799557575
  outer loop
    vertex 4.000000000005008 -456.000000000006 96.50000000000531
    vertex 5.605171184162641 -465.2160666050177 99.47641901868437
    vertex 5.226670253598593 -465.3174856236968 96.50000000000531
  endloop
endfacet
facet normal 0.983105602760358 0.12942830799556826 -0.12942830799557575
  outer loop
    vertex 5.605171184162641 -465.2160666050177 99.47641901868437
    vertex 4.000000000005008 -456.000000000006 96.50000000000531
    vertex 4.3918529976807354 -456.000000000006 99.47641901868437
  endloop
endfacet
facet normal 0.7933533402912074 -3.3727067373850116e-14 -0.6087614290087571
  outer loop
    vertex 5.540707856483984 -370.000000000006 102.2500000000006
    vertex 7.368272016359897 -456.000000000006 104.63172798365066
    vertex 5.540707856483984 -456.000000000006 102.25000000000536
  endloop
endfacet
facet normal 0.7933533402912074 -3.3727067373850116e-14 -0.6087614290087571
  outer loop
    vertex 7.368272016359897 -456.000000000006 104.63172798365066
    vertex 5.540707856483984 -370.000000000006 102.2500000000006
    vertex 7.368272016359897 -370.000000000006 104.6317279836459
  endloop
endfacet
facet normal 0.6068156946317836 0.0798888017735054 -0.7908176098821645
  outer loop
    vertex 7.848213452174012 -456.000000000006 105.00000000000014
    vertex 8.480171184162709 -464.44571267677816 104.63172798365066
    vertex 7.368272016359897 -456.000000000006 104.63172798365066
  endloop
endfacet
facet normal 0.6068156946317836 0.0798888017735054 -0.7908176098821645
  outer loop
    vertex 8.480171184162709 -464.44571267677816 104.63172798365066
    vertex 7.848213452174012 -456.000000000006 105.00000000000014
    vertex 8.943759012121424 -464.3214946926559 105.00000000000014
  endloop
endfacet
facet normal -1.4092809643389901e-14 -0.9914448613737941 -0.1305261922201761
  outer loop
    vertex 48.15178654783707 -334.00000000000614 96.50000000000087
    vertex 40.00000000000488 -334.3918529976818 99.47641901867958
    vertex 40.00000000000488 -334.00000000000614 96.50000000000063
  endloop
endfacet
facet normal -1.4092809643389901e-14 -0.9914448613737941 -0.1305261922201761
  outer loop
    vertex 40.00000000000488 -334.3918529976818 99.47641901867958
    vertex 48.15178654783707 -334.00000000000614 96.50000000000087
    vertex 48.15178654783707 -334.3918529976821 99.47641901867982
  endloop
endfacet
facet normal 2.6382317087031313e-14 3.4732979366502574e-15 0.9999999999999999
  outer loop
    vertex 1.5089051645917195 -413.1941142838326 95.00000000000038
    vertex 1.5089051645917195 -412.80588571617875 95.00000000000038
    vertex 1.48334953430852 -413.0000000000057 95.00000000000038
  endloop
endfacet
facet normal 2.6382317087031313e-14 3.4732979366502574e-15 0.9999999999999999
  outer loop
    vertex 1.5089051645917195 -412.80588571617875 95.00000000000038
    vertex 1.5089051645917195 -413.1941142838326 95.00000000000038
    vertex 1.5838304814702926 -413.3750000000058 95.00000000000038
  endloop
endfacet
facet normal 2.6382317087031313e-14 3.4732979366502574e-15 0.9999999999999999
  outer loop
    vertex 1.5089051645917195 -412.80588571617875 95.00000000000038
    vertex 1.5838304814702926 -413.3750000000058 95.00000000000038
    vertex 1.5838304814702926 -412.62500000000597 95.00000000000038
  endloop
endfacet
facet normal 2.6382317087031313e-14 3.4732979366502574e-15 0.9999999999999999
  outer loop
    vertex 1.5838304814702926 -412.62500000000597 95.00000000000038
    vertex 1.5838304814702926 -413.3750000000058 95.00000000000038
    vertex 1.7030194484186638 -413.5303300858957 95.00000000000038
  endloop
endfacet
facet normal 2.6382317087031313e-14 3.4732979366502574e-15 0.9999999999999999
  outer loop
    vertex 1.5838304814702926 -412.62500000000597 95.00000000000038
    vertex 1.7030194484186638 -413.5303300858957 95.00000000000038
    vertex 1.7030194484186638 -412.46966991411597 95.00000000000038
  endloop
endfacet
facet normal 2.6382317087031313e-14 3.4732979366502574e-15 0.9999999999999999
  outer loop
    vertex 1.7030194484186638 -412.46966991411597 95.00000000000038
    vertex 1.7030194484186638 -413.5303300858957 95.00000000000038
    vertex 1.858349534308579 -413.6495190528441 95.00000000000038
  endloop
endfacet
facet normal 2.6382317087031313e-14 3.4732979366502574e-15 0.9999999999999999
  outer loop
    vertex 1.7030194484186638 -412.46966991411597 95.00000000000038
    vertex 1.858349534308579 -413.6495190528441 95.00000000000038
    vertex 1.858349534308579 -412.35048094716734 95.00000000000038
  endloop
endfacet
facet normal 2.6382317087031313e-14 3.4732979366502574e-15 0.9999999999999999
  outer loop
    vertex 1.858349534308579 -412.35048094716734 95.00000000000038
    vertex 1.858349534308579 -413.6495190528441 95.00000000000038
    vertex 2.039235250481692 -413.7244443697226 95.00000000000038
  endloop
endfacet
facet normal 2.6382317087031313e-14 3.4732979366502574e-15 0.9999999999999999
  outer loop
    vertex 1.858349534308579 -412.35048094716734 95.00000000000038
    vertex 2.039235250481692 -413.7244443697226 95.00000000000038
    vertex 2.039235250481692 -412.27555563028875 95.00000000000038
  endloop
endfacet
facet normal 2.6382317087031313e-14 3.4732979366502574e-15 0.9999999999999999
  outer loop
    vertex 2.039235250481692 -412.27555563028875 95.00000000000038
    vertex 2.039235250481692 -413.7244443697226 95.00000000000038
    vertex 2.233349534308637 -413.7500000000055 95.00000000000038
  endloop
endfacet
facet normal 2.6382317087031313e-14 3.4732979366502574e-15 0.9999999999999999
  outer loop
    vertex 2.039235250481692 -412.27555563028875 95.00000000000038
    vertex 2.233349534308637 -413.7500000000055 95.00000000000038
    vertex 2.233349534308637 -412.25000000000585 95.00000000000038
  endloop
endfacet
facet normal 2.6382317087031313e-14 3.4732979366502574e-15 0.9999999999999999
  outer loop
    vertex 2.233349534308637 -412.25000000000585 95.00000000000038
    vertex 2.233349534308637 -413.7500000000055 95.00000000000038
    vertex 2.427463818135438 -413.7244443697226 95.00000000000038
  endloop
endfacet
facet normal 2.6382317087031313e-14 3.4732979366502574e-15 0.9999999999999999
  outer loop
    vertex 2.233349534308637 -412.25000000000585 95.00000000000038
    vertex 2.427463818135438 -413.7244443697226 95.00000000000038
    vertex 2.427463818135438 -412.27555563028875 95.00000000000038
  endloop
endfacet
facet normal 2.6382317087031313e-14 3.4732979366502574e-15 0.9999999999999999
  outer loop
    vertex 2.427463818135438 -412.27555563028875 95.00000000000038
    vertex 2.427463818135438 -413.7244443697226 95.00000000000038
    vertex 2.6083495343085517 -413.6495190528441 95.00000000000038
  endloop
endfacet
facet normal 2.6382317087031313e-14 3.4732979366502574e-15 0.9999999999999999
  outer loop
    vertex 2.427463818135438 -412.27555563028875 95.00000000000038
    vertex 2.6083495343085517 -413.6495190528441 95.00000000000038
    vertex 2.6083495343085517 -412.35048094716734 95.00000000000037
  endloop
endfacet
facet normal 2.6382317087031313e-14 3.4732979366502574e-15 0.9999999999999999
  outer loop
    vertex 2.6083495343085517 -412.35048094716734 95.00000000000037
    vertex 2.6083495343085517 -413.6495190528441 95.00000000000038
    vertex 2.763679620198466 -413.5303300858957 95.00000000000037
  endloop
endfacet
facet normal 2.6382317087031313e-14 3.4732979366502574e-15 0.9999999999999999
  outer loop
    vertex 2.6083495343085517 -412.35048094716734 95.00000000000037
    vertex 2.763679620198466 -413.5303300858957 95.00000000000037
    vertex 2.763679620198466 -412.46966991411597 95.00000000000037
  endloop
endfacet
facet normal 2.6382317087031313e-14 3.4732979366502574e-15 0.9999999999999999
  outer loop
    vertex 2.763679620198466 -412.46966991411597 95.00000000000037
    vertex 2.763679620198466 -413.5303300858957 95.00000000000037
    vertex 2.882868587146838 -413.3750000000058 95.00000000000037
  endloop
endfacet
facet normal 2.6382317087031313e-14 3.4732979366502574e-15 0.9999999999999999
  outer loop
    vertex 2.763679620198466 -412.46966991411597 95.00000000000037
    vertex 2.882868587146838 -413.3750000000058 95.00000000000037
    vertex 2.882868587146838 -412.62500000000597 95.00000000000037
  endloop
endfacet
facet normal 2.6382317087031313e-14 3.4732979366502574e-15 0.9999999999999999
  outer loop
    vertex 2.882868587146838 -412.62500000000597 95.00000000000037
    vertex 2.882868587146838 -413.3750000000058 95.00000000000037
    vertex 2.9577939040252677 -413.1941142838326 95.00000000000037
  endloop
endfacet
facet normal 2.6382317087031313e-14 3.4732979366502574e-15 0.9999999999999999
  outer loop
    vertex 2.882868587146838 -412.62500000000597 95.00000000000037
    vertex 2.9577939040252677 -413.1941142838326 95.00000000000037
    vertex 2.9577939040252677 -412.80588571617875 95.00000000000037
  endloop
endfacet
facet normal 2.6382317087031313e-14 3.4732979366502574e-15 0.9999999999999999
  outer loop
    vertex 2.9577939040252677 -412.80588571617875 95.00000000000037
    vertex 2.9577939040252677 -413.1941142838326 95.00000000000037
    vertex 2.9833495343084664 -413.0000000000057 95.00000000000037
  endloop
endfacet
facet normal 0.07988880177348368 0.6068156946313954 -0.7908176098824646
  outer loop
    vertex 31.678505307354964 -487.0562409878888 105.00000000000014
    vertex 40.000000000005755 -488.63172798365133 104.63172798365066
    vertex 31.554287323232817 -487.51982881584854 104.63172798365066
  endloop
endfacet
facet normal 0.07988880177348368 0.6068156946313954 -0.7908176098824646
  outer loop
    vertex 40.000000000005755 -488.63172798365133 104.63172798365066
    vertex 31.678505307354964 -487.0562409878888 105.00000000000014
    vertex 40.000000000005606 -488.15178654783716 105.00000000000014
  endloop
endfacet
facet normal 0.854620205233113 0.35399527968563493 -0.37988372795843856
  outer loop
    vertex 5.605171184162641 -465.2160666050177 99.47641901868437
    vertex 10.157377607286286 -473.22964607176647 102.25000000000536
    vertex 9.162440114301381 -473.8040735011683 99.47641901868437
  endloop
endfacet
facet normal 0.854620205233113 0.35399527968563493 -0.37988372795843856
  outer loop
    vertex 10.157377607286286 -473.22964607176647 102.25000000000536
    vertex 5.605171184162641 -465.2160666050177 99.47641901868437
    vertex 6.714879762938318 -464.918721087501 102.25000000000536
  endloop
endfacet
facet normal 0.13052619222214654 -0.9914448613735347 4.388644838068009e-14
  outer loop
    vertex 44.075893273921174 -493.0166504657121 105.00000000000014
    vertex 43.88177899009423 -493.04220609599616 95.00000000000033
    vertex 44.075893273921174 -493.01665046571276 95.00000000000033
  endloop
endfacet
facet normal 0.13052619222214654 -0.9914448613735347 4.388644838068009e-14
  outer loop
    vertex 43.88177899009423 -493.04220609599616 95.00000000000033
    vertex 44.075893273921174 -493.0166504657121 105.00000000000014
    vertex 43.88177899009411 -493.0422060959959 105.00000000000014
  endloop
endfacet
facet normal 0.9171204481621588 0.12074119758902487 -0.3798837279584493
  outer loop
    vertex 4.3918529976807354 -456.000000000006 99.47641901868437
    vertex 6.714879762938318 -464.918721087501 102.25000000000536
    vertex 5.605171184162641 -465.2160666050177 99.47641901868437
  endloop
endfacet
facet normal 0.9171204481621588 0.12074119758902487 -0.3798837279584493
  outer loop
    vertex 6.714879762938318 -464.918721087501 102.25000000000536
    vertex 4.3918529976807354 -456.000000000006 99.47641901868437
    vertex 5.540707856483984 -456.000000000006 102.25000000000536
  endloop
endfacet
facet normal 0.3794645986871798 0.9161085805910646 -0.12942830799559443
  outer loop
    vertex 22.19592649884311 -486.83755988570954 99.47641901868437
    vertex 30.68251437631438 -490.7733297464123 96.50000000000531
    vertex 22.0000000000051 -487.176914536246 96.50000000000531
  endloop
endfacet
facet normal 0.3794645986871798 0.9161085805910646 -0.12942830799559443
  outer loop
    vertex 30.68251437631438 -490.7733297464123 96.50000000000531
    vertex 22.19592649884311 -486.83755988570954 99.47641901868437
    vertex 30.78393339499333 -490.3948288158486 99.47641901868437
  endloop
endfacet
facet normal 0.5631251684765205 0.7338790076440928 -0.37988372795845327
  outer loop
    vertex 15.633600850433064 -480.36639914957817 102.25000000000536
    vertex 22.19592649884311 -486.83755988570954 99.47641901868437
    vertex 14.821237789174342 -481.1787622108369 99.47641901868437
  endloop
endfacet
facet normal 0.5631251684765205 0.7338790076440928 -0.37988372795845327
  outer loop
    vertex 22.19592649884311 -486.83755988570954 99.47641901868437
    vertex 15.633600850433064 -480.36639914957817 102.25000000000536
    vertex 22.770353928244734 -485.84262239272493 102.25000000000536
  endloop
endfacet
facet normal 0.12074119758903065 0.9171204481621654 -0.37988372795843167
  outer loop
    vertex 31.081278912510303 -489.2851202370729 102.25000000000536
    vertex 40.000000000005464 -491.6081470023302 99.47641901868437
    vertex 30.78393339499333 -490.3948288158486 99.47641901868437
  endloop
endfacet
facet normal 0.12074119758903065 0.9171204481621654 -0.37988372795843167
  outer loop
    vertex 40.000000000005464 -491.6081470023302 99.47641901868437
    vertex 31.081278912510303 -489.2851202370729 102.25000000000536
    vertex 40.000000000005464 -490.45929214352725 102.25000000000536
  endloop
endfacet
facet normal 0.7338790076440883 0.5631251684765335 -0.37988372795844266
  outer loop
    vertex 9.162440114301381 -473.8040735011683 99.47641901868437
    vertex 15.633600850433064 -480.36639914957817 102.25000000000536
    vertex 14.821237789174342 -481.1787622108369 99.47641901868437
  endloop
endfacet
facet normal 0.7338790076440883 0.5631251684765335 -0.37988372795844266
  outer loop
    vertex 15.633600850433064 -480.36639914957817 102.25000000000536
    vertex 9.162440114301381 -473.8040735011683 99.47641901868437
    vertex 10.157377607286286 -473.22964607176647 102.25000000000536
  endloop
endfacet
facet normal 0.7890610165043971 0.10388185357165312 -0.6054678131259871
  outer loop
    vertex 5.540707856483984 -456.000000000006 102.25000000000536
    vertex 8.480171184162709 -464.44571267677816 104.63172798365066
    vertex 6.714879762938318 -464.918721087501 102.25000000000536
  endloop
endfacet
facet normal 0.7890610165043971 0.10388185357165312 -0.6054678131259871
  outer loop
    vertex 8.480171184162709 -464.44571267677816 104.63172798365066
    vertex 5.540707856483984 -456.000000000006 102.25000000000536
    vertex 7.368272016359897 -456.000000000006 104.63172798365066
  endloop
endfacet
facet normal -0.9914448613737957 -0.1305261922201627 4.2001879566043684e-14
  outer loop
    vertex 2.9577939040256993 -412.80588571617903 105.00000000000014
    vertex 2.9833495343084664 -413.0000000000057 95.00000000000037
    vertex 2.9833495343089007 -413.0000000000057 105.00000000000014
  endloop
endfacet
facet normal -0.9914448613737957 -0.1305261922201627 4.2001879566043684e-14
  outer loop
    vertex 2.9833495343084664 -413.0000000000057 95.00000000000037
    vertex 2.9577939040256993 -412.80588571617903 105.00000000000014
    vertex 2.9577939040252677 -412.80588571617875 95.00000000000037
  endloop
endfacet
facet normal 0.6087614290087978 -0.7933533402911759 -3.4760635199962703e-14
  outer loop
    vertex 1.8583495343088665 -412.3504809471677 105.00000000000014
    vertex 1.7030194484186638 -412.46966991411597 95.00000000000038
    vertex 1.858349534308579 -412.35048094716734 95.00000000000038
  endloop
endfacet
facet normal 0.6087614290087978 -0.7933533402911759 -3.4760635199962703e-14
  outer loop
    vertex 1.7030194484186638 -412.46966991411597 95.00000000000038
    vertex 1.8583495343088665 -412.3504809471677 105.00000000000014
    vertex 1.703019448418954 -412.46966991411597 105.00000000000014
  endloop
endfacet
facet normal 0.6314059586429565 0.48449483243747493 -0.6054678131259762
  outer loop
    vertex 10.157377607286286 -473.22964607176647 102.25000000000536
    vertex 16.92588386093492 -479.0741161390763 104.63172798365066
    vertex 15.633600850433064 -480.36639914957817 102.25000000000536
  endloop
endfacet
facet normal 0.6314059586429565 0.48449483243747493 -0.6054678131259762
  outer loop
    vertex 16.92588386093492 -479.0741161390763 104.63172798365066
    vertex 10.157377607286286 -473.22964607176647 102.25000000000536
    vertex 11.74009459678478 -472.3158639918286 104.63172798365066
  endloop
endfacet
facet normal 0.7352878122146089 0.3045661840669325 -0.605467813125984
  outer loop
    vertex 6.714879762938318 -464.918721087501 102.25000000000536
    vertex 11.74009459678478 -472.3158639918286 104.63172798365066
    vertex 10.157377607286286 -473.22964607176647 102.25000000000536
  endloop
endfacet
facet normal 0.7352878122146089 0.3045661840669325 -0.605467813125984
  outer loop
    vertex 11.74009459678478 -472.3158639918286 104.63172798365066
    vertex 6.714879762938318 -464.918721087501 102.25000000000536
    vertex 8.480171184162709 -464.44571267677816 104.63172798365066
  endloop
endfacet
facet normal 0.38268343236609764 -0.9238795325108694 -1.2194874554781143e-14
  outer loop
    vertex 2.039235250481692 -412.27555563028875 105.00000000000014
    vertex 1.858349534308579 -412.35048094716734 95.00000000000038
    vertex 2.039235250481692 -412.27555563028875 95.00000000000038
  endloop
endfacet
facet normal 0.38268343236609764 -0.9238795325108694 -1.2194874554781143e-14
  outer loop
    vertex 1.858349534308579 -412.35048094716734 95.00000000000038
    vertex 2.039235250481692 -412.27555563028875 105.00000000000014
    vertex 1.8583495343088665 -412.3504809471677 105.00000000000014
  endloop
endfacet
facet normal 0.3045661840669316 0.7352878122146171 -0.6054678131259745
  outer loop
    vertex 23.68413600818269 -484.25990540322607 104.63172798365066
    vertex 31.081278912510303 -489.2851202370729 102.25000000000536
    vertex 22.770353928244734 -485.84262239272493 102.25000000000536
  endloop
endfacet
facet normal 0.3045661840669316 0.7352878122146171 -0.6054678131259745
  outer loop
    vertex 31.081278912510303 -489.2851202370729 102.25000000000536
    vertex 23.68413600818269 -484.25990540322607 104.63172798365066
    vertex 31.554287323232817 -487.51982881584854 104.63172798365066
  endloop
endfacet
facet normal 0.793353340291354 0.6087614290085659 -2.5574438592396928e-14
  outer loop
    vertex 1.7030194484186638 -413.5303300858957 95.00000000000038
    vertex 1.5838304814707258 -413.3750000000061 105.00000000000014
    vertex 1.7030194484190977 -413.53033008589597 105.00000000000014
  endloop
endfacet
facet normal 0.793353340291354 0.6087614290085659 -2.5574438592396928e-14
  outer loop
    vertex 1.5838304814707258 -413.3750000000061 105.00000000000014
    vertex 1.7030194484186638 -413.5303300858957 95.00000000000038
    vertex 1.5838304814702926 -413.3750000000058 95.00000000000038
  endloop
endfacet
facet normal 0.7866802725954964 0.6036410040731741 -0.1294283079956067
  outer loop
    vertex 8.823085463765192 -474.00000000000597 96.50000000000531
    vertex 14.821237789174342 -481.1787622108369 99.47641901868437
    vertex 14.544155877289386 -481.45584412272177 96.50000000000531
  endloop
endfacet
facet normal 0.7866802725954964 0.6036410040731741 -0.1294283079956067
  outer loop
    vertex 14.821237789174342 -481.1787622108369 99.47641901868437
    vertex 8.823085463765192 -474.00000000000597 96.50000000000531
    vertex 9.162440114301381 -473.8040735011683 99.47641901868437
  endloop
endfacet
facet normal -6.887863774088306e-13 -0.8944271910001071 -0.4472135954995754
  outer loop
    vertex 48.15178654783718 -335.1001469274473 105.00000000000014
    vertex 48.15178654783676 -333.10014692744727 100.99999999999562
    vertex 51.151786547837524 -335.1001469274497 105.00000000000014
  endloop
endfacet
facet normal -0.9914448613738208 0.13052619221997183 4.38864483806769e-14
  outer loop
    vertex 2.9833495343089007 -413.0000000000057 105.00000000000014
    vertex 2.9577939040252677 -413.1941142838326 95.00000000000037
    vertex 2.9577939040256993 -413.1941142838326 105.00000000000014
  endloop
endfacet
facet normal -0.9914448613738208 0.13052619221997183 4.38864483806769e-14
  outer loop
    vertex 2.9577939040252677 -413.1941142838326 95.00000000000037
    vertex 2.9833495343089007 -413.0000000000057 105.00000000000014
    vertex 2.9833495343084664 -413.0000000000057 95.00000000000037
  endloop
endfacet
facet normal 0.6036410040731637 0.7866802725955053 -0.1294283079956021
  outer loop
    vertex 14.821237789174342 -481.1787622108369 99.47641901868437
    vertex 22.0000000000051 -487.176914536246 96.50000000000531
    vertex 14.544155877289386 -481.45584412272177 96.50000000000531
  endloop
endfacet
facet normal 0.6036410040731637 0.7866802725955053 -0.1294283079956021
  outer loop
    vertex 22.0000000000051 -487.176914536246 96.50000000000531
    vertex 14.821237789174342 -481.1787622108369 99.47641901868437
    vertex 22.19592649884311 -486.83755988570954 99.47641901868437
  endloop
endfacet
facet normal 0.10388185357166942 0.7890610165044064 -0.6054678131259721
  outer loop
    vertex 31.554287323232817 -487.51982881584854 104.63172798365066
    vertex 40.000000000005464 -490.45929214352725 102.25000000000536
    vertex 31.081278912510303 -489.2851202370729 102.25000000000536
  endloop
endfacet
facet normal 0.10388185357166942 0.7890610165044064 -0.6054678131259721
  outer loop
    vertex 40.000000000005464 -490.45929214352725 102.25000000000536
    vertex 31.554287323232817 -487.51982881584854 104.63172798365066
    vertex 40.000000000005755 -488.63172798365133 104.63172798365066
  endloop
endfacet
facet normal -3.473297936649615e-15 2.638231708703253e-14 0.9999999999999999
  outer loop
    vertex 43.351448904204425 -493.9607647495398 95.00000000000037
    vertex 43.35144890420429 -493.57253618188616 95.00000000000037
    vertex 43.325893273921075 -493.7666504657131 95.00000000000037
  endloop
endfacet
facet normal -3.473297936649615e-15 2.638231708703253e-14 0.9999999999999999
  outer loop
    vertex 43.35144890420429 -493.57253618188616 95.00000000000037
    vertex 43.351448904204425 -493.9607647495398 95.00000000000037
    vertex 43.42637422108286 -493.39165046571276 95.00000000000033
  endloop
endfacet
facet normal -3.473297936649615e-15 2.638231708703253e-14 0.9999999999999999
  outer loop
    vertex 43.42637422108286 -493.39165046571276 95.00000000000033
    vertex 43.351448904204425 -493.9607647495398 95.00000000000037
    vertex 43.42637422108286 -494.1416504657128 95.00000000000037
  endloop
endfacet
facet normal -3.473297936649615e-15 2.638231708703253e-14 0.9999999999999999
  outer loop
    vertex 43.42637422108286 -493.39165046571276 95.00000000000033
    vertex 43.42637422108286 -494.1416504657128 95.00000000000037
    vertex 43.545563188031366 -494.2969805516028 95.00000000000038
  endloop
endfacet
facet normal -3.473297936649615e-15 2.638231708703253e-14 0.9999999999999999
  outer loop
    vertex 43.42637422108286 -493.39165046571276 95.00000000000033
    vertex 43.545563188031366 -494.2969805516028 95.00000000000038
    vertex 43.54556318803123 -493.2363203798231 95.00000000000033
  endloop
endfacet
facet normal -3.473297936649615e-15 2.638231708703253e-14 0.9999999999999999
  outer loop
    vertex 43.54556318803123 -493.2363203798231 95.00000000000033
    vertex 43.545563188031366 -494.2969805516028 95.00000000000038
    vertex 43.700893273921146 -493.1171314128747 95.00000000000033
  endloop
endfacet
facet normal -3.473297936649615e-15 2.638231708703253e-14 0.9999999999999999
  outer loop
    vertex 43.700893273921146 -493.1171314128747 95.00000000000033
    vertex 43.545563188031366 -494.2969805516028 95.00000000000038
    vertex 43.700893273921146 -494.4161695185511 95.00000000000038
  endloop
endfacet
facet normal -3.473297936649615e-15 2.638231708703253e-14 0.9999999999999999
  outer loop
    vertex 43.700893273921146 -493.1171314128747 95.00000000000033
    vertex 43.700893273921146 -494.4161695185511 95.00000000000038
    vertex 43.88177899009423 -494.49109483542975 95.00000000000038
  endloop
endfacet
facet normal -3.473297936649615e-15 2.638231708703253e-14 0.9999999999999999
  outer loop
    vertex 43.700893273921146 -493.1171314128747 95.00000000000033
    vertex 43.88177899009423 -494.49109483542975 95.00000000000038
    vertex 43.88177899009423 -493.04220609599616 95.00000000000033
  endloop
endfacet
facet normal -3.473297936649615e-15 2.638231708703253e-14 0.9999999999999999
  outer loop
    vertex 43.88177899009423 -493.04220609599616 95.00000000000033
    vertex 43.88177899009423 -494.49109483542975 95.00000000000038
    vertex 44.075893273921174 -494.5166504657124 95.00000000000038
  endloop
endfacet
facet normal -3.473297936649615e-15 2.638231708703253e-14 0.9999999999999999
  outer loop
    vertex 43.88177899009423 -493.04220609599616 95.00000000000033
    vertex 44.075893273921174 -494.5166504657124 95.00000000000038
    vertex 44.075893273921174 -493.01665046571276 95.00000000000033
  endloop
endfacet
facet normal -3.473297936649615e-15 2.638231708703253e-14 0.9999999999999999
  outer loop
    vertex 44.075893273921174 -493.01665046571276 95.00000000000033
    vertex 44.075893273921174 -494.5166504657124 95.00000000000038
    vertex 44.270007557748 -494.4910948354294 95.00000000000038
  endloop
endfacet
facet normal -3.473297936649615e-15 2.638231708703253e-14 0.9999999999999999
  outer loop
    vertex 44.075893273921174 -493.01665046571276 95.00000000000033
    vertex 44.270007557748 -494.4910948354294 95.00000000000038
    vertex 44.270007557748 -493.0422060959959 95.00000000000033
  endloop
endfacet
facet normal -3.473297936649615e-15 2.638231708703253e-14 0.9999999999999999
  outer loop
    vertex 44.270007557748 -493.0422060959959 95.00000000000033
    vertex 44.270007557748 -494.4910948354294 95.00000000000038
    vertex 44.450893273921245 -494.4161695185511 95.00000000000038
  endloop
endfacet
facet normal -3.473297936649615e-15 2.638231708703253e-14 0.9999999999999999
  outer loop
    vertex 44.270007557748 -493.0422060959959 95.00000000000033
    vertex 44.450893273921245 -494.4161695185511 95.00000000000038
    vertex 44.45089327392141 -493.1171314128739 95.00000000000033
  endloop
endfacet
facet normal -3.473297936649615e-15 2.638231708703253e-14 0.9999999999999999
  outer loop
    vertex 44.45089327392141 -493.1171314128739 95.00000000000033
    vertex 44.450893273921245 -494.4161695185511 95.00000000000038
    vertex 44.60622335981103 -494.2969805516028 95.00000000000038
  endloop
endfacet
facet normal -3.473297936649615e-15 2.638231708703253e-14 0.9999999999999999
  outer loop
    vertex 44.45089327392141 -493.1171314128739 95.00000000000033
    vertex 44.60622335981103 -494.2969805516028 95.00000000000038
    vertex 44.60622335981087 -493.2363203798231 95.00000000000033
  endloop
endfacet
facet normal -3.473297936649615e-15 2.638231708703253e-14 0.9999999999999999
  outer loop
    vertex 44.60622335981087 -493.2363203798231 95.00000000000033
    vertex 44.60622335981103 -494.2969805516028 95.00000000000038
    vertex 44.725412326759376 -493.391650465713 95.00000000000037
  endloop
endfacet
facet normal -3.473297936649615e-15 2.638231708703253e-14 0.9999999999999999
  outer loop
    vertex 44.725412326759376 -493.391650465713 95.00000000000037
    vertex 44.60622335981103 -494.2969805516028 95.00000000000038
    vertex 44.725412326759376 -494.1416504657132 95.00000000000038
  endloop
endfacet
facet normal -3.473297936649615e-15 2.638231708703253e-14 0.9999999999999999
  outer loop
    vertex 44.725412326759376 -493.391650465713 95.00000000000037
    vertex 44.725412326759376 -494.1416504657132 95.00000000000038
    vertex 44.80033764363782 -493.96076474954003 95.00000000000037
  endloop
endfacet
facet normal -3.473297936649615e-15 2.638231708703253e-14 0.9999999999999999
  outer loop
    vertex 44.725412326759376 -493.391650465713 95.00000000000037
    vertex 44.80033764363782 -493.96076474954003 95.00000000000037
    vertex 44.80033764363782 -493.57253618188645 95.00000000000037
  endloop
endfacet
facet normal -3.473297936649615e-15 2.638231708703253e-14 0.9999999999999999
  outer loop
    vertex 44.80033764363782 -493.57253618188645 95.00000000000037
    vertex 44.80033764363782 -493.96076474954003 95.00000000000037
    vertex 44.825893273921004 -493.7666504657131 95.00000000000037
  endloop
endfacet
facet normal -0.1305261922201627 -0.9914448613737957 1.5257005731770245e-14
  outer loop
    vertex 2.427463818135438 -412.27555563028875 105.00000000000014
    vertex 2.233349534308637 -412.25000000000585 95.00000000000038
    vertex 2.427463818135438 -412.27555563028875 95.00000000000038
  endloop
endfacet
facet normal -0.1305261922201627 -0.9914448613737957 1.5257005731770245e-14
  outer loop
    vertex 2.233349534308637 -412.25000000000585 95.00000000000038
    vertex 2.427463818135438 -412.27555563028875 105.00000000000014
    vertex 2.2333495343087812 -412.25000000000557 105.00000000000014
  endloop
endfacet
facet normal -0.6087614290083175 -0.7933533402915444 1.7578617737710753e-14
  outer loop
    vertex 2.763679620199044 -412.46966991411597 105.00000000000014
    vertex 2.6083495343085517 -412.35048094716734 95.00000000000037
    vertex 2.763679620198466 -412.46966991411597 95.00000000000037
  endloop
endfacet
facet normal -0.6087614290083175 -0.7933533402915444 1.7578617737710753e-14
  outer loop
    vertex 2.6083495343085517 -412.35048094716734 95.00000000000037
    vertex 2.763679620199044 -412.46966991411597 105.00000000000014
    vertex 2.6083495343085517 -412.35048094716734 105.00000000000014
  endloop
endfacet
facet normal -0.7933533402913956 -0.6087614290085117 4.4485920242590825e-14
  outer loop
    vertex 2.8828685871472723 -412.6250000000056 105.00000000000014
    vertex 2.763679620198466 -412.46966991411597 95.00000000000037
    vertex 2.882868587146838 -412.62500000000597 95.00000000000037
  endloop
endfacet
facet normal -0.7933533402913956 -0.6087614290085117 4.4485920242590825e-14
  outer loop
    vertex 2.763679620198466 -412.46966991411597 95.00000000000037
    vertex 2.8828685871472723 -412.6250000000056 105.00000000000014
    vertex 2.763679620199044 -412.46966991411597 105.00000000000014
  endloop
endfacet
facet normal 0.48449483243746705 0.6314059586429664 -0.6054678131259723
  outer loop
    vertex 16.92588386093492 -479.0741161390763 104.63172798365066
    vertex 22.770353928244734 -485.84262239272493 102.25000000000536
    vertex 15.633600850433064 -480.36639914957817 102.25000000000536
  endloop
endfacet
facet normal 0.48449483243746705 0.6314059586429664 -0.6054678131259723
  outer loop
    vertex 22.770353928244734 -485.84262239272493 102.25000000000536
    vertex 16.92588386093492 -479.0741161390763 104.63172798365066
    vertex 23.68413600818269 -484.25990540322607 104.63172798365066
  endloop
endfacet
facet normal 0.9914448613738686 0.13052619221960943 -3.484451890382383e-14
  outer loop
    vertex 1.48334953430852 -413.0000000000057 95.00000000000038
    vertex 1.5089051645920084 -413.1941142838326 105.00000000000014
    vertex 1.5089051645917195 -413.1941142838326 95.00000000000038
  endloop
endfacet
facet normal 0.9914448613738686 0.13052619221960943 -3.484451890382383e-14
  outer loop
    vertex 1.5089051645920084 -413.1941142838326 105.00000000000014
    vertex 1.48334953430852 -413.0000000000057 95.00000000000038
    vertex 1.483349534308953 -413.0000000000057 105.00000000000014
  endloop
endfacet
facet normal -0.923879532511238 0.3826834323652075 3.887326799954481e-14
  outer loop
    vertex 2.9577939040256993 -413.1941142838326 105.00000000000014
    vertex 2.882868587146838 -413.3750000000058 95.00000000000037
    vertex 2.882868587147127 -413.3750000000061 105.00000000000014
  endloop
endfacet
facet normal -0.923879532511238 0.3826834323652075 3.887326799954481e-14
  outer loop
    vertex 2.882868587146838 -413.3750000000058 95.00000000000037
    vertex 2.9577939040256993 -413.1941142838326 105.00000000000014
    vertex 2.9577939040252677 -413.1941142838326 95.00000000000037
  endloop
endfacet
facet normal 0.793353340291354 -0.6087614290085659 -3.1698700946390976e-14
  outer loop
    vertex 1.7030194484186638 -412.46966991411597 95.00000000000038
    vertex 1.5838304814705815 -412.62500000000597 105.00000000000014
    vertex 1.5838304814702926 -412.62500000000597 95.00000000000038
  endloop
endfacet
facet normal 0.793353340291354 -0.6087614290085659 -3.1698700946390976e-14
  outer loop
    vertex 1.5838304814705815 -412.62500000000597 105.00000000000014
    vertex 1.7030194484186638 -412.46966991411597 95.00000000000038
    vertex 1.703019448418954 -412.46966991411597 105.00000000000014
  endloop
endfacet
facet normal 0.13052619221697687 0.9914448613742153 -2.768715824162541e-14
  outer loop
    vertex 43.88177899009396 -494.4910948354294 105.00000000000014
    vertex 44.075893273921174 -494.5166504657124 95.00000000000038
    vertex 43.88177899009423 -494.49109483542975 95.00000000000038
  endloop
endfacet
facet normal 0.13052619221697687 0.9914448613742153 -2.768715824162541e-14
  outer loop
    vertex 44.075893273921174 -494.5166504657124 95.00000000000038
    vertex 43.88177899009396 -494.4910948354294 105.00000000000014
    vertex 44.07589327392133 -494.516650465712 105.00000000000014
  endloop
endfacet
facet normal -0.3826834323638183 0.9238795325118134 1.4957512651533695e-14
  outer loop
    vertex 2.4274638181355823 -413.72444436972233 105.00000000000014
    vertex 2.6083495343085517 -413.6495190528441 95.00000000000038
    vertex 2.427463818135438 -413.7244443697226 95.00000000000038
  endloop
endfacet
facet normal -0.3826834323638183 0.9238795325118134 1.4957512651533695e-14
  outer loop
    vertex 2.6083495343085517 -413.6495190528441 95.00000000000038
    vertex 2.4274638181355823 -413.72444436972233 105.00000000000014
    vertex 2.6083495343088408 -413.64951905284437 105.00000000000014
  endloop
endfacet
facet normal 0.13052619221997183 -0.9914448613738208 1.3372436917138551e-14
  outer loop
    vertex 2.2333495343087812 -412.25000000000557 105.00000000000014
    vertex 2.039235250481692 -412.27555563028875 95.00000000000038
    vertex 2.233349534308637 -412.25000000000585 95.00000000000038
  endloop
endfacet
facet normal 0.13052619221997183 -0.9914448613738208 1.3372436917138551e-14
  outer loop
    vertex 2.039235250481692 -412.27555563028875 95.00000000000038
    vertex 2.2333495343087812 -412.25000000000557 105.00000000000014
    vertex 2.039235250481692 -412.27555563028875 105.00000000000014
  endloop
endfacet
facet normal 0.8000000000002871 1.443555647237845e-13 -0.5999999999996173
  outer loop
    vertex 51.15178654783681 -331.100146927445 105.00000000000014
    vertex 51.151786547837524 -335.1001469274497 105.00000000000014
    vertex 48.15178654783676 -333.10014692744727 100.99999999999562
  endloop
endfacet
facet normal 0.6087614290086361 0.7933533402913002 -1.3184167696315236e-14
  outer loop
    vertex 1.7030194484190977 -413.53033008589597 105.00000000000014
    vertex 1.858349534308579 -413.6495190528441 95.00000000000038
    vertex 1.7030194484186638 -413.5303300858957 95.00000000000038
  endloop
endfacet
facet normal 0.6087614290086361 0.7933533402913002 -1.3184167696315236e-14
  outer loop
    vertex 1.858349534308579 -413.6495190528441 95.00000000000038
    vertex 1.7030194484190977 -413.53033008589597 105.00000000000014
    vertex 1.858349534308579 -413.64951905284374 105.00000000000014
  endloop
endfacet
facet normal -8.61951698695319e-14 0.8944271909999523 -0.4472135954998851
  outer loop
    vertex 51.15178654783681 -331.100146927445 105.00000000000014
    vertex 48.15178654783676 -333.10014692744727 100.99999999999562
    vertex 48.15178654783707 -331.10014692744534 105.00000000000014
  endloop
endfacet
facet normal -0.9238795325114763 -0.3826834323646322 4.0017590167171214e-14
  outer loop
    vertex 2.8828685871472723 -412.6250000000056 105.00000000000014
    vertex 2.9577939040252677 -412.80588571617875 95.00000000000037
    vertex 2.9577939040256993 -412.80588571617903 105.00000000000014
  endloop
endfacet
facet normal -0.9238795325114763 -0.3826834323646322 4.0017590167171214e-14
  outer loop
    vertex 2.9577939040252677 -412.80588571617875 95.00000000000037
    vertex 2.8828685871472723 -412.6250000000056 105.00000000000014
    vertex 2.882868587146838 -412.62500000000597 95.00000000000037
  endloop
endfacet
facet normal 0.9914448613737957 -0.1305261922201628 -4.38864483806775e-14
  outer loop
    vertex 1.5089051645917195 -412.80588571617875 95.00000000000038
    vertex 1.483349534308953 -413.0000000000057 105.00000000000014
    vertex 1.48334953430852 -413.0000000000057 95.00000000000038
  endloop
endfacet
facet normal 0.9914448613737957 -0.1305261922201628 -4.38864483806775e-14
  outer loop
    vertex 1.483349534308953 -413.0000000000057 105.00000000000014
    vertex 1.5089051645917195 -412.80588571617875 95.00000000000038
    vertex 1.5089051645921525 -412.80588571617903 105.00000000000014
  endloop
endfacet
facet normal -0.3826834323652075 -0.923879532511238 6.669634886304145e-15
  outer loop
    vertex 2.6083495343085517 -412.35048094716734 105.00000000000014
    vertex 2.427463818135438 -412.27555563028875 95.00000000000038
    vertex 2.6083495343085517 -412.35048094716734 95.00000000000037
  endloop
endfacet
facet normal -0.3826834323652075 -0.923879532511238 6.669634886304145e-15
  outer loop
    vertex 2.427463818135438 -412.27555563028875 95.00000000000038
    vertex 2.6083495343085517 -412.35048094716734 105.00000000000014
    vertex 2.427463818135438 -412.27555563028875 105.00000000000014
  endloop
endfacet
facet normal 0.6087614290081715 0.7933533402916565 -1.8514533250088723e-14
  outer loop
    vertex 43.545563188031366 -494.2969805516028 105.00000000000014
    vertex 43.700893273921146 -494.4161695185511 95.00000000000038
    vertex 43.545563188031366 -494.2969805516028 95.00000000000038
  endloop
endfacet
facet normal 0.6087614290081715 0.7933533402916565 -1.8514533250088723e-14
  outer loop
    vertex 43.700893273921146 -494.4161695185511 95.00000000000038
    vertex 43.545563188031366 -494.2969805516028 105.00000000000014
    vertex 43.70089327392099 -494.4161695185506 105.00000000000014
  endloop
endfacet
facet normal 0.12942830799558497 0.9831056027603466 -0.12942830799564609
  outer loop
    vertex 30.78393339499333 -490.3948288158486 99.47641901868437
    vertex 40.000000000005755 -492.0000000000065 96.50000000000531
    vertex 30.68251437631438 -490.7733297464123 96.50000000000531
  endloop
endfacet
facet normal 0.12942830799558497 0.9831056027603466 -0.12942830799564609
  outer loop
    vertex 40.000000000005755 -492.0000000000065 96.50000000000531
    vertex 30.78393339499333 -490.3948288158486 99.47641901868437
    vertex 40.000000000005464 -491.6081470023302 99.47641901868437
  endloop
endfacet
facet normal 0.382683432366282 0.9238795325107929 -3.172967587675226e-14
  outer loop
    vertex 43.70089327392099 -494.4161695185506 105.00000000000014
    vertex 43.88177899009423 -494.49109483542975 95.00000000000038
    vertex 43.700893273921146 -494.4161695185511 95.00000000000038
  endloop
endfacet
facet normal 0.382683432366282 0.9238795325107929 -3.172967587675226e-14
  outer loop
    vertex 43.88177899009423 -494.49109483542975 95.00000000000038
    vertex 43.70089327392099 -494.4161695185506 105.00000000000014
    vertex 43.88177899009396 -494.4910948354294 105.00000000000014
  endloop
endfacet
facet normal 0.13052619221924702 0.9914448613739163 -9.422844073101318e-16
  outer loop
    vertex 2.039235250481692 -413.7244443697226 105.00000000000014
    vertex 2.233349534308637 -413.7500000000055 95.00000000000038
    vertex 2.039235250481692 -413.7244443697226 95.00000000000038
  endloop
endfacet
facet normal 0.13052619221924702 0.9914448613739163 -9.422844073101318e-16
  outer loop
    vertex 2.233349534308637 -413.7500000000055 95.00000000000038
    vertex 2.039235250481692 -413.7244443697226 105.00000000000014
    vertex 2.2333495343087812 -413.7500000000055 105.00000000000014
  endloop
endfacet
facet normal 0.3826834323655221 0.9238795325111077 -3.6525110580359287e-20
  outer loop
    vertex 1.858349534308579 -413.64951905284374 105.00000000000014
    vertex 2.039235250481692 -413.7244443697226 95.00000000000038
    vertex 1.858349534308579 -413.6495190528441 95.00000000000038
  endloop
endfacet
facet normal 0.3826834323655221 0.9238795325111077 -3.6525110580359287e-20
  outer loop
    vertex 2.039235250481692 -413.7244443697226 95.00000000000038
    vertex 1.858349534308579 -413.64951905284374 105.00000000000014
    vertex 2.039235250481692 -413.7244443697226 105.00000000000014
  endloop
endfacet
facet normal 0.923879532511238 -0.3826834323652075 -3.887326799954509e-14
  outer loop
    vertex 1.5089051645917195 -412.80588571617875 95.00000000000038
    vertex 1.5838304814705815 -412.62500000000597 105.00000000000014
    vertex 1.5089051645921525 -412.80588571617903 105.00000000000014
  endloop
endfacet
facet normal 0.923879532511238 -0.3826834323652075 -3.887326799954509e-14
  outer loop
    vertex 1.5838304814705815 -412.62500000000597 105.00000000000014
    vertex 1.5089051645917195 -412.80588571617875 95.00000000000038
    vertex 1.5838304814702926 -412.62500000000597 95.00000000000038
  endloop
endfacet
facet normal -0.38131467322789264 0.9205750556397341 0.08450258525634607
  outer loop
    vertex 30.970016182578508 -492.8833138985246 105.00000000000014
    vertex 31.38059488403869 -492.5296601123397 102.99999999999994
    vertex 30.92573861047064 -492.71806774978194 102.99999999999994
  endloop
endfacet
facet normal -0.38131467322789264 0.9205750556397341 0.08450258525634607
  outer loop
    vertex 31.38059488403869 -492.5296601123397 102.99999999999994
    vertex 30.970016182578508 -492.8833138985246 105.00000000000014
    vertex 31.408100520265705 -492.51826690477293 102.99999999999994
  endloop
endfacet
facet normal -0.38131467322789264 0.9205750556397341 0.08450258525634607
  outer loop
    vertex 31.408100520265705 -492.51826690477293 102.99999999999994
    vertex 30.970016182578508 -492.8833138985246 105.00000000000014
    vertex 31.49363822111414 -492.666422548606 105.00000000000014
  endloop
endfacet
facet normal -0.6087614290087978 0.7933533402911759 3.476063519996258e-14
  outer loop
    vertex 2.6083495343085517 -413.6495190528441 95.00000000000038
    vertex 2.7636796201987535 -413.53033008589597 105.00000000000014
    vertex 2.763679620198466 -413.5303300858957 95.00000000000037
  endloop
endfacet
facet normal -0.6087614290087978 0.7933533402911759 3.476063519996258e-14
  outer loop
    vertex 2.7636796201987535 -413.53033008589597 105.00000000000014
    vertex 2.6083495343085517 -413.6495190528441 95.00000000000038
    vertex 2.6083495343088408 -413.64951905284437 105.00000000000014
  endloop
endfacet
facet normal -0.13052619222079215 -0.991444861373713 4.3886337420727225e-14
  outer loop
    vertex 44.27000755774812 -493.04220609599565 105.00000000000014
    vertex 44.075893273921174 -493.01665046571276 95.00000000000033
    vertex 44.270007557748 -493.0422060959959 95.00000000000033
  endloop
endfacet
facet normal -0.13052619222079215 -0.991444861373713 4.3886337420727225e-14
  outer loop
    vertex 44.075893273921174 -493.01665046571276 95.00000000000033
    vertex 44.27000755774812 -493.04220609599565 105.00000000000014
    vertex 44.075893273921174 -493.0166504657121 105.00000000000014
  endloop
endfacet
facet normal -0.38131467322845886 -0.9205750556395055 0.0845025852562796
  outer loop
    vertex 31.493638221114303 -488.90600964580227 105.00000000000014
    vertex 30.92573861047064 -488.85436444462573 102.99999999999994
    vertex 31.408100520265428 -489.05416528963514 102.99999999999994
  endloop
endfacet
facet normal -0.38131467322845886 -0.9205750556395055 0.0845025852562796
  outer loop
    vertex 30.92573861047064 -488.85436444462573 102.99999999999994
    vertex 31.493638221114303 -488.90600964580227 105.00000000000014
    vertex 30.970016182578195 -488.6891182958831 105.00000000000014
  endloop
endfacet
facet normal 0.3813146732281785 -0.9205750556396257 0.08450258525623643
  outer loop
    vertex 29.846184857951947 -488.6891182958836 105.00000000000014
    vertex 29.43560615649262 -489.042772082068 102.99999999999994
    vertex 29.890462430060648 -488.85436444462573 102.99999999999994
  endloop
endfacet
facet normal 0.3813146732281785 -0.9205750556396257 0.08450258525623643
  outer loop
    vertex 29.43560615649262 -489.042772082068 102.99999999999994
    vertex 29.846184857951947 -488.6891182958836 105.00000000000014
    vertex 29.408100520265585 -489.05416528963514 102.99999999999994
  endloop
endfacet
facet normal 0.3813146732281785 -0.9205750556396257 0.08450258525623643
  outer loop
    vertex 29.408100520265585 -489.05416528963514 102.99999999999994
    vertex 29.846184857951947 -488.6891182958836 105.00000000000014
    vertex 29.322562819416426 -488.90600964580256 105.00000000000014
  endloop
endfacet
facet normal 0.7933533402905341 -0.6087614290096343 8.789445130891156e-15
  outer loop
    vertex 43.54556318803123 -493.2363203798231 95.00000000000033
    vertex 43.42637422108286 -493.3916504657125 105.00000000000014
    vertex 43.42637422108286 -493.39165046571276 95.00000000000033
  endloop
endfacet
facet normal 0.7933533402905341 -0.6087614290096343 8.789445130891156e-15
  outer loop
    vertex 43.42637422108286 -493.3916504657125 105.00000000000014
    vertex 43.54556318803123 -493.2363203798231 95.00000000000033
    vertex 43.54556318803123 -493.2363203798231 105.00000000000014
  endloop
endfacet
facet normal 0.6065840476601204 0.7905157216711793 0.08450258525607109
  outer loop
    vertex 28.87291838125756 -492.3213982362109 105.00000000000014
    vertex 29.408100520265585 -492.51826690477293 102.99999999999994
    vertex 28.993886957892382 -492.20042965957697 102.99999999999994
  endloop
endfacet
facet normal 0.6065840476601204 0.7905157216711793 0.08450258525607109
  outer loop
    vertex 29.408100520265585 -492.51826690477293 102.99999999999994
    vertex 28.87291838125756 -492.3213982362109 105.00000000000014
    vertex 29.322562819416735 -492.6664225486051 105.00000000000014
  endloop
endfacet
facet normal 0.9914448613738146 0.13052619222001957 1.431472132445375e-14
  outer loop
    vertex 43.351448904204425 -493.9607647495398 95.00000000000037
    vertex 43.325893273921075 -493.7666504657128 105.00000000000014
    vertex 43.35144890420412 -493.96076474954003 105.00000000000014
  endloop
endfacet
facet normal 0.9914448613738146 0.13052619222001957 1.431472132445375e-14
  outer loop
    vertex 43.325893273921075 -493.7666504657128 105.00000000000014
    vertex 43.351448904204425 -493.9607647495398 95.00000000000037
    vertex 43.325893273921075 -493.7666504657131 95.00000000000037
  endloop
endfacet
facet normal 0.9238795325109772 0.38268343236583713 -2.78227156123717e-14
  outer loop
    vertex 1.5838304814702926 -413.3750000000058 95.00000000000038
    vertex 1.5089051645920084 -413.1941142838326 105.00000000000014
    vertex 1.5838304814707258 -413.3750000000061 105.00000000000014
  endloop
endfacet
facet normal 0.9238795325109772 0.38268343236583713 -2.78227156123717e-14
  outer loop
    vertex 1.5089051645920084 -413.1941142838326 105.00000000000014
    vertex 1.5838304814702926 -413.3750000000058 95.00000000000038
    vertex 1.5089051645917195 -413.1941142838326 95.00000000000038
  endloop
endfacet
facet normal 0.6065840476599126 -0.7905157216713219 0.08450258525622782
  outer loop
    vertex 29.322562819416426 -488.90600964580256 105.00000000000014
    vertex 28.993886957892382 -489.3720025348307 102.99999999999994
    vertex 29.408100520265585 -489.05416528963514 102.99999999999994
  endloop
endfacet
facet normal 0.6065840476599126 -0.7905157216713219 0.08450258525622782
  outer loop
    vertex 28.993886957892382 -489.3720025348307 102.99999999999994
    vertex 29.322562819416426 -488.90600964580256 105.00000000000014
    vertex 28.87291838125756 -489.2510339581965 105.00000000000014
  endloop
endfacet
facet normal 0.1300593339687837 -0.9878987208882358 0.08450258525621675
  outer loop
    vertex 30.408100520265357 -488.6151406955061 105.00000000000014
    vertex 29.890462430060648 -488.85436444462573 102.99999999999994
    vertex 30.408100520265656 -488.7862160972039 102.99999999999994
  endloop
endfacet
facet normal 0.1300593339687837 -0.9878987208882358 0.08450258525621675
  outer loop
    vertex 29.890462430060648 -488.85436444462573 102.99999999999994
    vertex 30.408100520265357 -488.6151406955061 105.00000000000014
    vertex 29.846184857951947 -488.6891182958836 105.00000000000014
  endloop
endfacet
facet normal 0.0 0.0 0.9999999999999999
  outer loop
    vertex 28.4762488676874 -491.30385418740894 102.99999999999994
    vertex 28.4762488676874 -490.268578006999 102.99999999999994
    vertex 28.408100520265524 -490.786216097204 102.99999999999994
  endloop
endfacet
facet normal 0.0 0.0 0.9999999999999999
  outer loop
    vertex 28.4762488676874 -490.268578006999 102.99999999999994
    vertex 28.4762488676874 -491.30385418740894 102.99999999999994
    vertex 28.67604971269674 -491.78621609720403 102.99999999999994
  endloop
endfacet
facet normal 0.0 0.0 0.9999999999999999
  outer loop
    vertex 28.4762488676874 -490.268578006999 102.99999999999994
    vertex 28.67604971269674 -491.78621609720403 102.99999999999994
    vertex 28.67604971269674 -489.7862160972039 102.99999999999994
  endloop
endfacet
facet normal 0.0 0.0 0.9999999999999999
  outer loop
    vertex 28.67604971269674 -489.7862160972039 102.99999999999994
    vertex 28.67604971269674 -491.78621609720403 102.99999999999994
    vertex 28.777526356525495 -491.9184630341924 102.99999999999994
  endloop
endfacet
facet normal 0.0 0.0 0.9999999999999999
  outer loop
    vertex 28.67604971269674 -489.7862160972039 102.99999999999994
    vertex 28.777526356525495 -491.9184630341924 102.99999999999994
    vertex 28.993886957892382 -489.3720025348307 102.99999999999994
  endloop
endfacet
facet normal 0.0 0.0 0.9999999999999999
  outer loop
    vertex 28.993886957892382 -489.3720025348307 102.99999999999994
    vertex 28.777526356525495 -491.9184630341924 102.99999999999994
    vertex 28.993886957892382 -492.20042965957697 102.99999999999994
  endloop
endfacet
facet normal 0.0 0.0 0.9999999999999999
  outer loop
    vertex 28.993886957892382 -489.3720025348307 102.99999999999994
    vertex 28.993886957892382 -492.20042965957697 102.99999999999994
    vertex 29.408100520265585 -492.51826690477293 102.99999999999994
  endloop
endfacet
facet normal 0.0 0.0 0.9999999999999999
  outer loop
    vertex 28.993886957892382 -489.3720025348307 102.99999999999994
    vertex 29.408100520265585 -492.51826690477293 102.99999999999994
    vertex 29.408100520265585 -489.05416528963514 102.99999999999994
  endloop
endfacet
facet normal 0.0 0.0 0.9999999999999999
  outer loop
    vertex 29.408100520265585 -489.05416528963514 102.99999999999994
    vertex 29.408100520265585 -492.51826690477293 102.99999999999994
    vertex 29.890462430060648 -492.71806774978194 102.99999999999994
  endloop
endfacet
facet normal 0.0 0.0 0.9999999999999999
  outer loop
    vertex 29.408100520265585 -489.05416528963514 102.99999999999994
    vertex 29.890462430060648 -492.71806774978194 102.99999999999994
    vertex 29.43560615649262 -489.042772082068 102.99999999999994
  endloop
endfacet
facet normal 0.0 0.0 0.9999999999999999
  outer loop
    vertex 29.43560615649262 -489.042772082068 102.99999999999994
    vertex 29.890462430060648 -492.71806774978194 102.99999999999994
    vertex 29.890462430060648 -488.85436444462573 102.99999999999994
  endloop
endfacet
facet normal 0.0 0.0 0.9999999999999999
  outer loop
    vertex 29.890462430060648 -488.85436444462573 102.99999999999994
    vertex 29.890462430060648 -492.71806774978194 102.99999999999994
    vertex 30.408100520265656 -492.7862160972038 102.99999999999994
  endloop
endfacet
facet normal 0.0 0.0 0.9999999999999999
  outer loop
    vertex 29.890462430060648 -488.85436444462573 102.99999999999994
    vertex 30.408100520265656 -492.7862160972038 102.99999999999994
    vertex 30.408100520265656 -488.7862160972039 102.99999999999994
  endloop
endfacet
facet normal 0.0 0.0 0.9999999999999999
  outer loop
    vertex 30.408100520265656 -488.7862160972039 102.99999999999994
    vertex 30.408100520265656 -492.7862160972038 102.99999999999994
    vertex 30.92573861047064 -492.71806774978194 102.99999999999994
  endloop
endfacet
facet normal 0.0 0.0 0.9999999999999999
  outer loop
    vertex 30.408100520265656 -488.7862160972039 102.99999999999994
    vertex 30.92573861047064 -492.71806774978194 102.99999999999994
    vertex 30.92573861047064 -488.85436444462573 102.99999999999994
  endloop
endfacet
facet normal 0.0 0.0 0.9999999999999999
  outer loop
    vertex 30.92573861047064 -488.85436444462573 102.99999999999994
    vertex 30.92573861047064 -492.71806774978194 102.99999999999994
    vertex 31.38059488403869 -492.5296601123397 102.99999999999994
  endloop
endfacet
facet normal 0.0 0.0 0.9999999999999999
  outer loop
    vertex 30.92573861047064 -488.85436444462573 102.99999999999994
    vertex 31.38059488403869 -492.5296601123397 102.99999999999994
    vertex 31.408100520265428 -489.05416528963514 102.99999999999994
  endloop
endfacet
facet normal 0.0 0.0 0.9999999999999999
  outer loop
    vertex 31.408100520265428 -489.05416528963514 102.99999999999994
    vertex 31.38059488403869 -492.5296601123397 102.99999999999994
    vertex 31.408100520265705 -492.51826690477293 102.99999999999994
  endloop
endfacet
facet normal 0.0 0.0 0.9999999999999999
  outer loop
    vertex 31.408100520265428 -489.05416528963514 102.99999999999994
    vertex 31.408100520265705 -492.51826690477293 102.99999999999994
    vertex 31.82231408263862 -489.3720025348307 102.99999999999994
  endloop
endfacet
facet normal 0.0 0.0 0.9999999999999999
  outer loop
    vertex 31.82231408263862 -489.3720025348307 102.99999999999994
    vertex 31.408100520265705 -492.51826690477293 102.99999999999994
    vertex 31.82231408263862 -492.20042965957697 102.99999999999994
  endloop
endfacet
facet normal 0.0 0.0 0.9999999999999999
  outer loop
    vertex 31.82231408263862 -489.3720025348307 102.99999999999994
    vertex 31.82231408263862 -492.20042965957697 102.99999999999994
    vertex 32.140151327834566 -491.78621609720375 102.99999999999994
  endloop
endfacet
facet normal 0.0 0.0 0.9999999999999999
  outer loop
    vertex 31.82231408263862 -489.3720025348307 102.99999999999994
    vertex 32.140151327834566 -491.78621609720375 102.99999999999994
    vertex 32.03867468400581 -489.6539691602155 102.99999999999994
  endloop
endfacet
facet normal 0.0 0.0 0.9999999999999999
  outer loop
    vertex 32.03867468400581 -489.6539691602155 102.99999999999994
    vertex 32.140151327834566 -491.78621609720375 102.99999999999994
    vertex 32.140151327834566 -489.7862160972039 102.99999999999994
  endloop
endfacet
facet normal 0.0 0.0 0.9999999999999999
  outer loop
    vertex 32.140151327834566 -489.7862160972039 102.99999999999994
    vertex 32.140151327834566 -491.78621609720375 102.99999999999994
    vertex 32.33995217284361 -491.30385418740894 102.99999999999994
  endloop
endfacet
facet normal 0.0 0.0 0.9999999999999999
  outer loop
    vertex 32.140151327834566 -489.7862160972039 102.99999999999994
    vertex 32.33995217284361 -491.30385418740894 102.99999999999994
    vertex 32.33995217284361 -490.268578006999 102.99999999999994
  endloop
endfacet
facet normal 0.0 0.0 0.9999999999999999
  outer loop
    vertex 32.33995217284361 -490.268578006999 102.99999999999994
    vertex 32.33995217284361 -491.30385418740894 102.99999999999994
    vertex 32.40810052026548 -490.786216097204 102.99999999999994
  endloop
endfacet
facet normal -0.793353340291354 0.6087614290085659 3.169870094639073e-14
  outer loop
    vertex 2.882868587147127 -413.3750000000061 105.00000000000014
    vertex 2.763679620198466 -413.5303300858957 95.00000000000037
    vertex 2.7636796201987535 -413.53033008589597 105.00000000000014
  endloop
endfacet
facet normal -0.793353340291354 0.6087614290085659 3.169870094639073e-14
  outer loop
    vertex 2.763679620198466 -413.5303300858957 95.00000000000037
    vertex 2.882868587147127 -413.3750000000061 105.00000000000014
    vertex 2.882868587146838 -413.3750000000058 95.00000000000037
  endloop
endfacet
facet normal 0.382683432366282 -0.9238795325107929 1.6101834819176956e-14
  outer loop
    vertex 43.88177899009411 -493.0422060959959 105.00000000000014
    vertex 43.700893273921146 -493.1171314128747 95.00000000000033
    vertex 43.88177899009423 -493.04220609599616 95.00000000000033
  endloop
endfacet
facet normal 0.382683432366282 -0.9238795325107929 1.6101834819176956e-14
  outer loop
    vertex 43.700893273921146 -493.1171314128747 95.00000000000033
    vertex 43.88177899009411 -493.0422060959959 105.00000000000014
    vertex 43.700893273921146 -493.1171314128747 105.00000000000014
  endloop
endfacet
facet normal -0.13052619222011505 0.9914448613738019 -1.2430152509820791e-14
  outer loop
    vertex 2.2333495343087812 -413.7500000000055 105.00000000000014
    vertex 2.427463818135438 -413.7244443697226 95.00000000000038
    vertex 2.233349534308637 -413.7500000000055 95.00000000000038
  endloop
endfacet
facet normal -0.13052619222011505 0.9914448613738019 -1.2430152509820791e-14
  outer loop
    vertex 2.427463818135438 -413.7244443697226 95.00000000000038
    vertex 2.2333495343087812 -413.7500000000055 105.00000000000014
    vertex 2.4274638181355823 -413.72444436972233 105.00000000000014
  endloop
endfacet
facet normal -0.6065840476600752 -0.7905157216711898 0.08450258525629771
  outer loop
    vertex 31.943282659273308 -333.2510339581963 105.00000000000014
    vertex 31.408100520265428 -333.05416528963514 102.99999999999994
    vertex 31.82231408263862 -333.3720025348311 102.99999999999994
  endloop
endfacet
facet normal -0.6065840476600752 -0.7905157216711898 0.08450258525629771
  outer loop
    vertex 31.408100520265428 -333.05416528963514 102.99999999999994
    vertex 31.943282659273308 -333.2510339581963 105.00000000000014
    vertex 31.493638221114438 -332.90600964580227 105.00000000000014
  endloop
endfacet
facet normal -0.6065840476600272 0.7905157216712166 0.0845025852563893
  outer loop
    vertex 31.49363822111414 -492.666422548606 105.00000000000014
    vertex 31.82231408263862 -492.20042965957697 102.99999999999994
    vertex 31.408100520265705 -492.51826690477293 102.99999999999994
  endloop
endfacet
facet normal -0.6065840476600272 0.7905157216712166 0.0845025852563893
  outer loop
    vertex 31.82231408263862 -492.20042965957697 102.99999999999994
    vertex 31.49363822111414 -492.666422548606 105.00000000000014
    vertex 31.94328265927373 -492.3213982362118 105.00000000000014
  endloop
endfacet
facet normal -0.9878987208882716 0.1300593339684487 0.0845025852563136
  outer loop
    vertex 32.57917592196322 -334.78621609720426 105.00000000000014
    vertex 32.33995217284361 -335.30385418740894 102.99999999999994
    vertex 32.50519832158616 -335.3481317595174 105.00000000000014
  endloop
endfacet
facet normal -0.9878987208882716 0.1300593339684487 0.0845025852563136
  outer loop
    vertex 32.33995217284361 -335.30385418740894 102.99999999999994
    vertex 32.57917592196322 -334.78621609720426 105.00000000000014
    vertex 32.40810052026548 -334.78621609720403 102.99999999999994
  endloop
endfacet
facet normal -0.9205750556395681 0.3813146732283121 0.08450258525626031
  outer loop
    vertex 32.50519832158643 -491.3481317595165 105.00000000000014
    vertex 32.140151327834566 -491.78621609720375 102.99999999999994
    vertex 32.288306971667126 -491.87175379805274 105.00000000000014
  endloop
endfacet
facet normal -0.9205750556395681 0.3813146732283121 0.08450258525626031
  outer loop
    vertex 32.140151327834566 -491.78621609720375 102.99999999999994
    vertex 32.50519832158643 -491.3481317595165 105.00000000000014
    vertex 32.33995217284361 -491.30385418740894 102.99999999999994
  endloop
endfacet
facet normal 0.38131467322853546 0.9205750556394797 0.08450258525621596
  outer loop
    vertex 29.322562819416735 -492.6664225486051 105.00000000000014
    vertex 29.890462430060648 -492.71806774978194 102.99999999999994
    vertex 29.408100520265585 -492.51826690477293 102.99999999999994
  endloop
endfacet
facet normal 0.38131467322853546 0.9205750556394797 0.08450258525621596
  outer loop
    vertex 29.890462430060648 -492.71806774978194 102.99999999999994
    vertex 29.322562819416735 -492.6664225486051 105.00000000000014
    vertex 29.84618485795237 -492.8833138985246 105.00000000000014
  endloop
endfacet
facet normal 0.9205750556394597 0.3813146732285763 0.08450258525624893
  outer loop
    vertex 28.67604971269674 -491.78621609720403 102.99999999999994
    vertex 28.311002718944717 -491.3481317595169 105.00000000000014
    vertex 28.527894068864324 -491.8717537980534 105.00000000000014
  endloop
endfacet
facet normal 0.9205750556394597 0.3813146732285763 0.08450258525624893
  outer loop
    vertex 28.311002718944717 -491.3481317595169 105.00000000000014
    vertex 28.67604971269674 -491.78621609720403 102.99999999999994
    vertex 28.4762488676874 -491.30385418740894 102.99999999999994
  endloop
endfacet
facet normal 0.7905157216710722 0.6065840476602359 0.08450258525624309
  outer loop
    vertex 28.993886957892382 -492.20042965957697 102.99999999999994
    vertex 28.527894068864324 -491.8717537980534 105.00000000000014
    vertex 28.87291838125756 -492.3213982362109 105.00000000000014
  endloop
endfacet
facet normal 0.7905157216710722 0.6065840476602359 0.08450258525624309
  outer loop
    vertex 28.527894068864324 -491.8717537980534 105.00000000000014
    vertex 28.993886957892382 -492.20042965957697 102.99999999999994
    vertex 28.777526356525495 -491.9184630341924 102.99999999999994
  endloop
endfacet
facet normal 0.7905157216710722 0.6065840476602359 0.08450258525624309
  outer loop
    vertex 28.527894068864324 -491.8717537980534 105.00000000000014
    vertex 28.777526356525495 -491.9184630341924 102.99999999999994
    vertex 28.67604971269674 -491.78621609720403 102.99999999999994
  endloop
endfacet
facet normal -0.13005933396831368 0.9878987208882886 0.08450258525632101
  outer loop
    vertex 30.408100520265656 -492.95729149890155 105.00000000000014
    vertex 30.92573861047064 -492.71806774978194 102.99999999999994
    vertex 30.408100520265656 -492.7862160972038 102.99999999999994
  endloop
endfacet
facet normal -0.13005933396831368 0.9878987208882886 0.08450258525632101
  outer loop
    vertex 30.92573861047064 -492.71806774978194 102.99999999999994
    vertex 30.408100520265656 -492.95729149890155 105.00000000000014
    vertex 30.970016182578508 -492.8833138985246 105.00000000000014
  endloop
endfacet
facet normal -0.7905157216712039 -0.6065840476600446 0.08450258525638443
  outer loop
    vertex 32.288306971667986 -489.7006783963552 105.00000000000014
    vertex 32.03867468400581 -489.6539691602155 102.99999999999994
    vertex 32.140151327834566 -489.7862160972039 102.99999999999994
  endloop
endfacet
facet normal -0.7905157216712039 -0.6065840476600446 0.08450258525638443
  outer loop
    vertex 32.03867468400581 -489.6539691602155 102.99999999999994
    vertex 32.288306971667986 -489.7006783963552 105.00000000000014
    vertex 31.94328265927403 -489.2510339581965 105.00000000000014
  endloop
endfacet
facet normal -0.7905157216712039 -0.6065840476600446 0.08450258525638443
  outer loop
    vertex 32.03867468400581 -489.6539691602155 102.99999999999994
    vertex 31.94328265927403 -489.2510339581965 105.00000000000014
    vertex 31.82231408263862 -489.3720025348307 102.99999999999994
  endloop
endfacet
facet normal -0.7905157216715059 0.6065840476596522 0.08450258525637605
  outer loop
    vertex 32.288306971667126 -491.87175379805274 105.00000000000014
    vertex 31.82231408263862 -492.20042965957697 102.99999999999994
    vertex 31.94328265927373 -492.3213982362118 105.00000000000014
  endloop
endfacet
facet normal -0.7905157216715059 0.6065840476596522 0.08450258525637605
  outer loop
    vertex 31.82231408263862 -492.20042965957697 102.99999999999994
    vertex 32.288306971667126 -491.87175379805274 105.00000000000014
    vertex 32.140151327834566 -491.78621609720375 102.99999999999994
  endloop
endfacet
facet normal 0.9205750556396568 -0.38131467322808504 0.08450258525632057
  outer loop
    vertex 28.67604971269674 -489.7862160972039 102.99999999999994
    vertex 28.31100271894488 -490.2243004348912 105.00000000000014
    vertex 28.4762488676874 -490.268578006999 102.99999999999994
  endloop
endfacet
facet normal 0.9205750556396568 -0.38131467322808504 0.08450258525632057
  outer loop
    vertex 28.31100271894488 -490.2243004348912 105.00000000000014
    vertex 28.67604971269674 -489.7862160972039 102.99999999999994
    vertex 28.52789406886375 -489.70067839635493 105.00000000000014
  endloop
endfacet
facet normal -0.9878987208882718 -0.13005933396841257 0.08450258525636578
  outer loop
    vertex 32.50519832158629 -490.2243004348909 105.00000000000014
    vertex 32.40810052026548 -490.786216097204 102.99999999999994
    vertex 32.579175921963355 -490.786216097204 105.00000000000014
  endloop
endfacet
facet normal -0.9878987208882718 -0.13005933396841257 0.08450258525636578
  outer loop
    vertex 32.40810052026548 -490.786216097204 102.99999999999994
    vertex 32.50519832158629 -490.2243004348909 105.00000000000014
    vertex 32.33995217284361 -490.268578006999 102.99999999999994
  endloop
endfacet
facet normal 0.9878987208882793 -0.13005933396841357 0.08450258525627632
  outer loop
    vertex 28.408100520265524 -490.786216097204 102.99999999999994
    vertex 28.31100271894488 -490.2243004348912 105.00000000000014
    vertex 28.23702511856779 -490.78621609720426 105.00000000000014
  endloop
endfacet
facet normal 0.9878987208882793 -0.13005933396841357 0.08450258525627632
  outer loop
    vertex 28.31100271894488 -490.2243004348912 105.00000000000014
    vertex 28.408100520265524 -490.786216097204 102.99999999999994
    vertex 28.4762488676874 -490.268578006999 102.99999999999994
  endloop
endfacet
facet normal -0.9878987208882788 0.1300593339683485 0.08450258525638256
  outer loop
    vertex 32.579175921963355 -490.786216097204 105.00000000000014
    vertex 32.33995217284361 -491.30385418740894 102.99999999999994
    vertex 32.50519832158643 -491.3481317595165 105.00000000000014
  endloop
endfacet
facet normal -0.9878987208882788 0.1300593339683485 0.08450258525638256
  outer loop
    vertex 32.33995217284361 -491.30385418740894 102.99999999999994
    vertex 32.579175921963355 -490.786216097204 105.00000000000014
    vertex 32.40810052026548 -490.786216097204 102.99999999999994
  endloop
endfacet
facet normal 0.1300593339682602 0.9878987208882944 0.08450258525633503
  outer loop
    vertex 29.84618485795237 -492.8833138985246 105.00000000000014
    vertex 30.408100520265656 -492.7862160972038 102.99999999999994
    vertex 29.890462430060648 -492.71806774978194 102.99999999999994
  endloop
endfacet
facet normal 0.1300593339682602 0.9878987208882944 0.08450258525633503
  outer loop
    vertex 30.408100520265656 -492.7862160972038 102.99999999999994
    vertex 29.84618485795237 -492.8833138985246 105.00000000000014
    vertex 30.408100520265656 -492.95729149890155 105.00000000000014
  endloop
endfacet
facet normal 0.7905157216712294 -0.6065840476600205 0.08450258525631749
  outer loop
    vertex 28.993886957892382 -489.3720025348307 102.99999999999994
    vertex 28.52789406886375 -489.70067839635493 105.00000000000014
    vertex 28.67604971269674 -489.7862160972039 102.99999999999994
  endloop
endfacet
facet normal 0.7905157216712294 -0.6065840476600205 0.08450258525631749
  outer loop
    vertex 28.52789406886375 -489.70067839635493 105.00000000000014
    vertex 28.993886957892382 -489.3720025348307 102.99999999999994
    vertex 28.87291838125756 -489.2510339581965 105.00000000000014
  endloop
endfacet
facet normal -0.6065840476596822 -0.790515721671488 0.08450258525632796
  outer loop
    vertex 31.94328265927403 -489.2510339581965 105.00000000000014
    vertex 31.408100520265428 -489.05416528963514 102.99999999999994
    vertex 31.82231408263862 -489.3720025348307 102.99999999999994
  endloop
endfacet
facet normal -0.6065840476596822 -0.790515721671488 0.08450258525632796
  outer loop
    vertex 31.408100520265428 -489.05416528963514 102.99999999999994
    vertex 31.94328265927403 -489.2510339581965 105.00000000000014
    vertex 31.493638221114303 -488.90600964580227 105.00000000000014
  endloop
endfacet
facet normal -0.13005933396831376 -0.9878987208882903 0.08450258525630235
  outer loop
    vertex 30.970016182578195 -488.6891182958831 105.00000000000014
    vertex 30.408100520265656 -488.7862160972039 102.99999999999994
    vertex 30.92573861047064 -488.85436444462573 102.99999999999994
  endloop
endfacet
facet normal -0.13005933396831376 -0.9878987208882903 0.08450258525630235
  outer loop
    vertex 30.408100520265656 -488.7862160972039 102.99999999999994
    vertex 30.970016182578195 -488.6891182958831 105.00000000000014
    vertex 30.408100520265357 -488.6151406955061 105.00000000000014
  endloop
endfacet
facet normal 0.9878987208882832 0.13005933396834907 0.08450258525633036
  outer loop
    vertex 28.4762488676874 -491.30385418740894 102.99999999999994
    vertex 28.23702511856779 -490.78621609720426 105.00000000000014
    vertex 28.311002718944717 -491.3481317595169 105.00000000000014
  endloop
endfacet
facet normal 0.9878987208882832 0.13005933396834907 0.08450258525633036
  outer loop
    vertex 28.23702511856779 -490.78621609720426 105.00000000000014
    vertex 28.4762488676874 -491.30385418740894 102.99999999999994
    vertex 28.408100520265524 -490.786216097204 102.99999999999994
  endloop
endfacet
facet normal 0.7905157216712689 0.6065840476599772 0.08450258525625802
  outer loop
    vertex 28.993886957892382 -336.2004296595769 102.99999999999994
    vertex 28.527894068864047 -335.87175379805285 105.00000000000014
    vertex 28.87291838125787 -336.32139823621173 105.00000000000014
  endloop
endfacet
facet normal 0.7905157216712689 0.6065840476599772 0.08450258525625802
  outer loop
    vertex 28.527894068864047 -335.87175379805285 105.00000000000014
    vertex 28.993886957892382 -336.2004296595769 102.99999999999994
    vertex 28.777526356525495 -335.9184630341925 102.99999999999994
  endloop
endfacet
facet normal 0.7905157216712689 0.6065840476599772 0.08450258525625802
  outer loop
    vertex 28.527894068864047 -335.87175379805285 105.00000000000014
    vertex 28.777526356525495 -335.9184630341925 102.99999999999994
    vertex 28.67604971269674 -335.78621609720403 102.99999999999994
  endloop
endfacet
facet normal -0.9205750556398494 -0.3813146732275902 0.08450258525645253
  outer loop
    vertex 32.50519832158629 -490.2243004348909 105.00000000000014
    vertex 32.140151327834566 -489.7862160972039 102.99999999999994
    vertex 32.33995217284361 -490.268578006999 102.99999999999994
  endloop
endfacet
facet normal -0.9205750556398494 -0.3813146732275902 0.08450258525645253
  outer loop
    vertex 32.140151327834566 -489.7862160972039 102.99999999999994
    vertex 32.50519832158629 -490.2243004348909 105.00000000000014
    vertex 32.288306971667986 -489.7006783963552 105.00000000000014
  endloop
endfacet
facet normal -0.38131467322818857 0.9205750556396163 0.084502585256294
  outer loop
    vertex 30.970016182578195 -336.8833138985249 105.00000000000014
    vertex 31.38059488403869 -336.52966011234 102.99999999999994
    vertex 30.92573861047064 -336.71806774978194 102.99999999999994
  endloop
endfacet
facet normal -0.38131467322818857 0.9205750556396163 0.084502585256294
  outer loop
    vertex 31.38059488403869 -336.52966011234 102.99999999999994
    vertex 30.970016182578195 -336.8833138985249 105.00000000000014
    vertex 31.408100520265705 -336.5182669047729 102.99999999999994
  endloop
endfacet
facet normal -0.38131467322818857 0.9205750556396163 0.084502585256294
  outer loop
    vertex 31.408100520265705 -336.5182669047729 102.99999999999994
    vertex 30.970016182578195 -336.8833138985249 105.00000000000014
    vertex 31.493638221114303 -336.6664225486057 105.00000000000014
  endloop
endfacet
facet normal -0.6065840476600846 0.7905157216711818 0.0845025852563043
  outer loop
    vertex 31.493638221114303 -336.6664225486057 105.00000000000014
    vertex 31.82231408263862 -336.2004296595769 102.99999999999994
    vertex 31.408100520265705 -336.5182669047729 102.99999999999994
  endloop
endfacet
facet normal -0.6065840476600846 0.7905157216711818 0.0845025852563043
  outer loop
    vertex 31.82231408263862 -336.2004296595769 102.99999999999994
    vertex 31.493638221114303 -336.6664225486057 105.00000000000014
    vertex 31.94328265927358 -336.32139823621173 105.00000000000014
  endloop
endfacet
facet normal -0.13005933396827823 -0.987898720888294 0.08450258525631169
  outer loop
    vertex 30.970016182578508 -332.689118295883 105.00000000000014
    vertex 30.408100520265656 -332.78621609720415 102.99999999999994
    vertex 30.92573861047064 -332.854364444626 102.99999999999994
  endloop
endfacet
facet normal -0.13005933396827823 -0.987898720888294 0.08450258525631169
  outer loop
    vertex 30.408100520265656 -332.78621609720415 102.99999999999994
    vertex 30.970016182578508 -332.689118295883 105.00000000000014
    vertex 30.408100520265357 -332.6151406955061 105.00000000000014
  endloop
endfacet
facet normal -0.9205750556396569 0.38131467322808865 0.08450258525630126
  outer loop
    vertex 32.50519832158616 -335.3481317595174 105.00000000000014
    vertex 32.140151327834566 -335.78621609720403 102.99999999999994
    vertex 32.288306971667396 -335.87175379805285 105.00000000000014
  endloop
endfacet
facet normal -0.9205750556396569 0.38131467322808865 0.08450258525630126
  outer loop
    vertex 32.140151327834566 -335.78621609720403 102.99999999999994
    vertex 32.50519832158616 -335.3481317595174 105.00000000000014
    vertex 32.33995217284361 -335.30385418740894 102.99999999999994
  endloop
endfacet
facet normal 0.0 0.0 0.9999999999999999
  outer loop
    vertex 28.4762488676874 -335.30385418740894 102.99999999999994
    vertex 28.4762488676874 -334.26857800699895 102.99999999999994
    vertex 28.408100520265524 -334.78621609720403 102.99999999999994
  endloop
endfacet
facet normal 0.0 0.0 0.9999999999999999
  outer loop
    vertex 28.4762488676874 -334.26857800699895 102.99999999999994
    vertex 28.4762488676874 -335.30385418740894 102.99999999999994
    vertex 28.67604971269674 -335.78621609720403 102.99999999999994
  endloop
endfacet
facet normal 0.0 0.0 0.9999999999999999
  outer loop
    vertex 28.4762488676874 -334.26857800699895 102.99999999999994
    vertex 28.67604971269674 -335.78621609720403 102.99999999999994
    vertex 28.67604971269674 -333.7862160972039 102.99999999999994
  endloop
endfacet
facet normal 0.0 0.0 0.9999999999999999
  outer loop
    vertex 28.67604971269674 -333.7862160972039 102.99999999999994
    vertex 28.67604971269674 -335.78621609720403 102.99999999999994
    vertex 28.777526356525495 -335.9184630341925 102.99999999999994
  endloop
endfacet
facet normal 0.0 0.0 0.9999999999999999
  outer loop
    vertex 28.67604971269674 -333.7862160972039 102.99999999999994
    vertex 28.777526356525495 -335.9184630341925 102.99999999999994
    vertex 28.993886957892382 -333.3720025348311 102.99999999999994
  endloop
endfacet
facet normal 0.0 0.0 0.9999999999999999
  outer loop
    vertex 28.993886957892382 -333.3720025348311 102.99999999999994
    vertex 28.777526356525495 -335.9184630341925 102.99999999999994
    vertex 28.993886957892382 -336.2004296595769 102.99999999999994
  endloop
endfacet
facet normal 0.0 0.0 0.9999999999999999
  outer loop
    vertex 28.993886957892382 -333.3720025348311 102.99999999999994
    vertex 28.993886957892382 -336.2004296595769 102.99999999999994
    vertex 29.408100520265585 -336.5182669047729 102.99999999999994
  endloop
endfacet
facet normal 0.0 0.0 0.9999999999999999
  outer loop
    vertex 28.993886957892382 -333.3720025348311 102.99999999999994
    vertex 29.408100520265585 -336.5182669047729 102.99999999999994
    vertex 29.408100520265585 -333.05416528963514 102.99999999999994
  endloop
endfacet
facet normal 0.0 0.0 0.9999999999999999
  outer loop
    vertex 29.408100520265585 -333.05416528963514 102.99999999999994
    vertex 29.408100520265585 -336.5182669047729 102.99999999999994
    vertex 29.890462430060648 -336.71806774978194 102.99999999999994
  endloop
endfacet
facet normal 0.0 0.0 0.9999999999999999
  outer loop
    vertex 29.408100520265585 -333.05416528963514 102.99999999999994
    vertex 29.890462430060648 -336.71806774978194 102.99999999999994
    vertex 29.43560615649262 -333.04277208206804 102.99999999999994
  endloop
endfacet
facet normal 0.0 0.0 0.9999999999999999
  outer loop
    vertex 29.43560615649262 -333.04277208206804 102.99999999999994
    vertex 29.890462430060648 -336.71806774978194 102.99999999999994
    vertex 29.890462430060648 -332.854364444626 102.99999999999994
  endloop
endfacet
facet normal 0.0 0.0 0.9999999999999999
  outer loop
    vertex 29.890462430060648 -332.854364444626 102.99999999999994
    vertex 29.890462430060648 -336.71806774978194 102.99999999999994
    vertex 30.408100520265656 -336.7862160972038 102.99999999999994
  endloop
endfacet
facet normal 0.0 0.0 0.9999999999999999
  outer loop
    vertex 29.890462430060648 -332.854364444626 102.99999999999994
    vertex 30.408100520265656 -336.7862160972038 102.99999999999994
    vertex 30.408100520265656 -332.78621609720415 102.99999999999994
  endloop
endfacet
facet normal 0.0 0.0 0.9999999999999999
  outer loop
    vertex 30.408100520265656 -332.78621609720415 102.99999999999994
    vertex 30.408100520265656 -336.7862160972038 102.99999999999994
    vertex 30.92573861047064 -336.71806774978194 102.99999999999994
  endloop
endfacet
facet normal 0.0 0.0 0.9999999999999999
  outer loop
    vertex 30.408100520265656 -332.78621609720415 102.99999999999994
    vertex 30.92573861047064 -336.71806774978194 102.99999999999994
    vertex 30.92573861047064 -332.854364444626 102.99999999999994
  endloop
endfacet
facet normal 0.0 0.0 0.9999999999999999
  outer loop
    vertex 30.92573861047064 -332.854364444626 102.99999999999994
    vertex 30.92573861047064 -336.71806774978194 102.99999999999994
    vertex 31.38059488403869 -336.52966011234 102.99999999999994
  endloop
endfacet
facet normal 0.0 0.0 0.9999999999999999
  outer loop
    vertex 30.92573861047064 -332.854364444626 102.99999999999994
    vertex 31.38059488403869 -336.52966011234 102.99999999999994
    vertex 31.408100520265428 -333.05416528963514 102.99999999999994
  endloop
endfacet
facet normal 0.0 0.0 0.9999999999999999
  outer loop
    vertex 31.408100520265428 -333.05416528963514 102.99999999999994
    vertex 31.38059488403869 -336.52966011234 102.99999999999994
    vertex 31.408100520265705 -336.5182669047729 102.99999999999994
  endloop
endfacet
facet normal 0.0 0.0 0.9999999999999999
  outer loop
    vertex 31.408100520265428 -333.05416528963514 102.99999999999994
    vertex 31.408100520265705 -336.5182669047729 102.99999999999994
    vertex 31.82231408263862 -333.3720025348311 102.99999999999994
  endloop
endfacet
facet normal 0.0 0.0 0.9999999999999999
  outer loop
    vertex 31.82231408263862 -333.3720025348311 102.99999999999994
    vertex 31.408100520265705 -336.5182669047729 102.99999999999994
    vertex 31.82231408263862 -336.2004296595769 102.99999999999994
  endloop
endfacet
facet normal 0.0 0.0 0.9999999999999999
  outer loop
    vertex 31.82231408263862 -333.3720025348311 102.99999999999994
    vertex 31.82231408263862 -336.2004296595769 102.99999999999994
    vertex 32.140151327834566 -335.78621609720403 102.99999999999994
  endloop
endfacet
facet normal 0.0 0.0 0.9999999999999999
  outer loop
    vertex 31.82231408263862 -333.3720025348311 102.99999999999994
    vertex 32.140151327834566 -335.78621609720403 102.99999999999994
    vertex 32.03867468400581 -333.65396916021547 102.99999999999994
  endloop
endfacet
facet normal 0.0 0.0 0.9999999999999999
  outer loop
    vertex 32.03867468400581 -333.65396916021547 102.99999999999994
    vertex 32.140151327834566 -335.78621609720403 102.99999999999994
    vertex 32.140151327834566 -333.7862160972039 102.99999999999994
  endloop
endfacet
facet normal 0.0 0.0 0.9999999999999999
  outer loop
    vertex 32.140151327834566 -333.7862160972039 102.99999999999994
    vertex 32.140151327834566 -335.78621609720403 102.99999999999994
    vertex 32.33995217284361 -335.30385418740894 102.99999999999994
  endloop
endfacet
facet normal 0.0 0.0 0.9999999999999999
  outer loop
    vertex 32.140151327834566 -333.7862160972039 102.99999999999994
    vertex 32.33995217284361 -335.30385418740894 102.99999999999994
    vertex 32.33995217284361 -334.26857800699895 102.99999999999994
  endloop
endfacet
facet normal 0.0 0.0 0.9999999999999999
  outer loop
    vertex 32.33995217284361 -334.26857800699895 102.99999999999994
    vertex 32.33995217284361 -335.30385418740894 102.99999999999994
    vertex 32.40810052026548 -334.78621609720403 102.99999999999994
  endloop
endfacet
facet normal -0.9205750556396957 -0.3813146732279618 0.0845025852564525
  outer loop
    vertex 32.50519832158657 -334.2243004348911 105.00000000000014
    vertex 32.140151327834566 -333.7862160972039 102.99999999999994
    vertex 32.33995217284361 -334.26857800699895 102.99999999999994
  endloop
endfacet
facet normal -0.9205750556396957 -0.3813146732279618 0.0845025852564525
  outer loop
    vertex 32.140151327834566 -333.7862160972039 102.99999999999994
    vertex 32.50519832158657 -334.2243004348911 105.00000000000014
    vertex 32.28830697166769 -333.7006783963553 105.00000000000014
  endloop
endfacet
facet normal 0.3813146732282275 -0.9205750556395973 0.0845025852563268
  outer loop
    vertex 29.846184857952533 -332.689118295883 105.00000000000014
    vertex 29.43560615649262 -333.04277208206804 102.99999999999994
    vertex 29.890462430060648 -332.854364444626 102.99999999999994
  endloop
endfacet
facet normal 0.3813146732282275 -0.9205750556395973 0.0845025852563268
  outer loop
    vertex 29.43560615649262 -333.04277208206804 102.99999999999994
    vertex 29.846184857952533 -332.689118295883 105.00000000000014
    vertex 29.408100520265585 -333.05416528963514 102.99999999999994
  endloop
endfacet
facet normal 0.3813146732282275 -0.9205750556395973 0.0845025852563268
  outer loop
    vertex 29.408100520265585 -333.05416528963514 102.99999999999994
    vertex 29.846184857952533 -332.689118295883 105.00000000000014
    vertex 29.322562819416873 -332.90600964580227 105.00000000000014
  endloop
endfacet
facet normal -7.977150275085927e-19 -1.2432547327792706e-17 0.9999999999999999
  outer loop
    vertex 28.237025118567953 -334.78621609720403 105.00000000000014
    vertex 28.38861290982613 -331.7223865707178 105.00000000000014
    vertex 26.52440586431599 -332.3382373926854 105.00000000000014
  endloop
endfacet
facet normal -7.977150275085927e-19 -1.2432547327792706e-17 0.9999999999999999
  outer loop
    vertex 28.38861290982613 -331.7223865707178 105.00000000000014
    vertex 28.237025118567953 -334.78621609720403 105.00000000000014
    vertex 28.31100271894488 -334.2243004348911 105.00000000000014
  endloop
endfacet
facet normal -7.977150275085927e-19 -1.2432547327792706e-17 0.9999999999999999
  outer loop
    vertex 28.38861290982613 -331.7223865707178 105.00000000000014
    vertex 28.31100271894488 -334.2243004348911 105.00000000000014
    vertex 28.52789406886375 -333.7006783963553 105.00000000000014
  endloop
endfacet
facet normal -7.977150275085927e-19 -1.2432547327792706e-17 0.9999999999999999
  outer loop
    vertex 28.38861290982613 -331.7223865707178 105.00000000000014
    vertex 28.52789406886375 -333.7006783963553 105.00000000000014
    vertex 30.28079280387405 -331.1987498722244 105.00000000000014
  endloop
endfacet
facet normal -7.977150275085927e-19 -1.2432547327792706e-17 0.9999999999999999
  outer loop
    vertex 30.28079280387405 -331.1987498722244 105.00000000000014
    vertex 28.52789406886375 -333.7006783963553 105.00000000000014
    vertex 28.872918381257705 -333.2510339581963 105.00000000000014
  endloop
endfacet
facet normal -7.977150275085927e-19 -1.2432547327792706e-17 0.9999999999999999
  outer loop
    vertex 30.28079280387405 -331.1987498722244 105.00000000000014
    vertex 28.872918381257705 -333.2510339581963 105.00000000000014
    vertex 29.322562819416873 -332.90600964580227 105.00000000000014
  endloop
endfacet
facet normal -7.977150275085927e-19 -1.2432547327792706e-17 0.9999999999999999
  outer loop
    vertex 30.28079280387405 -331.1987498722244 105.00000000000014
    vertex 29.322562819416873 -332.90600964580227 105.00000000000014
    vertex 29.846184857952533 -332.689118295883 105.00000000000014
  endloop
endfacet
facet normal -7.977150275085927e-19 -1.2432547327792706e-17 0.9999999999999999
  outer loop
    vertex 30.28079280387405 -331.1987498722244 105.00000000000014
    vertex 29.846184857952533 -332.689118295883 105.00000000000014
    vertex 30.408100520265357 -332.6151406955061 105.00000000000014
  endloop
endfacet
facet normal -7.977150275085927e-19 -1.2432547327792706e-17 0.9999999999999999
  outer loop
    vertex 30.28079280387405 -331.1987498722244 105.00000000000014
    vertex 30.408100520265357 -332.6151406955061 105.00000000000014
    vertex 32.1963871193598 -330.7685887838765 105.00000000000014
  endloop
endfacet
facet normal -7.977150275085927e-19 -1.2432547327792706e-17 0.9999999999999999
  outer loop
    vertex 32.1963871193598 -330.7685887838765 105.00000000000014
    vertex 30.408100520265357 -332.6151406955061 105.00000000000014
    vertex 30.970016182578508 -332.689118295883 105.00000000000014
  endloop
endfacet
facet normal -7.977150275085927e-19 -1.2432547327792706e-17 0.9999999999999999
  outer loop
    vertex 32.1963871193598 -330.7685887838765 105.00000000000014
    vertex 30.970016182578508 -332.689118295883 105.00000000000014
    vertex 31.493638221114438 -332.90600964580227 105.00000000000014
  endloop
endfacet
facet normal -7.977150275085927e-19 -1.2432547327792706e-17 0.9999999999999999
  outer loop
    vertex 32.1963871193598 -330.7685887838765 105.00000000000014
    vertex 31.493638221114438 -332.90600964580227 105.00000000000014
    vertex 31.943282659273308 -333.2510339581963 105.00000000000014
  endloop
endfacet
facet normal -7.977150275085927e-19 -1.2432547327792706e-17 0.9999999999999999
  outer loop
    vertex 32.1963871193598 -330.7685887838765 105.00000000000014
    vertex 31.943282659273308 -333.2510339581963 105.00000000000014
    vertex 32.28830697166769 -333.7006783963553 105.00000000000014
  endloop
endfacet
facet normal -7.977150275085927e-19 -1.2432547327792706e-17 0.9999999999999999
  outer loop
    vertex 32.1963871193598 -330.7685887838765 105.00000000000014
    vertex 32.28830697166769 -333.7006783963553 105.00000000000014
    vertex 34.130781021790646 -330.4329396014148 105.00000000000014
  endloop
endfacet
facet normal -7.977150275085927e-19 -1.2432547327792706e-17 0.9999999999999999
  outer loop
    vertex 34.130781021790646 -330.4329396014148 105.00000000000014
    vertex 32.28830697166769 -333.7006783963553 105.00000000000014
    vertex 32.50519832158657 -334.2243004348911 105.00000000000014
  endloop
endfacet
facet normal -7.977150275085927e-19 -1.2432547327792706e-17 0.9999999999999999
  outer loop
    vertex 34.130781021790646 -330.4329396014148 105.00000000000014
    vertex 32.50519832158657 -334.2243004348911 105.00000000000014
    vertex 32.57917592196322 -334.78621609720426 105.00000000000014
  endloop
endfacet
facet normal -7.977150275085927e-19 -1.2432547327792706e-17 0.9999999999999999
  outer loop
    vertex 6.74121550790317 -347.7771906792216 105.00000000000014
    vertex 7.848213452180509 -370.00000000000654 105.00000000000014
    vertex 7.871698740779345 -346.17202782030813 105.00000000000014
  endloop
endfacet
facet normal -7.977150275085927e-19 -1.2432547327792706e-17 0.9999999999999999
  outer loop
    vertex 7.848213452180509 -370.00000000000654 105.00000000000014
    vertex 6.74121550790317 -347.7771906792216 105.00000000000014
    vertex 7.848213452174012 -456.000000000006 105.00000000000014
  endloop
endfacet
facet normal -7.977150275085927e-19 -1.2432547327792706e-17 0.9999999999999999
  outer loop
    vertex 7.871698740779345 -346.17202782030813 105.00000000000014
    vertex 7.848213452180509 -370.00000000000654 105.00000000000014
    vertex 8.943759012127344 -361.6785053073581 105.00000000000014
  endloop
endfacet
facet normal -7.977150275085927e-19 -1.2432547327792706e-17 0.9999999999999999
  outer loop
    vertex 7.871698740779345 -346.17202782030813 105.00000000000014
    vertex 8.943759012127344 -361.6785053073581 105.00000000000014
    vertex 9.079581865495598 -344.62426863346036 105.00000000000014
  endloop
endfacet
facet normal -7.977150275085927e-19 -1.2432547327792706e-17 0.9999999999999999
  outer loop
    vertex 9.079581865495598 -344.62426863346036 105.00000000000014
    vertex 8.943759012127344 -361.6785053073581 105.00000000000014
    vertex 12.155736072533829 -353.9241067260937 105.00000000000014
  endloop
endfacet
facet normal -7.977150275085927e-19 -1.2432547327792706e-17 0.9999999999999999
  outer loop
    vertex 9.079581865495598 -344.62426863346036 105.00000000000014
    vertex 12.155736072533829 -353.9241067260937 105.00000000000014
    vertex 10.361954985806857 -343.13764180612486 105.00000000000014
  endloop
endfacet
facet normal -7.977150275085927e-19 -1.2432547327792706e-17 0.9999999999999999
  outer loop
    vertex 10.361954985806857 -343.13764180612486 105.00000000000014
    vertex 12.155736072533829 -353.9241067260937 105.00000000000014
    vertex 11.715728752543152 -341.71572875254395 105.00000000000014
  endloop
endfacet
facet normal -7.977150275085927e-19 -1.2432547327792706e-17 0.9999999999999999
  outer loop
    vertex 11.715728752543152 -341.71572875254395 105.00000000000014
    vertex 12.155736072533829 -353.9241067260937 105.00000000000014
    vertex 13.137641806124353 -340.36195498580753 105.00000000000014
  endloop
endfacet
facet normal -7.977150275085927e-19 -1.2432547327792706e-17 0.9999999999999999
  outer loop
    vertex 13.137641806124353 -340.36195498580753 105.00000000000014
    vertex 12.155736072533829 -353.9241067260937 105.00000000000014
    vertex 17.26525370477553 -347.2652537047766 105.00000000000014
  endloop
endfacet
facet normal -7.977150275085927e-19 -1.2432547327792706e-17 0.9999999999999999
  outer loop
    vertex 13.137641806124353 -340.36195498580753 105.00000000000014
    vertex 17.26525370477553 -347.2652537047766 105.00000000000014
    vertex 14.62426863345913 -339.07958186549666 105.00000000000014
  endloop
endfacet
facet normal -7.977150275085927e-19 -1.2432547327792706e-17 0.9999999999999999
  outer loop
    vertex 14.62426863345913 -339.07958186549666 105.00000000000014
    vertex 17.26525370477553 -347.2652537047766 105.00000000000014
    vertex 16.17202782030787 -337.8716987407803 105.00000000000014
  endloop
endfacet
facet normal -7.977150275085927e-19 -1.2432547327792706e-17 0.9999999999999999
  outer loop
    vertex 16.17202782030787 -337.8716987407803 105.00000000000014
    vertex 17.26525370477553 -347.2652537047766 105.00000000000014
    vertex 17.777190679221015 -336.7412155079042 105.00000000000014
  endloop
endfacet
facet normal -7.977150275085927e-19 -1.2432547327792706e-17 0.9999999999999999
  outer loop
    vertex 17.777190679221015 -336.7412155079042 105.00000000000014
    vertex 17.26525370477553 -347.2652537047766 105.00000000000014
    vertex 23.9241067260922 -342.1557360725354 105.00000000000014
  endloop
endfacet
facet normal -7.977150275085927e-19 -1.2432547327792706e-17 0.9999999999999999
  outer loop
    vertex 17.777190679221015 -336.7412155079042 105.00000000000014
    vertex 23.9241067260922 -342.1557360725354 105.00000000000014
    vertex 19.43589023227591 -335.6908555999952 105.00000000000014
  endloop
endfacet
facet normal -7.977150275085927e-19 -1.2432547327792706e-17 0.9999999999999999
  outer loop
    vertex 19.43589023227591 -335.6908555999952 105.00000000000014
    vertex 23.9241067260922 -342.1557360725354 105.00000000000014
    vertex 21.144130526964982 -334.7231494260719 105.00000000000014
  endloop
endfacet
facet normal -7.977150275085927e-19 -1.2432547327792706e-17 0.9999999999999999
  outer loop
    vertex 21.144130526964982 -334.7231494260719 105.00000000000014
    vertex 23.9241067260922 -342.1557360725354 105.00000000000014
    vertex 22.89779626279338 -333.84042827506835 105.00000000000014
  endloop
endfacet
facet normal -7.977150275085927e-19 -1.2432547327792706e-17 0.9999999999999999
  outer loop
    vertex 22.89779626279338 -333.84042827506835 105.00000000000014
    vertex 23.9241067260922 -342.1557360725354 105.00000000000014
    vertex 24.69266270540101 -333.0448186995545 105.00000000000014
  endloop
endfacet
facet normal -7.977150275085927e-19 -1.2432547327792706e-17 0.9999999999999999
  outer loop
    vertex 24.69266270540101 -333.0448186995545 105.00000000000014
    vertex 23.9241067260922 -342.1557360725354 105.00000000000014
    vertex 31.67850530735671 -338.94375901212874 105.00000000000014
  endloop
endfacet
facet normal -7.977150275085927e-19 -1.2432547327792706e-17 0.9999999999999999
  outer loop
    vertex 24.69266270540101 -333.0448186995545 105.00000000000014
    vertex 31.67850530735671 -338.94375901212874 105.00000000000014
    vertex 28.87291838125787 -336.32139823621173 105.00000000000014
  endloop
endfacet
facet normal -7.977150275085927e-19 -1.2432547327792706e-17 0.9999999999999999
  outer loop
    vertex 24.69266270540101 -333.0448186995545 105.00000000000014
    vertex 28.87291838125787 -336.32139823621173 105.00000000000014
    vertex 28.527894068864047 -335.87175379805285 105.00000000000014
  endloop
endfacet
facet normal -7.977150275085927e-19 -1.2432547327792706e-17 0.9999999999999999
  outer loop
    vertex 24.69266270540101 -333.0448186995545 105.00000000000014
    vertex 28.527894068864047 -335.87175379805285 105.00000000000014
    vertex 26.52440586431599 -332.3382373926854 105.00000000000014
  endloop
endfacet
facet normal -7.977150275085927e-19 -1.2432547327792706e-17 0.9999999999999999
  outer loop
    vertex 26.52440586431599 -332.3382373926854 105.00000000000014
    vertex 28.527894068864047 -335.87175379805285 105.00000000000014
    vertex 28.311002718944717 -335.3481317595169 105.00000000000014
  endloop
endfacet
facet normal -7.977150275085927e-19 -1.2432547327792706e-17 0.9999999999999999
  outer loop
    vertex 26.52440586431599 -332.3382373926854 105.00000000000014
    vertex 28.311002718944717 -335.3481317595169 105.00000000000014
    vertex 28.237025118567953 -334.78621609720403 105.00000000000014
  endloop
endfacet
facet normal -7.977150275085927e-19 -1.2432547327792706e-17 0.9999999999999999
  outer loop
    vertex 28.87291838125787 -336.32139823621173 105.00000000000014
    vertex 31.67850530735671 -338.94375901212874 105.00000000000014
    vertex 29.322562819417147 -336.6664225486057 105.00000000000014
  endloop
endfacet
facet normal -7.977150275085927e-19 -1.2432547327792706e-17 0.9999999999999999
  outer loop
    vertex 29.322562819417147 -336.6664225486057 105.00000000000014
    vertex 31.67850530735671 -338.94375901212874 105.00000000000014
    vertex 29.84618485795237 -336.8833138985249 105.00000000000014
  endloop
endfacet
facet normal -7.977150275085927e-19 -1.2432547327792706e-17 0.9999999999999999
  outer loop
    vertex 29.84618485795237 -336.8833138985249 105.00000000000014
    vertex 31.67850530735671 -338.94375901212874 105.00000000000014
    vertex 30.408100520265656 -336.95729149890184 105.00000000000014
  endloop
endfacet
facet normal -7.977150275085927e-19 -1.2432547327792706e-17 0.9999999999999999
  outer loop
    vertex 30.408100520265656 -336.95729149890184 105.00000000000014
    vertex 31.67850530735671 -338.94375901212874 105.00000000000014
    vertex 30.970016182578195 -336.8833138985249 105.00000000000014
  endloop
endfacet
facet normal -7.977150275085927e-19 -1.2432547327792706e-17 0.9999999999999999
  outer loop
    vertex 30.970016182578195 -336.8833138985249 105.00000000000014
    vertex 31.67850530735671 -338.94375901212874 105.00000000000014
    vertex 31.493638221114303 -336.6664225486057 105.00000000000014
  endloop
endfacet
facet normal -7.977150275085927e-19 -1.2432547327792706e-17 0.9999999999999999
  outer loop
    vertex 31.493638221114303 -336.6664225486057 105.00000000000014
    vertex 31.67850530735671 -338.94375901212874 105.00000000000014
    vertex 31.94328265927358 -336.32139823621173 105.00000000000014
  endloop
endfacet
facet normal -7.977150275085927e-19 -1.2432547327792706e-17 0.9999999999999999
  outer loop
    vertex 31.94328265927358 -336.32139823621173 105.00000000000014
    vertex 31.67850530735671 -338.94375901212874 105.00000000000014
    vertex 40.0000000000046 -337.84821345218086 105.00000000000014
  endloop
endfacet
facet normal -7.977150275085927e-19 -1.2432547327792706e-17 0.9999999999999999
  outer loop
    vertex 31.94328265927358 -336.32139823621173 105.00000000000014
    vertex 40.0000000000046 -337.84821345218086 105.00000000000014
    vertex 32.288306971667396 -335.87175379805285 105.00000000000014
  endloop
endfacet
facet normal -7.977150275085927e-19 -1.2432547327792706e-17 0.9999999999999999
  outer loop
    vertex 32.288306971667396 -335.87175379805285 105.00000000000014
    vertex 40.0000000000046 -337.84821345218086 105.00000000000014
    vertex 32.50519832158616 -335.3481317595174 105.00000000000014
  endloop
endfacet
facet normal -7.977150275085927e-19 -1.2432547327792706e-17 0.9999999999999999
  outer loop
    vertex 32.50519832158616 -335.3481317595174 105.00000000000014
    vertex 40.0000000000046 -337.84821345218086 105.00000000000014
    vertex 32.57917592196322 -334.78621609720426 105.00000000000014
  endloop
endfacet
facet normal -7.977150275085927e-19 -1.2432547327792706e-17 0.9999999999999999
  outer loop
    vertex 32.57917592196322 -334.78621609720426 105.00000000000014
    vertex 40.0000000000046 -337.84821345218086 105.00000000000014
    vertex 34.130781021790646 -330.4329396014148 105.00000000000014
  endloop
endfacet
facet normal -7.977150275085927e-19 -1.2432547327792706e-17 0.9999999999999999
  outer loop
    vertex 34.130781021790646 -330.4329396014148 105.00000000000014
    vertex 40.0000000000046 -337.84821345218086 105.00000000000014
    vertex 36.079314386822446 -330.192610933118 105.00000000000014
  endloop
endfacet
facet normal -7.977150275085927e-19 -1.2432547327792706e-17 0.9999999999999999
  outer loop
    vertex 36.079314386822446 -330.192610933118 105.00000000000014
    vertex 40.0000000000046 -337.84821345218086 105.00000000000014
    vertex 38.03729302690816 -330.0481817517989 105.00000000000014
  endloop
endfacet
facet normal -7.977150275085927e-19 -1.2432547327792706e-17 0.9999999999999999
  outer loop
    vertex 38.03729302690816 -330.0481817517989 105.00000000000014
    vertex 40.0000000000046 -337.84821345218086 105.00000000000014
    vertex 40.00000000000503 -330.0000000000058 105.00000000000014
  endloop
endfacet
facet normal -7.977150275085927e-19 -1.2432547327792706e-17 0.9999999999999999
  outer loop
    vertex 40.00000000000503 -330.0000000000058 105.00000000000014
    vertex 40.0000000000046 -337.84821345218086 105.00000000000014
    vertex 48.15178654783707 -337.84821345218035 105.00000000000014
  endloop
endfacet
facet normal -7.977150275085927e-19 -1.2432547327792706e-17 0.9999999999999999
  outer loop
    vertex 40.00000000000503 -330.0000000000058 105.00000000000014
    vertex 48.15178654783707 -337.84821345218035 105.00000000000014
    vertex 43.54556318803123 -332.7636796201892 105.00000000000014
  endloop
endfacet
facet normal -7.977150275085927e-19 -1.2432547327792706e-17 0.9999999999999999
  outer loop
    vertex 40.00000000000503 -330.0000000000058 105.00000000000014
    vertex 43.54556318803123 -332.7636796201892 105.00000000000014
    vertex 43.42637422108297 -332.6083495342996 105.00000000000014
  endloop
endfacet
facet normal -7.977150275085927e-19 -1.2432547327792706e-17 0.9999999999999999
  outer loop
    vertex 40.00000000000503 -330.0000000000058 105.00000000000014
    vertex 43.42637422108297 -332.6083495342996 105.00000000000014
    vertex 43.35144890420412 -332.42746381812606 105.00000000000014
  endloop
endfacet
facet normal -7.977150275085927e-19 -1.2432547327792706e-17 0.9999999999999999
  outer loop
    vertex 40.00000000000503 -330.0000000000058 105.00000000000014
    vertex 43.35144890420412 -332.42746381812606 105.00000000000014
    vertex 43.325893273921075 -332.2333495342991 105.00000000000014
  endloop
endfacet
facet normal -7.977150275085927e-19 -1.2432547327792706e-17 0.9999999999999999
  outer loop
    vertex 43.54556318803123 -332.7636796201892 105.00000000000014
    vertex 48.15178654783707 -337.84821345218035 105.00000000000014
    vertex 43.70089327392126 -332.88286858713724 105.00000000000014
  endloop
endfacet
facet normal -7.977150275085927e-19 -1.2432547327792706e-17 0.9999999999999999
  outer loop
    vertex 43.70089327392126 -332.88286858713724 105.00000000000014
    vertex 48.15178654783707 -337.84821345218035 105.00000000000014
    vertex 43.88177899009383 -332.9577939040152 105.00000000000014
  endloop
endfacet
facet normal -7.977150275085927e-19 -1.2432547327792706e-17 0.9999999999999999
  outer loop
    vertex 43.88177899009383 -332.9577939040152 105.00000000000014
    vertex 48.15178654783707 -337.84821345218035 105.00000000000014
    vertex 44.075893273921174 -332.9833495342987 105.00000000000014
  endloop
endfacet
facet normal -7.977150275085927e-19 -1.2432547327792706e-17 0.9999999999999999
  outer loop
    vertex 44.075893273921174 -332.9833495342987 105.00000000000014
    vertex 48.15178654783707 -337.84821345218035 105.00000000000014
    vertex 44.27000755774785 -332.9577939040158 105.00000000000014
  endloop
endfacet
facet normal -7.977150275085927e-19 -1.2432547327792706e-17 0.9999999999999999
  outer loop
    vertex 44.27000755774785 -332.9577939040158 105.00000000000014
    vertex 48.15178654783707 -337.84821345218035 105.00000000000014
    vertex 44.45089327392141 -332.88286858713786 105.00000000000014
  endloop
endfacet
facet normal -7.977150275085927e-19 -1.2432547327792706e-17 0.9999999999999999
  outer loop
    vertex 44.45089327392141 -332.88286858713786 105.00000000000014
    vertex 48.15178654783707 -337.84821345218035 105.00000000000014
    vertex 44.60622335981072 -332.76367962018884 105.00000000000014
  endloop
endfacet
facet normal -7.977150275085927e-19 -1.2432547327792706e-17 0.9999999999999999
  outer loop
    vertex 44.60622335981072 -332.76367962018884 105.00000000000014
    vertex 48.15178654783707 -337.84821345218035 105.00000000000014
    vertex 44.72541232675953 -332.60834953429895 105.00000000000014
  endloop
endfacet
facet normal -7.977150275085927e-19 -1.2432547327792706e-17 0.9999999999999999
  outer loop
    vertex 44.72541232675953 -332.60834953429895 105.00000000000014
    vertex 48.15178654783707 -337.84821345218035 105.00000000000014
    vertex 44.80033764363782 -332.4274638181255 105.00000000000014
  endloop
endfacet
facet normal -7.977150275085927e-19 -1.2432547327792706e-17 0.9999999999999999
  outer loop
    vertex 44.80033764363782 -332.4274638181255 105.00000000000014
    vertex 48.15178654783707 -337.84821345218035 105.00000000000014
    vertex 44.82589327392116 -332.2333495342989 105.00000000000014
  endloop
endfacet
facet normal -7.977150275085927e-19 -1.2432547327792706e-17 0.9999999999999999
  outer loop
    vertex 48.15178654783718 -335.1001469274473 105.00000000000014
    vertex 48.15178654783707 -331.10014692744534 105.00000000000014
    vertex 48.15178654783707 -337.84821345218035 105.00000000000014
  endloop
endfacet
facet normal -7.977150275085927e-19 -1.2432547327792706e-17 0.9999999999999999
  outer loop
    vertex 48.15178654783707 -331.10014692744534 105.00000000000014
    vertex 48.15178654783718 -335.1001469274473 105.00000000000014
    vertex 51.15178654783681 -331.100146927445 105.00000000000014
  endloop
endfacet
facet normal -7.977150275085927e-19 -1.2432547327792706e-17 0.9999999999999999
  outer loop
    vertex 51.15178654783681 -331.100146927445 105.00000000000014
    vertex 48.15178654783718 -335.1001469274473 105.00000000000014
    vertex 51.151786547837524 -335.1001469274497 105.00000000000014
  endloop
endfacet
facet normal -7.977150275085927e-19 -1.2432547327792706e-17 0.9999999999999999
  outer loop
    vertex 40.00000000000503 -330.0000000000058 105.00000000000014
    vertex 43.88177899009438 -331.5089051645822 105.00000000000014
    vertex 48.15178654783707 -330.0000000000058 105.00000000000014
  endloop
endfacet
facet normal -7.977150275085927e-19 -1.2432547327792706e-17 0.9999999999999999
  outer loop
    vertex 43.88177899009438 -331.5089051645822 105.00000000000014
    vertex 40.00000000000503 -330.0000000000058 105.00000000000014
    vertex 43.70089327392126 -331.58383048146084 105.00000000000014
  endloop
endfacet
facet normal -7.977150275085927e-19 -1.2432547327792706e-17 0.9999999999999999
  outer loop
    vertex 43.70089327392126 -331.58383048146084 105.00000000000014
    vertex 40.00000000000503 -330.0000000000058 105.00000000000014
    vertex 43.54556318803092 -331.7030194484092 105.00000000000014
  endloop
endfacet
facet normal -7.977150275085927e-19 -1.2432547327792706e-17 0.9999999999999999
  outer loop
    vertex 43.54556318803092 -331.7030194484092 105.00000000000014
    vertex 40.00000000000503 -330.0000000000058 105.00000000000014
    vertex 43.42637422108286 -331.85834953429844 105.00000000000014
  endloop
endfacet
facet normal -7.977150275085927e-19 -1.2432547327792706e-17 0.9999999999999999
  outer loop
    vertex 43.42637422108286 -331.85834953429844 105.00000000000014
    vertex 40.00000000000503 -330.0000000000058 105.00000000000014
    vertex 43.35144890420429 -332.03923525047196 105.00000000000014
  endloop
endfacet
facet normal -7.977150275085927e-19 -1.2432547327792706e-17 0.9999999999999999
  outer loop
    vertex 43.35144890420429 -332.03923525047196 105.00000000000014
    vertex 40.00000000000503 -330.0000000000058 105.00000000000014
    vertex 43.325893273921075 -332.2333495342991 105.00000000000014
  endloop
endfacet
facet normal -7.977150275085927e-19 -1.2432547327792706e-17 0.9999999999999999
  outer loop
    vertex 48.15178654783707 -330.0000000000058 105.00000000000014
    vertex 43.88177899009438 -331.5089051645822 105.00000000000014
    vertex 44.07589327392133 -331.4833495342993 105.00000000000014
  endloop
endfacet
facet normal -7.977150275085927e-19 -1.2432547327792706e-17 0.9999999999999999
  outer loop
    vertex 48.15178654783707 -330.0000000000058 105.00000000000014
    vertex 44.07589327392133 -331.4833495342993 105.00000000000014
    vertex 44.27000755774812 -331.5089051645826 105.00000000000014
  endloop
endfacet
facet normal -7.977150275085927e-19 -1.2432547327792706e-17 0.9999999999999999
  outer loop
    vertex 48.15178654783707 -330.0000000000058 105.00000000000014
    vertex 44.27000755774812 -331.5089051645826 105.00000000000014
    vertex 44.45089327392109 -331.58383048146084 105.00000000000014
  endloop
endfacet
facet normal -7.977150275085927e-19 -1.2432547327792706e-17 0.9999999999999999
  outer loop
    vertex 48.15178654783707 -330.0000000000058 105.00000000000014
    vertex 44.45089327392109 -331.58383048146084 105.00000000000014
    vertex 44.6062233598106 -331.70301944840867 105.00000000000014
  endloop
endfacet
facet normal -7.977150275085927e-19 -1.2432547327792706e-17 0.9999999999999999
  outer loop
    vertex 48.15178654783707 -330.0000000000058 105.00000000000014
    vertex 44.6062233598106 -331.70301944840867 105.00000000000014
    vertex 44.72541232675953 -331.85834953429844 105.00000000000014
  endloop
endfacet
facet normal -7.977150275085927e-19 -1.2432547327792706e-17 0.9999999999999999
  outer loop
    vertex 48.15178654783707 -330.0000000000058 105.00000000000014
    vertex 44.72541232675953 -331.85834953429844 105.00000000000014
    vertex 44.800337643638116 -332.03923525047196 105.00000000000014
  endloop
endfacet
facet normal -7.977150275085927e-19 -1.2432547327792706e-17 0.9999999999999999
  outer loop
    vertex 48.15178654783707 -330.0000000000058 105.00000000000014
    vertex 44.800337643638116 -332.03923525047196 105.00000000000014
    vertex 44.82589327392116 -332.2333495342989 105.00000000000014
  endloop
endfacet
facet normal -7.977150275085927e-19 -1.2432547327792706e-17 0.9999999999999999
  outer loop
    vertex 48.15178654783707 -330.0000000000058 105.00000000000014
    vertex 44.82589327392116 -332.2333495342989 105.00000000000014
    vertex 48.15178654783707 -337.84821345218035 105.00000000000014
  endloop
endfacet
facet normal -7.977150275085927e-19 -1.2432547327792706e-17 0.9999999999999999
  outer loop
    vertex 48.15178654783707 -330.0000000000058 105.00000000000014
    vertex 48.15178654783707 -337.84821345218035 105.00000000000014
    vertex 48.15178654783707 -331.10014692744534 105.00000000000014
  endloop
endfacet
facet normal -7.977150275085927e-19 -1.2432547327792706e-17 0.9999999999999999
  outer loop
    vertex 1.483349534308953 -413.0000000000057 105.00000000000014
    vertex 1.7223865707166786 -358.388612909828 105.00000000000014
    vertex 1.1987498722234635 -360.2807928038759 105.00000000000014
  endloop
endfacet
facet normal -7.977150275085927e-19 -1.2432547327792706e-17 0.9999999999999999
  outer loop
    vertex 1.7223865707166786 -358.388612909828 105.00000000000014
    vertex 1.483349534308953 -413.0000000000057 105.00000000000014
    vertex 1.5089051645921525 -412.80588571617903 105.00000000000014
  endloop
endfacet
facet normal -7.977150275085927e-19 -1.2432547327792706e-17 0.9999999999999999
  outer loop
    vertex 1.7223865707166786 -358.388612909828 105.00000000000014
    vertex 1.5089051645921525 -412.80588571617903 105.00000000000014
    vertex 1.5838304814705815 -412.62500000000597 105.00000000000014
  endloop
endfacet
facet normal -7.977150275085927e-19 -1.2432547327792706e-17 0.9999999999999999
  outer loop
    vertex 1.7223865707166786 -358.388612909828 105.00000000000014
    vertex 1.5838304814705815 -412.62500000000597 105.00000000000014
    vertex 1.703019448418954 -412.46966991411597 105.00000000000014
  endloop
endfacet
facet normal -7.977150275085927e-19 -1.2432547327792706e-17 0.9999999999999999
  outer loop
    vertex 1.7223865707166786 -358.388612909828 105.00000000000014
    vertex 1.703019448418954 -412.46966991411597 105.00000000000014
    vertex 1.8583495343088665 -412.3504809471677 105.00000000000014
  endloop
endfacet
facet normal -7.977150275085927e-19 -1.2432547327792706e-17 0.9999999999999999
  outer loop
    vertex 1.7223865707166786 -358.388612909828 105.00000000000014
    vertex 1.8583495343088665 -412.3504809471677 105.00000000000014
    vertex 2.338237392683995 -356.524405864317 105.00000000000014
  endloop
endfacet
facet normal -7.977150275085927e-19 -1.2432547327792706e-17 0.9999999999999999
  outer loop
    vertex 2.338237392683995 -356.524405864317 105.00000000000014
    vertex 1.8583495343088665 -412.3504809471677 105.00000000000014
    vertex 2.039235250481692 -412.27555563028875 105.00000000000014
  endloop
endfacet
facet normal -7.977150275085927e-19 -1.2432547327792706e-17 0.9999999999999999
  outer loop
    vertex 2.338237392683995 -356.524405864317 105.00000000000014
    vertex 2.039235250481692 -412.27555563028875 105.00000000000014
    vertex 2.2333495343087812 -412.25000000000557 105.00000000000014
  endloop
endfacet
facet normal -7.977150275085927e-19 -1.2432547327792706e-17 0.9999999999999999
  outer loop
    vertex 2.338237392683995 -356.524405864317 105.00000000000014
    vertex 2.2333495343087812 -412.25000000000557 105.00000000000014
    vertex 2.427463818135438 -412.27555563028875 105.00000000000014
  endloop
endfacet
facet normal -7.977150275085927e-19 -1.2432547327792706e-17 0.9999999999999999
  outer loop
    vertex 2.338237392683995 -356.524405864317 105.00000000000014
    vertex 2.427463818135438 -412.27555563028875 105.00000000000014
    vertex 3.0448186995536486 -354.69266270540226 105.00000000000014
  endloop
endfacet
facet normal -7.977150275085927e-19 -1.2432547327792706e-17 0.9999999999999999
  outer loop
    vertex 3.0448186995536486 -354.69266270540226 105.00000000000014
    vertex 2.427463818135438 -412.27555563028875 105.00000000000014
    vertex 2.6083495343085517 -412.35048094716734 105.00000000000014
  endloop
endfacet
facet normal -7.977150275085927e-19 -1.2432547327792706e-17 0.9999999999999999
  outer loop
    vertex 3.0448186995536486 -354.69266270540226 105.00000000000014
    vertex 2.6083495343085517 -412.35048094716734 105.00000000000014
    vertex 2.763679620199044 -412.46966991411597 105.00000000000014
  endloop
endfacet
facet normal -7.977150275085927e-19 -1.2432547327792706e-17 0.9999999999999999
  outer loop
    vertex 3.0448186995536486 -354.69266270540226 105.00000000000014
    vertex 2.763679620199044 -412.46966991411597 105.00000000000014
    vertex 2.8828685871472723 -412.6250000000056 105.00000000000014
  endloop
endfacet
facet normal -7.977150275085927e-19 -1.2432547327792706e-17 0.9999999999999999
  outer loop
    vertex 3.0448186995536486 -354.69266270540226 105.00000000000014
    vertex 2.8828685871472723 -412.6250000000056 105.00000000000014
    vertex 2.9577939040256993 -412.80588571617903 105.00000000000014
  endloop
endfacet
facet normal -7.977150275085927e-19 -1.2432547327792706e-17 0.9999999999999999
  outer loop
    vertex 3.0448186995536486 -354.69266270540226 105.00000000000014
    vertex 2.9577939040256993 -412.80588571617903 105.00000000000014
    vertex 2.9833495343089007 -413.0000000000057 105.00000000000014
  endloop
endfacet
facet normal -7.977150275085927e-19 -1.2432547327792706e-17 0.9999999999999999
  outer loop
    vertex 3.0448186995536486 -354.69266270540226 105.00000000000014
    vertex 2.9833495343089007 -413.0000000000057 105.00000000000014
    vertex 3.0448186995536486 -471.3073372946101 105.00000000000014
  endloop
endfacet
facet normal -7.977150275085927e-19 -1.2432547327792706e-17 0.9999999999999999
  outer loop
    vertex 3.0448186995536486 -354.69266270540226 105.00000000000014
    vertex 3.0448186995536486 -471.3073372946101 105.00000000000014
    vertex 3.8404282750671492 -473.1022037372175 105.00000000000014
  endloop
endfacet
facet normal -7.977150275085927e-19 -1.2432547327792706e-17 0.9999999999999999
  outer loop
    vertex 3.0448186995536486 -354.69266270540226 105.00000000000014
    vertex 3.8404282750671492 -473.1022037372175 105.00000000000014
    vertex 3.8404282750674374 -352.8977962627945 105.00000000000014
  endloop
endfacet
facet normal -7.977150275085927e-19 -1.2432547327792706e-17 0.9999999999999999
  outer loop
    vertex 3.8404282750674374 -352.8977962627945 105.00000000000014
    vertex 3.8404282750671492 -473.1022037372175 105.00000000000014
    vertex 4.723149426070238 -474.85586947304625 105.00000000000014
  endloop
endfacet
facet normal -7.977150275085927e-19 -1.2432547327792706e-17 0.9999999999999999
  outer loop
    vertex 3.8404282750674374 -352.8977962627945 105.00000000000014
    vertex 4.723149426070238 -474.85586947304625 105.00000000000014
    vertex 4.72314942607096 -351.1441305269661 105.00000000000014
  endloop
endfacet
facet normal -7.977150275085927e-19 -1.2432547327792706e-17 0.9999999999999999
  outer loop
    vertex 4.72314942607096 -351.1441305269661 105.00000000000014
    vertex 4.723149426070238 -474.85586947304625 105.00000000000014
    vertex 5.69085559999349 -476.56410976773526 105.00000000000014
  endloop
endfacet
facet normal -7.977150275085927e-19 -1.2432547327792706e-17 0.9999999999999999
  outer loop
    vertex 4.72314942607096 -351.1441305269661 105.00000000000014
    vertex 5.69085559999349 -476.56410976773526 105.00000000000014
    vertex 5.6908555999942125 -349.43589023227673 105.00000000000014
  endloop
endfacet
facet normal -7.977150275085927e-19 -1.2432547327792706e-17 0.9999999999999999
  outer loop
    vertex 5.6908555999942125 -349.43589023227673 105.00000000000014
    vertex 5.69085559999349 -476.56410976773526 105.00000000000014
    vertex 6.741215507903025 -478.2228093207902 105.00000000000014
  endloop
endfacet
facet normal -7.977150275085927e-19 -1.2432547327792706e-17 0.9999999999999999
  outer loop
    vertex 5.6908555999942125 -349.43589023227673 105.00000000000014
    vertex 6.741215507903025 -478.2228093207902 105.00000000000014
    vertex 6.74121550790317 -347.7771906792216 105.00000000000014
  endloop
endfacet
facet normal -7.977150275085927e-19 -1.2432547327792706e-17 0.9999999999999999
  outer loop
    vertex 6.74121550790317 -347.7771906792216 105.00000000000014
    vertex 6.741215507903025 -478.2228093207902 105.00000000000014
    vertex 7.871698740779056 -479.82797217970335 105.00000000000014
  endloop
endfacet
facet normal -7.977150275085927e-19 -1.2432547327792706e-17 0.9999999999999999
  outer loop
    vertex 6.74121550790317 -347.7771906792216 105.00000000000014
    vertex 7.871698740779056 -479.82797217970335 105.00000000000014
    vertex 7.848213452174012 -456.000000000006 105.00000000000014
  endloop
endfacet
facet normal -7.977150275085927e-19 -1.2432547327792706e-17 0.9999999999999999
  outer loop
    vertex 7.848213452174012 -456.000000000006 105.00000000000014
    vertex 7.871698740779056 -479.82797217970335 105.00000000000014
    vertex 8.943759012121424 -464.3214946926559 105.00000000000014
  endloop
endfacet
facet normal -7.977150275085927e-19 -1.2432547327792706e-17 0.9999999999999999
  outer loop
    vertex 8.943759012121424 -464.3214946926559 105.00000000000014
    vertex 7.871698740779056 -479.82797217970335 105.00000000000014
    vertex 9.079581865495598 -481.3757313665522 105.00000000000014
  endloop
endfacet
facet normal -7.977150275085927e-19 -1.2432547327792706e-17 0.9999999999999999
  outer loop
    vertex 8.943759012121424 -464.3214946926559 105.00000000000014
    vertex 9.079581865495598 -481.3757313665522 105.00000000000014
    vertex 12.155736072528198 -472.07589327392145 105.00000000000014
  endloop
endfacet
facet normal -7.977150275085927e-19 -1.2432547327792706e-17 0.9999999999999999
  outer loop
    vertex 12.155736072528198 -472.07589327392145 105.00000000000014
    vertex 9.079581865495598 -481.3757313665522 105.00000000000014
    vertex 10.361954985806424 -482.8623581938866 105.00000000000014
  endloop
endfacet
facet normal -7.977150275085927e-19 -1.2432547327792706e-17 0.9999999999999999
  outer loop
    vertex 12.155736072528198 -472.07589327392145 105.00000000000014
    vertex 10.361954985806424 -482.8623581938866 105.00000000000014
    vertex 11.715728752543152 -484.2842712474677 105.00000000000014
  endloop
endfacet
facet normal -7.977150275085927e-19 -1.2432547327792706e-17 0.9999999999999999
  outer loop
    vertex 12.155736072528198 -472.07589327392145 105.00000000000014
    vertex 11.715728752543152 -484.2842712474677 105.00000000000014
    vertex 13.137641806124353 -485.63804501420424 105.00000000000014
  endloop
endfacet
facet normal -7.977150275085927e-19 -1.2432547327792706e-17 0.9999999999999999
  outer loop
    vertex 12.155736072528198 -472.07589327392145 105.00000000000014
    vertex 13.137641806124353 -485.63804501420424 105.00000000000014
    vertex 17.265253704771634 -478.73474629523974 105.00000000000014
  endloop
endfacet
facet normal -7.977150275085927e-19 -1.2432547327792706e-17 0.9999999999999999
  outer loop
    vertex 17.265253704771634 -478.73474629523974 105.00000000000014
    vertex 13.137641806124353 -485.63804501420424 105.00000000000014
    vertex 14.624268633459273 -486.920418134515 105.00000000000014
  endloop
endfacet
facet normal -7.977150275085927e-19 -1.2432547327792706e-17 0.9999999999999999
  outer loop
    vertex 17.265253704771634 -478.73474629523974 105.00000000000014
    vertex 14.624268633459273 -486.920418134515 105.00000000000014
    vertex 16.172027820307726 -488.12830125923136 105.00000000000014
  endloop
endfacet
facet normal -7.977150275085927e-19 -1.2432547327792706e-17 0.9999999999999999
  outer loop
    vertex 17.265253704771634 -478.73474629523974 105.00000000000014
    vertex 16.172027820307726 -488.12830125923136 105.00000000000014
    vertex 17.777190679221157 -489.2587844921074 105.00000000000014
  endloop
endfacet
facet normal -7.977150275085927e-19 -1.2432547327792706e-17 0.9999999999999999
  outer loop
    vertex 17.265253704771634 -478.73474629523974 105.00000000000014
    vertex 17.777190679221157 -489.2587844921074 105.00000000000014
    vertex 23.92410672608946 -483.84426392748185 105.00000000000014
  endloop
endfacet
facet normal -7.977150275085927e-19 -1.2432547327792706e-17 0.9999999999999999
  outer loop
    vertex 23.92410672608946 -483.84426392748185 105.00000000000014
    vertex 17.777190679221157 -489.2587844921074 105.00000000000014
    vertex 19.435890232277792 -490.30914440001425 105.00000000000014
  endloop
endfacet
facet normal -7.977150275085927e-19 -1.2432547327792706e-17 0.9999999999999999
  outer loop
    vertex 23.92410672608946 -483.84426392748185 105.00000000000014
    vertex 19.435890232277792 -490.30914440001425 105.00000000000014
    vertex 21.144130526967437 -491.27685057393575 105.00000000000014
  endloop
endfacet
facet normal -7.977150275085927e-19 -1.2432547327792706e-17 0.9999999999999999
  outer loop
    vertex 23.92410672608946 -483.84426392748185 105.00000000000014
    vertex 21.144130526967437 -491.27685057393575 105.00000000000014
    vertex 22.897796262794248 -492.1595717249418 105.00000000000014
  endloop
endfacet
facet normal -7.977150275085927e-19 -1.2432547327792706e-17 0.9999999999999999
  outer loop
    vertex 23.92410672608946 -483.84426392748185 105.00000000000014
    vertex 22.897796262794248 -492.1595717249418 105.00000000000014
    vertex 24.692662705401442 -492.95518130045707 105.00000000000014
  endloop
endfacet
facet normal -7.977150275085927e-19 -1.2432547327792706e-17 0.9999999999999999
  outer loop
    vertex 23.92410672608946 -483.84426392748185 105.00000000000014
    vertex 24.692662705401442 -492.95518130045707 105.00000000000014
    vertex 28.87291838125756 -489.2510339581965 105.00000000000014
  endloop
endfacet
facet normal -7.977150275085927e-19 -1.2432547327792706e-17 0.9999999999999999
  outer loop
    vertex 23.92410672608946 -483.84426392748185 105.00000000000014
    vertex 28.87291838125756 -489.2510339581965 105.00000000000014
    vertex 31.678505307354964 -487.0562409878888 105.00000000000014
  endloop
endfacet
facet normal -7.977150275085927e-19 -1.2432547327792706e-17 0.9999999999999999
  outer loop
    vertex 28.87291838125756 -489.2510339581965 105.00000000000014
    vertex 24.692662705401442 -492.95518130045707 105.00000000000014
    vertex 28.52789406886375 -489.70067839635493 105.00000000000014
  endloop
endfacet
facet normal -7.977150275085927e-19 -1.2432547327792706e-17 0.9999999999999999
  outer loop
    vertex 28.52789406886375 -489.70067839635493 105.00000000000014
    vertex 24.692662705401442 -492.95518130045707 105.00000000000014
    vertex 26.524405864315845 -493.661762607327 105.00000000000014
  endloop
endfacet
facet normal -7.977150275085927e-19 -1.2432547327792706e-17 0.9999999999999999
  outer loop
    vertex 28.52789406886375 -489.70067839635493 105.00000000000014
    vertex 26.524405864315845 -493.661762607327 105.00000000000014
    vertex 28.31100271894488 -490.2243004348912 105.00000000000014
  endloop
endfacet
facet normal -7.977150275085927e-19 -1.2432547327792706e-17 0.9999999999999999
  outer loop
    vertex 28.31100271894488 -490.2243004348912 105.00000000000014
    vertex 26.524405864315845 -493.661762607327 105.00000000000014
    vertex 28.23702511856779 -490.78621609720426 105.00000000000014
  endloop
endfacet
facet normal -7.977150275085927e-19 -1.2432547327792706e-17 0.9999999999999999
  outer loop
    vertex 31.678505307354964 -487.0562409878888 105.00000000000014
    vertex 28.87291838125756 -489.2510339581965 105.00000000000014
    vertex 29.322562819416426 -488.90600964580256 105.00000000000014
  endloop
endfacet
facet normal -7.977150275085927e-19 -1.2432547327792706e-17 0.9999999999999999
  outer loop
    vertex 31.678505307354964 -487.0562409878888 105.00000000000014
    vertex 29.322562819416426 -488.90600964580256 105.00000000000014
    vertex 29.846184857951947 -488.6891182958836 105.00000000000014
  endloop
endfacet
facet normal -7.977150275085927e-19 -1.2432547327792706e-17 0.9999999999999999
  outer loop
    vertex 31.678505307354964 -487.0562409878888 105.00000000000014
    vertex 29.846184857951947 -488.6891182958836 105.00000000000014
    vertex 30.408100520265357 -488.6151406955061 105.00000000000014
  endloop
endfacet
facet normal -7.977150275085927e-19 -1.2432547327792706e-17 0.9999999999999999
  outer loop
    vertex 31.678505307354964 -487.0562409878888 105.00000000000014
    vertex 30.408100520265357 -488.6151406955061 105.00000000000014
    vertex 30.970016182578195 -488.6891182958831 105.00000000000014
  endloop
endfacet
facet normal -7.977150275085927e-19 -1.2432547327792706e-17 0.9999999999999999
  outer loop
    vertex 31.678505307354964 -487.0562409878888 105.00000000000014
    vertex 30.970016182578195 -488.6891182958831 105.00000000000014
    vertex 31.493638221114303 -488.90600964580227 105.00000000000014
  endloop
endfacet
facet normal -7.977150275085927e-19 -1.2432547327792706e-17 0.9999999999999999
  outer loop
    vertex 31.678505307354964 -487.0562409878888 105.00000000000014
    vertex 31.493638221114303 -488.90600964580227 105.00000000000014
    vertex 31.94328265927403 -489.2510339581965 105.00000000000014
  endloop
endfacet
facet normal -7.977150275085927e-19 -1.2432547327792706e-17 0.9999999999999999
  outer loop
    vertex 31.678505307354964 -487.0562409878888 105.00000000000014
    vertex 31.94328265927403 -489.2510339581965 105.00000000000014
    vertex 40.000000000005606 -488.15178654783716 105.00000000000014
  endloop
endfacet
facet normal -7.977150275085927e-19 -1.2432547327792706e-17 0.9999999999999999
  outer loop
    vertex 40.000000000005606 -488.15178654783716 105.00000000000014
    vertex 31.94328265927403 -489.2510339581965 105.00000000000014
    vertex 32.288306971667986 -489.7006783963552 105.00000000000014
  endloop
endfacet
facet normal -7.977150275085927e-19 -1.2432547327792706e-17 0.9999999999999999
  outer loop
    vertex 40.000000000005606 -488.15178654783716 105.00000000000014
    vertex 32.288306971667986 -489.7006783963552 105.00000000000014
    vertex 32.50519832158629 -490.2243004348909 105.00000000000014
  endloop
endfacet
facet normal -7.977150275085927e-19 -1.2432547327792706e-17 0.9999999999999999
  outer loop
    vertex 40.000000000005606 -488.15178654783716 105.00000000000014
    vertex 32.50519832158629 -490.2243004348909 105.00000000000014
    vertex 32.579175921963355 -490.786216097204 105.00000000000014
  endloop
endfacet
facet normal -7.977150275085927e-19 -1.2432547327792706e-17 0.9999999999999999
  outer loop
    vertex 40.000000000005606 -488.15178654783716 105.00000000000014
    vertex 32.579175921963355 -490.786216097204 105.00000000000014
    vertex 34.13078102179036 -495.56706039859745 105.00000000000014
  endloop
endfacet
facet normal -7.977150275085927e-19 -1.2432547327792706e-17 0.9999999999999999
  outer loop
    vertex 40.000000000005606 -488.15178654783716 105.00000000000014
    vertex 34.13078102179036 -495.56706039859745 105.00000000000014
    vertex 36.079314386822446 -495.80738906689396 105.00000000000014
  endloop
endfacet
facet normal -7.977150275085927e-19 -1.2432547327792706e-17 0.9999999999999999
  outer loop
    vertex 40.000000000005606 -488.15178654783716 105.00000000000014
    vertex 36.079314386822446 -495.80738906689396 105.00000000000014
    vertex 38.03729302690802 -495.95181824821304 105.00000000000014
  endloop
endfacet
facet normal -7.977150275085927e-19 -1.2432547327792706e-17 0.9999999999999999
  outer loop
    vertex 40.000000000005606 -488.15178654783716 105.00000000000014
    vertex 38.03729302690802 -495.95181824821304 105.00000000000014
    vertex 40.0000000000046 -496.00000000000585 105.00000000000014
  endloop
endfacet
facet normal -7.977150275085927e-19 -1.2432547327792706e-17 0.9999999999999999
  outer loop
    vertex 40.000000000005606 -488.15178654783716 105.00000000000014
    vertex 40.0000000000046 -496.00000000000585 105.00000000000014
    vertex 43.4263742210827 -494.1416504657135 105.00000000000014
  endloop
endfacet
facet normal -7.977150275085927e-19 -1.2432547327792706e-17 0.9999999999999999
  outer loop
    vertex 43.4263742210827 -494.1416504657135 105.00000000000014
    vertex 40.0000000000046 -496.00000000000585 105.00000000000014
    vertex 43.545563188031366 -494.2969805516028 105.00000000000014
  endloop
endfacet
facet normal -7.977150275085927e-19 -1.2432547327792706e-17 0.9999999999999999
  outer loop
    vertex 43.545563188031366 -494.2969805516028 105.00000000000014
    vertex 40.0000000000046 -496.00000000000585 105.00000000000014
    vertex 43.70089327392099 -494.4161695185506 105.00000000000014
  endloop
endfacet
facet normal -7.977150275085927e-19 -1.2432547327792706e-17 0.9999999999999999
  outer loop
    vertex 43.70089327392099 -494.4161695185506 105.00000000000014
    vertex 40.0000000000046 -496.00000000000585 105.00000000000014
    vertex 43.88177899009396 -494.4910948354294 105.00000000000014
  endloop
endfacet
facet normal -7.977150275085927e-19 -1.2432547327792706e-17 0.9999999999999999
  outer loop
    vertex 43.88177899009396 -494.4910948354294 105.00000000000014
    vertex 40.0000000000046 -496.00000000000585 105.00000000000014
    vertex 48.15178654783707 -496.00000000000585 105.00000000000014
  endloop
endfacet
facet normal -7.977150275085927e-19 -1.2432547327792706e-17 0.9999999999999999
  outer loop
    vertex 40.000000000005606 -488.15178654783716 105.00000000000014
    vertex 43.4263742210827 -494.1416504657135 105.00000000000014
    vertex 43.35144890420412 -493.96076474954003 105.00000000000014
  endloop
endfacet
facet normal -7.977150275085927e-19 -1.2432547327792706e-17 0.9999999999999999
  outer loop
    vertex 40.000000000005606 -488.15178654783716 105.00000000000014
    vertex 43.35144890420412 -493.96076474954003 105.00000000000014
    vertex 43.325893273921075 -493.7666504657128 105.00000000000014
  endloop
endfacet
facet normal -7.977150275085927e-19 -1.2432547327792706e-17 0.9999999999999999
  outer loop
    vertex 43.88177899009396 -494.4910948354294 105.00000000000014
    vertex 48.15178654783707 -496.00000000000585 105.00000000000014
    vertex 44.07589327392133 -494.516650465712 105.00000000000014
  endloop
endfacet
facet normal -7.977150275085927e-19 -1.2432547327792706e-17 0.9999999999999999
  outer loop
    vertex 44.07589327392133 -494.516650465712 105.00000000000014
    vertex 48.15178654783707 -496.00000000000585 105.00000000000014
    vertex 44.27000755774785 -494.4910948354291 105.00000000000014
  endloop
endfacet
facet normal -7.977150275085927e-19 -1.2432547327792706e-17 0.9999999999999999
  outer loop
    vertex 44.27000755774785 -494.4910948354291 105.00000000000014
    vertex 48.15178654783707 -496.00000000000585 105.00000000000014
    vertex 44.45089327392109 -494.4161695185511 105.00000000000014
  endloop
endfacet
facet normal -7.977150275085927e-19 -1.2432547327792706e-17 0.9999999999999999
  outer loop
    vertex 44.45089327392109 -494.4161695185511 105.00000000000014
    vertex 48.15178654783707 -496.00000000000585 105.00000000000014
    vertex 44.60622335981087 -494.2969805516028 105.00000000000014
  endloop
endfacet
facet normal -7.977150275085927e-19 -1.2432547327792706e-17 0.9999999999999999
  outer loop
    vertex 44.60622335981087 -494.2969805516028 105.00000000000014
    vertex 48.15178654783707 -496.00000000000585 105.00000000000014
    vertex 44.72541232675953 -494.1416504657126 105.00000000000014
  endloop
endfacet
facet normal -7.977150275085927e-19 -1.2432547327792706e-17 0.9999999999999999
  outer loop
    vertex 44.72541232675953 -494.1416504657126 105.00000000000014
    vertex 48.15178654783707 -496.00000000000585 105.00000000000014
    vertex 44.80033764363782 -493.9607647495398 105.00000000000014
  endloop
endfacet
facet normal -7.977150275085927e-19 -1.2432547327792706e-17 0.9999999999999999
  outer loop
    vertex 44.80033764363782 -493.9607647495398 105.00000000000014
    vertex 48.15178654783707 -496.00000000000585 105.00000000000014
    vertex 44.825893273921004 -493.7666504657128 105.00000000000014
  endloop
endfacet
facet normal -7.977150275085927e-19 -1.2432547327792706e-17 0.9999999999999999
  outer loop
    vertex 51.15178654783681 -494.8998530725652 105.00000000000014
    vertex 48.15178654783707 -490.89985307256495 105.00000000000014
    vertex 48.15178654783707 -494.89985307256484 105.00000000000014
  endloop
endfacet
facet normal -7.977150275085927e-19 -1.2432547327792706e-17 0.9999999999999999
  outer loop
    vertex 48.15178654783707 -490.89985307256495 105.00000000000014
    vertex 51.15178654783681 -494.8998530725652 105.00000000000014
    vertex 51.151786547837524 -490.89985307256467 105.00000000000014
  endloop
endfacet
facet normal -7.977150275085927e-19 -1.2432547327792706e-17 0.9999999999999999
  outer loop
    vertex 40.000000000005606 -488.15178654783716 105.00000000000014
    vertex 43.54556318803123 -493.2363203798231 105.00000000000014
    vertex 48.15178654783707 -488.15178654783745 105.00000000000014
  endloop
endfacet
facet normal -7.977150275085927e-19 -1.2432547327792706e-17 0.9999999999999999
  outer loop
    vertex 43.54556318803123 -493.2363203798231 105.00000000000014
    vertex 40.000000000005606 -488.15178654783716 105.00000000000014
    vertex 43.42637422108286 -493.3916504657125 105.00000000000014
  endloop
endfacet
facet normal -7.977150275085927e-19 -1.2432547327792706e-17 0.9999999999999999
  outer loop
    vertex 43.42637422108286 -493.3916504657125 105.00000000000014
    vertex 40.000000000005606 -488.15178654783716 105.00000000000014
    vertex 43.35144890420429 -493.5725361818859 105.00000000000014
  endloop
endfacet
facet normal -7.977150275085927e-19 -1.2432547327792706e-17 0.9999999999999999
  outer loop
    vertex 43.35144890420429 -493.5725361818859 105.00000000000014
    vertex 40.000000000005606 -488.15178654783716 105.00000000000014
    vertex 43.325893273921075 -493.7666504657128 105.00000000000014
  endloop
endfacet
facet normal -7.977150275085927e-19 -1.2432547327792706e-17 0.9999999999999999
  outer loop
    vertex 48.15178654783707 -488.15178654783745 105.00000000000014
    vertex 43.54556318803123 -493.2363203798231 105.00000000000014
    vertex 43.700893273921146 -493.1171314128747 105.00000000000014
  endloop
endfacet
facet normal -7.977150275085927e-19 -1.2432547327792706e-17 0.9999999999999999
  outer loop
    vertex 48.15178654783707 -488.15178654783745 105.00000000000014
    vertex 43.700893273921146 -493.1171314128747 105.00000000000014
    vertex 43.88177899009411 -493.0422060959959 105.00000000000014
  endloop
endfacet
facet normal -7.977150275085927e-19 -1.2432547327792706e-17 0.9999999999999999
  outer loop
    vertex 48.15178654783707 -488.15178654783745 105.00000000000014
    vertex 43.88177899009411 -493.0422060959959 105.00000000000014
    vertex 44.075893273921174 -493.0166504657121 105.00000000000014
  endloop
endfacet
facet normal -7.977150275085927e-19 -1.2432547327792706e-17 0.9999999999999999
  outer loop
    vertex 48.15178654783707 -488.15178654783745 105.00000000000014
    vertex 44.075893273921174 -493.0166504657121 105.00000000000014
    vertex 44.27000755774812 -493.04220609599565 105.00000000000014
  endloop
endfacet
facet normal -7.977150275085927e-19 -1.2432547327792706e-17 0.9999999999999999
  outer loop
    vertex 48.15178654783707 -488.15178654783745 105.00000000000014
    vertex 44.27000755774812 -493.04220609599565 105.00000000000014
    vertex 44.450893273921245 -493.1171314128739 105.00000000000014
  endloop
endfacet
facet normal -7.977150275085927e-19 -1.2432547327792706e-17 0.9999999999999999
  outer loop
    vertex 48.15178654783707 -488.15178654783745 105.00000000000014
    vertex 44.450893273921245 -493.1171314128739 105.00000000000014
    vertex 44.60622335981103 -493.2363203798228 105.00000000000014
  endloop
endfacet
facet normal -7.977150275085927e-19 -1.2432547327792706e-17 0.9999999999999999
  outer loop
    vertex 48.15178654783707 -488.15178654783745 105.00000000000014
    vertex 44.60622335981103 -493.2363203798228 105.00000000000014
    vertex 44.725412326759376 -493.3916504657125 105.00000000000014
  endloop
endfacet
facet normal -7.977150275085927e-19 -1.2432547327792706e-17 0.9999999999999999
  outer loop
    vertex 48.15178654783707 -488.15178654783745 105.00000000000014
    vertex 44.725412326759376 -493.3916504657125 105.00000000000014
    vertex 44.80033764363782 -493.57253618188645 105.00000000000014
  endloop
endfacet
facet normal -7.977150275085927e-19 -1.2432547327792706e-17 0.9999999999999999
  outer loop
    vertex 48.15178654783707 -488.15178654783745 105.00000000000014
    vertex 44.80033764363782 -493.57253618188645 105.00000000000014
    vertex 44.825893273921004 -493.7666504657128 105.00000000000014
  endloop
endfacet
facet normal -7.977150275085927e-19 -1.2432547327792706e-17 0.9999999999999999
  outer loop
    vertex 48.15178654783707 -488.15178654783745 105.00000000000014
    vertex 44.825893273921004 -493.7666504657128 105.00000000000014
    vertex 48.15178654783707 -496.00000000000585 105.00000000000014
  endloop
endfacet
facet normal -7.977150275085927e-19 -1.2432547327792706e-17 0.9999999999999999
  outer loop
    vertex 48.15178654783707 -488.15178654783745 105.00000000000014
    vertex 48.15178654783707 -496.00000000000585 105.00000000000014
    vertex 48.15178654783707 -494.89985307256484 105.00000000000014
  endloop
endfacet
facet normal -7.977150275085927e-19 -1.2432547327792706e-17 0.9999999999999999
  outer loop
    vertex 48.15178654783707 -488.15178654783745 105.00000000000014
    vertex 48.15178654783707 -494.89985307256484 105.00000000000014
    vertex 48.15178654783707 -490.89985307256495 105.00000000000014
  endloop
endfacet
facet normal -7.977150275085927e-19 -1.2432547327792706e-17 0.9999999999999999
  outer loop
    vertex 1.2561258699861348e-11 -456.0000000000054 105.00000000000014
    vertex 0.048181751808286884 -368.0372930269099 105.00000000000014
    vertex 1.212811184814199e-11 -370.000000000006 105.00000000000014
  endloop
endfacet
facet normal -7.977150275085927e-19 -1.2432547327792706e-17 0.9999999999999999
  outer loop
    vertex 0.048181751808286884 -368.0372930269099 105.00000000000014
    vertex 1.2561258699861348e-11 -456.0000000000054 105.00000000000014
    vertex 0.04818175181362903 -457.9627069731019 105.00000000000014
  endloop
endfacet
facet normal -7.977150275085927e-19 -1.2432547327792706e-17 0.9999999999999999
  outer loop
    vertex 0.048181751808286884 -368.0372930269099 105.00000000000014
    vertex 0.04818175181362903 -457.9627069731019 105.00000000000014
    vertex 0.19261093312298375 -366.07931438682374 105.00000000000014
  endloop
endfacet
facet normal -7.977150275085927e-19 -1.2432547327792706e-17 0.9999999999999999
  outer loop
    vertex 0.19261093312298375 -366.07931438682374 105.00000000000014
    vertex 0.04818175181362903 -457.9627069731019 105.00000000000014
    vertex 0.1926109331173528 -459.92068561318854 105.00000000000014
  endloop
endfacet
facet normal -7.977150275085927e-19 -1.2432547327792706e-17 0.9999999999999999
  outer loop
    vertex 0.19261093312298375 -366.07931438682374 105.00000000000014
    vertex 0.1926109331173528 -459.92068561318854 105.00000000000014
    vertex 0.4329396014139047 -461.86921897822054 105.00000000000014
  endloop
endfacet
facet normal -7.977150275085927e-19 -1.2432547327792706e-17 0.9999999999999999
  outer loop
    vertex 0.19261093312298375 -366.07931438682374 105.00000000000014
    vertex 0.4329396014139047 -461.86921897822054 105.00000000000014
    vertex 0.4329396014153485 -364.1307810217918 105.00000000000014
  endloop
endfacet
facet normal -7.977150275085927e-19 -1.2432547327792706e-17 0.9999999999999999
  outer loop
    vertex 0.4329396014153485 -364.1307810217918 105.00000000000014
    vertex 0.4329396014139047 -461.86921897822054 105.00000000000014
    vertex 0.7685887838759186 -463.80361288065126 105.00000000000014
  endloop
endfacet
facet normal -7.977150275085927e-19 -1.2432547327792706e-17 0.9999999999999999
  outer loop
    vertex 0.4329396014153485 -364.1307810217918 105.00000000000014
    vertex 0.7685887838759186 -463.80361288065126 105.00000000000014
    vertex 0.7685887838759186 -362.19638711936096 105.00000000000014
  endloop
endfacet
facet normal -7.977150275085927e-19 -1.2432547327792706e-17 0.9999999999999999
  outer loop
    vertex 0.7685887838759186 -362.19638711936096 105.00000000000014
    vertex 0.7685887838759186 -463.80361288065126 105.00000000000014
    vertex 1.1987498722233192 -465.7192071961367 105.00000000000014
  endloop
endfacet
facet normal -7.977150275085927e-19 -1.2432547327792706e-17 0.9999999999999999
  outer loop
    vertex 0.7685887838759186 -362.19638711936096 105.00000000000014
    vertex 1.1987498722233192 -465.7192071961367 105.00000000000014
    vertex 1.1987498722234635 -360.2807928038759 105.00000000000014
  endloop
endfacet
facet normal -7.977150275085927e-19 -1.2432547327792706e-17 0.9999999999999999
  outer loop
    vertex 1.1987498722234635 -360.2807928038759 105.00000000000014
    vertex 1.1987498722233192 -465.7192071961367 105.00000000000014
    vertex 1.722386570716535 -467.6113870901843 105.00000000000014
  endloop
endfacet
facet normal -7.977150275085927e-19 -1.2432547327792706e-17 0.9999999999999999
  outer loop
    vertex 1.1987498722234635 -360.2807928038759 105.00000000000014
    vertex 1.722386570716535 -467.6113870901843 105.00000000000014
    vertex 1.483349534308953 -413.0000000000057 105.00000000000014
  endloop
endfacet
facet normal -7.977150275085927e-19 -1.2432547327792706e-17 0.9999999999999999
  outer loop
    vertex 1.483349534308953 -413.0000000000057 105.00000000000014
    vertex 1.722386570716535 -467.6113870901843 105.00000000000014
    vertex 1.5089051645920084 -413.1941142838326 105.00000000000014
  endloop
endfacet
facet normal -7.977150275085927e-19 -1.2432547327792706e-17 0.9999999999999999
  outer loop
    vertex 1.5089051645920084 -413.1941142838326 105.00000000000014
    vertex 1.722386570716535 -467.6113870901843 105.00000000000014
    vertex 1.5838304814707258 -413.3750000000061 105.00000000000014
  endloop
endfacet
facet normal -7.977150275085927e-19 -1.2432547327792706e-17 0.9999999999999999
  outer loop
    vertex 1.5838304814707258 -413.3750000000061 105.00000000000014
    vertex 1.722386570716535 -467.6113870901843 105.00000000000014
    vertex 1.7030194484190977 -413.53033008589597 105.00000000000014
  endloop
endfacet
facet normal -7.977150275085927e-19 -1.2432547327792706e-17 0.9999999999999999
  outer loop
    vertex 1.7030194484190977 -413.53033008589597 105.00000000000014
    vertex 1.722386570716535 -467.6113870901843 105.00000000000014
    vertex 1.858349534308579 -413.64951905284374 105.00000000000014
  endloop
endfacet
facet normal -7.977150275085927e-19 -1.2432547327792706e-17 0.9999999999999999
  outer loop
    vertex 1.858349534308579 -413.64951905284374 105.00000000000014
    vertex 1.722386570716535 -467.6113870901843 105.00000000000014
    vertex 2.338237392683995 -469.47559413569445 105.00000000000014
  endloop
endfacet
facet normal -7.977150275085927e-19 -1.2432547327792706e-17 0.9999999999999999
  outer loop
    vertex 1.858349534308579 -413.64951905284374 105.00000000000014
    vertex 2.338237392683995 -469.47559413569445 105.00000000000014
    vertex 2.039235250481692 -413.7244443697226 105.00000000000014
  endloop
endfacet
facet normal -7.977150275085927e-19 -1.2432547327792706e-17 0.9999999999999999
  outer loop
    vertex 2.039235250481692 -413.7244443697226 105.00000000000014
    vertex 2.338237392683995 -469.47559413569445 105.00000000000014
    vertex 2.2333495343087812 -413.7500000000055 105.00000000000014
  endloop
endfacet
facet normal -7.977150275085927e-19 -1.2432547327792706e-17 0.9999999999999999
  outer loop
    vertex 2.2333495343087812 -413.7500000000055 105.00000000000014
    vertex 2.338237392683995 -469.47559413569445 105.00000000000014
    vertex 2.4274638181355823 -413.72444436972233 105.00000000000014
  endloop
endfacet
facet normal -7.977150275085927e-19 -1.2432547327792706e-17 0.9999999999999999
  outer loop
    vertex 2.4274638181355823 -413.72444436972233 105.00000000000014
    vertex 2.338237392683995 -469.47559413569445 105.00000000000014
    vertex 3.0448186995536486 -471.3073372946101 105.00000000000014
  endloop
endfacet
facet normal -7.977150275085927e-19 -1.2432547327792706e-17 0.9999999999999999
  outer loop
    vertex 2.4274638181355823 -413.72444436972233 105.00000000000014
    vertex 3.0448186995536486 -471.3073372946101 105.00000000000014
    vertex 2.6083495343088408 -413.64951905284437 105.00000000000014
  endloop
endfacet
facet normal -7.977150275085927e-19 -1.2432547327792706e-17 0.9999999999999999
  outer loop
    vertex 2.6083495343088408 -413.64951905284437 105.00000000000014
    vertex 3.0448186995536486 -471.3073372946101 105.00000000000014
    vertex 2.7636796201987535 -413.53033008589597 105.00000000000014
  endloop
endfacet
facet normal -7.977150275085927e-19 -1.2432547327792706e-17 0.9999999999999999
  outer loop
    vertex 2.7636796201987535 -413.53033008589597 105.00000000000014
    vertex 3.0448186995536486 -471.3073372946101 105.00000000000014
    vertex 2.882868587147127 -413.3750000000061 105.00000000000014
  endloop
endfacet
facet normal -7.977150275085927e-19 -1.2432547327792706e-17 0.9999999999999999
  outer loop
    vertex 2.882868587147127 -413.3750000000061 105.00000000000014
    vertex 3.0448186995536486 -471.3073372946101 105.00000000000014
    vertex 2.9577939040256993 -413.1941142838326 105.00000000000014
  endloop
endfacet
facet normal -7.977150275085927e-19 -1.2432547327792706e-17 0.9999999999999999
  outer loop
    vertex 2.9577939040256993 -413.1941142838326 105.00000000000014
    vertex 3.0448186995536486 -471.3073372946101 105.00000000000014
    vertex 2.9833495343089007 -413.0000000000057 105.00000000000014
  endloop
endfacet
facet normal -7.977150275085927e-19 -1.2432547327792706e-17 0.9999999999999999
  outer loop
    vertex 28.388612909826563 -494.27761342929335 105.00000000000014
    vertex 28.23702511856779 -490.78621609720426 105.00000000000014
    vertex 26.524405864315845 -493.661762607327 105.00000000000014
  endloop
endfacet
facet normal -7.977150275085927e-19 -1.2432547327792706e-17 0.9999999999999999
  outer loop
    vertex 28.23702511856779 -490.78621609720426 105.00000000000014
    vertex 28.388612909826563 -494.27761342929335 105.00000000000014
    vertex 28.311002718944717 -491.3481317595169 105.00000000000014
  endloop
endfacet
facet normal -7.977150275085927e-19 -1.2432547327792706e-17 0.9999999999999999
  outer loop
    vertex 28.311002718944717 -491.3481317595169 105.00000000000014
    vertex 28.388612909826563 -494.27761342929335 105.00000000000014
    vertex 28.527894068864324 -491.8717537980534 105.00000000000014
  endloop
endfacet
facet normal -7.977150275085927e-19 -1.2432547327792706e-17 0.9999999999999999
  outer loop
    vertex 28.527894068864324 -491.8717537980534 105.00000000000014
    vertex 28.388612909826563 -494.27761342929335 105.00000000000014
    vertex 30.28079280387435 -494.8012501277873 105.00000000000014
  endloop
endfacet
facet normal -7.977150275085927e-19 -1.2432547327792706e-17 0.9999999999999999
  outer loop
    vertex 28.527894068864324 -491.8717537980534 105.00000000000014
    vertex 30.28079280387435 -494.8012501277873 105.00000000000014
    vertex 28.87291838125756 -492.3213982362109 105.00000000000014
  endloop
endfacet
facet normal -7.977150275085927e-19 -1.2432547327792706e-17 0.9999999999999999
  outer loop
    vertex 28.87291838125756 -492.3213982362109 105.00000000000014
    vertex 30.28079280387435 -494.8012501277873 105.00000000000014
    vertex 29.322562819416735 -492.6664225486051 105.00000000000014
  endloop
endfacet
facet normal -7.977150275085927e-19 -1.2432547327792706e-17 0.9999999999999999
  outer loop
    vertex 29.322562819416735 -492.6664225486051 105.00000000000014
    vertex 30.28079280387435 -494.8012501277873 105.00000000000014
    vertex 29.84618485795237 -492.8833138985246 105.00000000000014
  endloop
endfacet
facet normal -7.977150275085927e-19 -1.2432547327792706e-17 0.9999999999999999
  outer loop
    vertex 29.84618485795237 -492.8833138985246 105.00000000000014
    vertex 30.28079280387435 -494.8012501277873 105.00000000000014
    vertex 30.408100520265656 -492.95729149890155 105.00000000000014
  endloop
endfacet
facet normal -7.977150275085927e-19 -1.2432547327792706e-17 0.9999999999999999
  outer loop
    vertex 30.408100520265656 -492.95729149890155 105.00000000000014
    vertex 30.28079280387435 -494.8012501277873 105.00000000000014
    vertex 32.1963871193598 -495.2314112161348 105.00000000000014
  endloop
endfacet
facet normal -7.977150275085927e-19 -1.2432547327792706e-17 0.9999999999999999
  outer loop
    vertex 30.408100520265656 -492.95729149890155 105.00000000000014
    vertex 32.1963871193598 -495.2314112161348 105.00000000000014
    vertex 30.970016182578508 -492.8833138985246 105.00000000000014
  endloop
endfacet
facet normal -7.977150275085927e-19 -1.2432547327792706e-17 0.9999999999999999
  outer loop
    vertex 30.970016182578508 -492.8833138985246 105.00000000000014
    vertex 32.1963871193598 -495.2314112161348 105.00000000000014
    vertex 31.49363822111414 -492.666422548606 105.00000000000014
  endloop
endfacet
facet normal -7.977150275085927e-19 -1.2432547327792706e-17 0.9999999999999999
  outer loop
    vertex 31.49363822111414 -492.666422548606 105.00000000000014
    vertex 32.1963871193598 -495.2314112161348 105.00000000000014
    vertex 31.94328265927373 -492.3213982362118 105.00000000000014
  endloop
endfacet
facet normal -7.977150275085927e-19 -1.2432547327792706e-17 0.9999999999999999
  outer loop
    vertex 31.94328265927373 -492.3213982362118 105.00000000000014
    vertex 32.1963871193598 -495.2314112161348 105.00000000000014
    vertex 32.288306971667126 -491.87175379805274 105.00000000000014
  endloop
endfacet
facet normal -7.977150275085927e-19 -1.2432547327792706e-17 0.9999999999999999
  outer loop
    vertex 32.288306971667126 -491.87175379805274 105.00000000000014
    vertex 32.1963871193598 -495.2314112161348 105.00000000000014
    vertex 34.13078102179036 -495.56706039859745 105.00000000000014
  endloop
endfacet
facet normal -7.977150275085927e-19 -1.2432547327792706e-17 0.9999999999999999
  outer loop
    vertex 32.288306971667126 -491.87175379805274 105.00000000000014
    vertex 34.13078102179036 -495.56706039859745 105.00000000000014
    vertex 32.50519832158643 -491.3481317595165 105.00000000000014
  endloop
endfacet
facet normal -7.977150275085927e-19 -1.2432547327792706e-17 0.9999999999999999
  outer loop
    vertex 32.50519832158643 -491.3481317595165 105.00000000000014
    vertex 34.13078102179036 -495.56706039859745 105.00000000000014
    vertex 32.579175921963355 -490.786216097204 105.00000000000014
  endloop
endfacet
facet normal -0.9878987208883284 -0.13005933396797198 0.08450258525638256
  outer loop
    vertex 32.50519832158657 -334.2243004348911 105.00000000000014
    vertex 32.40810052026548 -334.78621609720403 102.99999999999994
    vertex 32.57917592196322 -334.78621609720426 105.00000000000014
  endloop
endfacet
facet normal -0.9878987208883284 -0.13005933396797198 0.08450258525638256
  outer loop
    vertex 32.40810052026548 -334.78621609720403 102.99999999999994
    vertex 32.50519832158657 -334.2243004348911 105.00000000000014
    vertex 32.33995217284361 -334.26857800699895 102.99999999999994
  endloop
endfacet
facet normal -0.1300593339682139 0.9878987208882994 0.08450258525634712
  outer loop
    vertex 30.408100520265656 -336.95729149890184 105.00000000000014
    vertex 30.92573861047064 -336.71806774978194 102.99999999999994
    vertex 30.408100520265656 -336.7862160972038 102.99999999999994
  endloop
endfacet
facet normal -0.1300593339682139 0.9878987208882994 0.08450258525634712
  outer loop
    vertex 30.92573861047064 -336.71806774978194 102.99999999999994
    vertex 30.408100520265656 -336.95729149890184 105.00000000000014
    vertex 30.970016182578195 -336.8833138985249 105.00000000000014
  endloop
endfacet
facet normal 0.1300593339683134 -0.9878987208882871 0.08450258525633969
  outer loop
    vertex 30.408100520265357 -332.6151406955061 105.00000000000014
    vertex 29.890462430060648 -332.854364444626 102.99999999999994
    vertex 30.408100520265656 -332.78621609720415 102.99999999999994
  endloop
endfacet
facet normal 0.1300593339683134 -0.9878987208882871 0.08450258525633969
  outer loop
    vertex 29.890462430060648 -332.854364444626 102.99999999999994
    vertex 30.408100520265357 -332.6151406955061 105.00000000000014
    vertex 29.846184857952533 -332.689118295883 105.00000000000014
  endloop
endfacet
facet normal 0.9878987208882946 -0.13005933396831443 0.08450258525625023
  outer loop
    vertex 28.4762488676874 -334.26857800699895 102.99999999999994
    vertex 28.237025118567953 -334.78621609720403 105.00000000000014
    vertex 28.408100520265524 -334.78621609720403 102.99999999999994
  endloop
endfacet
facet normal 0.9878987208882946 -0.13005933396831443 0.08450258525625023
  outer loop
    vertex 28.237025118567953 -334.78621609720403 105.00000000000014
    vertex 28.4762488676874 -334.26857800699895 102.99999999999994
    vertex 28.31100271894488 -334.2243004348911 105.00000000000014
  endloop
endfacet
facet normal 0.6065840476599667 0.7905157216712815 0.08450258525621732
  outer loop
    vertex 28.87291838125787 -336.32139823621173 105.00000000000014
    vertex 29.408100520265585 -336.5182669047729 102.99999999999994
    vertex 28.993886957892382 -336.2004296595769 102.99999999999994
  endloop
endfacet
facet normal 0.6065840476599667 0.7905157216712815 0.08450258525621732
  outer loop
    vertex 29.408100520265585 -336.5182669047729 102.99999999999994
    vertex 28.87291838125787 -336.32139823621173 105.00000000000014
    vertex 29.322562819417147 -336.6664225486057 105.00000000000014
  endloop
endfacet
facet normal 0.38131467322843227 0.920575055639508 0.08450258525637287
  outer loop
    vertex 29.322562819417147 -336.6664225486057 105.00000000000014
    vertex 29.890462430060648 -336.71806774978194 102.99999999999994
    vertex 29.408100520265585 -336.5182669047729 102.99999999999994
  endloop
endfacet
facet normal 0.38131467322843227 0.920575055639508 0.08450258525637287
  outer loop
    vertex 29.890462430060648 -336.71806774978194 102.99999999999994
    vertex 29.322562819417147 -336.6664225486057 105.00000000000014
    vertex 29.84618485795237 -336.8833138985249 105.00000000000014
  endloop
endfacet
facet normal 0.7905157216713133 -0.6065840476599059 0.08450258525635433
  outer loop
    vertex 28.993886957892382 -333.3720025348311 102.99999999999994
    vertex 28.52789406886375 -333.7006783963553 105.00000000000014
    vertex 28.67604971269674 -333.7862160972039 102.99999999999994
  endloop
endfacet
facet normal 0.7905157216713133 -0.6065840476599059 0.08450258525635433
  outer loop
    vertex 28.52789406886375 -333.7006783963553 105.00000000000014
    vertex 28.993886957892382 -333.3720025348311 102.99999999999994
    vertex 28.872918381257705 -333.2510339581963 105.00000000000014
  endloop
endfacet
facet normal 0.1300593339681248 0.9878987208883093 0.08450258525637042
  outer loop
    vertex 29.84618485795237 -336.8833138985249 105.00000000000014
    vertex 30.408100520265656 -336.7862160972038 102.99999999999994
    vertex 29.890462430060648 -336.71806774978194 102.99999999999994
  endloop
endfacet
facet normal 0.1300593339681248 0.9878987208883093 0.08450258525637042
  outer loop
    vertex 30.408100520265656 -336.7862160972038 102.99999999999994
    vertex 29.84618485795237 -336.8833138985249 105.00000000000014
    vertex 30.408100520265656 -336.95729149890184 105.00000000000014
  endloop
endfacet
facet normal 0.9205750556394945 0.3813146732284869 0.08450258525627398
  outer loop
    vertex 28.67604971269674 -335.78621609720403 102.99999999999994
    vertex 28.311002718944717 -335.3481317595169 105.00000000000014
    vertex 28.527894068864047 -335.87175379805285 105.00000000000014
  endloop
endfacet
facet normal 0.9205750556394945 0.3813146732284869 0.08450258525627398
  outer loop
    vertex 28.311002718944717 -335.3481317595169 105.00000000000014
    vertex 28.67604971269674 -335.78621609720403 102.99999999999994
    vertex 28.4762488676874 -335.30385418740894 102.99999999999994
  endloop
endfacet
facet normal 0.9205750556396181 -0.38131467322817836 0.08450258525632061
  outer loop
    vertex 28.67604971269674 -333.7862160972039 102.99999999999994
    vertex 28.31100271894488 -334.2243004348911 105.00000000000014
    vertex 28.4762488676874 -334.26857800699895 102.99999999999994
  endloop
endfacet
facet normal 0.9205750556396181 -0.38131467322817836 0.08450258525632061
  outer loop
    vertex 28.31100271894488 -334.2243004348911 105.00000000000014
    vertex 28.67604971269674 -333.7862160972039 102.99999999999994
    vertex 28.52789406886375 -333.7006783963553 105.00000000000014
  endloop
endfacet
facet normal -0.7905157216713108 0.6065840476599147 0.08450258525631746
  outer loop
    vertex 32.288306971667396 -335.87175379805285 105.00000000000014
    vertex 31.82231408263862 -336.2004296595769 102.99999999999994
    vertex 31.94328265927358 -336.32139823621173 105.00000000000014
  endloop
endfacet
facet normal -0.7905157216713108 0.6065840476599147 0.08450258525631746
  outer loop
    vertex 31.82231408263862 -336.2004296595769 102.99999999999994
    vertex 32.288306971667396 -335.87175379805285 105.00000000000014
    vertex 32.140151327834566 -335.78621609720403 102.99999999999994
  endloop
endfacet
facet normal 0.9878987208883093 0.13005933396817906 0.08450258525628564
  outer loop
    vertex 28.4762488676874 -335.30385418740894 102.99999999999994
    vertex 28.237025118567953 -334.78621609720403 105.00000000000014
    vertex 28.311002718944717 -335.3481317595169 105.00000000000014
  endloop
endfacet
facet normal 0.9878987208883093 0.13005933396817906 0.08450258525628564
  outer loop
    vertex 28.237025118567953 -334.78621609720403 105.00000000000014
    vertex 28.4762488676874 -335.30385418740894 102.99999999999994
    vertex 28.408100520265524 -334.78621609720403 102.99999999999994
  endloop
endfacet
facet normal -0.7905157216709146 -0.6065840476604322 0.08450258525630949
  outer loop
    vertex 32.28830697166769 -333.7006783963553 105.00000000000014
    vertex 32.03867468400581 -333.65396916021547 102.99999999999994
    vertex 32.140151327834566 -333.7862160972039 102.99999999999994
  endloop
endfacet
facet normal -0.7905157216709146 -0.6065840476604322 0.08450258525630949
  outer loop
    vertex 32.03867468400581 -333.65396916021547 102.99999999999994
    vertex 32.28830697166769 -333.7006783963553 105.00000000000014
    vertex 31.943282659273308 -333.2510339581963 105.00000000000014
  endloop
endfacet
facet normal -0.7905157216709146 -0.6065840476604322 0.08450258525630949
  outer loop
    vertex 32.03867468400581 -333.65396916021547 102.99999999999994
    vertex 31.943282659273308 -333.2510339581963 105.00000000000014
    vertex 31.82231408263862 -333.3720025348311 102.99999999999994
  endloop
endfacet
facet normal -0.381314673228281 -0.9205750556395755 0.08450258525632057
  outer loop
    vertex 31.493638221114438 -332.90600964580227 105.00000000000014
    vertex 30.92573861047064 -332.854364444626 102.99999999999994
    vertex 31.408100520265428 -333.05416528963514 102.99999999999994
  endloop
endfacet
facet normal -0.381314673228281 -0.9205750556395755 0.08450258525632057
  outer loop
    vertex 30.92573861047064 -332.854364444626 102.99999999999994
    vertex 31.493638221114438 -332.90600964580227 105.00000000000014
    vertex 30.970016182578508 -332.689118295883 105.00000000000014
  endloop
endfacet
facet normal 0.6065840476598571 -0.7905157216713588 0.08450258525628251
  outer loop
    vertex 29.322562819416873 -332.90600964580227 105.00000000000014
    vertex 28.993886957892382 -333.3720025348311 102.99999999999994
    vertex 29.408100520265585 -333.05416528963514 102.99999999999994
  endloop
endfacet
facet normal 0.6065840476598571 -0.7905157216713588 0.08450258525628251
  outer loop
    vertex 28.993886957892382 -333.3720025348311 102.99999999999994
    vertex 29.322562819416873 -332.90600964580227 105.00000000000014
    vertex 28.872918381257705 -333.2510339581963 105.00000000000014
  endloop
endfacet
facet normal -6.058153216755899e-18 -1.3384318699932961e-17 -0.9999999999999999
  outer loop
    vertex 40.000000000005606 -488.15178654783716 5.000000000000181
    vertex 43.35144890420429 -493.5725361818859 5.000000000000181
    vertex 43.325893273921075 -493.7666504657128 5.000000000000181
  endloop
endfacet
facet normal -6.058153216755899e-18 -1.3384318699932961e-17 -0.9999999999999999
  outer loop
    vertex 43.35144890420429 -493.5725361818859 5.000000000000181
    vertex 40.000000000005606 -488.15178654783716 5.000000000000181
    vertex 43.42637422108286 -493.3916504657125 5.000000000000181
  endloop
endfacet
facet normal -6.058153216755899e-18 -1.3384318699932961e-17 -0.9999999999999999
  outer loop
    vertex 43.42637422108286 -493.3916504657125 5.000000000000181
    vertex 40.000000000005606 -488.15178654783716 5.000000000000181
    vertex 43.54556318803123 -493.2363203798231 5.000000000000181
  endloop
endfacet
facet normal -6.058153216755899e-18 -1.3384318699932961e-17 -0.9999999999999999
  outer loop
    vertex 43.54556318803123 -493.2363203798231 5.000000000000181
    vertex 40.000000000005606 -488.15178654783716 5.000000000000181
    vertex 48.15178654783707 -488.15178654783745 5.000000000000181
  endloop
endfacet
facet normal -6.058153216755899e-18 -1.3384318699932961e-17 -0.9999999999999999
  outer loop
    vertex 43.54556318803123 -493.2363203798231 5.000000000000181
    vertex 48.15178654783707 -488.15178654783745 5.000000000000181
    vertex 43.700893273921146 -493.1171314128747 5.000000000000181
  endloop
endfacet
facet normal -6.058153216755899e-18 -1.3384318699932961e-17 -0.9999999999999999
  outer loop
    vertex 43.700893273921146 -493.1171314128747 5.000000000000181
    vertex 48.15178654783707 -488.15178654783745 5.000000000000181
    vertex 43.88177899009411 -493.0422060959959 5.000000000000181
  endloop
endfacet
facet normal -6.058153216755899e-18 -1.3384318699932961e-17 -0.9999999999999999
  outer loop
    vertex 43.88177899009411 -493.0422060959959 5.000000000000181
    vertex 48.15178654783707 -488.15178654783745 5.000000000000181
    vertex 44.075893273921174 -493.0166504657121 5.000000000000181
  endloop
endfacet
facet normal -6.058153216755899e-18 -1.3384318699932961e-17 -0.9999999999999999
  outer loop
    vertex 44.075893273921174 -493.0166504657121 5.000000000000181
    vertex 48.15178654783707 -488.15178654783745 5.000000000000181
    vertex 44.27000755774812 -493.04220609599565 5.000000000000181
  endloop
endfacet
facet normal -6.058153216755899e-18 -1.3384318699932961e-17 -0.9999999999999999
  outer loop
    vertex 44.27000755774812 -493.04220609599565 5.000000000000181
    vertex 48.15178654783707 -488.15178654783745 5.000000000000181
    vertex 44.450893273921245 -493.1171314128739 5.000000000000181
  endloop
endfacet
facet normal -6.058153216755899e-18 -1.3384318699932961e-17 -0.9999999999999999
  outer loop
    vertex 44.450893273921245 -493.1171314128739 5.000000000000181
    vertex 48.15178654783707 -488.15178654783745 5.000000000000181
    vertex 44.60622335981103 -493.2363203798228 5.000000000000181
  endloop
endfacet
facet normal -6.058153216755899e-18 -1.3384318699932961e-17 -0.9999999999999999
  outer loop
    vertex 44.60622335981103 -493.2363203798228 5.000000000000181
    vertex 48.15178654783707 -488.15178654783745 5.000000000000181
    vertex 44.725412326759376 -493.3916504657125 5.000000000000181
  endloop
endfacet
facet normal -6.058153216755899e-18 -1.3384318699932961e-17 -0.9999999999999999
  outer loop
    vertex 44.725412326759376 -493.3916504657125 5.000000000000181
    vertex 48.15178654783707 -488.15178654783745 5.000000000000181
    vertex 44.80033764363782 -493.57253618188645 5.000000000000181
  endloop
endfacet
facet normal -6.058153216755899e-18 -1.3384318699932961e-17 -0.9999999999999999
  outer loop
    vertex 44.80033764363782 -493.57253618188645 5.000000000000181
    vertex 48.15178654783707 -488.15178654783745 5.000000000000181
    vertex 44.825893273921004 -493.7666504657128 5.000000000000181
  endloop
endfacet
facet normal -6.058153216755899e-18 -1.3384318699932961e-17 -0.9999999999999999
  outer loop
    vertex 0.048181751808286884 -368.0372930269099 5.000000000000181
    vertex 1.2561258699861348e-11 -456.0000000000054 5.000000000000181
    vertex 1.212811184814199e-11 -370.000000000006 5.000000000000181
  endloop
endfacet
facet normal -6.058153216755899e-18 -1.3384318699932961e-17 -0.9999999999999999
  outer loop
    vertex 1.2561258699861348e-11 -456.0000000000054 5.000000000000181
    vertex 0.048181751808286884 -368.0372930269099 5.000000000000181
    vertex 0.04818175181362903 -457.9627069731019 5.000000000000181
  endloop
endfacet
facet normal -6.058153216755899e-18 -1.3384318699932961e-17 -0.9999999999999999
  outer loop
    vertex 0.04818175181362903 -457.9627069731019 5.000000000000181
    vertex 0.048181751808286884 -368.0372930269099 5.000000000000181
    vertex 0.19261093312298375 -366.07931438682374 5.000000000000181
  endloop
endfacet
facet normal -6.058153216755899e-18 -1.3384318699932961e-17 -0.9999999999999999
  outer loop
    vertex 0.04818175181362903 -457.9627069731019 5.000000000000181
    vertex 0.19261093312298375 -366.07931438682374 5.000000000000181
    vertex 0.1926109331173528 -459.92068561318854 5.000000000000181
  endloop
endfacet
facet normal -6.058153216755899e-18 -1.3384318699932961e-17 -0.9999999999999999
  outer loop
    vertex 0.1926109331173528 -459.92068561318854 5.000000000000181
    vertex 0.19261093312298375 -366.07931438682374 5.000000000000181
    vertex 0.4329396014139047 -461.86921897822054 5.000000000000181
  endloop
endfacet
facet normal -6.058153216755899e-18 -1.3384318699932961e-17 -0.9999999999999999
  outer loop
    vertex 0.4329396014139047 -461.86921897822054 5.000000000000181
    vertex 0.19261093312298375 -366.07931438682374 5.000000000000181
    vertex 0.4329396014153485 -364.1307810217918 5.000000000000181
  endloop
endfacet
facet normal -6.058153216755899e-18 -1.3384318699932961e-17 -0.9999999999999999
  outer loop
    vertex 0.4329396014139047 -461.86921897822054 5.000000000000181
    vertex 0.4329396014153485 -364.1307810217918 5.000000000000181
    vertex 0.7685887838759186 -463.80361288065126 5.000000000000181
  endloop
endfacet
facet normal -6.058153216755899e-18 -1.3384318699932961e-17 -0.9999999999999999
  outer loop
    vertex 0.7685887838759186 -463.80361288065126 5.000000000000181
    vertex 0.4329396014153485 -364.1307810217918 5.000000000000181
    vertex 0.7685887838759186 -362.19638711936096 5.000000000000181
  endloop
endfacet
facet normal -6.058153216755899e-18 -1.3384318699932961e-17 -0.9999999999999999
  outer loop
    vertex 0.7685887838759186 -463.80361288065126 5.000000000000181
    vertex 0.7685887838759186 -362.19638711936096 5.000000000000181
    vertex 1.1987498722234635 -360.2807928038759 5.000000000000181
  endloop
endfacet
facet normal -6.058153216755899e-18 -1.3384318699932961e-17 -0.9999999999999999
  outer loop
    vertex 0.7685887838759186 -463.80361288065126 5.000000000000181
    vertex 1.1987498722234635 -360.2807928038759 5.000000000000181
    vertex 1.1987498722233192 -465.7192071961367 5.000000000000181
  endloop
endfacet
facet normal -6.058153216755899e-18 -1.3384318699932961e-17 -0.9999999999999999
  outer loop
    vertex 1.1987498722233192 -465.7192071961367 5.000000000000181
    vertex 1.1987498722234635 -360.2807928038759 5.000000000000181
    vertex 1.722386570716535 -467.6113870901843 5.000000000000181
  endloop
endfacet
facet normal -6.058153216755899e-18 -1.3384318699932961e-17 -0.9999999999999999
  outer loop
    vertex 1.722386570716535 -467.6113870901843 5.000000000000181
    vertex 1.1987498722234635 -360.2807928038759 5.000000000000181
    vertex 1.483349534308953 -413.0000000000057 5.000000000000181
  endloop
endfacet
facet normal -6.058153216755899e-18 -1.3384318699932961e-17 -0.9999999999999999
  outer loop
    vertex 1.722386570716535 -467.6113870901843 5.000000000000181
    vertex 1.483349534308953 -413.0000000000057 5.000000000000181
    vertex 1.5089051645920084 -413.1941142838326 5.000000000000181
  endloop
endfacet
facet normal -6.058153216755899e-18 -1.3384318699932961e-17 -0.9999999999999999
  outer loop
    vertex 1.722386570716535 -467.6113870901843 5.000000000000181
    vertex 1.5089051645920084 -413.1941142838326 5.000000000000181
    vertex 1.5838304814707258 -413.3750000000061 5.000000000000181
  endloop
endfacet
facet normal -6.058153216755899e-18 -1.3384318699932961e-17 -0.9999999999999999
  outer loop
    vertex 1.722386570716535 -467.6113870901843 5.000000000000181
    vertex 1.5838304814707258 -413.3750000000061 5.000000000000181
    vertex 1.7030194484190977 -413.53033008589597 5.000000000000181
  endloop
endfacet
facet normal -6.058153216755899e-18 -1.3384318699932961e-17 -0.9999999999999999
  outer loop
    vertex 1.722386570716535 -467.6113870901843 5.000000000000181
    vertex 1.7030194484190977 -413.53033008589597 5.000000000000181
    vertex 1.858349534308579 -413.64951905284374 5.000000000000181
  endloop
endfacet
facet normal -6.058153216755899e-18 -1.3384318699932961e-17 -0.9999999999999999
  outer loop
    vertex 1.722386570716535 -467.6113870901843 5.000000000000181
    vertex 1.858349534308579 -413.64951905284374 5.000000000000181
    vertex 2.338237392683995 -469.47559413569445 5.000000000000181
  endloop
endfacet
facet normal -6.058153216755899e-18 -1.3384318699932961e-17 -0.9999999999999999
  outer loop
    vertex 2.338237392683995 -469.47559413569445 5.000000000000181
    vertex 1.858349534308579 -413.64951905284374 5.000000000000181
    vertex 2.039235250481692 -413.7244443697226 5.000000000000181
  endloop
endfacet
facet normal -6.058153216755899e-18 -1.3384318699932961e-17 -0.9999999999999999
  outer loop
    vertex 2.338237392683995 -469.47559413569445 5.000000000000181
    vertex 2.039235250481692 -413.7244443697226 5.000000000000181
    vertex 2.2333495343087812 -413.7500000000055 5.000000000000181
  endloop
endfacet
facet normal -6.058153216755899e-18 -1.3384318699932961e-17 -0.9999999999999999
  outer loop
    vertex 2.338237392683995 -469.47559413569445 5.000000000000181
    vertex 2.2333495343087812 -413.7500000000055 5.000000000000181
    vertex 2.4274638181355823 -413.72444436972233 5.000000000000181
  endloop
endfacet
facet normal -6.058153216755899e-18 -1.3384318699932961e-17 -0.9999999999999999
  outer loop
    vertex 2.338237392683995 -469.47559413569445 5.000000000000181
    vertex 2.4274638181355823 -413.72444436972233 5.000000000000181
    vertex 3.0448186995536486 -471.3073372946101 5.000000000000181
  endloop
endfacet
facet normal -6.058153216755899e-18 -1.3384318699932961e-17 -0.9999999999999999
  outer loop
    vertex 3.0448186995536486 -471.3073372946101 5.000000000000181
    vertex 2.4274638181355823 -413.72444436972233 5.000000000000181
    vertex 2.6083495343088408 -413.64951905284437 5.000000000000181
  endloop
endfacet
facet normal -6.058153216755899e-18 -1.3384318699932961e-17 -0.9999999999999999
  outer loop
    vertex 3.0448186995536486 -471.3073372946101 5.000000000000181
    vertex 2.6083495343088408 -413.64951905284437 5.000000000000181
    vertex 2.7636796201987535 -413.53033008589597 5.000000000000181
  endloop
endfacet
facet normal -6.058153216755899e-18 -1.3384318699932961e-17 -0.9999999999999999
  outer loop
    vertex 3.0448186995536486 -471.3073372946101 5.000000000000181
    vertex 2.7636796201987535 -413.53033008589597 5.000000000000181
    vertex 2.882868587147127 -413.3750000000061 5.000000000000181
  endloop
endfacet
facet normal -6.058153216755899e-18 -1.3384318699932961e-17 -0.9999999999999999
  outer loop
    vertex 3.0448186995536486 -471.3073372946101 5.000000000000181
    vertex 2.882868587147127 -413.3750000000061 5.000000000000181
    vertex 2.9577939040256993 -413.1941142838326 5.000000000000181
  endloop
endfacet
facet normal -6.058153216755899e-18 -1.3384318699932961e-17 -0.9999999999999999
  outer loop
    vertex 3.0448186995536486 -471.3073372946101 5.000000000000181
    vertex 2.9577939040256993 -413.1941142838326 5.000000000000181
    vertex 2.9833495343089007 -413.0000000000057 5.000000000000181
  endloop
endfacet
facet normal -6.058153216755899e-18 -1.3384318699932961e-17 -0.9999999999999999
  outer loop
    vertex 3.0448186995536486 -471.3073372946101 5.000000000000181
    vertex 2.9833495343089007 -413.0000000000057 5.000000000000181
    vertex 3.0448186995536486 -354.69266270540226 5.000000000000181
  endloop
endfacet
facet normal -6.058153216755899e-18 -1.3384318699932961e-17 -0.9999999999999999
  outer loop
    vertex 3.0448186995536486 -471.3073372946101 5.000000000000181
    vertex 3.0448186995536486 -354.69266270540226 5.000000000000181
    vertex 3.8404282750674374 -352.8977962627945 5.000000000000181
  endloop
endfacet
facet normal -6.058153216755899e-18 -1.3384318699932961e-17 -0.9999999999999999
  outer loop
    vertex 3.0448186995536486 -471.3073372946101 5.000000000000181
    vertex 3.8404282750674374 -352.8977962627945 5.000000000000181
    vertex 3.8404282750671492 -473.1022037372175 5.000000000000181
  endloop
endfacet
facet normal -6.058153216755899e-18 -1.3384318699932961e-17 -0.9999999999999999
  outer loop
    vertex 3.8404282750671492 -473.1022037372175 5.000000000000181
    vertex 3.8404282750674374 -352.8977962627945 5.000000000000181
    vertex 4.723149426070238 -474.85586947304625 5.000000000000181
  endloop
endfacet
facet normal -6.058153216755899e-18 -1.3384318699932961e-17 -0.9999999999999999
  outer loop
    vertex 4.723149426070238 -474.85586947304625 5.000000000000181
    vertex 3.8404282750674374 -352.8977962627945 5.000000000000181
    vertex 4.72314942607096 -351.1441305269661 5.000000000000181
  endloop
endfacet
facet normal -6.058153216755899e-18 -1.3384318699932961e-17 -0.9999999999999999
  outer loop
    vertex 4.723149426070238 -474.85586947304625 5.000000000000181
    vertex 4.72314942607096 -351.1441305269661 5.000000000000181
    vertex 5.69085559999349 -476.56410976773526 5.000000000000181
  endloop
endfacet
facet normal -6.058153216755899e-18 -1.3384318699932961e-17 -0.9999999999999999
  outer loop
    vertex 5.69085559999349 -476.56410976773526 5.000000000000181
    vertex 4.72314942607096 -351.1441305269661 5.000000000000181
    vertex 5.6908555999942125 -349.43589023227673 5.000000000000181
  endloop
endfacet
facet normal -6.058153216755899e-18 -1.3384318699932961e-17 -0.9999999999999999
  outer loop
    vertex 5.69085559999349 -476.56410976773526 5.000000000000181
    vertex 5.6908555999942125 -349.43589023227673 5.000000000000181
    vertex 6.741215507903025 -478.2228093207902 5.000000000000181
  endloop
endfacet
facet normal -6.058153216755899e-18 -1.3384318699932961e-17 -0.9999999999999999
  outer loop
    vertex 6.741215507903025 -478.2228093207902 5.000000000000181
    vertex 5.6908555999942125 -349.43589023227673 5.000000000000181
    vertex 6.74121550790317 -347.7771906792216 5.000000000000181
  endloop
endfacet
facet normal -6.058153216755899e-18 -1.3384318699932961e-17 -0.9999999999999999
  outer loop
    vertex 6.741215507903025 -478.2228093207902 5.000000000000181
    vertex 6.74121550790317 -347.7771906792216 5.000000000000181
    vertex 7.871698740779056 -479.82797217970335 5.000000000000181
  endloop
endfacet
facet normal -6.058153216755899e-18 -1.3384318699932961e-17 -0.9999999999999999
  outer loop
    vertex 7.871698740779056 -479.82797217970335 5.000000000000181
    vertex 6.74121550790317 -347.7771906792216 5.000000000000181
    vertex 7.848213452174012 -456.000000000006 5.000000000000181
  endloop
endfacet
facet normal -6.058153216755899e-18 -1.3384318699932961e-17 -0.9999999999999999
  outer loop
    vertex 7.871698740779056 -479.82797217970335 5.000000000000181
    vertex 7.848213452174012 -456.000000000006 5.000000000000181
    vertex 8.943759012121424 -464.3214946926559 5.000000000000181
  endloop
endfacet
facet normal -6.058153216755899e-18 -1.3384318699932961e-17 -0.9999999999999999
  outer loop
    vertex 7.871698740779056 -479.82797217970335 5.000000000000181
    vertex 8.943759012121424 -464.3214946926559 5.000000000000181
    vertex 9.079581865495598 -481.3757313665522 5.000000000000181
  endloop
endfacet
facet normal -6.058153216755899e-18 -1.3384318699932961e-17 -0.9999999999999999
  outer loop
    vertex 9.079581865495598 -481.3757313665522 5.000000000000181
    vertex 8.943759012121424 -464.3214946926559 5.000000000000181
    vertex 12.155736072528198 -472.07589327392145 5.000000000000181
  endloop
endfacet
facet normal -6.058153216755899e-18 -1.3384318699932961e-17 -0.9999999999999999
  outer loop
    vertex 9.079581865495598 -481.3757313665522 5.000000000000181
    vertex 12.155736072528198 -472.07589327392145 5.000000000000181
    vertex 10.361954985806424 -482.8623581938866 5.000000000000181
  endloop
endfacet
facet normal -6.058153216755899e-18 -1.3384318699932961e-17 -0.9999999999999999
  outer loop
    vertex 10.361954985806424 -482.8623581938866 5.000000000000181
    vertex 12.155736072528198 -472.07589327392145 5.000000000000181
    vertex 11.715728752543152 -484.2842712474677 5.000000000000181
  endloop
endfacet
facet normal -6.058153216755899e-18 -1.3384318699932961e-17 -0.9999999999999999
  outer loop
    vertex 11.715728752543152 -484.2842712474677 5.000000000000181
    vertex 12.155736072528198 -472.07589327392145 5.000000000000181
    vertex 13.137641806124353 -485.63804501420424 5.000000000000181
  endloop
endfacet
facet normal -6.058153216755899e-18 -1.3384318699932961e-17 -0.9999999999999999
  outer loop
    vertex 13.137641806124353 -485.63804501420424 5.000000000000181
    vertex 12.155736072528198 -472.07589327392145 5.000000000000181
    vertex 17.265253704771634 -478.73474629523974 5.000000000000181
  endloop
endfacet
facet normal -6.058153216755899e-18 -1.3384318699932961e-17 -0.9999999999999999
  outer loop
    vertex 13.137641806124353 -485.63804501420424 5.000000000000181
    vertex 17.265253704771634 -478.73474629523974 5.000000000000181
    vertex 14.624268633459273 -486.920418134515 5.000000000000181
  endloop
endfacet
facet normal -6.058153216755899e-18 -1.3384318699932961e-17 -0.9999999999999999
  outer loop
    vertex 14.624268633459273 -486.920418134515 5.000000000000181
    vertex 17.265253704771634 -478.73474629523974 5.000000000000181
    vertex 16.172027820307726 -488.12830125923136 5.000000000000181
  endloop
endfacet
facet normal -6.058153216755899e-18 -1.3384318699932961e-17 -0.9999999999999999
  outer loop
    vertex 16.172027820307726 -488.12830125923136 5.000000000000181
    vertex 17.265253704771634 -478.73474629523974 5.000000000000181
    vertex 17.777190679221157 -489.2587844921074 5.000000000000181
  endloop
endfacet
facet normal -6.058153216755899e-18 -1.3384318699932961e-17 -0.9999999999999999
  outer loop
    vertex 17.777190679221157 -489.2587844921074 5.000000000000181
    vertex 17.265253704771634 -478.73474629523974 5.000000000000181
    vertex 23.92410672608946 -483.84426392748185 5.000000000000181
  endloop
endfacet
facet normal -6.058153216755899e-18 -1.3384318699932961e-17 -0.9999999999999999
  outer loop
    vertex 17.777190679221157 -489.2587844921074 5.000000000000181
    vertex 23.92410672608946 -483.84426392748185 5.000000000000181
    vertex 19.435890232277792 -490.30914440001425 5.000000000000181
  endloop
endfacet
facet normal -6.058153216755899e-18 -1.3384318699932961e-17 -0.9999999999999999
  outer loop
    vertex 19.435890232277792 -490.30914440001425 5.000000000000181
    vertex 23.92410672608946 -483.84426392748185 5.000000000000181
    vertex 21.144130526967437 -491.27685057393575 5.000000000000181
  endloop
endfacet
facet normal -6.058153216755899e-18 -1.3384318699932961e-17 -0.9999999999999999
  outer loop
    vertex 21.144130526967437 -491.27685057393575 5.000000000000181
    vertex 23.92410672608946 -483.84426392748185 5.000000000000181
    vertex 22.897796262794248 -492.1595717249418 5.000000000000181
  endloop
endfacet
facet normal -6.058153216755899e-18 -1.3384318699932961e-17 -0.9999999999999999
  outer loop
    vertex 22.897796262794248 -492.1595717249418 5.000000000000181
    vertex 23.92410672608946 -483.84426392748185 5.000000000000181
    vertex 24.692662705401442 -492.95518130045707 5.000000000000181
  endloop
endfacet
facet normal -6.058153216755899e-18 -1.3384318699932961e-17 -0.9999999999999999
  outer loop
    vertex 24.692662705401442 -492.95518130045707 5.000000000000181
    vertex 23.92410672608946 -483.84426392748185 5.000000000000181
    vertex 28.87291838125756 -489.2510339581965 5.000000000000181
  endloop
endfacet
facet normal -6.058153216755899e-18 -1.3384318699932961e-17 -0.9999999999999999
  outer loop
    vertex 28.87291838125756 -489.2510339581965 5.000000000000181
    vertex 23.92410672608946 -483.84426392748185 5.000000000000181
    vertex 31.678505307354964 -487.0562409878888 5.000000000000181
  endloop
endfacet
facet normal -6.058153216755899e-18 -1.3384318699932961e-17 -0.9999999999999999
  outer loop
    vertex 24.692662705401442 -492.95518130045707 5.000000000000181
    vertex 28.87291838125756 -489.2510339581965 5.000000000000181
    vertex 28.52789406886375 -489.70067839635493 5.000000000000181
  endloop
endfacet
facet normal -6.058153216755899e-18 -1.3384318699932961e-17 -0.9999999999999999
  outer loop
    vertex 24.692662705401442 -492.95518130045707 5.000000000000181
    vertex 28.52789406886375 -489.70067839635493 5.000000000000181
    vertex 26.524405864315845 -493.661762607327 5.000000000000181
  endloop
endfacet
facet normal -6.058153216755899e-18 -1.3384318699932961e-17 -0.9999999999999999
  outer loop
    vertex 26.524405864315845 -493.661762607327 5.000000000000181
    vertex 28.52789406886375 -489.70067839635493 5.000000000000181
    vertex 28.31100271894488 -490.2243004348912 5.000000000000181
  endloop
endfacet
facet normal -6.058153216755899e-18 -1.3384318699932961e-17 -0.9999999999999999
  outer loop
    vertex 26.524405864315845 -493.661762607327 5.000000000000181
    vertex 28.31100271894488 -490.2243004348912 5.000000000000181
    vertex 28.23702511856779 -490.78621609720426 5.000000000000181
  endloop
endfacet
facet normal -6.058153216755899e-18 -1.3384318699932961e-17 -0.9999999999999999
  outer loop
    vertex 28.87291838125756 -489.2510339581965 5.000000000000181
    vertex 31.678505307354964 -487.0562409878888 5.000000000000181
    vertex 29.322562819416426 -488.90600964580256 5.000000000000181
  endloop
endfacet
facet normal -6.058153216755899e-18 -1.3384318699932961e-17 -0.9999999999999999
  outer loop
    vertex 29.322562819416426 -488.90600964580256 5.000000000000181
    vertex 31.678505307354964 -487.0562409878888 5.000000000000181
    vertex 29.846184857951947 -488.6891182958836 5.000000000000181
  endloop
endfacet
facet normal -6.058153216755899e-18 -1.3384318699932961e-17 -0.9999999999999999
  outer loop
    vertex 29.846184857951947 -488.6891182958836 5.000000000000181
    vertex 31.678505307354964 -487.0562409878888 5.000000000000181
    vertex 30.408100520265357 -488.6151406955061 5.000000000000181
  endloop
endfacet
facet normal -6.058153216755899e-18 -1.3384318699932961e-17 -0.9999999999999999
  outer loop
    vertex 30.408100520265357 -488.6151406955061 5.000000000000181
    vertex 31.678505307354964 -487.0562409878888 5.000000000000181
    vertex 30.970016182578195 -488.6891182958831 5.000000000000181
  endloop
endfacet
facet normal -6.058153216755899e-18 -1.3384318699932961e-17 -0.9999999999999999
  outer loop
    vertex 30.970016182578195 -488.6891182958831 5.000000000000181
    vertex 31.678505307354964 -487.0562409878888 5.000000000000181
    vertex 31.493638221114303 -488.90600964580227 5.000000000000181
  endloop
endfacet
facet normal -6.058153216755899e-18 -1.3384318699932961e-17 -0.9999999999999999
  outer loop
    vertex 31.493638221114303 -488.90600964580227 5.000000000000181
    vertex 31.678505307354964 -487.0562409878888 5.000000000000181
    vertex 31.94328265927403 -489.2510339581965 5.000000000000181
  endloop
endfacet
facet normal -6.058153216755899e-18 -1.3384318699932961e-17 -0.9999999999999999
  outer loop
    vertex 31.94328265927403 -489.2510339581965 5.000000000000181
    vertex 31.678505307354964 -487.0562409878888 5.000000000000181
    vertex 40.000000000005606 -488.15178654783716 5.000000000000181
  endloop
endfacet
facet normal -6.058153216755899e-18 -1.3384318699932961e-17 -0.9999999999999999
  outer loop
    vertex 31.94328265927403 -489.2510339581965 5.000000000000181
    vertex 40.000000000005606 -488.15178654783716 5.000000000000181
    vertex 32.288306971667986 -489.7006783963552 5.000000000000181
  endloop
endfacet
facet normal -6.058153216755899e-18 -1.3384318699932961e-17 -0.9999999999999999
  outer loop
    vertex 32.288306971667986 -489.7006783963552 5.000000000000181
    vertex 40.000000000005606 -488.15178654783716 5.000000000000181
    vertex 32.50519832158629 -490.2243004348909 5.000000000000181
  endloop
endfacet
facet normal -6.058153216755899e-18 -1.3384318699932961e-17 -0.9999999999999999
  outer loop
    vertex 32.50519832158629 -490.2243004348909 5.000000000000181
    vertex 40.000000000005606 -488.15178654783716 5.000000000000181
    vertex 32.579175921963355 -490.786216097204 5.000000000000181
  endloop
endfacet
facet normal -6.058153216755899e-18 -1.3384318699932961e-17 -0.9999999999999999
  outer loop
    vertex 32.579175921963355 -490.786216097204 5.000000000000181
    vertex 40.000000000005606 -488.15178654783716 5.000000000000181
    vertex 34.13078102179036 -495.56706039859745 5.000000000000181
  endloop
endfacet
facet normal -6.058153216755899e-18 -1.3384318699932961e-17 -0.9999999999999999
  outer loop
    vertex 34.13078102179036 -495.56706039859745 5.000000000000181
    vertex 40.000000000005606 -488.15178654783716 5.000000000000181
    vertex 36.079314386822446 -495.80738906689396 5.000000000000181
  endloop
endfacet
facet normal -6.058153216755899e-18 -1.3384318699932961e-17 -0.9999999999999999
  outer loop
    vertex 36.079314386822446 -495.80738906689396 5.000000000000181
    vertex 40.000000000005606 -488.15178654783716 5.000000000000181
    vertex 38.03729302690802 -495.95181824821304 5.000000000000181
  endloop
endfacet
facet normal -6.058153216755899e-18 -1.3384318699932961e-17 -0.9999999999999999
  outer loop
    vertex 38.03729302690802 -495.95181824821304 5.000000000000181
    vertex 40.000000000005606 -488.15178654783716 5.000000000000181
    vertex 40.0000000000046 -496.00000000000585 5.000000000000181
  endloop
endfacet
facet normal -6.058153216755899e-18 -1.3384318699932961e-17 -0.9999999999999999
  outer loop
    vertex 40.0000000000046 -496.00000000000585 5.000000000000181
    vertex 40.000000000005606 -488.15178654783716 5.000000000000181
    vertex 43.4263742210827 -494.1416504657135 5.000000000000181
  endloop
endfacet
facet normal -6.058153216755899e-18 -1.3384318699932961e-17 -0.9999999999999999
  outer loop
    vertex 40.0000000000046 -496.00000000000585 5.000000000000181
    vertex 43.4263742210827 -494.1416504657135 5.000000000000181
    vertex 43.545563188031366 -494.2969805516028 5.000000000000181
  endloop
endfacet
facet normal -6.058153216755899e-18 -1.3384318699932961e-17 -0.9999999999999999
  outer loop
    vertex 40.0000000000046 -496.00000000000585 5.000000000000181
    vertex 43.545563188031366 -494.2969805516028 5.000000000000181
    vertex 43.70089327392099 -494.4161695185506 5.000000000000181
  endloop
endfacet
facet normal -6.058153216755899e-18 -1.3384318699932961e-17 -0.9999999999999999
  outer loop
    vertex 40.0000000000046 -496.00000000000585 5.000000000000181
    vertex 43.70089327392099 -494.4161695185506 5.000000000000181
    vertex 43.88177899009396 -494.4910948354294 5.000000000000181
  endloop
endfacet
facet normal -6.058153216755899e-18 -1.3384318699932961e-17 -0.9999999999999999
  outer loop
    vertex 40.0000000000046 -496.00000000000585 5.000000000000181
    vertex 43.88177899009396 -494.4910948354294 5.000000000000181
    vertex 48.15178654783707 -496.00000000000585 5.000000000000181
  endloop
endfacet
facet normal -6.058153216755899e-18 -1.3384318699932961e-17 -0.9999999999999999
  outer loop
    vertex 43.4263742210827 -494.1416504657135 5.000000000000181
    vertex 40.000000000005606 -488.15178654783716 5.000000000000181
    vertex 43.35144890420412 -493.96076474954003 5.000000000000181
  endloop
endfacet
facet normal -6.058153216755899e-18 -1.3384318699932961e-17 -0.9999999999999999
  outer loop
    vertex 43.35144890420412 -493.96076474954003 5.000000000000181
    vertex 40.000000000005606 -488.15178654783716 5.000000000000181
    vertex 43.325893273921075 -493.7666504657128 5.000000000000181
  endloop
endfacet
facet normal -6.058153216755899e-18 -1.3384318699932961e-17 -0.9999999999999999
  outer loop
    vertex 48.15178654783707 -496.00000000000585 5.000000000000181
    vertex 43.88177899009396 -494.4910948354294 5.000000000000181
    vertex 44.07589327392133 -494.516650465712 5.000000000000181
  endloop
endfacet
facet normal -6.058153216755899e-18 -1.3384318699932961e-17 -0.9999999999999999
  outer loop
    vertex 48.15178654783707 -496.00000000000585 5.000000000000181
    vertex 44.07589327392133 -494.516650465712 5.000000000000181
    vertex 44.27000755774785 -494.4910948354291 5.000000000000181
  endloop
endfacet
facet normal -6.058153216755899e-18 -1.3384318699932961e-17 -0.9999999999999999
  outer loop
    vertex 48.15178654783707 -496.00000000000585 5.000000000000181
    vertex 44.27000755774785 -494.4910948354291 5.000000000000181
    vertex 44.45089327392109 -494.4161695185511 5.000000000000181
  endloop
endfacet
facet normal -6.058153216755899e-18 -1.3384318699932961e-17 -0.9999999999999999
  outer loop
    vertex 48.15178654783707 -496.00000000000585 5.000000000000181
    vertex 44.45089327392109 -494.4161695185511 5.000000000000181
    vertex 44.60622335981087 -494.2969805516028 5.000000000000181
  endloop
endfacet
facet normal -6.058153216755899e-18 -1.3384318699932961e-17 -0.9999999999999999
  outer loop
    vertex 48.15178654783707 -496.00000000000585 5.000000000000181
    vertex 44.60622335981087 -494.2969805516028 5.000000000000181
    vertex 44.72541232675953 -494.1416504657126 5.000000000000181
  endloop
endfacet
facet normal -6.058153216755899e-18 -1.3384318699932961e-17 -0.9999999999999999
  outer loop
    vertex 48.15178654783707 -496.00000000000585 5.000000000000181
    vertex 44.72541232675953 -494.1416504657126 5.000000000000181
    vertex 44.80033764363782 -493.9607647495398 5.000000000000181
  endloop
endfacet
facet normal -6.058153216755899e-18 -1.3384318699932961e-17 -0.9999999999999999
  outer loop
    vertex 48.15178654783707 -496.00000000000585 5.000000000000181
    vertex 44.80033764363782 -493.9607647495398 5.000000000000181
    vertex 44.825893273921004 -493.7666504657128 5.000000000000181
  endloop
endfacet
facet normal -6.058153216755899e-18 -1.3384318699932961e-17 -0.9999999999999999
  outer loop
    vertex 48.15178654783707 -496.00000000000585 5.000000000000181
    vertex 44.825893273921004 -493.7666504657128 5.000000000000181
    vertex 48.15178654783707 -488.15178654783745 5.000000000000181
  endloop
endfacet
facet normal -6.058153216755899e-18 -1.3384318699932961e-17 -0.9999999999999999
  outer loop
    vertex 28.23702511856779 -490.78621609720426 5.000000000000181
    vertex 28.388612909826563 -494.27761342929335 5.000000000000181
    vertex 26.524405864315845 -493.661762607327 5.000000000000181
  endloop
endfacet
facet normal -6.058153216755899e-18 -1.3384318699932961e-17 -0.9999999999999999
  outer loop
    vertex 28.388612909826563 -494.27761342929335 5.000000000000181
    vertex 28.23702511856779 -490.78621609720426 5.000000000000181
    vertex 28.311002718944717 -491.3481317595169 5.000000000000181
  endloop
endfacet
facet normal -6.058153216755899e-18 -1.3384318699932961e-17 -0.9999999999999999
  outer loop
    vertex 28.388612909826563 -494.27761342929335 5.000000000000181
    vertex 28.311002718944717 -491.3481317595169 5.000000000000181
    vertex 28.527894068864324 -491.8717537980534 5.000000000000181
  endloop
endfacet
facet normal -6.058153216755899e-18 -1.3384318699932961e-17 -0.9999999999999999
  outer loop
    vertex 28.388612909826563 -494.27761342929335 5.000000000000181
    vertex 28.527894068864324 -491.8717537980534 5.000000000000181
    vertex 30.28079280387435 -494.8012501277873 5.000000000000181
  endloop
endfacet
facet normal -6.058153216755899e-18 -1.3384318699932961e-17 -0.9999999999999999
  outer loop
    vertex 30.28079280387435 -494.8012501277873 5.000000000000181
    vertex 28.527894068864324 -491.8717537980534 5.000000000000181
    vertex 28.87291838125756 -492.3213982362109 5.000000000000181
  endloop
endfacet
facet normal -6.058153216755899e-18 -1.3384318699932961e-17 -0.9999999999999999
  outer loop
    vertex 30.28079280387435 -494.8012501277873 5.000000000000181
    vertex 28.87291838125756 -492.3213982362109 5.000000000000181
    vertex 29.322562819416735 -492.6664225486051 5.000000000000181
  endloop
endfacet
facet normal -6.058153216755899e-18 -1.3384318699932961e-17 -0.9999999999999999
  outer loop
    vertex 30.28079280387435 -494.8012501277873 5.000000000000181
    vertex 29.322562819416735 -492.6664225486051 5.000000000000181
    vertex 29.84618485795237 -492.8833138985246 5.000000000000181
  endloop
endfacet
facet normal -6.058153216755899e-18 -1.3384318699932961e-17 -0.9999999999999999
  outer loop
    vertex 30.28079280387435 -494.8012501277873 5.000000000000181
    vertex 29.84618485795237 -492.8833138985246 5.000000000000181
    vertex 30.408100520265656 -492.95729149890155 5.000000000000181
  endloop
endfacet
facet normal -6.058153216755899e-18 -1.3384318699932961e-17 -0.9999999999999999
  outer loop
    vertex 30.28079280387435 -494.8012501277873 5.000000000000181
    vertex 30.408100520265656 -492.95729149890155 5.000000000000181
    vertex 32.1963871193598 -495.2314112161348 5.000000000000181
  endloop
endfacet
facet normal -6.058153216755899e-18 -1.3384318699932961e-17 -0.9999999999999999
  outer loop
    vertex 32.1963871193598 -495.2314112161348 5.000000000000181
    vertex 30.408100520265656 -492.95729149890155 5.000000000000181
    vertex 30.970016182578508 -492.8833138985246 5.000000000000181
  endloop
endfacet
facet normal -6.058153216755899e-18 -1.3384318699932961e-17 -0.9999999999999999
  outer loop
    vertex 32.1963871193598 -495.2314112161348 5.000000000000181
    vertex 30.970016182578508 -492.8833138985246 5.000000000000181
    vertex 31.49363822111414 -492.666422548606 5.000000000000181
  endloop
endfacet
facet normal -6.058153216755899e-18 -1.3384318699932961e-17 -0.9999999999999999
  outer loop
    vertex 32.1963871193598 -495.2314112161348 5.000000000000181
    vertex 31.49363822111414 -492.666422548606 5.000000000000181
    vertex 31.94328265927373 -492.3213982362118 5.000000000000181
  endloop
endfacet
facet normal -6.058153216755899e-18 -1.3384318699932961e-17 -0.9999999999999999
  outer loop
    vertex 32.1963871193598 -495.2314112161348 5.000000000000181
    vertex 31.94328265927373 -492.3213982362118 5.000000000000181
    vertex 32.288306971667126 -491.87175379805274 5.000000000000181
  endloop
endfacet
facet normal -6.058153216755899e-18 -1.3384318699932961e-17 -0.9999999999999999
  outer loop
    vertex 32.1963871193598 -495.2314112161348 5.000000000000181
    vertex 32.288306971667126 -491.87175379805274 5.000000000000181
    vertex 34.13078102179036 -495.56706039859745 5.000000000000181
  endloop
endfacet
facet normal -6.058153216755899e-18 -1.3384318699932961e-17 -0.9999999999999999
  outer loop
    vertex 34.13078102179036 -495.56706039859745 5.000000000000181
    vertex 32.288306971667126 -491.87175379805274 5.000000000000181
    vertex 32.50519832158643 -491.3481317595165 5.000000000000181
  endloop
endfacet
facet normal -6.058153216755899e-18 -1.3384318699932961e-17 -0.9999999999999999
  outer loop
    vertex 34.13078102179036 -495.56706039859745 5.000000000000181
    vertex 32.50519832158643 -491.3481317595165 5.000000000000181
    vertex 32.579175921963355 -490.786216097204 5.000000000000181
  endloop
endfacet
facet normal -6.058153216755899e-18 -1.3384318699932961e-17 -0.9999999999999999
  outer loop
    vertex 1.7223865707166786 -358.388612909828 5.000000000000181
    vertex 1.483349534308953 -413.0000000000057 5.000000000000181
    vertex 1.1987498722234635 -360.2807928038759 5.000000000000181
  endloop
endfacet
facet normal -6.058153216755899e-18 -1.3384318699932961e-17 -0.9999999999999999
  outer loop
    vertex 1.483349534308953 -413.0000000000057 5.000000000000181
    vertex 1.7223865707166786 -358.388612909828 5.000000000000181
    vertex 1.5089051645921525 -412.80588571617903 5.000000000000181
  endloop
endfacet
facet normal -6.058153216755899e-18 -1.3384318699932961e-17 -0.9999999999999999
  outer loop
    vertex 1.5089051645921525 -412.80588571617903 5.000000000000181
    vertex 1.7223865707166786 -358.388612909828 5.000000000000181
    vertex 1.5838304814705815 -412.62500000000597 5.000000000000181
  endloop
endfacet
facet normal -6.058153216755899e-18 -1.3384318699932961e-17 -0.9999999999999999
  outer loop
    vertex 1.5838304814705815 -412.62500000000597 5.000000000000181
    vertex 1.7223865707166786 -358.388612909828 5.000000000000181
    vertex 1.703019448418954 -412.46966991411597 5.000000000000181
  endloop
endfacet
facet normal -6.058153216755899e-18 -1.3384318699932961e-17 -0.9999999999999999
  outer loop
    vertex 1.703019448418954 -412.46966991411597 5.000000000000181
    vertex 1.7223865707166786 -358.388612909828 5.000000000000181
    vertex 1.8583495343088665 -412.3504809471677 5.000000000000181
  endloop
endfacet
facet normal -6.058153216755899e-18 -1.3384318699932961e-17 -0.9999999999999999
  outer loop
    vertex 1.8583495343088665 -412.3504809471677 5.000000000000181
    vertex 1.7223865707166786 -358.388612909828 5.000000000000181
    vertex 2.338237392683995 -356.524405864317 5.000000000000181
  endloop
endfacet
facet normal -6.058153216755899e-18 -1.3384318699932961e-17 -0.9999999999999999
  outer loop
    vertex 1.8583495343088665 -412.3504809471677 5.000000000000181
    vertex 2.338237392683995 -356.524405864317 5.000000000000181
    vertex 2.039235250481692 -412.27555563028875 5.000000000000181
  endloop
endfacet
facet normal -6.058153216755899e-18 -1.3384318699932961e-17 -0.9999999999999999
  outer loop
    vertex 2.039235250481692 -412.27555563028875 5.000000000000181
    vertex 2.338237392683995 -356.524405864317 5.000000000000181
    vertex 2.2333495343087812 -412.25000000000557 5.000000000000181
  endloop
endfacet
facet normal -6.058153216755899e-18 -1.3384318699932961e-17 -0.9999999999999999
  outer loop
    vertex 2.2333495343087812 -412.25000000000557 5.000000000000181
    vertex 2.338237392683995 -356.524405864317 5.000000000000181
    vertex 2.427463818135438 -412.27555563028875 5.000000000000181
  endloop
endfacet
facet normal -6.058153216755899e-18 -1.3384318699932961e-17 -0.9999999999999999
  outer loop
    vertex 2.427463818135438 -412.27555563028875 5.000000000000181
    vertex 2.338237392683995 -356.524405864317 5.000000000000181
    vertex 3.0448186995536486 -354.69266270540226 5.000000000000181
  endloop
endfacet
facet normal -6.058153216755899e-18 -1.3384318699932961e-17 -0.9999999999999999
  outer loop
    vertex 2.427463818135438 -412.27555563028875 5.000000000000181
    vertex 3.0448186995536486 -354.69266270540226 5.000000000000181
    vertex 2.6083495343085517 -412.35048094716734 5.000000000000181
  endloop
endfacet
facet normal -6.058153216755899e-18 -1.3384318699932961e-17 -0.9999999999999999
  outer loop
    vertex 2.6083495343085517 -412.35048094716734 5.000000000000181
    vertex 3.0448186995536486 -354.69266270540226 5.000000000000181
    vertex 2.763679620199044 -412.46966991411597 5.000000000000181
  endloop
endfacet
facet normal -6.058153216755899e-18 -1.3384318699932961e-17 -0.9999999999999999
  outer loop
    vertex 2.763679620199044 -412.46966991411597 5.000000000000181
    vertex 3.0448186995536486 -354.69266270540226 5.000000000000181
    vertex 2.8828685871472723 -412.6250000000056 5.000000000000181
  endloop
endfacet
facet normal -6.058153216755899e-18 -1.3384318699932961e-17 -0.9999999999999999
  outer loop
    vertex 2.8828685871472723 -412.6250000000056 5.000000000000181
    vertex 3.0448186995536486 -354.69266270540226 5.000000000000181
    vertex 2.9577939040256993 -412.80588571617903 5.000000000000181
  endloop
endfacet
facet normal -6.058153216755899e-18 -1.3384318699932961e-17 -0.9999999999999999
  outer loop
    vertex 2.9577939040256993 -412.80588571617903 5.000000000000181
    vertex 3.0448186995536486 -354.69266270540226 5.000000000000181
    vertex 2.9833495343089007 -413.0000000000057 5.000000000000181
  endloop
endfacet
facet normal -6.058153216755899e-18 -1.3384318699932961e-17 -0.9999999999999999
  outer loop
    vertex 28.38861290982613 -331.7223865707178 5.000000000000181
    vertex 28.237025118567953 -334.78621609720403 5.000000000000181
    vertex 26.52440586431599 -332.3382373926854 5.000000000000181
  endloop
endfacet
facet normal -6.058153216755899e-18 -1.3384318699932961e-17 -0.9999999999999999
  outer loop
    vertex 28.237025118567953 -334.78621609720403 5.000000000000181
    vertex 28.38861290982613 -331.7223865707178 5.000000000000181
    vertex 28.31100271894488 -334.2243004348911 5.000000000000181
  endloop
endfacet
facet normal -6.058153216755899e-18 -1.3384318699932961e-17 -0.9999999999999999
  outer loop
    vertex 28.31100271894488 -334.2243004348911 5.000000000000181
    vertex 28.38861290982613 -331.7223865707178 5.000000000000181
    vertex 28.52789406886375 -333.7006783963553 5.000000000000181
  endloop
endfacet
facet normal -6.058153216755899e-18 -1.3384318699932961e-17 -0.9999999999999999
  outer loop
    vertex 28.52789406886375 -333.7006783963553 5.000000000000181
    vertex 28.38861290982613 -331.7223865707178 5.000000000000181
    vertex 30.28079280387405 -331.1987498722244 5.000000000000181
  endloop
endfacet
facet normal -6.058153216755899e-18 -1.3384318699932961e-17 -0.9999999999999999
  outer loop
    vertex 28.52789406886375 -333.7006783963553 5.000000000000181
    vertex 30.28079280387405 -331.1987498722244 5.000000000000181
    vertex 28.872918381257705 -333.2510339581963 5.000000000000181
  endloop
endfacet
facet normal -6.058153216755899e-18 -1.3384318699932961e-17 -0.9999999999999999
  outer loop
    vertex 28.872918381257705 -333.2510339581963 5.000000000000181
    vertex 30.28079280387405 -331.1987498722244 5.000000000000181
    vertex 29.322562819416873 -332.90600964580227 5.000000000000181
  endloop
endfacet
facet normal -6.058153216755899e-18 -1.3384318699932961e-17 -0.9999999999999999
  outer loop
    vertex 29.322562819416873 -332.90600964580227 5.000000000000181
    vertex 30.28079280387405 -331.1987498722244 5.000000000000181
    vertex 29.846184857952533 -332.689118295883 5.000000000000181
  endloop
endfacet
facet normal -6.058153216755899e-18 -1.3384318699932961e-17 -0.9999999999999999
  outer loop
    vertex 29.846184857952533 -332.689118295883 5.000000000000181
    vertex 30.28079280387405 -331.1987498722244 5.000000000000181
    vertex 30.408100520265357 -332.6151406955061 5.000000000000181
  endloop
endfacet
facet normal -6.058153216755899e-18 -1.3384318699932961e-17 -0.9999999999999999
  outer loop
    vertex 30.408100520265357 -332.6151406955061 5.000000000000181
    vertex 30.28079280387405 -331.1987498722244 5.000000000000181
    vertex 32.1963871193598 -330.7685887838765 5.000000000000181
  endloop
endfacet
facet normal -6.058153216755899e-18 -1.3384318699932961e-17 -0.9999999999999999
  outer loop
    vertex 30.408100520265357 -332.6151406955061 5.000000000000181
    vertex 32.1963871193598 -330.7685887838765 5.000000000000181
    vertex 30.970016182578508 -332.689118295883 5.000000000000181
  endloop
endfacet
facet normal -6.058153216755899e-18 -1.3384318699932961e-17 -0.9999999999999999
  outer loop
    vertex 30.970016182578508 -332.689118295883 5.000000000000181
    vertex 32.1963871193598 -330.7685887838765 5.000000000000181
    vertex 31.493638221114438 -332.90600964580227 5.000000000000181
  endloop
endfacet
facet normal -6.058153216755899e-18 -1.3384318699932961e-17 -0.9999999999999999
  outer loop
    vertex 31.493638221114438 -332.90600964580227 5.000000000000181
    vertex 32.1963871193598 -330.7685887838765 5.000000000000181
    vertex 31.943282659273308 -333.2510339581963 5.000000000000181
  endloop
endfacet
facet normal -6.058153216755899e-18 -1.3384318699932961e-17 -0.9999999999999999
  outer loop
    vertex 31.943282659273308 -333.2510339581963 5.000000000000181
    vertex 32.1963871193598 -330.7685887838765 5.000000000000181
    vertex 32.28830697166769 -333.7006783963553 5.000000000000181
  endloop
endfacet
facet normal -6.058153216755899e-18 -1.3384318699932961e-17 -0.9999999999999999
  outer loop
    vertex 32.28830697166769 -333.7006783963553 5.000000000000181
    vertex 32.1963871193598 -330.7685887838765 5.000000000000181
    vertex 34.130781021790646 -330.4329396014148 5.000000000000181
  endloop
endfacet
facet normal -6.058153216755899e-18 -1.3384318699932961e-17 -0.9999999999999999
  outer loop
    vertex 32.28830697166769 -333.7006783963553 5.000000000000181
    vertex 34.130781021790646 -330.4329396014148 5.000000000000181
    vertex 32.50519832158657 -334.2243004348911 5.000000000000181
  endloop
endfacet
facet normal -6.058153216755899e-18 -1.3384318699932961e-17 -0.9999999999999999
  outer loop
    vertex 32.50519832158657 -334.2243004348911 5.000000000000181
    vertex 34.130781021790646 -330.4329396014148 5.000000000000181
    vertex 32.57917592196322 -334.78621609720426 5.000000000000181
  endloop
endfacet
facet normal -6.058153216755899e-18 -1.3384318699932961e-17 -0.9999999999999999
  outer loop
    vertex 40.00000000000503 -330.0000000000058 5.000000000000181
    vertex 43.35144890420429 -332.03923525047196 5.000000000000181
    vertex 43.325893273921075 -332.2333495342991 5.000000000000181
  endloop
endfacet
facet normal -6.058153216755899e-18 -1.3384318699932961e-17 -0.9999999999999999
  outer loop
    vertex 43.35144890420429 -332.03923525047196 5.000000000000181
    vertex 40.00000000000503 -330.0000000000058 5.000000000000181
    vertex 43.42637422108286 -331.85834953429844 5.000000000000181
  endloop
endfacet
facet normal -6.058153216755899e-18 -1.3384318699932961e-17 -0.9999999999999999
  outer loop
    vertex 43.42637422108286 -331.85834953429844 5.000000000000181
    vertex 40.00000000000503 -330.0000000000058 5.000000000000181
    vertex 43.54556318803092 -331.7030194484092 5.000000000000181
  endloop
endfacet
facet normal -6.058153216755899e-18 -1.3384318699932961e-17 -0.9999999999999999
  outer loop
    vertex 43.54556318803092 -331.7030194484092 5.000000000000181
    vertex 40.00000000000503 -330.0000000000058 5.000000000000181
    vertex 43.70089327392126 -331.58383048146084 5.000000000000181
  endloop
endfacet
facet normal -6.058153216755899e-18 -1.3384318699932961e-17 -0.9999999999999999
  outer loop
    vertex 43.70089327392126 -331.58383048146084 5.000000000000181
    vertex 40.00000000000503 -330.0000000000058 5.000000000000181
    vertex 43.88177899009438 -331.5089051645822 5.000000000000181
  endloop
endfacet
facet normal -6.058153216755899e-18 -1.3384318699932961e-17 -0.9999999999999999
  outer loop
    vertex 43.88177899009438 -331.5089051645822 5.000000000000181
    vertex 40.00000000000503 -330.0000000000058 5.000000000000181
    vertex 48.15178654783707 -330.0000000000058 5.000000000000181
  endloop
endfacet
facet normal -6.058153216755899e-18 -1.3384318699932961e-17 -0.9999999999999999
  outer loop
    vertex 43.88177899009438 -331.5089051645822 5.000000000000181
    vertex 48.15178654783707 -330.0000000000058 5.000000000000181
    vertex 44.07589327392133 -331.4833495342993 5.000000000000181
  endloop
endfacet
facet normal -6.058153216755899e-18 -1.3384318699932961e-17 -0.9999999999999999
  outer loop
    vertex 44.07589327392133 -331.4833495342993 5.000000000000181
    vertex 48.15178654783707 -330.0000000000058 5.000000000000181
    vertex 44.27000755774812 -331.5089051645826 5.000000000000181
  endloop
endfacet
facet normal -6.058153216755899e-18 -1.3384318699932961e-17 -0.9999999999999999
  outer loop
    vertex 44.27000755774812 -331.5089051645826 5.000000000000181
    vertex 48.15178654783707 -330.0000000000058 5.000000000000181
    vertex 44.45089327392109 -331.58383048146084 5.000000000000181
  endloop
endfacet
facet normal -6.058153216755899e-18 -1.3384318699932961e-17 -0.9999999999999999
  outer loop
    vertex 44.45089327392109 -331.58383048146084 5.000000000000181
    vertex 48.15178654783707 -330.0000000000058 5.000000000000181
    vertex 44.6062233598106 -331.70301944840867 5.000000000000181
  endloop
endfacet
facet normal -6.058153216755899e-18 -1.3384318699932961e-17 -0.9999999999999999
  outer loop
    vertex 44.6062233598106 -331.70301944840867 5.000000000000181
    vertex 48.15178654783707 -330.0000000000058 5.000000000000181
    vertex 44.72541232675953 -331.85834953429844 5.000000000000181
  endloop
endfacet
facet normal -6.058153216755899e-18 -1.3384318699932961e-17 -0.9999999999999999
  outer loop
    vertex 44.72541232675953 -331.85834953429844 5.000000000000181
    vertex 48.15178654783707 -330.0000000000058 5.000000000000181
    vertex 44.800337643638116 -332.03923525047196 5.000000000000181
  endloop
endfacet
facet normal -6.058153216755899e-18 -1.3384318699932961e-17 -0.9999999999999999
  outer loop
    vertex 44.800337643638116 -332.03923525047196 5.000000000000181
    vertex 48.15178654783707 -330.0000000000058 5.000000000000181
    vertex 44.82589327392116 -332.2333495342989 5.000000000000181
  endloop
endfacet
facet normal -6.058153216755899e-18 -1.3384318699932961e-17 -0.9999999999999999
  outer loop
    vertex 6.74121550790317 -347.7771906792216 5.000000000000181
    vertex 7.848213452180509 -370.00000000000654 5.000000000000181
    vertex 7.848213452174012 -456.000000000006 5.000000000000181
  endloop
endfacet
facet normal -6.058153216755899e-18 -1.3384318699932961e-17 -0.9999999999999999
  outer loop
    vertex 7.848213452180509 -370.00000000000654 5.000000000000181
    vertex 6.74121550790317 -347.7771906792216 5.000000000000181
    vertex 7.871698740779345 -346.17202782030813 5.000000000000181
  endloop
endfacet
facet normal -6.058153216755899e-18 -1.3384318699932961e-17 -0.9999999999999999
  outer loop
    vertex 7.848213452180509 -370.00000000000654 5.000000000000181
    vertex 7.871698740779345 -346.17202782030813 5.000000000000181
    vertex 8.943759012127344 -361.6785053073581 5.000000000000181
  endloop
endfacet
facet normal -6.058153216755899e-18 -1.3384318699932961e-17 -0.9999999999999999
  outer loop
    vertex 8.943759012127344 -361.6785053073581 5.000000000000181
    vertex 7.871698740779345 -346.17202782030813 5.000000000000181
    vertex 9.079581865495598 -344.62426863346036 5.000000000000181
  endloop
endfacet
facet normal -6.058153216755899e-18 -1.3384318699932961e-17 -0.9999999999999999
  outer loop
    vertex 8.943759012127344 -361.6785053073581 5.000000000000181
    vertex 9.079581865495598 -344.62426863346036 5.000000000000181
    vertex 12.155736072533829 -353.9241067260937 5.000000000000181
  endloop
endfacet
facet normal -6.058153216755899e-18 -1.3384318699932961e-17 -0.9999999999999999
  outer loop
    vertex 12.155736072533829 -353.9241067260937 5.000000000000181
    vertex 9.079581865495598 -344.62426863346036 5.000000000000181
    vertex 10.361954985806857 -343.13764180612486 5.000000000000181
  endloop
endfacet
facet normal -6.058153216755899e-18 -1.3384318699932961e-17 -0.9999999999999999
  outer loop
    vertex 12.155736072533829 -353.9241067260937 5.000000000000181
    vertex 10.361954985806857 -343.13764180612486 5.000000000000181
    vertex 11.715728752543152 -341.71572875254395 5.000000000000181
  endloop
endfacet
facet normal -6.058153216755899e-18 -1.3384318699932961e-17 -0.9999999999999999
  outer loop
    vertex 12.155736072533829 -353.9241067260937 5.000000000000181
    vertex 11.715728752543152 -341.71572875254395 5.000000000000181
    vertex 13.137641806124353 -340.36195498580753 5.000000000000181
  endloop
endfacet
facet normal -6.058153216755899e-18 -1.3384318699932961e-17 -0.9999999999999999
  outer loop
    vertex 12.155736072533829 -353.9241067260937 5.000000000000181
    vertex 13.137641806124353 -340.36195498580753 5.000000000000181
    vertex 17.26525370477553 -347.2652537047766 5.000000000000181
  endloop
endfacet
facet normal -6.058153216755899e-18 -1.3384318699932961e-17 -0.9999999999999999
  outer loop
    vertex 17.26525370477553 -347.2652537047766 5.000000000000181
    vertex 13.137641806124353 -340.36195498580753 5.000000000000181
    vertex 14.62426863345913 -339.07958186549666 5.000000000000181
  endloop
endfacet
facet normal -6.058153216755899e-18 -1.3384318699932961e-17 -0.9999999999999999
  outer loop
    vertex 17.26525370477553 -347.2652537047766 5.000000000000181
    vertex 14.62426863345913 -339.07958186549666 5.000000000000181
    vertex 16.17202782030787 -337.8716987407803 5.000000000000181
  endloop
endfacet
facet normal -6.058153216755899e-18 -1.3384318699932961e-17 -0.9999999999999999
  outer loop
    vertex 17.26525370477553 -347.2652537047766 5.000000000000181
    vertex 16.17202782030787 -337.8716987407803 5.000000000000181
    vertex 17.777190679221015 -336.7412155079042 5.0000000000001625
  endloop
endfacet
facet normal -6.058153216755899e-18 -1.3384318699932961e-17 -0.9999999999999999
  outer loop
    vertex 17.26525370477553 -347.2652537047766 5.000000000000181
    vertex 17.777190679221015 -336.7412155079042 5.0000000000001625
    vertex 23.9241067260922 -342.1557360725354 5.000000000000181
  endloop
endfacet
facet normal -6.058153216755899e-18 -1.3384318699932961e-17 -0.9999999999999999
  outer loop
    vertex 23.9241067260922 -342.1557360725354 5.000000000000181
    vertex 17.777190679221015 -336.7412155079042 5.0000000000001625
    vertex 19.43589023227591 -335.6908555999952 5.0000000000001625
  endloop
endfacet
facet normal -6.058153216755899e-18 -1.3384318699932961e-17 -0.9999999999999999
  outer loop
    vertex 23.9241067260922 -342.1557360725354 5.000000000000181
    vertex 19.43589023227591 -335.6908555999952 5.0000000000001625
    vertex 21.144130526964982 -334.7231494260719 5.0000000000001625
  endloop
endfacet
facet normal -6.058153216755899e-18 -1.3384318699932961e-17 -0.9999999999999999
  outer loop
    vertex 23.9241067260922 -342.1557360725354 5.000000000000181
    vertex 21.144130526964982 -334.7231494260719 5.0000000000001625
    vertex 22.89779626279338 -333.84042827506835 5.0000000000001625
  endloop
endfacet
facet normal -6.058153216755899e-18 -1.3384318699932961e-17 -0.9999999999999999
  outer loop
    vertex 23.9241067260922 -342.1557360725354 5.000000000000181
    vertex 22.89779626279338 -333.84042827506835 5.0000000000001625
    vertex 24.69266270540101 -333.0448186995545 5.000000000000181
  endloop
endfacet
facet normal -6.058153216755899e-18 -1.3384318699932961e-17 -0.9999999999999999
  outer loop
    vertex 23.9241067260922 -342.1557360725354 5.000000000000181
    vertex 24.69266270540101 -333.0448186995545 5.000000000000181
    vertex 31.67850530735671 -338.94375901212874 5.000000000000181
  endloop
endfacet
facet normal -6.058153216755899e-18 -1.3384318699932961e-17 -0.9999999999999999
  outer loop
    vertex 31.67850530735671 -338.94375901212874 5.000000000000181
    vertex 24.69266270540101 -333.0448186995545 5.000000000000181
    vertex 28.87291838125787 -336.32139823621173 5.000000000000181
  endloop
endfacet
facet normal -6.058153216755899e-18 -1.3384318699932961e-17 -0.9999999999999999
  outer loop
    vertex 28.87291838125787 -336.32139823621173 5.000000000000181
    vertex 24.69266270540101 -333.0448186995545 5.000000000000181
    vertex 28.527894068864047 -335.87175379805285 5.000000000000181
  endloop
endfacet
facet normal -6.058153216755899e-18 -1.3384318699932961e-17 -0.9999999999999999
  outer loop
    vertex 28.527894068864047 -335.87175379805285 5.000000000000181
    vertex 24.69266270540101 -333.0448186995545 5.000000000000181
    vertex 26.52440586431599 -332.3382373926854 5.000000000000181
  endloop
endfacet
facet normal -6.058153216755899e-18 -1.3384318699932961e-17 -0.9999999999999999
  outer loop
    vertex 28.527894068864047 -335.87175379805285 5.000000000000181
    vertex 26.52440586431599 -332.3382373926854 5.000000000000181
    vertex 28.311002718944717 -335.3481317595169 5.000000000000181
  endloop
endfacet
facet normal -6.058153216755899e-18 -1.3384318699932961e-17 -0.9999999999999999
  outer loop
    vertex 28.311002718944717 -335.3481317595169 5.000000000000181
    vertex 26.52440586431599 -332.3382373926854 5.000000000000181
    vertex 28.237025118567953 -334.78621609720403 5.000000000000181
  endloop
endfacet
facet normal -6.058153216755899e-18 -1.3384318699932961e-17 -0.9999999999999999
  outer loop
    vertex 31.67850530735671 -338.94375901212874 5.000000000000181
    vertex 28.87291838125787 -336.32139823621173 5.000000000000181
    vertex 29.322562819417147 -336.6664225486057 5.000000000000181
  endloop
endfacet
facet normal -6.058153216755899e-18 -1.3384318699932961e-17 -0.9999999999999999
  outer loop
    vertex 31.67850530735671 -338.94375901212874 5.000000000000181
    vertex 29.322562819417147 -336.6664225486057 5.000000000000181
    vertex 29.84618485795237 -336.8833138985249 5.000000000000181
  endloop
endfacet
facet normal -6.058153216755899e-18 -1.3384318699932961e-17 -0.9999999999999999
  outer loop
    vertex 31.67850530735671 -338.94375901212874 5.000000000000181
    vertex 29.84618485795237 -336.8833138985249 5.000000000000181
    vertex 30.408100520265656 -336.95729149890184 5.000000000000181
  endloop
endfacet
facet normal -6.058153216755899e-18 -1.3384318699932961e-17 -0.9999999999999999
  outer loop
    vertex 31.67850530735671 -338.94375901212874 5.000000000000181
    vertex 30.408100520265656 -336.95729149890184 5.000000000000181
    vertex 30.970016182578195 -336.8833138985249 5.000000000000181
  endloop
endfacet
facet normal -6.058153216755899e-18 -1.3384318699932961e-17 -0.9999999999999999
  outer loop
    vertex 31.67850530735671 -338.94375901212874 5.000000000000181
    vertex 30.970016182578195 -336.8833138985249 5.000000000000181
    vertex 31.493638221114303 -336.6664225486057 5.000000000000181
  endloop
endfacet
facet normal -6.058153216755899e-18 -1.3384318699932961e-17 -0.9999999999999999
  outer loop
    vertex 31.67850530735671 -338.94375901212874 5.000000000000181
    vertex 31.493638221114303 -336.6664225486057 5.000000000000181
    vertex 31.94328265927358 -336.32139823621173 5.000000000000181
  endloop
endfacet
facet normal -6.058153216755899e-18 -1.3384318699932961e-17 -0.9999999999999999
  outer loop
    vertex 31.67850530735671 -338.94375901212874 5.000000000000181
    vertex 31.94328265927358 -336.32139823621173 5.000000000000181
    vertex 40.0000000000046 -337.84821345218086 5.000000000000181
  endloop
endfacet
facet normal -6.058153216755899e-18 -1.3384318699932961e-17 -0.9999999999999999
  outer loop
    vertex 40.0000000000046 -337.84821345218086 5.000000000000181
    vertex 31.94328265927358 -336.32139823621173 5.000000000000181
    vertex 32.288306971667396 -335.87175379805285 5.000000000000181
  endloop
endfacet
facet normal -6.058153216755899e-18 -1.3384318699932961e-17 -0.9999999999999999
  outer loop
    vertex 40.0000000000046 -337.84821345218086 5.000000000000181
    vertex 32.288306971667396 -335.87175379805285 5.000000000000181
    vertex 32.50519832158616 -335.3481317595174 5.000000000000181
  endloop
endfacet
facet normal -6.058153216755899e-18 -1.3384318699932961e-17 -0.9999999999999999
  outer loop
    vertex 40.0000000000046 -337.84821345218086 5.000000000000181
    vertex 32.50519832158616 -335.3481317595174 5.000000000000181
    vertex 32.57917592196322 -334.78621609720426 5.000000000000181
  endloop
endfacet
facet normal -6.058153216755899e-18 -1.3384318699932961e-17 -0.9999999999999999
  outer loop
    vertex 40.0000000000046 -337.84821345218086 5.000000000000181
    vertex 32.57917592196322 -334.78621609720426 5.000000000000181
    vertex 34.130781021790646 -330.4329396014148 5.000000000000181
  endloop
endfacet
facet normal -6.058153216755899e-18 -1.3384318699932961e-17 -0.9999999999999999
  outer loop
    vertex 40.0000000000046 -337.84821345218086 5.000000000000181
    vertex 34.130781021790646 -330.4329396014148 5.000000000000181
    vertex 36.079314386822446 -330.192610933118 5.000000000000181
  endloop
endfacet
facet normal -6.058153216755899e-18 -1.3384318699932961e-17 -0.9999999999999999
  outer loop
    vertex 40.0000000000046 -337.84821345218086 5.000000000000181
    vertex 36.079314386822446 -330.192610933118 5.000000000000181
    vertex 38.03729302690816 -330.0481817517989 5.000000000000181
  endloop
endfacet
facet normal -6.058153216755899e-18 -1.3384318699932961e-17 -0.9999999999999999
  outer loop
    vertex 40.0000000000046 -337.84821345218086 5.000000000000181
    vertex 38.03729302690816 -330.0481817517989 5.000000000000181
    vertex 40.00000000000503 -330.0000000000058 5.000000000000181
  endloop
endfacet
facet normal -6.058153216755899e-18 -1.3384318699932961e-17 -0.9999999999999999
  outer loop
    vertex 40.0000000000046 -337.84821345218086 5.000000000000181
    vertex 40.00000000000503 -330.0000000000058 5.000000000000181
    vertex 48.15178654783707 -337.84821345218035 5.000000000000181
  endloop
endfacet
facet normal -6.058153216755899e-18 -1.3384318699932961e-17 -0.9999999999999999
  outer loop
    vertex 48.15178654783707 -337.84821345218035 5.000000000000181
    vertex 40.00000000000503 -330.0000000000058 5.000000000000181
    vertex 43.54556318803123 -332.7636796201892 5.000000000000181
  endloop
endfacet
facet normal -6.058153216755899e-18 -1.3384318699932961e-17 -0.9999999999999999
  outer loop
    vertex 43.54556318803123 -332.7636796201892 5.000000000000181
    vertex 40.00000000000503 -330.0000000000058 5.000000000000181
    vertex 43.42637422108297 -332.6083495342996 5.000000000000181
  endloop
endfacet
facet normal -6.058153216755899e-18 -1.3384318699932961e-17 -0.9999999999999999
  outer loop
    vertex 43.42637422108297 -332.6083495342996 5.000000000000181
    vertex 40.00000000000503 -330.0000000000058 5.000000000000181
    vertex 43.35144890420412 -332.42746381812606 5.000000000000181
  endloop
endfacet
facet normal -6.058153216755899e-18 -1.3384318699932961e-17 -0.9999999999999999
  outer loop
    vertex 43.35144890420412 -332.42746381812606 5.000000000000181
    vertex 40.00000000000503 -330.0000000000058 5.000000000000181
    vertex 43.325893273921075 -332.2333495342991 5.000000000000181
  endloop
endfacet
facet normal -6.058153216755899e-18 -1.3384318699932961e-17 -0.9999999999999999
  outer loop
    vertex 48.15178654783707 -337.84821345218035 5.000000000000181
    vertex 43.54556318803123 -332.7636796201892 5.000000000000181
    vertex 43.70089327392126 -332.88286858713724 5.000000000000181
  endloop
endfacet
facet normal -6.058153216755899e-18 -1.3384318699932961e-17 -0.9999999999999999
  outer loop
    vertex 48.15178654783707 -337.84821345218035 5.000000000000181
    vertex 43.70089327392126 -332.88286858713724 5.000000000000181
    vertex 43.88177899009383 -332.9577939040152 5.000000000000181
  endloop
endfacet
facet normal -6.058153216755899e-18 -1.3384318699932961e-17 -0.9999999999999999
  outer loop
    vertex 48.15178654783707 -337.84821345218035 5.000000000000181
    vertex 43.88177899009383 -332.9577939040152 5.000000000000181
    vertex 44.075893273921174 -332.9833495342987 5.000000000000181
  endloop
endfacet
facet normal -6.058153216755899e-18 -1.3384318699932961e-17 -0.9999999999999999
  outer loop
    vertex 48.15178654783707 -337.84821345218035 5.000000000000181
    vertex 44.075893273921174 -332.9833495342987 5.000000000000181
    vertex 44.27000755774785 -332.9577939040158 5.000000000000181
  endloop
endfacet
facet normal -6.058153216755899e-18 -1.3384318699932961e-17 -0.9999999999999999
  outer loop
    vertex 48.15178654783707 -337.84821345218035 5.000000000000181
    vertex 44.27000755774785 -332.9577939040158 5.000000000000181
    vertex 44.45089327392141 -332.88286858713786 5.000000000000181
  endloop
endfacet
facet normal -6.058153216755899e-18 -1.3384318699932961e-17 -0.9999999999999999
  outer loop
    vertex 48.15178654783707 -337.84821345218035 5.000000000000181
    vertex 44.45089327392141 -332.88286858713786 5.000000000000181
    vertex 44.60622335981072 -332.76367962018884 5.000000000000181
  endloop
endfacet
facet normal -6.058153216755899e-18 -1.3384318699932961e-17 -0.9999999999999999
  outer loop
    vertex 48.15178654783707 -337.84821345218035 5.000000000000181
    vertex 44.60622335981072 -332.76367962018884 5.000000000000181
    vertex 44.72541232675953 -332.60834953429895 5.000000000000181
  endloop
endfacet
facet normal -6.058153216755899e-18 -1.3384318699932961e-17 -0.9999999999999999
  outer loop
    vertex 48.15178654783707 -337.84821345218035 5.000000000000181
    vertex 44.72541232675953 -332.60834953429895 5.000000000000181
    vertex 44.80033764363782 -332.4274638181255 5.000000000000181
  endloop
endfacet
facet normal -6.058153216755899e-18 -1.3384318699932961e-17 -0.9999999999999999
  outer loop
    vertex 48.15178654783707 -337.84821345218035 5.000000000000181
    vertex 44.80033764363782 -332.4274638181255 5.000000000000181
    vertex 44.82589327392116 -332.2333495342989 5.000000000000181
  endloop
endfacet
facet normal -6.058153216755899e-18 -1.3384318699932961e-17 -0.9999999999999999
  outer loop
    vertex 48.15178654783707 -337.84821345218035 5.000000000000181
    vertex 44.82589327392116 -332.2333495342989 5.000000000000181
    vertex 48.15178654783707 -330.0000000000058 5.000000000000181
  endloop
endfacet
endsolid DIY Perks 3D Printed Speaker - Sketchup Model
