solid DIY Perks 3D Printed Speaker - Sketchup Model
facet normal -0.9171204481620652 -0.12074119758891746 0.37988372795870945
  outer loop
    vertex 226.22195730813266 -399.64282867335226 10.523580981315876
    vertex 226.83160741518364 -413.0000000000056 7.749999999994972
    vertex 227.98046227398632 -413.0000000000056 10.523580981315947
  endloop
endfacet
facet normal -0.9171204481620652 -0.12074119758891746 0.37988372795870945
  outer loop
    vertex 226.83160741518364 -413.0000000000056 7.749999999994972
    vertex 226.22195730813266 -399.64282867335226 10.523580981315876
    vertex 225.11224872935526 -399.94017419086975 7.7499999999949
  endloop
endfacet
facet normal 0.9999999999999999 0.0 0.0
  outer loop
    vertex 371.7691393452287 -445.8482134521738 5.000000000000218
    vertex 371.7691393452287 -438.0000000000052 13.49999999999482
    vertex 371.7691393452287 -445.8482134521738 105.00000000000018
  endloop
endfacet
facet normal 0.9999999999999999 0.0 0.0
  outer loop
    vertex 371.7691393452287 -438.0000000000052 13.49999999999482
    vertex 371.7691393452287 -445.8482134521738 5.000000000000218
    vertex 371.7691393452287 -437.6081470023294 10.523580981315803
  endloop
endfacet
facet normal 0.9999999999999999 0.0 0.0
  outer loop
    vertex 371.7691393452287 -437.6081470023294 10.523580981315803
    vertex 371.7691393452287 -445.8482134521738 5.000000000000218
    vertex 371.7691393452287 -436.45929214352617 7.749999999994828
  endloop
endfacet
facet normal 0.9999999999999999 0.0 0.0
  outer loop
    vertex 371.7691393452287 -436.45929214352617 7.749999999994828
    vertex 371.7691393452287 -445.8482134521738 5.000000000000218
    vertex 371.7691393452287 -434.63172798365053 5.368272016349507
  endloop
endfacet
facet normal 0.9999999999999999 0.0 0.0
  outer loop
    vertex 371.7691393452287 -434.63172798365053 5.368272016349507
    vertex 371.7691393452287 -445.8482134521738 5.000000000000218
    vertex 371.7691393452287 -434.15178654783676 5.000000000000218
  endloop
endfacet
facet normal 0.9999999999999999 0.0 0.0
  outer loop
    vertex 371.7691393452287 -445.8482134521738 105.00000000000018
    vertex 371.7691393452287 -438.0000000000052 13.49999999999482
    vertex 371.7691393452287 -444.6231793961194 105.00000000000018
  endloop
endfacet
facet normal 0.9999999999999999 0.0 0.0
  outer loop
    vertex 371.7691393452287 -444.6231793961194 105.00000000000018
    vertex 371.7691393452287 -438.0000000000052 13.49999999999482
    vertex 371.7691393452287 -442.423179396119 100.7999999999988
  endloop
endfacet
facet normal 0.9999999999999999 0.0 0.0
  outer loop
    vertex 371.7691393452287 -442.423179396119 100.7999999999988
    vertex 371.7691393452287 -438.0000000000052 13.49999999999482
    vertex 371.7691393452287 -440.22317939611867 105.00000000000018
  endloop
endfacet
facet normal 0.9999999999999999 0.0 0.0
  outer loop
    vertex 371.7691393452287 -440.22317939611867 105.00000000000018
    vertex 371.7691393452287 -434.63172798365053 104.63172798365088
    vertex 371.7691393452287 -434.15178654783676 105.00000000000018
  endloop
endfacet
facet normal 0.9999999999999999 0.0 0.0
  outer loop
    vertex 371.7691393452287 -434.63172798365053 104.63172798365088
    vertex 371.7691393452287 -440.22317939611867 105.00000000000018
    vertex 371.7691393452287 -436.45929214352617 102.25000000000557
  endloop
endfacet
facet normal 0.9999999999999999 0.0 0.0
  outer loop
    vertex 371.7691393452287 -436.45929214352617 102.25000000000557
    vertex 371.7691393452287 -440.22317939611867 105.00000000000018
    vertex 371.7691393452287 -437.6081470023294 99.47641901868461
  endloop
endfacet
facet normal 0.9999999999999999 0.0 0.0
  outer loop
    vertex 371.7691393452287 -437.6081470023294 99.47641901868461
    vertex 371.7691393452287 -440.22317939611867 105.00000000000018
    vertex 371.7691393452287 -438.0000000000052 96.5000000000056
  endloop
endfacet
facet normal 0.9999999999999999 0.0 0.0
  outer loop
    vertex 371.7691393452287 -438.0000000000052 96.5000000000056
    vertex 371.7691393452287 -440.22317939611867 105.00000000000018
    vertex 371.7691393452287 -438.0000000000052 13.49999999999482
  endloop
endfacet
facet normal -1.765572433635682e-15 0.7933533402912589 0.6087614290086897
  outer loop
    vertex 242.03337325709583 -382.4592921435266 7.749999999994828
    vertex 369.9209258930604 -380.6317279836507 5.368272016349579
    vertex 242.03337325709583 -380.6317279836513 5.368272016349579
  endloop
endfacet
facet normal -1.765572433635682e-15 0.7933533402912589 0.6087614290086897
  outer loop
    vertex 369.9209258930604 -380.6317279836507 5.368272016349579
    vertex 242.03337325709583 -382.4592921435266 7.749999999994828
    vertex 369.9209258930604 -382.4592921435266 7.7499999999949
  endloop
endfacet
facet normal 0.23422211550207797 -0.5654622078528421 0.790817609882279
  outer loop
    vertex 246.79642199774682 -394.6820155141574 5.000000000000218
    vertex 251.77361209101792 -392.1053552733424 5.368272016349652
    vertex 246.55645127983993 -394.2663740384137 5.368272016349652
  endloop
endfacet
facet normal 0.23422211550207797 -0.5654622078528421 0.790817609882279
  outer loop
    vertex 251.77361209101792 -392.1053552733424 5.368272016349652
    vertex 246.79642199774682 -394.6820155141574 5.000000000000218
    vertex 251.8978300751402 -392.5689431013015 5.000000000000218
  endloop
endfacet
facet normal -0.7122741036361948 0.7019014184978223 -9.920414131670858e-16
  outer loop
    vertex 217.137760471499 -380.4912971675276 105.00000000000018
    vertex 214.37999592437782 -383.2898123957905 104.63172798365078
    vertex 214.04269599817513 -383.6320728369786 105.00000000000018
  endloop
endfacet
facet normal -0.7122741036361948 0.7019014184978223 -9.920414131670858e-16
  outer loop
    vertex 214.37999592437782 -383.2898123957905 104.63172798365078
    vertex 217.137760471499 -380.4912971675276 105.00000000000018
    vertex 215.6640409403077 -381.9867934217423 102.25000000000544
  endloop
endfacet
facet normal -0.7122741036361948 0.7019014184978223 -9.920414131670858e-16
  outer loop
    vertex 215.6640409403077 -381.9867934217423 102.25000000000544
    vertex 217.137760471499 -380.4912971675276 105.00000000000018
    vertex 216.47122538168932 -381.16768145165764 99.47641901868454
  endloop
endfacet
facet normal -0.7122741036361948 0.7019014184978223 -9.920414131670858e-16
  outer loop
    vertex 216.47122538168932 -381.16768145165764 99.47641901868454
    vertex 217.137760471499 -380.4912971675276 105.00000000000018
    vertex 216.74654096277095 -380.88829761265623 96.50000000000551
  endloop
endfacet
facet normal -0.7122741036361948 0.7019014184978223 -9.920414131670858e-16
  outer loop
    vertex 216.74654096277095 -380.88829761265623 96.50000000000551
    vertex 217.137760471499 -380.4912971675276 105.00000000000018
    vertex 216.74654096277152 -380.88829761265623 13.499999999994888
  endloop
endfacet
facet normal -0.7122741036361948 0.7019014184978223 -9.920414131670858e-16
  outer loop
    vertex 214.37999592437782 -383.2898123957905 5.368272016349633
    vertex 217.137760471499 -380.4912971675276 5.000000000000218
    vertex 214.0426959981757 -383.6320728369786 5.000000000000218
  endloop
endfacet
facet normal -0.7122741036361948 0.7019014184978223 -9.920414131670858e-16
  outer loop
    vertex 217.137760471499 -380.4912971675276 5.000000000000218
    vertex 214.37999592437782 -383.2898123957905 5.368272016349633
    vertex 215.6640409403083 -381.9867934217423 7.749999999994953
  endloop
endfacet
facet normal -0.7122741036361948 0.7019014184978223 -9.920414131670858e-16
  outer loop
    vertex 217.137760471499 -380.4912971675276 5.000000000000218
    vertex 215.6640409403083 -381.9867934217423 7.749999999994953
    vertex 216.47122538168992 -381.16768145165764 10.523580981315876
  endloop
endfacet
facet normal -0.7122741036361948 0.7019014184978223 -9.920414131670858e-16
  outer loop
    vertex 217.137760471499 -380.4912971675276 5.000000000000218
    vertex 216.47122538168992 -381.16768145165764 10.523580981315876
    vertex 216.74654096277152 -380.88829761265623 13.499999999994888
  endloop
endfacet
facet normal -0.7122741036361948 0.7019014184978223 -9.920414131670858e-16
  outer loop
    vertex 217.137760471499 -380.4912971675276 5.000000000000218
    vertex 216.74654096277152 -380.88829761265623 13.499999999994888
    vertex 217.137760471499 -380.4912971675276 105.00000000000018
  endloop
endfacet
facet normal -0.7122741036361948 0.7019014184978223 -9.920414131670858e-16
  outer loop
    vertex 217.137760471499 -380.4912971675276 5.000000000000218
    vertex 217.137760471499 -380.4912971675276 105.00000000000018
    vertex 218.6819445742892 -378.9242951073216 100.79999999999905
  endloop
endfacet
facet normal -0.7122741036361948 0.7019014184978223 -9.920414131670858e-16
  outer loop
    vertex 217.137760471499 -380.4912971675276 5.000000000000218
    vertex 218.6819445742892 -378.9242951073216 100.79999999999905
    vertex 218.68194457428976 -378.9242951073216 9.200000000001392
  endloop
endfacet
facet normal -0.7122741036361948 0.7019014184978223 -9.920414131670858e-16
  outer loop
    vertex 218.68194457428976 -378.9242951073216 9.200000000001392
    vertex 218.6819445742892 -378.9242951073216 100.79999999999905
    vertex 220.22612867707937 -377.3572930471165 105.00000000000018
  endloop
endfacet
facet normal -0.7122741036361948 0.7019014184978223 -9.920414131670858e-16
  outer loop
    vertex 218.68194457428976 -378.9242951073216 9.200000000001392
    vertex 220.22612867707937 -377.3572930471165 105.00000000000018
    vertex 220.22612867707937 -377.3572930471165 5.000000000000218
  endloop
endfacet
facet normal -0.7122741036361948 0.7019014184978223 -9.920414131670858e-16
  outer loop
    vertex 220.22612867707937 -377.3572930471165 5.000000000000218
    vertex 220.22612867707937 -377.3572930471165 105.00000000000018
    vertex 220.5933512082396 -376.9846441758816 96.50000000000551
  endloop
endfacet
facet normal -0.7122741036361948 0.7019014184978223 -9.920414131670858e-16
  outer loop
    vertex 220.5933512082396 -376.9846441758816 96.50000000000551
    vertex 220.22612867707937 -377.3572930471165 105.00000000000018
    vertex 220.86813563402296 -376.70579934090625 99.47641901868455
  endloop
endfacet
facet normal -0.7122741036361948 0.7019014184978223 -9.920414131670858e-16
  outer loop
    vertex 220.86813563402296 -376.70579934090625 99.47641901868455
    vertex 220.22612867707937 -377.3572930471165 105.00000000000018
    vertex 221.67376280685644 -375.8882676506711 102.25000000000553
  endloop
endfacet
facet normal -0.7122741036361948 0.7019014184978223 -9.920414131670858e-16
  outer loop
    vertex 221.67376280685644 -375.8882676506711 102.25000000000553
    vertex 220.22612867707937 -377.3572930471165 105.00000000000018
    vertex 222.95533056627534 -374.5877625388309 104.63172798365096
  endloop
endfacet
facet normal -0.7122741036361948 0.7019014184978223 -9.920414131670858e-16
  outer loop
    vertex 222.95533056627534 -374.5877625388309 104.63172798365096
    vertex 220.22612867707937 -377.3572930471165 105.00000000000018
    vertex 223.2920692538078 -374.2459903489186 105.00000000000018
  endloop
endfacet
facet normal -0.7122741036361948 0.7019014184978223 -9.920414131670858e-16
  outer loop
    vertex 220.22612867707937 -377.3572930471165 5.000000000000218
    vertex 222.95533056627534 -374.5877625388309 5.368272016349453
    vertex 223.2920692538078 -374.2459903489186 5.000000000000218
  endloop
endfacet
facet normal -0.7122741036361948 0.7019014184978223 -9.920414131670858e-16
  outer loop
    vertex 222.95533056627534 -374.5877625388309 5.368272016349453
    vertex 220.22612867707937 -377.3572930471165 5.000000000000218
    vertex 221.673762806857 -375.8882676506711 7.749999999994881
  endloop
endfacet
facet normal -0.7122741036361948 0.7019014184978223 -9.920414131670858e-16
  outer loop
    vertex 221.673762806857 -375.8882676506711 7.749999999994881
    vertex 220.22612867707937 -377.3572930471165 5.000000000000218
    vertex 220.86813563402296 -376.70579934090625 10.523580981315856
  endloop
endfacet
facet normal -0.7122741036361948 0.7019014184978223 -9.920414131670858e-16
  outer loop
    vertex 220.86813563402296 -376.70579934090625 10.523580981315856
    vertex 220.22612867707937 -377.3572930471165 5.000000000000218
    vertex 220.5933512082402 -376.9846441758816 13.499999999994927
  endloop
endfacet
facet normal -0.7122741036361948 0.7019014184978223 -9.920414131670858e-16
  outer loop
    vertex 220.5933512082402 -376.9846441758816 13.499999999994927
    vertex 220.22612867707937 -377.3572930471165 5.000000000000218
    vertex 220.5933512082396 -376.9846441758816 96.50000000000551
  endloop
endfacet
facet normal 0.3826834323649397 0.923879532511349 6.65905813000163e-16
  outer loop
    vertex 244.87231527166233 -434.6506350946166 96.50000000000544
    vertex 250.90183914409963 -437.1481456572321 13.49999999999496
    vertex 244.87231527166287 -434.6506350946166 13.49999999999496
  endloop
endfacet
facet normal 0.3826834323649397 0.923879532511349 6.65905813000163e-16
  outer loop
    vertex 250.90183914409963 -437.1481456572321 13.49999999999496
    vertex 244.87231527166233 -434.6506350946166 96.50000000000544
    vertex 250.90183914409963 -437.1481456572321 96.50000000000544
  endloop
endfacet
facet normal 0.789061016504423 0.10388185357165876 0.6054678131259523
  outer loop
    vertex 236.47767054499943 -418.5987031806501 5.368272016349652
    vertex 233.9130231281407 -413.00000000000534 7.7499999999949
    vertex 234.71237912377507 -419.0717115913726 7.7499999999949
  endloop
endfacet
facet normal 0.789061016504423 0.10388185357165876 0.6054678131259523
  outer loop
    vertex 233.9130231281407 -413.00000000000534 7.7499999999949
    vertex 236.47767054499943 -418.5987031806501 5.368272016349652
    vertex 235.74058728801685 -413.00000000000534 5.368272016349652
  endloop
endfacet
facet normal 0.1305261922200471 0.991444861373811 2.2756235121445887e-16
  outer loop
    vertex 250.90183914409963 -437.1481456572321 96.50000000000544
    vertex 257.3723152716618 -438.0000000000054 13.49999999999496
    vertex 250.90183914409963 -437.1481456572321 13.49999999999496
  endloop
endfacet
facet normal 0.1305261922200471 0.991444861373811 2.2756235121445887e-16
  outer loop
    vertex 257.3723152716618 -438.0000000000054 13.49999999999496
    vertex 250.90183914409963 -437.1481456572321 96.50000000000544
    vertex 257.3723152716618 -438.0000000000054 96.50000000000544
  endloop
endfacet
facet normal 0.6036410040731619 -0.786680272595513 0.12942830799556268
  outer loop
    vertex 371.3351394554337 -387.41421356237873 13.499999999994888
    vertex 371.11685239189836 -388.07140545811086 10.523580981315876
    vertex 371.61222136731806 -387.6912954742633 10.523580981315876
  endloop
endfacet
facet normal 0.6036410040731619 -0.786680272595513 0.12942830799556268
  outer loop
    vertex 371.11685239189836 -388.07140545811086 10.523580981315876
    vertex 371.3351394554337 -387.41421356237873 13.499999999994888
    vertex 370.9209258930602 -387.73205080757435 13.499999999994888
  endloop
endfacet
facet normal -0.7920623323955187 0.05702553496369901 0.6077708038087013
  outer loop
    vertex 225.00404325530747 -413.0000000000056 5.368272016349652
    vertex 227.70962224026795 -420.9480946431003 9.639999999994975
    vertex 226.83160741518364 -413.0000000000056 7.749999999994972
  endloop
endfacet
facet normal 0.37259357912958896 -0.4855734060794258 0.7908176098822205
  outer loop
    vertex 242.41574356947987 -398.0434282978234 5.000000000000218
    vertex 246.55645127983993 -394.2663740384137 5.368272016349652
    vertex 242.07637372564443 -397.7040584539869 5.368272016349652
  endloop
endfacet
facet normal 0.37259357912958896 -0.4855734060794258 0.7908176098822205
  outer loop
    vertex 246.55645127983993 -394.2663740384137 5.368272016349652
    vertex 242.41574356947987 -398.0434282978234 5.000000000000218
    vertex 246.79642199774682 -394.6820155141574 5.000000000000218
  endloop
endfacet
facet normal 0.7338790076441042 0.5631251684765124 0.37988372795844355
  outer loop
    vertex 372.98726884414987 -384.2296460717662 7.7499999999949
    vertex 371.61222136731806 -384.30870452574777 10.523580981315876
    vertex 371.99233135116555 -384.8040735011678 10.523580981315876
  endloop
endfacet
facet normal 0.7338790076441042 0.5631251684765124 0.37988372795844355
  outer loop
    vertex 371.61222136731806 -384.30870452574777 10.523580981315876
    vertex 372.98726884414987 -384.2296460717662 7.7499999999949
    vertex 372.4245844285768 -383.4963414644888 7.7499999999949
  endloop
endfacet
facet normal 0.7933533402914671 0.6087614290084185 1.3800158481004967e-15
  outer loop
    vertex 371.3351394554337 -384.5857864376324 13.499999999994888
    vertex 371.65297670062876 -385.0000000000057 96.50000000000551
    vertex 371.6529767006294 -385.0000000000057 13.499999999994888
  endloop
endfacet
facet normal 0.7933533402914671 0.6087614290084185 1.3800158481004967e-15
  outer loop
    vertex 371.65297670062876 -385.0000000000057 96.50000000000551
    vertex 371.3351394554337 -384.5857864376324 13.499999999994888
    vertex 371.3351394554331 -384.5857864376324 96.50000000000551
  endloop
endfacet
facet normal -0.735287812214672 -0.30456618406694885 0.605467813125899
  outer loop
    vertex 225.11224872935526 -399.94017419086975 7.7499999999949
    vertex 218.4886271354344 -388.6841360081822 5.368272016349579
    vertex 223.34695730813087 -400.4131826015932 5.368272016349579
  endloop
endfacet
facet normal -0.735287812214672 -0.30456618406694885 0.605467813125899
  outer loop
    vertex 218.4886271354344 -388.6841360081822 5.368272016349579
    vertex 225.11224872935526 -399.94017419086975 7.7499999999949
    vertex 220.071344124932 -387.77035392824496 7.7499999999949
  endloop
endfacet
facet normal 0.2342221155036993 0.565462207857115 0.7908176098787435
  outer loop
    vertex 251.77361209101792 -433.8946447266682 5.368272016349652
    vertex 246.7964219977428 -431.31798448585903 5.000000000000218
    vertex 246.55645127983993 -431.73362596159694 5.368272016349652
  endloop
endfacet
facet normal 0.2342221155036993 0.565462207857115 0.7908176098787435
  outer loop
    vertex 246.7964219977428 -431.31798448585903 5.000000000000218
    vertex 251.77361209101792 -433.8946447266682 5.368272016349652
    vertex 251.89783007513847 -433.43105689871345 5.000000000000218
  endloop
endfacet
facet normal -0.7885951116294594 -0.6011377715409991 0.12942615477886235
  outer loop
    vertex 221.40563626845372 -387.0000000000043 13.499999999994888
    vertex 216.47122538168992 -381.16768145165764 10.523580981315876
    vertex 221.06628161791866 -387.1959264988416 10.523580981315876
  endloop
endfacet
facet normal -0.7885951116294594 -0.6011377715409991 0.12942615477886235
  outer loop
    vertex 216.47122538168992 -381.16768145165764 10.523580981315876
    vertex 221.40563626845372 -387.0000000000043 13.499999999994888
    vertex 216.74654096277152 -380.88829761265623 13.499999999994888
  endloop
endfacet
facet normal -0.9349401588720112 -0.35480543869616543 -1.7284026102770254e-15
  outer loop
    vertex 229.13830336923183 -420.56528068835274 94.8400000000056
    vertex 231.72831272260524 -427.3901584726986 16.753599999994933
    vertex 231.72831272260464 -427.3901584726986 93.24640000000547
  endloop
endfacet
facet normal -0.9349401588720112 -0.35480543869616543 -1.7284026102770254e-15
  outer loop
    vertex 231.72831272260524 -427.3901584726986 16.753599999994933
    vertex 229.13830336923183 -420.56528068835274 94.8400000000056
    vertex 229.1383033692324 -420.56528068835274 15.159999999994799
  endloop
endfacet
facet normal 0.07988880177349326 -0.6068156946316617 0.7908176098822595
  outer loop
    vertex 251.8978300751402 -392.5689431013015 5.000000000000218
    vertex 257.37231527166296 -391.36827201636015 5.368272016349652
    vertex 251.77361209101792 -392.1053552733424 5.368272016349652
  endloop
endfacet
facet normal 0.07988880177349326 -0.6068156946316617 0.7908176098822595
  outer loop
    vertex 257.37231527166296 -391.36827201636015 5.368272016349652
    vertex 251.8978300751402 -392.5689431013015 5.000000000000218
    vertex 257.37231527166296 -391.848213452174 5.000000000000218
  endloop
endfacet
facet normal 0.37946459868718 -0.9161085805910694 0.12942830799556052
  outer loop
    vertex 370.9209258930602 -387.73205080757435 13.499999999994888
    vertex 370.53998300194417 -388.31035258314745 10.523580981315876
    vertex 371.11685239189836 -388.07140545811086 10.523580981315876
  endloop
endfacet
facet normal 0.37946459868718 -0.9161085805910694 0.12942830799556052
  outer loop
    vertex 370.53998300194417 -388.31035258314745 10.523580981315876
    vertex 370.9209258930602 -387.73205080757435 13.499999999994888
    vertex 370.4385639832648 -387.9318516525837 13.499999999994888
  endloop
endfacet
facet normal 0.10388185357167457 -0.789061016504416 0.6054678131259588
  outer loop
    vertex 370.8373285194606 -389.4200611619231 7.7499999999949
    vertex 369.9209258930604 -391.3682720163604 5.368272016349579
    vertex 371.3103369301831 -391.1853525831475 5.368272016349579
  endloop
endfacet
facet normal 0.10388185357167457 -0.789061016504416 0.6054678131259588
  outer loop
    vertex 369.9209258930604 -391.3682720163604 5.368272016349579
    vertex 370.8373285194606 -389.4200611619231 7.7499999999949
    vertex 369.9209258930604 -389.5407078564845 7.7499999999949
  endloop
endfacet
facet normal 0.7338790076441015 -0.5631251684765178 0.3798837279584403
  outer loop
    vertex 372.98726884414987 -387.77035392824496 7.7499999999949
    vertex 371.61222136731806 -387.6912954742633 10.523580981315876
    vertex 372.4245844285768 -388.50365853552233 7.7499999999949
  endloop
endfacet
facet normal 0.7338790076441015 -0.5631251684765178 0.3798837279584403
  outer loop
    vertex 371.61222136731806 -387.6912954742633 10.523580981315876
    vertex 372.98726884414987 -387.77035392824496 7.7499999999949
    vertex 371.99233135116555 -387.19592649884333 10.523580981315876
  endloop
endfacet
facet normal 0.48557340607941973 -0.37259357912957547 0.7908176098822305
  outer loop
    vertex 239.05433078581444 -402.4241067260904 5.000000000000218
    vertex 242.07637372564443 -397.7040584539869 5.368272016349652
    vertex 238.63868931007073 -402.18413600818286 5.368272016349652
  endloop
endfacet
facet normal 0.48557340607941973 -0.37259357912957547 0.7908176098822305
  outer loop
    vertex 242.07637372564443 -397.7040584539869 5.368272016349652
    vertex 239.05433078581444 -402.4241067260904 5.000000000000218
    vertex 242.41574356947987 -398.0434282978234 5.000000000000218
  endloop
endfacet
facet normal -0.5795991146932105 0.5711592611328841 -0.5812417437426397
  outer loop
    vertex 222.3653044990385 -379.4606484383191 5.000000000000218
    vertex 219.27693629345643 -382.594652558731 5.000000000000218
    vertex 218.68194457428976 -378.9242951073216 9.200000000001392
  endloop
endfacet
facet normal 0.47864399317893075 0.6363036475025807 0.6049938809348729
  outer loop
    vertex 221.673762806857 -375.8882676506711 7.749999999994881
    vertex 225.28812990388877 -376.3425542874295 5.368272016349507
    vertex 222.95533056627534 -374.5877625388309 5.368272016349453
  endloop
endfacet
facet normal 0.3539952796856138 0.8546202052331113 0.3798837279584621
  outer loop
    vertex 245.0682417704999 -434.3112804440804 10.523580981315947
    vertex 251.30060368029538 -435.65993614789267 7.7499999999949
    vertex 245.6426691999018 -433.3163429510955 7.7499999999949
  endloop
endfacet
facet normal 0.3539952796856138 0.8546202052331113 0.3798837279584621
  outer loop
    vertex 251.30060368029538 -435.65993614789267 7.7499999999949
    vertex 245.0682417704999 -434.3112804440804 10.523580981315947
    vertex 251.00325816277783 -436.76964472666833 10.523580981315947
  endloop
endfacet
facet normal 0.8546202052331174 -0.35399527968562045 0.37988372795844216
  outer loop
    vertex 373.3409870549781 -386.91640262640647 7.7499999999949
    vertex 371.99233135116555 -387.19592649884333 10.523580981315876
    vertex 372.98726884414987 -387.77035392824496 7.7499999999949
  endloop
endfacet
facet normal 0.8546202052331174 -0.35399527968562045 0.37988372795844216
  outer loop
    vertex 371.99233135116555 -387.19592649884333 10.523580981315876
    vertex 373.3409870549781 -386.91640262640647 7.7499999999949
    vertex 372.23127847620185 -386.6190571088895 10.523580981315876
  endloop
endfacet
facet normal -0.6087614290084432 -0.7933533402914481 4.120018339592802e-15
  outer loop
    vertex 365.6920559323706 -385.27555563028875 15.000000000000215
    vertex 365.53672584648064 -385.1563666633404 5.000000000000218
    vertex 365.6920559323706 -385.27555563028875 5.000000000000218
  endloop
endfacet
facet normal -0.6087614290084432 -0.7933533402914481 4.120018339592802e-15
  outer loop
    vertex 365.53672584648064 -385.1563666633404 5.000000000000218
    vertex 365.6920559323706 -385.27555563028875 15.000000000000215
    vertex 365.53672584648064 -385.1563666633404 15.000000000000215
  endloop
endfacet
facet normal -0.7357159131515917 -0.5607270075403241 0.3798780306235053
  outer loop
    vertex 221.06628161791866 -387.1959264988416 10.523580981315876
    vertex 215.6640409403083 -381.9867934217423 7.749999999994953
    vertex 220.071344124932 -387.77035392824496 7.7499999999949
  endloop
endfacet
facet normal -0.7357159131515917 -0.5607270075403241 0.3798780306235053
  outer loop
    vertex 215.6640409403083 -381.9867934217423 7.749999999994953
    vertex 221.06628161791866 -387.1959264988416 10.523580981315876
    vertex 216.47122538168992 -381.16768145165764 10.523580981315876
  endloop
endfacet
facet normal 0.10388185357165625 -0.789061016504417 0.6054678131259607
  outer loop
    vertex 257.37231527166296 -389.5407078564845 7.7499999999949
    vertex 251.77361209101792 -392.1053552733424 5.368272016349652
    vertex 257.37231527166296 -391.36827201636015 5.368272016349652
  endloop
endfacet
facet normal 0.10388185357165625 -0.789061016504417 0.6054678131259607
  outer loop
    vertex 251.77361209101792 -392.1053552733424 5.368272016349652
    vertex 257.37231527166296 -389.5407078564845 7.7499999999949
    vertex 251.30060368029538 -390.34006385211825 7.7499999999949
  endloop
endfacet
facet normal 0.5977207451023631 0.791187860212983 0.12942828410311658
  outer loop
    vertex 220.5933512082402 -376.9846441758816 13.499999999994927
    vertex 223.79992039454993 -378.92020876991205 10.523580981315876
    vertex 220.86813563402296 -376.70579934090625 10.523580981315856
  endloop
endfacet
facet normal 0.5977207451023631 0.791187860212983 0.12942828410311658
  outer loop
    vertex 223.79992039454993 -378.92020876991205 10.523580981315876
    vertex 220.5933512082402 -376.9846441758816 13.499999999994927
    vertex 223.60399389571177 -379.2595634204482 13.499999999994888
  endloop
endfacet
facet normal 0.4844948324374762 0.6314059586429733 0.6054678131259577
  outer loop
    vertex 240.78409071514145 -429.5882245565254 7.749999999994972
    vertex 246.55645127983993 -431.73362596159694 5.368272016349652
    vertex 242.07637372564332 -428.29594154602387 5.368272016349652
  endloop
endfacet
facet normal 0.4844948324374762 0.6314059586429733 0.6054678131259577
  outer loop
    vertex 246.55645127983993 -431.73362596159694 5.368272016349652
    vertex 240.78409071514145 -429.5882245565254 7.749999999994972
    vertex 245.6426691999018 -433.3163429510955 7.7499999999949
  endloop
endfacet
facet normal 0.6068156946315042 0.079888801773444 0.7908176098823851
  outer loop
    vertex 236.47767054499943 -418.5987031806501 5.368272016349652
    vertex 236.22052872383128 -413.0000000000056 5.000000000000218
    vertex 235.74058728801685 -413.00000000000534 5.368272016349652
  endloop
endfacet
facet normal 0.6068156946315042 0.079888801773444 0.7908176098823851
  outer loop
    vertex 236.22052872383128 -413.0000000000056 5.000000000000218
    vertex 236.47767054499943 -418.5987031806501 5.368272016349652
    vertex 236.94125837295888 -418.47448519652806 5.000000000000218
  endloop
endfacet
facet normal 0.3794645986871765 -0.9161085805910695 0.1294283079955688
  outer loop
    vertex 250.90183914409963 -388.85185434277855 13.49999999999496
    vertex 245.06824177050106 -391.6887195559306 10.523580981315947
    vertex 251.00325816277783 -389.23035527334264 10.523580981315947
  endloop
endfacet
facet normal 0.3794645986871765 -0.9161085805910695 0.1294283079955688
  outer loop
    vertex 245.06824177050106 -391.6887195559306 10.523580981315947
    vertex 250.90183914409963 -388.85185434277855 13.49999999999496
    vertex 244.87231527166287 -391.3493649053941 13.49999999999496
  endloop
endfacet
facet normal 0.7866802725955181 -0.6036410040731512 0.12942830799558125
  outer loop
    vertex 239.97172765388387 -395.59941238222626 10.523580981315947
    vertex 235.72168017705147 -400.50000000000557 13.49999999999496
    vertex 236.06103482758763 -400.6959264988435 10.523580981315947
  endloop
endfacet
facet normal 0.7866802725955181 -0.6036410040731512 0.12942830799558125
  outer loop
    vertex 235.72168017705147 -400.50000000000557 13.49999999999496
    vertex 239.97172765388387 -395.59941238222626 10.523580981315947
    vertex 239.69464574199833 -395.3223304703416 13.49999999999496
  endloop
endfacet
facet normal -0.6210668168215114 -0.6316436698822747 -0.46400677079202945
  outer loop
    vertex 218.68194457428976 -378.9242951073216 9.200000000001392
    vertex 220.22612867707937 -377.3572930471165 5.000000000000218
    vertex 222.3653044990385 -379.4606484383191 5.000000000000218
  endloop
endfacet
facet normal 0.3725935791328477 0.48557340608360466 0.7908176098781192
  outer loop
    vertex 246.55645127983993 -431.73362596159694 5.368272016349652
    vertex 242.41574356947638 -427.9565717021922 5.000000000000218
    vertex 242.07637372564332 -428.29594154602387 5.368272016349652
  endloop
endfacet
facet normal 0.3725935791328477 0.48557340608360466 0.7908176098781192
  outer loop
    vertex 242.41574356947638 -427.9565717021922 5.000000000000218
    vertex 246.55645127983993 -431.73362596159694 5.368272016349652
    vertex 246.7964219977428 -431.31798448585903 5.000000000000218
  endloop
endfacet
facet normal -0.8926370649090875 -0.25353881061623773 0.3727158996632596
  outer loop
    vertex 227.70962224026795 -420.9480946431003 9.639999999994975
    vertex 230.2371062281841 -427.42947748996124 11.284265219135468
    vertex 231.33652349884477 -427.42947748996124 13.917317918199755
  endloop
endfacet
facet normal 0.8546202052331052 0.3539952796856291 0.37988372795846154
  outer loop
    vertex 237.05597232057195 -424.72964607176567 7.7499999999949
    vertex 233.60267054499877 -419.3690571088896 10.523580981315947
    vertex 236.06103482758763 -425.3040735011673 10.523580981315947
  endloop
endfacet
facet normal 0.8546202052331052 0.3539952796856291 0.37988372795846154
  outer loop
    vertex 233.60267054499877 -419.3690571088896 10.523580981315947
    vertex 237.05597232057195 -424.72964607176567 7.7499999999949
    vertex 234.71237912377507 -419.0717115913726 7.7499999999949
  endloop
endfacet
facet normal -0.9366860083433395 -0.32506842130595637 0.13019156364171458
  outer loop
    vertex 229.1383033692324 -420.56528068835274 15.159999999994799
    vertex 228.774942475892 -420.66264294628405 12.302637742063185
    vertex 231.72831272260524 -427.3901584726986 16.753599999994933
  endloop
endfacet
facet normal -0.8905811143893665 -0.2458164455802643 0.3826742136273087
  outer loop
    vertex 228.774942475892 -420.66264294628405 12.302637742063185
    vertex 231.33652349884477 -427.42947748996124 13.917317918199755
    vertex 231.3615717296443 -427.42947748996124 13.975611580289932
  endloop
endfacet
facet normal -0.8905811143893665 -0.2458164455802643 0.3826742136273087
  outer loop
    vertex 231.33652349884477 -427.42947748996124 13.917317918199755
    vertex 228.774942475892 -420.66264294628405 12.302637742063185
    vertex 227.70962224026795 -420.9480946431003 9.639999999994975
  endloop
endfacet
facet normal 0.5654622078528817 -0.23422211550210464 0.7908176098822428
  outer loop
    vertex 236.94125837295832 -407.52551480348376 5.000000000000218
    vertex 238.63868931007073 -402.18413600818286 5.368272016349652
    vertex 236.47767054499943 -407.4012968193609 5.368272016349652
  endloop
endfacet
facet normal 0.5654622078528817 -0.23422211550210464 0.7908176098822428
  outer loop
    vertex 238.63868931007073 -402.18413600818286 5.368272016349652
    vertex 236.94125837295832 -407.52551480348376 5.000000000000218
    vertex 239.05433078581444 -402.4241067260904 5.000000000000218
  endloop
endfacet
facet normal 0.3539952796856202 -0.8546202052331036 0.37988372795847347
  outer loop
    vertex 251.00325816277783 -389.23035527334264 10.523580981315947
    vertex 245.6426691999018 -392.6836570489155 7.749999999994972
    vertex 251.30060368029538 -390.34006385211825 7.7499999999949
  endloop
endfacet
facet normal 0.3539952796856202 -0.8546202052331036 0.37988372795847347
  outer loop
    vertex 245.6426691999018 -392.6836570489155 7.749999999994972
    vertex 251.00325816277783 -389.23035527334264 10.523580981315947
    vertex 245.06824177050106 -391.6887195559306 10.523580981315947
  endloop
endfacet
facet normal 0.6036410040731734 0.7866802725955035 0.12942830799556634
  outer loop
    vertex 239.69464574199833 -430.6776695296691 13.49999999999496
    vertex 245.0682417704999 -434.3112804440804 10.523580981315947
    vertex 239.9717276538827 -430.40058761778414 10.523580981315947
  endloop
endfacet
facet normal 0.6036410040731734 0.7866802725955035 0.12942830799556634
  outer loop
    vertex 245.0682417704999 -434.3112804440804 10.523580981315947
    vertex 239.69464574199833 -430.6776695296691 13.49999999999496
    vertex 244.87231527166287 -434.6506350946166 13.49999999999496
  endloop
endfacet
facet normal 0.3539952796856317 0.854620205233113 0.3798837279584415
  outer loop
    vertex 370.53998300194417 -383.6896474168637 10.523580981315876
    vertex 371.6912798212991 -382.9336570489157 7.7499999999949
    vertex 370.8373285194606 -382.579938838088 7.7499999999949
  endloop
endfacet
facet normal 0.3539952796856317 0.854620205233113 0.3798837279584415
  outer loop
    vertex 371.6912798212991 -382.9336570489157 7.7499999999949
    vertex 370.53998300194417 -383.6896474168637 10.523580981315876
    vertex 371.11685239189836 -383.9285945419003 10.523580981315876
  endloop
endfacet
facet normal -0.9238795325114112 0.38268343236478936 1.0102564864064377e-14
  outer loop
    vertex 365.8112448993195 -386.18088571617886 15.000000000000215
    vertex 365.8861702161972 -386.00000000000597 5.000000000000218
    vertex 365.8112448993183 -386.1808857161794 5.000000000000218
  endloop
endfacet
facet normal -0.9238795325114112 0.38268343236478936 1.0102564864064377e-14
  outer loop
    vertex 365.8861702161972 -386.00000000000597 5.000000000000218
    vertex 365.8112448993195 -386.18088571617886 15.000000000000215
    vertex 365.8861702161972 -386.0000000000057 15.000000000000215
  endloop
endfacet
facet normal 0.6068156946316182 -0.0798888017735299 0.7908176098822892
  outer loop
    vertex 375.5698663041608 -387.5136290212513 5.000000000000218
    vertex 375.2891979094151 -386.0000000000057 5.368272016349579
    vertex 375.10627847620253 -387.38941103712904 5.368272016349579
  endloop
endfacet
facet normal 0.6068156946316182 -0.0798888017735299 0.7908176098822892
  outer loop
    vertex 375.2891979094151 -386.0000000000057 5.368272016349579
    vertex 375.5698663041608 -387.5136290212513 5.000000000000218
    vertex 375.769139345229 -386.00000000000597 5.000000000000218
  endloop
endfacet
facet normal 0.9914448613736357 0.13052619222137868 4.987105900290376e-15
  outer loop
    vertex 364.41172584648046 -385.8058857161793 5.000000000000218
    vertex 364.4372814767639 -386.0000000000057 15.000000000000215
    vertex 364.4372814767639 -386.0000000000063 5.000000000000218
  endloop
endfacet
facet normal 0.9914448613736357 0.13052619222137868 4.987105900290376e-15
  outer loop
    vertex 364.4372814767639 -386.0000000000057 15.000000000000215
    vertex 364.41172584648046 -385.8058857161793 5.000000000000218
    vertex 364.41172584648046 -385.80588571617875 15.000000000000215
  endloop
endfacet
facet normal -0.7933533402904174 0.6087614290097866 9.287145363352932e-15
  outer loop
    vertex 365.8112448993195 -386.18088571617886 15.000000000000215
    vertex 365.6920559323706 -386.33621580206847 5.000000000000218
    vertex 365.6920559323706 -386.33621580206875 15.000000000000215
  endloop
endfacet
facet normal -0.7933533402904174 0.6087614290097866 9.287145363352932e-15
  outer loop
    vertex 365.6920559323706 -386.33621580206847 5.000000000000218
    vertex 365.8112448993195 -386.18088571617886 15.000000000000215
    vertex 365.8112448993183 -386.1808857161794 5.000000000000218
  endloop
endfacet
facet normal 0.6210668168217763 0.6316436698818683 -0.46400677079222846
  outer loop
    vertex 218.68194457428976 -378.9242951073216 9.200000000001392
    vertex 219.27693629345643 -382.594652558731 5.000000000000218
    vertex 217.137760471499 -380.4912971675276 5.000000000000218
  endloop
endfacet
facet normal -0.7933533402910202 -0.6087614290090009 2.148009102879982e-15
  outer loop
    vertex 365.6920559323706 -385.27555563028875 15.000000000000215
    vertex 365.8112448993195 -385.4308857161787 5.000000000000218
    vertex 365.8112448993195 -385.4308857161787 15.000000000000215
  endloop
endfacet
facet normal -0.7933533402910202 -0.6087614290090009 2.148009102879982e-15
  outer loop
    vertex 365.8112448993195 -385.4308857161787 5.000000000000218
    vertex 365.6920559323706 -385.27555563028875 15.000000000000215
    vertex 365.6920559323706 -385.27555563028875 5.000000000000218
  endloop
endfacet
facet normal 0.6087614290094963 -0.79335334029064 -1.4501651146153005e-14
  outer loop
    vertex 364.7867258464811 -385.1563666633404 15.000000000000215
    vertex 364.6313957605906 -385.2755556302894 5.000000000000218
    vertex 364.7867258464811 -385.1563666633401 5.000000000000218
  endloop
endfacet
facet normal 0.6087614290094963 -0.79335334029064 -1.4501651146153005e-14
  outer loop
    vertex 364.6313957605906 -385.2755556302894 5.000000000000218
    vertex 364.7867258464811 -385.1563666633404 15.000000000000215
    vertex 364.6313957605906 -385.27555563028875 15.000000000000215
  endloop
endfacet
facet normal -0.3826834323656811 0.9238795325110417 2.5039512850497284e-15
  outer loop
    vertex 365.35584013030723 -386.5303300858954 15.000000000000215
    vertex 365.53672584648064 -386.4554047690168 5.000000000000218
    vertex 365.35584013030723 -386.5303300858957 5.000000000000218
  endloop
endfacet
facet normal -0.3826834323656811 0.9238795325110417 2.5039512850497284e-15
  outer loop
    vertex 365.53672584648064 -386.4554047690168 5.000000000000218
    vertex 365.35584013030723 -386.5303300858954 15.000000000000215
    vertex 365.5367258464812 -386.45540476901715 15.000000000000215
  endloop
endfacet
facet normal 0.7933533402909979 -0.6087614290090299 -2.4979371152404245e-14
  outer loop
    vertex 364.6313957605906 -385.2755556302894 5.000000000000218
    vertex 364.5122067936428 -385.4308857161787 15.000000000000215
    vertex 364.51220679364167 -385.4308857161793 5.000000000000218
  endloop
endfacet
facet normal 0.7933533402909979 -0.6087614290090299 -2.4979371152404245e-14
  outer loop
    vertex 364.5122067936428 -385.4308857161787 15.000000000000215
    vertex 364.6313957605906 -385.2755556302894 5.000000000000218
    vertex 364.6313957605906 -385.27555563028875 15.000000000000215
  endloop
endfacet
facet normal -0.38131467322845314 -0.9205750556395026 -0.08450258525633782
  outer loop
    vertex 361.1841397963352 -384.07383490861014 7.000000000000214
    vertex 360.7460554586486 -383.70878791485814 5.000000000000218
    vertex 361.26967749718455 -383.92567926477733 5.000000000000218
  endloop
endfacet
facet normal -0.38131467322845314 -0.9205750556395026 -0.08450258525633782
  outer loop
    vertex 360.7460554586486 -383.70878791485814 5.000000000000218
    vertex 361.1841397963352 -384.07383490861014 7.000000000000214
    vertex 360.70177788654047 -383.8740340636008 7.000000000000214
  endloop
endfacet
facet normal 0.6087614290086714 0.7933533402912729 -4.80650638017102e-15
  outer loop
    vertex 364.6313957605906 -386.33621580206875 15.000000000000215
    vertex 364.7867258464811 -386.45540476901715 5.000000000000218
    vertex 364.6313957605906 -386.33621580206875 5.000000000000218
  endloop
endfacet
facet normal 0.6087614290086714 0.7933533402912729 -4.80650638017102e-15
  outer loop
    vertex 364.7867258464811 -386.45540476901715 5.000000000000218
    vertex 364.6313957605906 -386.33621580206875 15.000000000000215
    vertex 364.7867258464811 -386.45540476901715 15.000000000000215
  endloop
endfacet
facet normal -0.3813146732281869 0.9205750556396102 -0.08450258525636918
  outer loop
    vertex 360.70177788654047 -387.737737368757 7.000000000000214
    vertex 361.26967749718455 -387.6860921675808 5.000000000000218
    vertex 360.7460554586486 -387.9029835175 5.000000000000218
  endloop
endfacet
facet normal -0.3813146732281869 0.9205750556396102 -0.08450258525636918
  outer loop
    vertex 361.26967749718455 -387.6860921675808 5.000000000000218
    vertex 360.70177788654047 -387.737737368757 7.000000000000214
    vertex 361.1841397963352 -387.537936523748 7.000000000000214
  endloop
endfacet
facet normal -0.9365313764637008 -0.32628116111002403 0.1282559347698981
  outer loop
    vertex 231.72831272260524 -427.3901584726986 16.753599999994933
    vertex 231.3615717296443 -427.42947748996124 13.975611580289932
    vertex 231.66021018700286 -427.42947748996124 16.156284825830497
  endloop
endfacet
facet normal -0.9365313764637008 -0.32628116111002403 0.1282559347698981
  outer loop
    vertex 231.3615717296443 -427.42947748996124 13.975611580289932
    vertex 231.72831272260524 -427.3901584726986 16.753599999994933
    vertex 228.774942475892 -420.66264294628405 12.302637742063185
  endloop
endfacet
facet normal 0.9205750556397863 0.38131467322777196 -0.08450258525632143
  outer loop
    vertex 358.0870419950154 -386.36780137849195 5.000000000000218
    vertex 358.4520889887665 -386.8058857161791 7.000000000000214
    vertex 358.303933344934 -386.89142341702814 5.000000000000218
  endloop
endfacet
facet normal 0.9205750556397863 0.38131467322777196 -0.08450258525632143
  outer loop
    vertex 358.4520889887665 -386.8058857161791 7.000000000000214
    vertex 358.0870419950154 -386.36780137849195 5.000000000000218
    vertex 358.25228814375777 -386.32352380638406 7.000000000000214
  endloop
endfacet
facet normal -0.9238795325113685 -0.3826834323648928 3.3347991805970666e-15
  outer loop
    vertex 365.8112448993195 -385.4308857161787 15.000000000000215
    vertex 365.8861702161972 -385.6117714323518 5.000000000000218
    vertex 365.8861702161972 -385.6117714323518 15.000000000000215
  endloop
endfacet
facet normal -0.9238795325113685 -0.3826834323648928 3.3347991805970666e-15
  outer loop
    vertex 365.8861702161972 -385.6117714323518 5.000000000000218
    vertex 365.8112448993195 -385.4308857161787 15.000000000000215
    vertex 365.8112448993195 -385.4308857161787 5.000000000000218
  endloop
endfacet
facet normal 0.4855734060793024 0.3725935791295387 0.79081760988232
  outer loop
    vertex 374.5699858336486 -383.31586399182834 5.368272016349579
    vertex 374.0562372829152 -381.8646886101506 5.000000000000218
    vertex 373.71686743907867 -382.20405845398716 5.368272016349579
  endloop
endfacet
facet normal 0.4855734060793024 0.3725935791295387 0.79081760988232
  outer loop
    vertex 374.0562372829152 -381.8646886101506 5.000000000000218
    vertex 374.5699858336486 -383.31586399182834 5.368272016349579
    vertex 374.9856273093923 -383.0758932739211 5.000000000000218
  endloop
endfacet
facet normal -0.991444861373743 0.13052619222056328 1.0545472735222981e-14
  outer loop
    vertex 365.8861702161972 -386.0000000000057 15.000000000000215
    vertex 365.9117258464807 -385.80588571617903 5.000000000000218
    vertex 365.8861702161972 -386.00000000000597 5.000000000000218
  endloop
endfacet
facet normal -0.991444861373743 0.13052619222056328 1.0545472735222981e-14
  outer loop
    vertex 365.9117258464807 -385.80588571617903 5.000000000000218
    vertex 365.8861702161972 -386.0000000000057 15.000000000000215
    vertex 365.9117258464807 -385.80588571617875 15.000000000000215
  endloop
endfacet
facet normal 0.7933533402909977 0.60876142900903 -2.8640121371732287e-15
  outer loop
    vertex 364.5122067936428 -386.18088571617886 5.000000000000218
    vertex 364.6313957605906 -386.33621580206875 15.000000000000215
    vertex 364.6313957605906 -386.33621580206875 5.000000000000218
  endloop
endfacet
facet normal 0.7933533402909977 0.60876142900903 -2.8640121371732287e-15
  outer loop
    vertex 364.6313957605906 -386.33621580206875 15.000000000000215
    vertex 364.5122067936428 -386.18088571617886 5.000000000000218
    vertex 364.5122067936428 -386.18088571617886 15.000000000000215
  endloop
endfacet
facet normal 0.6065840476599442 -0.790515721671296 -0.08450258525624295
  outer loop
    vertex 359.18413979633567 -384.07383490861014 7.000000000000214
    vertex 358.64895765732734 -384.2707035771713 5.000000000000218
    vertex 359.0986020954864 -383.92567926477733 5.000000000000218
  endloop
endfacet
facet normal 0.6065840476599442 -0.790515721671296 -0.08450258525624295
  outer loop
    vertex 358.64895765732734 -384.2707035771713 5.000000000000218
    vertex 359.18413979633567 -384.07383490861014 7.000000000000214
    vertex 358.76992623396217 -384.3916721538058 7.000000000000214
  endloop
endfacet
facet normal 0.0 0.0 -0.9999999999999999
  outer loop
    vertex 364.4372814767639 -385.6117714323518 15.000000000000215
    vertex 364.4372814767639 -386.0000000000057 15.000000000000215
    vertex 364.41172584648046 -385.80588571617875 15.000000000000215
  endloop
endfacet
facet normal 0.0 0.0 -0.9999999999999999
  outer loop
    vertex 364.4372814767639 -386.0000000000057 15.000000000000215
    vertex 364.4372814767639 -385.6117714323518 15.000000000000215
    vertex 364.5122067936428 -385.4308857161787 15.000000000000215
  endloop
endfacet
facet normal 0.0 0.0 -0.9999999999999999
  outer loop
    vertex 364.4372814767639 -386.0000000000057 15.000000000000215
    vertex 364.5122067936428 -385.4308857161787 15.000000000000215
    vertex 364.5122067936428 -386.18088571617886 15.000000000000215
  endloop
endfacet
facet normal 0.0 0.0 -0.9999999999999999
  outer loop
    vertex 364.5122067936428 -386.18088571617886 15.000000000000215
    vertex 364.5122067936428 -385.4308857161787 15.000000000000215
    vertex 364.6313957605906 -385.27555563028875 15.000000000000215
  endloop
endfacet
facet normal 0.0 0.0 -0.9999999999999999
  outer loop
    vertex 364.5122067936428 -386.18088571617886 15.000000000000215
    vertex 364.6313957605906 -385.27555563028875 15.000000000000215
    vertex 364.6313957605906 -386.33621580206875 15.000000000000215
  endloop
endfacet
facet normal 0.0 0.0 -0.9999999999999999
  outer loop
    vertex 364.6313957605906 -386.33621580206875 15.000000000000215
    vertex 364.6313957605906 -385.27555563028875 15.000000000000215
    vertex 364.7867258464811 -385.1563666633404 15.000000000000215
  endloop
endfacet
facet normal 0.0 0.0 -0.9999999999999999
  outer loop
    vertex 364.6313957605906 -386.33621580206875 15.000000000000215
    vertex 364.7867258464811 -385.1563666633404 15.000000000000215
    vertex 364.7867258464811 -386.45540476901715 15.000000000000215
  endloop
endfacet
facet normal 0.0 0.0 -0.9999999999999999
  outer loop
    vertex 364.7867258464811 -386.45540476901715 15.000000000000215
    vertex 364.7867258464811 -385.1563666633404 15.000000000000215
    vertex 364.9676115626539 -385.0814413464618 15.000000000000215
  endloop
endfacet
facet normal 0.0 0.0 -0.9999999999999999
  outer loop
    vertex 364.7867258464811 -386.45540476901715 15.000000000000215
    vertex 364.9676115626539 -385.0814413464618 15.000000000000215
    vertex 364.9676115626539 -386.5303300858954 15.000000000000215
  endloop
endfacet
facet normal 0.0 0.0 -0.9999999999999999
  outer loop
    vertex 364.9676115626539 -386.5303300858954 15.000000000000215
    vertex 364.9676115626539 -385.0814413464618 15.000000000000215
    vertex 365.1617258464806 -385.05588571617864 15.000000000000215
  endloop
endfacet
facet normal 0.0 0.0 -0.9999999999999999
  outer loop
    vertex 364.9676115626539 -386.5303300858954 15.000000000000215
    vertex 365.1617258464806 -385.05588571617864 15.000000000000215
    vertex 365.1617258464806 -386.5558857161786 15.000000000000215
  endloop
endfacet
facet normal 0.0 0.0 -0.9999999999999999
  outer loop
    vertex 365.1617258464806 -386.5558857161786 15.000000000000215
    vertex 365.1617258464806 -385.05588571617864 15.000000000000215
    vertex 365.35584013030723 -385.0814413464618 15.000000000000215
  endloop
endfacet
facet normal 0.0 0.0 -0.9999999999999999
  outer loop
    vertex 365.1617258464806 -386.5558857161786 15.000000000000215
    vertex 365.35584013030723 -385.0814413464618 15.000000000000215
    vertex 365.35584013030723 -386.5303300858954 15.000000000000215
  endloop
endfacet
facet normal 0.0 0.0 -0.9999999999999999
  outer loop
    vertex 365.35584013030723 -386.5303300858954 15.000000000000215
    vertex 365.35584013030723 -385.0814413464618 15.000000000000215
    vertex 365.53672584648064 -385.1563666633404 15.000000000000215
  endloop
endfacet
facet normal 0.0 0.0 -0.9999999999999999
  outer loop
    vertex 365.35584013030723 -386.5303300858954 15.000000000000215
    vertex 365.53672584648064 -385.1563666633404 15.000000000000215
    vertex 365.5367258464812 -386.45540476901715 15.000000000000215
  endloop
endfacet
facet normal 0.0 0.0 -0.9999999999999999
  outer loop
    vertex 365.5367258464812 -386.45540476901715 15.000000000000215
    vertex 365.53672584648064 -385.1563666633404 15.000000000000215
    vertex 365.6920559323706 -385.27555563028875 15.000000000000215
  endloop
endfacet
facet normal 0.0 0.0 -0.9999999999999999
  outer loop
    vertex 365.5367258464812 -386.45540476901715 15.000000000000215
    vertex 365.6920559323706 -385.27555563028875 15.000000000000215
    vertex 365.6920559323706 -386.33621580206875 15.000000000000215
  endloop
endfacet
facet normal 0.0 0.0 -0.9999999999999999
  outer loop
    vertex 365.6920559323706 -386.33621580206875 15.000000000000215
    vertex 365.6920559323706 -385.27555563028875 15.000000000000215
    vertex 365.8112448993195 -385.4308857161787 15.000000000000215
  endloop
endfacet
facet normal 0.0 0.0 -0.9999999999999999
  outer loop
    vertex 365.6920559323706 -386.33621580206875 15.000000000000215
    vertex 365.8112448993195 -385.4308857161787 15.000000000000215
    vertex 365.8112448993195 -386.18088571617886 15.000000000000215
  endloop
endfacet
facet normal 0.0 0.0 -0.9999999999999999
  outer loop
    vertex 365.8112448993195 -386.18088571617886 15.000000000000215
    vertex 365.8112448993195 -385.4308857161787 15.000000000000215
    vertex 365.8861702161972 -385.6117714323518 15.000000000000215
  endloop
endfacet
facet normal 0.0 0.0 -0.9999999999999999
  outer loop
    vertex 365.8112448993195 -386.18088571617886 15.000000000000215
    vertex 365.8861702161972 -385.6117714323518 15.000000000000215
    vertex 365.8861702161972 -386.0000000000057 15.000000000000215
  endloop
endfacet
facet normal 0.0 0.0 -0.9999999999999999
  outer loop
    vertex 365.8861702161972 -386.0000000000057 15.000000000000215
    vertex 365.8861702161972 -385.6117714323518 15.000000000000215
    vertex 365.9117258464807 -385.80588571617875 15.000000000000215
  endloop
endfacet
facet normal 0.9238795325118693 -0.3826834323636833 -2.229743941887842e-14
  outer loop
    vertex 364.51220679364167 -385.4308857161793 5.000000000000218
    vertex 364.4372814767639 -385.6117714323518 15.000000000000215
    vertex 364.4372814767639 -385.6117714323518 5.000000000000218
  endloop
endfacet
facet normal 0.9238795325118693 -0.3826834323636833 -2.229743941887842e-14
  outer loop
    vertex 364.4372814767639 -385.6117714323518 15.000000000000215
    vertex 364.51220679364167 -385.4308857161793 5.000000000000218
    vertex 364.5122067936428 -385.4308857161787 15.000000000000215
  endloop
endfacet
facet normal -0.13005933396804506 0.9878987208883172 -0.08450258525640063
  outer loop
    vertex 360.18413979633544 -387.80588571617886 7.000000000000214
    vertex 360.7460554586486 -387.9029835175 5.000000000000218
    vertex 360.18413979633544 -387.9769611178766 5.000000000000218
  endloop
endfacet
facet normal -0.13005933396804506 0.9878987208883172 -0.08450258525640063
  outer loop
    vertex 360.7460554586486 -387.9029835175 5.000000000000218
    vertex 360.18413979633544 -387.80588571617886 7.000000000000214
    vertex 360.70177788654047 -387.737737368757 7.000000000000214
  endloop
endfacet
facet normal 0.9238795325115434 0.3826834323644701 5.623443515855449e-15
  outer loop
    vertex 364.4372814767639 -386.0000000000063 5.000000000000218
    vertex 364.5122067936428 -386.18088571617886 15.000000000000215
    vertex 364.5122067936428 -386.18088571617886 5.000000000000218
  endloop
endfacet
facet normal 0.9238795325115434 0.3826834323644701 5.623443515855449e-15
  outer loop
    vertex 364.5122067936428 -386.18088571617886 15.000000000000215
    vertex 364.4372814767639 -386.0000000000063 5.000000000000218
    vertex 364.4372814767639 -386.0000000000057 15.000000000000215
  endloop
endfacet
facet normal 0.13052619222069375 0.9914448613737258 -1.5963578861002767e-14
  outer loop
    vertex 364.9676115626539 -386.5303300858954 15.000000000000215
    vertex 365.1617258464806 -386.55588571617886 5.000000000000218
    vertex 364.9676115626539 -386.5303300858954 5.000000000000218
  endloop
endfacet
facet normal 0.13052619222069375 0.9914448613737258 -1.5963578861002767e-14
  outer loop
    vertex 365.1617258464806 -386.55588571617886 5.000000000000218
    vertex 364.9676115626539 -386.5303300858954 15.000000000000215
    vertex 365.1617258464806 -386.5558857161786 15.000000000000215
  endloop
endfacet
facet normal 0.23422211550207322 0.5654622078526164 0.7908176098824417
  outer loop
    vertex 372.60506190123715 -381.3509400594172 5.368272016349579
    vertex 371.434554914306 -380.3510595889042 5.000000000000218
    vertex 371.3103369301831 -380.81464741686364 5.368272016349579
  endloop
endfacet
facet normal 0.23422211550207322 0.5654622078526164 0.7908176098824417
  outer loop
    vertex 371.434554914306 -380.3510595889042 5.000000000000218
    vertex 372.60506190123715 -381.3509400594172 5.368272016349579
    vertex 372.8450326191447 -380.9352985836735 5.000000000000218
  endloop
endfacet
facet normal 0.916108580591062 -0.37946459868719223 0.12942830799557592
  outer loop
    vertex 236.06103482758763 -400.6959264988435 10.523580981315947
    vertex 233.22416961443503 -406.5295238724423 13.49999999999496
    vertex 233.60267054499877 -406.63094289112144 10.523580981315947
  endloop
endfacet
facet normal 0.916108580591062 -0.37946459868719223 0.12942830799557592
  outer loop
    vertex 233.22416961443503 -406.5295238724423 13.49999999999496
    vertex 236.06103482758763 -400.6959264988435 10.523580981315947
    vertex 235.72168017705147 -400.50000000000557 13.49999999999496
  endloop
endfacet
facet normal 0.37259357912952706 0.48557340607931143 0.7908176098823199
  outer loop
    vertex 373.71686743907867 -382.20405845398716 5.368272016349579
    vertex 372.8450326191447 -380.9352985836735 5.000000000000218
    vertex 372.60506190123715 -381.3509400594172 5.368272016349579
  endloop
endfacet
facet normal 0.37259357912952706 0.48557340607931143 0.7908176098823199
  outer loop
    vertex 372.8450326191447 -380.9352985836735 5.000000000000218
    vertex 373.71686743907867 -382.20405845398716 5.368272016349579
    vertex 374.0562372829152 -381.8646886101506 5.000000000000218
  endloop
endfacet
facet normal 0.9878987208882863 0.13005933396838204 -0.08450258525624157
  outer loop
    vertex 358.0130643946379 -385.80588571617903 5.000000000000218
    vertex 358.25228814375777 -386.32352380638406 7.000000000000214
    vertex 358.0870419950154 -386.36780137849195 5.000000000000218
  endloop
endfacet
facet normal 0.9878987208882863 0.13005933396838204 -0.08450258525624157
  outer loop
    vertex 358.25228814375777 -386.32352380638406 7.000000000000214
    vertex 358.0130643946379 -385.80588571617903 5.000000000000218
    vertex 358.1841397963359 -385.80588571617903 7.000000000000214
  endloop
endfacet
facet normal -0.9878987208882842 -0.13005933396834737 -0.08450258525632126
  outer loop
    vertex 362.1159914489131 -385.28824762597407 7.000000000000214
    vertex 362.3552151980336 -385.80588571617903 5.000000000000218
    vertex 362.184139796335 -385.80588571617903 7.000000000000214
  endloop
endfacet
facet normal -0.9878987208882842 -0.13005933396834737 -0.08450258525632126
  outer loop
    vertex 362.3552151980336 -385.80588571617903 5.000000000000218
    vertex 362.1159914489131 -385.28824762597407 7.000000000000214
    vertex 362.2812375976566 -385.24397005386624 5.000000000000218
  endloop
endfacet
facet normal -0.9914448613738274 -0.1305261922199241 5.4632491457432915e-15
  outer loop
    vertex 365.9117258464807 -385.80588571617875 15.000000000000215
    vertex 365.8861702161972 -385.6117714323518 5.000000000000218
    vertex 365.9117258464807 -385.80588571617903 5.000000000000218
  endloop
endfacet
facet normal -0.9914448613738274 -0.1305261922199241 5.4632491457432915e-15
  outer loop
    vertex 365.8861702161972 -385.6117714323518 5.000000000000218
    vertex 365.9117258464807 -385.80588571617875 15.000000000000215
    vertex 365.8861702161972 -385.6117714323518 15.000000000000215
  endloop
endfacet
facet normal -0.7901097653258639 -0.16798591564953794 0.589497490138927
  outer loop
    vertex 226.01494247589267 -421.40218271739394 7.353541135695537
    vertex 228.43307422475849 -427.42947748996124 8.8770232410266
    vertex 230.04969425302852 -427.42947748996124 11.043796285058592
  endloop
endfacet
facet normal -0.3826834323651087 -0.9238795325112789 1.8778129768202496e-14
  outer loop
    vertex 365.53672584648064 -385.1563666633404 15.000000000000215
    vertex 365.35584013030723 -385.08144134646216 5.000000000000218
    vertex 365.53672584648064 -385.1563666633404 5.000000000000218
  endloop
endfacet
facet normal -0.3826834323651087 -0.9238795325112789 1.8778129768202496e-14
  outer loop
    vertex 365.35584013030723 -385.08144134646216 5.000000000000218
    vertex 365.53672584648064 -385.1563666633404 15.000000000000215
    vertex 365.35584013030723 -385.0814413464618 15.000000000000215
  endloop
endfacet
facet normal 0.0 0.0 -0.9999999999999999
  outer loop
    vertex 358.25228814375777 -385.28824762597407 7.000000000000214
    vertex 358.25228814375777 -386.32352380638406 7.000000000000214
    vertex 358.1841397963359 -385.80588571617903 7.000000000000214
  endloop
endfacet
facet normal 0.0 0.0 -0.9999999999999999
  outer loop
    vertex 358.25228814375777 -386.32352380638406 7.000000000000214
    vertex 358.25228814375777 -385.28824762597407 7.000000000000214
    vertex 358.4520889887665 -384.805885716179 7.000000000000214
  endloop
endfacet
facet normal 0.0 0.0 -0.9999999999999999
  outer loop
    vertex 358.25228814375777 -386.32352380638406 7.000000000000214
    vertex 358.4520889887665 -384.805885716179 7.000000000000214
    vertex 358.4520889887665 -386.8058857161791 7.000000000000214
  endloop
endfacet
facet normal 0.0 0.0 -0.9999999999999999
  outer loop
    vertex 358.4520889887665 -386.8058857161791 7.000000000000214
    vertex 358.4520889887665 -384.805885716179 7.000000000000214
    vertex 358.76992623396217 -384.3916721538058 7.000000000000214
  endloop
endfacet
facet normal 0.0 0.0 -0.9999999999999999
  outer loop
    vertex 358.4520889887665 -386.8058857161791 7.000000000000214
    vertex 358.76992623396217 -384.3916721538058 7.000000000000214
    vertex 358.76992623396217 -387.220099278552 7.000000000000214
  endloop
endfacet
facet normal 0.0 0.0 -0.9999999999999999
  outer loop
    vertex 358.76992623396217 -387.220099278552 7.000000000000214
    vertex 358.76992623396217 -384.3916721538058 7.000000000000214
    vertex 359.18413979633567 -384.07383490861014 7.000000000000214
  endloop
endfacet
facet normal 0.0 0.0 -0.9999999999999999
  outer loop
    vertex 358.76992623396217 -387.220099278552 7.000000000000214
    vertex 359.18413979633567 -384.07383490861014 7.000000000000214
    vertex 359.18413979633567 -387.537936523748 7.000000000000214
  endloop
endfacet
facet normal 0.0 0.0 -0.9999999999999999
  outer loop
    vertex 359.18413979633567 -387.537936523748 7.000000000000214
    vertex 359.18413979633567 -384.07383490861014 7.000000000000214
    vertex 359.6665017061305 -383.8740340636008 7.000000000000214
  endloop
endfacet
facet normal 0.0 0.0 -0.9999999999999999
  outer loop
    vertex 359.18413979633567 -387.537936523748 7.000000000000214
    vertex 359.6665017061305 -383.8740340636008 7.000000000000214
    vertex 359.6665017061305 -387.737737368757 7.000000000000214
  endloop
endfacet
facet normal 0.0 0.0 -0.9999999999999999
  outer loop
    vertex 359.6665017061305 -387.737737368757 7.000000000000214
    vertex 359.6665017061305 -383.8740340636008 7.000000000000214
    vertex 360.18413979633544 -383.8058857161789 7.000000000000214
  endloop
endfacet
facet normal 0.0 0.0 -0.9999999999999999
  outer loop
    vertex 359.6665017061305 -387.737737368757 7.000000000000214
    vertex 360.18413979633544 -383.8058857161789 7.000000000000214
    vertex 360.18413979633544 -387.80588571617886 7.000000000000214
  endloop
endfacet
facet normal 0.0 0.0 -0.9999999999999999
  outer loop
    vertex 360.18413979633544 -387.80588571617886 7.000000000000214
    vertex 360.18413979633544 -383.8058857161789 7.000000000000214
    vertex 360.70177788654047 -383.8740340636008 7.000000000000214
  endloop
endfacet
facet normal 0.0 0.0 -0.9999999999999999
  outer loop
    vertex 360.18413979633544 -387.80588571617886 7.000000000000214
    vertex 360.70177788654047 -383.8740340636008 7.000000000000214
    vertex 360.70177788654047 -387.737737368757 7.000000000000214
  endloop
endfacet
facet normal 0.0 0.0 -0.9999999999999999
  outer loop
    vertex 360.70177788654047 -387.737737368757 7.000000000000214
    vertex 360.70177788654047 -383.8740340636008 7.000000000000214
    vertex 361.1841397963352 -384.07383490861014 7.000000000000214
  endloop
endfacet
facet normal 0.0 0.0 -0.9999999999999999
  outer loop
    vertex 360.70177788654047 -387.737737368757 7.000000000000214
    vertex 361.1841397963352 -384.07383490861014 7.000000000000214
    vertex 361.1841397963352 -387.537936523748 7.000000000000214
  endloop
endfacet
facet normal 0.0 0.0 -0.9999999999999999
  outer loop
    vertex 361.1841397963352 -387.537936523748 7.000000000000214
    vertex 361.1841397963352 -384.07383490861014 7.000000000000214
    vertex 361.5983533587087 -384.3916721538058 7.000000000000214
  endloop
endfacet
facet normal 0.0 0.0 -0.9999999999999999
  outer loop
    vertex 361.1841397963352 -387.537936523748 7.000000000000214
    vertex 361.5983533587087 -384.3916721538058 7.000000000000214
    vertex 361.5983533587087 -387.220099278552 7.000000000000214
  endloop
endfacet
facet normal 0.0 0.0 -0.9999999999999999
  outer loop
    vertex 361.5983533587087 -387.220099278552 7.000000000000214
    vertex 361.5983533587087 -384.3916721538058 7.000000000000214
    vertex 361.9161906039044 -384.805885716179 7.000000000000214
  endloop
endfacet
facet normal 0.0 0.0 -0.9999999999999999
  outer loop
    vertex 361.5983533587087 -387.220099278552 7.000000000000214
    vertex 361.9161906039044 -384.805885716179 7.000000000000214
    vertex 361.9161906039044 -386.8058857161788 7.000000000000214
  endloop
endfacet
facet normal 0.0 0.0 -0.9999999999999999
  outer loop
    vertex 361.9161906039044 -386.8058857161788 7.000000000000214
    vertex 361.9161906039044 -384.805885716179 7.000000000000214
    vertex 362.1159914489131 -385.28824762597407 7.000000000000214
  endloop
endfacet
facet normal 0.0 0.0 -0.9999999999999999
  outer loop
    vertex 361.9161906039044 -386.8058857161788 7.000000000000214
    vertex 362.1159914489131 -385.28824762597407 7.000000000000214
    vertex 362.1159914489131 -386.32352380638406 7.000000000000214
  endloop
endfacet
facet normal 0.0 0.0 -0.9999999999999999
  outer loop
    vertex 362.1159914489131 -386.32352380638406 7.000000000000214
    vertex 362.1159914489131 -385.28824762597407 7.000000000000214
    vertex 362.184139796335 -385.80588571617903 7.000000000000214
  endloop
endfacet
facet normal -0.920575055639635 0.3813146732281339 -0.08450258525633791
  outer loop
    vertex 361.9161906039044 -386.8058857161788 7.000000000000214
    vertex 362.2812375976566 -386.36780137849195 5.000000000000218
    vertex 362.0643462477369 -386.8914234170278 5.000000000000218
  endloop
endfacet
facet normal -0.920575055639635 0.3813146732281339 -0.08450258525633791
  outer loop
    vertex 362.2812375976566 -386.36780137849195 5.000000000000218
    vertex 361.9161906039044 -386.8058857161788 7.000000000000214
    vertex 362.1159914489131 -386.32352380638406 7.000000000000214
  endloop
endfacet
facet normal 0.3813146732284955 -0.9205750556394869 -0.08450258525631942
  outer loop
    vertex 359.6665017061305 -383.8740340636008 7.000000000000214
    vertex 359.0986020954864 -383.92567926477733 5.000000000000218
    vertex 359.6222241340223 -383.70878791485814 5.000000000000218
  endloop
endfacet
facet normal 0.3813146732284955 -0.9205750556394869 -0.08450258525631942
  outer loop
    vertex 359.0986020954864 -383.92567926477733 5.000000000000218
    vertex 359.6665017061305 -383.8740340636008 7.000000000000214
    vertex 359.18413979633567 -384.07383490861014 7.000000000000214
  endloop
endfacet
facet normal 0.13005933396828798 0.9878987208882908 -0.08450258525633653
  outer loop
    vertex 359.6665017061305 -387.737737368757 7.000000000000214
    vertex 360.18413979633544 -387.9769611178766 5.000000000000218
    vertex 359.6222241340223 -387.90298351749965 5.000000000000218
  endloop
endfacet
facet normal 0.13005933396828798 0.9878987208882908 -0.08450258525633653
  outer loop
    vertex 360.18413979633544 -387.9769611178766 5.000000000000218
    vertex 359.6665017061305 -387.737737368757 7.000000000000214
    vertex 360.18413979633544 -387.80588571617886 7.000000000000214
  endloop
endfacet
facet normal 0.9205750556396207 -0.3813146732281711 -0.08450258525632445
  outer loop
    vertex 358.08704199501426 -385.24397005386624 5.000000000000218
    vertex 358.4520889887665 -384.805885716179 7.000000000000214
    vertex 358.25228814375777 -385.28824762597407 7.000000000000214
  endloop
endfacet
facet normal 0.9205750556396207 -0.3813146732281711 -0.08450258525632445
  outer loop
    vertex 358.4520889887665 -384.805885716179 7.000000000000214
    vertex 358.08704199501426 -385.24397005386624 5.000000000000218
    vertex 358.303933344934 -384.72034801533056 5.000000000000218
  endloop
endfacet
facet normal 0.1300593339682918 -0.98789872088829 -0.08450258525633782
  outer loop
    vertex 360.18413979633544 -383.8058857161789 7.000000000000214
    vertex 359.6222241340223 -383.70878791485814 5.000000000000218
    vertex 360.18413979633544 -383.6348103144812 5.000000000000218
  endloop
endfacet
facet normal 0.1300593339682918 -0.98789872088829 -0.08450258525633782
  outer loop
    vertex 359.6222241340223 -383.70878791485814 5.000000000000218
    vertex 360.18413979633544 -383.8058857161789 7.000000000000214
    vertex 359.6665017061305 -383.8740340636008 7.000000000000214
  endloop
endfacet
facet normal 0.9878987208883123 -0.1300593339681452 -0.08450258525630361
  outer loop
    vertex 358.08704199501426 -385.24397005386624 5.000000000000218
    vertex 358.1841397963359 -385.80588571617903 7.000000000000214
    vertex 358.0130643946379 -385.80588571617903 5.000000000000218
  endloop
endfacet
facet normal 0.9878987208883123 -0.1300593339681452 -0.08450258525630361
  outer loop
    vertex 358.1841397963359 -385.80588571617903 7.000000000000214
    vertex 358.08704199501426 -385.24397005386624 5.000000000000218
    vertex 358.25228814375777 -385.28824762597407 7.000000000000214
  endloop
endfacet
facet normal 0.13052619221786582 -0.991444861374098 1.3018925480004882e-14
  outer loop
    vertex 365.1617258464806 -385.05588571617864 15.000000000000215
    vertex 364.9676115626539 -385.08144134646153 5.000000000000218
    vertex 365.1617258464806 -385.0558857161792 5.000000000000218
  endloop
endfacet
facet normal 0.13052619221786582 -0.991444861374098 1.3018925480004882e-14
  outer loop
    vertex 364.9676115626539 -385.08144134646153 5.000000000000218
    vertex 365.1617258464806 -385.05588571617864 15.000000000000215
    vertex 364.9676115626539 -385.0814413464618 15.000000000000215
  endloop
endfacet
facet normal 0.0798888017734431 0.6068156946313626 0.7908176098824938
  outer loop
    vertex 371.3103369301831 -380.81464741686364 5.368272016349579
    vertex 369.9209258930604 -380.1517865478366 5.000000000000218
    vertex 369.9209258930604 -380.6317279836507 5.368272016349579
  endloop
endfacet
facet normal 0.0798888017734431 0.6068156946313626 0.7908176098824938
  outer loop
    vertex 369.9209258930604 -380.1517865478366 5.000000000000218
    vertex 371.3103369301831 -380.81464741686364 5.368272016349579
    vertex 371.434554914306 -380.3510595889042 5.000000000000218
  endloop
endfacet
facet normal -0.7905157216712255 0.6065840476600186 -0.08450258525636654
  outer loop
    vertex 361.5983533587087 -387.220099278552 7.000000000000214
    vertex 362.0643462477369 -386.8914234170278 5.000000000000218
    vertex 361.71932193534354 -387.34106785518685 5.000000000000218
  endloop
endfacet
facet normal -0.7905157216712255 0.6065840476600186 -0.08450258525636654
  outer loop
    vertex 362.0643462477369 -386.8914234170278 5.000000000000218
    vertex 361.5983533587087 -387.220099278552 7.000000000000214
    vertex 361.9161906039044 -386.8058857161788 7.000000000000214
  endloop
endfacet
facet normal -0.6065840476598877 -0.7905157216713324 -0.0845025852563081
  outer loop
    vertex 361.5983533587087 -384.3916721538058 7.000000000000214
    vertex 361.26967749718455 -383.92567926477733 5.000000000000218
    vertex 361.71932193534354 -384.2707035771713 5.000000000000218
  endloop
endfacet
facet normal -0.6065840476598877 -0.7905157216713324 -0.0845025852563081
  outer loop
    vertex 361.26967749718455 -383.92567926477733 5.000000000000218
    vertex 361.5983533587087 -384.3916721538058 7.000000000000214
    vertex 361.1841397963352 -384.07383490861014 7.000000000000214
  endloop
endfacet
facet normal -0.790515721671406 -0.6065840476598011 -0.08450258525623977
  outer loop
    vertex 361.5983533587087 -384.3916721538058 7.000000000000214
    vertex 362.0643462477369 -384.7203480153302 5.000000000000218
    vertex 361.9161906039044 -384.805885716179 7.000000000000214
  endloop
endfacet
facet normal -0.790515721671406 -0.6065840476598011 -0.08450258525623977
  outer loop
    vertex 362.0643462477369 -384.7203480153302 5.000000000000218
    vertex 361.5983533587087 -384.3916721538058 7.000000000000214
    vertex 361.71932193534354 -384.2707035771713 5.000000000000218
  endloop
endfacet
facet normal -0.7798327573973873 -0.14991837955285167 0.6077708038086683
  outer loop
    vertex 227.70962224026795 -420.9480946431003 9.639999999994975
    vertex 230.04969425302852 -427.42947748996124 11.043796285058592
    vertex 230.2371062281841 -427.42947748996124 11.284265219135468
  endloop
endfacet
facet normal -0.7798327573973873 -0.14991837955285167 0.6077708038086683
  outer loop
    vertex 230.04969425302852 -427.42947748996124 11.043796285058592
    vertex 227.70962224026795 -420.9480946431003 9.639999999994975
    vertex 226.01494247589267 -421.40218271739394 7.353541135695537
  endloop
endfacet
facet normal -0.8066653822105752 0.042233520608989245 0.5894974901388782
  outer loop
    vertex 225.00404325530747 -413.0000000000056 5.368272016349652
    vertex 226.01494247589267 -421.40218271739394 7.353541135695537
    vertex 227.70962224026795 -420.9480946431003 9.639999999994975
  endloop
endfacet
facet normal 0.7905157216709879 0.606584047660327 -0.08450258525637722
  outer loop
    vertex 358.303933344934 -386.89142341702814 5.000000000000218
    vertex 358.76992623396217 -387.220099278552 7.000000000000214
    vertex 358.64895765732734 -387.34106785518685 5.000000000000218
  endloop
endfacet
facet normal 0.7905157216709879 0.606584047660327 -0.08450258525637722
  outer loop
    vertex 358.76992623396217 -387.220099278552 7.000000000000214
    vertex 358.303933344934 -386.89142341702814 5.000000000000218
    vertex 358.4520889887665 -386.8058857161791 7.000000000000214
  endloop
endfacet
facet normal 0.30456618406693015 -0.7352878122146266 0.6054678131259636
  outer loop
    vertex 371.69127982130027 -389.06634295109546 7.7499999999949
    vertex 371.3103369301831 -391.1853525831475 5.368272016349579
    vertex 372.60506190123715 -390.64905994059393 5.368272016349579
  endloop
endfacet
facet normal 0.30456618406693015 -0.7352878122146266 0.6054678131259636
  outer loop
    vertex 371.3103369301831 -391.1853525831475 5.368272016349579
    vertex 371.69127982130027 -389.06634295109546 7.7499999999949
    vertex 370.8373285194606 -389.4200611619231 7.7499999999949
  endloop
endfacet
facet normal 0.786680272595524 -0.6036410040731467 0.12942830799556712
  outer loop
    vertex 371.99233135116555 -387.19592649884333 10.523580981315876
    vertex 371.3351394554337 -387.41421356237873 13.499999999994888
    vertex 371.61222136731806 -387.6912954742633 10.523580981315876
  endloop
endfacet
facet normal 0.786680272595524 -0.6036410040731467 0.12942830799556712
  outer loop
    vertex 371.3351394554337 -387.41421356237873 13.499999999994888
    vertex 371.99233135116555 -387.19592649884333 10.523580981315876
    vertex 371.6529767006294 -387.00000000000546 13.499999999994888
  endloop
endfacet
facet normal 0.916108580591065 0.3794645986871891 0.12942830799556518
  outer loop
    vertex 372.23127847620185 -385.38094289112166 10.523580981315876
    vertex 371.6529767006294 -385.0000000000057 13.499999999994888
    vertex 371.8527775456381 -385.48236190980043 13.499999999994888
  endloop
endfacet
facet normal 0.916108580591065 0.3794645986871891 0.12942830799556518
  outer loop
    vertex 371.6529767006294 -385.0000000000057 13.499999999994888
    vertex 372.23127847620185 -385.38094289112166 10.523580981315876
    vertex 371.99233135116555 -384.8040735011678 10.523580981315876
  endloop
endfacet
facet normal 0.91610858059107 -0.3794645986871772 0.12942830799556407
  outer loop
    vertex 372.23127847620185 -386.6190571088895 10.523580981315876
    vertex 371.6529767006294 -387.00000000000546 13.499999999994888
    vertex 371.99233135116555 -387.19592649884333 10.523580981315876
  endloop
endfacet
facet normal 0.91610858059107 -0.3794645986871772 0.12942830799556407
  outer loop
    vertex 371.6529767006294 -387.00000000000546 13.499999999994888
    vertex 372.23127847620185 -386.6190571088895 10.523580981315876
    vertex 371.8527775456381 -386.51763809021065 13.499999999994888
  endloop
endfacet
facet normal 0.7352878122146089 0.3045661840669307 0.6054678131259849
  outer loop
    vertex 375.10627847620253 -384.6105889628821 5.368272016349579
    vertex 372.98726884414987 -384.2296460717662 7.7499999999949
    vertex 373.3409870549781 -385.0835973736047 7.7499999999949
  endloop
endfacet
facet normal 0.7352878122146089 0.3045661840669307 0.6054678131259849
  outer loop
    vertex 372.98726884414987 -384.2296460717662 7.7499999999949
    vertex 375.10627847620253 -384.6105889628821 5.368272016349579
    vertex 374.5699858336486 -383.31586399182834 5.368272016349579
  endloop
endfacet
facet normal -0.9205750556395695 -0.3813146732283107 -0.08450258525625287
  outer loop
    vertex 361.9161906039044 -384.805885716179 7.000000000000214
    vertex 362.2812375976566 -385.24397005386624 5.000000000000218
    vertex 362.1159914489131 -385.28824762597407 7.000000000000214
  endloop
endfacet
facet normal -0.9205750556395695 -0.3813146732283107 -0.08450258525625287
  outer loop
    vertex 362.2812375976566 -385.24397005386624 5.000000000000218
    vertex 361.9161906039044 -384.805885716179 7.000000000000214
    vertex 362.0643462477369 -384.7203480153302 5.000000000000218
  endloop
endfacet
facet normal 0.786680272595504 0.6036410040731741 0.12942830799556138
  outer loop
    vertex 371.99233135116555 -384.8040735011678 10.523580981315876
    vertex 371.3351394554337 -384.5857864376324 13.499999999994888
    vertex 371.6529767006294 -385.0000000000057 13.499999999994888
  endloop
endfacet
facet normal 0.786680272595504 0.6036410040731741 0.12942830799556138
  outer loop
    vertex 371.3351394554337 -384.5857864376324 13.499999999994888
    vertex 371.99233135116555 -384.8040735011678 10.523580981315876
    vertex 371.61222136731806 -384.30870452574777 10.523580981315876
  endloop
endfacet
facet normal -0.13005933396829683 -0.9878987208882899 -0.08450258525633246
  outer loop
    vertex 360.70177788654047 -383.8740340636008 7.000000000000214
    vertex 360.18413979633544 -383.6348103144812 5.000000000000218
    vertex 360.7460554586486 -383.70878791485814 5.000000000000218
  endloop
endfacet
facet normal -0.13005933396829683 -0.9878987208882899 -0.08450258525633246
  outer loop
    vertex 360.18413979633544 -383.6348103144812 5.000000000000218
    vertex 360.70177788654047 -383.8740340636008 7.000000000000214
    vertex 360.18413979633544 -383.8058857161789 7.000000000000214
  endloop
endfacet
facet normal -0.6065840476600997 0.790515721671169 -0.0845025852563145
  outer loop
    vertex 361.1841397963352 -387.537936523748 7.000000000000214
    vertex 361.71932193534354 -387.34106785518685 5.000000000000218
    vertex 361.26967749718455 -387.6860921675808 5.000000000000218
  endloop
endfacet
facet normal -0.6065840476600997 0.790515721671169 -0.0845025852563145
  outer loop
    vertex 361.71932193534354 -387.34106785518685 5.000000000000218
    vertex 361.1841397963352 -387.537936523748 7.000000000000214
    vertex 361.5983533587087 -387.220099278552 7.000000000000214
  endloop
endfacet
facet normal 0.7905157216712799 -0.6065840476599653 -0.08450258525624053
  outer loop
    vertex 358.303933344934 -384.72034801533056 5.000000000000218
    vertex 358.76992623396217 -384.3916721538058 7.000000000000214
    vertex 358.4520889887665 -384.805885716179 7.000000000000214
  endloop
endfacet
facet normal 0.7905157216712799 -0.6065840476599653 -0.08450258525624053
  outer loop
    vertex 358.76992623396217 -384.3916721538058 7.000000000000214
    vertex 358.303933344934 -384.72034801533056 5.000000000000218
    vertex 358.64895765732734 -384.2707035771713 5.000000000000218
  endloop
endfacet
facet normal 0.6065840476599378 0.7905157216712952 -0.0845025852562975
  outer loop
    vertex 358.76992623396217 -387.220099278552 7.000000000000214
    vertex 359.09860209548697 -387.6860921675808 5.000000000000218
    vertex 358.64895765732734 -387.34106785518685 5.000000000000218
  endloop
endfacet
facet normal 0.6065840476599378 0.7905157216712952 -0.0845025852562975
  outer loop
    vertex 359.09860209548697 -387.6860921675808 5.000000000000218
    vertex 358.76992623396217 -387.220099278552 7.000000000000214
    vertex 359.18413979633567 -387.537936523748 7.000000000000214
  endloop
endfacet
facet normal -0.13052619221999567 0.9914448613738178 -2.845263735563842e-14
  outer loop
    vertex 365.1617258464806 -386.5558857161786 15.000000000000215
    vertex 365.35584013030723 -386.5303300858957 5.000000000000218
    vertex 365.1617258464806 -386.55588571617886 5.000000000000218
  endloop
endfacet
facet normal -0.13052619221999567 0.9914448613738178 -2.845263735563842e-14
  outer loop
    vertex 365.35584013030723 -386.5303300858957 5.000000000000218
    vertex 365.1617258464806 -386.5558857161786 15.000000000000215
    vertex 365.35584013030723 -386.5303300858954 15.000000000000215
  endloop
endfacet
facet normal -0.9878987208882805 0.13005933396838126 -0.08450258525631242
  outer loop
    vertex 362.1159914489131 -386.32352380638406 7.000000000000214
    vertex 362.3552151980336 -385.80588571617903 5.000000000000218
    vertex 362.2812375976566 -386.36780137849195 5.000000000000218
  endloop
endfacet
facet normal -0.9878987208882805 0.13005933396838126 -0.08450258525631242
  outer loop
    vertex 362.3552151980336 -385.80588571617903 5.000000000000218
    vertex 362.1159914489131 -386.32352380638406 7.000000000000214
    vertex 362.184139796335 -385.80588571617903 7.000000000000214
  endloop
endfacet
facet normal 0.9914448613737802 -0.13052619222028172 -1.598882867399487e-15
  outer loop
    vertex 364.4372814767639 -385.6117714323518 5.000000000000218
    vertex 364.41172584648046 -385.80588571617875 15.000000000000215
    vertex 364.41172584648046 -385.8058857161793 5.000000000000218
  endloop
endfacet
facet normal 0.9914448613737802 -0.13052619222028172 -1.598882867399487e-15
  outer loop
    vertex 364.41172584648046 -385.80588571617875 15.000000000000215
    vertex 364.4372814767639 -385.6117714323518 5.000000000000218
    vertex 364.4372814767639 -385.6117714323518 15.000000000000215
  endloop
endfacet
facet normal -0.6356044158257518 0.10426841147433105 0.7649412558827144
  outer loop
    vertex 226.01494247589267 -421.40218271739394 7.353541135695537
    vertex 225.00404325530747 -413.0000000000056 5.368272016349652
    vertex 223.8063928081177 -421.99396181731805 5.599079542214823
  endloop
endfacet
facet normal -1.4265749403164355e-15 -0.9914448613738103 0.13052619222005185
  outer loop
    vertex 369.9209258930604 -388.0000000000055 13.499999999994888
    vertex 257.37231527166296 -388.391852997681 10.523580981315947
    vertex 369.9209258930604 -388.39185299768127 10.523580981315876
  endloop
endfacet
facet normal -1.4265749403164355e-15 -0.9914448613738103 0.13052619222005185
  outer loop
    vertex 257.37231527166296 -388.391852997681 10.523580981315947
    vertex 369.9209258930604 -388.0000000000055 13.499999999994888
    vertex 257.37231527166296 -388.00000000000523 13.49999999999496
  endloop
endfacet
facet normal 0.3813146732281522 0.9205750556396293 -0.0845025852563147
  outer loop
    vertex 359.18413979633567 -387.537936523748 7.000000000000214
    vertex 359.6222241340223 -387.90298351749965 5.000000000000218
    vertex 359.09860209548697 -387.6860921675808 5.000000000000218
  endloop
endfacet
facet normal 0.3813146732281522 0.9205750556396293 -0.0845025852563147
  outer loop
    vertex 359.6222241340223 -387.90298351749965 5.000000000000218
    vertex 359.18413979633567 -387.537936523748 7.000000000000214
    vertex 359.6665017061305 -387.737737368757 7.000000000000214
  endloop
endfacet
facet normal -0.9278418673587061 -0.013868212378028613 0.372715899663198
  outer loop
    vertex 226.83160741518364 -413.0000000000056 7.749999999994972
    vertex 227.70962224026795 -420.9480946431003 9.639999999994975
    vertex 228.774942475892 -420.66264294628405 12.302637742063185
  endloop
endfacet
facet normal -0.5655054294437507 -0.2342370569316537 0.7907822775136253
  outer loop
    vertex 222.8833694801714 -400.53740058571543 5.000000000000218
    vertex 218.4886271354344 -388.6841360081822 5.368272016349579
    vertex 218.07307905298177 -388.9240355973319 5.000000000000218
  endloop
endfacet
facet normal -0.5655054294437507 -0.2342370569316537 0.7907822775136253
  outer loop
    vertex 218.4886271354344 -388.6841360081822 5.368272016349579
    vertex 222.8833694801714 -400.53740058571543 5.000000000000218
    vertex 223.34695730813087 -400.4131826015932 5.368272016349579
  endloop
endfacet
facet normal -0.1305261922193066 -0.9914448613739084 4.488741094761728e-14
  outer loop
    vertex 365.35584013030723 -385.0814413464618 15.000000000000215
    vertex 365.1617258464806 -385.0558857161792 5.000000000000218
    vertex 365.35584013030723 -385.08144134646216 5.000000000000218
  endloop
endfacet
facet normal -0.1305261922193066 -0.9914448613739084 4.488741094761728e-14
  outer loop
    vertex 365.1617258464806 -385.0558857161792 5.000000000000218
    vertex 365.35584013030723 -385.0814413464618 15.000000000000215
    vertex 365.1617258464806 -385.05588571617864 15.000000000000215
  endloop
endfacet
facet normal 0.5631251684765091 0.7338790076441071 0.3798837279584427
  outer loop
    vertex 371.11685239189836 -383.9285945419003 10.523580981315876
    vertex 372.4245844285768 -383.4963414644888 7.7499999999949
    vertex 371.6912798212991 -382.9336570489157 7.7499999999949
  endloop
endfacet
facet normal 0.5631251684765091 0.7338790076441071 0.3798837279584427
  outer loop
    vertex 372.4245844285768 -383.4963414644888 7.7499999999949
    vertex 371.11685239189836 -383.9285945419003 10.523580981315876
    vertex 371.61222136731806 -384.30870452574777 10.523580981315876
  endloop
endfacet
facet normal 0.30456618406692776 0.7352878122146073 0.6054678131259884
  outer loop
    vertex 370.8373285194606 -382.579938838088 7.7499999999949
    vertex 372.60506190123715 -381.3509400594172 5.368272016349579
    vertex 371.3103369301831 -380.81464741686364 5.368272016349579
  endloop
endfacet
facet normal 0.30456618406692776 0.7352878122146073 0.6054678131259884
  outer loop
    vertex 372.60506190123715 -381.3509400594172 5.368272016349579
    vertex 370.8373285194606 -382.579938838088 7.7499999999949
    vertex 371.6912798212991 -382.9336570489157 7.7499999999949
  endloop
endfacet
facet normal 0.2342578325721499 0.5655753165381904 0.790726140456558
  outer loop
    vertex 233.3653974677225 -379.6882680592856 5.368272016349507
    vertex 225.5279182650508 -375.92715533526444 5.000000000000218
    vertex 225.28812990388877 -376.3425542874295 5.368272016349507
  endloop
endfacet
facet normal 0.2342578325721499 0.5655753165381904 0.790726140456558
  outer loop
    vertex 225.5279182650508 -375.92715533526444 5.000000000000218
    vertex 233.3653974677225 -379.6882680592856 5.368272016349507
    vertex 233.48961545184534 -379.2246802313265 5.000000000000218
  endloop
endfacet
facet normal 0.12074119758902156 -0.9171204481621569 0.3798837279584552
  outer loop
    vertex 370.53998300194417 -388.31035258314745 10.523580981315876
    vertex 369.9209258930604 -389.5407078564845 7.7499999999949
    vertex 370.8373285194606 -389.4200611619231 7.7499999999949
  endloop
endfacet
facet normal 0.12074119758902156 -0.9171204481621569 0.3798837279584552
  outer loop
    vertex 369.9209258930604 -389.5407078564845 7.7499999999949
    vertex 370.53998300194417 -388.31035258314745 10.523580981315876
    vertex 369.9209258930604 -388.39185299768127 10.523580981315876
  endloop
endfacet
facet normal 0.37946459868718113 0.9161085805910687 0.12942830799556193
  outer loop
    vertex 370.4385639832648 -384.06814834742744 13.499999999994888
    vertex 371.11685239189836 -383.9285945419003 10.523580981315876
    vertex 370.53998300194417 -383.6896474168637 10.523580981315876
  endloop
endfacet
facet normal 0.37946459868718113 0.9161085805910687 0.12942830799556193
  outer loop
    vertex 371.11685239189836 -383.9285945419003 10.523580981315876
    vertex 370.4385639832648 -384.06814834742744 13.499999999994888
    vertex 370.9209258930602 -384.2679491924368 13.499999999994888
  endloop
endfacet
facet normal 0.13052619222079215 -0.991444861373713 -1.6199290139093922e-14
  outer loop
    vertex 228.16299300357053 -389.50914324663177 15.000000000000288
    vertex 227.96887871974388 -389.53469887691494 5.000000000000218
    vertex 228.16299300357053 -389.5091432466314 5.000000000000218
  endloop
endfacet
facet normal 0.13052619222079215 -0.991444861373713 -1.6199290139093922e-14
  outer loop
    vertex 227.96887871974388 -389.53469887691494 5.000000000000218
    vertex 228.16299300357053 -389.50914324663177 15.000000000000288
    vertex 227.96887871974388 -389.53469887691494 15.000000000000288
  endloop
endfacet
facet normal -2.7390274645324732e-15 0.923879532511293 0.3826834323650749
  outer loop
    vertex 257.3723152716618 -436.45929214352645 7.7499999999949
    vertex 371.7691393452287 -437.6081470023294 10.523580981315803
    vertex 371.7691393452287 -436.45929214352617 7.749999999994828
  endloop
endfacet
facet normal -2.7390274645324732e-15 0.923879532511293 0.3826834323650749
  outer loop
    vertex 371.7691393452287 -437.6081470023294 10.523580981315803
    vertex 257.3723152716618 -436.45929214352645 7.7499999999949
    vertex 257.3723152716618 -437.6081470023297 10.523580981315947
  endloop
endfacet
facet normal 0.5654622078528375 0.23422211550206587 0.790817609882286
  outer loop
    vertex 375.10627847620253 -384.6105889628821 5.368272016349579
    vertex 374.9856273093923 -383.0758932739211 5.000000000000218
    vertex 374.5699858336486 -383.31586399182834 5.368272016349579
  endloop
endfacet
facet normal 0.5654622078528375 0.23422211550206587 0.790817609882286
  outer loop
    vertex 374.9856273093923 -383.0758932739211 5.000000000000218
    vertex 375.10627847620253 -384.6105889628821 5.368272016349579
    vertex 375.5698663041608 -384.48637097875985 5.000000000000218
  endloop
endfacet
facet normal -1.8814809120332608e-15 0.7933533402912306 0.6087614290087267
  outer loop
    vertex 257.3723152716618 -434.6317279836508 5.368272016349652
    vertex 371.7691393452287 -436.45929214352617 7.749999999994828
    vertex 371.7691393452287 -434.63172798365053 5.368272016349507
  endloop
endfacet
facet normal -1.8814809120332608e-15 0.7933533402912306 0.6087614290087267
  outer loop
    vertex 371.7691393452287 -436.45929214352617 7.749999999994828
    vertex 257.3723152716618 -434.6317279836508 5.368272016349652
    vertex 257.3723152716618 -436.45929214352645 7.7499999999949
  endloop
endfacet
facet normal 0.2342221155020027 -0.5654622078530145 0.790817609882178
  outer loop
    vertex 371.434554914306 -391.6489404111061 5.000000000000218
    vertex 372.60506190123715 -390.64905994059393 5.368272016349579
    vertex 371.3103369301831 -391.1853525831475 5.368272016349579
  endloop
endfacet
facet normal 0.2342221155020027 -0.5654622078530145 0.790817609882178
  outer loop
    vertex 372.60506190123715 -390.64905994059393 5.368272016349579
    vertex 371.434554914306 -391.6489404111061 5.000000000000218
    vertex 372.8450326191447 -391.0647014163376 5.000000000000218
  endloop
endfacet
facet normal 0.12074119758899646 0.9171204481621638 0.3798837279584461
  outer loop
    vertex 369.9209258930604 -383.6081470023299 10.523580981315876
    vertex 370.8373285194606 -382.579938838088 7.7499999999949
    vertex 369.9209258930604 -382.4592921435266 7.7499999999949
  endloop
endfacet
facet normal 0.12074119758899646 0.9171204481621638 0.3798837279584461
  outer loop
    vertex 370.8373285194606 -382.579938838088 7.7499999999949
    vertex 369.9209258930604 -383.6081470023299 10.523580981315876
    vertex 370.53998300194417 -383.6896474168637 10.523580981315876
  endloop
endfacet
facet normal 0.07988880177353574 -0.606815694632048 0.7908176098819587
  outer loop
    vertex 371.434554914306 -391.6489404111061 5.000000000000218
    vertex 369.9209258930604 -391.3682720163604 5.368272016349579
    vertex 369.9209258930604 -391.84821345217364 5.000000000000218
  endloop
endfacet
facet normal 0.07988880177353574 -0.606815694632048 0.7908176098819587
  outer loop
    vertex 369.9209258930604 -391.3682720163604 5.368272016349579
    vertex 371.434554914306 -391.6489404111061 5.000000000000218
    vertex 371.3103369301831 -391.1853525831475 5.368272016349579
  endloop
endfacet
facet normal 0.7933533402911634 -0.608761429008814 6.124262354003558e-15
  outer loop
    vertex 227.63266291768056 -389.72881316074216 5.000000000000218
    vertex 227.51347395073276 -389.88414324663154 15.000000000000288
    vertex 227.51347395073276 -389.88414324663154 5.000000000000218
  endloop
endfacet
facet normal 0.7933533402911634 -0.608761429008814 6.124262354003558e-15
  outer loop
    vertex 227.51347395073276 -389.88414324663154 15.000000000000288
    vertex 227.63266291768056 -389.72881316074216 5.000000000000218
    vertex 227.63266291768113 -389.72881316074165 15.000000000000288
  endloop
endfacet
facet normal -9.143908036215635e-16 -0.9238795325112841 0.3826834323650965
  outer loop
    vertex 369.9209258930604 -388.39185299768127 10.523580981315876
    vertex 257.37231527166296 -389.5407078564845 7.7499999999949
    vertex 369.9209258930604 -389.5407078564845 7.7499999999949
  endloop
endfacet
facet normal -9.143908036215635e-16 -0.9238795325112841 0.3826834323650965
  outer loop
    vertex 257.37231527166296 -389.5407078564845 7.7499999999949
    vertex 369.9209258930604 -388.39185299768127 10.523580981315876
    vertex 257.37231527166296 -388.391852997681 10.523580981315947
  endloop
endfacet
facet normal 0.10388185357165541 0.7890610165043996 0.6054678131259834
  outer loop
    vertex 369.9209258930604 -382.4592921435266 7.7499999999949
    vertex 371.3103369301831 -380.81464741686364 5.368272016349579
    vertex 369.9209258930604 -380.6317279836507 5.368272016349579
  endloop
endfacet
facet normal 0.10388185357165541 0.7890610165043996 0.6054678131259834
  outer loop
    vertex 371.3103369301831 -380.81464741686364 5.368272016349579
    vertex 369.9209258930604 -382.4592921435266 7.7499999999949
    vertex 370.8373285194606 -382.579938838088 7.7499999999949
  endloop
endfacet
facet normal 0.4844948324374422 0.6314059586429712 0.605467813125987
  outer loop
    vertex 371.6912798212991 -382.9336570489157 7.7499999999949
    vertex 373.71686743907867 -382.20405845398716 5.368272016349579
    vertex 372.60506190123715 -381.3509400594172 5.368272016349579
  endloop
endfacet
facet normal 0.4844948324374422 0.6314059586429712 0.605467813125987
  outer loop
    vertex 373.71686743907867 -382.20405845398716 5.368272016349579
    vertex 371.6912798212991 -382.9336570489157 7.7499999999949
    vertex 372.4245844285768 -383.4963414644888 7.7499999999949
  endloop
endfacet
facet normal -6.318986203382666e-16 -0.7933533402912291 0.6087614290087285
  outer loop
    vertex 369.9209258930604 -389.5407078564845 7.7499999999949
    vertex 257.37231527166296 -391.36827201636015 5.368272016349652
    vertex 369.9209258930604 -391.3682720163604 5.368272016349579
  endloop
endfacet
facet normal -6.318986203382666e-16 -0.7933533402912291 0.6087614290087285
  outer loop
    vertex 257.37231527166296 -391.36827201636015 5.368272016349652
    vertex 369.9209258930604 -389.5407078564845 7.7499999999949
    vertex 257.37231527166296 -389.5407078564845 7.7499999999949
  endloop
endfacet
facet normal -0.9914448613738034 0.1305261922201053 -1.2620609807972121e-14
  outer loop
    vertex 228.88743737328775 -390.45325753045853 15.000000000000288
    vertex 228.91299300357065 -390.2591432466316 5.000000000000218
    vertex 228.88743737328775 -390.4532575304588 5.000000000000218
  endloop
endfacet
facet normal -0.9914448613738034 0.1305261922201053 -1.2620609807972121e-14
  outer loop
    vertex 228.91299300357065 -390.2591432466316 5.000000000000218
    vertex 228.88743737328775 -390.45325753045853 15.000000000000288
    vertex 228.91299300357065 -390.2591432466316 15.000000000000288
  endloop
endfacet
facet normal -0.9238572765095581 -0.006941099700021878 0.38267421362733134
  outer loop
    vertex 226.83160741518364 -413.0000000000056 7.749999999994972
    vertex 228.774942475892 -420.66264294628405 12.302637742063185
    vertex 227.98046227398632 -413.0000000000056 10.523580981315947
  endloop
endfacet
facet normal 0.13052619221999567 0.9914448613738178 -9.422844073154835e-16
  outer loop
    vertex 227.96887871974388 -390.9835876163485 15.000000000000288
    vertex 228.16299300357053 -391.0091432466317 5.000000000000218
    vertex 227.96887871974388 -390.9835876163485 5.000000000000218
  endloop
endfacet
facet normal 0.13052619221999567 0.9914448613738178 -9.422844073154835e-16
  outer loop
    vertex 228.16299300357053 -391.0091432466317 5.000000000000218
    vertex 227.96887871974388 -390.9835876163485 15.000000000000288
    vertex 228.16299300357053 -391.0091432466317 15.000000000000288
  endloop
endfacet
facet normal 0.7905157216712956 -0.6065840476599139 -0.0845025852564632
  outer loop
    vertex 231.26037260231416 -389.1736055457831 5.000000000000218
    vertex 231.72636549134353 -388.8449296842583 7.000000000000286
    vertex 231.40852824614728 -389.2591432466315 7.000000000000286
  endloop
endfacet
facet normal 0.7905157216712956 -0.6065840476599139 -0.0845025852564632
  outer loop
    vertex 231.72636549134353 -388.8449296842583 7.000000000000286
    vertex 231.26037260231416 -389.1736055457831 5.000000000000218
    vertex 231.60539691470754 -388.72396110762406 5.000000000000218
  endloop
endfacet
facet normal 0.9878987208882903 0.13005933396834818 -0.08450258525624932
  outer loop
    vertex 230.96950365201866 -390.2591432466319 5.000000000000218
    vertex 231.20872740113796 -390.7767813368363 7.000000000000286
    vertex 231.0434812523956 -390.8210589089447 5.000000000000218
  endloop
endfacet
facet normal 0.9878987208882903 0.13005933396834818 -0.08450258525624932
  outer loop
    vertex 231.20872740113796 -390.7767813368363 7.000000000000286
    vertex 230.96950365201866 -390.2591432466319 5.000000000000218
    vertex 231.1405790537161 -390.25914324663125 7.000000000000286
  endloop
endfacet
facet normal -0.9914448613738146 -0.13052619222001957 -1.431472132445293e-14
  outer loop
    vertex 228.88743737328775 -390.0650289628046 15.000000000000288
    vertex 228.91299300357065 -390.2591432466316 5.000000000000218
    vertex 228.91299300357065 -390.2591432466316 15.000000000000288
  endloop
endfacet
facet normal -0.9914448613738146 -0.13052619222001957 -1.431472132445293e-14
  outer loop
    vertex 228.91299300357065 -390.2591432466316 5.000000000000218
    vertex 228.88743737328775 -390.0650289628046 15.000000000000288
    vertex 228.88743737328835 -390.0650289628046 5.000000000000218
  endloop
endfacet
facet normal -0.13052619222076828 0.991444861373716 1.5257122597009734e-14
  outer loop
    vertex 228.16299300357053 -391.0091432466317 15.000000000000288
    vertex 228.35710728739775 -390.9835876163482 5.000000000000218
    vertex 228.16299300357053 -391.0091432466317 5.000000000000218
  endloop
endfacet
facet normal -0.13052619222076828 0.991444861373716 1.5257122597009734e-14
  outer loop
    vertex 228.35710728739775 -390.9835876163482 5.000000000000218
    vertex 228.16299300357053 -391.0091432466317 15.000000000000288
    vertex 228.35710728739835 -390.9835876163485 15.000000000000288
  endloop
endfacet
facet normal -0.6111333983627278 -0.0592877226951766 0.7893040829384094
  outer loop
    vertex 226.05785711821758 -427.42947748996124 6.934034868045651
    vertex 226.01494247589267 -421.40218271739394 7.353541135695537
    vertex 223.8063928081177 -421.99396181731805 5.599079542214823
  endloop
endfacet
facet normal -0.6111333983627278 -0.0592877226951766 0.7893040829384094
  outer loop
    vertex 226.01494247589267 -421.40218271739394 7.353541135695537
    vertex 226.05785711821758 -427.42947748996124 6.934034868045651
    vertex 226.79935856480046 -427.42947748996124 7.508156184198226
  endloop
endfacet
facet normal 0.9238795325114763 -0.3826834323646322 1.886447291595841e-14
  outer loop
    vertex 227.51347395073276 -389.88414324663154 5.000000000000218
    vertex 227.4385486338539 -390.0650289628046 15.000000000000288
    vertex 227.4385486338539 -390.06502896280494 5.000000000000218
  endloop
endfacet
facet normal 0.9238795325114763 -0.3826834323646322 1.886447291595841e-14
  outer loop
    vertex 227.4385486338539 -390.0650289628046 15.000000000000288
    vertex 227.51347395073276 -389.88414324663154 5.000000000000218
    vertex 227.51347395073276 -389.88414324663154 15.000000000000288
  endloop
endfacet
facet normal -2.8256662218479306e-15 0.9914448613738099 0.13052619222005454
  outer loop
    vertex 257.3723152716618 -437.6081470023297 10.523580981315947
    vertex 371.7691393452287 -438.0000000000052 13.49999999999482
    vertex 371.7691393452287 -437.6081470023294 10.523580981315803
  endloop
endfacet
facet normal -2.8256662218479306e-15 0.9914448613738099 0.13052619222005454
  outer loop
    vertex 371.7691393452287 -438.0000000000052 13.49999999999482
    vertex 257.3723152716618 -437.6081470023297 10.523580981315947
    vertex 257.3723152716618 -438.0000000000054 13.49999999999496
  endloop
endfacet
facet normal 0.9238795325113685 0.3826834323648928 -1.333919672238807e-14
  outer loop
    vertex 227.4385486338539 -390.45325753045853 5.000000000000218
    vertex 227.51347395073276 -390.6341432466316 15.000000000000288
    vertex 227.51347395073276 -390.6341432466316 5.000000000000218
  endloop
endfacet
facet normal 0.9238795325113685 0.3826834323648928 -1.333919672238807e-14
  outer loop
    vertex 227.51347395073276 -390.6341432466316 15.000000000000288
    vertex 227.4385486338539 -390.45325753045853 5.000000000000218
    vertex 227.4385486338539 -390.45325753045853 15.000000000000288
  endloop
endfacet
facet normal -0.9238795325112602 -0.3826834323651535 -7.813920528810203e-15
  outer loop
    vertex 228.81251205640947 -389.88414324663154 15.000000000000288
    vertex 228.88743737328835 -390.0650289628046 5.000000000000218
    vertex 228.88743737328775 -390.0650289628046 15.000000000000288
  endloop
endfacet
facet normal -0.9238795325112602 -0.3826834323651535 -7.813920528810203e-15
  outer loop
    vertex 228.88743737328835 -390.0650289628046 5.000000000000218
    vertex 228.81251205640947 -389.88414324663154 15.000000000000288
    vertex 228.81251205640947 -389.88414324663177 5.000000000000218
  endloop
endfacet
facet normal 0.7933533402907371 0.6087614290093697 -3.062131177012888e-15
  outer loop
    vertex 227.51347395073276 -390.6341432466316 5.000000000000218
    vertex 227.63266291768113 -390.78947333252154 15.000000000000288
    vertex 227.63266291768173 -390.7894733325218 5.000000000000218
  endloop
endfacet
facet normal 0.7933533402907371 0.6087614290093697 -3.062131177012888e-15
  outer loop
    vertex 227.63266291768113 -390.78947333252154 15.000000000000288
    vertex 227.51347395073276 -390.6341432466316 5.000000000000218
    vertex 227.51347395073276 -390.6341432466316 15.000000000000288
  endloop
endfacet
facet normal 0.38268343236723734 0.9238795325103971 2.6678429969858604e-14
  outer loop
    vertex 227.78799300357105 -390.9086622994699 15.000000000000288
    vertex 227.96887871974388 -390.9835876163485 5.000000000000218
    vertex 227.78799300357105 -390.90866229946937 5.0000000000002
  endloop
endfacet
facet normal 0.38268343236723734 0.9238795325103971 2.6678429969858604e-14
  outer loop
    vertex 227.96887871974388 -390.9835876163485 5.000000000000218
    vertex 227.78799300357105 -390.9086622994699 15.000000000000288
    vertex 227.96887871974388 -390.9835876163485 15.000000000000288
  endloop
endfacet
facet normal -0.7933533402909977 -0.60876142900903 6.124262354012192e-15
  outer loop
    vertex 228.81251205640947 -389.88414324663154 15.000000000000288
    vertex 228.6933230894605 -389.7288131607419 5.000000000000218
    vertex 228.81251205640947 -389.88414324663177 5.000000000000218
  endloop
endfacet
facet normal -0.7933533402909977 -0.60876142900903 6.124262354012192e-15
  outer loop
    vertex 228.6933230894605 -389.7288131607419 5.000000000000218
    vertex 228.81251205640947 -389.88414324663154 15.000000000000288
    vertex 228.6933230894605 -389.72881316074165 15.000000000000288
  endloop
endfacet
facet normal -0.7933533402910931 0.608761429008906 -9.186748691246116e-15
  outer loop
    vertex 228.6933230894605 -390.78947333252154 15.000000000000288
    vertex 228.81251205640947 -390.6341432466319 5.000000000000218
    vertex 228.6933230894605 -390.78947333252216 5.000000000000218
  endloop
endfacet
facet normal -0.7933533402910931 0.608761429008906 -9.186748691246116e-15
  outer loop
    vertex 228.81251205640947 -390.6341432466319 5.000000000000218
    vertex 228.6933230894605 -390.78947333252154 15.000000000000288
    vertex 228.81251205640947 -390.6341432466316 15.000000000000288
  endloop
endfacet
facet normal 0.6087614290073959 0.7933533402922516 2.35396305760441e-14
  outer loop
    vertex 227.63266291768173 -390.7894733325218 5.000000000000218
    vertex 227.78799300357105 -390.9086622994699 15.000000000000288
    vertex 227.78799300357105 -390.90866229946937 5.0000000000002
  endloop
endfacet
facet normal 0.6087614290073959 0.7933533402922516 2.35396305760441e-14
  outer loop
    vertex 227.78799300357105 -390.9086622994699 15.000000000000288
    vertex 227.63266291768173 -390.7894733325218 5.000000000000218
    vertex 227.63266291768113 -390.78947333252154 15.000000000000288
  endloop
endfacet
facet normal 0.9878987208883447 -0.13005933396790909 -0.0845025852562898
  outer loop
    vertex 231.0434812523956 -389.69722758431897 5.000000000000218
    vertex 231.1405790537161 -390.25914324663125 7.000000000000286
    vertex 230.96950365201866 -390.2591432466319 5.000000000000218
  endloop
endfacet
facet normal 0.9878987208883447 -0.13005933396790909 -0.0845025852562898
  outer loop
    vertex 231.1405790537161 -390.25914324663125 7.000000000000286
    vertex 231.0434812523956 -389.69722758431897 5.000000000000218
    vertex 231.20872740113796 -389.7415051564263 7.000000000000286
  endloop
endfacet
facet normal -0.3826834323646646 0.9238795325114628 1.2648451540308591e-14
  outer loop
    vertex 228.35710728739835 -390.9835876163485 15.000000000000288
    vertex 228.5379930035712 -390.9086622994699 5.000000000000218
    vertex 228.35710728739775 -390.9835876163482 5.000000000000218
  endloop
endfacet
facet normal -0.3826834323646646 0.9238795325114628 1.2648451540308591e-14
  outer loop
    vertex 228.5379930035712 -390.9086622994699 5.000000000000218
    vertex 228.35710728739835 -390.9835876163485 15.000000000000288
    vertex 228.5379930035712 -390.9086622994699 15.000000000000288
  endloop
endfacet
facet normal 0.3813146732284551 0.9205750556395033 -0.08450258525632152
  outer loop
    vertex 232.14057905371587 -391.9911940542002 7.000000000000286
    vertex 232.57866339140367 -392.3562410479522 5.000000000000218
    vertex 232.05504135286773 -392.1393496980331 5.000000000000218
  endloop
endfacet
facet normal 0.3813146732284551 0.9205750556395033 -0.08450258525632152
  outer loop
    vertex 232.57866339140367 -392.3562410479522 5.000000000000218
    vertex 232.14057905371587 -391.9911940542002 7.000000000000286
    vertex 232.6229409635112 -392.1909948992095 7.000000000000286
  endloop
endfacet
facet normal 0.6068156946316526 0.07988880177350208 0.7908176098822655
  outer loop
    vertex 375.2891979094151 -386.0000000000057 5.368272016349579
    vertex 375.5698663041608 -384.48637097875985 5.000000000000218
    vertex 375.10627847620253 -384.6105889628821 5.368272016349579
  endloop
endfacet
facet normal 0.6068156946316526 0.07988880177350208 0.7908176098822655
  outer loop
    vertex 375.5698663041608 -384.48637097875985 5.000000000000218
    vertex 375.2891979094151 -386.0000000000057 5.368272016349579
    vertex 375.769139345229 -386.00000000000597 5.000000000000218
  endloop
endfacet
facet normal 0.13005933396830022 -0.9878987208882899 -0.08450258525632824
  outer loop
    vertex 233.14057905371624 -388.2591432466314 7.000000000000286
    vertex 232.57866339140367 -388.16204544531064 5.000000000000218
    vertex 233.14057905371624 -388.0880678449337 5.000000000000218
  endloop
endfacet
facet normal 0.13005933396830022 -0.9878987208882899 -0.08450258525632824
  outer loop
    vertex 232.57866339140367 -388.16204544531064 5.000000000000218
    vertex 233.14057905371624 -388.2591432466314 7.000000000000286
    vertex 232.6229409635112 -388.3272915940533 7.000000000000286
  endloop
endfacet
facet normal -0.6087614290080761 -0.7933533402917298 2.6205161477583296e-14
  outer loop
    vertex 228.6933230894605 -389.72881316074165 15.000000000000288
    vertex 228.5379930035706 -389.6096241937935 5.000000000000218
    vertex 228.6933230894605 -389.7288131607419 5.000000000000218
  endloop
endfacet
facet normal -0.6087614290080761 -0.7933533402917298 2.6205161477583296e-14
  outer loop
    vertex 228.5379930035706 -389.6096241937935 5.000000000000218
    vertex 228.6933230894605 -389.72881316074165 15.000000000000288
    vertex 228.5379930035712 -389.60962419379325 15.000000000000288
  endloop
endfacet
facet normal 0.7905157216711909 0.6065840476600439 -0.0845025852565106
  outer loop
    vertex 231.26037260231416 -391.3446809474807 5.000000000000218
    vertex 231.72636549134353 -391.67335680900453 7.000000000000286
    vertex 231.60539691470814 -391.79432538563935 5.000000000000218
  endloop
endfacet
facet normal 0.7905157216711909 0.6065840476600439 -0.0845025852565106
  outer loop
    vertex 231.72636549134353 -391.67335680900453 7.000000000000286
    vertex 231.26037260231416 -391.3446809474807 5.000000000000218
    vertex 231.40852824614728 -391.25914324663137 7.000000000000286
  endloop
endfacet
facet normal -0.7905157216711234 0.6065840476601811 -0.08450258525615607
  outer loop
    vertex 234.5547926160889 -391.67335680900453 7.000000000000286
    vertex 235.02078550511825 -391.34468094748 5.000000000000218
    vertex 234.6757611927237 -391.79432538563884 5.000000000000218
  endloop
endfacet
facet normal -0.7905157216711234 0.6065840476601811 -0.08450258525615607
  outer loop
    vertex 235.02078550511825 -391.34468094748 5.000000000000218
    vertex 234.5547926160889 -391.67335680900453 7.000000000000286
    vertex 234.87262986128513 -391.25914324663137 7.000000000000286
  endloop
endfacet
facet normal -0.6087614290085276 0.7933533402913834 -1.8514533250077158e-14
  outer loop
    vertex 228.5379930035712 -390.9086622994699 15.000000000000288
    vertex 228.6933230894605 -390.78947333252216 5.000000000000218
    vertex 228.5379930035712 -390.9086622994699 5.000000000000218
  endloop
endfacet
facet normal -0.6087614290085276 0.7933533402913834 -1.8514533250077158e-14
  outer loop
    vertex 228.6933230894605 -390.78947333252216 5.000000000000218
    vertex 228.5379930035712 -390.9086622994699 15.000000000000288
    vertex 228.6933230894605 -390.78947333252154 15.000000000000288
  endloop
endfacet
facet normal 0.38268343236459756 0.9238795325114907 -6.215678744110356e-15
  outer loop
    vertex 364.7867258464811 -386.45540476901715 15.000000000000215
    vertex 364.9676115626539 -386.5303300858954 5.000000000000218
    vertex 364.7867258464811 -386.45540476901715 5.000000000000218
  endloop
endfacet
facet normal 0.38268343236459756 0.9238795325114907 -6.215678744110356e-15
  outer loop
    vertex 364.9676115626539 -386.5303300858954 5.000000000000218
    vertex 364.7867258464811 -386.45540476901715 15.000000000000215
    vertex 364.9676115626539 -386.5303300858954 15.000000000000215
  endloop
endfacet
facet normal -0.9238795325111727 0.38268343236536495 -7.715753206562405e-15
  outer loop
    vertex 228.81251205640947 -390.6341432466316 15.000000000000288
    vertex 228.88743737328775 -390.4532575304588 5.000000000000218
    vertex 228.81251205640947 -390.6341432466319 5.000000000000218
  endloop
endfacet
facet normal -0.9238795325111727 0.38268343236536495 -7.715753206562405e-15
  outer loop
    vertex 228.88743737328775 -390.4532575304588 5.000000000000218
    vertex 228.81251205640947 -390.6341432466316 15.000000000000288
    vertex 228.88743737328775 -390.45325753045853 15.000000000000288
  endloop
endfacet
facet normal 0.6065840476600126 -0.7905157216712384 -0.08450258525629098
  outer loop
    vertex 232.14057905371587 -388.5270924390624 7.000000000000286
    vertex 231.60539691470754 -388.72396110762406 5.000000000000218
    vertex 232.05504135286714 -388.37893679522983 5.000000000000218
  endloop
endfacet
facet normal 0.6065840476600126 -0.7905157216712384 -0.08450258525629098
  outer loop
    vertex 231.60539691470754 -388.72396110762406 5.000000000000218
    vertex 232.14057905371587 -388.5270924390624 7.000000000000286
    vertex 231.72636549134353 -388.8449296842583 7.000000000000286
  endloop
endfacet
facet normal 0.38268343236426333 -0.923879532511629 -2.762295465242998e-15
  outer loop
    vertex 227.96887871974388 -389.53469887691494 15.000000000000288
    vertex 227.78799300357105 -389.60962419379325 5.000000000000218
    vertex 227.96887871974388 -389.53469887691494 5.000000000000218
  endloop
endfacet
facet normal 0.38268343236426333 -0.923879532511629 -2.762295465242998e-15
  outer loop
    vertex 227.78799300357105 -389.60962419379325 5.000000000000218
    vertex 227.96887871974388 -389.53469887691494 15.000000000000288
    vertex 227.78799300357105 -389.60962419379325 15.000000000000288
  endloop
endfacet
facet normal 0.9914448613738026 -0.1305261922201102 1.6294518788161397e-14
  outer loop
    vertex 227.4385486338539 -390.06502896280494 5.000000000000218
    vertex 227.412993003571 -390.2591432466316 15.000000000000288
    vertex 227.4129930035716 -390.2591432466319 5.000000000000218
  endloop
endfacet
facet normal 0.9914448613738026 -0.1305261922201102 1.6294518788161397e-14
  outer loop
    vertex 227.412993003571 -390.2591432466316 15.000000000000288
    vertex 227.4385486338539 -390.06502896280494 5.000000000000218
    vertex 227.4385486338539 -390.0650289628046 15.000000000000288
  endloop
endfacet
facet normal 0.38268343236549784 -0.9238795325111178 -2.978640413260115e-14
  outer loop
    vertex 364.9676115626539 -385.0814413464618 15.000000000000215
    vertex 364.7867258464811 -385.1563666633401 5.000000000000218
    vertex 364.9676115626539 -385.08144134646153 5.000000000000218
  endloop
endfacet
facet normal 0.38268343236549784 -0.9238795325111178 -2.978640413260115e-14
  outer loop
    vertex 364.7867258464811 -385.1563666633401 5.000000000000218
    vertex 364.9676115626539 -385.0814413464618 15.000000000000215
    vertex 364.7867258464811 -385.1563666633404 15.000000000000215
  endloop
endfacet
facet normal 0.0 0.0 -0.9999999999999999
  outer loop
    vertex 231.20872740113796 -389.7415051564263 7.000000000000286
    vertex 231.20872740113796 -390.7767813368363 7.000000000000286
    vertex 231.1405790537161 -390.25914324663125 7.000000000000286
  endloop
endfacet
facet normal 0.0 0.0 -0.9999999999999999
  outer loop
    vertex 231.20872740113796 -390.7767813368363 7.000000000000286
    vertex 231.20872740113796 -389.7415051564263 7.000000000000286
    vertex 231.40852824614728 -389.2591432466315 7.000000000000286
  endloop
endfacet
facet normal 0.0 0.0 -0.9999999999999999
  outer loop
    vertex 231.20872740113796 -390.7767813368363 7.000000000000286
    vertex 231.40852824614728 -389.2591432466315 7.000000000000286
    vertex 231.40852824614728 -391.25914324663137 7.000000000000286
  endloop
endfacet
facet normal 0.0 0.0 -0.9999999999999999
  outer loop
    vertex 231.40852824614728 -391.25914324663137 7.000000000000286
    vertex 231.40852824614728 -389.2591432466315 7.000000000000286
    vertex 231.72636549134353 -388.8449296842583 7.000000000000286
  endloop
endfacet
facet normal 0.0 0.0 -0.9999999999999999
  outer loop
    vertex 231.40852824614728 -391.25914324663137 7.000000000000286
    vertex 231.72636549134353 -388.8449296842583 7.000000000000286
    vertex 231.72636549134353 -391.67335680900453 7.000000000000286
  endloop
endfacet
facet normal 0.0 0.0 -0.9999999999999999
  outer loop
    vertex 231.72636549134353 -391.67335680900453 7.000000000000286
    vertex 231.72636549134353 -388.8449296842583 7.000000000000286
    vertex 232.14057905371587 -388.5270924390624 7.000000000000286
  endloop
endfacet
facet normal 0.0 0.0 -0.9999999999999999
  outer loop
    vertex 231.72636549134353 -391.67335680900453 7.000000000000286
    vertex 232.14057905371587 -388.5270924390624 7.000000000000286
    vertex 232.14057905371587 -391.9911940542002 7.000000000000286
  endloop
endfacet
facet normal 0.0 0.0 -0.9999999999999999
  outer loop
    vertex 232.14057905371587 -391.9911940542002 7.000000000000286
    vertex 232.14057905371587 -388.5270924390624 7.000000000000286
    vertex 232.6229409635112 -388.3272915940533 7.000000000000286
  endloop
endfacet
facet normal 0.0 0.0 -0.9999999999999999
  outer loop
    vertex 232.14057905371587 -391.9911940542002 7.000000000000286
    vertex 232.6229409635112 -388.3272915940533 7.000000000000286
    vertex 232.6229409635112 -392.1909948992095 7.000000000000286
  endloop
endfacet
facet normal 0.0 0.0 -0.9999999999999999
  outer loop
    vertex 232.6229409635112 -392.1909948992095 7.000000000000286
    vertex 232.6229409635112 -388.3272915940533 7.000000000000286
    vertex 233.14057905371624 -388.2591432466314 7.000000000000286
  endloop
endfacet
facet normal 0.0 0.0 -0.9999999999999999
  outer loop
    vertex 232.6229409635112 -392.1909948992095 7.000000000000286
    vertex 233.14057905371624 -388.2591432466314 7.000000000000286
    vertex 233.14057905371624 -392.2591432466314 7.000000000000286
  endloop
endfacet
facet normal 0.0 0.0 -0.9999999999999999
  outer loop
    vertex 233.14057905371624 -392.2591432466314 7.000000000000286
    vertex 233.14057905371624 -388.2591432466314 7.000000000000286
    vertex 233.6582171439212 -388.3272915940533 7.000000000000286
  endloop
endfacet
facet normal 0.0 0.0 -0.9999999999999999
  outer loop
    vertex 233.14057905371624 -392.2591432466314 7.000000000000286
    vertex 233.6582171439212 -388.3272915940533 7.000000000000286
    vertex 233.6582171439212 -392.1909948992095 7.000000000000286
  endloop
endfacet
facet normal 0.0 0.0 -0.9999999999999999
  outer loop
    vertex 233.6582171439212 -392.1909948992095 7.000000000000286
    vertex 233.6582171439212 -388.3272915940533 7.000000000000286
    vertex 234.14057905371655 -388.5270924390624 7.000000000000286
  endloop
endfacet
facet normal 0.0 0.0 -0.9999999999999999
  outer loop
    vertex 233.6582171439212 -392.1909948992095 7.000000000000286
    vertex 234.14057905371655 -388.5270924390624 7.000000000000286
    vertex 234.14057905371655 -391.9911940542002 7.000000000000286
  endloop
endfacet
facet normal 0.0 0.0 -0.9999999999999999
  outer loop
    vertex 234.14057905371655 -391.9911940542002 7.000000000000286
    vertex 234.14057905371655 -388.5270924390624 7.000000000000286
    vertex 234.5547926160889 -388.8449296842583 7.000000000000286
  endloop
endfacet
facet normal 0.0 0.0 -0.9999999999999999
  outer loop
    vertex 234.14057905371655 -391.9911940542002 7.000000000000286
    vertex 234.5547926160889 -388.8449296842583 7.000000000000286
    vertex 234.5547926160889 -391.67335680900453 7.000000000000286
  endloop
endfacet
facet normal 0.0 0.0 -0.9999999999999999
  outer loop
    vertex 234.5547926160889 -391.67335680900453 7.000000000000286
    vertex 234.5547926160889 -388.8449296842583 7.000000000000286
    vertex 234.87262986128513 -389.2591432466312 7.000000000000286
  endloop
endfacet
facet normal 0.0 0.0 -0.9999999999999999
  outer loop
    vertex 234.5547926160889 -391.67335680900453 7.000000000000286
    vertex 234.87262986128513 -389.2591432466312 7.000000000000286
    vertex 234.87262986128513 -391.25914324663137 7.000000000000286
  endloop
endfacet
facet normal 0.0 0.0 -0.9999999999999999
  outer loop
    vertex 234.87262986128513 -391.25914324663137 7.000000000000286
    vertex 234.87262986128513 -389.2591432466312 7.000000000000286
    vertex 235.07243070629448 -389.7415051564263 7.000000000000286
  endloop
endfacet
facet normal 0.0 0.0 -0.9999999999999999
  outer loop
    vertex 234.87262986128513 -391.25914324663137 7.000000000000286
    vertex 235.07243070629448 -389.7415051564263 7.000000000000286
    vertex 235.07243070629448 -390.7767813368363 7.000000000000286
  endloop
endfacet
facet normal 0.0 0.0 -0.9999999999999999
  outer loop
    vertex 235.07243070629448 -390.7767813368363 7.000000000000286
    vertex 235.07243070629448 -389.7415051564263 7.000000000000286
    vertex 235.14057905371632 -390.25914324663125 7.000000000000286
  endloop
endfacet
facet normal -0.13005933396855485 0.9878987208882749 -0.08450258525611236
  outer loop
    vertex 233.14057905371624 -392.2591432466314 7.000000000000286
    vertex 233.70249471602878 -392.35624104795164 5.000000000000218
    vertex 233.14057905371564 -392.43021864832883 5.000000000000218
  endloop
endfacet
facet normal -0.13005933396855485 0.9878987208882749 -0.08450258525611236
  outer loop
    vertex 233.70249471602878 -392.35624104795164 5.000000000000218
    vertex 233.14057905371624 -392.2591432466314 7.000000000000286
    vertex 233.6582171439212 -392.1909948992095 7.000000000000286
  endloop
endfacet
facet normal 0.0 0.0 -0.9999999999999999
  outer loop
    vertex 227.4385486338539 -390.0650289628046 15.000000000000288
    vertex 227.4385486338539 -390.45325753045853 15.000000000000288
    vertex 227.412993003571 -390.2591432466316 15.000000000000288
  endloop
endfacet
facet normal 0.0 0.0 -0.9999999999999999
  outer loop
    vertex 227.4385486338539 -390.45325753045853 15.000000000000288
    vertex 227.4385486338539 -390.0650289628046 15.000000000000288
    vertex 227.51347395073276 -389.88414324663154 15.000000000000288
  endloop
endfacet
facet normal 0.0 0.0 -0.9999999999999999
  outer loop
    vertex 227.4385486338539 -390.45325753045853 15.000000000000288
    vertex 227.51347395073276 -389.88414324663154 15.000000000000288
    vertex 227.51347395073276 -390.6341432466316 15.000000000000288
  endloop
endfacet
facet normal 0.0 0.0 -0.9999999999999999
  outer loop
    vertex 227.51347395073276 -390.6341432466316 15.000000000000288
    vertex 227.51347395073276 -389.88414324663154 15.000000000000288
    vertex 227.63266291768113 -389.72881316074165 15.000000000000288
  endloop
endfacet
facet normal 0.0 0.0 -0.9999999999999999
  outer loop
    vertex 227.51347395073276 -390.6341432466316 15.000000000000288
    vertex 227.63266291768113 -389.72881316074165 15.000000000000288
    vertex 227.63266291768113 -390.78947333252154 15.000000000000288
  endloop
endfacet
facet normal 0.0 0.0 -0.9999999999999999
  outer loop
    vertex 227.63266291768113 -390.78947333252154 15.000000000000288
    vertex 227.63266291768113 -389.72881316074165 15.000000000000288
    vertex 227.78799300357105 -389.60962419379325 15.000000000000288
  endloop
endfacet
facet normal 0.0 0.0 -0.9999999999999999
  outer loop
    vertex 227.63266291768113 -390.78947333252154 15.000000000000288
    vertex 227.78799300357105 -389.60962419379325 15.000000000000288
    vertex 227.78799300357105 -390.9086622994699 15.000000000000288
  endloop
endfacet
facet normal 0.0 0.0 -0.9999999999999999
  outer loop
    vertex 227.78799300357105 -390.9086622994699 15.000000000000288
    vertex 227.78799300357105 -389.60962419379325 15.000000000000288
    vertex 227.96887871974388 -389.53469887691494 15.000000000000288
  endloop
endfacet
facet normal 0.0 0.0 -0.9999999999999999
  outer loop
    vertex 227.78799300357105 -390.9086622994699 15.000000000000288
    vertex 227.96887871974388 -389.53469887691494 15.000000000000288
    vertex 227.96887871974388 -390.9835876163485 15.000000000000288
  endloop
endfacet
facet normal 0.0 0.0 -0.9999999999999999
  outer loop
    vertex 227.96887871974388 -390.9835876163485 15.000000000000288
    vertex 227.96887871974388 -389.53469887691494 15.000000000000288
    vertex 228.16299300357053 -389.50914324663177 15.000000000000288
  endloop
endfacet
facet normal 0.0 0.0 -0.9999999999999999
  outer loop
    vertex 227.96887871974388 -390.9835876163485 15.000000000000288
    vertex 228.16299300357053 -389.50914324663177 15.000000000000288
    vertex 228.16299300357053 -391.0091432466317 15.000000000000288
  endloop
endfacet
facet normal 0.0 0.0 -0.9999999999999999
  outer loop
    vertex 228.16299300357053 -391.0091432466317 15.000000000000288
    vertex 228.16299300357053 -389.50914324663177 15.000000000000288
    vertex 228.35710728739835 -389.53469887691494 15.000000000000288
  endloop
endfacet
facet normal 0.0 0.0 -0.9999999999999999
  outer loop
    vertex 228.16299300357053 -391.0091432466317 15.000000000000288
    vertex 228.35710728739835 -389.53469887691494 15.000000000000288
    vertex 228.35710728739835 -390.9835876163485 15.000000000000288
  endloop
endfacet
facet normal 0.0 0.0 -0.9999999999999999
  outer loop
    vertex 228.35710728739835 -390.9835876163485 15.000000000000288
    vertex 228.35710728739835 -389.53469887691494 15.000000000000288
    vertex 228.5379930035712 -389.60962419379325 15.000000000000288
  endloop
endfacet
facet normal 0.0 0.0 -0.9999999999999999
  outer loop
    vertex 228.35710728739835 -390.9835876163485 15.000000000000288
    vertex 228.5379930035712 -389.60962419379325 15.000000000000288
    vertex 228.5379930035712 -390.9086622994699 15.000000000000288
  endloop
endfacet
facet normal 0.0 0.0 -0.9999999999999999
  outer loop
    vertex 228.5379930035712 -390.9086622994699 15.000000000000288
    vertex 228.5379930035712 -389.60962419379325 15.000000000000288
    vertex 228.6933230894605 -389.72881316074165 15.000000000000288
  endloop
endfacet
facet normal 0.0 0.0 -0.9999999999999999
  outer loop
    vertex 228.5379930035712 -390.9086622994699 15.000000000000288
    vertex 228.6933230894605 -389.72881316074165 15.000000000000288
    vertex 228.6933230894605 -390.78947333252154 15.000000000000288
  endloop
endfacet
facet normal 0.0 0.0 -0.9999999999999999
  outer loop
    vertex 228.6933230894605 -390.78947333252154 15.000000000000288
    vertex 228.6933230894605 -389.72881316074165 15.000000000000288
    vertex 228.81251205640947 -389.88414324663154 15.000000000000288
  endloop
endfacet
facet normal 0.0 0.0 -0.9999999999999999
  outer loop
    vertex 228.6933230894605 -390.78947333252154 15.000000000000288
    vertex 228.81251205640947 -389.88414324663154 15.000000000000288
    vertex 228.81251205640947 -390.6341432466316 15.000000000000288
  endloop
endfacet
facet normal 0.0 0.0 -0.9999999999999999
  outer loop
    vertex 228.81251205640947 -390.6341432466316 15.000000000000288
    vertex 228.81251205640947 -389.88414324663154 15.000000000000288
    vertex 228.88743737328775 -390.0650289628046 15.000000000000288
  endloop
endfacet
facet normal 0.0 0.0 -0.9999999999999999
  outer loop
    vertex 228.81251205640947 -390.6341432466316 15.000000000000288
    vertex 228.88743737328775 -390.0650289628046 15.000000000000288
    vertex 228.88743737328775 -390.45325753045853 15.000000000000288
  endloop
endfacet
facet normal 0.0 0.0 -0.9999999999999999
  outer loop
    vertex 228.88743737328775 -390.45325753045853 15.000000000000288
    vertex 228.88743737328775 -390.0650289628046 15.000000000000288
    vertex 228.91299300357065 -390.2591432466316 15.000000000000288
  endloop
endfacet
facet normal -0.606584047659932 0.7905157216713237 -0.08450258525607085
  outer loop
    vertex 234.14057905371655 -391.9911940542002 7.000000000000286
    vertex 234.6757611927237 -391.79432538563884 5.000000000000218
    vertex 234.2261167545647 -392.1393496980328 5.000000000000218
  endloop
endfacet
facet normal -0.606584047659932 0.7905157216713237 -0.08450258525607085
  outer loop
    vertex 234.6757611927237 -391.79432538563884 5.000000000000218
    vertex 234.14057905371655 -391.9911940542002 7.000000000000286
    vertex 234.5547926160889 -391.67335680900453 7.000000000000286
  endloop
endfacet
facet normal 0.6087614290094052 -0.79335334029071 7.527726836442199e-15
  outer loop
    vertex 227.78799300357105 -389.60962419379325 15.000000000000288
    vertex 227.63266291768056 -389.72881316074216 5.000000000000218
    vertex 227.78799300357105 -389.60962419379325 5.000000000000218
  endloop
endfacet
facet normal 0.6087614290094052 -0.79335334029071 7.527726836442199e-15
  outer loop
    vertex 227.63266291768056 -389.72881316074216 5.000000000000218
    vertex 227.78799300357105 -389.60962419379325 15.000000000000288
    vertex 227.63266291768113 -389.72881316074165 15.000000000000288
  endloop
endfacet
facet normal 2.54448715932315e-16 -0.6087614290090316 0.7933533402909965
  outer loop
    vertex 369.9209258930604 -391.84821345217364 5.000000000000218
    vertex 257.37231527166296 -391.36827201636015 5.368272016349652
    vertex 257.37231527166296 -391.848213452174 5.000000000000218
  endloop
endfacet
facet normal 2.54448715932315e-16 -0.6087614290090316 0.7933533402909965
  outer loop
    vertex 257.37231527166296 -391.36827201636015 5.368272016349652
    vertex 369.9209258930604 -391.84821345217364 5.000000000000218
    vertex 369.9209258930604 -391.3682720163604 5.368272016349579
  endloop
endfacet
facet normal -0.38268343236534913 -0.9238795325111793 1.8864472915964472e-14
  outer loop
    vertex 228.5379930035712 -389.60962419379325 15.000000000000288
    vertex 228.35710728739835 -389.53469887691494 5.000000000000218
    vertex 228.5379930035706 -389.6096241937935 5.000000000000218
  endloop
endfacet
facet normal -0.38268343236534913 -0.9238795325111793 1.8864472915964472e-14
  outer loop
    vertex 228.35710728739835 -389.53469887691494 5.000000000000218
    vertex 228.5379930035712 -389.60962419379325 15.000000000000288
    vertex 228.35710728739835 -389.53469887691494 15.000000000000288
  endloop
endfacet
facet normal -0.6065840476599353 -0.7905157216712961 -0.08450258525630604
  outer loop
    vertex 234.5547926160889 -388.8449296842583 7.000000000000286
    vertex 234.2261167545647 -388.37893679522955 5.000000000000218
    vertex 234.6757611927237 -388.7239611076235 5.000000000000218
  endloop
endfacet
facet normal -0.6065840476599353 -0.7905157216712961 -0.08450258525630604
  outer loop
    vertex 234.2261167545647 -388.37893679522955 5.000000000000218
    vertex 234.5547926160889 -388.8449296842583 7.000000000000286
    vertex 234.14057905371655 -388.5270924390624 7.000000000000286
  endloop
endfacet
facet normal -0.38131467322812057 -0.920575055639643 -0.08450258525630956
  outer loop
    vertex 234.14057905371655 -388.5270924390624 7.000000000000286
    vertex 233.70249471602878 -388.16204544531064 5.000000000000218
    vertex 234.2261167545647 -388.37893679522955 5.000000000000218
  endloop
endfacet
facet normal -0.38131467322812057 -0.920575055639643 -0.08450258525630956
  outer loop
    vertex 233.70249471602878 -388.16204544531064 5.000000000000218
    vertex 234.14057905371655 -388.5270924390624 7.000000000000286
    vertex 233.6582171439212 -388.3272915940533 7.000000000000286
  endloop
endfacet
facet normal -0.1300593339683002 -0.9878987208882894 -0.08450258525633292
  outer loop
    vertex 233.6582171439212 -388.3272915940533 7.000000000000286
    vertex 233.14057905371624 -388.0880678449337 5.000000000000218
    vertex 233.70249471602878 -388.16204544531064 5.000000000000218
  endloop
endfacet
facet normal -0.1300593339683002 -0.9878987208882894 -0.08450258525633292
  outer loop
    vertex 233.14057905371624 -388.0880678449337 5.000000000000218
    vertex 233.6582171439212 -388.3272915940533 7.000000000000286
    vertex 233.14057905371624 -388.2591432466314 7.000000000000286
  endloop
endfacet
facet normal -0.7905157216711961 -0.6065840476600658 -0.08450258525630326
  outer loop
    vertex 234.5547926160889 -388.8449296842583 7.000000000000286
    vertex 235.02078550511825 -389.1736055457825 5.000000000000218
    vertex 234.87262986128513 -389.2591432466312 7.000000000000286
  endloop
endfacet
facet normal -0.7905157216711961 -0.6065840476600658 -0.08450258525630326
  outer loop
    vertex 235.02078550511825 -389.1736055457825 5.000000000000218
    vertex 234.5547926160889 -388.8449296842583 7.000000000000286
    vertex 234.6757611927237 -388.7239611076235 5.000000000000218
  endloop
endfacet
facet normal -0.9878987208882534 -0.13005933396861794 -0.08450258525626511
  outer loop
    vertex 235.07243070629448 -389.7415051564263 7.000000000000286
    vertex 235.3116544554138 -390.25914324663125 5.000000000000218
    vertex 235.14057905371632 -390.25914324663125 7.000000000000286
  endloop
endfacet
facet normal -0.9878987208882534 -0.13005933396861794 -0.08450258525626511
  outer loop
    vertex 235.3116544554138 -390.25914324663125 5.000000000000218
    vertex 235.07243070629448 -389.7415051564263 7.000000000000286
    vertex 235.23767685503688 -389.69722758431845 5.000000000000218
  endloop
endfacet
facet normal 0.9914448613738857 0.1305261922194807 -3.673908980180275e-15
  outer loop
    vertex 227.4129930035716 -390.2591432466319 5.000000000000218
    vertex 227.4385486338539 -390.45325753045853 15.000000000000288
    vertex 227.4385486338539 -390.45325753045853 5.000000000000218
  endloop
endfacet
facet normal 0.9914448613738857 0.1305261922194807 -3.673908980180275e-15
  outer loop
    vertex 227.4385486338539 -390.45325753045853 15.000000000000288
    vertex 227.4129930035716 -390.2591432466319 5.000000000000218
    vertex 227.412993003571 -390.2591432466316 15.000000000000288
  endloop
endfacet
facet normal -0.3813146732282991 0.9205750556395895 -0.08450258525608773
  outer loop
    vertex 233.6582171439212 -392.1909948992095 7.000000000000286
    vertex 234.2261167545647 -392.1393496980328 5.000000000000218
    vertex 233.70249471602878 -392.35624104795164 5.000000000000218
  endloop
endfacet
facet normal -0.3813146732282991 0.9205750556395895 -0.08450258525608773
  outer loop
    vertex 234.2261167545647 -392.1393496980328 5.000000000000218
    vertex 233.6582171439212 -392.1909948992095 7.000000000000286
    vertex 234.14057905371655 -391.9911940542002 7.000000000000286
  endloop
endfacet
facet normal 0.9205750556397873 0.3813146732277486 -0.08450258525641685
  outer loop
    vertex 231.0434812523956 -390.8210589089447 5.000000000000218
    vertex 231.40852824614728 -391.25914324663137 7.000000000000286
    vertex 231.26037260231416 -391.3446809474807 5.000000000000218
  endloop
endfacet
facet normal 0.9205750556397873 0.3813146732277486 -0.08450258525641685
  outer loop
    vertex 231.40852824614728 -391.25914324663137 7.000000000000286
    vertex 231.0434812523956 -390.8210589089447 5.000000000000218
    vertex 231.20872740113796 -390.7767813368363 7.000000000000286
  endloop
endfacet
facet normal 0.6065840476595574 0.790515721671577 -0.08450258525639029
  outer loop
    vertex 231.72636549134353 -391.67335680900453 7.000000000000286
    vertex 232.05504135286773 -392.1393496980331 5.000000000000218
    vertex 231.60539691470814 -391.79432538563935 5.000000000000218
  endloop
endfacet
facet normal 0.6065840476595574 0.790515721671577 -0.08450258525639029
  outer loop
    vertex 232.05504135286773 -392.1393496980331 5.000000000000218
    vertex 231.72636549134353 -391.67335680900453 7.000000000000286
    vertex 232.14057905371587 -391.9911940542002 7.000000000000286
  endloop
endfacet
facet normal 0.37259357912792557 -0.4855734060786151 0.7908176098835018
  outer loop
    vertex 372.8450326191447 -391.0647014163376 5.000000000000218
    vertex 373.71686743907867 -389.795941546024 5.368272016349579
    vertex 372.60506190123715 -390.64905994059393 5.368272016349579
  endloop
endfacet
facet normal 0.37259357912792557 -0.4855734060786151 0.7908176098835018
  outer loop
    vertex 373.71686743907867 -389.795941546024 5.368272016349579
    vertex 372.8450326191447 -391.0647014163376 5.000000000000218
    vertex 374.0562372829181 -390.13531138986315 5.000000000000218
  endloop
endfacet
facet normal -0.1702946022861172 0.13934910874470902 0.9754904275923308
  outer loop
    vertex 221.858404808683 -427.42947748996124 5.283120146811324
    vertex 221.63393437586936 -425.7218606122122 5.000000000000218
    vertex 220.23662120917734 -427.42947748995573 5.000000000000218
  endloop
endfacet
facet normal -0.9878987208882795 0.1300593339683793 -0.08450258525632762
  outer loop
    vertex 235.07243070629448 -390.7767813368363 7.000000000000286
    vertex 235.3116544554138 -390.25914324663125 5.000000000000218
    vertex 235.23767685503688 -390.82105890894445 5.000000000000218
  endloop
endfacet
facet normal -0.9878987208882795 0.1300593339683793 -0.08450258525632762
  outer loop
    vertex 235.3116544554138 -390.25914324663125 5.000000000000218
    vertex 235.07243070629448 -390.7767813368363 7.000000000000286
    vertex 235.14057905371632 -390.25914324663125 7.000000000000286
  endloop
endfacet
facet normal -0.9205750556395746 0.3813146732282895 -0.08450258525629364
  outer loop
    vertex 234.87262986128513 -391.25914324663137 7.000000000000286
    vertex 235.23767685503688 -390.82105890894445 5.000000000000218
    vertex 235.02078550511825 -391.34468094748 5.000000000000218
  endloop
endfacet
facet normal -0.9205750556395746 0.3813146732282895 -0.08450258525629364
  outer loop
    vertex 235.23767685503688 -390.82105890894445 5.000000000000218
    vertex 234.87262986128513 -391.25914324663137 7.000000000000286
    vertex 235.07243070629448 -390.7767813368363 7.000000000000286
  endloop
endfacet
facet normal -2.7491237886973703e-15 0.608761429008533 0.793353340291379
  outer loop
    vertex 369.9209258930604 -380.6317279836507 5.368272016349579
    vertex 242.03337325709583 -380.15178654783716 5.000000000000218
    vertex 242.03337325709583 -380.6317279836513 5.368272016349579
  endloop
endfacet
facet normal -2.7491237886973703e-15 0.608761429008533 0.793353340291379
  outer loop
    vertex 242.03337325709583 -380.15178654783716 5.000000000000218
    vertex 369.9209258930604 -380.6317279836507 5.368272016349579
    vertex 369.9209258930604 -380.1517865478366 5.000000000000218
  endloop
endfacet
facet normal 0.9205750556397369 -0.38131467322786694 -0.08450258525643178
  outer loop
    vertex 231.0434812523956 -389.69722758431897 5.000000000000218
    vertex 231.40852824614728 -389.2591432466315 7.000000000000286
    vertex 231.20872740113796 -389.7415051564263 7.000000000000286
  endloop
endfacet
facet normal 0.9205750556397369 -0.38131467322786694 -0.08450258525643178
  outer loop
    vertex 231.40852824614728 -389.2591432466315 7.000000000000286
    vertex 231.0434812523956 -389.69722758431897 5.000000000000218
    vertex 231.26037260231416 -389.1736055457831 5.000000000000218
  endloop
endfacet
facet normal -0.9205750556397164 -0.38131467322795987 -0.08450258525623332
  outer loop
    vertex 234.87262986128513 -389.2591432466312 7.000000000000286
    vertex 235.23767685503688 -389.69722758431845 5.000000000000218
    vertex 235.07243070629448 -389.7415051564263 7.000000000000286
  endloop
endfacet
facet normal -0.9205750556397164 -0.38131467322795987 -0.08450258525623332
  outer loop
    vertex 235.23767685503688 -389.69722758431845 5.000000000000218
    vertex 234.87262986128513 -389.2591432466312 7.000000000000286
    vertex 235.02078550511825 -389.1736055457825 5.000000000000218
  endloop
endfacet
facet normal 0.48449483243747454 -0.6314059586429676 0.6054678131259651
  outer loop
    vertex 372.4245844285768 -388.50365853552233 7.7499999999949
    vertex 372.60506190123715 -390.64905994059393 5.368272016349579
    vertex 373.71686743907867 -389.795941546024 5.368272016349579
  endloop
endfacet
facet normal 0.48449483243747454 -0.6314059586429676 0.6054678131259651
  outer loop
    vertex 372.60506190123715 -390.64905994059393 5.368272016349579
    vertex 372.4245844285768 -388.50365853552233 7.7499999999949
    vertex 371.69127982130027 -389.06634295109546 7.7499999999949
  endloop
endfacet
facet normal -0.13052619222068484 -0.991444861373727 -1.2665752827950155e-14
  outer loop
    vertex 228.35710728739835 -389.53469887691494 15.000000000000288
    vertex 228.16299300357053 -389.5091432466314 5.000000000000218
    vertex 228.35710728739835 -389.53469887691494 5.000000000000218
  endloop
endfacet
facet normal -0.13052619222068484 -0.991444861373727 -1.2665752827950155e-14
  outer loop
    vertex 228.16299300357053 -389.5091432466314 5.000000000000218
    vertex 228.35710728739835 -389.53469887691494 15.000000000000288
    vertex 228.16299300357053 -389.50914324663177 15.000000000000288
  endloop
endfacet
facet normal 0.381314673228148 -0.9205750556396359 -0.08450258525626238
  outer loop
    vertex 232.6229409635112 -388.3272915940533 7.000000000000286
    vertex 232.05504135286714 -388.37893679522983 5.000000000000218
    vertex 232.57866339140367 -388.16204544531064 5.000000000000218
  endloop
endfacet
facet normal 0.381314673228148 -0.9205750556396359 -0.08450258525626238
  outer loop
    vertex 232.05504135286714 -388.37893679522983 5.000000000000218
    vertex 232.6229409635112 -388.3272915940533 7.000000000000286
    vertex 232.14057905371587 -388.5270924390624 7.000000000000286
  endloop
endfacet
facet normal 0.13005933396805985 0.9878987208883271 -0.08450258525626268
  outer loop
    vertex 232.6229409635112 -392.1909948992095 7.000000000000286
    vertex 233.14057905371564 -392.43021864832883 5.000000000000218
    vertex 232.57866339140367 -392.3562410479522 5.000000000000218
  endloop
endfacet
facet normal 0.13005933396805985 0.9878987208883271 -0.08450258525626268
  outer loop
    vertex 233.14057905371564 -392.43021864832883 5.000000000000218
    vertex 232.6229409635112 -392.1909948992095 7.000000000000286
    vertex 233.14057905371624 -392.2591432466314 7.000000000000286
  endloop
endfacet
facet normal -0.22246299465766703 0.13093596728036475 0.9661086835756617
  outer loop
    vertex 221.858404808683 -427.42947748996124 5.283120146811324
    vertex 222.15498687060958 -424.83658133591683 5.000000000000218
    vertex 221.63393437586936 -425.7218606122122 5.000000000000218
  endloop
endfacet
facet normal -0.22246299465766703 0.13093596728036475 0.9661086835756617
  outer loop
    vertex 222.15498687060958 -424.83658133591683 5.000000000000218
    vertex 221.858404808683 -427.42947748996124 5.283120146811324
    vertex 223.2633207937658 -427.42947748996124 5.606626003447038
  endloop
endfacet
facet normal 0.304566184066925 0.7352878122146316 0.6054678131259603
  outer loop
    vertex 245.6426691999018 -433.3163429510955 7.7499999999949
    vertex 251.77361209101792 -433.8946447266682 5.368272016349652
    vertex 246.55645127983993 -431.73362596159694 5.368272016349652
  endloop
endfacet
facet normal 0.304566184066925 0.7352878122146316 0.6054678131259603
  outer loop
    vertex 251.77361209101792 -433.8946447266682 5.368272016349652
    vertex 245.6426691999018 -433.3163429510955 7.7499999999949
    vertex 251.30060368029538 -435.65993614789267 7.7499999999949
  endloop
endfacet
facet normal 0.9831056027603571 -0.12942830799558364 0.1294283079955656
  outer loop
    vertex 372.31277889073624 -386.00000000000546 10.523580981315876
    vertex 371.8527775456381 -386.51763809021065 13.499999999994888
    vertex 372.23127847620185 -386.6190571088895 10.523580981315876
  endloop
endfacet
facet normal 0.9831056027603571 -0.12942830799558364 0.1294283079955656
  outer loop
    vertex 371.8527775456381 -386.51763809021065 13.499999999994888
    vertex 372.31277889073624 -386.00000000000546 10.523580981315876
    vertex 371.92092589306 -386.00000000000546 13.499999999994888
  endloop
endfacet
facet normal -0.605654324560728 0.10090542006126496 0.789304082938349
  outer loop
    vertex 223.8063928081177 -421.99396181731805 5.599079542214823
    vertex 224.52410181949364 -413.00000000000585 5.000000000000218
    vertex 223.4617725272422 -419.3763109015311 5.000000000000218
  endloop
endfacet
facet normal -0.605654324560728 0.10090542006126496 0.789304082938349
  outer loop
    vertex 224.52410181949364 -413.00000000000585 5.000000000000218
    vertex 223.8063928081177 -421.99396181731805 5.599079542214823
    vertex 225.00404325530747 -413.0000000000056 5.368272016349652
  endloop
endfacet
facet normal 0.07988880177352303 0.6068156946334726 0.7908176098808667
  outer loop
    vertex 257.3723152716618 -434.6317279836508 5.368272016349652
    vertex 251.89783007513847 -433.43105689871345 5.000000000000218
    vertex 251.77361209101792 -433.8946447266682 5.368272016349652
  endloop
endfacet
facet normal 0.07988880177352303 0.6068156946334726 0.7908176098808667
  outer loop
    vertex 251.89783007513847 -433.43105689871345 5.000000000000218
    vertex 257.3723152716618 -434.6317279836508 5.368272016349652
    vertex 257.3723152716618 -434.151786547837 5.000000000000218
  endloop
endfacet
facet normal -0.9890676222097662 -0.07277124358296672 0.12825593476992753
  outer loop
    vertex 227.98046227398632 -413.0000000000056 10.523580981315947
    vertex 228.774942475892 -420.66264294628405 12.302637742063185
    vertex 229.1383033692324 -420.56528068835274 15.159999999994799
  endloop
endfacet
facet normal -0.608761429008894 0.793353340291102 3.1561348833464726e-14
  outer loop
    vertex 365.5367258464812 -386.45540476901715 15.000000000000215
    vertex 365.6920559323706 -386.33621580206847 5.000000000000218
    vertex 365.53672584648064 -386.4554047690168 5.000000000000218
  endloop
endfacet
facet normal -0.608761429008894 0.793353340291102 3.1561348833464726e-14
  outer loop
    vertex 365.6920559323706 -386.33621580206847 5.000000000000218
    vertex 365.5367258464812 -386.45540476901715 15.000000000000215
    vertex 365.6920559323706 -386.33621580206875 15.000000000000215
  endloop
endfacet
facet normal -0.9914448613738259 -0.1305261922199338 -4.891877251302824e-15
  outer loop
    vertex 361.1170543375923 -442.3586012586412 15.000000000000181
    vertex 361.0914987073094 -442.1644869748152 5.000000000000218
    vertex 361.1170543375923 -442.35860125864184 5.000000000000218
  endloop
endfacet
facet normal -0.9914448613738259 -0.1305261922199338 -4.891877251302824e-15
  outer loop
    vertex 361.0914987073094 -442.1644869748152 5.000000000000218
    vertex 361.1170543375923 -442.3586012586412 15.000000000000181
    vertex 361.0914987073088 -442.1644869748143 15.000000000000181
  endloop
endfacet
facet normal 0.38268343236572994 0.9238795325110215 -3.470762092340152e-14
  outer loop
    vertex 359.9920543375927 -443.0081203114796 15.000000000000181
    vertex 360.1729400537655 -443.08304562835843 5.000000000000218
    vertex 359.9920543375927 -443.0081203114799 5.000000000000218
  endloop
endfacet
facet normal 0.38268343236572994 0.9238795325110215 -3.470762092340152e-14
  outer loop
    vertex 360.1729400537655 -443.08304562835843 5.000000000000218
    vertex 359.9920543375927 -443.0081203114796 15.000000000000181
    vertex 360.1729400537655 -443.08304562835815 15.000000000000181
  endloop
endfacet
facet normal 0.9914448613737549 0.1305261922204726 -1.2906295755221211e-14
  outer loop
    vertex 359.61705433759204 -442.35860125864184 5.000000000000218
    vertex 359.64260996787556 -442.55271554246815 15.000000000000181
    vertex 359.64260996787556 -442.5527155424688 5.000000000000218
  endloop
endfacet
facet normal 0.9914448613737549 0.1305261922204726 -1.2906295755221211e-14
  outer loop
    vertex 359.64260996787556 -442.55271554246815 15.000000000000181
    vertex 359.61705433759204 -442.35860125864184 5.000000000000218
    vertex 359.61705433759204 -442.3586012586412 15.000000000000181
  endloop
endfacet
facet normal -0.6087614290096554 -0.7933533402905178 -1.7853805445614585e-15
  outer loop
    vertex 360.89738442348215 -441.8282711727516 5.000000000000218
    vertex 360.74205433759283 -441.70908220580293 15.000000000000181
    vertex 360.74205433759283 -441.7090822058026 5.0000000000002
  endloop
endfacet
facet normal -0.6087614290096554 -0.7933533402905178 -1.7853805445614585e-15
  outer loop
    vertex 360.74205433759283 -441.70908220580293 15.000000000000181
    vertex 360.89738442348215 -441.8282711727516 5.000000000000218
    vertex 360.89738442348215 -441.8282711727512 15.000000000000181
  endloop
endfacet
facet normal -0.9238795325115416 -0.3826834323644745 7.617585884246841e-15
  outer loop
    vertex 361.0914987073088 -442.1644869748143 15.000000000000181
    vertex 361.0165733904311 -441.9836012586418 5.000000000000218
    vertex 361.0914987073094 -442.1644869748152 5.000000000000218
  endloop
endfacet
facet normal -0.9238795325115416 -0.3826834323644745 7.617585884246841e-15
  outer loop
    vertex 361.0165733904311 -441.9836012586418 5.000000000000218
    vertex 361.0914987073088 -442.1644869748143 15.000000000000181
    vertex 361.0165733904311 -441.9836012586412 15.000000000000181
  endloop
endfacet
facet normal 0.6068156946314935 -0.07988880177343997 0.7908176098823937
  outer loop
    vertex 236.22052872383128 -413.0000000000056 5.000000000000218
    vertex 236.47767054499943 -407.4012968193609 5.368272016349652
    vertex 235.74058728801685 -413.00000000000534 5.368272016349652
  endloop
endfacet
facet normal 0.6068156946314935 -0.07988880177343997 0.7908176098823937
  outer loop
    vertex 236.47767054499943 -407.4012968193609 5.368272016349652
    vertex 236.22052872383128 -413.0000000000056 5.000000000000218
    vertex 236.94125837295832 -407.52551480348376 5.000000000000218
  endloop
endfacet
facet normal 0.6087614290098946 0.7933533402903342 -4.669426791291962e-15
  outer loop
    vertex 359.8367242517022 -442.8889313445312 15.000000000000181
    vertex 359.9920543375927 -443.0081203114799 5.000000000000218
    vertex 359.8367242517028 -442.88893134453093 5.000000000000218
  endloop
endfacet
facet normal 0.6087614290098946 0.7933533402903342 -4.669426791291962e-15
  outer loop
    vertex 359.9920543375927 -443.0081203114799 5.000000000000218
    vertex 359.8367242517022 -442.8889313445312 15.000000000000181
    vertex 359.9920543375927 -443.0081203114796 15.000000000000181
  endloop
endfacet
facet normal 0.7933533402905744 0.608761429009582 1.075845347519566e-14
  outer loop
    vertex 359.8367242517028 -442.88893134453093 5.000000000000218
    vertex 359.71753528475443 -442.73360125864133 15.000000000000181
    vertex 359.8367242517022 -442.8889313445312 15.000000000000181
  endloop
endfacet
facet normal 0.7933533402905744 0.608761429009582 1.075845347519566e-14
  outer loop
    vertex 359.71753528475443 -442.73360125864133 15.000000000000181
    vertex 359.8367242517028 -442.88893134453093 5.000000000000218
    vertex 359.71753528475443 -442.73360125864133 5.000000000000218
  endloop
endfacet
facet normal 0.10112831193656227 0.9191431635730579 0.3807215641144748
  outer loop
    vertex 242.03337325709583 -383.6081470023299 10.523580981315876
    vertex 242.03337325709583 -382.4592921435266 7.749999999994828
    vertex 232.8923890570011 -381.45355948050945 7.7499999999949
  endloop
endfacet
facet normal -0.7933533402910931 0.608761429008906 5.131536193445329e-15
  outer loop
    vertex 360.89738442348215 -442.8889313445312 15.000000000000181
    vertex 361.0165733904305 -442.7336012586416 5.000000000000218
    vertex 360.89738442348215 -442.8889313445318 5.000000000000218
  endloop
endfacet
facet normal -0.7933533402910931 0.608761429008906 5.131536193445329e-15
  outer loop
    vertex 361.0165733904305 -442.7336012586416 5.000000000000218
    vertex 360.89738442348215 -442.8889313445312 15.000000000000181
    vertex 361.0165733904311 -442.73360125864133 15.000000000000181
  endloop
endfacet
facet normal 0.6087614290088438 -0.7933533402911407 4.120018339595544e-15
  outer loop
    vertex 359.9920543375927 -441.70908220580293 15.000000000000181
    vertex 359.8367242517028 -441.8282711727512 5.000000000000218
    vertex 359.9920543375927 -441.70908220580293 5.000000000000218
  endloop
endfacet
facet normal 0.6087614290088438 -0.7933533402911407 4.120018339595544e-15
  outer loop
    vertex 359.8367242517028 -441.8282711727512 5.000000000000218
    vertex 359.9920543375927 -441.70908220580293 15.000000000000181
    vertex 359.8367242517022 -441.8282711727512 15.000000000000181
  endloop
endfacet
facet normal 0.06636046016162403 0.609682348128764 0.7898631044094504
  outer loop
    vertex 242.03337325709583 -380.6317279836513 5.368272016349579
    vertex 233.48961545184534 -379.2246802313265 5.000000000000218
    vertex 233.3653974677225 -379.6882680592856 5.368272016349507
  endloop
endfacet
facet normal 0.06636046016162403 0.609682348128764 0.7898631044094504
  outer loop
    vertex 233.48961545184534 -379.2246802313265 5.000000000000218
    vertex 242.03337325709583 -380.6317279836513 5.368272016349579
    vertex 240.41090951495931 -379.9780237721914 5.000000000000218
  endloop
endfacet
facet normal 0.991444861373814 -0.13052619222002435 -6.681217416852762e-15
  outer loop
    vertex 359.64260996787556 -442.1644869748152 5.000000000000218
    vertex 359.61705433759204 -442.3586012586412 15.000000000000181
    vertex 359.61705433759204 -442.35860125864184 5.000000000000218
  endloop
endfacet
facet normal 0.991444861373814 -0.13052619222002435 -6.681217416852762e-15
  outer loop
    vertex 359.61705433759204 -442.3586012586412 15.000000000000181
    vertex 359.64260996787556 -442.1644869748152 5.000000000000218
    vertex 359.64260996787556 -442.1644869748143 15.000000000000181
  endloop
endfacet
facet normal 0.5654622078525431 -0.2342221155017035 0.7908176098826036
  outer loop
    vertex 374.98562730939295 -388.92410672609054 5.000000000000218
    vertex 375.10627847620253 -387.38941103712904 5.368272016349579
    vertex 374.5699858336486 -388.6841360081828 5.368272016349579
  endloop
endfacet
facet normal 0.5654622078525431 -0.2342221155017035 0.7908176098826036
  outer loop
    vertex 375.10627847620253 -387.38941103712904 5.368272016349579
    vertex 374.98562730939295 -388.92410672609054 5.000000000000218
    vertex 375.5698663041608 -387.5136290212513 5.000000000000218
  endloop
endfacet
facet normal 0.0 0.0 -0.9999999999999999
  outer loop
    vertex 359.64260996787556 -442.1644869748143 15.000000000000181
    vertex 359.64260996787556 -442.55271554246815 15.000000000000181
    vertex 359.61705433759204 -442.3586012586412 15.000000000000181
  endloop
endfacet
facet normal 0.0 0.0 -0.9999999999999999
  outer loop
    vertex 359.64260996787556 -442.55271554246815 15.000000000000181
    vertex 359.64260996787556 -442.1644869748143 15.000000000000181
    vertex 359.71753528475443 -441.9836012586412 15.000000000000181
  endloop
endfacet
facet normal 0.0 0.0 -0.9999999999999999
  outer loop
    vertex 359.64260996787556 -442.55271554246815 15.000000000000181
    vertex 359.71753528475443 -441.9836012586412 15.000000000000181
    vertex 359.71753528475443 -442.73360125864133 15.000000000000181
  endloop
endfacet
facet normal 0.0 0.0 -0.9999999999999999
  outer loop
    vertex 359.71753528475443 -442.73360125864133 15.000000000000181
    vertex 359.71753528475443 -441.9836012586412 15.000000000000181
    vertex 359.8367242517022 -441.8282711727512 15.000000000000181
  endloop
endfacet
facet normal 0.0 0.0 -0.9999999999999999
  outer loop
    vertex 359.71753528475443 -442.73360125864133 15.000000000000181
    vertex 359.8367242517022 -441.8282711727512 15.000000000000181
    vertex 359.8367242517022 -442.8889313445312 15.000000000000181
  endloop
endfacet
facet normal 0.0 0.0 -0.9999999999999999
  outer loop
    vertex 359.8367242517022 -442.8889313445312 15.000000000000181
    vertex 359.8367242517022 -441.8282711727512 15.000000000000181
    vertex 359.9920543375927 -441.70908220580293 15.000000000000181
  endloop
endfacet
facet normal 0.0 0.0 -0.9999999999999999
  outer loop
    vertex 359.8367242517022 -442.8889313445312 15.000000000000181
    vertex 359.9920543375927 -441.70908220580293 15.000000000000181
    vertex 359.9920543375927 -443.0081203114796 15.000000000000181
  endloop
endfacet
facet normal 0.0 0.0 -0.9999999999999999
  outer loop
    vertex 359.9920543375927 -443.0081203114796 15.000000000000181
    vertex 359.9920543375927 -441.70908220580293 15.000000000000181
    vertex 360.1729400537655 -441.6341568889246 15.000000000000181
  endloop
endfacet
facet normal 0.0 0.0 -0.9999999999999999
  outer loop
    vertex 359.9920543375927 -443.0081203114796 15.000000000000181
    vertex 360.1729400537655 -441.6341568889246 15.000000000000181
    vertex 360.1729400537655 -443.08304562835815 15.000000000000181
  endloop
endfacet
facet normal 0.0 0.0 -0.9999999999999999
  outer loop
    vertex 360.1729400537655 -443.08304562835815 15.000000000000181
    vertex 360.1729400537655 -441.6341568889246 15.000000000000181
    vertex 360.3670543375922 -441.6086012586414 15.000000000000181
  endloop
endfacet
facet normal 0.0 0.0 -0.9999999999999999
  outer loop
    vertex 360.1729400537655 -443.08304562835815 15.000000000000181
    vertex 360.3670543375922 -441.6086012586414 15.000000000000181
    vertex 360.3670543375922 -443.10860125864133 15.000000000000181
  endloop
endfacet
facet normal 0.0 0.0 -0.9999999999999999
  outer loop
    vertex 360.3670543375922 -443.10860125864133 15.000000000000181
    vertex 360.3670543375922 -441.6086012586414 15.000000000000181
    vertex 360.5611686214194 -441.6341568889246 15.000000000000181
  endloop
endfacet
facet normal 0.0 0.0 -0.9999999999999999
  outer loop
    vertex 360.3670543375922 -443.10860125864133 15.000000000000181
    vertex 360.5611686214194 -441.6341568889246 15.000000000000181
    vertex 360.5611686214194 -443.08304562835815 15.000000000000181
  endloop
endfacet
facet normal 0.0 0.0 -0.9999999999999999
  outer loop
    vertex 360.5611686214194 -443.08304562835815 15.000000000000181
    vertex 360.5611686214194 -441.6341568889246 15.000000000000181
    vertex 360.74205433759283 -441.70908220580293 15.000000000000181
  endloop
endfacet
facet normal 0.0 0.0 -0.9999999999999999
  outer loop
    vertex 360.5611686214194 -443.08304562835815 15.000000000000181
    vertex 360.74205433759283 -441.70908220580293 15.000000000000181
    vertex 360.74205433759283 -443.0081203114796 15.000000000000181
  endloop
endfacet
facet normal 0.0 0.0 -0.9999999999999999
  outer loop
    vertex 360.74205433759283 -443.0081203114796 15.000000000000181
    vertex 360.74205433759283 -441.70908220580293 15.000000000000181
    vertex 360.89738442348215 -441.8282711727512 15.000000000000181
  endloop
endfacet
facet normal 0.0 0.0 -0.9999999999999999
  outer loop
    vertex 360.74205433759283 -443.0081203114796 15.000000000000181
    vertex 360.89738442348215 -441.8282711727512 15.000000000000181
    vertex 360.89738442348215 -442.8889313445312 15.000000000000181
  endloop
endfacet
facet normal 0.0 0.0 -0.9999999999999999
  outer loop
    vertex 360.89738442348215 -442.8889313445312 15.000000000000181
    vertex 360.89738442348215 -441.8282711727512 15.000000000000181
    vertex 361.0165733904311 -441.9836012586412 15.000000000000181
  endloop
endfacet
facet normal 0.0 0.0 -0.9999999999999999
  outer loop
    vertex 360.89738442348215 -442.8889313445312 15.000000000000181
    vertex 361.0165733904311 -441.9836012586412 15.000000000000181
    vertex 361.0165733904311 -442.73360125864133 15.000000000000181
  endloop
endfacet
facet normal 0.0 0.0 -0.9999999999999999
  outer loop
    vertex 361.0165733904311 -442.73360125864133 15.000000000000181
    vertex 361.0165733904311 -441.9836012586412 15.000000000000181
    vertex 361.0914987073088 -442.1644869748143 15.000000000000181
  endloop
endfacet
facet normal 0.0 0.0 -0.9999999999999999
  outer loop
    vertex 361.0165733904311 -442.73360125864133 15.000000000000181
    vertex 361.0914987073088 -442.1644869748143 15.000000000000181
    vertex 361.0914987073088 -442.55271554246815 15.000000000000181
  endloop
endfacet
facet normal 0.0 0.0 -0.9999999999999999
  outer loop
    vertex 361.0914987073088 -442.55271554246815 15.000000000000181
    vertex 361.0914987073088 -442.1644869748143 15.000000000000181
    vertex 361.1170543375923 -442.3586012586412 15.000000000000181
  endloop
endfacet
facet normal 0.1305261922200315 -0.991444861373813 -2.904174320564835e-14
  outer loop
    vertex 360.3670543375922 -441.6086012586414 15.000000000000181
    vertex 360.1729400537655 -441.6341568889243 5.000000000000218
    vertex 360.3670543375922 -441.6086012586411 5.000000000000218
  endloop
endfacet
facet normal 0.1305261922200315 -0.991444861373813 -2.904174320564835e-14
  outer loop
    vertex 360.1729400537655 -441.6341568889243 5.000000000000218
    vertex 360.3670543375922 -441.6086012586414 15.000000000000181
    vertex 360.1729400537655 -441.6341568889246 15.000000000000181
  endloop
endfacet
facet normal -0.7933533402909152 -0.6087614290091379 1.777771962207328e-14
  outer loop
    vertex 361.0165733904311 -441.9836012586412 15.000000000000181
    vertex 360.89738442348215 -441.8282711727516 5.000000000000218
    vertex 361.0165733904311 -441.9836012586418 5.000000000000218
  endloop
endfacet
facet normal -0.7933533402909152 -0.6087614290091379 1.777771962207328e-14
  outer loop
    vertex 360.89738442348215 -441.8282711727516 5.000000000000218
    vertex 361.0165733904311 -441.9836012586412 15.000000000000181
    vertex 360.89738442348215 -441.8282711727512 15.000000000000181
  endloop
endfacet
facet normal -2.973122629682552e-18 -4.471823942927899e-17 -0.9999999999999999
  outer loop
    vertex 225.5279182650508 -375.92715533526444 5.000000000000218
    vertex 227.4385486338539 -390.06502896280494 5.000000000000218
    vertex 227.4129930035716 -390.2591432466319 5.000000000000218
  endloop
endfacet
facet normal -2.973122629682552e-18 -4.471823942927899e-17 -0.9999999999999999
  outer loop
    vertex 227.4385486338539 -390.06502896280494 5.000000000000218
    vertex 225.5279182650508 -375.92715533526444 5.000000000000218
    vertex 227.51347395073276 -389.88414324663154 5.000000000000218
  endloop
endfacet
facet normal -2.973122629682552e-18 -4.471823942927899e-17 -0.9999999999999999
  outer loop
    vertex 227.51347395073276 -389.88414324663154 5.000000000000218
    vertex 225.5279182650508 -375.92715533526444 5.000000000000218
    vertex 233.48961545184534 -379.2246802313265 5.000000000000218
  endloop
endfacet
facet normal -2.973122629682552e-18 -4.471823942927899e-17 -0.9999999999999999
  outer loop
    vertex 227.51347395073276 -389.88414324663154 5.000000000000218
    vertex 233.48961545184534 -379.2246802313265 5.000000000000218
    vertex 227.63266291768056 -389.72881316074216 5.000000000000218
  endloop
endfacet
facet normal -2.973122629682552e-18 -4.471823942927899e-17 -0.9999999999999999
  outer loop
    vertex 227.63266291768056 -389.72881316074216 5.000000000000218
    vertex 233.48961545184534 -379.2246802313265 5.000000000000218
    vertex 227.78799300357105 -389.60962419379325 5.000000000000218
  endloop
endfacet
facet normal -2.973122629682552e-18 -4.471823942927899e-17 -0.9999999999999999
  outer loop
    vertex 227.78799300357105 -389.60962419379325 5.000000000000218
    vertex 233.48961545184534 -379.2246802313265 5.000000000000218
    vertex 227.96887871974388 -389.53469887691494 5.000000000000218
  endloop
endfacet
facet normal -2.973122629682552e-18 -4.471823942927899e-17 -0.9999999999999999
  outer loop
    vertex 227.96887871974388 -389.53469887691494 5.000000000000218
    vertex 233.48961545184534 -379.2246802313265 5.000000000000218
    vertex 228.16299300357053 -389.5091432466314 5.000000000000218
  endloop
endfacet
facet normal -2.973122629682552e-18 -4.471823942927899e-17 -0.9999999999999999
  outer loop
    vertex 228.16299300357053 -389.5091432466314 5.000000000000218
    vertex 233.48961545184534 -379.2246802313265 5.000000000000218
    vertex 228.35710728739835 -389.53469887691494 5.000000000000218
  endloop
endfacet
facet normal -2.973122629682552e-18 -4.471823942927899e-17 -0.9999999999999999
  outer loop
    vertex 228.35710728739835 -389.53469887691494 5.000000000000218
    vertex 233.48961545184534 -379.2246802313265 5.000000000000218
    vertex 228.5379930035706 -389.6096241937935 5.000000000000218
  endloop
endfacet
facet normal -2.973122629682552e-18 -4.471823942927899e-17 -0.9999999999999999
  outer loop
    vertex 228.5379930035706 -389.6096241937935 5.000000000000218
    vertex 233.48961545184534 -379.2246802313265 5.000000000000218
    vertex 228.6933230894605 -389.7288131607419 5.000000000000218
  endloop
endfacet
facet normal -2.973122629682552e-18 -4.471823942927899e-17 -0.9999999999999999
  outer loop
    vertex 228.6933230894605 -389.7288131607419 5.000000000000218
    vertex 233.48961545184534 -379.2246802313265 5.000000000000218
    vertex 228.81251205640947 -389.88414324663177 5.000000000000218
  endloop
endfacet
facet normal -2.973122629682552e-18 -4.471823942927899e-17 -0.9999999999999999
  outer loop
    vertex 228.81251205640947 -389.88414324663177 5.000000000000218
    vertex 233.48961545184534 -379.2246802313265 5.000000000000218
    vertex 228.88743737328835 -390.0650289628046 5.000000000000218
  endloop
endfacet
facet normal -2.973122629682552e-18 -4.471823942927899e-17 -0.9999999999999999
  outer loop
    vertex 228.88743737328835 -390.0650289628046 5.000000000000218
    vertex 233.48961545184534 -379.2246802313265 5.000000000000218
    vertex 228.91299300357065 -390.2591432466316 5.000000000000218
  endloop
endfacet
facet normal -2.973122629682552e-18 -4.471823942927899e-17 -0.9999999999999999
  outer loop
    vertex 228.91299300357065 -390.2591432466316 5.000000000000218
    vertex 233.48961545184534 -379.2246802313265 5.000000000000218
    vertex 231.0434812523956 -389.69722758431897 5.000000000000218
  endloop
endfacet
facet normal -2.973122629682552e-18 -4.471823942927899e-17 -0.9999999999999999
  outer loop
    vertex 228.91299300357065 -390.2591432466316 5.000000000000218
    vertex 231.0434812523956 -389.69722758431897 5.000000000000218
    vertex 230.96950365201866 -390.2591432466319 5.000000000000218
  endloop
endfacet
facet normal -2.973122629682552e-18 -4.471823942927899e-17 -0.9999999999999999
  outer loop
    vertex 231.0434812523956 -389.69722758431897 5.000000000000218
    vertex 233.48961545184534 -379.2246802313265 5.000000000000218
    vertex 231.26037260231416 -389.1736055457831 5.000000000000218
  endloop
endfacet
facet normal -2.973122629682552e-18 -4.471823942927899e-17 -0.9999999999999999
  outer loop
    vertex 231.26037260231416 -389.1736055457831 5.000000000000218
    vertex 233.48961545184534 -379.2246802313265 5.000000000000218
    vertex 231.60539691470754 -388.72396110762406 5.000000000000218
  endloop
endfacet
facet normal -2.973122629682552e-18 -4.471823942927899e-17 -0.9999999999999999
  outer loop
    vertex 231.60539691470754 -388.72396110762406 5.000000000000218
    vertex 233.48961545184534 -379.2246802313265 5.000000000000218
    vertex 232.05504135286714 -388.37893679522983 5.000000000000218
  endloop
endfacet
facet normal -2.973122629682552e-18 -4.471823942927899e-17 -0.9999999999999999
  outer loop
    vertex 232.05504135286714 -388.37893679522983 5.000000000000218
    vertex 233.48961545184534 -379.2246802313265 5.000000000000218
    vertex 232.57866339140367 -388.16204544531064 5.000000000000218
  endloop
endfacet
facet normal -2.973122629682552e-18 -4.471823942927899e-17 -0.9999999999999999
  outer loop
    vertex 232.57866339140367 -388.16204544531064 5.000000000000218
    vertex 233.48961545184534 -379.2246802313265 5.000000000000218
    vertex 233.14057905371624 -388.0880678449337 5.000000000000218
  endloop
endfacet
facet normal -2.973122629682552e-18 -4.471823942927899e-17 -0.9999999999999999
  outer loop
    vertex 233.14057905371624 -388.0880678449337 5.000000000000218
    vertex 233.48961545184534 -379.2246802313265 5.000000000000218
    vertex 233.70249471602878 -388.16204544531064 5.000000000000218
  endloop
endfacet
facet normal -2.973122629682552e-18 -4.471823942927899e-17 -0.9999999999999999
  outer loop
    vertex 233.70249471602878 -388.16204544531064 5.000000000000218
    vertex 233.48961545184534 -379.2246802313265 5.000000000000218
    vertex 240.41090951495931 -379.9780237721914 5.000000000000218
  endloop
endfacet
facet normal -2.973122629682552e-18 -4.471823942927899e-17 -0.9999999999999999
  outer loop
    vertex 233.70249471602878 -388.16204544531064 5.000000000000218
    vertex 240.41090951495931 -379.9780237721914 5.000000000000218
    vertex 234.2261167545647 -388.37893679522955 5.000000000000218
  endloop
endfacet
facet normal -2.973122629682552e-18 -4.471823942927899e-17 -0.9999999999999999
  outer loop
    vertex 234.2261167545647 -388.37893679522955 5.000000000000218
    vertex 240.41090951495931 -379.9780237721914 5.000000000000218
    vertex 234.6757611927237 -388.7239611076235 5.000000000000218
  endloop
endfacet
facet normal -2.973122629682552e-18 -4.471823942927899e-17 -0.9999999999999999
  outer loop
    vertex 234.6757611927237 -388.7239611076235 5.000000000000218
    vertex 240.41090951495931 -379.9780237721914 5.000000000000218
    vertex 235.02078550511825 -389.1736055457825 5.000000000000218
  endloop
endfacet
facet normal -2.973122629682552e-18 -4.471823942927899e-17 -0.9999999999999999
  outer loop
    vertex 235.02078550511825 -389.1736055457825 5.000000000000218
    vertex 240.41090951495931 -379.9780237721914 5.000000000000218
    vertex 235.23767685503688 -389.69722758431845 5.000000000000218
  endloop
endfacet
facet normal -2.973122629682552e-18 -4.471823942927899e-17 -0.9999999999999999
  outer loop
    vertex 235.23767685503688 -389.69722758431845 5.000000000000218
    vertex 240.41090951495931 -379.9780237721914 5.000000000000218
    vertex 235.3116544554138 -390.25914324663125 5.000000000000218
  endloop
endfacet
facet normal -2.973122629682552e-18 -4.471823942927899e-17 -0.9999999999999999
  outer loop
    vertex 235.3116544554138 -390.25914324663125 5.000000000000218
    vertex 240.41090951495931 -379.9780237721914 5.000000000000218
    vertex 236.22052872383128 -413.0000000000056 5.000000000000218
  endloop
endfacet
facet normal -2.973122629682552e-18 -4.471823942927899e-17 -0.9999999999999999
  outer loop
    vertex 235.3116544554138 -390.25914324663125 5.000000000000218
    vertex 236.22052872383128 -413.0000000000056 5.000000000000218
    vertex 235.32768698113154 -427.42947748996676 5.000000000000218
  endloop
endfacet
facet normal -2.973122629682552e-18 -4.471823942927899e-17 -0.9999999999999999
  outer loop
    vertex 236.22052872383128 -413.0000000000056 5.000000000000218
    vertex 240.41090951495931 -379.9780237721914 5.000000000000218
    vertex 236.94125837295832 -407.52551480348376 5.000000000000218
  endloop
endfacet
facet normal -2.973122629682552e-18 -4.471823942927899e-17 -0.9999999999999999
  outer loop
    vertex 236.94125837295832 -407.52551480348376 5.000000000000218
    vertex 240.41090951495931 -379.9780237721914 5.000000000000218
    vertex 239.05433078581444 -402.4241067260904 5.000000000000218
  endloop
endfacet
facet normal -2.973122629682552e-18 -4.471823942927899e-17 -0.9999999999999999
  outer loop
    vertex 239.05433078581444 -402.4241067260904 5.000000000000218
    vertex 240.41090951495931 -379.9780237721914 5.000000000000218
    vertex 242.41574356947987 -398.0434282978234 5.000000000000218
  endloop
endfacet
facet normal -2.973122629682552e-18 -4.471823942927899e-17 -0.9999999999999999
  outer loop
    vertex 242.41574356947987 -398.0434282978234 5.000000000000218
    vertex 240.41090951495931 -379.9780237721914 5.000000000000218
    vertex 242.03337325709583 -380.15178654783716 5.000000000000218
  endloop
endfacet
facet normal -2.973122629682552e-18 -4.471823942927899e-17 -0.9999999999999999
  outer loop
    vertex 242.41574356947987 -398.0434282978234 5.000000000000218
    vertex 242.03337325709583 -380.15178654783716 5.000000000000218
    vertex 246.79642199774682 -394.6820155141574 5.000000000000218
  endloop
endfacet
facet normal -2.973122629682552e-18 -4.471823942927899e-17 -0.9999999999999999
  outer loop
    vertex 246.79642199774682 -394.6820155141574 5.000000000000218
    vertex 242.03337325709583 -380.15178654783716 5.000000000000218
    vertex 251.8978300751402 -392.5689431013015 5.000000000000218
  endloop
endfacet
facet normal -2.973122629682552e-18 -4.471823942927899e-17 -0.9999999999999999
  outer loop
    vertex 251.8978300751402 -392.5689431013015 5.000000000000218
    vertex 242.03337325709583 -380.15178654783716 5.000000000000218
    vertex 257.37231527166296 -391.848213452174 5.000000000000218
  endloop
endfacet
facet normal -2.973122629682552e-18 -4.471823942927899e-17 -0.9999999999999999
  outer loop
    vertex 257.37231527166296 -391.848213452174 5.000000000000218
    vertex 242.03337325709583 -380.15178654783716 5.000000000000218
    vertex 369.9209258930604 -380.1517865478366 5.000000000000218
  endloop
endfacet
facet normal -2.973122629682552e-18 -4.471823942927899e-17 -0.9999999999999999
  outer loop
    vertex 257.37231527166296 -391.848213452174 5.000000000000218
    vertex 369.9209258930604 -380.1517865478366 5.000000000000218
    vertex 359.6222241340223 -383.70878791485814 5.000000000000218
  endloop
endfacet
facet normal -2.973122629682552e-18 -4.471823942927899e-17 -0.9999999999999999
  outer loop
    vertex 257.37231527166296 -391.848213452174 5.000000000000218
    vertex 359.6222241340223 -383.70878791485814 5.000000000000218
    vertex 359.0986020954864 -383.92567926477733 5.000000000000218
  endloop
endfacet
facet normal -2.973122629682552e-18 -4.471823942927899e-17 -0.9999999999999999
  outer loop
    vertex 257.37231527166296 -391.848213452174 5.000000000000218
    vertex 359.0986020954864 -383.92567926477733 5.000000000000218
    vertex 358.64895765732734 -384.2707035771713 5.000000000000218
  endloop
endfacet
facet normal -2.973122629682552e-18 -4.471823942927899e-17 -0.9999999999999999
  outer loop
    vertex 257.37231527166296 -391.848213452174 5.000000000000218
    vertex 358.64895765732734 -384.2707035771713 5.000000000000218
    vertex 358.303933344934 -384.72034801533056 5.000000000000218
  endloop
endfacet
facet normal -2.973122629682552e-18 -4.471823942927899e-17 -0.9999999999999999
  outer loop
    vertex 257.37231527166296 -391.848213452174 5.000000000000218
    vertex 358.303933344934 -384.72034801533056 5.000000000000218
    vertex 358.08704199501426 -385.24397005386624 5.000000000000218
  endloop
endfacet
facet normal -2.973122629682552e-18 -4.471823942927899e-17 -0.9999999999999999
  outer loop
    vertex 257.37231527166296 -391.848213452174 5.000000000000218
    vertex 358.08704199501426 -385.24397005386624 5.000000000000218
    vertex 358.0130643946379 -385.80588571617903 5.000000000000218
  endloop
endfacet
facet normal -2.973122629682552e-18 -4.471823942927899e-17 -0.9999999999999999
  outer loop
    vertex 359.6222241340223 -383.70878791485814 5.000000000000218
    vertex 369.9209258930604 -380.1517865478366 5.000000000000218
    vertex 360.18413979633544 -383.6348103144812 5.000000000000218
  endloop
endfacet
facet normal -2.973122629682552e-18 -4.471823942927899e-17 -0.9999999999999999
  outer loop
    vertex 360.18413979633544 -383.6348103144812 5.000000000000218
    vertex 369.9209258930604 -380.1517865478366 5.000000000000218
    vertex 360.7460554586486 -383.70878791485814 5.000000000000218
  endloop
endfacet
facet normal -2.973122629682552e-18 -4.471823942927899e-17 -0.9999999999999999
  outer loop
    vertex 360.7460554586486 -383.70878791485814 5.000000000000218
    vertex 369.9209258930604 -380.1517865478366 5.000000000000218
    vertex 361.26967749718455 -383.92567926477733 5.000000000000218
  endloop
endfacet
facet normal -2.973122629682552e-18 -4.471823942927899e-17 -0.9999999999999999
  outer loop
    vertex 361.26967749718455 -383.92567926477733 5.000000000000218
    vertex 369.9209258930604 -380.1517865478366 5.000000000000218
    vertex 361.71932193534354 -384.2707035771713 5.000000000000218
  endloop
endfacet
facet normal -2.973122629682552e-18 -4.471823942927899e-17 -0.9999999999999999
  outer loop
    vertex 361.71932193534354 -384.2707035771713 5.000000000000218
    vertex 369.9209258930604 -380.1517865478366 5.000000000000218
    vertex 362.0643462477369 -384.7203480153302 5.000000000000218
  endloop
endfacet
facet normal -2.973122629682552e-18 -4.471823942927899e-17 -0.9999999999999999
  outer loop
    vertex 362.0643462477369 -384.7203480153302 5.000000000000218
    vertex 369.9209258930604 -380.1517865478366 5.000000000000218
    vertex 362.2812375976566 -385.24397005386624 5.000000000000218
  endloop
endfacet
facet normal -2.973122629682552e-18 -4.471823942927899e-17 -0.9999999999999999
  outer loop
    vertex 362.2812375976566 -385.24397005386624 5.000000000000218
    vertex 369.9209258930604 -380.1517865478366 5.000000000000218
    vertex 362.3552151980336 -385.80588571617903 5.000000000000218
  endloop
endfacet
facet normal -2.973122629682552e-18 -4.471823942927899e-17 -0.9999999999999999
  outer loop
    vertex 362.3552151980336 -385.80588571617903 5.000000000000218
    vertex 369.9209258930604 -380.1517865478366 5.000000000000218
    vertex 364.6313957605906 -385.2755556302894 5.000000000000218
  endloop
endfacet
facet normal -2.973122629682552e-18 -4.471823942927899e-17 -0.9999999999999999
  outer loop
    vertex 362.3552151980336 -385.80588571617903 5.000000000000218
    vertex 364.6313957605906 -385.2755556302894 5.000000000000218
    vertex 364.51220679364167 -385.4308857161793 5.000000000000218
  endloop
endfacet
facet normal -2.973122629682552e-18 -4.471823942927899e-17 -0.9999999999999999
  outer loop
    vertex 362.3552151980336 -385.80588571617903 5.000000000000218
    vertex 364.51220679364167 -385.4308857161793 5.000000000000218
    vertex 364.4372814767639 -385.6117714323518 5.000000000000218
  endloop
endfacet
facet normal -2.973122629682552e-18 -4.471823942927899e-17 -0.9999999999999999
  outer loop
    vertex 362.3552151980336 -385.80588571617903 5.000000000000218
    vertex 364.4372814767639 -385.6117714323518 5.000000000000218
    vertex 364.41172584648046 -385.8058857161793 5.000000000000218
  endloop
endfacet
facet normal -2.973122629682552e-18 -4.471823942927899e-17 -0.9999999999999999
  outer loop
    vertex 364.6313957605906 -385.2755556302894 5.000000000000218
    vertex 369.9209258930604 -380.1517865478366 5.000000000000218
    vertex 364.7867258464811 -385.1563666633401 5.000000000000218
  endloop
endfacet
facet normal -2.973122629682552e-18 -4.471823942927899e-17 -0.9999999999999999
  outer loop
    vertex 364.7867258464811 -385.1563666633401 5.000000000000218
    vertex 369.9209258930604 -380.1517865478366 5.000000000000218
    vertex 364.9676115626539 -385.08144134646153 5.000000000000218
  endloop
endfacet
facet normal -2.973122629682552e-18 -4.471823942927899e-17 -0.9999999999999999
  outer loop
    vertex 364.9676115626539 -385.08144134646153 5.000000000000218
    vertex 369.9209258930604 -380.1517865478366 5.000000000000218
    vertex 365.1617258464806 -385.0558857161792 5.000000000000218
  endloop
endfacet
facet normal -2.973122629682552e-18 -4.471823942927899e-17 -0.9999999999999999
  outer loop
    vertex 365.1617258464806 -385.0558857161792 5.000000000000218
    vertex 369.9209258930604 -380.1517865478366 5.000000000000218
    vertex 365.35584013030723 -385.08144134646216 5.000000000000218
  endloop
endfacet
facet normal -2.973122629682552e-18 -4.471823942927899e-17 -0.9999999999999999
  outer loop
    vertex 365.35584013030723 -385.08144134646216 5.000000000000218
    vertex 369.9209258930604 -380.1517865478366 5.000000000000218
    vertex 365.53672584648064 -385.1563666633404 5.000000000000218
  endloop
endfacet
facet normal -2.973122629682552e-18 -4.471823942927899e-17 -0.9999999999999999
  outer loop
    vertex 365.53672584648064 -385.1563666633404 5.000000000000218
    vertex 369.9209258930604 -380.1517865478366 5.000000000000218
    vertex 365.6920559323706 -385.27555563028875 5.000000000000218
  endloop
endfacet
facet normal -2.973122629682552e-18 -4.471823942927899e-17 -0.9999999999999999
  outer loop
    vertex 365.6920559323706 -385.27555563028875 5.000000000000218
    vertex 369.9209258930604 -380.1517865478366 5.000000000000218
    vertex 365.8112448993195 -385.4308857161787 5.000000000000218
  endloop
endfacet
facet normal -2.973122629682552e-18 -4.471823942927899e-17 -0.9999999999999999
  outer loop
    vertex 365.8112448993195 -385.4308857161787 5.000000000000218
    vertex 369.9209258930604 -380.1517865478366 5.000000000000218
    vertex 365.8861702161972 -385.6117714323518 5.000000000000218
  endloop
endfacet
facet normal -2.973122629682552e-18 -4.471823942927899e-17 -0.9999999999999999
  outer loop
    vertex 365.8861702161972 -385.6117714323518 5.000000000000218
    vertex 369.9209258930604 -380.1517865478366 5.000000000000218
    vertex 365.9117258464807 -385.80588571617903 5.000000000000218
  endloop
endfacet
facet normal -2.973122629682552e-18 -4.471823942927899e-17 -0.9999999999999999
  outer loop
    vertex 257.37231527166296 -391.848213452174 5.000000000000218
    vertex 359.6222241340223 -387.90298351749965 5.000000000000218
    vertex 369.9209258930604 -391.84821345217364 5.000000000000218
  endloop
endfacet
facet normal -2.973122629682552e-18 -4.471823942927899e-17 -0.9999999999999999
  outer loop
    vertex 359.6222241340223 -387.90298351749965 5.000000000000218
    vertex 257.37231527166296 -391.848213452174 5.000000000000218
    vertex 359.09860209548697 -387.6860921675808 5.000000000000218
  endloop
endfacet
facet normal -2.973122629682552e-18 -4.471823942927899e-17 -0.9999999999999999
  outer loop
    vertex 359.09860209548697 -387.6860921675808 5.000000000000218
    vertex 257.37231527166296 -391.848213452174 5.000000000000218
    vertex 358.64895765732734 -387.34106785518685 5.000000000000218
  endloop
endfacet
facet normal -2.973122629682552e-18 -4.471823942927899e-17 -0.9999999999999999
  outer loop
    vertex 358.64895765732734 -387.34106785518685 5.000000000000218
    vertex 257.37231527166296 -391.848213452174 5.000000000000218
    vertex 358.303933344934 -386.89142341702814 5.000000000000218
  endloop
endfacet
facet normal -2.973122629682552e-18 -4.471823942927899e-17 -0.9999999999999999
  outer loop
    vertex 358.303933344934 -386.89142341702814 5.000000000000218
    vertex 257.37231527166296 -391.848213452174 5.000000000000218
    vertex 358.0870419950154 -386.36780137849195 5.000000000000218
  endloop
endfacet
facet normal -2.973122629682552e-18 -4.471823942927899e-17 -0.9999999999999999
  outer loop
    vertex 358.0870419950154 -386.36780137849195 5.000000000000218
    vertex 257.37231527166296 -391.848213452174 5.000000000000218
    vertex 358.0130643946379 -385.80588571617903 5.000000000000218
  endloop
endfacet
facet normal -2.973122629682552e-18 -4.471823942927899e-17 -0.9999999999999999
  outer loop
    vertex 369.9209258930604 -391.84821345217364 5.000000000000218
    vertex 359.6222241340223 -387.90298351749965 5.000000000000218
    vertex 360.18413979633544 -387.9769611178766 5.000000000000218
  endloop
endfacet
facet normal -2.973122629682552e-18 -4.471823942927899e-17 -0.9999999999999999
  outer loop
    vertex 369.9209258930604 -391.84821345217364 5.000000000000218
    vertex 360.18413979633544 -387.9769611178766 5.000000000000218
    vertex 360.7460554586486 -387.9029835175 5.000000000000218
  endloop
endfacet
facet normal -2.973122629682552e-18 -4.471823942927899e-17 -0.9999999999999999
  outer loop
    vertex 369.9209258930604 -391.84821345217364 5.000000000000218
    vertex 360.7460554586486 -387.9029835175 5.000000000000218
    vertex 361.26967749718455 -387.6860921675808 5.000000000000218
  endloop
endfacet
facet normal -2.973122629682552e-18 -4.471823942927899e-17 -0.9999999999999999
  outer loop
    vertex 369.9209258930604 -391.84821345217364 5.000000000000218
    vertex 361.26967749718455 -387.6860921675808 5.000000000000218
    vertex 361.71932193534354 -387.34106785518685 5.000000000000218
  endloop
endfacet
facet normal -2.973122629682552e-18 -4.471823942927899e-17 -0.9999999999999999
  outer loop
    vertex 369.9209258930604 -391.84821345217364 5.000000000000218
    vertex 361.71932193534354 -387.34106785518685 5.000000000000218
    vertex 362.0643462477369 -386.8914234170278 5.000000000000218
  endloop
endfacet
facet normal -2.973122629682552e-18 -4.471823942927899e-17 -0.9999999999999999
  outer loop
    vertex 369.9209258930604 -391.84821345217364 5.000000000000218
    vertex 362.0643462477369 -386.8914234170278 5.000000000000218
    vertex 362.2812375976566 -386.36780137849195 5.000000000000218
  endloop
endfacet
facet normal -2.973122629682552e-18 -4.471823942927899e-17 -0.9999999999999999
  outer loop
    vertex 369.9209258930604 -391.84821345217364 5.000000000000218
    vertex 362.2812375976566 -386.36780137849195 5.000000000000218
    vertex 362.3552151980336 -385.80588571617903 5.000000000000218
  endloop
endfacet
facet normal -2.973122629682552e-18 -4.471823942927899e-17 -0.9999999999999999
  outer loop
    vertex 369.9209258930604 -391.84821345217364 5.000000000000218
    vertex 362.3552151980336 -385.80588571617903 5.000000000000218
    vertex 364.6313957605906 -386.33621580206875 5.000000000000218
  endloop
endfacet
facet normal -2.973122629682552e-18 -4.471823942927899e-17 -0.9999999999999999
  outer loop
    vertex 364.6313957605906 -386.33621580206875 5.000000000000218
    vertex 362.3552151980336 -385.80588571617903 5.000000000000218
    vertex 364.5122067936428 -386.18088571617886 5.000000000000218
  endloop
endfacet
facet normal -2.973122629682552e-18 -4.471823942927899e-17 -0.9999999999999999
  outer loop
    vertex 364.5122067936428 -386.18088571617886 5.000000000000218
    vertex 362.3552151980336 -385.80588571617903 5.000000000000218
    vertex 364.4372814767639 -386.0000000000063 5.000000000000218
  endloop
endfacet
facet normal -2.973122629682552e-18 -4.471823942927899e-17 -0.9999999999999999
  outer loop
    vertex 364.4372814767639 -386.0000000000063 5.000000000000218
    vertex 362.3552151980336 -385.80588571617903 5.000000000000218
    vertex 364.41172584648046 -385.8058857161793 5.000000000000218
  endloop
endfacet
facet normal -2.973122629682552e-18 -4.471823942927899e-17 -0.9999999999999999
  outer loop
    vertex 369.9209258930604 -391.84821345217364 5.000000000000218
    vertex 364.6313957605906 -386.33621580206875 5.000000000000218
    vertex 364.7867258464811 -386.45540476901715 5.000000000000218
  endloop
endfacet
facet normal -2.973122629682552e-18 -4.471823942927899e-17 -0.9999999999999999
  outer loop
    vertex 369.9209258930604 -391.84821345217364 5.000000000000218
    vertex 364.7867258464811 -386.45540476901715 5.000000000000218
    vertex 364.9676115626539 -386.5303300858954 5.000000000000218
  endloop
endfacet
facet normal -2.973122629682552e-18 -4.471823942927899e-17 -0.9999999999999999
  outer loop
    vertex 369.9209258930604 -391.84821345217364 5.000000000000218
    vertex 364.9676115626539 -386.5303300858954 5.000000000000218
    vertex 365.1617258464806 -386.55588571617886 5.000000000000218
  endloop
endfacet
facet normal -2.973122629682552e-18 -4.471823942927899e-17 -0.9999999999999999
  outer loop
    vertex 369.9209258930604 -391.84821345217364 5.000000000000218
    vertex 365.1617258464806 -386.55588571617886 5.000000000000218
    vertex 365.35584013030723 -386.5303300858957 5.000000000000218
  endloop
endfacet
facet normal -2.973122629682552e-18 -4.471823942927899e-17 -0.9999999999999999
  outer loop
    vertex 369.9209258930604 -391.84821345217364 5.000000000000218
    vertex 365.35584013030723 -386.5303300858957 5.000000000000218
    vertex 365.53672584648064 -386.4554047690168 5.000000000000218
  endloop
endfacet
facet normal -2.973122629682552e-18 -4.471823942927899e-17 -0.9999999999999999
  outer loop
    vertex 369.9209258930604 -391.84821345217364 5.000000000000218
    vertex 365.53672584648064 -386.4554047690168 5.000000000000218
    vertex 365.6920559323706 -386.33621580206847 5.000000000000218
  endloop
endfacet
facet normal -2.973122629682552e-18 -4.471823942927899e-17 -0.9999999999999999
  outer loop
    vertex 369.9209258930604 -391.84821345217364 5.000000000000218
    vertex 365.6920559323706 -386.33621580206847 5.000000000000218
    vertex 365.8112448993183 -386.1808857161794 5.000000000000218
  endloop
endfacet
facet normal -2.973122629682552e-18 -4.471823942927899e-17 -0.9999999999999999
  outer loop
    vertex 369.9209258930604 -391.84821345217364 5.000000000000218
    vertex 365.8112448993183 -386.1808857161794 5.000000000000218
    vertex 365.8861702161972 -386.00000000000597 5.000000000000218
  endloop
endfacet
facet normal -2.973122629682552e-18 -4.471823942927899e-17 -0.9999999999999999
  outer loop
    vertex 369.9209258930604 -391.84821345217364 5.000000000000218
    vertex 365.8861702161972 -386.00000000000597 5.000000000000218
    vertex 365.9117258464807 -385.80588571617903 5.000000000000218
  endloop
endfacet
facet normal -2.973122629682552e-18 -4.471823942927899e-17 -0.9999999999999999
  outer loop
    vertex 369.9209258930604 -391.84821345217364 5.000000000000218
    vertex 365.9117258464807 -385.80588571617903 5.000000000000218
    vertex 369.9209258930604 -380.1517865478366 5.000000000000218
  endloop
endfacet
facet normal -2.973122629682552e-18 -4.471823942927899e-17 -0.9999999999999999
  outer loop
    vertex 369.9209258930604 -391.84821345217364 5.000000000000218
    vertex 369.9209258930604 -380.1517865478366 5.000000000000218
    vertex 371.434554914306 -380.3510595889042 5.000000000000218
  endloop
endfacet
facet normal -2.973122629682552e-18 -4.471823942927899e-17 -0.9999999999999999
  outer loop
    vertex 369.9209258930604 -391.84821345217364 5.000000000000218
    vertex 371.434554914306 -380.3510595889042 5.000000000000218
    vertex 371.434554914306 -391.6489404111061 5.000000000000218
  endloop
endfacet
facet normal -2.973122629682552e-18 -4.471823942927899e-17 -0.9999999999999999
  outer loop
    vertex 371.434554914306 -391.6489404111061 5.000000000000218
    vertex 371.434554914306 -380.3510595889042 5.000000000000218
    vertex 372.8450326191447 -380.9352985836735 5.000000000000218
  endloop
endfacet
facet normal -2.973122629682552e-18 -4.471823942927899e-17 -0.9999999999999999
  outer loop
    vertex 371.434554914306 -391.6489404111061 5.000000000000218
    vertex 372.8450326191447 -380.9352985836735 5.000000000000218
    vertex 372.8450326191447 -391.0647014163376 5.000000000000218
  endloop
endfacet
facet normal -2.973122629682552e-18 -4.471823942927899e-17 -0.9999999999999999
  outer loop
    vertex 372.8450326191447 -391.0647014163376 5.000000000000218
    vertex 372.8450326191447 -380.9352985836735 5.000000000000218
    vertex 374.0562372829152 -381.8646886101506 5.000000000000218
  endloop
endfacet
facet normal -2.973122629682552e-18 -4.471823942927899e-17 -0.9999999999999999
  outer loop
    vertex 372.8450326191447 -391.0647014163376 5.000000000000218
    vertex 374.0562372829152 -381.8646886101506 5.000000000000218
    vertex 374.0562372829181 -390.13531138986315 5.000000000000218
  endloop
endfacet
facet normal -2.973122629682552e-18 -4.471823942927899e-17 -0.9999999999999999
  outer loop
    vertex 374.0562372829181 -390.13531138986315 5.000000000000218
    vertex 374.0562372829152 -381.8646886101506 5.000000000000218
    vertex 374.9856273093923 -383.0758932739211 5.000000000000218
  endloop
endfacet
facet normal -2.973122629682552e-18 -4.471823942927899e-17 -0.9999999999999999
  outer loop
    vertex 374.0562372829181 -390.13531138986315 5.000000000000218
    vertex 374.9856273093923 -383.0758932739211 5.000000000000218
    vertex 374.98562730939295 -388.92410672609054 5.000000000000218
  endloop
endfacet
facet normal -2.973122629682552e-18 -4.471823942927899e-17 -0.9999999999999999
  outer loop
    vertex 374.98562730939295 -388.92410672609054 5.000000000000218
    vertex 374.9856273093923 -383.0758932739211 5.000000000000218
    vertex 375.5698663041608 -384.48637097875985 5.000000000000218
  endloop
endfacet
facet normal -2.973122629682552e-18 -4.471823942927899e-17 -0.9999999999999999
  outer loop
    vertex 374.98562730939295 -388.92410672609054 5.000000000000218
    vertex 375.5698663041608 -384.48637097875985 5.000000000000218
    vertex 375.5698663041608 -387.5136290212513 5.000000000000218
  endloop
endfacet
facet normal -2.973122629682552e-18 -4.471823942927899e-17 -0.9999999999999999
  outer loop
    vertex 375.5698663041608 -387.5136290212513 5.000000000000218
    vertex 375.5698663041608 -384.48637097875985 5.000000000000218
    vertex 375.769139345229 -386.00000000000597 5.000000000000218
  endloop
endfacet
facet normal -2.973122629682552e-18 -4.471823942927899e-17 -0.9999999999999999
  outer loop
    vertex 236.22052872383128 -413.0000000000056 5.000000000000218
    vertex 238.6339855702184 -431.738329701449 5.000000000000218
    vertex 235.32768698113154 -427.42947748996676 5.000000000000218
  endloop
endfacet
facet normal -2.973122629682552e-18 -4.471823942927899e-17 -0.9999999999999999
  outer loop
    vertex 238.6339855702184 -431.738329701449 5.000000000000218
    vertex 236.22052872383128 -413.0000000000056 5.000000000000218
    vertex 236.94125837295888 -418.47448519652806 5.000000000000218
  endloop
endfacet
facet normal -2.973122629682552e-18 -4.471823942927899e-17 -0.9999999999999999
  outer loop
    vertex 238.6339855702184 -431.738329701449 5.000000000000218
    vertex 236.94125837295888 -418.47448519652806 5.000000000000218
    vertex 239.05433078581328 -423.57589327392265 5.000000000000218
  endloop
endfacet
facet normal -2.973122629682552e-18 -4.471823942927899e-17 -0.9999999999999999
  outer loop
    vertex 238.6339855702184 -431.738329701449 5.000000000000218
    vertex 239.05433078581328 -423.57589327392265 5.000000000000218
    vertex 244.12231527166279 -435.949673200293 5.000000000000235
  endloop
endfacet
facet normal -2.973122629682552e-18 -4.471823942927899e-17 -0.9999999999999999
  outer loop
    vertex 244.12231527166279 -435.949673200293 5.000000000000235
    vertex 239.05433078581328 -423.57589327392265 5.000000000000218
    vertex 242.41574356947638 -427.9565717021922 5.000000000000218
  endloop
endfacet
facet normal -2.973122629682552e-18 -4.471823942927899e-17 -0.9999999999999999
  outer loop
    vertex 244.12231527166279 -435.949673200293 5.000000000000235
    vertex 242.41574356947638 -427.9565717021922 5.000000000000218
    vertex 246.7964219977428 -431.31798448585903 5.000000000000218
  endloop
endfacet
facet normal -2.973122629682552e-18 -4.471823942927899e-17 -0.9999999999999999
  outer loop
    vertex 244.12231527166279 -435.949673200293 5.000000000000235
    vertex 246.7964219977428 -431.31798448585903 5.000000000000218
    vertex 250.51361057644513 -438.5970343966656 5.000000000000235
  endloop
endfacet
facet normal -2.973122629682552e-18 -4.471823942927899e-17 -0.9999999999999999
  outer loop
    vertex 250.51361057644513 -438.5970343966656 5.000000000000235
    vertex 246.7964219977428 -431.31798448585903 5.000000000000218
    vertex 251.89783007513847 -433.43105689871345 5.000000000000218
  endloop
endfacet
facet normal -2.973122629682552e-18 -4.471823942927899e-17 -0.9999999999999999
  outer loop
    vertex 250.51361057644513 -438.5970343966656 5.000000000000235
    vertex 251.89783007513847 -433.43105689871345 5.000000000000218
    vertex 257.3723152716618 -439.50000000000534 5.000000000000218
  endloop
endfacet
facet normal -2.973122629682552e-18 -4.471823942927899e-17 -0.9999999999999999
  outer loop
    vertex 257.3723152716618 -439.50000000000534 5.000000000000218
    vertex 251.89783007513847 -433.43105689871345 5.000000000000218
    vertex 257.3723152716618 -434.151786547837 5.000000000000218
  endloop
endfacet
facet normal -2.973122629682552e-18 -4.471823942927899e-17 -0.9999999999999999
  outer loop
    vertex 257.3723152716618 -439.50000000000534 5.000000000000218
    vertex 257.3723152716618 -434.151786547837 5.000000000000218
    vertex 371.7691393452287 -434.15178654783676 5.000000000000218
  endloop
endfacet
facet normal -2.973122629682552e-18 -4.471823942927899e-17 -0.9999999999999999
  outer loop
    vertex 257.3723152716618 -439.50000000000534 5.000000000000218
    vertex 371.7691393452287 -434.15178654783676 5.000000000000218
    vertex 305.0931781697735 -439.50000000000534 5.00000000000022
  endloop
endfacet
facet normal -2.973122629682552e-18 -4.471823942927899e-17 -0.9999999999999999
  outer loop
    vertex 305.0931781697735 -439.50000000000534 5.00000000000022
    vertex 371.7691393452287 -434.15178654783676 5.000000000000218
    vertex 305.0931781697735 -445.8482134521738 5.00000000000022
  endloop
endfacet
facet normal -2.973122629682552e-18 -4.471823942927899e-17 -0.9999999999999999
  outer loop
    vertex 305.0931781697735 -445.8482134521738 5.00000000000022
    vertex 371.7691393452287 -434.15178654783676 5.000000000000218
    vertex 354.82755262513393 -438.76150345732094 5.000000000000218
  endloop
endfacet
facet normal -2.973122629682552e-18 -4.471823942927899e-17 -0.9999999999999999
  outer loop
    vertex 305.0931781697735 -445.8482134521738 5.00000000000022
    vertex 354.82755262513393 -438.76150345732094 5.000000000000218
    vertex 354.303930586598 -438.97839480723985 5.000000000000218
  endloop
endfacet
facet normal -2.973122629682552e-18 -4.471823942927899e-17 -0.9999999999999999
  outer loop
    vertex 305.0931781697735 -445.8482134521738 5.00000000000022
    vertex 354.303930586598 -438.97839480723985 5.000000000000218
    vertex 353.854286148439 -439.32341911963465 5.000000000000218
  endloop
endfacet
facet normal -2.973122629682552e-18 -4.471823942927899e-17 -0.9999999999999999
  outer loop
    vertex 305.0931781697735 -445.8482134521738 5.00000000000022
    vertex 353.854286148439 -439.32341911963465 5.000000000000218
    vertex 353.509261836045 -439.7730635577934 5.000000000000218
  endloop
endfacet
facet normal -2.973122629682552e-18 -4.471823942927899e-17 -0.9999999999999999
  outer loop
    vertex 305.0931781697735 -445.8482134521738 5.00000000000022
    vertex 353.509261836045 -439.7730635577934 5.000000000000218
    vertex 353.29237048612646 -440.2966855963293 5.000000000000218
  endloop
endfacet
facet normal -2.973122629682552e-18 -4.471823942927899e-17 -0.9999999999999999
  outer loop
    vertex 305.0931781697735 -445.8482134521738 5.00000000000022
    vertex 353.29237048612646 -440.2966855963293 5.000000000000218
    vertex 353.21839288575006 -440.85860125864184 5.000000000000218
  endloop
endfacet
facet normal -2.973122629682552e-18 -4.471823942927899e-17 -0.9999999999999999
  outer loop
    vertex 354.82755262513393 -438.76150345732094 5.000000000000218
    vertex 371.7691393452287 -434.15178654783676 5.000000000000218
    vertex 355.3894682874471 -438.687525856944 5.000000000000218
  endloop
endfacet
facet normal -2.973122629682552e-18 -4.471823942927899e-17 -0.9999999999999999
  outer loop
    vertex 355.3894682874471 -438.687525856944 5.000000000000218
    vertex 371.7691393452287 -434.15178654783676 5.000000000000218
    vertex 355.95138394976016 -438.76150345732094 5.000000000000218
  endloop
endfacet
facet normal -2.973122629682552e-18 -4.471823942927899e-17 -0.9999999999999999
  outer loop
    vertex 355.95138394976016 -438.76150345732094 5.000000000000218
    vertex 371.7691393452287 -434.15178654783676 5.000000000000218
    vertex 356.4750059882962 -438.97839480724014 5.000000000000218
  endloop
endfacet
facet normal -2.973122629682552e-18 -4.471823942927899e-17 -0.9999999999999999
  outer loop
    vertex 356.4750059882962 -438.97839480724014 5.000000000000218
    vertex 371.7691393452287 -434.15178654783676 5.000000000000218
    vertex 356.9246504264552 -439.3234191196341 5.000000000000218
  endloop
endfacet
facet normal -2.973122629682552e-18 -4.471823942927899e-17 -0.9999999999999999
  outer loop
    vertex 356.9246504264552 -439.3234191196341 5.000000000000218
    vertex 371.7691393452287 -434.15178654783676 5.000000000000218
    vertex 357.26967473884855 -439.7730635577925 5.000000000000218
  endloop
endfacet
facet normal -2.973122629682552e-18 -4.471823942927899e-17 -0.9999999999999999
  outer loop
    vertex 357.26967473884855 -439.7730635577925 5.000000000000218
    vertex 371.7691393452287 -434.15178654783676 5.000000000000218
    vertex 357.48656608876826 -440.2966855963293 5.000000000000218
  endloop
endfacet
facet normal -2.973122629682552e-18 -4.471823942927899e-17 -0.9999999999999999
  outer loop
    vertex 357.48656608876826 -440.2966855963293 5.000000000000218
    vertex 371.7691393452287 -434.15178654783676 5.000000000000218
    vertex 357.5605436891452 -440.85860125864184 5.000000000000218
  endloop
endfacet
facet normal -2.973122629682552e-18 -4.471823942927899e-17 -0.9999999999999999
  outer loop
    vertex 357.5605436891452 -440.85860125864184 5.000000000000218
    vertex 371.7691393452287 -434.15178654783676 5.000000000000218
    vertex 359.9920543375927 -441.70908220580293 5.000000000000218
  endloop
endfacet
facet normal -2.973122629682552e-18 -4.471823942927899e-17 -0.9999999999999999
  outer loop
    vertex 357.5605436891452 -440.85860125864184 5.000000000000218
    vertex 359.9920543375927 -441.70908220580293 5.000000000000218
    vertex 359.8367242517028 -441.8282711727512 5.000000000000218
  endloop
endfacet
facet normal -2.973122629682552e-18 -4.471823942927899e-17 -0.9999999999999999
  outer loop
    vertex 357.5605436891452 -440.85860125864184 5.000000000000218
    vertex 359.8367242517028 -441.8282711727512 5.000000000000218
    vertex 359.71753528475443 -441.9836012586418 5.000000000000218
  endloop
endfacet
facet normal -2.973122629682552e-18 -4.471823942927899e-17 -0.9999999999999999
  outer loop
    vertex 357.5605436891452 -440.85860125864184 5.000000000000218
    vertex 359.71753528475443 -441.9836012586418 5.000000000000218
    vertex 359.64260996787556 -442.1644869748152 5.000000000000218
  endloop
endfacet
facet normal -2.973122629682552e-18 -4.471823942927899e-17 -0.9999999999999999
  outer loop
    vertex 357.5605436891452 -440.85860125864184 5.000000000000218
    vertex 359.64260996787556 -442.1644869748152 5.000000000000218
    vertex 359.61705433759204 -442.35860125864184 5.000000000000218
  endloop
endfacet
facet normal -2.973122629682552e-18 -4.471823942927899e-17 -0.9999999999999999
  outer loop
    vertex 359.9920543375927 -441.70908220580293 5.000000000000218
    vertex 371.7691393452287 -434.15178654783676 5.000000000000218
    vertex 360.1729400537655 -441.6341568889243 5.000000000000218
  endloop
endfacet
facet normal -2.973122629682552e-18 -4.471823942927899e-17 -0.9999999999999999
  outer loop
    vertex 360.1729400537655 -441.6341568889243 5.000000000000218
    vertex 371.7691393452287 -434.15178654783676 5.000000000000218
    vertex 360.3670543375922 -441.6086012586411 5.000000000000218
  endloop
endfacet
facet normal -2.973122629682552e-18 -4.471823942927899e-17 -0.9999999999999999
  outer loop
    vertex 360.3670543375922 -441.6086012586411 5.000000000000218
    vertex 371.7691393452287 -434.15178654783676 5.000000000000218
    vertex 360.56116862141994 -441.634156888924 5.0000000000002
  endloop
endfacet
facet normal -2.973122629682552e-18 -4.471823942927899e-17 -0.9999999999999999
  outer loop
    vertex 360.56116862141994 -441.634156888924 5.0000000000002
    vertex 371.7691393452287 -434.15178654783676 5.000000000000218
    vertex 360.74205433759283 -441.7090822058026 5.0000000000002
  endloop
endfacet
facet normal -2.973122629682552e-18 -4.471823942927899e-17 -0.9999999999999999
  outer loop
    vertex 360.74205433759283 -441.7090822058026 5.0000000000002
    vertex 371.7691393452287 -434.15178654783676 5.000000000000218
    vertex 360.89738442348215 -441.8282711727516 5.000000000000218
  endloop
endfacet
facet normal -2.973122629682552e-18 -4.471823942927899e-17 -0.9999999999999999
  outer loop
    vertex 360.89738442348215 -441.8282711727516 5.000000000000218
    vertex 371.7691393452287 -434.15178654783676 5.000000000000218
    vertex 361.0165733904311 -441.9836012586418 5.000000000000218
  endloop
endfacet
facet normal -2.973122629682552e-18 -4.471823942927899e-17 -0.9999999999999999
  outer loop
    vertex 361.0165733904311 -441.9836012586418 5.000000000000218
    vertex 371.7691393452287 -434.15178654783676 5.000000000000218
    vertex 361.0914987073094 -442.1644869748152 5.000000000000218
  endloop
endfacet
facet normal -2.973122629682552e-18 -4.471823942927899e-17 -0.9999999999999999
  outer loop
    vertex 361.0914987073094 -442.1644869748152 5.000000000000218
    vertex 371.7691393452287 -434.15178654783676 5.000000000000218
    vertex 361.1170543375923 -442.35860125864184 5.000000000000218
  endloop
endfacet
facet normal -2.973122629682552e-18 -4.471823942927899e-17 -0.9999999999999999
  outer loop
    vertex 305.0931781697735 -445.8482134521738 5.00000000000022
    vertex 354.82755262513393 -442.9556990599622 5.000000000000218
    vertex 371.7691393452287 -445.8482134521738 5.000000000000218
  endloop
endfacet
facet normal -2.973122629682552e-18 -4.471823942927899e-17 -0.9999999999999999
  outer loop
    vertex 354.82755262513393 -442.9556990599622 5.000000000000218
    vertex 305.0931781697735 -445.8482134521738 5.00000000000022
    vertex 354.3039305865991 -442.7388077100434 5.000000000000218
  endloop
endfacet
facet normal -2.973122629682552e-18 -4.471823942927899e-17 -0.9999999999999999
  outer loop
    vertex 354.3039305865991 -442.7388077100434 5.000000000000218
    vertex 305.0931781697735 -445.8482134521738 5.00000000000022
    vertex 353.854286148439 -442.3937833976494 5.000000000000218
  endloop
endfacet
facet normal -2.973122629682552e-18 -4.471823942927899e-17 -0.9999999999999999
  outer loop
    vertex 353.854286148439 -442.3937833976494 5.000000000000218
    vertex 305.0931781697735 -445.8482134521738 5.00000000000022
    vertex 353.5092618360456 -441.9441389594912 5.000000000000218
  endloop
endfacet
facet normal -2.973122629682552e-18 -4.471823942927899e-17 -0.9999999999999999
  outer loop
    vertex 353.5092618360456 -441.9441389594912 5.000000000000218
    vertex 305.0931781697735 -445.8482134521738 5.00000000000022
    vertex 353.292370486127 -441.42051692095447 5.000000000000218
  endloop
endfacet
facet normal -2.973122629682552e-18 -4.471823942927899e-17 -0.9999999999999999
  outer loop
    vertex 353.292370486127 -441.42051692095447 5.000000000000218
    vertex 305.0931781697735 -445.8482134521738 5.00000000000022
    vertex 353.21839288575006 -440.85860125864184 5.000000000000218
  endloop
endfacet
facet normal -2.973122629682552e-18 -4.471823942927899e-17 -0.9999999999999999
  outer loop
    vertex 371.7691393452287 -445.8482134521738 5.000000000000218
    vertex 354.82755262513393 -442.9556990599622 5.000000000000218
    vertex 355.3894682874471 -443.02967666033885 5.000000000000218
  endloop
endfacet
facet normal -2.973122629682552e-18 -4.471823942927899e-17 -0.9999999999999999
  outer loop
    vertex 371.7691393452287 -445.8482134521738 5.000000000000218
    vertex 355.3894682874471 -443.02967666033885 5.000000000000218
    vertex 355.95138394976016 -442.95569905996246 5.000000000000218
  endloop
endfacet
facet normal -2.973122629682552e-18 -4.471823942927899e-17 -0.9999999999999999
  outer loop
    vertex 371.7691393452287 -445.8482134521738 5.000000000000218
    vertex 355.95138394976016 -442.95569905996246 5.000000000000218
    vertex 356.4750059882962 -442.7388077100434 5.000000000000218
  endloop
endfacet
facet normal -2.973122629682552e-18 -4.471823942927899e-17 -0.9999999999999999
  outer loop
    vertex 371.7691393452287 -445.8482134521738 5.000000000000218
    vertex 356.4750059882962 -442.7388077100434 5.000000000000218
    vertex 356.92465042645455 -442.3937833976502 5.000000000000218
  endloop
endfacet
facet normal -2.973122629682552e-18 -4.471823942927899e-17 -0.9999999999999999
  outer loop
    vertex 371.7691393452287 -445.8482134521738 5.000000000000218
    vertex 356.92465042645455 -442.3937833976502 5.000000000000218
    vertex 360.1729400537655 -443.08304562835843 5.000000000000218
  endloop
endfacet
facet normal -2.973122629682552e-18 -4.471823942927899e-17 -0.9999999999999999
  outer loop
    vertex 360.1729400537655 -443.08304562835843 5.000000000000218
    vertex 356.92465042645455 -442.3937833976502 5.000000000000218
    vertex 357.26967473884855 -441.9441389594904 5.000000000000218
  endloop
endfacet
facet normal -2.973122629682552e-18 -4.471823942927899e-17 -0.9999999999999999
  outer loop
    vertex 360.1729400537655 -443.08304562835843 5.000000000000218
    vertex 357.26967473884855 -441.9441389594904 5.000000000000218
    vertex 359.9920543375927 -443.0081203114799 5.000000000000218
  endloop
endfacet
facet normal -2.973122629682552e-18 -4.471823942927899e-17 -0.9999999999999999
  outer loop
    vertex 359.9920543375927 -443.0081203114799 5.000000000000218
    vertex 357.26967473884855 -441.9441389594904 5.000000000000218
    vertex 357.48656608876826 -441.42051692095447 5.000000000000218
  endloop
endfacet
facet normal -2.973122629682552e-18 -4.471823942927899e-17 -0.9999999999999999
  outer loop
    vertex 359.9920543375927 -443.0081203114799 5.000000000000218
    vertex 357.48656608876826 -441.42051692095447 5.000000000000218
    vertex 359.8367242517028 -442.88893134453093 5.000000000000218
  endloop
endfacet
facet normal -2.973122629682552e-18 -4.471823942927899e-17 -0.9999999999999999
  outer loop
    vertex 359.8367242517028 -442.88893134453093 5.000000000000218
    vertex 357.48656608876826 -441.42051692095447 5.000000000000218
    vertex 357.5605436891452 -440.85860125864184 5.000000000000218
  endloop
endfacet
facet normal -2.973122629682552e-18 -4.471823942927899e-17 -0.9999999999999999
  outer loop
    vertex 359.8367242517028 -442.88893134453093 5.000000000000218
    vertex 357.5605436891452 -440.85860125864184 5.000000000000218
    vertex 359.71753528475443 -442.73360125864133 5.000000000000218
  endloop
endfacet
facet normal -2.973122629682552e-18 -4.471823942927899e-17 -0.9999999999999999
  outer loop
    vertex 359.71753528475443 -442.73360125864133 5.000000000000218
    vertex 357.5605436891452 -440.85860125864184 5.000000000000218
    vertex 359.64260996787556 -442.5527155424688 5.000000000000218
  endloop
endfacet
facet normal -2.973122629682552e-18 -4.471823942927899e-17 -0.9999999999999999
  outer loop
    vertex 359.64260996787556 -442.5527155424688 5.000000000000218
    vertex 357.5605436891452 -440.85860125864184 5.000000000000218
    vertex 359.61705433759204 -442.35860125864184 5.000000000000218
  endloop
endfacet
facet normal -2.973122629682552e-18 -4.471823942927899e-17 -0.9999999999999999
  outer loop
    vertex 371.7691393452287 -445.8482134521738 5.000000000000218
    vertex 360.1729400537655 -443.08304562835843 5.000000000000218
    vertex 360.3670543375922 -443.10860125864076 5.000000000000218
  endloop
endfacet
facet normal -2.973122629682552e-18 -4.471823942927899e-17 -0.9999999999999999
  outer loop
    vertex 371.7691393452287 -445.8482134521738 5.000000000000218
    vertex 360.3670543375922 -443.10860125864076 5.000000000000218
    vertex 360.5611686214194 -443.08304562835764 5.000000000000218
  endloop
endfacet
facet normal -2.973122629682552e-18 -4.471823942927899e-17 -0.9999999999999999
  outer loop
    vertex 371.7691393452287 -445.8482134521738 5.000000000000218
    vertex 360.5611686214194 -443.08304562835764 5.000000000000218
    vertex 360.74205433759283 -443.0081203114796 5.000000000000218
  endloop
endfacet
facet normal -2.973122629682552e-18 -4.471823942927899e-17 -0.9999999999999999
  outer loop
    vertex 371.7691393452287 -445.8482134521738 5.000000000000218
    vertex 360.74205433759283 -443.0081203114796 5.000000000000218
    vertex 360.89738442348215 -442.8889313445318 5.000000000000218
  endloop
endfacet
facet normal -2.973122629682552e-18 -4.471823942927899e-17 -0.9999999999999999
  outer loop
    vertex 371.7691393452287 -445.8482134521738 5.000000000000218
    vertex 360.89738442348215 -442.8889313445318 5.000000000000218
    vertex 361.0165733904305 -442.7336012586416 5.000000000000218
  endloop
endfacet
facet normal -2.973122629682552e-18 -4.471823942927899e-17 -0.9999999999999999
  outer loop
    vertex 371.7691393452287 -445.8482134521738 5.000000000000218
    vertex 361.0165733904305 -442.7336012586416 5.000000000000218
    vertex 361.0914987073088 -442.5527155424688 5.000000000000218
  endloop
endfacet
facet normal -2.973122629682552e-18 -4.471823942927899e-17 -0.9999999999999999
  outer loop
    vertex 371.7691393452287 -445.8482134521738 5.000000000000218
    vertex 361.0914987073088 -442.5527155424688 5.000000000000218
    vertex 361.1170543375923 -442.35860125864184 5.000000000000218
  endloop
endfacet
facet normal -2.973122629682552e-18 -4.471823942927899e-17 -0.9999999999999999
  outer loop
    vertex 371.7691393452287 -445.8482134521738 5.000000000000218
    vertex 361.1170543375923 -442.35860125864184 5.000000000000218
    vertex 371.7691393452287 -434.15178654783676 5.000000000000218
  endloop
endfacet
facet normal -2.973122629682552e-18 -4.471823942927899e-17 -0.9999999999999999
  outer loop
    vertex 223.2920692538078 -374.2459903489186 5.000000000000218
    vertex 222.3653044990385 -379.4606484383191 5.000000000000218
    vertex 220.22612867707937 -377.3572930471165 5.000000000000218
  endloop
endfacet
facet normal -2.973122629682552e-18 -4.471823942927899e-17 -0.9999999999999999
  outer loop
    vertex 222.3653044990385 -379.4606484383191 5.000000000000218
    vertex 223.2920692538078 -374.2459903489186 5.000000000000218
    vertex 222.8833694801714 -400.53740058571543 5.000000000000218
  endloop
endfacet
facet normal -2.973122629682552e-18 -4.471823942927899e-17 -0.9999999999999999
  outer loop
    vertex 222.8833694801714 -400.53740058571543 5.000000000000218
    vertex 223.2920692538078 -374.2459903489186 5.000000000000218
    vertex 224.52410181949364 -413.00000000000585 5.000000000000218
  endloop
endfacet
facet normal -2.973122629682552e-18 -4.471823942927899e-17 -0.9999999999999999
  outer loop
    vertex 224.52410181949364 -413.00000000000585 5.000000000000218
    vertex 223.2920692538078 -374.2459903489186 5.000000000000218
    vertex 225.5279182650508 -375.92715533526444 5.000000000000218
  endloop
endfacet
facet normal -2.973122629682552e-18 -4.471823942927899e-17 -0.9999999999999999
  outer loop
    vertex 221.63393437586936 -425.7218606122122 5.000000000000218
    vertex 235.32768698113154 -427.42947748996676 5.000000000000218
    vertex 220.23662120917734 -427.42947748995573 5.000000000000218
  endloop
endfacet
facet normal -2.973122629682552e-18 -4.471823942927899e-17 -0.9999999999999999
  outer loop
    vertex 235.32768698113154 -427.42947748996676 5.000000000000218
    vertex 221.63393437586936 -425.7218606122122 5.000000000000218
    vertex 222.15498687060958 -424.83658133591683 5.000000000000218
  endloop
endfacet
facet normal -2.973122629682552e-18 -4.471823942927899e-17 -0.9999999999999999
  outer loop
    vertex 235.32768698113154 -427.42947748996676 5.000000000000218
    vertex 222.15498687060958 -424.83658133591683 5.000000000000218
    vertex 222.40936853273055 -422.3682933437149 5.000000000000218
  endloop
endfacet
facet normal -2.973122629682552e-18 -4.471823942927899e-17 -0.9999999999999999
  outer loop
    vertex 235.32768698113154 -427.42947748996676 5.000000000000218
    vertex 222.40936853273055 -422.3682933437149 5.000000000000218
    vertex 223.4617725272422 -419.3763109015311 5.000000000000218
  endloop
endfacet
facet normal -2.973122629682552e-18 -4.471823942927899e-17 -0.9999999999999999
  outer loop
    vertex 235.32768698113154 -427.42947748996676 5.000000000000218
    vertex 223.4617725272422 -419.3763109015311 5.000000000000218
    vertex 224.52410181949364 -413.00000000000585 5.000000000000218
  endloop
endfacet
facet normal -2.973122629682552e-18 -4.471823942927899e-17 -0.9999999999999999
  outer loop
    vertex 235.32768698113154 -427.42947748996676 5.000000000000218
    vertex 224.52410181949364 -413.00000000000585 5.000000000000218
    vertex 227.4385486338539 -390.45325753045853 5.000000000000218
  endloop
endfacet
facet normal -2.973122629682552e-18 -4.471823942927899e-17 -0.9999999999999999
  outer loop
    vertex 227.4385486338539 -390.45325753045853 5.000000000000218
    vertex 224.52410181949364 -413.00000000000585 5.000000000000218
    vertex 227.4129930035716 -390.2591432466319 5.000000000000218
  endloop
endfacet
facet normal -2.973122629682552e-18 -4.471823942927899e-17 -0.9999999999999999
  outer loop
    vertex 227.4129930035716 -390.2591432466319 5.000000000000218
    vertex 224.52410181949364 -413.00000000000585 5.000000000000218
    vertex 225.5279182650508 -375.92715533526444 5.000000000000218
  endloop
endfacet
facet normal -2.973122629682552e-18 -4.471823942927899e-17 -0.9999999999999999
  outer loop
    vertex 235.32768698113154 -427.42947748996676 5.000000000000218
    vertex 227.4385486338539 -390.45325753045853 5.000000000000218
    vertex 227.51347395073276 -390.6341432466316 5.000000000000218
  endloop
endfacet
facet normal -2.973122629682552e-18 -4.471823942927899e-17 -0.9999999999999999
  outer loop
    vertex 235.32768698113154 -427.42947748996676 5.000000000000218
    vertex 227.51347395073276 -390.6341432466316 5.000000000000218
    vertex 227.63266291768173 -390.7894733325218 5.000000000000218
  endloop
endfacet
facet normal -2.973122629682552e-18 -4.471823942927899e-17 -0.9999999999999999
  outer loop
    vertex 235.32768698113154 -427.42947748996676 5.000000000000218
    vertex 227.63266291768173 -390.7894733325218 5.000000000000218
    vertex 227.78799300357105 -390.90866229946937 5.0000000000002
  endloop
endfacet
facet normal -2.973122629682552e-18 -4.471823942927899e-17 -0.9999999999999999
  outer loop
    vertex 235.32768698113154 -427.42947748996676 5.000000000000218
    vertex 227.78799300357105 -390.90866229946937 5.0000000000002
    vertex 227.96887871974388 -390.9835876163485 5.000000000000218
  endloop
endfacet
facet normal -2.973122629682552e-18 -4.471823942927899e-17 -0.9999999999999999
  outer loop
    vertex 235.32768698113154 -427.42947748996676 5.000000000000218
    vertex 227.96887871974388 -390.9835876163485 5.000000000000218
    vertex 228.16299300357053 -391.0091432466317 5.000000000000218
  endloop
endfacet
facet normal -2.973122629682552e-18 -4.471823942927899e-17 -0.9999999999999999
  outer loop
    vertex 235.32768698113154 -427.42947748996676 5.000000000000218
    vertex 228.16299300357053 -391.0091432466317 5.000000000000218
    vertex 228.35710728739775 -390.9835876163482 5.000000000000218
  endloop
endfacet
facet normal -2.973122629682552e-18 -4.471823942927899e-17 -0.9999999999999999
  outer loop
    vertex 235.32768698113154 -427.42947748996676 5.000000000000218
    vertex 228.35710728739775 -390.9835876163482 5.000000000000218
    vertex 228.5379930035712 -390.9086622994699 5.000000000000218
  endloop
endfacet
facet normal -2.973122629682552e-18 -4.471823942927899e-17 -0.9999999999999999
  outer loop
    vertex 235.32768698113154 -427.42947748996676 5.000000000000218
    vertex 228.5379930035712 -390.9086622994699 5.000000000000218
    vertex 228.6933230894605 -390.78947333252216 5.000000000000218
  endloop
endfacet
facet normal -2.973122629682552e-18 -4.471823942927899e-17 -0.9999999999999999
  outer loop
    vertex 235.32768698113154 -427.42947748996676 5.000000000000218
    vertex 228.6933230894605 -390.78947333252216 5.000000000000218
    vertex 228.81251205640947 -390.6341432466319 5.000000000000218
  endloop
endfacet
facet normal -2.973122629682552e-18 -4.471823942927899e-17 -0.9999999999999999
  outer loop
    vertex 235.32768698113154 -427.42947748996676 5.000000000000218
    vertex 228.81251205640947 -390.6341432466319 5.000000000000218
    vertex 228.88743737328775 -390.4532575304588 5.000000000000218
  endloop
endfacet
facet normal -2.973122629682552e-18 -4.471823942927899e-17 -0.9999999999999999
  outer loop
    vertex 235.32768698113154 -427.42947748996676 5.000000000000218
    vertex 228.88743737328775 -390.4532575304588 5.000000000000218
    vertex 228.91299300357065 -390.2591432466316 5.000000000000218
  endloop
endfacet
facet normal -2.973122629682552e-18 -4.471823942927899e-17 -0.9999999999999999
  outer loop
    vertex 235.32768698113154 -427.42947748996676 5.000000000000218
    vertex 228.91299300357065 -390.2591432466316 5.000000000000218
    vertex 230.96950365201866 -390.2591432466319 5.000000000000218
  endloop
endfacet
facet normal -2.973122629682552e-18 -4.471823942927899e-17 -0.9999999999999999
  outer loop
    vertex 235.32768698113154 -427.42947748996676 5.000000000000218
    vertex 230.96950365201866 -390.2591432466319 5.000000000000218
    vertex 231.0434812523956 -390.8210589089447 5.000000000000218
  endloop
endfacet
facet normal -2.973122629682552e-18 -4.471823942927899e-17 -0.9999999999999999
  outer loop
    vertex 235.32768698113154 -427.42947748996676 5.000000000000218
    vertex 231.0434812523956 -390.8210589089447 5.000000000000218
    vertex 231.26037260231416 -391.3446809474807 5.000000000000218
  endloop
endfacet
facet normal -2.973122629682552e-18 -4.471823942927899e-17 -0.9999999999999999
  outer loop
    vertex 235.32768698113154 -427.42947748996676 5.000000000000218
    vertex 231.26037260231416 -391.3446809474807 5.000000000000218
    vertex 231.60539691470814 -391.79432538563935 5.000000000000218
  endloop
endfacet
facet normal -2.973122629682552e-18 -4.471823942927899e-17 -0.9999999999999999
  outer loop
    vertex 235.32768698113154 -427.42947748996676 5.000000000000218
    vertex 231.60539691470814 -391.79432538563935 5.000000000000218
    vertex 232.05504135286773 -392.1393496980331 5.000000000000218
  endloop
endfacet
facet normal -2.973122629682552e-18 -4.471823942927899e-17 -0.9999999999999999
  outer loop
    vertex 235.32768698113154 -427.42947748996676 5.000000000000218
    vertex 232.05504135286773 -392.1393496980331 5.000000000000218
    vertex 232.57866339140367 -392.3562410479522 5.000000000000218
  endloop
endfacet
facet normal -2.973122629682552e-18 -4.471823942927899e-17 -0.9999999999999999
  outer loop
    vertex 235.32768698113154 -427.42947748996676 5.000000000000218
    vertex 232.57866339140367 -392.3562410479522 5.000000000000218
    vertex 233.14057905371564 -392.43021864832883 5.000000000000218
  endloop
endfacet
facet normal -2.973122629682552e-18 -4.471823942927899e-17 -0.9999999999999999
  outer loop
    vertex 235.32768698113154 -427.42947748996676 5.000000000000218
    vertex 233.14057905371564 -392.43021864832883 5.000000000000218
    vertex 233.70249471602878 -392.35624104795164 5.000000000000218
  endloop
endfacet
facet normal -2.973122629682552e-18 -4.471823942927899e-17 -0.9999999999999999
  outer loop
    vertex 235.32768698113154 -427.42947748996676 5.000000000000218
    vertex 233.70249471602878 -392.35624104795164 5.000000000000218
    vertex 234.2261167545647 -392.1393496980328 5.000000000000218
  endloop
endfacet
facet normal -2.973122629682552e-18 -4.471823942927899e-17 -0.9999999999999999
  outer loop
    vertex 235.32768698113154 -427.42947748996676 5.000000000000218
    vertex 234.2261167545647 -392.1393496980328 5.000000000000218
    vertex 234.6757611927237 -391.79432538563884 5.000000000000218
  endloop
endfacet
facet normal -2.973122629682552e-18 -4.471823942927899e-17 -0.9999999999999999
  outer loop
    vertex 235.32768698113154 -427.42947748996676 5.000000000000218
    vertex 234.6757611927237 -391.79432538563884 5.000000000000218
    vertex 235.02078550511825 -391.34468094748 5.000000000000218
  endloop
endfacet
facet normal -2.973122629682552e-18 -4.471823942927899e-17 -0.9999999999999999
  outer loop
    vertex 235.32768698113154 -427.42947748996676 5.000000000000218
    vertex 235.02078550511825 -391.34468094748 5.000000000000218
    vertex 235.23767685503688 -390.82105890894445 5.000000000000218
  endloop
endfacet
facet normal -2.973122629682552e-18 -4.471823942927899e-17 -0.9999999999999999
  outer loop
    vertex 235.32768698113154 -427.42947748996676 5.000000000000218
    vertex 235.23767685503688 -390.82105890894445 5.000000000000218
    vertex 235.3116544554138 -390.25914324663125 5.000000000000218
  endloop
endfacet
facet normal -2.973122629682552e-18 -4.471823942927899e-17 -0.9999999999999999
  outer loop
    vertex 217.137760471499 -380.4912971675276 5.000000000000218
    vertex 218.07307905298177 -388.9240355973319 5.000000000000218
    vertex 214.0426959981757 -383.6320728369786 5.000000000000218
  endloop
endfacet
facet normal -2.973122629682552e-18 -4.471823942927899e-17 -0.9999999999999999
  outer loop
    vertex 218.07307905298177 -388.9240355973319 5.000000000000218
    vertex 217.137760471499 -380.4912971675276 5.000000000000218
    vertex 219.27693629345643 -382.594652558731 5.000000000000218
  endloop
endfacet
facet normal -2.973122629682552e-18 -4.471823942927899e-17 -0.9999999999999999
  outer loop
    vertex 218.07307905298177 -388.9240355973319 5.000000000000218
    vertex 219.27693629345643 -382.594652558731 5.000000000000218
    vertex 222.8833694801714 -400.53740058571543 5.000000000000218
  endloop
endfacet
facet normal -2.973122629682552e-18 -4.471823942927899e-17 -0.9999999999999999
  outer loop
    vertex 222.8833694801714 -400.53740058571543 5.000000000000218
    vertex 219.27693629345643 -382.594652558731 5.000000000000218
    vertex 222.3653044990385 -379.4606484383191 5.000000000000218
  endloop
endfacet
facet normal 0.9238795325112176 0.3826834323652568 -1.1050552387155839e-14
  outer loop
    vertex 359.64260996787556 -442.5527155424688 5.000000000000218
    vertex 359.71753528475443 -442.73360125864133 15.000000000000181
    vertex 359.71753528475443 -442.73360125864133 5.000000000000218
  endloop
endfacet
facet normal 0.9238795325112176 0.3826834323652568 -1.1050552387155839e-14
  outer loop
    vertex 359.71753528475443 -442.73360125864133 15.000000000000181
    vertex 359.64260996787556 -442.5527155424688 5.000000000000218
    vertex 359.64260996787556 -442.55271554246815 15.000000000000181
  endloop
endfacet
facet normal -0.9914448613736238 0.13052619222146933 1.0355126396953952e-14
  outer loop
    vertex 361.0914987073088 -442.55271554246815 15.000000000000181
    vertex 361.1170543375923 -442.35860125864184 5.000000000000218
    vertex 361.0914987073088 -442.5527155424688 5.000000000000218
  endloop
endfacet
facet normal -0.9914448613736238 0.13052619222146933 1.0355126396953952e-14
  outer loop
    vertex 361.1170543375923 -442.35860125864184 5.000000000000218
    vertex 361.0914987073088 -442.55271554246815 15.000000000000181
    vertex 361.1170543375923 -442.3586012586412 15.000000000000181
  endloop
endfacet
facet normal 0.606584047659898 0.7905157216713249 -0.08450258525630382
  outer loop
    vertex 353.9752547250738 -442.27281482101455 7.000000000000178
    vertex 354.3039305865991 -442.7388077100434 5.000000000000218
    vertex 353.854286148439 -442.3937833976494 5.000000000000218
  endloop
endfacet
facet normal 0.606584047659898 0.7905157216713249 -0.08450258525630382
  outer loop
    vertex 354.3039305865991 -442.7388077100434 5.000000000000218
    vertex 353.9752547250738 -442.27281482101455 7.000000000000178
    vertex 354.3894682874473 -442.5906520662105 7.000000000000178
  endloop
endfacet
facet normal -0.9205750556395813 0.3813146732282832 -0.08450258525624868
  outer loop
    vertex 357.12151909501597 -441.85860125864133 7.000000000000178
    vertex 357.48656608876826 -441.42051692095447 5.000000000000218
    vertex 357.26967473884855 -441.9441389594904 5.000000000000218
  endloop
endfacet
facet normal -0.9205750556395813 0.3813146732282832 -0.08450258525624868
  outer loop
    vertex 357.48656608876826 -441.42051692095447 5.000000000000218
    vertex 357.12151909501597 -441.85860125864133 7.000000000000178
    vertex 357.3213199400254 -441.3762393488465 7.000000000000178
  endloop
endfacet
facet normal 0.9831056027603581 0.12942830799556546 0.12942830799557725
  outer loop
    vertex 233.60267054499877 -419.3690571088896 10.523580981315947
    vertex 232.3723152716617 -413.0000000000056 13.49999999999496
    vertex 233.22416961443503 -419.4704761275687 13.49999999999496
  endloop
endfacet
facet normal 0.9831056027603581 0.12942830799556546 0.12942830799557725
  outer loop
    vertex 232.3723152716617 -413.0000000000056 13.49999999999496
    vertex 233.60267054499877 -419.3690571088896 10.523580981315947
    vertex 232.764168269338 -413.00000000000534 10.523580981315947
  endloop
endfacet
facet normal 0.3826834323649944 -0.9238795325113263 -1.1699019546483037e-14
  outer loop
    vertex 360.1729400537655 -441.6341568889246 15.000000000000181
    vertex 359.9920543375927 -441.70908220580293 5.000000000000218
    vertex 360.1729400537655 -441.6341568889243 5.000000000000218
  endloop
endfacet
facet normal 0.3826834323649944 -0.9238795325113263 -1.1699019546483037e-14
  outer loop
    vertex 359.9920543375927 -441.70908220580293 5.000000000000218
    vertex 360.1729400537655 -441.6341568889246 15.000000000000181
    vertex 359.9920543375927 -441.70908220580293 15.000000000000181
  endloop
endfacet
facet normal 0.7338790076441009 0.5631251684765068 0.37988372795845793
  outer loop
    vertex 240.78409071514145 -429.5882245565254 7.749999999994972
    vertex 236.06103482758763 -425.3040735011673 10.523580981315947
    vertex 239.9717276538827 -430.40058761778414 10.523580981315947
  endloop
endfacet
facet normal 0.7338790076441009 0.5631251684765068 0.37988372795845793
  outer loop
    vertex 236.06103482758763 -425.3040735011673 10.523580981315947
    vertex 240.78409071514145 -429.5882245565254 7.749999999994972
    vertex 237.05597232057195 -424.72964607176567 7.7499999999949
  endloop
endfacet
facet normal -0.382683432364182 0.9238795325116628 2.7887197513425196e-14
  outer loop
    vertex 360.5611686214194 -443.08304562835815 15.000000000000181
    vertex 360.74205433759283 -443.0081203114796 5.000000000000218
    vertex 360.5611686214194 -443.08304562835764 5.000000000000218
  endloop
endfacet
facet normal -0.382683432364182 0.9238795325116628 2.7887197513425196e-14
  outer loop
    vertex 360.74205433759283 -443.0081203114796 5.000000000000218
    vertex 360.5611686214194 -443.08304562835815 15.000000000000181
    vertex 360.74205433759283 -443.0081203114796 15.000000000000181
  endloop
endfacet
facet normal 0.7933533402912774 -0.6087614290086656 1.1851576307875758e-14
  outer loop
    vertex 359.8367242517028 -441.8282711727512 5.000000000000218
    vertex 359.71753528475443 -441.9836012586412 15.000000000000181
    vertex 359.71753528475443 -441.9836012586418 5.000000000000218
  endloop
endfacet
facet normal 0.7933533402912774 -0.6087614290086656 1.1851576307875758e-14
  outer loop
    vertex 359.71753528475443 -441.9836012586412 15.000000000000181
    vertex 359.8367242517028 -441.8282711727512 5.000000000000218
    vertex 359.8367242517022 -441.8282711727512 15.000000000000181
  endloop
endfacet
facet normal 0.06505906343575224 0.6074717161345009 0.7916725537502656
  outer loop
    vertex 242.03337325709583 -380.15178654783716 5.000000000000218
    vertex 240.41090951495931 -379.9780237721914 5.000000000000218
    vertex 242.03337325709583 -380.6317279836513 5.368272016349579
  endloop
endfacet
facet normal -0.3813146732285358 -0.9205750556394832 -0.0845025852561753
  outer loop
    vertex 356.38946828744685 -439.1265504510727 7.000000000000178
    vertex 355.95138394976016 -438.76150345732094 5.000000000000218
    vertex 356.4750059882962 -438.97839480724014 5.000000000000218
  endloop
endfacet
facet normal -0.3813146732285358 -0.9205750556394832 -0.0845025852561753
  outer loop
    vertex 355.95138394976016 -438.76150345732094 5.000000000000218
    vertex 356.38946828744685 -439.1265504510727 7.000000000000178
    vertex 355.9071063776526 -438.9267496060633 7.000000000000178
  endloop
endfacet
facet normal -0.9238795325113907 0.3826834323648387 2.0106548812999382e-14
  outer loop
    vertex 361.0165733904311 -442.73360125864133 15.000000000000181
    vertex 361.0914987073088 -442.5527155424688 5.000000000000218
    vertex 361.0165733904305 -442.7336012586416 5.000000000000218
  endloop
endfacet
facet normal -0.9238795325113907 0.3826834323648387 2.0106548812999382e-14
  outer loop
    vertex 361.0914987073088 -442.5527155424688 5.000000000000218
    vertex 361.0165733904311 -442.73360125864133 15.000000000000181
    vertex 361.0914987073088 -442.55271554246815 15.000000000000181
  endloop
endfacet
facet normal 0.37259357912958896 -0.4855734060794258 -0.7908176098822205
  outer loop
    vertex 246.55645127983993 -394.2663740384137 104.63172798365076
    vertex 242.41574356947987 -398.0434282978234 105.00000000000018
    vertex 242.07637372564386 -397.7040584539869 104.63172798365076
  endloop
endfacet
facet normal 0.37259357912958896 -0.4855734060794258 -0.7908176098822205
  outer loop
    vertex 242.41574356947987 -398.0434282978234 105.00000000000018
    vertex 246.55645127983993 -394.2663740384137 104.63172798365076
    vertex 246.79642199774622 -394.6820155141574 105.00000000000018
  endloop
endfacet
facet normal -1.0360263861929887e-15 0.6087614290087638 -0.793353340291202
  outer loop
    vertex 371.7691393452287 -434.15178654783676 105.00000000000018
    vertex 257.3723152716618 -434.6317279836508 104.63172798365076
    vertex 257.3723152716618 -434.151786547837 105.00000000000018
  endloop
endfacet
facet normal -1.0360263861929887e-15 0.6087614290087638 -0.793353340291202
  outer loop
    vertex 257.3723152716618 -434.6317279836508 104.63172798365076
    vertex 371.7691393452287 -434.15178654783676 105.00000000000018
    vertex 371.7691393452287 -434.63172798365053 104.63172798365088
  endloop
endfacet
facet normal -0.1300593339683023 -0.9878987208883012 -0.08450258525618988
  outer loop
    vertex 355.9071063776526 -438.9267496060633 7.000000000000178
    vertex 355.3894682874471 -438.687525856944 5.000000000000218
    vertex 355.95138394976016 -438.76150345732094 5.000000000000218
  endloop
endfacet
facet normal -0.1300593339683023 -0.9878987208883012 -0.08450258525618988
  outer loop
    vertex 355.3894682874471 -438.687525856944 5.000000000000218
    vertex 355.9071063776526 -438.9267496060633 7.000000000000178
    vertex 355.3894682874471 -438.8586012586415 7.000000000000178
  endloop
endfacet
facet normal -0.7905157216714752 0.6065840476596941 -0.08450258525636123
  outer loop
    vertex 356.80368184982035 -442.27281482101455 7.000000000000178
    vertex 357.26967473884855 -441.9441389594904 5.000000000000218
    vertex 356.92465042645455 -442.3937833976502 5.000000000000218
  endloop
endfacet
facet normal -0.7905157216714752 0.6065840476596941 -0.08450258525636123
  outer loop
    vertex 357.26967473884855 -441.9441389594904 5.000000000000218
    vertex 356.80368184982035 -442.27281482101455 7.000000000000178
    vertex 357.12151909501597 -441.85860125864133 7.000000000000178
  endloop
endfacet
facet normal -0.13052619221925596 -0.9914448613739151 -4.306185441297319e-14
  outer loop
    vertex 360.5611686214194 -441.6341568889246 15.000000000000181
    vertex 360.3670543375922 -441.6086012586411 5.000000000000218
    vertex 360.56116862141994 -441.634156888924 5.0000000000002
  endloop
endfacet
facet normal -0.13052619221925596 -0.9914448613739151 -4.306185441297319e-14
  outer loop
    vertex 360.3670543375922 -441.6086012586411 5.000000000000218
    vertex 360.5611686214194 -441.6341568889246 15.000000000000181
    vertex 360.3670543375922 -441.6086012586414 15.000000000000181
  endloop
endfacet
facet normal 0.0 0.0 -0.9999999999999999
  outer loop
    vertex 353.4576166348694 -440.3409631684366 7.000000000000178
    vertex 353.4576166348694 -441.3762393488465 7.000000000000178
    vertex 353.3894682874475 -440.85860125864156 7.000000000000178
  endloop
endfacet
facet normal 0.0 0.0 -0.9999999999999999
  outer loop
    vertex 353.4576166348694 -441.3762393488465 7.000000000000178
    vertex 353.4576166348694 -440.3409631684366 7.000000000000178
    vertex 353.6574174798781 -439.8586012586415 7.000000000000178
  endloop
endfacet
facet normal 0.0 0.0 -0.9999999999999999
  outer loop
    vertex 353.4576166348694 -441.3762393488465 7.000000000000178
    vertex 353.6574174798781 -439.8586012586415 7.000000000000178
    vertex 353.6574174798781 -441.8586012586416 7.000000000000178
  endloop
endfacet
facet normal 0.0 0.0 -0.9999999999999999
  outer loop
    vertex 353.6574174798781 -441.8586012586416 7.000000000000178
    vertex 353.6574174798781 -439.8586012586415 7.000000000000178
    vertex 353.9752547250738 -439.4443876962683 7.000000000000178
  endloop
endfacet
facet normal 0.0 0.0 -0.9999999999999999
  outer loop
    vertex 353.6574174798781 -441.8586012586416 7.000000000000178
    vertex 353.9752547250738 -439.4443876962683 7.000000000000178
    vertex 353.9752547250738 -442.27281482101455 7.000000000000178
  endloop
endfacet
facet normal 0.0 0.0 -0.9999999999999999
  outer loop
    vertex 353.9752547250738 -442.27281482101455 7.000000000000178
    vertex 353.9752547250738 -439.4443876962683 7.000000000000178
    vertex 354.3894682874473 -439.1265504510727 7.000000000000178
  endloop
endfacet
facet normal 0.0 0.0 -0.9999999999999999
  outer loop
    vertex 353.9752547250738 -442.27281482101455 7.000000000000178
    vertex 354.3894682874473 -439.1265504510727 7.000000000000178
    vertex 354.3894682874473 -442.5906520662105 7.000000000000178
  endloop
endfacet
facet normal 0.0 0.0 -0.9999999999999999
  outer loop
    vertex 354.3894682874473 -442.5906520662105 7.000000000000178
    vertex 354.3894682874473 -439.1265504510727 7.000000000000178
    vertex 354.8718301972427 -438.9267496060633 7.000000000000178
  endloop
endfacet
facet normal 0.0 0.0 -0.9999999999999999
  outer loop
    vertex 354.3894682874473 -442.5906520662105 7.000000000000178
    vertex 354.8718301972427 -438.9267496060633 7.000000000000178
    vertex 354.8718301972427 -442.7904529112196 7.000000000000178
  endloop
endfacet
facet normal 0.0 0.0 -0.9999999999999999
  outer loop
    vertex 354.8718301972427 -442.7904529112196 7.000000000000178
    vertex 354.8718301972427 -438.9267496060633 7.000000000000178
    vertex 355.3894682874471 -438.8586012586415 7.000000000000178
  endloop
endfacet
facet normal 0.0 0.0 -0.9999999999999999
  outer loop
    vertex 354.8718301972427 -442.7904529112196 7.000000000000178
    vertex 355.3894682874471 -438.8586012586415 7.000000000000178
    vertex 355.3894682874471 -442.8586012586414 7.000000000000178
  endloop
endfacet
facet normal 0.0 0.0 -0.9999999999999999
  outer loop
    vertex 355.3894682874471 -442.8586012586414 7.000000000000178
    vertex 355.3894682874471 -438.8586012586415 7.000000000000178
    vertex 355.9071063776526 -438.9267496060633 7.000000000000178
  endloop
endfacet
facet normal 0.0 0.0 -0.9999999999999999
  outer loop
    vertex 355.3894682874471 -442.8586012586414 7.000000000000178
    vertex 355.9071063776526 -438.9267496060633 7.000000000000178
    vertex 355.9071063776526 -442.7904529112196 7.000000000000178
  endloop
endfacet
facet normal 0.0 0.0 -0.9999999999999999
  outer loop
    vertex 355.9071063776526 -442.7904529112196 7.000000000000178
    vertex 355.9071063776526 -438.9267496060633 7.000000000000178
    vertex 356.38946828744685 -439.1265504510727 7.000000000000178
  endloop
endfacet
facet normal 0.0 0.0 -0.9999999999999999
  outer loop
    vertex 355.9071063776526 -442.7904529112196 7.000000000000178
    vertex 356.38946828744685 -439.1265504510727 7.000000000000178
    vertex 356.38946828744685 -442.5906520662105 7.000000000000178
  endloop
endfacet
facet normal 0.0 0.0 -0.9999999999999999
  outer loop
    vertex 356.38946828744685 -442.5906520662105 7.000000000000178
    vertex 356.38946828744685 -439.1265504510727 7.000000000000178
    vertex 356.80368184982035 -439.4443876962683 7.000000000000178
  endloop
endfacet
facet normal 0.0 0.0 -0.9999999999999999
  outer loop
    vertex 356.38946828744685 -442.5906520662105 7.000000000000178
    vertex 356.80368184982035 -439.4443876962683 7.000000000000178
    vertex 356.80368184982035 -442.27281482101455 7.000000000000178
  endloop
endfacet
facet normal 0.0 0.0 -0.9999999999999999
  outer loop
    vertex 356.80368184982035 -442.27281482101455 7.000000000000178
    vertex 356.80368184982035 -439.4443876962683 7.000000000000178
    vertex 357.12151909501597 -439.8586012586415 7.000000000000178
  endloop
endfacet
facet normal 0.0 0.0 -0.9999999999999999
  outer loop
    vertex 356.80368184982035 -442.27281482101455 7.000000000000178
    vertex 357.12151909501597 -439.8586012586415 7.000000000000178
    vertex 357.12151909501597 -441.85860125864133 7.000000000000178
  endloop
endfacet
facet normal 0.0 0.0 -0.9999999999999999
  outer loop
    vertex 357.12151909501597 -441.85860125864133 7.000000000000178
    vertex 357.12151909501597 -439.8586012586415 7.000000000000178
    vertex 357.3213199400254 -440.3409631684366 7.000000000000178
  endloop
endfacet
facet normal 0.0 0.0 -0.9999999999999999
  outer loop
    vertex 357.12151909501597 -441.85860125864133 7.000000000000178
    vertex 357.3213199400254 -440.3409631684366 7.000000000000178
    vertex 357.3213199400254 -441.3762393488465 7.000000000000178
  endloop
endfacet
facet normal 0.0 0.0 -0.9999999999999999
  outer loop
    vertex 357.3213199400254 -441.3762393488465 7.000000000000178
    vertex 357.3213199400254 -440.3409631684366 7.000000000000178
    vertex 357.3894682874472 -440.85860125864156 7.000000000000178
  endloop
endfacet
facet normal -0.1305261922200315 0.991444861373813 5.802446946652495e-14
  outer loop
    vertex 360.3670543375922 -443.10860125864133 15.000000000000181
    vertex 360.5611686214194 -443.08304562835764 5.000000000000218
    vertex 360.3670543375922 -443.10860125864076 5.000000000000218
  endloop
endfacet
facet normal -0.1305261922200315 0.991444861373813 5.802446946652495e-14
  outer loop
    vertex 360.5611686214194 -443.08304562835764 5.000000000000218
    vertex 360.3670543375922 -443.10860125864133 15.000000000000181
    vertex 360.5611686214194 -443.08304562835815 15.000000000000181
  endloop
endfacet
facet normal -0.3813146732281789 0.9205750556396124 -0.0845025852563788
  outer loop
    vertex 355.9071063776526 -442.7904529112196 7.000000000000178
    vertex 356.4750059882962 -442.7388077100434 5.000000000000218
    vertex 355.95138394976016 -442.95569905996246 5.000000000000218
  endloop
endfacet
facet normal -0.3813146732281789 0.9205750556396124 -0.0845025852563788
  outer loop
    vertex 356.4750059882962 -442.7388077100434 5.000000000000218
    vertex 355.9071063776526 -442.7904529112196 7.000000000000178
    vertex 356.38946828744685 -442.5906520662105 7.000000000000178
  endloop
endfacet
facet normal 0.9831056027603582 -0.129428307995564 0.12942830799557725
  outer loop
    vertex 232.764168269338 -413.00000000000534 10.523580981315947
    vertex 233.22416961443503 -406.5295238724423 13.49999999999496
    vertex 232.3723152716617 -413.0000000000056 13.49999999999496
  endloop
endfacet
facet normal 0.9831056027603582 -0.129428307995564 0.12942830799557725
  outer loop
    vertex 233.22416961443503 -406.5295238724423 13.49999999999496
    vertex 232.764168269338 -413.00000000000534 10.523580981315947
    vertex 233.60267054499877 -406.63094289112144 10.523580981315947
  endloop
endfacet
facet normal 0.47864399317893075 0.6363036475025807 -0.6049938809348729
  outer loop
    vertex 222.95533056627534 -374.5877625388309 104.63172798365096
    vertex 225.28812990388877 -376.3425542874295 104.63172798365088
    vertex 221.67376280685644 -375.8882676506711 102.25000000000553
  endloop
endfacet
facet normal 0.9238795325114764 -0.382683432364632 1.0952798657710943e-14
  outer loop
    vertex 359.71753528475443 -441.9836012586418 5.000000000000218
    vertex 359.64260996787556 -442.1644869748143 15.000000000000181
    vertex 359.64260996787556 -442.1644869748152 5.000000000000218
  endloop
endfacet
facet normal 0.9238795325114764 -0.382683432364632 1.0952798657710943e-14
  outer loop
    vertex 359.64260996787556 -442.1644869748143 15.000000000000181
    vertex 359.71753528475443 -441.9836012586418 5.000000000000218
    vertex 359.71753528475443 -441.9836012586412 15.000000000000181
  endloop
endfacet
facet normal -0.9878987208882793 0.13005933396841726 -0.08450258525627015
  outer loop
    vertex 357.3213199400254 -441.3762393488465 7.000000000000178
    vertex 357.5605436891452 -440.85860125864184 5.000000000000218
    vertex 357.48656608876826 -441.42051692095447 5.000000000000218
  endloop
endfacet
facet normal -0.9878987208882793 0.13005933396841726 -0.08450258525627015
  outer loop
    vertex 357.5605436891452 -440.85860125864184 5.000000000000218
    vertex 357.3213199400254 -441.3762393488465 7.000000000000178
    vertex 357.3894682874472 -440.85860125864156 7.000000000000178
  endloop
endfacet
facet normal -0.1300593339677653 0.98789872088836 -0.0845025852563306
  outer loop
    vertex 355.3894682874471 -442.8586012586414 7.000000000000178
    vertex 355.95138394976016 -442.95569905996246 5.000000000000218
    vertex 355.3894682874471 -443.02967666033885 5.000000000000218
  endloop
endfacet
facet normal -0.1300593339677653 0.98789872088836 -0.0845025852563306
  outer loop
    vertex 355.95138394976016 -442.95569905996246 5.000000000000218
    vertex 355.3894682874471 -442.8586012586414 7.000000000000178
    vertex 355.9071063776526 -442.7904529112196 7.000000000000178
  endloop
endfacet
facet normal 0.10388185357165625 -0.789061016504417 -0.6054678131259607
  outer loop
    vertex 257.3723152716624 -391.36827201636015 104.63172798365076
    vertex 251.30060368029538 -390.34006385211825 102.25000000000551
    vertex 257.3723152716624 -389.5407078564845 102.25000000000551
  endloop
endfacet
facet normal 0.10388185357165625 -0.789061016504417 -0.6054678131259607
  outer loop
    vertex 251.30060368029538 -390.34006385211825 102.25000000000551
    vertex 257.3723152716624 -391.36827201636015 104.63172798365076
    vertex 251.77361209101792 -392.1053552733424 104.63172798365076
  endloop
endfacet
facet normal -0.9889031049777851 -0.07155980520990496 0.13019156364225937
  outer loop
    vertex 227.98046227398632 -413.0000000000056 10.523580981315947
    vertex 229.1383033692324 -420.56528068835274 15.159999999994799
    vertex 228.37231527166261 -413.0000000000056 13.49999999999496
  endloop
endfacet
facet normal -0.6065840476598643 -0.7905157216713703 -0.08450258525612159
  outer loop
    vertex 356.80368184982035 -439.4443876962683 7.000000000000178
    vertex 356.4750059882962 -438.97839480724014 5.000000000000218
    vertex 356.9246504264552 -439.3234191196341 5.000000000000218
  endloop
endfacet
facet normal -0.6065840476598643 -0.7905157216713703 -0.08450258525612159
  outer loop
    vertex 356.4750059882962 -438.97839480724014 5.000000000000218
    vertex 356.80368184982035 -439.4443876962683 7.000000000000178
    vertex 356.38946828744685 -439.1265504510727 7.000000000000178
  endloop
endfacet
facet normal -0.38268343236512903 -0.9238795325112704 -4.312525822345087e-14
  outer loop
    vertex 360.74205433759283 -441.70908220580293 15.000000000000181
    vertex 360.56116862141994 -441.634156888924 5.0000000000002
    vertex 360.74205433759283 -441.7090822058026 5.0000000000002
  endloop
endfacet
facet normal -0.38268343236512903 -0.9238795325112704 -4.312525822345087e-14
  outer loop
    vertex 360.56116862141994 -441.634156888924 5.0000000000002
    vertex 360.74205433759283 -441.70908220580293 15.000000000000181
    vertex 360.5611686214194 -441.6341568889246 15.000000000000181
  endloop
endfacet
facet normal 0.6036410040731619 -0.786680272595513 -0.12942830799556268
  outer loop
    vertex 371.61222136731806 -387.6912954742633 99.47641901868454
    vertex 370.9209258930602 -387.73205080757435 96.50000000000551
    vertex 371.3351394554331 -387.41421356237873 96.50000000000551
  endloop
endfacet
facet normal 0.6036410040731619 -0.786680272595513 -0.12942830799556268
  outer loop
    vertex 370.9209258930602 -387.73205080757435 96.50000000000551
    vertex 371.61222136731806 -387.6912954742633 99.47641901868454
    vertex 371.11685239189836 -388.07140545811086 99.47641901868454
  endloop
endfacet
facet normal 0.6314059586429661 0.4844948324374488 0.6054678131259873
  outer loop
    vertex 374.5699858336486 -383.31586399182834 5.368272016349579
    vertex 372.4245844285768 -383.4963414644888 7.7499999999949
    vertex 372.98726884414987 -384.2296460717662 7.7499999999949
  endloop
endfacet
facet normal 0.6314059586429661 0.4844948324374488 0.6054678131259873
  outer loop
    vertex 372.4245844285768 -383.4963414644888 7.7499999999949
    vertex 374.5699858336486 -383.31586399182834 5.368272016349579
    vertex 373.71686743907867 -382.20405845398716 5.368272016349579
  endloop
endfacet
facet normal -0.9878987208882973 -0.13005933396828231 -0.08450258525626823
  outer loop
    vertex 357.3894682874472 -440.85860125864156 7.000000000000178
    vertex 357.48656608876826 -440.2966855963293 5.000000000000218
    vertex 357.5605436891452 -440.85860125864184 5.000000000000218
  endloop
endfacet
facet normal -0.9878987208882973 -0.13005933396828231 -0.08450258525626823
  outer loop
    vertex 357.48656608876826 -440.2966855963293 5.000000000000218
    vertex 357.3894682874472 -440.85860125864156 7.000000000000178
    vertex 357.3213199400254 -440.3409631684366 7.000000000000178
  endloop
endfacet
facet normal -0.4031594075830852 0.04154959248099283 0.9141860442174333
  outer loop
    vertex 223.2633207937658 -427.42947748996124 5.606626003447038
    vertex 222.40936853273055 -422.3682933437149 5.000000000000218
    vertex 222.15498687060958 -424.83658133591683 5.000000000000218
  endloop
endfacet
facet normal -0.4031594075830852 0.04154959248099283 0.9141860442174333
  outer loop
    vertex 222.40936853273055 -422.3682933437149 5.000000000000218
    vertex 223.2633207937658 -427.42947748996124 5.606626003447038
    vertex 223.8063928081177 -421.99396181731805 5.599079542214823
  endloop
endfacet
facet normal -0.4031594075830852 0.04154959248099283 0.9141860442174333
  outer loop
    vertex 223.8063928081177 -421.99396181731805 5.599079542214823
    vertex 223.2633207937658 -427.42947748996124 5.606626003447038
    vertex 224.45873578757724 -427.42947748996124 6.133808412071096
  endloop
endfacet
facet normal -0.4231452065307634 0.14883767342112392 0.8937535908518769
  outer loop
    vertex 223.8063928081177 -421.99396181731805 5.599079542214823
    vertex 223.4617725272422 -419.3763109015311 5.000000000000218
    vertex 222.40936853273055 -422.3682933437149 5.000000000000218
  endloop
endfacet
facet normal -0.608761429008589 0.7933533402913362 -9.038327554589842e-15
  outer loop
    vertex 360.74205433759283 -443.0081203114796 15.000000000000181
    vertex 360.89738442348215 -442.8889313445318 5.000000000000218
    vertex 360.74205433759283 -443.0081203114796 5.000000000000218
  endloop
endfacet
facet normal -0.608761429008589 0.7933533402913362 -9.038327554589842e-15
  outer loop
    vertex 360.89738442348215 -442.8889313445318 5.000000000000218
    vertex 360.74205433759283 -443.0081203114796 15.000000000000181
    vertex 360.89738442348215 -442.8889313445312 15.000000000000181
  endloop
endfacet
facet normal 0.5654622078536641 0.23422211550231425 0.7908176098816212
  outer loop
    vertex 238.63868931007073 -423.8158639918278 5.368272016349652
    vertex 236.94125837295888 -418.47448519652806 5.000000000000218
    vertex 236.47767054499943 -418.5987031806501 5.368272016349652
  endloop
endfacet
facet normal 0.5654622078536641 0.23422211550231425 0.7908176098816212
  outer loop
    vertex 236.94125837295888 -418.47448519652806 5.000000000000218
    vertex 238.63868931007073 -423.8158639918278 5.368272016349652
    vertex 239.05433078581328 -423.57589327392265 5.000000000000218
  endloop
endfacet
facet normal 0.48557340607941973 -0.37259357912957547 -0.7908176098822305
  outer loop
    vertex 242.07637372564386 -397.7040584539869 104.63172798365076
    vertex 239.05433078581444 -402.4241067260904 105.00000000000018
    vertex 238.63868931007073 -402.18413600818286 104.63172798365076
  endloop
endfacet
facet normal 0.48557340607941973 -0.37259357912957547 -0.7908176098822305
  outer loop
    vertex 239.05433078581444 -402.4241067260904 105.00000000000018
    vertex 242.07637372564386 -397.7040584539869 104.63172798365076
    vertex 242.41574356947987 -398.0434282978234 105.00000000000018
  endloop
endfacet
facet normal -0.5795991146932105 0.5711592611328841 0.5812417437426397
  outer loop
    vertex 222.36530449903796 -379.4606484383191 105.00000000000018
    vertex 218.6819445742892 -378.9242951073216 100.79999999999905
    vertex 219.27693629345643 -382.594652558731 105.00000000000018
  endloop
endfacet
facet normal 0.13052619221779865 0.9914448613741071 1.2871903106359798e-14
  outer loop
    vertex 360.1729400537655 -443.08304562835815 15.000000000000181
    vertex 360.3670543375922 -443.10860125864076 5.000000000000218
    vertex 360.1729400537655 -443.08304562835843 5.000000000000218
  endloop
endfacet
facet normal 0.13052619221779865 0.9914448613741071 1.2871903106359798e-14
  outer loop
    vertex 360.3670543375922 -443.10860125864076 5.000000000000218
    vertex 360.1729400537655 -443.08304562835815 15.000000000000181
    vertex 360.3670543375922 -443.10860125864133 15.000000000000181
  endloop
endfacet
facet normal 0.6314059586429849 0.4844948324374629 0.6054678131259562
  outer loop
    vertex 242.07637372564332 -428.29594154602387 5.368272016349652
    vertex 237.05597232057195 -424.72964607176567 7.7499999999949
    vertex 240.78409071514145 -429.5882245565254 7.749999999994972
  endloop
endfacet
facet normal 0.6314059586429849 0.4844948324374629 0.6054678131259562
  outer loop
    vertex 237.05597232057195 -424.72964607176567 7.7499999999949
    vertex 242.07637372564332 -428.29594154602387 5.368272016349652
    vertex 238.63868931007073 -423.8158639918278 5.368272016349652
  endloop
endfacet
facet normal 0.8546202052331174 -0.35399527968562045 -0.37988372795844216
  outer loop
    vertex 371.99233135116555 -387.19592649884333 99.47641901868454
    vertex 373.3409870549776 -386.91640262640647 102.25000000000551
    vertex 372.98726884414987 -387.77035392824496 102.25000000000551
  endloop
endfacet
facet normal 0.8546202052331174 -0.35399527968562045 -0.37988372795844216
  outer loop
    vertex 373.3409870549776 -386.91640262640647 102.25000000000551
    vertex 371.99233135116555 -387.19592649884333 99.47641901868454
    vertex 372.23127847620185 -386.6190571088895 99.47641901868454
  endloop
endfacet
facet normal 0.789061016504423 0.10388185357165876 -0.6054678131259523
  outer loop
    vertex 233.9130231281407 -413.00000000000534 102.25000000000551
    vertex 236.47767054499943 -418.5987031806501 104.63172798365076
    vertex 234.71237912377507 -419.0717115913726 102.25000000000551
  endloop
endfacet
facet normal 0.789061016504423 0.10388185357165876 -0.6054678131259523
  outer loop
    vertex 236.47767054499943 -418.5987031806501 104.63172798365076
    vertex 233.9130231281407 -413.00000000000534 102.25000000000551
    vertex 235.74058728801685 -413.00000000000534 104.63172798365076
  endloop
endfacet
facet normal 0.6036410040731734 0.7866802725955035 -0.12942830799556634
  outer loop
    vertex 239.9717276538827 -430.40058761778414 99.47641901868447
    vertex 244.87231527166233 -434.6506350946166 96.50000000000544
    vertex 239.69464574199833 -430.6776695296691 96.50000000000544
  endloop
endfacet
facet normal 0.6036410040731734 0.7866802725955035 -0.12942830799556634
  outer loop
    vertex 244.87231527166233 -434.6506350946166 96.50000000000544
    vertex 239.9717276538827 -430.40058761778414 99.47641901868447
    vertex 245.0682417704999 -434.3112804440804 99.47641901868447
  endloop
endfacet
facet normal 0.3539952796856202 -0.8546202052331036 -0.37988372795847347
  outer loop
    vertex 251.30060368029538 -390.34006385211825 102.25000000000551
    vertex 245.0682417705005 -391.6887195559306 99.47641901868447
    vertex 251.00325816277783 -389.23035527334264 99.47641901868447
  endloop
endfacet
facet normal 0.3539952796856202 -0.8546202052331036 -0.37988372795847347
  outer loop
    vertex 245.0682417705005 -391.6887195559306 99.47641901868447
    vertex 251.30060368029538 -390.34006385211825 102.25000000000551
    vertex 245.6426691999018 -392.6836570489155 102.25000000000544
  endloop
endfacet
facet normal 0.48557340608216615 0.3725935791314243 -0.7908176098796731
  outer loop
    vertex 239.05433078581268 -423.57589327392265 105.00000000000018
    vertex 242.07637372564332 -428.29594154602387 104.63172798365076
    vertex 238.63868931007073 -423.8158639918278 104.63172798365076
  endloop
endfacet
facet normal 0.48557340608216615 0.3725935791314243 -0.7908176098796731
  outer loop
    vertex 242.07637372564332 -428.29594154602387 104.63172798365076
    vertex 239.05433078581268 -423.57589327392265 105.00000000000018
    vertex 242.41574356947638 -427.9565717021922 105.00000000000018
  endloop
endfacet
facet normal 0.2342221155036993 0.565462207857115 -0.7908176098787435
  outer loop
    vertex 246.7964219977428 -431.31798448585903 105.00000000000018
    vertex 251.77361209101792 -433.8946447266682 104.63172798365076
    vertex 246.55645127983993 -431.73362596159694 104.63172798365076
  endloop
endfacet
facet normal 0.2342221155036993 0.565462207857115 -0.7908176098787435
  outer loop
    vertex 251.77361209101792 -433.8946447266682 104.63172798365076
    vertex 246.7964219977428 -431.31798448585903 105.00000000000018
    vertex 251.89783007513847 -433.43105689871345 105.00000000000018
  endloop
endfacet
facet normal 0.07988880177349326 -0.6068156946316617 -0.7908176098822595
  outer loop
    vertex 257.3723152716624 -391.36827201636015 104.63172798365076
    vertex 251.89783007513967 -392.5689431013015 105.00000000000018
    vertex 251.77361209101792 -392.1053552733424 104.63172798365076
  endloop
endfacet
facet normal 0.07988880177349326 -0.6068156946316617 -0.7908176098822595
  outer loop
    vertex 251.89783007513967 -392.5689431013015 105.00000000000018
    vertex 257.3723152716624 -391.36827201636015 104.63172798365076
    vertex 257.3723152716624 -391.848213452174 105.00000000000018
  endloop
endfacet
facet normal 0.6210668168217763 0.6316436698818683 0.46400677079222846
  outer loop
    vertex 219.27693629345643 -382.594652558731 105.00000000000018
    vertex 218.6819445742892 -378.9242951073216 100.79999999999905
    vertex 217.137760471499 -380.4912971675276 105.00000000000018
  endloop
endfacet
facet normal 0.5977207451023631 0.791187860212983 -0.12942828410311658
  outer loop
    vertex 220.86813563402296 -376.70579934090625 99.47641901868455
    vertex 223.60399389571177 -379.2595634204482 96.50000000000551
    vertex 220.5933512082396 -376.9846441758816 96.50000000000551
  endloop
endfacet
facet normal 0.5977207451023631 0.791187860212983 -0.12942828410311658
  outer loop
    vertex 223.60399389571177 -379.2595634204482 96.50000000000551
    vertex 220.86813563402296 -376.70579934090625 99.47641901868455
    vertex 223.79992039454993 -378.92020876991205 99.47641901868454
  endloop
endfacet
facet normal 0.789061016504406 -0.10388185357164924 -0.6054678131259763
  outer loop
    vertex 373.3409870549776 -386.91640262640647 102.25000000000551
    vertex 375.2891979094151 -386.0000000000057 104.63172798365082
    vertex 375.1062784762019 -387.38941103712904 104.63172798365082
  endloop
endfacet
facet normal 0.789061016504406 -0.10388185357164924 -0.6054678131259763
  outer loop
    vertex 375.2891979094151 -386.0000000000057 104.63172798365082
    vertex 373.3409870549776 -386.91640262640647 102.25000000000551
    vertex 373.4616337495389 -386.0000000000057 102.25000000000551
  endloop
endfacet
facet normal 0.10388185357167457 -0.789061016504416 -0.6054678131259588
  outer loop
    vertex 371.3103369301831 -391.1853525831475 104.63172798365082
    vertex 369.9209258930604 -389.5407078564845 102.25000000000551
    vertex 370.8373285194606 -389.4200611619231 102.25000000000551
  endloop
endfacet
facet normal 0.10388185357167457 -0.789061016504416 -0.6054678131259588
  outer loop
    vertex 369.9209258930604 -389.5407078564845 102.25000000000551
    vertex 371.3103369301831 -391.1853525831475 104.63172798365082
    vertex 369.9209258930604 -391.3682720163604 104.63172798365082
  endloop
endfacet
facet normal 0.12942830799553517 0.9831056027603645 -0.12942830799555877
  outer loop
    vertex 369.92092589305986 -383.6081470023299 99.47641901868454
    vertex 370.4385639832648 -384.06814834742744 96.50000000000551
    vertex 369.92092589305986 -384.0000000000056 96.50000000000551
  endloop
endfacet
facet normal 0.12942830799553517 0.9831056027603645 -0.12942830799555877
  outer loop
    vertex 370.4385639832648 -384.06814834742744 96.50000000000551
    vertex 369.92092589305986 -383.6081470023299 99.47641901868454
    vertex 370.53998300194417 -383.6896474168637 99.47641901868454
  endloop
endfacet
facet normal 0.3794645986871765 -0.9161085805910695 -0.1294283079955688
  outer loop
    vertex 251.00325816277783 -389.23035527334264 99.47641901868447
    vertex 244.87231527166287 -391.3493649053941 96.50000000000544
    vertex 250.90183914409963 -388.85185434277855 96.50000000000544
  endloop
endfacet
facet normal 0.3794645986871765 -0.9161085805910695 -0.1294283079955688
  outer loop
    vertex 244.87231527166287 -391.3493649053941 96.50000000000544
    vertex 251.00325816277783 -389.23035527334264 99.47641901868447
    vertex 245.0682417705005 -391.6887195559306 99.47641901868447
  endloop
endfacet
facet normal 0.08713677269408442 0.7919757324519304 -0.6043025914653087
  outer loop
    vertex 233.3653974677225 -379.6882680592856 104.63172798365088
    vertex 242.03337325709526 -382.4592921435266 102.25000000000557
    vertex 232.8923890570005 -381.45355948050945 102.25000000000551
  endloop
endfacet
facet normal 0.4844948324374762 0.6314059586429733 -0.6054678131259577
  outer loop
    vertex 242.07637372564332 -428.29594154602387 104.63172798365076
    vertex 245.6426691999018 -433.3163429510955 102.25000000000551
    vertex 240.78409071514145 -429.5882245565254 102.25000000000544
  endloop
endfacet
facet normal 0.4844948324374762 0.6314059586429733 -0.6054678131259577
  outer loop
    vertex 245.6426691999018 -433.3163429510955 102.25000000000551
    vertex 242.07637372564332 -428.29594154602387 104.63172798365076
    vertex 246.55645127983993 -431.73362596159694 104.63172798365076
  endloop
endfacet
facet normal 0.7338790076441042 0.5631251684765124 -0.37988372795844355
  outer loop
    vertex 371.61222136731806 -384.30870452574777 99.47641901868454
    vertex 372.98726884414987 -384.2296460717662 102.25000000000551
    vertex 371.99233135116555 -384.8040735011678 99.47641901868454
  endloop
endfacet
facet normal 0.7338790076441042 0.5631251684765124 -0.37988372795844355
  outer loop
    vertex 372.98726884414987 -384.2296460717662 102.25000000000551
    vertex 371.61222136731806 -384.30870452574777 99.47641901868454
    vertex 372.4245844285768 -383.4963414644888 102.25000000000551
  endloop
endfacet
facet normal 0.6036410040731578 0.7866802725955163 -0.1294283079955613
  outer loop
    vertex 371.11685239189774 -383.9285945419003 99.47641901868454
    vertex 371.3351394554331 -384.5857864376324 96.50000000000551
    vertex 370.9209258930602 -384.2679491924368 96.50000000000551
  endloop
endfacet
facet normal 0.6036410040731578 0.7866802725955163 -0.1294283079955613
  outer loop
    vertex 371.3351394554331 -384.5857864376324 96.50000000000551
    vertex 371.11685239189774 -383.9285945419003 99.47641901868454
    vertex 371.61222136731806 -384.30870452574777 99.47641901868454
  endloop
endfacet
facet normal -1.765572433635682e-15 0.7933533402912589 -0.6087614290086897
  outer loop
    vertex 242.03337325709526 -382.4592921435266 102.25000000000557
    vertex 369.9209258930604 -380.6317279836507 104.63172798365082
    vertex 369.92092589305986 -382.4592921435266 102.25000000000551
  endloop
endfacet
facet normal -1.765572433635682e-15 0.7933533402912589 -0.6087614290086897
  outer loop
    vertex 369.9209258930604 -380.6317279836507 104.63172798365082
    vertex 242.03337325709526 -382.4592921435266 102.25000000000557
    vertex 242.03337325709526 -380.6317279836513 104.63172798365082
  endloop
endfacet
facet normal 0.3539952796856138 0.8546202052331113 -0.3798837279584621
  outer loop
    vertex 245.6426691999018 -433.3163429510955 102.25000000000551
    vertex 251.00325816277783 -436.76964472666833 99.47641901868447
    vertex 245.0682417704999 -434.3112804440804 99.47641901868447
  endloop
endfacet
facet normal 0.3539952796856138 0.8546202052331113 -0.3798837279584621
  outer loop
    vertex 251.00325816277783 -436.76964472666833 99.47641901868447
    vertex 245.6426691999018 -433.3163429510955 102.25000000000551
    vertex 251.30060368029538 -435.65993614789267 102.25000000000551
  endloop
endfacet
facet normal 0.8546202052331052 0.3539952796856291 -0.37988372795846154
  outer loop
    vertex 233.60267054499877 -419.3690571088896 99.47641901868447
    vertex 237.05597232057195 -424.72964607176567 102.25000000000551
    vertex 236.06103482758763 -425.3040735011673 99.47641901868447
  endloop
endfacet
facet normal 0.8546202052331052 0.3539952796856291 -0.37988372795846154
  outer loop
    vertex 237.05597232057195 -424.72964607176567 102.25000000000551
    vertex 233.60267054499877 -419.3690571088896 99.47641901868447
    vertex 234.71237912377507 -419.0717115913726 102.25000000000551
  endloop
endfacet
facet normal -0.8905811143893665 -0.2458164455802643 -0.3826742136273087
  outer loop
    vertex 227.70962224026738 -420.9480946431003 100.36000000000544
    vertex 231.3615717296443 -427.42947748996124 96.0243884197105
    vertex 231.33652349884417 -427.42947748996124 96.0826820818007
  endloop
endfacet
facet normal -0.8905811143893665 -0.2458164455802643 -0.3826742136273087
  outer loop
    vertex 231.3615717296443 -427.42947748996124 96.0243884197105
    vertex 227.70962224026738 -420.9480946431003 100.36000000000544
    vertex 228.774942475892 -420.66264294628405 97.69736225793721
  endloop
endfacet
facet normal -0.7920623323955187 0.05702553496369901 -0.6077708038087013
  outer loop
    vertex 226.83160741518364 -413.0000000000056 102.25000000000544
    vertex 227.70962224026738 -420.9480946431003 100.36000000000544
    vertex 225.00404325530747 -413.0000000000056 104.63172798365076
  endloop
endfacet
facet normal -0.6210668168215114 -0.6316436698822747 0.46400677079202945
  outer loop
    vertex 220.22612867707937 -377.3572930471165 105.00000000000018
    vertex 218.6819445742892 -378.9242951073216 100.79999999999905
    vertex 222.36530449903796 -379.4606484383191 105.00000000000018
  endloop
endfacet
facet normal -0.8926370649090875 -0.25353881061623773 -0.3727158996632596
  outer loop
    vertex 227.70962224026738 -420.9480946431003 100.36000000000544
    vertex 231.33652349884417 -427.42947748996124 96.0826820818007
    vertex 230.2371062281841 -427.42947748996124 98.71573478086495
  endloop
endfacet
facet normal -0.7885951116294594 -0.6011377715409991 -0.12942615477886235
  outer loop
    vertex 216.47122538168932 -381.16768145165764 99.47641901868454
    vertex 221.40563626845372 -387.0000000000043 96.50000000000551
    vertex 221.06628161791807 -387.1959264988416 99.47641901868454
  endloop
endfacet
facet normal -0.7885951116294594 -0.6011377715409991 -0.12942615477886235
  outer loop
    vertex 221.40563626845372 -387.0000000000043 96.50000000000551
    vertex 216.47122538168932 -381.16768145165764 99.47641901868454
    vertex 216.74654096277095 -380.88829761265623 96.50000000000551
  endloop
endfacet
facet normal 0.5631251684764973 -0.7338790076440982 -0.37988372795847686
  outer loop
    vertex 245.6426691999018 -392.6836570489155 102.25000000000544
    vertex 239.97172765388328 -395.59941238222626 99.47641901868447
    vertex 245.0682417705005 -391.6887195559306 99.47641901868447
  endloop
endfacet
facet normal 0.5631251684764973 -0.7338790076440982 -0.37988372795847686
  outer loop
    vertex 239.97172765388328 -395.59941238222626 99.47641901868447
    vertex 245.6426691999018 -392.6836570489155 102.25000000000544
    vertex 240.7840907151426 -396.4117754434853 102.25000000000551
  endloop
endfacet
facet normal 0.7866802725955181 -0.6036410040731512 -0.12942830799558125
  outer loop
    vertex 235.72168017705147 -400.50000000000557 96.50000000000544
    vertex 239.97172765388328 -395.59941238222626 99.47641901868447
    vertex 236.06103482758763 -400.6959264988435 99.47641901868447
  endloop
endfacet
facet normal 0.7866802725955181 -0.6036410040731512 -0.12942830799558125
  outer loop
    vertex 239.97172765388328 -395.59941238222626 99.47641901868447
    vertex 235.72168017705147 -400.50000000000557 96.50000000000544
    vertex 239.69464574199833 -395.3223304703416 96.50000000000544
  endloop
endfacet
facet normal -0.735287812214672 -0.30456618406694885 -0.605467813125899
  outer loop
    vertex 218.4886271354344 -388.6841360081822 104.63172798365082
    vertex 225.11224872935466 -399.94017419086975 102.25000000000551
    vertex 223.34695730813027 -400.4131826015932 104.63172798365082
  endloop
endfacet
facet normal -0.735287812214672 -0.30456618406694885 -0.605467813125899
  outer loop
    vertex 225.11224872935466 -399.94017419086975 102.25000000000551
    vertex 218.4886271354344 -388.6841360081822 104.63172798365082
    vertex 220.071344124932 -387.77035392824496 102.25000000000551
  endloop
endfacet
facet normal 0.5654622078528817 -0.23422211550210464 -0.7908176098822428
  outer loop
    vertex 238.63868931007073 -402.18413600818286 104.63172798365076
    vertex 236.94125837295772 -407.52551480348376 105.00000000000018
    vertex 236.47767054499943 -407.4012968193609 104.63172798365076
  endloop
endfacet
facet normal 0.5654622078528817 -0.23422211550210464 -0.7908176098822428
  outer loop
    vertex 236.94125837295772 -407.52551480348376 105.00000000000018
    vertex 238.63868931007073 -402.18413600818286 104.63172798365076
    vertex 239.05433078581444 -402.4241067260904 105.00000000000018
  endloop
endfacet
facet normal 0.08603184451999815 0.7904118936645095 -0.6065043776282004
  outer loop
    vertex 233.3653974677225 -379.6882680592856 104.63172798365088
    vertex 242.03337325709526 -380.6317279836513 104.63172798365082
    vertex 242.03337325709526 -382.4592921435266 102.25000000000557
  endloop
endfacet
facet normal 0.1300593339682955 -0.9878987208883016 -0.08450258525619855
  outer loop
    vertex 355.3894682874471 -438.8586012586415 7.000000000000178
    vertex 354.82755262513393 -438.76150345732094 5.000000000000218
    vertex 355.3894682874471 -438.687525856944 5.000000000000218
  endloop
endfacet
facet normal 0.1300593339682955 -0.9878987208883016 -0.08450258525619855
  outer loop
    vertex 354.82755262513393 -438.76150345732094 5.000000000000218
    vertex 355.3894682874471 -438.8586012586415 7.000000000000178
    vertex 354.8718301972427 -438.9267496060633 7.000000000000178
  endloop
endfacet
facet normal 0.3813146732281553 0.9205750556396284 -0.08450258525631195
  outer loop
    vertex 354.3894682874473 -442.5906520662105 7.000000000000178
    vertex 354.82755262513393 -442.9556990599622 5.000000000000218
    vertex 354.3039305865991 -442.7388077100434 5.000000000000218
  endloop
endfacet
facet normal 0.3813146732281553 0.9205750556396284 -0.08450258525631195
  outer loop
    vertex 354.82755262513393 -442.9556990599622 5.000000000000218
    vertex 354.3894682874473 -442.5906520662105 7.000000000000178
    vertex 354.8718301972427 -442.7904529112196 7.000000000000178
  endloop
endfacet
facet normal 0.13005933396802766 0.987898720888331 -0.08450258525626839
  outer loop
    vertex 354.8718301972427 -442.7904529112196 7.000000000000178
    vertex 355.3894682874471 -443.02967666033885 5.000000000000218
    vertex 354.82755262513393 -442.9556990599622 5.000000000000218
  endloop
endfacet
facet normal 0.13005933396802766 0.987898720888331 -0.08450258525626839
  outer loop
    vertex 355.3894682874471 -443.02967666033885 5.000000000000218
    vertex 354.8718301972427 -442.7904529112196 7.000000000000178
    vertex 355.3894682874471 -442.8586012586414 7.000000000000178
  endloop
endfacet
facet normal 0.38131467322825685 -0.9205750556395913 -0.08450258525625752
  outer loop
    vertex 354.8718301972427 -438.9267496060633 7.000000000000178
    vertex 354.303930586598 -438.97839480723985 5.000000000000218
    vertex 354.82755262513393 -438.76150345732094 5.000000000000218
  endloop
endfacet
facet normal 0.38131467322825685 -0.9205750556395913 -0.08450258525625752
  outer loop
    vertex 354.303930586598 -438.97839480723985 5.000000000000218
    vertex 354.8718301972427 -438.9267496060633 7.000000000000178
    vertex 354.3894682874473 -439.1265504510727 7.000000000000178
  endloop
endfacet
facet normal -0.6409333712415668 -0.0637909764576491 0.7649412558827635
  outer loop
    vertex 228.43307422475849 -427.42947748996124 8.8770232410266
    vertex 226.01494247589267 -421.40218271739394 7.353541135695537
    vertex 226.79935856480046 -427.42947748996124 7.508156184198226
  endloop
endfacet
facet normal -4.3816820224265233e-16 0.9914448613738107 0.13052619222004974
  outer loop
    vertex 242.03337325709583 -384.0000000000056 13.499999999994888
    vertex 369.9209258930604 -383.6081470023299 10.523580981315876
    vertex 242.03337325709583 -383.6081470023299 10.523580981315876
  endloop
endfacet
facet normal -4.3816820224265233e-16 0.9914448613738107 0.13052619222004974
  outer loop
    vertex 369.9209258930604 -383.6081470023299 10.523580981315876
    vertex 242.03337325709583 -384.0000000000056 13.499999999994888
    vertex 369.9209258930604 -384.0000000000056 13.499999999994888
  endloop
endfacet
facet normal 0.7338790076440976 -0.5631251684765033 0.3798837279584691
  outer loop
    vertex 240.7840907151426 -396.4117754434853 7.7499999999949
    vertex 236.06103482758763 -400.6959264988435 10.523580981315947
    vertex 237.05597232057195 -401.2703539282451 7.7499999999949
  endloop
endfacet
facet normal 0.7338790076440976 -0.5631251684765033 0.3798837279584691
  outer loop
    vertex 236.06103482758763 -400.6959264988435 10.523580981315947
    vertex 240.7840907151426 -396.4117754434853 7.7499999999949
    vertex 239.97172765388387 -395.59941238222626 10.523580981315947
  endloop
endfacet
facet normal -0.9831056027604206 -0.12942830799550487 0.12942830799516342
  outer loop
    vertex 226.6004582386941 -399.5414096546743 13.499999999994888
    vertex 227.98046227398632 -413.0000000000056 10.523580981315947
    vertex 228.37231527166261 -413.0000000000056 13.49999999999496
  endloop
endfacet
facet normal -0.9831056027604206 -0.12942830799550487 0.12942830799516342
  outer loop
    vertex 227.98046227398632 -413.0000000000056 10.523580981315947
    vertex 226.6004582386941 -399.5414096546743 13.499999999994888
    vertex 226.22195730813266 -399.64282867335226 10.523580981315876
  endloop
endfacet
facet normal -0.7905157216710396 -0.6065840476602803 -0.08450258525622799
  outer loop
    vertex 356.80368184982035 -439.4443876962683 7.000000000000178
    vertex 357.26967473884855 -439.7730635577925 5.000000000000218
    vertex 357.12151909501597 -439.8586012586415 7.000000000000178
  endloop
endfacet
facet normal -0.7905157216710396 -0.6065840476602803 -0.08450258525622799
  outer loop
    vertex 357.26967473884855 -439.7730635577925 5.000000000000218
    vertex 356.80368184982035 -439.4443876962683 7.000000000000178
    vertex 356.9246504264552 -439.3234191196341 5.000000000000218
  endloop
endfacet
facet normal 0.7352878122146249 -0.304566184066948 0.6054678131259568
  outer loop
    vertex 238.63868931007073 -402.18413600818286 5.368272016349652
    vertex 234.71237912377507 -406.928288408638 7.7499999999949
    vertex 236.47767054499943 -407.4012968193609 5.368272016349652
  endloop
endfacet
facet normal 0.7352878122146249 -0.304566184066948 0.6054678131259568
  outer loop
    vertex 234.71237912377507 -406.928288408638 7.7499999999949
    vertex 238.63868931007073 -402.18413600818286 5.368272016349652
    vertex 237.05597232057195 -401.2703539282451 7.7499999999949
  endloop
endfacet
facet normal 0.7352878122146144 -0.3045661840669311 0.6054678131259782
  outer loop
    vertex 375.10627847620253 -387.38941103712904 5.368272016349579
    vertex 372.98726884414987 -387.77035392824496 7.7499999999949
    vertex 374.5699858336486 -388.6841360081828 5.368272016349579
  endloop
endfacet
facet normal 0.7352878122146144 -0.3045661840669311 0.6054678131259782
  outer loop
    vertex 372.98726884414987 -387.77035392824496 7.7499999999949
    vertex 375.10627847620253 -387.38941103712904 5.368272016349579
    vertex 373.3409870549781 -386.91640262640647 7.7499999999949
  endloop
endfacet
facet normal -0.920575055639738 -0.38131467322790213 -0.08450258525626003
  outer loop
    vertex 357.12151909501597 -439.8586012586415 7.000000000000178
    vertex 357.48656608876826 -440.2966855963293 5.000000000000218
    vertex 357.3213199400254 -440.3409631684366 7.000000000000178
  endloop
endfacet
facet normal -0.920575055639738 -0.38131467322790213 -0.08450258525626003
  outer loop
    vertex 357.48656608876826 -440.2966855963293 5.000000000000218
    vertex 357.12151909501597 -439.8586012586415 7.000000000000178
    vertex 357.26967473884855 -439.7730635577925 5.000000000000218
  endloop
endfacet
facet normal 0.9205750556396657 0.38131467322807805 -0.08450258525625386
  outer loop
    vertex 353.292370486127 -441.42051692095447 5.000000000000218
    vertex 353.6574174798781 -441.8586012586416 7.000000000000178
    vertex 353.5092618360456 -441.9441389594912 5.000000000000218
  endloop
endfacet
facet normal 0.9205750556396657 0.38131467322807805 -0.08450258525625386
  outer loop
    vertex 353.6574174798781 -441.8586012586416 7.000000000000178
    vertex 353.292370486127 -441.42051692095447 5.000000000000218
    vertex 353.4576166348694 -441.3762393488465 7.000000000000178
  endloop
endfacet
facet normal 0.7890610165044197 -0.10388185357165945 0.6054678131259565
  outer loop
    vertex 236.47767054499943 -407.4012968193609 5.368272016349652
    vertex 233.9130231281407 -413.00000000000534 7.7499999999949
    vertex 235.74058728801685 -413.00000000000534 5.368272016349652
  endloop
endfacet
facet normal 0.7890610165044197 -0.10388185357165945 0.6054678131259565
  outer loop
    vertex 233.9130231281407 -413.00000000000534 7.7499999999949
    vertex 236.47767054499943 -407.4012968193609 5.368272016349652
    vertex 234.71237912377507 -406.928288408638 7.7499999999949
  endloop
endfacet
facet normal 0.7352878122146267 0.30456618406694025 0.6054678131259584
  outer loop
    vertex 238.63868931007073 -423.8158639918278 5.368272016349652
    vertex 234.71237912377507 -419.0717115913726 7.7499999999949
    vertex 237.05597232057195 -424.72964607176567 7.7499999999949
  endloop
endfacet
facet normal 0.7352878122146267 0.30456618406694025 0.6054678131259584
  outer loop
    vertex 234.71237912377507 -419.0717115913726 7.7499999999949
    vertex 238.63868931007073 -423.8158639918278 5.368272016349652
    vertex 236.47767054499943 -418.5987031806501 5.368272016349652
  endloop
endfacet
facet normal 0.9171204481621613 -0.12074119758903773 0.3798837279584394
  outer loop
    vertex 373.4616337495389 -386.0000000000057 7.7499999999949
    vertex 372.23127847620185 -386.6190571088895 10.523580981315876
    vertex 373.3409870549781 -386.91640262640647 7.7499999999949
  endloop
endfacet
facet normal 0.9171204481621613 -0.12074119758903773 0.3798837279584394
  outer loop
    vertex 372.23127847620185 -386.6190571088895 10.523580981315876
    vertex 373.4616337495389 -386.0000000000057 7.7499999999949
    vertex 372.31277889073624 -386.00000000000546 10.523580981315876
  endloop
endfacet
facet normal 0.9878987208883225 -0.13005933396807967 -0.08450258525628597
  outer loop
    vertex 353.29237048612646 -440.2966855963293 5.000000000000218
    vertex 353.3894682874475 -440.85860125864156 7.000000000000178
    vertex 353.21839288575006 -440.85860125864184 5.000000000000218
  endloop
endfacet
facet normal 0.9878987208883225 -0.13005933396807967 -0.08450258525628597
  outer loop
    vertex 353.3894682874475 -440.85860125864156 7.000000000000178
    vertex 353.29237048612646 -440.2966855963293 5.000000000000218
    vertex 353.4576166348694 -440.3409631684366 7.000000000000178
  endloop
endfacet
facet normal 0.6065840476602119 -0.7905157216710991 -0.08450258525616478
  outer loop
    vertex 354.3894682874473 -439.1265504510727 7.000000000000178
    vertex 353.854286148439 -439.32341911963465 5.000000000000218
    vertex 354.303930586598 -438.97839480723985 5.000000000000218
  endloop
endfacet
facet normal 0.6065840476602119 -0.7905157216710991 -0.08450258525616478
  outer loop
    vertex 353.854286148439 -439.32341911963465 5.000000000000218
    vertex 354.3894682874473 -439.1265504510727 7.000000000000178
    vertex 353.9752547250738 -439.4443876962683 7.000000000000178
  endloop
endfacet
facet normal 0.9205750556397335 -0.38131467322789825 -0.08450258525632649
  outer loop
    vertex 353.29237048612646 -440.2966855963293 5.000000000000218
    vertex 353.6574174798781 -439.8586012586415 7.000000000000178
    vertex 353.4576166348694 -440.3409631684366 7.000000000000178
  endloop
endfacet
facet normal 0.9205750556397335 -0.38131467322789825 -0.08450258525632649
  outer loop
    vertex 353.6574174798781 -439.8586012586415 7.000000000000178
    vertex 353.29237048612646 -440.2966855963293 5.000000000000218
    vertex 353.509261836045 -439.7730635577934 5.000000000000218
  endloop
endfacet
facet normal -0.6065840476597882 0.7905157216713954 -0.08450258525643232
  outer loop
    vertex 356.38946828744685 -442.5906520662105 7.000000000000178
    vertex 356.92465042645455 -442.3937833976502 5.000000000000218
    vertex 356.4750059882962 -442.7388077100434 5.000000000000218
  endloop
endfacet
facet normal -0.6065840476597882 0.7905157216713954 -0.08450258525643232
  outer loop
    vertex 356.92465042645455 -442.3937833976502 5.000000000000218
    vertex 356.38946828744685 -442.5906520662105 7.000000000000178
    vertex 356.80368184982035 -442.27281482101455 7.000000000000178
  endloop
endfacet
facet normal 0.7905157216710774 0.6065840476602122 -0.08450258525636384
  outer loop
    vertex 353.5092618360456 -441.9441389594912 5.000000000000218
    vertex 353.9752547250738 -442.27281482101455 7.000000000000178
    vertex 353.854286148439 -442.3937833976494 5.000000000000218
  endloop
endfacet
facet normal 0.7905157216710774 0.6065840476602122 -0.08450258525636384
  outer loop
    vertex 353.9752547250738 -442.27281482101455 7.000000000000178
    vertex 353.5092618360456 -441.9441389594912 5.000000000000218
    vertex 353.6574174798781 -441.8586012586416 7.000000000000178
  endloop
endfacet
facet normal 0.8546202052331002 -0.3539952796856387 0.3798837279584641
  outer loop
    vertex 237.05597232057195 -401.2703539282451 7.7499999999949
    vertex 233.60267054499877 -406.63094289112144 10.523580981315947
    vertex 234.71237912377507 -406.928288408638 7.7499999999949
  endloop
endfacet
facet normal 0.8546202052331002 -0.3539952796856387 0.3798837279584641
  outer loop
    vertex 233.60267054499877 -406.63094289112144 10.523580981315947
    vertex 237.05597232057195 -401.2703539282451 7.7499999999949
    vertex 236.06103482758763 -400.6959264988435 10.523580981315947
  endloop
endfacet
facet normal -0.8206353081847302 -0.5564241616942692 0.13019156364136197
  outer loop
    vertex 231.72831272260524 -427.3901584726986 16.753599999994933
    vertex 231.66021018700286 -427.42947748996124 16.156284825830497
    vertex 231.75665121892905 -427.42947748996124 16.764180712039376
  endloop
endfacet
facet normal 0.9878987208882899 0.13005933396834998 -0.08450258525625241
  outer loop
    vertex 353.21839288575006 -440.85860125864184 5.000000000000218
    vertex 353.4576166348694 -441.3762393488465 7.000000000000178
    vertex 353.292370486127 -441.42051692095447 5.000000000000218
  endloop
endfacet
facet normal 0.9878987208882899 0.13005933396834998 -0.08450258525625241
  outer loop
    vertex 353.4576166348694 -441.3762393488465 7.000000000000178
    vertex 353.21839288575006 -440.85860125864184 5.000000000000218
    vertex 353.3894682874475 -440.85860125864156 7.000000000000178
  endloop
endfacet
facet normal -0.44724890777036846 0.03424811438736701 0.8937535908510368
  outer loop
    vertex 226.05785711821758 -427.42947748996124 6.934034868045651
    vertex 223.8063928081177 -421.99396181731805 5.599079542214823
    vertex 224.45873578757724 -427.42947748996124 6.133808412071096
  endloop
endfacet
facet normal 0.5631251684765235 0.7338790076440878 0.3798837279584583
  outer loop
    vertex 240.78409071514145 -429.5882245565254 7.749999999994972
    vertex 245.0682417704999 -434.3112804440804 10.523580981315947
    vertex 245.6426691999018 -433.3163429510955 7.7499999999949
  endloop
endfacet
facet normal 0.5631251684765235 0.7338790076440878 0.3798837279584583
  outer loop
    vertex 245.0682417704999 -434.3112804440804 10.523580981315947
    vertex 240.78409071514145 -429.5882245565254 7.749999999994972
    vertex 239.9717276538827 -430.40058761778414 10.523580981315947
  endloop
endfacet
facet normal 0.790515721671209 -0.606584047660058 -0.08450258525623816
  outer loop
    vertex 353.509261836045 -439.7730635577934 5.000000000000218
    vertex 353.9752547250738 -439.4443876962683 7.000000000000178
    vertex 353.6574174798781 -439.8586012586415 7.000000000000178
  endloop
endfacet
facet normal 0.790515721671209 -0.606584047660058 -0.08450258525623816
  outer loop
    vertex 353.9752547250738 -439.4443876962683 7.000000000000178
    vertex 353.509261836045 -439.7730635577934 5.000000000000218
    vertex 353.854286148439 -439.32341911963465 5.000000000000218
  endloop
endfacet
facet normal 0.10182794549324224 0.9198058114095005 0.3789305197710203
  outer loop
    vertex 242.03337325709583 -383.6081470023299 10.523580981315876
    vertex 232.8923890570011 -381.45355948050945 7.7499999999949
    vertex 232.59504353948358 -382.56326805928484 10.523580981315876
  endloop
endfacet
facet normal 0.12074119758902593 0.9171204481621524 0.37988372795846403
  outer loop
    vertex 251.00325816277783 -436.76964472666833 10.523580981315947
    vertex 257.3723152716618 -436.45929214352645 7.7499999999949
    vertex 251.30060368029538 -435.65993614789267 7.7499999999949
  endloop
endfacet
facet normal 0.12074119758902593 0.9171204481621524 0.37988372795846403
  outer loop
    vertex 257.3723152716618 -436.45929214352645 7.7499999999949
    vertex 251.00325816277783 -436.76964472666833 10.523580981315947
    vertex 257.3723152716618 -437.6081470023297 10.523580981315947
  endloop
endfacet
facet normal 0.12074119758902019 -0.9171204481621508 0.3798837279584699
  outer loop
    vertex 257.37231527166296 -388.391852997681 10.523580981315947
    vertex 251.30060368029538 -390.34006385211825 7.7499999999949
    vertex 257.37231527166296 -389.5407078564845 7.7499999999949
  endloop
endfacet
facet normal 0.12074119758902019 -0.9171204481621508 0.3798837279584699
  outer loop
    vertex 251.30060368029538 -390.34006385211825 7.7499999999949
    vertex 257.37231527166296 -388.391852997681 10.523580981315947
    vertex 251.00325816277783 -389.23035527334264 10.523580981315947
  endloop
endfacet
facet normal 0.12942830799556435 -0.9831056027603601 0.12942830799556343
  outer loop
    vertex 370.4385639832648 -387.9318516525837 13.499999999994888
    vertex 369.9209258930604 -388.39185299768127 10.523580981315876
    vertex 370.53998300194417 -388.31035258314745 10.523580981315876
  endloop
endfacet
facet normal 0.12942830799556435 -0.9831056027603601 0.12942830799556343
  outer loop
    vertex 369.9209258930604 -388.39185299768127 10.523580981315876
    vertex 370.4385639832648 -387.9318516525837 13.499999999994888
    vertex 369.9209258930604 -388.0000000000055 13.499999999994888
  endloop
endfacet
facet normal 0.35399527968562655 -0.854620205233111 0.37988372795845055
  outer loop
    vertex 371.11685239189836 -388.07140545811086 10.523580981315876
    vertex 370.8373285194606 -389.4200611619231 7.7499999999949
    vertex 371.69127982130027 -389.06634295109546 7.7499999999949
  endloop
endfacet
facet normal 0.35399527968562655 -0.854620205233111 0.37988372795845055
  outer loop
    vertex 370.8373285194606 -389.4200611619231 7.7499999999949
    vertex 371.11685239189836 -388.07140545811086 10.523580981315876
    vertex 370.53998300194417 -388.31035258314745 10.523580981315876
  endloop
endfacet
facet normal -2.38779553515285e-16 0.9238795325112881 0.38268343236508623
  outer loop
    vertex 242.03337325709583 -383.6081470023299 10.523580981315876
    vertex 369.9209258930604 -382.4592921435266 7.7499999999949
    vertex 242.03337325709583 -382.4592921435266 7.749999999994828
  endloop
endfacet
facet normal -2.38779553515285e-16 0.9238795325112881 0.38268343236508623
  outer loop
    vertex 369.9209258930604 -382.4592921435266 7.7499999999949
    vertex 242.03337325709583 -383.6081470023299 10.523580981315876
    vertex 369.9209258930604 -383.6081470023299 10.523580981315876
  endloop
endfacet
facet normal -0.854620205232894 -0.3539952796855858 0.3798837279589772
  outer loop
    vertex 226.22195730813266 -399.64282867335226 10.523580981315876
    vertex 220.071344124932 -387.77035392824496 7.7499999999949
    vertex 225.11224872935526 -399.94017419086975 7.7499999999949
  endloop
endfacet
facet normal -0.854620205232894 -0.3539952796855858 0.3798837279589772
  outer loop
    vertex 220.071344124932 -387.77035392824496 7.7499999999949
    vertex 226.22195730813266 -399.64282867335226 10.523580981315876
    vertex 221.06628161791866 -387.1959264988416 10.523580981315876
  endloop
endfacet
facet normal 0.5631251684765225 -0.7338790076440947 0.3798837279584467
  outer loop
    vertex 371.61222136731806 -387.6912954742633 10.523580981315876
    vertex 371.69127982130027 -389.06634295109546 7.7499999999949
    vertex 372.4245844285768 -388.50365853552233 7.7499999999949
  endloop
endfacet
facet normal 0.5631251684765225 -0.7338790076440947 0.3798837279584467
  outer loop
    vertex 371.69127982130027 -389.06634295109546 7.7499999999949
    vertex 371.61222136731806 -387.6912954742633 10.523580981315876
    vertex 371.11685239189836 -388.07140545811086 10.523580981315876
  endloop
endfacet
facet normal 0.9171204481621548 0.12074119758902123 0.37988372795846026
  outer loop
    vertex 234.71237912377507 -419.0717115913726 7.7499999999949
    vertex 232.764168269338 -413.00000000000534 10.523580981315947
    vertex 233.60267054499877 -419.3690571088896 10.523580981315947
  endloop
endfacet
facet normal 0.9171204481621548 0.12074119758902123 0.37988372795846026
  outer loop
    vertex 232.764168269338 -413.00000000000534 10.523580981315947
    vertex 234.71237912377507 -419.0717115913726 7.7499999999949
    vertex 233.9130231281407 -413.00000000000534 7.7499999999949
  endloop
endfacet
facet normal 0.9831056027603576 0.12942830799558006 0.129428307995566
  outer loop
    vertex 372.23127847620185 -385.38094289112166 10.523580981315876
    vertex 371.92092589306 -386.00000000000546 13.499999999994888
    vertex 372.31277889073624 -386.00000000000546 10.523580981315876
  endloop
endfacet
facet normal 0.9831056027603576 0.12942830799558006 0.129428307995566
  outer loop
    vertex 371.92092589306 -386.00000000000546 13.499999999994888
    vertex 372.23127847620185 -385.38094289112166 10.523580981315876
    vertex 371.8527775456381 -385.48236190980043 13.499999999994888
  endloop
endfacet
facet normal 0.4790763990331181 0.6351419941505742 0.6058716457764736
  outer loop
    vertex 224.3743478239518 -377.92527127692745 7.7499999999949
    vertex 225.28812990388877 -376.3425542874295 5.368272016349507
    vertex 221.673762806857 -375.8882676506711 7.749999999994881
  endloop
endfacet
facet normal -0.48691550998768646 -0.37085040430134164 0.7908117751797595
  outer loop
    vertex 218.07307905298177 -388.9240355973319 5.000000000000218
    vertex 214.37999592437782 -383.2898123957905 5.368272016349633
    vertex 214.0426959981757 -383.6320728369786 5.000000000000218
  endloop
endfacet
facet normal -0.48691550998768646 -0.37085040430134164 0.7908117751797595
  outer loop
    vertex 214.37999592437782 -383.2898123957905 5.368272016349633
    vertex 218.07307905298177 -388.9240355973319 5.000000000000218
    vertex 218.4886271354344 -388.6841360081822 5.368272016349579
  endloop
endfacet
facet normal 0.48557340607816274 -0.37259357912775765 0.7908176098838587
  outer loop
    vertex 374.0562372829181 -390.13531138986315 5.000000000000218
    vertex 374.5699858336486 -388.6841360081828 5.368272016349579
    vertex 373.71686743907867 -389.795941546024 5.368272016349579
  endloop
endfacet
facet normal 0.48557340607816274 -0.37259357912775765 0.7908176098838587
  outer loop
    vertex 374.5699858336486 -388.6841360081828 5.368272016349579
    vertex 374.0562372829181 -390.13531138986315 5.000000000000218
    vertex 374.98562730939295 -388.92410672609054 5.000000000000218
  endloop
endfacet
facet normal 0.6314059586429737 -0.4844948324374559 0.6054678131259736
  outer loop
    vertex 374.5699858336486 -388.6841360081828 5.368272016349579
    vertex 372.4245844285768 -388.50365853552233 7.7499999999949
    vertex 373.71686743907867 -389.795941546024 5.368272016349579
  endloop
endfacet
facet normal 0.6314059586429737 -0.4844948324374559 0.6054678131259736
  outer loop
    vertex 372.4245844285768 -388.50365853552233 7.7499999999949
    vertex 374.5699858336486 -388.6841360081828 5.368272016349579
    vertex 372.98726884414987 -387.77035392824496 7.7499999999949
  endloop
endfacet
facet normal -0.6068156946318347 -0.07988880177348819 0.7908176098821272
  outer loop
    vertex 224.52410181949364 -413.00000000000585 5.000000000000218
    vertex 223.34695730813087 -400.4131826015932 5.368272016349579
    vertex 222.8833694801714 -400.53740058571543 5.000000000000218
  endloop
endfacet
facet normal -0.6068156946318347 -0.07988880177348819 0.7908176098821272
  outer loop
    vertex 223.34695730813087 -400.4131826015932 5.368272016349579
    vertex 224.52410181949364 -413.00000000000585 5.000000000000218
    vertex 225.00404325530747 -413.0000000000056 5.368272016349652
  endloop
endfacet
facet normal 0.99144486137381 -0.13052619222005546 1.7252089863884256e-15
  outer loop
    vertex 233.22416961443503 -406.5295238724423 13.49999999999496
    vertex 232.3723152716617 -413.0000000000056 96.50000000000544
    vertex 232.3723152716617 -413.0000000000056 13.49999999999496
  endloop
endfacet
facet normal 0.99144486137381 -0.13052619222005546 1.7252089863884256e-15
  outer loop
    vertex 232.3723152716617 -413.0000000000056 96.50000000000544
    vertex 233.22416961443503 -406.5295238724423 13.49999999999496
    vertex 233.22416961443503 -406.5295238724423 96.50000000000544
  endloop
endfacet
facet normal 0.3794645986871673 0.9161085805910729 0.129428307995572
  outer loop
    vertex 223.60399389571177 -379.2595634204482 13.499999999994888
    vertex 232.59504353948358 -382.56326805928484 10.523580981315876
    vertex 223.79992039454993 -378.92020876991205 10.523580981315876
  endloop
endfacet
facet normal 0.3794645986871673 0.9161085805910729 0.129428307995572
  outer loop
    vertex 232.59504353948358 -382.56326805928484 10.523580981315876
    vertex 223.60399389571177 -379.2595634204482 13.499999999994888
    vertex 232.49362452080535 -382.94176898984887 13.499999999994888
  endloop
endfacet
facet normal 0.916108580591066 0.37946459868718463 0.12942830799557153
  outer loop
    vertex 236.06103482758763 -425.3040735011673 10.523580981315947
    vertex 233.22416961443503 -419.4704761275687 13.49999999999496
    vertex 235.72168017705147 -425.5000000000051 13.49999999999496
  endloop
endfacet
facet normal 0.916108580591066 0.37946459868718463 0.12942830799557153
  outer loop
    vertex 233.22416961443503 -419.4704761275687 13.49999999999496
    vertex 236.06103482758763 -425.3040735011673 10.523580981315947
    vertex 233.60267054499877 -419.3690571088896 10.523580981315947
  endloop
endfacet
facet normal 0.7890610165044055 0.10388185357164771 0.605467813125977
  outer loop
    vertex 375.10627847620253 -384.6105889628821 5.368272016349579
    vertex 373.4616337495389 -386.0000000000057 7.7499999999949
    vertex 375.2891979094151 -386.0000000000057 5.368272016349579
  endloop
endfacet
facet normal 0.7890610165044055 0.10388185357164771 0.605467813125977
  outer loop
    vertex 373.4616337495389 -386.0000000000057 7.7499999999949
    vertex 375.10627847620253 -384.6105889628821 5.368272016349579
    vertex 373.3409870549781 -385.0835973736047 7.7499999999949
  endloop
endfacet
facet normal 0.12942830799556615 -0.98310560276036 0.1294283079955631
  outer loop
    vertex 257.37231527166296 -388.00000000000523 13.49999999999496
    vertex 251.00325816277783 -389.23035527334264 10.523580981315947
    vertex 257.37231527166296 -388.391852997681 10.523580981315947
  endloop
endfacet
facet normal 0.12942830799556615 -0.98310560276036 0.1294283079955631
  outer loop
    vertex 251.00325816277783 -389.23035527334264 10.523580981315947
    vertex 257.37231527166296 -388.00000000000523 13.49999999999496
    vertex 250.90183914409963 -388.85185434277855 13.49999999999496
  endloop
endfacet
facet normal -0.9161085805911428 -0.37946459868718946 0.1294283079950134
  outer loop
    vertex 226.6004582386941 -399.5414096546743 13.499999999994888
    vertex 221.06628161791866 -387.1959264988416 10.523580981315876
    vertex 226.22195730813266 -399.64282867335226 10.523580981315876
  endloop
endfacet
facet normal -0.9161085805911428 -0.37946459868718946 0.1294283079950134
  outer loop
    vertex 221.06628161791866 -387.1959264988416 10.523580981315876
    vertex 226.6004582386941 -399.5414096546743 13.499999999994888
    vertex 221.40563626845372 -387.0000000000043 13.499999999994888
  endloop
endfacet
facet normal 0.60364100407315 -0.7866802725955209 0.12942830799557128
  outer loop
    vertex 244.87231527166287 -391.3493649053941 13.49999999999496
    vertex 239.97172765388387 -395.59941238222626 10.523580981315947
    vertex 245.06824177050106 -391.6887195559306 10.523580981315947
  endloop
endfacet
facet normal 0.60364100407315 -0.7866802725955209 0.12942830799557128
  outer loop
    vertex 239.97172765388387 -395.59941238222626 10.523580981315947
    vertex 244.87231527166287 -391.3493649053941 13.49999999999496
    vertex 239.69464574199833 -395.3223304703416 13.49999999999496
  endloop
endfacet
facet normal -2.565687539087265e-15 -0.9999999999999999 -4.507224019832134e-30
  outer loop
    vertex 369.9209258930604 -388.0000000000055 96.50000000000551
    vertex 257.37231527166296 -388.00000000000523 13.49999999999496
    vertex 369.9209258930604 -388.0000000000055 13.499999999994888
  endloop
endfacet
facet normal -2.565687539087265e-15 -0.9999999999999999 -4.507224019832134e-30
  outer loop
    vertex 257.37231527166296 -388.00000000000523 13.49999999999496
    vertex 369.9209258930604 -388.0000000000055 96.50000000000551
    vertex 257.3723152716624 -388.00000000000523 96.50000000000544
  endloop
endfacet
facet normal 0.9238795325111188 0.3826834323654952 1.6070624926500172e-15
  outer loop
    vertex 371.6529767006294 -385.0000000000057 13.499999999994888
    vertex 371.8527775456381 -385.48236190980043 96.50000000000551
    vertex 371.8527775456381 -385.48236190980043 13.499999999994888
  endloop
endfacet
facet normal 0.9238795325111188 0.3826834323654952 1.6070624926500172e-15
  outer loop
    vertex 371.8527775456381 -385.48236190980043 96.50000000000551
    vertex 371.6529767006294 -385.0000000000057 13.499999999994888
    vertex 371.65297670062876 -385.0000000000057 96.50000000000551
  endloop
endfacet
facet normal 0.10388185357166152 0.7890610165044176 0.6054678131259588
  outer loop
    vertex 251.30060368029538 -435.65993614789267 7.7499999999949
    vertex 257.3723152716618 -434.6317279836508 5.368272016349652
    vertex 251.77361209101792 -433.8946447266682 5.368272016349652
  endloop
endfacet
facet normal 0.10388185357166152 0.7890610165044176 0.6054678131259588
  outer loop
    vertex 257.3723152716618 -434.6317279836508 5.368272016349652
    vertex 251.30060368029538 -435.65993614789267 7.7499999999949
    vertex 257.3723152716618 -436.45929214352645 7.7499999999949
  endloop
endfacet
facet normal 0.8546202052331191 0.3539952796856258 0.37988372795843356
  outer loop
    vertex 373.3409870549781 -385.0835973736047 7.7499999999949
    vertex 371.99233135116555 -384.8040735011678 10.523580981315876
    vertex 372.23127847620185 -385.38094289112166 10.523580981315876
  endloop
endfacet
facet normal 0.8546202052331191 0.3539952796856258 0.37988372795843356
  outer loop
    vertex 371.99233135116555 -384.8040735011678 10.523580981315876
    vertex 373.3409870549781 -385.0835973736047 7.7499999999949
    vertex 372.98726884414987 -384.2296460717662 7.7499999999949
  endloop
endfacet
facet normal 0.7866802725955182 0.603641004073152 0.12942830799557664
  outer loop
    vertex 239.9717276538827 -430.40058761778414 10.523580981315947
    vertex 235.72168017705147 -425.5000000000051 13.49999999999496
    vertex 239.69464574199833 -430.6776695296691 13.49999999999496
  endloop
endfacet
facet normal 0.7866802725955182 0.603641004073152 0.12942830799557664
  outer loop
    vertex 235.72168017705147 -425.5000000000051 13.49999999999496
    vertex 239.9717276538827 -430.40058761778414 10.523580981315947
    vertex 236.06103482758763 -425.3040735011673 10.523580981315947
  endloop
endfacet
facet normal 0.7933533402912705 0.6087614290086745 1.3805107730905122e-15
  outer loop
    vertex 235.72168017705147 -425.5000000000051 13.49999999999496
    vertex 239.69464574199833 -430.6776695296691 96.50000000000544
    vertex 239.69464574199833 -430.6776695296691 13.49999999999496
  endloop
endfacet
facet normal 0.7933533402912705 0.6087614290086745 1.3805107730905122e-15
  outer loop
    vertex 239.69464574199833 -430.6776695296691 96.50000000000544
    vertex 235.72168017705147 -425.5000000000051 13.49999999999496
    vertex 235.72168017705147 -425.5000000000051 96.50000000000544
  endloop
endfacet
facet normal 0.6314059586429834 -0.48449483243746433 0.6054678131259565
  outer loop
    vertex 242.07637372564443 -397.7040584539869 5.368272016349652
    vertex 237.05597232057195 -401.2703539282451 7.7499999999949
    vertex 238.63868931007073 -402.18413600818286 5.368272016349652
  endloop
endfacet
facet normal 0.6314059586429834 -0.48449483243746433 0.6054678131259565
  outer loop
    vertex 237.05597232057195 -401.2703539282451 7.7499999999949
    vertex 242.07637372564443 -397.7040584539869 5.368272016349652
    vertex 240.7840907151426 -396.4117754434853 7.7499999999949
  endloop
endfacet
facet normal 0.35399527968562433 0.8546202052331344 0.3798837279584002
  outer loop
    vertex 223.79992039454993 -378.92020876991205 10.523580981315876
    vertex 232.8923890570011 -381.45355948050945 7.7499999999949
    vertex 224.3743478239518 -377.92527127692745 7.7499999999949
  endloop
endfacet
facet normal 0.35399527968562433 0.8546202052331344 0.3798837279584002
  outer loop
    vertex 232.8923890570011 -381.45355948050945 7.7499999999949
    vertex 223.79992039454993 -378.92020876991205 10.523580981315876
    vertex 232.59504353948358 -382.56326805928484 10.523580981315876
  endloop
endfacet
facet normal 0.3045661840669358 -0.7352878122146328 0.6054678131259532
  outer loop
    vertex 251.30060368029538 -390.34006385211825 7.7499999999949
    vertex 246.55645127983993 -394.2663740384137 5.368272016349652
    vertex 251.77361209101792 -392.1053552733424 5.368272016349652
  endloop
endfacet
facet normal 0.3045661840669358 -0.7352878122146328 0.6054678131259532
  outer loop
    vertex 246.55645127983993 -394.2663740384137 5.368272016349652
    vertex 251.30060368029538 -390.34006385211825 7.7499999999949
    vertex 245.6426691999018 -392.6836570489155 7.749999999994972
  endloop
endfacet
facet normal 0.9171204481621553 -0.12074119758901984 0.37988372795845937
  outer loop
    vertex 234.71237912377507 -406.928288408638 7.7499999999949
    vertex 232.764168269338 -413.00000000000534 10.523580981315947
    vertex 233.9130231281407 -413.00000000000534 7.7499999999949
  endloop
endfacet
facet normal 0.9171204481621553 -0.12074119758901984 0.37988372795845937
  outer loop
    vertex 232.764168269338 -413.00000000000534 10.523580981315947
    vertex 234.71237912377507 -406.928288408638 7.7499999999949
    vertex 233.60267054499877 -406.63094289112144 10.523580981315947
  endloop
endfacet
facet normal 0.9171204481621618 0.12074119758903558 0.3798837279584388
  outer loop
    vertex 373.3409870549781 -385.0835973736047 7.7499999999949
    vertex 372.31277889073624 -386.00000000000546 10.523580981315876
    vertex 373.4616337495389 -386.0000000000057 7.7499999999949
  endloop
endfacet
facet normal 0.9171204481621618 0.12074119758903558 0.3798837279584388
  outer loop
    vertex 372.31277889073624 -386.00000000000546 10.523580981315876
    vertex 373.3409870549781 -385.0835973736047 7.7499999999949
    vertex 372.23127847620185 -385.38094289112166 10.523580981315876
  endloop
endfacet
facet normal 0.3826834323653378 0.9238795325111838 6.65746657691819e-16
  outer loop
    vertex 370.4385639832648 -384.06814834742744 96.50000000000551
    vertex 370.9209258930602 -384.2679491924368 13.499999999994888
    vertex 370.4385639832648 -384.06814834742744 13.499999999994888
  endloop
endfacet
facet normal 0.3826834323653378 0.9238795325111838 6.65746657691819e-16
  outer loop
    vertex 370.9209258930602 -384.2679491924368 13.499999999994888
    vertex 370.4385639832648 -384.06814834742744 96.50000000000551
    vertex 370.9209258930602 -384.2679491924368 96.50000000000551
  endloop
endfacet
facet normal 0.6087614290087957 0.7933533402911775 1.0593031733881318e-15
  outer loop
    vertex 239.69464574199833 -430.6776695296691 96.50000000000544
    vertex 244.87231527166287 -434.6506350946166 13.49999999999496
    vertex 239.69464574199833 -430.6776695296691 13.49999999999496
  endloop
endfacet
facet normal 0.6087614290087957 0.7933533402911775 1.0593031733881318e-15
  outer loop
    vertex 244.87231527166287 -434.6506350946166 13.49999999999496
    vertex 239.69464574199833 -430.6776695296691 96.50000000000544
    vertex 244.87231527166233 -434.6506350946166 96.50000000000544
  endloop
endfacet
facet normal 0.12942830799557212 0.9831056027603606 0.12942830799555136
  outer loop
    vertex 250.90183914409963 -437.1481456572321 13.49999999999496
    vertex 257.3723152716618 -437.6081470023297 10.523580981315947
    vertex 251.00325816277783 -436.76964472666833 10.523580981315947
  endloop
endfacet
facet normal 0.12942830799557212 0.9831056027603606 0.12942830799555136
  outer loop
    vertex 257.3723152716618 -437.6081470023297 10.523580981315947
    vertex 250.90183914409963 -437.1481456572321 13.49999999999496
    vertex 257.3723152716618 -438.0000000000054 13.49999999999496
  endloop
endfacet
facet normal 0.11025234196207316 0.9939036276681346 1.9148280601573693e-16
  outer loop
    vertex 232.4936245208048 -382.94176898984887 96.50000000000551
    vertex 242.03337325709583 -384.0000000000056 13.499999999994888
    vertex 232.49362452080535 -382.94176898984887 13.499999999994888
  endloop
endfacet
facet normal 0.11025234196207316 0.9939036276681346 1.9148280601573693e-16
  outer loop
    vertex 242.03337325709583 -384.0000000000056 13.499999999994888
    vertex 232.4936245208048 -382.94176898984887 96.50000000000551
    vertex 242.03337325709526 -384.0000000000056 96.50000000000551
  endloop
endfacet
facet normal 0.30456618406696867 0.7352878122147268 0.6054678131258224
  outer loop
    vertex 224.3743478239518 -377.92527127692745 7.7499999999949
    vertex 233.3653974677225 -379.6882680592856 5.368272016349507
    vertex 225.28812990388877 -376.3425542874295 5.368272016349507
  endloop
endfacet
facet normal 0.30456618406696867 0.7352878122147268 0.6054678131258224
  outer loop
    vertex 233.3653974677225 -379.6882680592856 5.368272016349507
    vertex 224.3743478239518 -377.92527127692745 7.7499999999949
    vertex 232.8923890570011 -381.45355948050945 7.7499999999949
  endloop
endfacet
facet normal 0.48449483243746194 -0.6314059586429879 0.605467813125954
  outer loop
    vertex 245.6426691999018 -392.6836570489155 7.749999999994972
    vertex 242.07637372564443 -397.7040584539869 5.368272016349652
    vertex 246.55645127983993 -394.2663740384137 5.368272016349652
  endloop
endfacet
facet normal 0.48449483243746194 -0.6314059586429879 0.605467813125954
  outer loop
    vertex 242.07637372564443 -397.7040584539869 5.368272016349652
    vertex 245.6426691999018 -392.6836570489155 7.749999999994972
    vertex 240.7840907151426 -396.4117754434853 7.7499999999949
  endloop
endfacet
facet normal 0.6028687581315606 0.7978403727995407 1.0480464465979026e-15
  outer loop
    vertex 220.5933512082402 -376.9846441758816 13.499999999994927
    vertex 223.60399389571177 -379.2595634204482 96.50000000000551
    vertex 223.60399389571177 -379.2595634204482 13.499999999994888
  endloop
endfacet
facet normal 0.6028687581315606 0.7978403727995407 1.0480464465979026e-15
  outer loop
    vertex 223.60399389571177 -379.2595634204482 96.50000000000551
    vertex 220.5933512082402 -376.9846441758816 13.499999999994927
    vertex 220.5933512082396 -376.9846441758816 96.50000000000551
  endloop
endfacet
facet normal 0.6087614290068442 -0.7933533402926751 1.0589234040826112e-15
  outer loop
    vertex 371.3351394554331 -387.41421356237873 96.50000000000551
    vertex 370.9209258930602 -387.73205080757435 13.499999999994888
    vertex 371.3351394554337 -387.41421356237873 13.499999999994888
  endloop
endfacet
facet normal 0.6087614290068442 -0.7933533402926751 1.0589234040826112e-15
  outer loop
    vertex 370.9209258930602 -387.73205080757435 13.499999999994888
    vertex 371.3351394554331 -387.41421356237873 96.50000000000551
    vertex 370.9209258930602 -387.73205080757435 96.50000000000551
  endloop
endfacet
facet normal 0.13052619222006728 -0.9914448613738083 2.270466445502428e-16
  outer loop
    vertex 370.4385639832648 -387.9318516525837 96.50000000000551
    vertex 369.9209258930604 -388.0000000000055 13.499999999994888
    vertex 370.4385639832648 -387.9318516525837 13.499999999994888
  endloop
endfacet
facet normal 0.13052619222006728 -0.9914448613738083 2.270466445502428e-16
  outer loop
    vertex 369.9209258930604 -388.0000000000055 13.499999999994888
    vertex 370.4385639832648 -387.9318516525837 96.50000000000551
    vertex 369.9209258930604 -388.0000000000055 96.50000000000551
  endloop
endfacet
facet normal -0.9949132503298106 -0.10073541739711907 -1.765702560585468e-15
  outer loop
    vertex 228.37231527166261 -413.0000000000056 96.50000000000544
    vertex 229.1383033692324 -420.56528068835274 15.159999999994799
    vertex 229.13830336923183 -420.56528068835274 94.8400000000056
  endloop
endfacet
facet normal -0.9949132503298106 -0.10073541739711907 -1.765702560585468e-15
  outer loop
    vertex 229.1383033692324 -420.56528068835274 15.159999999994799
    vertex 228.37231527166261 -413.0000000000056 96.50000000000544
    vertex 228.37231527166261 -413.0000000000056 13.49999999999496
  endloop
endfacet
facet normal 0.3794645986871689 0.9161085805910736 0.12942830799556157
  outer loop
    vertex 244.87231527166287 -434.6506350946166 13.49999999999496
    vertex 251.00325816277783 -436.76964472666833 10.523580981315947
    vertex 245.0682417704999 -434.3112804440804 10.523580981315947
  endloop
endfacet
facet normal 0.3794645986871689 0.9161085805910736 0.12942830799556157
  outer loop
    vertex 251.00325816277783 -436.76964472666833 10.523580981315947
    vertex 244.87231527166287 -434.6506350946166 13.49999999999496
    vertex 250.90183914409963 -437.1481456572321 13.49999999999496
  endloop
endfacet
facet normal -0.9999999999999999 0.0 -2.8876456781290482e-15
  outer loop
    vertex 305.0931781697735 -439.50000000000534 105.00000000000018
    vertex 305.0931781697735 -445.8482134521738 5.00000000000022
    vertex 305.0931781697735 -445.8482134521738 105.00000000000018
  endloop
endfacet
facet normal -0.9999999999999999 0.0 -2.8876456781290482e-15
  outer loop
    vertex 305.0931781697735 -445.8482134521738 5.00000000000022
    vertex 305.0931781697735 -439.50000000000534 105.00000000000018
    vertex 305.0931781697735 -439.50000000000534 5.00000000000022
  endloop
endfacet
facet normal -0.1305261922200583 -0.9914448613738094 -1.884802545106243e-16
  outer loop
    vertex 257.3723152716618 -439.50000000000534 105.00000000000018
    vertex 250.51361057644513 -438.5970343966656 5.000000000000235
    vertex 257.3723152716618 -439.50000000000534 5.000000000000218
  endloop
endfacet
facet normal -0.1305261922200583 -0.9914448613738094 -1.884802545106243e-16
  outer loop
    vertex 250.51361057644513 -438.5970343966656 5.000000000000235
    vertex 257.3723152716618 -439.50000000000534 105.00000000000018
    vertex 250.51361057644513 -438.5970343966656 105.00000000000018
  endloop
endfacet
facet normal -2.524235879373762e-15 0.9999999999999999 -4.3000286885716094e-30
  outer loop
    vertex 257.3723152716618 -438.0000000000054 13.49999999999496
    vertex 371.7691393452287 -438.0000000000052 96.5000000000056
    vertex 371.7691393452287 -438.0000000000052 13.49999999999482
  endloop
endfacet
facet normal -2.524235879373762e-15 0.9999999999999999 -4.3000286885716094e-30
  outer loop
    vertex 371.7691393452287 -438.0000000000052 96.5000000000056
    vertex 257.3723152716618 -438.0000000000054 13.49999999999496
    vertex 257.3723152716618 -438.0000000000054 96.50000000000544
  endloop
endfacet
facet normal 0.608761429008474 -0.7933533402914245 1.0593031733875722e-15
  outer loop
    vertex 244.87231527166287 -391.3493649053941 96.50000000000544
    vertex 239.69464574199833 -395.3223304703416 13.49999999999496
    vertex 244.87231527166287 -391.3493649053941 13.49999999999496
  endloop
endfacet
facet normal 0.608761429008474 -0.7933533402914245 1.0593031733875722e-15
  outer loop
    vertex 239.69464574199833 -395.3223304703416 13.49999999999496
    vertex 244.87231527166287 -391.3493649053941 96.50000000000544
    vertex 239.69464574199833 -395.3223304703416 96.50000000000544
  endloop
endfacet
facet normal -0.923879532511329 -0.38268343236498775 -1.607638845008775e-15
  outer loop
    vertex 221.40563626845372 -387.0000000000043 96.50000000000551
    vertex 226.6004582386941 -399.5414096546743 13.499999999994888
    vertex 226.6004582386935 -399.5414096546743 96.50000000000551
  endloop
endfacet
facet normal -0.923879532511329 -0.38268343236498775 -1.607638845008775e-15
  outer loop
    vertex 226.6004582386941 -399.5414096546743 13.499999999994888
    vertex 221.40563626845372 -387.0000000000043 96.50000000000551
    vertex 221.40563626845372 -387.0000000000043 13.499999999994888
  endloop
endfacet
facet normal 0.13052619222014752 -0.9914448613737976 2.266937926222118e-16
  outer loop
    vertex 257.3723152716624 -388.00000000000523 96.50000000000544
    vertex 250.90183914409963 -388.85185434277855 13.49999999999496
    vertex 257.37231527166296 -388.00000000000523 13.49999999999496
  endloop
endfacet
facet normal 0.13052619222014752 -0.9914448613737976 2.266937926222118e-16
  outer loop
    vertex 250.90183914409963 -388.85185434277855 13.49999999999496
    vertex 257.3723152716624 -388.00000000000523 96.50000000000544
    vertex 250.90183914409963 -388.85185434277855 96.50000000000544
  endloop
endfacet
facet normal 0.923879532511424 -0.3826834323647587 1.607375147858841e-15
  outer loop
    vertex 235.72168017705147 -400.50000000000557 13.49999999999496
    vertex 233.22416961443503 -406.5295238724423 96.50000000000544
    vertex 233.22416961443503 -406.5295238724423 13.49999999999496
  endloop
endfacet
facet normal 0.923879532511424 -0.3826834323647587 1.607375147858841e-15
  outer loop
    vertex 233.22416961443503 -406.5295238724423 96.50000000000544
    vertex 235.72168017705147 -400.50000000000557 13.49999999999496
    vertex 235.72168017705147 -400.50000000000557 96.50000000000544
  endloop
endfacet
facet normal 0.3826834323650799 -0.9238795325112908 6.659058130004071e-16
  outer loop
    vertex 250.90183914409963 -388.85185434277855 96.50000000000544
    vertex 244.87231527166287 -391.3493649053941 13.49999999999496
    vertex 250.90183914409963 -388.85185434277855 13.49999999999496
  endloop
endfacet
facet normal 0.3826834323650799 -0.9238795325112908 6.659058130004071e-16
  outer loop
    vertex 244.87231527166287 -391.3493649053941 13.49999999999496
    vertex 250.90183914409963 -388.85185434277855 96.50000000000544
    vertex 244.87231527166287 -391.3493649053941 96.50000000000544
  endloop
endfacet
facet normal 0.6087614290084766 0.7933533402914223 1.0589234040854505e-15
  outer loop
    vertex 370.9209258930602 -384.2679491924368 96.50000000000551
    vertex 371.3351394554337 -384.5857864376324 13.499999999994888
    vertex 370.9209258930602 -384.2679491924368 13.499999999994888
  endloop
endfacet
facet normal 0.6087614290084766 0.7933533402914223 1.0589234040854505e-15
  outer loop
    vertex 371.3351394554337 -384.5857864376324 13.499999999994888
    vertex 370.9209258930602 -384.2679491924368 96.50000000000551
    vertex 371.3351394554331 -384.5857864376324 96.50000000000551
  endloop
endfacet
facet normal 0.13052619221999567 0.9914448613738178 2.2704664455011827e-16
  outer loop
    vertex 369.92092589305986 -384.0000000000056 96.50000000000551
    vertex 370.4385639832648 -384.06814834742744 13.499999999994888
    vertex 369.9209258930604 -384.0000000000056 13.499999999994888
  endloop
endfacet
facet normal 0.13052619221999567 0.9914448613738178 2.2704664455011827e-16
  outer loop
    vertex 370.4385639832648 -384.06814834742744 13.499999999994888
    vertex 369.92092589305986 -384.0000000000056 96.50000000000551
    vertex 370.4385639832648 -384.06814834742744 96.50000000000551
  endloop
endfacet
facet normal 0.9238795325112874 -0.3826834323650882 1.6071585513767087e-15
  outer loop
    vertex 371.8527775456381 -386.51763809021065 13.499999999994888
    vertex 371.6529767006294 -387.00000000000546 96.50000000000551
    vertex 371.6529767006294 -387.00000000000546 13.499999999994888
  endloop
endfacet
facet normal 0.9238795325112874 -0.3826834323650882 1.6071585513767087e-15
  outer loop
    vertex 371.6529767006294 -387.00000000000546 96.50000000000551
    vertex 371.8527775456381 -386.51763809021065 13.499999999994888
    vertex 371.8527775456381 -386.51763809021065 96.50000000000551
  endloop
endfacet
facet normal 0.3826834323650838 0.9238795325112892 6.659058130004116e-16
  outer loop
    vertex 223.60399389571177 -379.2595634204482 96.50000000000551
    vertex 232.49362452080535 -382.94176898984887 13.499999999994888
    vertex 223.60399389571177 -379.2595634204482 13.499999999994888
  endloop
endfacet
facet normal 0.3826834323650838 0.9238795325112892 6.659058130004116e-16
  outer loop
    vertex 232.49362452080535 -382.94176898984887 13.499999999994888
    vertex 223.60399389571177 -379.2595634204482 96.50000000000551
    vertex 232.4936245208048 -382.94176898984887 96.50000000000551
  endloop
endfacet
facet normal -0.991444861373807 -0.13052619222007628 -1.7252089863884173e-15
  outer loop
    vertex 226.6004582386935 -399.5414096546743 96.50000000000551
    vertex 228.37231527166261 -413.0000000000056 13.49999999999496
    vertex 228.37231527166261 -413.0000000000056 96.50000000000544
  endloop
endfacet
facet normal -0.991444861373807 -0.13052619222007628 -1.7252089863884173e-15
  outer loop
    vertex 228.37231527166261 -413.0000000000056 13.49999999999496
    vertex 226.6004582386935 -399.5414096546743 96.50000000000551
    vertex 226.6004582386941 -399.5414096546743 13.499999999994888
  endloop
endfacet
facet normal 0.3826834323673947 -0.9238795325103321 6.657466576953973e-16
  outer loop
    vertex 370.9209258930602 -387.73205080757435 96.50000000000551
    vertex 370.4385639832648 -387.9318516525837 13.499999999994888
    vertex 370.9209258930602 -387.73205080757435 13.499999999994888
  endloop
endfacet
facet normal 0.3826834323673947 -0.9238795325103321 6.657466576953973e-16
  outer loop
    vertex 370.4385639832648 -387.9318516525837 13.499999999994888
    vertex 370.9209258930602 -387.73205080757435 96.50000000000551
    vertex 370.4385639832648 -387.9318516525837 96.50000000000551
  endloop
endfacet
facet normal 0.9914448613738089 0.1305261922200631 1.7243843167008575e-15
  outer loop
    vertex 232.3723152716617 -413.0000000000056 13.49999999999496
    vertex 233.22416961443503 -419.4704761275687 96.50000000000544
    vertex 233.22416961443503 -419.4704761275687 13.49999999999496
  endloop
endfacet
facet normal 0.9914448613738089 0.1305261922200631 1.7243843167008575e-15
  outer loop
    vertex 233.22416961443503 -419.4704761275687 96.50000000000544
    vertex 232.3723152716617 -413.0000000000056 13.49999999999496
    vertex 232.3723152716617 -413.0000000000056 96.50000000000544
  endloop
endfacet
facet normal 0.9914448613738083 0.13052619222006728 1.7246677969059505e-15
  outer loop
    vertex 371.8527775456381 -385.48236190980043 13.499999999994888
    vertex 371.92092589306 -386.00000000000546 96.50000000000551
    vertex 371.92092589306 -386.00000000000546 13.499999999994888
  endloop
endfacet
facet normal 0.9914448613738083 0.13052619222006728 1.7246677969059505e-15
  outer loop
    vertex 371.92092589306 -386.00000000000546 96.50000000000551
    vertex 371.8527775456381 -385.48236190980043 13.499999999994888
    vertex 371.8527775456381 -385.48236190980043 96.50000000000551
  endloop
endfacet
facet normal 0.9238795325112841 0.3826834323650963 1.607638845008703e-15
  outer loop
    vertex 233.22416961443503 -419.4704761275687 13.49999999999496
    vertex 235.72168017705147 -425.5000000000051 96.50000000000544
    vertex 235.72168017705147 -425.5000000000051 13.49999999999496
  endloop
endfacet
facet normal 0.9238795325112841 0.3826834323650963 1.607638845008703e-15
  outer loop
    vertex 235.72168017705147 -425.5000000000051 96.50000000000544
    vertex 233.22416961443503 -419.4704761275687 13.49999999999496
    vertex 233.22416961443503 -419.4704761275687 96.50000000000544
  endloop
endfacet
facet normal 0.9914448613738274 -0.1305261922199241 1.7246677969059839e-15
  outer loop
    vertex 371.92092589306 -386.00000000000546 13.499999999994888
    vertex 371.8527775456381 -386.51763809021065 96.50000000000551
    vertex 371.8527775456381 -386.51763809021065 13.499999999994888
  endloop
endfacet
facet normal 0.9914448613738274 -0.1305261922199241 1.7246677969059839e-15
  outer loop
    vertex 371.8527775456381 -386.51763809021065 96.50000000000551
    vertex 371.92092589306 -386.00000000000546 13.499999999994888
    vertex 371.92092589306 -386.00000000000546 96.50000000000551
  endloop
endfacet
facet normal -0.8112524406491334 -0.5846960556911808 -2.2971024461639187e-15
  outer loop
    vertex 231.72831272260464 -427.3901584726986 93.24640000000547
    vertex 231.75665121892905 -427.42947748996124 16.764180712039376
    vertex 231.75665121892845 -427.42947748996124 93.23581928796102
  endloop
endfacet
facet normal -0.8112524406491334 -0.5846960556911808 -2.2971024461639187e-15
  outer loop
    vertex 231.75665121892905 -427.42947748996124 16.764180712039376
    vertex 231.72831272260464 -427.3901584726986 93.24640000000547
    vertex 231.72831272260524 -427.3901584726986 16.753599999994933
  endloop
endfacet
facet normal -2.069068584313204e-15 -0.9999999999999999 -2.9592872139326567e-30
  outer loop
    vertex 305.0931781697735 -439.50000000000534 5.00000000000022
    vertex 257.3723152716618 -439.50000000000534 105.00000000000018
    vertex 257.3723152716618 -439.50000000000534 5.000000000000218
  endloop
endfacet
facet normal -2.069068584313204e-15 -0.9999999999999999 -2.9592872139326567e-30
  outer loop
    vertex 257.3723152716618 -439.50000000000534 105.00000000000018
    vertex 305.0931781697735 -439.50000000000534 5.00000000000022
    vertex 305.0931781697735 -439.50000000000534 105.00000000000018
  endloop
endfacet
facet normal -0.3826834323650877 -0.9238795325112875 -5.525961456652906e-16
  outer loop
    vertex 250.51361057644513 -438.5970343966656 105.00000000000018
    vertex 244.12231527166279 -435.949673200293 5.000000000000235
    vertex 250.51361057644513 -438.5970343966656 5.000000000000235
  endloop
endfacet
facet normal -0.3826834323650877 -0.9238795325112875 -5.525961456652906e-16
  outer loop
    vertex 244.12231527166279 -435.949673200293 5.000000000000235
    vertex 250.51361057644513 -438.5970343966656 105.00000000000018
    vertex 244.1223152716622 -435.949673200293 105.00000000000018
  endloop
endfacet
facet normal -0.7952710995194749 -0.6062539717553079 -2.0757717866501206e-15
  outer loop
    vertex 216.74654096277095 -380.88829761265623 96.50000000000551
    vertex 221.40563626845372 -387.0000000000043 13.499999999994888
    vertex 221.40563626845372 -387.0000000000043 96.50000000000551
  endloop
endfacet
facet normal -0.7952710995194749 -0.6062539717553079 -2.0757717866501206e-15
  outer loop
    vertex 221.40563626845372 -387.0000000000043 13.499999999994888
    vertex 216.74654096277095 -380.88829761265623 96.50000000000551
    vertex 216.74654096277152 -380.88829761265623 13.499999999994888
  endloop
endfacet
facet normal -3.406489375064609e-13 -0.9999999999999999 -5.567419189337428e-28
  outer loop
    vertex 235.32768698113154 -427.42947748996676 5.000000000000218
    vertex 221.858404808683 -427.42947748996124 5.283120146811324
    vertex 220.23662120917734 -427.42947748995573 5.000000000000218
  endloop
endfacet
facet normal -3.406489375064609e-13 -0.9999999999999999 -5.567419189337428e-28
  outer loop
    vertex 221.858404808683 -427.42947748996124 5.283120146811324
    vertex 235.32768698113154 -427.42947748996676 5.000000000000218
    vertex 223.2633207937658 -427.42947748996124 5.606626003447038
  endloop
endfacet
facet normal -3.406489375064609e-13 -0.9999999999999999 -5.567419189337428e-28
  outer loop
    vertex 223.2633207937658 -427.42947748996124 5.606626003447038
    vertex 235.32768698113154 -427.42947748996676 5.000000000000218
    vertex 224.45873578757724 -427.42947748996124 6.133808412071096
  endloop
endfacet
facet normal -3.406489375064609e-13 -0.9999999999999999 -5.567419189337428e-28
  outer loop
    vertex 224.45873578757724 -427.42947748996124 6.133808412071096
    vertex 235.32768698113154 -427.42947748996676 5.000000000000218
    vertex 226.05785711821758 -427.42947748996124 6.934034868045651
  endloop
endfacet
facet normal -3.406489375064609e-13 -0.9999999999999999 -5.567419189337428e-28
  outer loop
    vertex 226.05785711821758 -427.42947748996124 6.934034868045651
    vertex 235.32768698113154 -427.42947748996676 5.000000000000218
    vertex 226.79935856480046 -427.42947748996124 7.508156184198226
  endloop
endfacet
facet normal -3.406489375064609e-13 -0.9999999999999999 -5.567419189337428e-28
  outer loop
    vertex 226.79935856480046 -427.42947748996124 7.508156184198226
    vertex 235.32768698113154 -427.42947748996676 5.000000000000218
    vertex 228.43307422475849 -427.42947748996124 8.8770232410266
  endloop
endfacet
facet normal -3.406489375064609e-13 -0.9999999999999999 -5.567419189337428e-28
  outer loop
    vertex 228.43307422475849 -427.42947748996124 8.8770232410266
    vertex 235.32768698113154 -427.42947748996676 5.000000000000218
    vertex 230.2371062281841 -427.42947748996124 11.284265219135468
  endloop
endfacet
facet normal -3.406489375064609e-13 -0.9999999999999999 -5.567419189337428e-28
  outer loop
    vertex 230.2371062281841 -427.42947748996124 11.284265219135468
    vertex 235.32768698113154 -427.42947748996676 5.000000000000218
    vertex 231.3615717296443 -427.42947748996124 13.975611580289932
  endloop
endfacet
facet normal -3.406489375064609e-13 -0.9999999999999999 -5.567419189337428e-28
  outer loop
    vertex 231.3615717296443 -427.42947748996124 13.975611580289932
    vertex 235.32768698113154 -427.42947748996676 5.000000000000218
    vertex 231.75665121892905 -427.42947748996124 16.764180712039376
  endloop
endfacet
facet normal -3.406489375064609e-13 -0.9999999999999999 -5.567419189337428e-28
  outer loop
    vertex 231.75665121892905 -427.42947748996124 16.764180712039376
    vertex 235.32768698113154 -427.42947748996676 5.000000000000218
    vertex 235.32768698113094 -427.42947748996676 105.00000000000018
  endloop
endfacet
facet normal -3.406489375064609e-13 -0.9999999999999999 -5.567419189337428e-28
  outer loop
    vertex 228.43307422475849 -427.42947748996124 8.8770232410266
    vertex 230.2371062281841 -427.42947748996124 11.284265219135468
    vertex 230.04969425302852 -427.42947748996124 11.043796285058592
  endloop
endfacet
facet normal -3.406489375064609e-13 -0.9999999999999999 -5.567419189337428e-28
  outer loop
    vertex 230.2371062281841 -427.42947748996124 11.284265219135468
    vertex 231.3615717296443 -427.42947748996124 13.975611580289932
    vertex 231.33652349884477 -427.42947748996124 13.917317918199755
  endloop
endfacet
facet normal -3.406489375064609e-13 -0.9999999999999999 -5.567419189337428e-28
  outer loop
    vertex 231.3615717296443 -427.42947748996124 13.975611580289932
    vertex 231.75665121892905 -427.42947748996124 16.764180712039376
    vertex 231.66021018700286 -427.42947748996124 16.156284825830497
  endloop
endfacet
facet normal -3.406489375064609e-13 -0.9999999999999999 -5.567419189337428e-28
  outer loop
    vertex 231.75665121892905 -427.42947748996124 16.764180712039376
    vertex 235.32768698113094 -427.42947748996676 105.00000000000018
    vertex 231.75665121892845 -427.42947748996124 93.23581928796102
  endloop
endfacet
facet normal -3.406489375064609e-13 -0.9999999999999999 -5.567419189337428e-28
  outer loop
    vertex 231.75665121892845 -427.42947748996124 93.23581928796102
    vertex 235.32768698113094 -427.42947748996676 105.00000000000018
    vertex 231.66021018700226 -427.42947748996124 93.84371517416994
  endloop
endfacet
facet normal -3.406489375064609e-13 -0.9999999999999999 -5.567419189337428e-28
  outer loop
    vertex 231.66021018700226 -427.42947748996124 93.84371517416994
    vertex 235.32768698113094 -427.42947748996676 105.00000000000018
    vertex 231.3615717296443 -427.42947748996124 96.0243884197105
  endloop
endfacet
facet normal -3.406489375064609e-13 -0.9999999999999999 -5.567419189337428e-28
  outer loop
    vertex 231.3615717296443 -427.42947748996124 96.0243884197105
    vertex 235.32768698113094 -427.42947748996676 105.00000000000018
    vertex 231.33652349884417 -427.42947748996124 96.0826820818007
  endloop
endfacet
facet normal -3.406489375064609e-13 -0.9999999999999999 -5.567419189337428e-28
  outer loop
    vertex 231.33652349884417 -427.42947748996124 96.0826820818007
    vertex 235.32768698113094 -427.42947748996676 105.00000000000018
    vertex 230.2371062281841 -427.42947748996124 98.71573478086495
  endloop
endfacet
facet normal -3.406489375064609e-13 -0.9999999999999999 -5.567419189337428e-28
  outer loop
    vertex 230.2371062281841 -427.42947748996124 98.71573478086495
    vertex 235.32768698113094 -427.42947748996676 105.00000000000018
    vertex 230.04969425302852 -427.42947748996124 98.95620371494184
  endloop
endfacet
facet normal -3.406489375064609e-13 -0.9999999999999999 -5.567419189337428e-28
  outer loop
    vertex 230.04969425302852 -427.42947748996124 98.95620371494184
    vertex 235.32768698113094 -427.42947748996676 105.00000000000018
    vertex 228.43307422475849 -427.42947748996124 101.1229767589738
  endloop
endfacet
facet normal -3.406489375064609e-13 -0.9999999999999999 -5.567419189337428e-28
  outer loop
    vertex 228.43307422475849 -427.42947748996124 101.1229767589738
    vertex 235.32768698113094 -427.42947748996676 105.00000000000018
    vertex 226.79935856480046 -427.42947748996124 102.49184381580218
  endloop
endfacet
facet normal -3.406489375064609e-13 -0.9999999999999999 -5.567419189337428e-28
  outer loop
    vertex 226.79935856480046 -427.42947748996124 102.49184381580218
    vertex 235.32768698113094 -427.42947748996676 105.00000000000018
    vertex 226.05785711821758 -427.42947748996124 103.0659651319548
  endloop
endfacet
facet normal -3.406489375064609e-13 -0.9999999999999999 -5.567419189337428e-28
  outer loop
    vertex 226.05785711821758 -427.42947748996124 103.0659651319548
    vertex 235.32768698113094 -427.42947748996676 105.00000000000018
    vertex 224.45873578757724 -427.42947748996124 103.86619158792928
  endloop
endfacet
facet normal -3.406489375064609e-13 -0.9999999999999999 -5.567419189337428e-28
  outer loop
    vertex 224.45873578757724 -427.42947748996124 103.86619158792928
    vertex 235.32768698113094 -427.42947748996676 105.00000000000018
    vertex 223.2633207937658 -427.42947748996124 104.39337399655338
  endloop
endfacet
facet normal -3.406489375064609e-13 -0.9999999999999999 -5.567419189337428e-28
  outer loop
    vertex 223.2633207937658 -427.42947748996124 104.39337399655338
    vertex 235.32768698113094 -427.42947748996676 105.00000000000018
    vertex 221.858404808683 -427.42947748996124 104.71687985318911
  endloop
endfacet
facet normal -3.406489375064609e-13 -0.9999999999999999 -5.567419189337428e-28
  outer loop
    vertex 221.858404808683 -427.42947748996124 104.71687985318911
    vertex 235.32768698113094 -427.42947748996676 105.00000000000018
    vertex 220.23662120917734 -427.42947748995573 105.00000000000018
  endloop
endfacet
facet normal 0.7933533402911372 -0.6087614290088484 1.3811249367608387e-15
  outer loop
    vertex 239.69464574199833 -395.3223304703416 13.49999999999496
    vertex 235.72168017705147 -400.50000000000557 96.50000000000544
    vertex 235.72168017705147 -400.50000000000557 13.49999999999496
  endloop
endfacet
facet normal 0.7933533402911372 -0.6087614290088484 1.3811249367608387e-15
  outer loop
    vertex 235.72168017705147 -400.50000000000557 96.50000000000544
    vertex 239.69464574199833 -395.3223304703416 13.49999999999496
    vertex 239.69464574199833 -395.3223304703416 96.50000000000544
  endloop
endfacet
facet normal 0.7933533402910424 -0.6087614290089717 1.3801808230965419e-15
  outer loop
    vertex 371.6529767006294 -387.00000000000546 13.499999999994888
    vertex 371.3351394554331 -387.41421356237873 96.50000000000551
    vertex 371.3351394554337 -387.41421356237873 13.499999999994888
  endloop
endfacet
facet normal 0.7933533402910424 -0.6087614290089717 1.3801808230965419e-15
  outer loop
    vertex 371.3351394554331 -387.41421356237873 96.50000000000551
    vertex 371.6529767006294 -387.00000000000546 13.499999999994888
    vertex 371.6529767006294 -387.00000000000546 96.50000000000551
  endloop
endfacet
facet normal 0.48557340608216615 0.3725935791314243 0.7908176098796731
  outer loop
    vertex 242.07637372564332 -428.29594154602387 5.368272016349652
    vertex 239.05433078581328 -423.57589327392265 5.000000000000218
    vertex 238.63868931007073 -423.8158639918278 5.368272016349652
  endloop
endfacet
facet normal 0.48557340608216615 0.3725935791314243 0.7908176098796731
  outer loop
    vertex 239.05433078581328 -423.57589327392265 5.000000000000218
    vertex 242.07637372564332 -428.29594154602387 5.368272016349652
    vertex 242.41574356947638 -427.9565717021922 5.000000000000218
  endloop
endfacet
facet normal 0.12942830799553517 0.9831056027603645 0.12942830799555877
  outer loop
    vertex 369.9209258930604 -384.0000000000056 13.499999999994888
    vertex 370.53998300194417 -383.6896474168637 10.523580981315876
    vertex 369.9209258930604 -383.6081470023299 10.523580981315876
  endloop
endfacet
facet normal 0.12942830799553517 0.9831056027603645 0.12942830799555877
  outer loop
    vertex 370.53998300194417 -383.6896474168637 10.523580981315876
    vertex 369.9209258930604 -384.0000000000056 13.499999999994888
    vertex 370.4385639832648 -384.06814834742744 13.499999999994888
  endloop
endfacet
facet normal 0.08713677269408442 0.7919757324519304 0.6043025914653087
  outer loop
    vertex 232.8923890570011 -381.45355948050945 7.7499999999949
    vertex 242.03337325709583 -382.4592921435266 7.749999999994828
    vertex 233.3653974677225 -379.6882680592856 5.368272016349507
  endloop
endfacet
facet normal -0.7890610165043922 -0.10388185357162905 0.6054678131259975
  outer loop
    vertex 225.11224872935526 -399.94017419086975 7.7499999999949
    vertex 225.00404325530747 -413.0000000000056 5.368272016349652
    vertex 226.83160741518364 -413.0000000000056 7.749999999994972
  endloop
endfacet
facet normal -0.7890610165043922 -0.10388185357162905 0.6054678131259975
  outer loop
    vertex 225.00404325530747 -413.0000000000056 5.368272016349652
    vertex 225.11224872935526 -399.94017419086975 7.7499999999949
    vertex 223.34695730813087 -400.4131826015932 5.368272016349579
  endloop
endfacet
facet normal 0.5631251684764973 -0.7338790076440982 0.37988372795847686
  outer loop
    vertex 245.6426691999018 -392.6836570489155 7.749999999994972
    vertex 239.97172765388387 -395.59941238222626 10.523580981315947
    vertex 240.7840907151426 -396.4117754434853 7.7499999999949
  endloop
endfacet
facet normal 0.5631251684764973 -0.7338790076440982 0.37988372795847686
  outer loop
    vertex 239.97172765388387 -395.59941238222626 10.523580981315947
    vertex 245.6426691999018 -392.6836570489155 7.749999999994972
    vertex 245.06824177050106 -391.6887195559306 10.523580981315947
  endloop
endfacet
facet normal 0.3678829809255927 0.48915649364874814 0.7908147931510654
  outer loop
    vertex 225.28812990388877 -376.3425542874295 5.368272016349507
    vertex 223.2920692538078 -374.2459903489186 5.000000000000218
    vertex 222.95533056627534 -374.5877625388309 5.368272016349453
  endloop
endfacet
facet normal 0.3678829809255927 0.48915649364874814 0.7908147931510654
  outer loop
    vertex 223.2920692538078 -374.2459903489186 5.000000000000218
    vertex 225.28812990388877 -376.3425542874295 5.368272016349507
    vertex 225.5279182650508 -375.92715533526444 5.000000000000218
  endloop
endfacet
facet normal -0.608761429008716 -0.7933533402912388 -8.790535227011847e-16
  outer loop
    vertex 244.12231527166279 -435.949673200293 5.000000000000235
    vertex 238.6339855702184 -431.738329701449 105.00000000000018
    vertex 238.6339855702184 -431.738329701449 5.000000000000218
  endloop
endfacet
facet normal -0.608761429008716 -0.7933533402912388 -8.790535227011847e-16
  outer loop
    vertex 238.6339855702184 -431.738329701449 105.00000000000018
    vertex 244.12231527166279 -435.949673200293 5.000000000000235
    vertex 244.1223152716622 -435.949673200293 105.00000000000018
  endloop
endfacet
facet normal 0.789061016504406 -0.10388185357164924 0.6054678131259763
  outer loop
    vertex 375.2891979094151 -386.0000000000057 5.368272016349579
    vertex 373.3409870549781 -386.91640262640647 7.7499999999949
    vertex 375.10627847620253 -387.38941103712904 5.368272016349579
  endloop
endfacet
facet normal 0.789061016504406 -0.10388185357164924 0.6054678131259763
  outer loop
    vertex 373.3409870549781 -386.91640262640647 7.7499999999949
    vertex 375.2891979094151 -386.0000000000057 5.368272016349579
    vertex 373.4616337495389 -386.0000000000057 7.7499999999949
  endloop
endfacet
facet normal -1.0360263861929887e-15 0.6087614290087638 0.793353340291202
  outer loop
    vertex 371.7691393452287 -434.63172798365053 5.368272016349507
    vertex 257.3723152716618 -434.151786547837 5.000000000000218
    vertex 257.3723152716618 -434.6317279836508 5.368272016349652
  endloop
endfacet
facet normal -1.0360263861929887e-15 0.6087614290087638 0.793353340291202
  outer loop
    vertex 257.3723152716618 -434.151786547837 5.000000000000218
    vertex 371.7691393452287 -434.63172798365053 5.368272016349507
    vertex 371.7691393452287 -434.15178654783676 5.000000000000218
  endloop
endfacet
facet normal -0.7933533402909048 -0.6087614290091512 -1.145604854869157e-15
  outer loop
    vertex 235.32768698113094 -427.42947748996676 105.00000000000018
    vertex 238.6339855702184 -431.738329701449 5.000000000000218
    vertex 238.6339855702184 -431.738329701449 105.00000000000018
  endloop
endfacet
facet normal -0.7933533402909048 -0.6087614290091512 -1.145604854869157e-15
  outer loop
    vertex 238.6339855702184 -431.738329701449 5.000000000000218
    vertex 235.32768698113094 -427.42947748996676 105.00000000000018
    vertex 235.32768698113154 -427.42947748996676 5.000000000000218
  endloop
endfacet
facet normal 0.08603184451999815 0.7904118936645095 0.6065043776282004
  outer loop
    vertex 242.03337325709583 -382.4592921435266 7.749999999994828
    vertex 242.03337325709583 -380.6317279836513 5.368272016349579
    vertex 233.3653974677225 -379.6882680592856 5.368272016349507
  endloop
endfacet
facet normal 0.6036410040731578 0.7866802725955163 0.1294283079955613
  outer loop
    vertex 370.9209258930602 -384.2679491924368 13.499999999994888
    vertex 371.61222136731806 -384.30870452574777 10.523580981315876
    vertex 371.11685239189836 -383.9285945419003 10.523580981315876
  endloop
endfacet
facet normal 0.6036410040731578 0.7866802725955163 0.1294283079955613
  outer loop
    vertex 371.61222136731806 -384.30870452574777 10.523580981315876
    vertex 370.9209258930602 -384.2679491924368 13.499999999994888
    vertex 371.3351394554337 -384.5857864376324 13.499999999994888
  endloop
endfacet
facet normal 0.0 0.9999999999999999 0.0
  outer loop
    vertex 242.03337325709526 -384.0000000000056 96.50000000000551
    vertex 369.9209258930604 -384.0000000000056 13.499999999994888
    vertex 242.03337325709583 -384.0000000000056 13.499999999994888
  endloop
endfacet
facet normal 0.0 0.9999999999999999 0.0
  outer loop
    vertex 369.9209258930604 -384.0000000000056 13.499999999994888
    vertex 242.03337325709526 -384.0000000000056 96.50000000000551
    vertex 369.92092589305986 -384.0000000000056 96.50000000000551
  endloop
endfacet
facet normal 0.0 0.0 0.9999999999999999
  outer loop
    vertex 364.4372814767639 -386.0000000000057 95.00000000000023
    vertex 364.4372814767639 -385.6117714323518 95.00000000000023
    vertex 364.41172584648046 -385.80588571617875 95.00000000000023
  endloop
endfacet
facet normal 0.0 0.0 0.9999999999999999
  outer loop
    vertex 364.4372814767639 -385.6117714323518 95.00000000000023
    vertex 364.4372814767639 -386.0000000000057 95.00000000000023
    vertex 364.5122067936422 -386.18088571617886 95.00000000000023
  endloop
endfacet
facet normal 0.0 0.0 0.9999999999999999
  outer loop
    vertex 364.4372814767639 -385.6117714323518 95.00000000000023
    vertex 364.5122067936422 -386.18088571617886 95.00000000000023
    vertex 364.5122067936422 -385.4308857161787 95.00000000000023
  endloop
endfacet
facet normal 0.0 0.0 0.9999999999999999
  outer loop
    vertex 364.5122067936422 -385.4308857161787 95.00000000000023
    vertex 364.5122067936422 -386.18088571617886 95.00000000000023
    vertex 364.6313957605906 -386.33621580206875 95.00000000000023
  endloop
endfacet
facet normal 0.0 0.0 0.9999999999999999
  outer loop
    vertex 364.5122067936422 -385.4308857161787 95.00000000000023
    vertex 364.6313957605906 -386.33621580206875 95.00000000000023
    vertex 364.6313957605906 -385.27555563028875 95.00000000000023
  endloop
endfacet
facet normal 0.0 0.0 0.9999999999999999
  outer loop
    vertex 364.6313957605906 -385.27555563028875 95.00000000000023
    vertex 364.6313957605906 -386.33621580206875 95.00000000000023
    vertex 364.7867258464811 -386.45540476901715 95.00000000000023
  endloop
endfacet
facet normal 0.0 0.0 0.9999999999999999
  outer loop
    vertex 364.6313957605906 -385.27555563028875 95.00000000000023
    vertex 364.7867258464811 -386.45540476901715 95.00000000000023
    vertex 364.78672584648046 -385.1563666633404 95.00000000000023
  endloop
endfacet
facet normal 0.0 0.0 0.9999999999999999
  outer loop
    vertex 364.78672584648046 -385.1563666633404 95.00000000000023
    vertex 364.7867258464811 -386.45540476901715 95.00000000000023
    vertex 364.9676115626539 -385.0814413464618 95.00000000000023
  endloop
endfacet
facet normal 0.0 0.0 0.9999999999999999
  outer loop
    vertex 364.9676115626539 -385.0814413464618 95.00000000000023
    vertex 364.7867258464811 -386.45540476901715 95.00000000000023
    vertex 364.9676115626539 -386.5303300858954 95.00000000000023
  endloop
endfacet
facet normal 0.0 0.0 0.9999999999999999
  outer loop
    vertex 364.9676115626539 -385.0814413464618 95.00000000000023
    vertex 364.9676115626539 -386.5303300858954 95.00000000000023
    vertex 365.1617258464806 -386.5558857161786 95.00000000000023
  endloop
endfacet
facet normal 0.0 0.0 0.9999999999999999
  outer loop
    vertex 364.9676115626539 -385.0814413464618 95.00000000000023
    vertex 365.1617258464806 -386.5558857161786 95.00000000000023
    vertex 365.1617258464806 -385.05588571617864 95.00000000000023
  endloop
endfacet
facet normal 0.0 0.0 0.9999999999999999
  outer loop
    vertex 365.1617258464806 -385.05588571617864 95.00000000000023
    vertex 365.1617258464806 -386.5558857161786 95.00000000000023
    vertex 365.35584013030723 -386.5303300858954 95.00000000000023
  endloop
endfacet
facet normal 0.0 0.0 0.9999999999999999
  outer loop
    vertex 365.1617258464806 -385.05588571617864 95.00000000000023
    vertex 365.35584013030723 -386.5303300858954 95.00000000000023
    vertex 365.35584013030723 -385.0814413464618 95.00000000000023
  endloop
endfacet
facet normal 0.0 0.0 0.9999999999999999
  outer loop
    vertex 365.35584013030723 -385.0814413464618 95.00000000000023
    vertex 365.35584013030723 -386.5303300858954 95.00000000000023
    vertex 365.53672584648064 -386.45540476901715 95.00000000000023
  endloop
endfacet
facet normal 0.0 0.0 0.9999999999999999
  outer loop
    vertex 365.35584013030723 -385.0814413464618 95.00000000000023
    vertex 365.53672584648064 -386.45540476901715 95.00000000000023
    vertex 365.53672584648 -385.1563666633404 95.00000000000023
  endloop
endfacet
facet normal 0.0 0.0 0.9999999999999999
  outer loop
    vertex 365.53672584648 -385.1563666633404 95.00000000000023
    vertex 365.53672584648064 -386.45540476901715 95.00000000000023
    vertex 365.6920559323706 -385.27555563028875 95.00000000000023
  endloop
endfacet
facet normal 0.0 0.0 0.9999999999999999
  outer loop
    vertex 365.6920559323706 -385.27555563028875 95.00000000000023
    vertex 365.53672584648064 -386.45540476901715 95.00000000000023
    vertex 365.6920559323706 -386.33621580206875 95.00000000000023
  endloop
endfacet
facet normal 0.0 0.0 0.9999999999999999
  outer loop
    vertex 365.6920559323706 -385.27555563028875 95.00000000000023
    vertex 365.6920559323706 -386.33621580206875 95.00000000000023
    vertex 365.8112448993189 -386.18088571617886 95.00000000000023
  endloop
endfacet
facet normal 0.0 0.0 0.9999999999999999
  outer loop
    vertex 365.6920559323706 -385.27555563028875 95.00000000000023
    vertex 365.8112448993189 -386.18088571617886 95.00000000000023
    vertex 365.8112448993189 -385.4308857161787 95.00000000000023
  endloop
endfacet
facet normal 0.0 0.0 0.9999999999999999
  outer loop
    vertex 365.8112448993189 -385.4308857161787 95.00000000000023
    vertex 365.8112448993189 -386.18088571617886 95.00000000000023
    vertex 365.8861702161972 -386.0000000000057 95.00000000000023
  endloop
endfacet
facet normal 0.0 0.0 0.9999999999999999
  outer loop
    vertex 365.8112448993189 -385.4308857161787 95.00000000000023
    vertex 365.8861702161972 -386.0000000000057 95.00000000000023
    vertex 365.8861702161972 -385.6117714323518 95.00000000000023
  endloop
endfacet
facet normal 0.0 0.0 0.9999999999999999
  outer loop
    vertex 365.8861702161972 -385.6117714323518 95.00000000000023
    vertex 365.8861702161972 -386.0000000000057 95.00000000000023
    vertex 365.9117258464807 -385.80588571617875 95.00000000000023
  endloop
endfacet
facet normal -0.7933533402910202 -0.6087614290090009 -2.148009102879982e-15
  outer loop
    vertex 365.6920559323706 -385.27555563028875 105.00000000000018
    vertex 365.8112448993189 -385.4308857161787 95.00000000000023
    vertex 365.8112448993189 -385.4308857161787 105.00000000000018
  endloop
endfacet
facet normal -0.7933533402910202 -0.6087614290090009 -2.148009102879982e-15
  outer loop
    vertex 365.8112448993189 -385.4308857161787 95.00000000000023
    vertex 365.6920559323706 -385.27555563028875 105.00000000000018
    vertex 365.6920559323706 -385.27555563028875 95.00000000000023
  endloop
endfacet
facet normal 0.13052619222069375 0.9914448613737258 1.5963578861002767e-14
  outer loop
    vertex 364.9676115626539 -386.5303300858954 105.00000000000018
    vertex 365.1617258464806 -386.5558857161786 95.00000000000023
    vertex 364.9676115626539 -386.5303300858954 95.00000000000023
  endloop
endfacet
facet normal 0.13052619222069375 0.9914448613737258 1.5963578861002767e-14
  outer loop
    vertex 365.1617258464806 -386.5558857161786 95.00000000000023
    vertex 364.9676115626539 -386.5303300858954 105.00000000000018
    vertex 365.1617258464806 -386.55588571617886 105.00000000000018
  endloop
endfacet
facet normal -0.9238795325114112 0.38268343236478936 -1.0102564864064377e-14
  outer loop
    vertex 365.8861702161972 -386.00000000000597 105.00000000000018
    vertex 365.8112448993189 -386.18088571617886 95.00000000000023
    vertex 365.8112448993183 -386.1808857161794 105.00000000000018
  endloop
endfacet
facet normal -0.9238795325114112 0.38268343236478936 -1.0102564864064377e-14
  outer loop
    vertex 365.8112448993189 -386.18088571617886 95.00000000000023
    vertex 365.8861702161972 -386.00000000000597 105.00000000000018
    vertex 365.8861702161972 -386.0000000000057 95.00000000000023
  endloop
endfacet
facet normal -0.9365313764637008 -0.32628116111002403 -0.1282559347698981
  outer loop
    vertex 228.774942475892 -420.66264294628405 97.69736225793721
    vertex 231.66021018700226 -427.42947748996124 93.84371517416994
    vertex 231.3615717296443 -427.42947748996124 96.0243884197105
  endloop
endfacet
facet normal -0.9365313764637008 -0.32628116111002403 -0.1282559347698981
  outer loop
    vertex 231.66021018700226 -427.42947748996124 93.84371517416994
    vertex 228.774942475892 -420.66264294628405 97.69736225793721
    vertex 231.72831272260464 -427.3901584726986 93.24640000000547
  endloop
endfacet
facet normal 0.9914448613736357 0.13052619222137868 -4.987105900290376e-15
  outer loop
    vertex 364.4372814767639 -386.0000000000057 95.00000000000023
    vertex 364.41172584648046 -385.8058857161793 105.00000000000018
    vertex 364.4372814767639 -386.0000000000063 105.00000000000018
  endloop
endfacet
facet normal 0.9914448613736357 0.13052619222137868 -4.987105900290376e-15
  outer loop
    vertex 364.41172584648046 -385.8058857161793 105.00000000000018
    vertex 364.4372814767639 -386.0000000000057 95.00000000000023
    vertex 364.41172584648046 -385.80588571617875 95.00000000000023
  endloop
endfacet
facet normal 0.6065840476599442 -0.790515721671296 0.08450258525624295
  outer loop
    vertex 359.0986020954864 -383.92567926477733 105.00000000000018
    vertex 358.76992623396217 -384.3916721538058 103.00000000000021
    vertex 359.18413979633567 -384.07383490861014 103.00000000000021
  endloop
endfacet
facet normal 0.6065840476599442 -0.790515721671296 0.08450258525624295
  outer loop
    vertex 358.76992623396217 -384.3916721538058 103.00000000000021
    vertex 359.0986020954864 -383.92567926477733 105.00000000000018
    vertex 358.64895765732734 -384.2707035771713 105.00000000000018
  endloop
endfacet
facet normal 0.6087614290094963 -0.79335334029064 1.4501651146153005e-14
  outer loop
    vertex 364.78672584648046 -385.1563666633401 105.00000000000018
    vertex 364.6313957605906 -385.27555563028875 95.00000000000023
    vertex 364.78672584648046 -385.1563666633404 95.00000000000023
  endloop
endfacet
facet normal 0.6087614290094963 -0.79335334029064 1.4501651146153005e-14
  outer loop
    vertex 364.6313957605906 -385.27555563028875 95.00000000000023
    vertex 364.78672584648046 -385.1563666633401 105.00000000000018
    vertex 364.63139576059 -385.2755556302894 105.00000000000018
  endloop
endfacet
facet normal 0.7933533402909979 -0.6087614290090299 2.4979371152404245e-14
  outer loop
    vertex 364.5122067936422 -385.4308857161787 95.00000000000023
    vertex 364.63139576059 -385.2755556302894 105.00000000000018
    vertex 364.51220679364167 -385.4308857161793 105.00000000000018
  endloop
endfacet
facet normal 0.7933533402909979 -0.6087614290090299 2.4979371152404245e-14
  outer loop
    vertex 364.63139576059 -385.2755556302894 105.00000000000018
    vertex 364.5122067936422 -385.4308857161787 95.00000000000023
    vertex 364.6313957605906 -385.27555563028875 95.00000000000023
  endloop
endfacet
facet normal -0.7357159131515917 -0.5607270075403241 -0.3798780306235053
  outer loop
    vertex 215.6640409403077 -381.9867934217423 102.25000000000544
    vertex 221.06628161791807 -387.1959264988416 99.47641901868454
    vertex 220.071344124932 -387.77035392824496 102.25000000000551
  endloop
endfacet
facet normal -0.7357159131515917 -0.5607270075403241 -0.3798780306235053
  outer loop
    vertex 221.06628161791807 -387.1959264988416 99.47641901868454
    vertex 215.6640409403077 -381.9867934217423 102.25000000000544
    vertex 216.47122538168932 -381.16768145165764 99.47641901868454
  endloop
endfacet
facet normal 0.37259357912952706 0.48557340607931143 -0.7908176098823199
  outer loop
    vertex 372.8450326191441 -380.9352985836735 105.00000000000018
    vertex 373.71686743907867 -382.20405845398716 104.63172798365082
    vertex 372.60506190123715 -381.3509400594172 104.63172798365082
  endloop
endfacet
facet normal 0.37259357912952706 0.48557340607931143 -0.7908176098823199
  outer loop
    vertex 373.71686743907867 -382.20405845398716 104.63172798365082
    vertex 372.8450326191441 -380.9352985836735 105.00000000000018
    vertex 374.0562372829152 -381.8646886101506 105.00000000000018
  endloop
endfacet
facet normal -0.991444861373743 0.13052619222056328 -1.0545472735222981e-14
  outer loop
    vertex 365.9117258464807 -385.80588571617903 105.00000000000018
    vertex 365.8861702161972 -386.0000000000057 95.00000000000023
    vertex 365.8861702161972 -386.00000000000597 105.00000000000018
  endloop
endfacet
facet normal -0.991444861373743 0.13052619222056328 -1.0545472735222981e-14
  outer loop
    vertex 365.8861702161972 -386.0000000000057 95.00000000000023
    vertex 365.9117258464807 -385.80588571617903 105.00000000000018
    vertex 365.9117258464807 -385.80588571617875 95.00000000000023
  endloop
endfacet
facet normal -0.790515721671406 -0.6065840476598011 0.08450258525623977
  outer loop
    vertex 362.0643462477369 -384.7203480153302 105.00000000000018
    vertex 361.5983533587087 -384.3916721538058 103.00000000000021
    vertex 361.9161906039044 -384.805885716179 103.00000000000021
  endloop
endfacet
facet normal -0.790515721671406 -0.6065840476598011 0.08450258525623977
  outer loop
    vertex 361.5983533587087 -384.3916721538058 103.00000000000021
    vertex 362.0643462477369 -384.7203480153302 105.00000000000018
    vertex 361.71932193534354 -384.2707035771713 105.00000000000018
  endloop
endfacet
facet normal -0.9205750556395695 -0.3813146732283107 0.08450258525625287
  outer loop
    vertex 362.2812375976561 -385.24397005386624 105.00000000000018
    vertex 361.9161906039044 -384.805885716179 103.00000000000021
    vertex 362.1159914489131 -385.28824762597407 103.00000000000021
  endloop
endfacet
facet normal -0.9205750556395695 -0.3813146732283107 0.08450258525625287
  outer loop
    vertex 361.9161906039044 -384.805885716179 103.00000000000021
    vertex 362.2812375976561 -385.24397005386624 105.00000000000018
    vertex 362.0643462477369 -384.7203480153302 105.00000000000018
  endloop
endfacet
facet normal 0.3813146732281522 0.9205750556396293 0.0845025852563147
  outer loop
    vertex 359.0986020954864 -387.6860921675808 105.00000000000018
    vertex 359.66650170612985 -387.737737368757 103.00000000000021
    vertex 359.18413979633567 -387.537936523748 103.00000000000021
  endloop
endfacet
facet normal 0.3813146732281522 0.9205750556396293 0.0845025852563147
  outer loop
    vertex 359.66650170612985 -387.737737368757 103.00000000000021
    vertex 359.0986020954864 -387.6860921675808 105.00000000000018
    vertex 359.6222241340223 -387.90298351749965 105.00000000000018
  endloop
endfacet
facet normal -0.7933533402904174 0.6087614290097866 -9.287145363352932e-15
  outer loop
    vertex 365.6920559323706 -386.33621580206847 105.00000000000018
    vertex 365.8112448993189 -386.18088571617886 95.00000000000023
    vertex 365.6920559323706 -386.33621580206875 95.00000000000023
  endloop
endfacet
facet normal -0.7933533402904174 0.6087614290097866 -9.287145363352932e-15
  outer loop
    vertex 365.8112448993189 -386.18088571617886 95.00000000000023
    vertex 365.6920559323706 -386.33621580206847 105.00000000000018
    vertex 365.8112448993183 -386.1808857161794 105.00000000000018
  endloop
endfacet
facet normal 0.3725935791328477 0.48557340608360466 -0.7908176098781192
  outer loop
    vertex 242.41574356947638 -427.9565717021922 105.00000000000018
    vertex 246.55645127983993 -431.73362596159694 104.63172798365076
    vertex 242.07637372564332 -428.29594154602387 104.63172798365076
  endloop
endfacet
facet normal 0.3725935791328477 0.48557340608360466 -0.7908176098781192
  outer loop
    vertex 246.55645127983993 -431.73362596159694 104.63172798365076
    vertex 242.41574356947638 -427.9565717021922 105.00000000000018
    vertex 246.7964219977428 -431.31798448585903 105.00000000000018
  endloop
endfacet
facet normal 0.8137334712069029 -5.607734096651078e-13 0.5812381937188613
  outer loop
    vertex 368.7691393452306 -440.22317939611696 105.00000000000018
    vertex 368.7691393452282 -444.6231793961182 105.00000000000018
    vertex 371.7691393452287 -442.423179396119 100.7999999999988
  endloop
endfacet
facet normal -0.9914448613738274 -0.1305261922199241 -5.4632491457432915e-15
  outer loop
    vertex 365.8861702161972 -385.6117714323518 105.00000000000018
    vertex 365.9117258464807 -385.80588571617875 95.00000000000023
    vertex 365.9117258464807 -385.80588571617903 105.00000000000018
  endloop
endfacet
facet normal -0.9914448613738274 -0.1305261922199241 -5.4632491457432915e-15
  outer loop
    vertex 365.9117258464807 -385.80588571617875 95.00000000000023
    vertex 365.8861702161972 -385.6117714323518 105.00000000000018
    vertex 365.8861702161972 -385.6117714323518 95.00000000000023
  endloop
endfacet
facet normal 0.3539952796856317 0.854620205233113 -0.3798837279584415
  outer loop
    vertex 370.8373285194606 -382.579938838088 102.25000000000551
    vertex 371.11685239189774 -383.9285945419003 99.47641901868454
    vertex 370.53998300194417 -383.6896474168637 99.47641901868454
  endloop
endfacet
facet normal 0.3539952796856317 0.854620205233113 -0.3798837279584415
  outer loop
    vertex 371.11685239189774 -383.9285945419003 99.47641901868454
    vertex 370.8373285194606 -382.579938838088 102.25000000000551
    vertex 371.6912798212991 -382.9336570489157 102.25000000000551
  endloop
endfacet
facet normal 0.1300593339682918 -0.98789872088829 0.08450258525633782
  outer loop
    vertex 360.18413979633544 -383.6348103144812 105.00000000000018
    vertex 359.66650170612985 -383.8740340636008 103.00000000000021
    vertex 360.18413979633544 -383.8058857161789 103.00000000000021
  endloop
endfacet
facet normal 0.1300593339682918 -0.98789872088829 0.08450258525633782
  outer loop
    vertex 359.66650170612985 -383.8740340636008 103.00000000000021
    vertex 360.18413979633544 -383.6348103144812 105.00000000000018
    vertex 359.6222241340223 -383.70878791485814 105.00000000000018
  endloop
endfacet
facet normal 0.13005933396828798 0.9878987208882908 0.08450258525633653
  outer loop
    vertex 359.6222241340223 -387.90298351749965 105.00000000000018
    vertex 360.18413979633544 -387.80588571617886 103.00000000000021
    vertex 359.66650170612985 -387.737737368757 103.00000000000021
  endloop
endfacet
facet normal 0.13005933396828798 0.9878987208882908 0.08450258525633653
  outer loop
    vertex 360.18413979633544 -387.80588571617886 103.00000000000021
    vertex 359.6222241340223 -387.90298351749965 105.00000000000018
    vertex 360.18413979633544 -387.9769611178766 105.00000000000018
  endloop
endfacet
facet normal -0.9878987208882842 -0.13005933396834737 0.08450258525632126
  outer loop
    vertex 362.2812375976561 -385.24397005386624 105.00000000000018
    vertex 362.184139796335 -385.80588571617903 103.00000000000021
    vertex 362.355215198033 -385.80588571617903 105.00000000000018
  endloop
endfacet
facet normal -0.9878987208882842 -0.13005933396834737 0.08450258525632126
  outer loop
    vertex 362.184139796335 -385.80588571617903 103.00000000000021
    vertex 362.2812375976561 -385.24397005386624 105.00000000000018
    vertex 362.1159914489131 -385.28824762597407 103.00000000000021
  endloop
endfacet
facet normal -0.3826834323656811 0.9238795325110417 -2.5039512850497284e-15
  outer loop
    vertex 365.35584013030723 -386.5303300858957 105.00000000000018
    vertex 365.53672584648064 -386.45540476901715 95.00000000000023
    vertex 365.35584013030723 -386.5303300858954 95.00000000000023
  endloop
endfacet
facet normal -0.3826834323656811 0.9238795325110417 -2.5039512850497284e-15
  outer loop
    vertex 365.53672584648064 -386.45540476901715 95.00000000000023
    vertex 365.35584013030723 -386.5303300858957 105.00000000000018
    vertex 365.53672584648 -386.4554047690168 105.00000000000018
  endloop
endfacet
facet normal 0.23422211550207322 0.5654622078526164 -0.7908176098824417
  outer loop
    vertex 371.434554914306 -380.3510595889042 105.00000000000018
    vertex 372.60506190123715 -381.3509400594172 104.63172798365082
    vertex 371.3103369301831 -380.81464741686364 104.63172798365082
  endloop
endfacet
facet normal 0.23422211550207322 0.5654622078526164 -0.7908176098824417
  outer loop
    vertex 372.60506190123715 -381.3509400594172 104.63172798365082
    vertex 371.434554914306 -380.3510595889042 105.00000000000018
    vertex 372.8450326191441 -380.9352985836735 105.00000000000018
  endloop
endfacet
facet normal -0.6065840476600997 0.790515721671169 0.0845025852563145
  outer loop
    vertex 361.26967749718455 -387.6860921675808 105.00000000000018
    vertex 361.5983533587087 -387.220099278552 103.00000000000021
    vertex 361.1841397963352 -387.537936523748 103.00000000000021
  endloop
endfacet
facet normal -0.6065840476600997 0.790515721671169 0.0845025852563145
  outer loop
    vertex 361.5983533587087 -387.220099278552 103.00000000000021
    vertex 361.26967749718455 -387.6860921675808 105.00000000000018
    vertex 361.71932193534354 -387.34106785518685 105.00000000000018
  endloop
endfacet
facet normal 0.9878987208883123 -0.1300593339681452 0.08450258525630361
  outer loop
    vertex 358.2522881437572 -385.28824762597407 103.00000000000021
    vertex 358.0130643946373 -385.80588571617903 105.00000000000018
    vertex 358.18413979633533 -385.80588571617903 103.00000000000021
  endloop
endfacet
facet normal 0.9878987208883123 -0.1300593339681452 0.08450258525630361
  outer loop
    vertex 358.0130643946373 -385.80588571617903 105.00000000000018
    vertex 358.2522881437572 -385.28824762597407 103.00000000000021
    vertex 358.08704199501426 -385.24397005386624 105.00000000000018
  endloop
endfacet
facet normal -0.3826834323651087 -0.9238795325112789 -1.8778129768202496e-14
  outer loop
    vertex 365.53672584648 -385.1563666633404 105.00000000000018
    vertex 365.35584013030723 -385.0814413464618 95.00000000000023
    vertex 365.53672584648 -385.1563666633404 95.00000000000023
  endloop
endfacet
facet normal -0.3826834323651087 -0.9238795325112789 -1.8778129768202496e-14
  outer loop
    vertex 365.35584013030723 -385.0814413464618 95.00000000000023
    vertex 365.53672584648 -385.1563666633404 105.00000000000018
    vertex 365.35584013030723 -385.08144134646216 105.00000000000018
  endloop
endfacet
facet normal 0.13052619221786582 -0.991444861374098 -1.3018925480004882e-14
  outer loop
    vertex 365.1617258464806 -385.0558857161792 105.00000000000018
    vertex 364.9676115626539 -385.0814413464618 95.00000000000023
    vertex 365.1617258464806 -385.05588571617864 95.00000000000023
  endloop
endfacet
facet normal 0.13052619221786582 -0.991444861374098 -1.3018925480004882e-14
  outer loop
    vertex 364.9676115626539 -385.0814413464618 95.00000000000023
    vertex 365.1617258464806 -385.0558857161792 105.00000000000018
    vertex 364.9676115626539 -385.08144134646153 105.00000000000018
  endloop
endfacet
facet normal -0.13052619221999567 0.9914448613738178 2.845263735563842e-14
  outer loop
    vertex 365.1617258464806 -386.55588571617886 105.00000000000018
    vertex 365.35584013030723 -386.5303300858954 95.00000000000023
    vertex 365.1617258464806 -386.5558857161786 95.00000000000023
  endloop
endfacet
facet normal -0.13052619221999567 0.9914448613738178 2.845263735563842e-14
  outer loop
    vertex 365.35584013030723 -386.5303300858954 95.00000000000023
    vertex 365.1617258464806 -386.55588571617886 105.00000000000018
    vertex 365.35584013030723 -386.5303300858957 105.00000000000018
  endloop
endfacet
facet normal 0.9205750556397863 0.38131467322777196 0.08450258525632143
  outer loop
    vertex 358.4520889887665 -386.8058857161791 103.00000000000021
    vertex 358.08704199501483 -386.36780137849195 105.00000000000018
    vertex 358.3039333449334 -386.89142341702814 105.00000000000018
  endloop
endfacet
facet normal 0.9205750556397863 0.38131467322777196 0.08450258525632143
  outer loop
    vertex 358.08704199501483 -386.36780137849195 105.00000000000018
    vertex 358.4520889887665 -386.8058857161791 103.00000000000021
    vertex 358.2522881437572 -386.32352380638406 103.00000000000021
  endloop
endfacet
facet normal -0.6065840476598877 -0.7905157216713324 0.0845025852563081
  outer loop
    vertex 361.71932193534354 -384.2707035771713 105.00000000000018
    vertex 361.1841397963352 -384.07383490861014 103.00000000000021
    vertex 361.5983533587087 -384.3916721538058 103.00000000000021
  endloop
endfacet
facet normal -0.6065840476598877 -0.7905157216713324 0.0845025852563081
  outer loop
    vertex 361.1841397963352 -384.07383490861014 103.00000000000021
    vertex 361.71932193534354 -384.2707035771713 105.00000000000018
    vertex 361.26967749718455 -383.92567926477733 105.00000000000018
  endloop
endfacet
facet normal 0.7933533402909977 0.60876142900903 2.8640121371732287e-15
  outer loop
    vertex 364.5122067936422 -386.18088571617886 95.00000000000023
    vertex 364.6313957605906 -386.33621580206875 105.00000000000018
    vertex 364.6313957605906 -386.33621580206875 95.00000000000023
  endloop
endfacet
facet normal 0.7933533402909977 0.60876142900903 2.8640121371732287e-15
  outer loop
    vertex 364.6313957605906 -386.33621580206875 105.00000000000018
    vertex 364.5122067936422 -386.18088571617886 95.00000000000023
    vertex 364.5122067936422 -386.18088571617886 105.00000000000018
  endloop
endfacet
facet normal 0.6087614290086714 0.7933533402912729 4.80650638017102e-15
  outer loop
    vertex 364.6313957605906 -386.33621580206875 105.00000000000018
    vertex 364.7867258464811 -386.45540476901715 95.00000000000023
    vertex 364.6313957605906 -386.33621580206875 95.00000000000023
  endloop
endfacet
facet normal 0.6087614290086714 0.7933533402912729 4.80650638017102e-15
  outer loop
    vertex 364.7867258464811 -386.45540476901715 95.00000000000023
    vertex 364.6313957605906 -386.33621580206875 105.00000000000018
    vertex 364.78672584648046 -386.45540476901715 105.00000000000018
  endloop
endfacet
facet normal -0.9238795325113685 -0.3826834323648928 -3.3347991805970666e-15
  outer loop
    vertex 365.8112448993189 -385.4308857161787 105.00000000000018
    vertex 365.8861702161972 -385.6117714323518 95.00000000000023
    vertex 365.8861702161972 -385.6117714323518 105.00000000000018
  endloop
endfacet
facet normal -0.9238795325113685 -0.3826834323648928 -3.3347991805970666e-15
  outer loop
    vertex 365.8861702161972 -385.6117714323518 95.00000000000023
    vertex 365.8112448993189 -385.4308857161787 105.00000000000018
    vertex 365.8112448993189 -385.4308857161787 95.00000000000023
  endloop
endfacet
facet normal 0.9238795325115434 0.3826834323644701 -5.623443515855449e-15
  outer loop
    vertex 364.4372814767639 -386.0000000000057 95.00000000000023
    vertex 364.5122067936422 -386.18088571617886 105.00000000000018
    vertex 364.5122067936422 -386.18088571617886 95.00000000000023
  endloop
endfacet
facet normal 0.9238795325115434 0.3826834323644701 -5.623443515855449e-15
  outer loop
    vertex 364.5122067936422 -386.18088571617886 105.00000000000018
    vertex 364.4372814767639 -386.0000000000057 95.00000000000023
    vertex 364.4372814767639 -386.0000000000063 105.00000000000018
  endloop
endfacet
facet normal -0.13005933396829683 -0.9878987208882899 0.08450258525633246
  outer loop
    vertex 360.7460554586486 -383.70878791485814 105.00000000000018
    vertex 360.18413979633544 -383.8058857161789 103.00000000000021
    vertex 360.7017778865399 -383.8740340636008 103.00000000000021
  endloop
endfacet
facet normal -0.13005933396829683 -0.9878987208882899 0.08450258525633246
  outer loop
    vertex 360.18413979633544 -383.8058857161789 103.00000000000021
    vertex 360.7460554586486 -383.70878791485814 105.00000000000018
    vertex 360.18413979633544 -383.6348103144812 105.00000000000018
  endloop
endfacet
facet normal 0.7905157216709879 0.606584047660327 0.08450258525637722
  outer loop
    vertex 358.76992623396217 -387.220099278552 103.00000000000021
    vertex 358.3039333449334 -386.89142341702814 105.00000000000018
    vertex 358.64895765732734 -387.34106785518685 105.00000000000018
  endloop
endfacet
facet normal 0.7905157216709879 0.606584047660327 0.08450258525637722
  outer loop
    vertex 358.3039333449334 -386.89142341702814 105.00000000000018
    vertex 358.76992623396217 -387.220099278552 103.00000000000021
    vertex 358.4520889887665 -386.8058857161791 103.00000000000021
  endloop
endfacet
facet normal -0.1305261922193066 -0.9914448613739084 -4.488741094761728e-14
  outer loop
    vertex 365.35584013030723 -385.08144134646216 105.00000000000018
    vertex 365.1617258464806 -385.05588571617864 95.00000000000023
    vertex 365.35584013030723 -385.0814413464618 95.00000000000023
  endloop
endfacet
facet normal -0.1305261922193066 -0.9914448613739084 -4.488741094761728e-14
  outer loop
    vertex 365.1617258464806 -385.05588571617864 95.00000000000023
    vertex 365.35584013030723 -385.08144134646216 105.00000000000018
    vertex 365.1617258464806 -385.0558857161792 105.00000000000018
  endloop
endfacet
facet normal 0.9238795325118693 -0.3826834323636833 2.229743941887842e-14
  outer loop
    vertex 364.5122067936422 -385.4308857161787 95.00000000000023
    vertex 364.4372814767639 -385.6117714323518 105.00000000000018
    vertex 364.4372814767639 -385.6117714323518 95.00000000000023
  endloop
endfacet
facet normal 0.9238795325118693 -0.3826834323636833 2.229743941887842e-14
  outer loop
    vertex 364.4372814767639 -385.6117714323518 105.00000000000018
    vertex 364.5122067936422 -385.4308857161787 95.00000000000023
    vertex 364.51220679364167 -385.4308857161793 105.00000000000018
  endloop
endfacet
facet normal 0.7905157216712799 -0.6065840476599653 0.08450258525624053
  outer loop
    vertex 358.76992623396217 -384.3916721538058 103.00000000000021
    vertex 358.3039333449334 -384.72034801533056 105.00000000000018
    vertex 358.4520889887665 -384.805885716179 103.00000000000021
  endloop
endfacet
facet normal 0.7905157216712799 -0.6065840476599653 0.08450258525624053
  outer loop
    vertex 358.3039333449334 -384.72034801533056 105.00000000000018
    vertex 358.76992623396217 -384.3916721538058 103.00000000000021
    vertex 358.64895765732734 -384.2707035771713 105.00000000000018
  endloop
endfacet
facet normal 0.91610858059107 -0.3794645986871772 -0.12942830799556407
  outer loop
    vertex 371.6529767006294 -387.00000000000546 96.50000000000551
    vertex 372.23127847620185 -386.6190571088895 99.47641901868454
    vertex 371.99233135116555 -387.19592649884333 99.47641901868454
  endloop
endfacet
facet normal 0.91610858059107 -0.3794645986871772 -0.12942830799556407
  outer loop
    vertex 372.23127847620185 -386.6190571088895 99.47641901868454
    vertex 371.6529767006294 -387.00000000000546 96.50000000000551
    vertex 371.8527775456381 -386.51763809021065 96.50000000000551
  endloop
endfacet
facet normal -0.38131467322845314 -0.9205750556395026 0.08450258525633782
  outer loop
    vertex 361.26967749718455 -383.92567926477733 105.00000000000018
    vertex 360.7017778865399 -383.8740340636008 103.00000000000021
    vertex 361.1841397963352 -384.07383490861014 103.00000000000021
  endloop
endfacet
facet normal -0.38131467322845314 -0.9205750556395026 0.08450258525633782
  outer loop
    vertex 360.7017778865399 -383.8740340636008 103.00000000000021
    vertex 361.26967749718455 -383.92567926477733 105.00000000000018
    vertex 360.7460554586486 -383.70878791485814 105.00000000000018
  endloop
endfacet
facet normal 0.9914448613737802 -0.13052619222028172 1.598882867399487e-15
  outer loop
    vertex 364.41172584648046 -385.80588571617875 95.00000000000023
    vertex 364.4372814767639 -385.6117714323518 105.00000000000018
    vertex 364.41172584648046 -385.8058857161793 105.00000000000018
  endloop
endfacet
facet normal 0.9914448613737802 -0.13052619222028172 1.598882867399487e-15
  outer loop
    vertex 364.4372814767639 -385.6117714323518 105.00000000000018
    vertex 364.41172584648046 -385.80588571617875 95.00000000000023
    vertex 364.4372814767639 -385.6117714323518 95.00000000000023
  endloop
endfacet
facet normal -0.3813146732281869 0.9205750556396102 0.08450258525636918
  outer loop
    vertex 360.7460554586486 -387.9029835175 105.00000000000018
    vertex 361.1841397963352 -387.537936523748 103.00000000000021
    vertex 360.7017778865399 -387.737737368757 103.00000000000021
  endloop
endfacet
facet normal -0.3813146732281869 0.9205750556396102 0.08450258525636918
  outer loop
    vertex 361.1841397963352 -387.537936523748 103.00000000000021
    vertex 360.7460554586486 -387.9029835175 105.00000000000018
    vertex 361.26967749718455 -387.6860921675808 105.00000000000018
  endloop
endfacet
facet normal 0.9878987208882863 0.13005933396838204 0.08450258525624157
  outer loop
    vertex 358.2522881437572 -386.32352380638406 103.00000000000021
    vertex 358.0130643946373 -385.80588571617903 105.00000000000018
    vertex 358.08704199501483 -386.36780137849195 105.00000000000018
  endloop
endfacet
facet normal 0.9878987208882863 0.13005933396838204 0.08450258525624157
  outer loop
    vertex 358.0130643946373 -385.80588571617903 105.00000000000018
    vertex 358.2522881437572 -386.32352380638406 103.00000000000021
    vertex 358.18413979633533 -385.80588571617903 103.00000000000021
  endloop
endfacet
facet normal -0.13005933396804506 0.9878987208883172 0.08450258525640063
  outer loop
    vertex 360.18413979633544 -387.9769611178766 105.00000000000018
    vertex 360.7017778865399 -387.737737368757 103.00000000000021
    vertex 360.18413979633544 -387.80588571617886 103.00000000000021
  endloop
endfacet
facet normal -0.13005933396804506 0.9878987208883172 0.08450258525640063
  outer loop
    vertex 360.7017778865399 -387.737737368757 103.00000000000021
    vertex 360.18413979633544 -387.9769611178766 105.00000000000018
    vertex 360.7460554586486 -387.9029835175 105.00000000000018
  endloop
endfacet
facet normal 0.10388185357165541 0.7890610165043996 -0.6054678131259834
  outer loop
    vertex 369.9209258930604 -380.6317279836507 104.63172798365082
    vertex 370.8373285194606 -382.579938838088 102.25000000000551
    vertex 369.92092589305986 -382.4592921435266 102.25000000000551
  endloop
endfacet
facet normal 0.10388185357165541 0.7890610165043996 -0.6054678131259834
  outer loop
    vertex 370.8373285194606 -382.579938838088 102.25000000000551
    vertex 369.9209258930604 -380.6317279836507 104.63172798365082
    vertex 371.3103369301831 -380.81464741686364 104.63172798365082
  endloop
endfacet
facet normal -0.7901097653258639 -0.16798591564953794 -0.589497490138927
  outer loop
    vertex 226.01494247589207 -421.40218271739394 102.64645886430486
    vertex 230.04969425302852 -427.42947748996124 98.95620371494184
    vertex 228.43307422475849 -427.42947748996124 101.1229767589738
  endloop
endfacet
facet normal -0.920575055639635 0.3813146732281339 0.08450258525633791
  outer loop
    vertex 362.2812375976561 -386.36780137849195 105.00000000000018
    vertex 361.9161906039044 -386.8058857161788 103.00000000000021
    vertex 362.0643462477369 -386.8914234170278 105.00000000000018
  endloop
endfacet
facet normal -0.920575055639635 0.3813146732281339 0.08450258525633791
  outer loop
    vertex 361.9161906039044 -386.8058857161788 103.00000000000021
    vertex 362.2812375976561 -386.36780137849195 105.00000000000018
    vertex 362.1159914489131 -386.32352380638406 103.00000000000021
  endloop
endfacet
facet normal 0.6065840476599378 0.7905157216712952 0.0845025852562975
  outer loop
    vertex 358.64895765732734 -387.34106785518685 105.00000000000018
    vertex 359.18413979633567 -387.537936523748 103.00000000000021
    vertex 358.76992623396217 -387.220099278552 103.00000000000021
  endloop
endfacet
facet normal 0.6065840476599378 0.7905157216712952 0.0845025852562975
  outer loop
    vertex 359.18413979633567 -387.537936523748 103.00000000000021
    vertex 358.64895765732734 -387.34106785518685 105.00000000000018
    vertex 359.0986020954864 -387.6860921675808 105.00000000000018
  endloop
endfacet
facet normal -0.9878987208882805 0.13005933396838126 0.08450258525631242
  outer loop
    vertex 362.355215198033 -385.80588571617903 105.00000000000018
    vertex 362.1159914489131 -386.32352380638406 103.00000000000021
    vertex 362.2812375976561 -386.36780137849195 105.00000000000018
  endloop
endfacet
facet normal -0.9878987208882805 0.13005933396838126 0.08450258525631242
  outer loop
    vertex 362.1159914489131 -386.32352380638406 103.00000000000021
    vertex 362.355215198033 -385.80588571617903 105.00000000000018
    vertex 362.184139796335 -385.80588571617903 103.00000000000021
  endloop
endfacet
facet normal 0.9205750556396207 -0.3813146732281711 0.08450258525632445
  outer loop
    vertex 358.4520889887665 -384.805885716179 103.00000000000021
    vertex 358.08704199501426 -385.24397005386624 105.00000000000018
    vertex 358.2522881437572 -385.28824762597407 103.00000000000021
  endloop
endfacet
facet normal 0.9205750556396207 -0.3813146732281711 0.08450258525632445
  outer loop
    vertex 358.08704199501426 -385.24397005386624 105.00000000000018
    vertex 358.4520889887665 -384.805885716179 103.00000000000021
    vertex 358.3039333449334 -384.72034801533056 105.00000000000018
  endloop
endfacet
facet normal -0.7905157216712255 0.6065840476600186 0.08450258525636654
  outer loop
    vertex 362.0643462477369 -386.8914234170278 105.00000000000018
    vertex 361.5983533587087 -387.220099278552 103.00000000000021
    vertex 361.71932193534354 -387.34106785518685 105.00000000000018
  endloop
endfacet
facet normal -0.7905157216712255 0.6065840476600186 0.08450258525636654
  outer loop
    vertex 361.5983533587087 -387.220099278552 103.00000000000021
    vertex 362.0643462477369 -386.8914234170278 105.00000000000018
    vertex 361.9161906039044 -386.8058857161788 103.00000000000021
  endloop
endfacet
facet normal 0.7933533402911634 -0.608761429008814 -6.124262354003558e-15
  outer loop
    vertex 227.63266291768056 -389.72881316074165 95.00000000000017
    vertex 227.51347395073276 -389.88414324663154 105.00000000000018
    vertex 227.51347395073276 -389.88414324663154 95.00000000000017
  endloop
endfacet
facet normal 0.7933533402911634 -0.608761429008814 -6.124262354003558e-15
  outer loop
    vertex 227.51347395073276 -389.88414324663154 105.00000000000018
    vertex 227.63266291768056 -389.72881316074165 95.00000000000017
    vertex 227.63266291768056 -389.72881316074216 105.00000000000018
  endloop
endfacet
facet normal 0.3813146732284955 -0.9205750556394869 0.08450258525631942
  outer loop
    vertex 359.6222241340223 -383.70878791485814 105.00000000000018
    vertex 359.18413979633567 -384.07383490861014 103.00000000000021
    vertex 359.66650170612985 -383.8740340636008 103.00000000000021
  endloop
endfacet
facet normal 0.3813146732284955 -0.9205750556394869 0.08450258525631942
  outer loop
    vertex 359.18413979633567 -384.07383490861014 103.00000000000021
    vertex 359.6222241340223 -383.70878791485814 105.00000000000018
    vertex 359.0986020954864 -383.92567926477733 105.00000000000018
  endloop
endfacet
facet normal 0.0 0.0 0.9999999999999999
  outer loop
    vertex 358.2522881437572 -386.32352380638406 103.00000000000021
    vertex 358.2522881437572 -385.28824762597407 103.00000000000021
    vertex 358.18413979633533 -385.80588571617903 103.00000000000021
  endloop
endfacet
facet normal 0.0 0.0 0.9999999999999999
  outer loop
    vertex 358.2522881437572 -385.28824762597407 103.00000000000021
    vertex 358.2522881437572 -386.32352380638406 103.00000000000021
    vertex 358.4520889887665 -386.8058857161791 103.00000000000021
  endloop
endfacet
facet normal 0.0 0.0 0.9999999999999999
  outer loop
    vertex 358.2522881437572 -385.28824762597407 103.00000000000021
    vertex 358.4520889887665 -386.8058857161791 103.00000000000021
    vertex 358.4520889887665 -384.805885716179 103.00000000000021
  endloop
endfacet
facet normal 0.0 0.0 0.9999999999999999
  outer loop
    vertex 358.4520889887665 -384.805885716179 103.00000000000021
    vertex 358.4520889887665 -386.8058857161791 103.00000000000021
    vertex 358.76992623396217 -387.220099278552 103.00000000000021
  endloop
endfacet
facet normal 0.0 0.0 0.9999999999999999
  outer loop
    vertex 358.4520889887665 -384.805885716179 103.00000000000021
    vertex 358.76992623396217 -387.220099278552 103.00000000000021
    vertex 358.76992623396217 -384.3916721538058 103.00000000000021
  endloop
endfacet
facet normal 0.0 0.0 0.9999999999999999
  outer loop
    vertex 358.76992623396217 -384.3916721538058 103.00000000000021
    vertex 358.76992623396217 -387.220099278552 103.00000000000021
    vertex 359.18413979633567 -387.537936523748 103.00000000000021
  endloop
endfacet
facet normal 0.0 0.0 0.9999999999999999
  outer loop
    vertex 358.76992623396217 -384.3916721538058 103.00000000000021
    vertex 359.18413979633567 -387.537936523748 103.00000000000021
    vertex 359.18413979633567 -384.07383490861014 103.00000000000021
  endloop
endfacet
facet normal 0.0 0.0 0.9999999999999999
  outer loop
    vertex 359.18413979633567 -384.07383490861014 103.00000000000021
    vertex 359.18413979633567 -387.537936523748 103.00000000000021
    vertex 359.66650170612985 -387.737737368757 103.00000000000021
  endloop
endfacet
facet normal 0.0 0.0 0.9999999999999999
  outer loop
    vertex 359.18413979633567 -384.07383490861014 103.00000000000021
    vertex 359.66650170612985 -387.737737368757 103.00000000000021
    vertex 359.66650170612985 -383.8740340636008 103.00000000000021
  endloop
endfacet
facet normal 0.0 0.0 0.9999999999999999
  outer loop
    vertex 359.66650170612985 -383.8740340636008 103.00000000000021
    vertex 359.66650170612985 -387.737737368757 103.00000000000021
    vertex 360.18413979633544 -387.80588571617886 103.00000000000021
  endloop
endfacet
facet normal 0.0 0.0 0.9999999999999999
  outer loop
    vertex 359.66650170612985 -383.8740340636008 103.00000000000021
    vertex 360.18413979633544 -387.80588571617886 103.00000000000021
    vertex 360.18413979633544 -383.8058857161789 103.00000000000021
  endloop
endfacet
facet normal 0.0 0.0 0.9999999999999999
  outer loop
    vertex 360.18413979633544 -383.8058857161789 103.00000000000021
    vertex 360.18413979633544 -387.80588571617886 103.00000000000021
    vertex 360.7017778865399 -387.737737368757 103.00000000000021
  endloop
endfacet
facet normal 0.0 0.0 0.9999999999999999
  outer loop
    vertex 360.18413979633544 -383.8058857161789 103.00000000000021
    vertex 360.7017778865399 -387.737737368757 103.00000000000021
    vertex 360.7017778865399 -383.8740340636008 103.00000000000021
  endloop
endfacet
facet normal 0.0 0.0 0.9999999999999999
  outer loop
    vertex 360.7017778865399 -383.8740340636008 103.00000000000021
    vertex 360.7017778865399 -387.737737368757 103.00000000000021
    vertex 361.1841397963352 -387.537936523748 103.00000000000021
  endloop
endfacet
facet normal 0.0 0.0 0.9999999999999999
  outer loop
    vertex 360.7017778865399 -383.8740340636008 103.00000000000021
    vertex 361.1841397963352 -387.537936523748 103.00000000000021
    vertex 361.1841397963352 -384.07383490861014 103.00000000000021
  endloop
endfacet
facet normal 0.0 0.0 0.9999999999999999
  outer loop
    vertex 361.1841397963352 -384.07383490861014 103.00000000000021
    vertex 361.1841397963352 -387.537936523748 103.00000000000021
    vertex 361.5983533587087 -387.220099278552 103.00000000000021
  endloop
endfacet
facet normal 0.0 0.0 0.9999999999999999
  outer loop
    vertex 361.1841397963352 -384.07383490861014 103.00000000000021
    vertex 361.5983533587087 -387.220099278552 103.00000000000021
    vertex 361.5983533587087 -384.3916721538058 103.00000000000021
  endloop
endfacet
facet normal 0.0 0.0 0.9999999999999999
  outer loop
    vertex 361.5983533587087 -384.3916721538058 103.00000000000021
    vertex 361.5983533587087 -387.220099278552 103.00000000000021
    vertex 361.9161906039044 -386.8058857161788 103.00000000000021
  endloop
endfacet
facet normal 0.0 0.0 0.9999999999999999
  outer loop
    vertex 361.5983533587087 -384.3916721538058 103.00000000000021
    vertex 361.9161906039044 -386.8058857161788 103.00000000000021
    vertex 361.9161906039044 -384.805885716179 103.00000000000021
  endloop
endfacet
facet normal 0.0 0.0 0.9999999999999999
  outer loop
    vertex 361.9161906039044 -384.805885716179 103.00000000000021
    vertex 361.9161906039044 -386.8058857161788 103.00000000000021
    vertex 362.1159914489131 -386.32352380638406 103.00000000000021
  endloop
endfacet
facet normal 0.0 0.0 0.9999999999999999
  outer loop
    vertex 361.9161906039044 -384.805885716179 103.00000000000021
    vertex 362.1159914489131 -386.32352380638406 103.00000000000021
    vertex 362.1159914489131 -385.28824762597407 103.00000000000021
  endloop
endfacet
facet normal 0.0 0.0 0.9999999999999999
  outer loop
    vertex 362.1159914489131 -385.28824762597407 103.00000000000021
    vertex 362.1159914489131 -386.32352380638406 103.00000000000021
    vertex 362.184139796335 -385.80588571617903 103.00000000000021
  endloop
endfacet
facet normal -0.9914448613738146 -0.13052619222001957 1.431472132445293e-14
  outer loop
    vertex 228.88743737328775 -390.0650289628046 105.00000000000018
    vertex 228.91299300357065 -390.2591432466316 95.00000000000017
    vertex 228.91299300357065 -390.2591432466316 105.00000000000018
  endloop
endfacet
facet normal -0.9914448613738146 -0.13052619222001957 1.431472132445293e-14
  outer loop
    vertex 228.91299300357065 -390.2591432466316 95.00000000000017
    vertex 228.88743737328775 -390.0650289628046 105.00000000000018
    vertex 228.88743737328716 -390.0650289628046 95.00000000000017
  endloop
endfacet
facet normal -0.7798327573973873 -0.14991837955285167 -0.6077708038086683
  outer loop
    vertex 226.01494247589207 -421.40218271739394 102.64645886430486
    vertex 230.2371062281841 -427.42947748996124 98.71573478086495
    vertex 230.04969425302852 -427.42947748996124 98.95620371494184
  endloop
endfacet
facet normal -0.7798327573973873 -0.14991837955285167 -0.6077708038086683
  outer loop
    vertex 230.2371062281841 -427.42947748996124 98.71573478086495
    vertex 226.01494247589207 -421.40218271739394 102.64645886430486
    vertex 227.70962224026738 -420.9480946431003 100.36000000000544
  endloop
endfacet
facet normal -0.6111333983627278 -0.0592877226951766 -0.7893040829384094
  outer loop
    vertex 226.01494247589207 -421.40218271739394 102.64645886430486
    vertex 226.05785711821758 -427.42947748996124 103.0659651319548
    vertex 223.8063928081177 -421.99396181731805 104.40092045778559
  endloop
endfacet
facet normal -0.6111333983627278 -0.0592877226951766 -0.7893040829384094
  outer loop
    vertex 226.05785711821758 -427.42947748996124 103.0659651319548
    vertex 226.01494247589207 -421.40218271739394 102.64645886430486
    vertex 226.79935856480046 -427.42947748996124 102.49184381580218
  endloop
endfacet
facet normal 0.07988880177353574 -0.606815694632048 -0.7908176098819587
  outer loop
    vertex 371.3103369301831 -391.1853525831475 104.63172798365082
    vertex 369.9209258930604 -391.84821345217364 105.00000000000018
    vertex 369.9209258930604 -391.3682720163604 104.63172798365082
  endloop
endfacet
facet normal 0.07988880177353574 -0.606815694632048 -0.7908176098819587
  outer loop
    vertex 369.9209258930604 -391.84821345217364 105.00000000000018
    vertex 371.3103369301831 -391.1853525831475 104.63172798365082
    vertex 371.434554914306 -391.6489404111061 105.00000000000018
  endloop
endfacet
facet normal 0.916108580591062 -0.37946459868719223 -0.12942830799557592
  outer loop
    vertex 233.22416961443503 -406.5295238724423 96.50000000000544
    vertex 236.06103482758763 -400.6959264988435 99.47641901868447
    vertex 233.60267054499877 -406.63094289112144 99.47641901868447
  endloop
endfacet
facet normal 0.916108580591062 -0.37946459868719223 -0.12942830799557592
  outer loop
    vertex 236.06103482758763 -400.6959264988435 99.47641901868447
    vertex 233.22416961443503 -406.5295238724423 96.50000000000544
    vertex 235.72168017705147 -400.50000000000557 96.50000000000544
  endloop
endfacet
facet normal -2.8256662218479306e-15 0.9914448613738099 -0.13052619222005454
  outer loop
    vertex 257.3723152716618 -437.6081470023297 99.47641901868447
    vertex 371.7691393452287 -438.0000000000052 96.5000000000056
    vertex 257.3723152716618 -438.0000000000054 96.50000000000544
  endloop
endfacet
facet normal -2.8256662218479306e-15 0.9914448613738099 -0.13052619222005454
  outer loop
    vertex 371.7691393452287 -438.0000000000052 96.5000000000056
    vertex 257.3723152716618 -437.6081470023297 99.47641901868447
    vertex 371.7691393452287 -437.6081470023294 99.47641901868461
  endloop
endfacet
facet normal 0.786680272595504 0.6036410040731741 -0.12942830799556138
  outer loop
    vertex 371.3351394554331 -384.5857864376324 96.50000000000551
    vertex 371.99233135116555 -384.8040735011678 99.47641901868454
    vertex 371.65297670062876 -385.0000000000057 96.50000000000551
  endloop
endfacet
facet normal 0.786680272595504 0.6036410040731741 -0.12942830799556138
  outer loop
    vertex 371.99233135116555 -384.8040735011678 99.47641901868454
    vertex 371.3351394554331 -384.5857864376324 96.50000000000551
    vertex 371.61222136731806 -384.30870452574777 99.47641901868454
  endloop
endfacet
facet normal 0.37946459868718113 0.9161085805910687 -0.12942830799556193
  outer loop
    vertex 370.53998300194417 -383.6896474168637 99.47641901868454
    vertex 370.9209258930602 -384.2679491924368 96.50000000000551
    vertex 370.4385639832648 -384.06814834742744 96.50000000000551
  endloop
endfacet
facet normal 0.37946459868718113 0.9161085805910687 -0.12942830799556193
  outer loop
    vertex 370.9209258930602 -384.2679491924368 96.50000000000551
    vertex 370.53998300194417 -383.6896474168637 99.47641901868454
    vertex 371.11685239189774 -383.9285945419003 99.47641901868454
  endloop
endfacet
facet normal -0.5655054294437507 -0.2342370569316537 -0.7907822775136253
  outer loop
    vertex 218.4886271354344 -388.6841360081822 104.63172798365082
    vertex 222.8833694801714 -400.53740058571543 105.00000000000018
    vertex 218.07307905298117 -388.9240355973319 105.00000000000018
  endloop
endfacet
facet normal -0.5655054294437507 -0.2342370569316537 -0.7907822775136253
  outer loop
    vertex 222.8833694801714 -400.53740058571543 105.00000000000018
    vertex 218.4886271354344 -388.6841360081822 104.63172798365082
    vertex 223.34695730813027 -400.4131826015932 104.63172798365082
  endloop
endfacet
facet normal -0.9278418673587061 -0.013868212378028613 -0.372715899663198
  outer loop
    vertex 226.83160741518364 -413.0000000000056 102.25000000000544
    vertex 228.774942475892 -420.66264294628405 97.69736225793721
    vertex 227.70962224026738 -420.9480946431003 100.36000000000544
  endloop
endfacet
facet normal 0.2342221155020027 -0.5654622078530145 -0.790817609882178
  outer loop
    vertex 372.60506190123715 -390.64905994059393 104.63172798365082
    vertex 371.434554914306 -391.6489404111061 105.00000000000018
    vertex 371.3103369301831 -391.1853525831475 104.63172798365082
  endloop
endfacet
facet normal 0.2342221155020027 -0.5654622078530145 -0.790817609882178
  outer loop
    vertex 371.434554914306 -391.6489404111061 105.00000000000018
    vertex 372.60506190123715 -390.64905994059393 104.63172798365082
    vertex 372.8450326191447 -391.0647014163376 105.00000000000018
  endloop
endfacet
facet normal -9.143908036215635e-16 -0.9238795325112841 -0.3826834323650965
  outer loop
    vertex 369.9209258930604 -388.39185299768127 99.47641901868454
    vertex 257.3723152716624 -389.5407078564845 102.25000000000551
    vertex 257.3723152716624 -388.391852997681 99.47641901868447
  endloop
endfacet
facet normal -9.143908036215635e-16 -0.9238795325112841 -0.3826834323650965
  outer loop
    vertex 257.3723152716624 -389.5407078564845 102.25000000000551
    vertex 369.9209258930604 -388.39185299768127 99.47641901868454
    vertex 369.9209258930604 -389.5407078564845 102.25000000000551
  endloop
endfacet
facet normal 0.13052619221999567 0.9914448613738178 9.422844073154835e-16
  outer loop
    vertex 227.96887871974388 -390.9835876163485 105.00000000000018
    vertex 228.16299300357053 -391.0091432466317 95.00000000000017
    vertex 227.96887871974388 -390.9835876163485 95.00000000000017
  endloop
endfacet
facet normal 0.13052619221999567 0.9914448613738178 9.422844073154835e-16
  outer loop
    vertex 228.16299300357053 -391.0091432466317 95.00000000000017
    vertex 227.96887871974388 -390.9835876163485 105.00000000000018
    vertex 228.16299300357053 -391.0091432466317 105.00000000000018
  endloop
endfacet
facet normal -0.9238572765095581 -0.006941099700021878 -0.38267421362733134
  outer loop
    vertex 227.98046227398632 -413.0000000000056 99.47641901868447
    vertex 228.774942475892 -420.66264294628405 97.69736225793721
    vertex 226.83160741518364 -413.0000000000056 102.25000000000544
  endloop
endfacet
facet normal -0.9914448613738034 0.1305261922201053 1.2620609807972121e-14
  outer loop
    vertex 228.91299300357065 -390.2591432466316 105.00000000000018
    vertex 228.88743737328716 -390.45325753045853 95.00000000000017
    vertex 228.88743737328775 -390.4532575304588 105.00000000000018
  endloop
endfacet
facet normal -0.9914448613738034 0.1305261922201053 1.2620609807972121e-14
  outer loop
    vertex 228.88743737328716 -390.45325753045853 95.00000000000017
    vertex 228.91299300357065 -390.2591432466316 105.00000000000018
    vertex 228.91299300357065 -390.2591432466316 95.00000000000017
  endloop
endfacet
facet normal 0.12074119758899646 0.9171204481621638 -0.3798837279584461
  outer loop
    vertex 369.92092589305986 -382.4592921435266 102.25000000000551
    vertex 370.53998300194417 -383.6896474168637 99.47641901868454
    vertex 369.92092589305986 -383.6081470023299 99.47641901868454
  endloop
endfacet
facet normal 0.12074119758899646 0.9171204481621638 -0.3798837279584461
  outer loop
    vertex 370.53998300194417 -383.6896474168637 99.47641901868454
    vertex 369.92092589305986 -382.4592921435266 102.25000000000551
    vertex 370.8373285194606 -382.579938838088 102.25000000000551
  endloop
endfacet
facet normal 0.12074119758902156 -0.9171204481621569 -0.3798837279584552
  outer loop
    vertex 370.8373285194606 -389.4200611619231 102.25000000000551
    vertex 369.9209258930604 -388.39185299768127 99.47641901868454
    vertex 370.53998300194417 -388.31035258314745 99.47641901868454
  endloop
endfacet
facet normal 0.12074119758902156 -0.9171204481621569 -0.3798837279584552
  outer loop
    vertex 369.9209258930604 -388.39185299768127 99.47641901868454
    vertex 370.8373285194606 -389.4200611619231 102.25000000000551
    vertex 369.9209258930604 -389.5407078564845 102.25000000000551
  endloop
endfacet
facet normal -6.318986203382666e-16 -0.7933533402912291 -0.6087614290087285
  outer loop
    vertex 369.9209258930604 -391.3682720163604 104.63172798365082
    vertex 257.3723152716624 -389.5407078564845 102.25000000000551
    vertex 369.9209258930604 -389.5407078564845 102.25000000000551
  endloop
endfacet
facet normal -6.318986203382666e-16 -0.7933533402912291 -0.6087614290087285
  outer loop
    vertex 257.3723152716624 -389.5407078564845 102.25000000000551
    vertex 369.9209258930604 -391.3682720163604 104.63172798365082
    vertex 257.3723152716624 -391.36827201636015 104.63172798365076
  endloop
endfacet
facet normal 0.7933533402907371 0.6087614290093697 3.062131177012888e-15
  outer loop
    vertex 227.63266291768056 -390.78947333252154 95.00000000000017
    vertex 227.51347395073276 -390.6341432466316 105.00000000000018
    vertex 227.63266291768173 -390.7894733325218 105.00000000000018
  endloop
endfacet
facet normal 0.7933533402907371 0.6087614290093697 3.062131177012888e-15
  outer loop
    vertex 227.51347395073276 -390.6341432466316 105.00000000000018
    vertex 227.63266291768056 -390.78947333252154 95.00000000000017
    vertex 227.51347395073276 -390.6341432466316 95.00000000000017
  endloop
endfacet
facet normal -1.8814809120332608e-15 0.7933533402912306 -0.6087614290087267
  outer loop
    vertex 257.3723152716618 -434.6317279836508 104.63172798365076
    vertex 371.7691393452287 -436.45929214352617 102.25000000000557
    vertex 257.3723152716618 -436.45929214352645 102.25000000000551
  endloop
endfacet
facet normal -1.8814809120332608e-15 0.7933533402912306 -0.6087614290087267
  outer loop
    vertex 371.7691393452287 -436.45929214352617 102.25000000000557
    vertex 257.3723152716618 -434.6317279836508 104.63172798365076
    vertex 371.7691393452287 -434.63172798365053 104.63172798365088
  endloop
endfacet
facet normal -1.4265749403164355e-15 -0.9914448613738103 -0.13052619222005185
  outer loop
    vertex 369.9209258930604 -388.0000000000055 96.50000000000551
    vertex 257.3723152716624 -388.391852997681 99.47641901868447
    vertex 257.3723152716624 -388.00000000000523 96.50000000000544
  endloop
endfacet
facet normal -1.4265749403164355e-15 -0.9914448613738103 -0.13052619222005185
  outer loop
    vertex 257.3723152716624 -388.391852997681 99.47641901868447
    vertex 369.9209258930604 -388.0000000000055 96.50000000000551
    vertex 369.9209258930604 -388.39185299768127 99.47641901868454
  endloop
endfacet
facet normal -0.6356044158257518 0.10426841147433105 -0.7649412558827144
  outer loop
    vertex 226.01494247589207 -421.40218271739394 102.64645886430486
    vertex 223.8063928081177 -421.99396181731805 104.40092045778559
    vertex 225.00404325530747 -413.0000000000056 104.63172798365076
  endloop
endfacet
facet normal 0.3794645986871673 0.9161085805910729 -0.129428307995572
  outer loop
    vertex 223.79992039454993 -378.92020876991205 99.47641901868454
    vertex 232.4936245208048 -382.94176898984887 96.50000000000551
    vertex 223.60399389571177 -379.2595634204482 96.50000000000551
  endloop
endfacet
facet normal 0.3794645986871673 0.9161085805910729 -0.129428307995572
  outer loop
    vertex 232.4936245208048 -382.94176898984887 96.50000000000551
    vertex 223.79992039454993 -378.92020876991205 99.47641901868454
    vertex 232.59504353948358 -382.56326805928484 99.47641901868454
  endloop
endfacet
facet normal 0.916108580591065 0.3794645986871891 -0.12942830799556518
  outer loop
    vertex 371.65297670062876 -385.0000000000057 96.50000000000551
    vertex 372.23127847620185 -385.38094289112166 99.47641901868454
    vertex 371.8527775456381 -385.48236190980043 96.50000000000551
  endloop
endfacet
facet normal 0.916108580591065 0.3794645986871891 -0.12942830799556518
  outer loop
    vertex 372.23127847620185 -385.38094289112166 99.47641901868454
    vertex 371.65297670062876 -385.0000000000057 96.50000000000551
    vertex 371.99233135116555 -384.8040735011678 99.47641901868454
  endloop
endfacet
facet normal 0.7352878122146089 0.3045661840669307 -0.6054678131259849
  outer loop
    vertex 372.98726884414987 -384.2296460717662 102.25000000000551
    vertex 375.1062784762019 -384.6105889628821 104.63172798365082
    vertex 373.3409870549776 -385.0835973736047 102.25000000000551
  endloop
endfacet
facet normal 0.7352878122146089 0.3045661840669307 -0.6054678131259849
  outer loop
    vertex 375.1062784762019 -384.6105889628821 104.63172798365082
    vertex 372.98726884414987 -384.2296460717662 102.25000000000551
    vertex 374.5699858336486 -383.31586399182834 104.63172798365082
  endloop
endfacet
facet normal 0.9878987208882903 0.13005933396834818 0.08450258525624932
  outer loop
    vertex 231.20872740113796 -390.7767813368363 103.00000000000013
    vertex 230.96950365201866 -390.2591432466319 105.00000000000018
    vertex 231.0434812523956 -390.8210589089447 105.00000000000018
  endloop
endfacet
facet normal 0.9878987208882903 0.13005933396834818 0.08450258525624932
  outer loop
    vertex 230.96950365201866 -390.2591432466319 105.00000000000018
    vertex 231.20872740113796 -390.7767813368363 103.00000000000013
    vertex 231.1405790537161 -390.25914324663125 103.00000000000013
  endloop
endfacet
facet normal 0.48449483243746194 -0.6314059586429879 -0.605467813125954
  outer loop
    vertex 246.55645127983993 -394.2663740384137 104.63172798365076
    vertex 240.7840907151426 -396.4117754434853 102.25000000000551
    vertex 245.6426691999018 -392.6836570489155 102.25000000000544
  endloop
endfacet
facet normal 0.48449483243746194 -0.6314059586429879 -0.605467813125954
  outer loop
    vertex 240.7840907151426 -396.4117754434853 102.25000000000551
    vertex 246.55645127983993 -394.2663740384137 104.63172798365076
    vertex 242.07637372564386 -397.7040584539869 104.63172798365076
  endloop
endfacet
facet normal 0.0798888017734431 0.6068156946313626 -0.7908176098824938
  outer loop
    vertex 371.434554914306 -380.3510595889042 105.00000000000018
    vertex 369.9209258930604 -380.6317279836507 104.63172798365082
    vertex 369.9209258930604 -380.1517865478366 105.00000000000018
  endloop
endfacet
facet normal 0.0798888017734431 0.6068156946313626 -0.7908176098824938
  outer loop
    vertex 369.9209258930604 -380.6317279836507 104.63172798365082
    vertex 371.434554914306 -380.3510595889042 105.00000000000018
    vertex 371.3103369301831 -380.81464741686364 104.63172798365082
  endloop
endfacet
facet normal 0.5631251684765091 0.7338790076441071 -0.3798837279584427
  outer loop
    vertex 371.6912798212991 -382.9336570489157 102.25000000000551
    vertex 371.61222136731806 -384.30870452574777 99.47641901868454
    vertex 371.11685239189774 -383.9285945419003 99.47641901868454
  endloop
endfacet
facet normal 0.5631251684765091 0.7338790076441071 -0.3798837279584427
  outer loop
    vertex 371.61222136731806 -384.30870452574777 99.47641901868454
    vertex 371.6912798212991 -382.9336570489157 102.25000000000551
    vertex 372.4245844285768 -383.4963414644888 102.25000000000551
  endloop
endfacet
facet normal 0.13052619222079215 -0.991444861373713 1.6199290139093922e-14
  outer loop
    vertex 228.16299300357053 -389.5091432466314 105.00000000000018
    vertex 227.96887871974388 -389.53469887691494 95.00000000000017
    vertex 228.16299300357053 -389.50914324663177 95.00000000000017
  endloop
endfacet
facet normal 0.13052619222079215 -0.991444861373713 1.6199290139093922e-14
  outer loop
    vertex 227.96887871974388 -389.53469887691494 95.00000000000017
    vertex 228.16299300357053 -389.5091432466314 105.00000000000018
    vertex 227.96887871974388 -389.53469887691494 105.00000000000018
  endloop
endfacet
facet normal 0.786680272595524 -0.6036410040731467 -0.12942830799556712
  outer loop
    vertex 371.3351394554331 -387.41421356237873 96.50000000000551
    vertex 371.99233135116555 -387.19592649884333 99.47641901868454
    vertex 371.61222136731806 -387.6912954742633 99.47641901868454
  endloop
endfacet
facet normal 0.786680272595524 -0.6036410040731467 -0.12942830799556712
  outer loop
    vertex 371.99233135116555 -387.19592649884333 99.47641901868454
    vertex 371.3351394554331 -387.41421356237873 96.50000000000551
    vertex 371.6529767006294 -387.00000000000546 96.50000000000551
  endloop
endfacet
facet normal -0.9238795325112602 -0.3826834323651535 7.813920528810203e-15
  outer loop
    vertex 228.81251205640947 -389.88414324663177 105.00000000000018
    vertex 228.88743737328716 -390.0650289628046 95.00000000000017
    vertex 228.88743737328775 -390.0650289628046 105.00000000000018
  endloop
endfacet
facet normal -0.9238795325112602 -0.3826834323651535 7.813920528810203e-15
  outer loop
    vertex 228.88743737328716 -390.0650289628046 95.00000000000017
    vertex 228.81251205640947 -389.88414324663177 105.00000000000018
    vertex 228.81251205640947 -389.88414324663154 95.00000000000017
  endloop
endfacet
facet normal 0.4844948324374422 0.6314059586429712 -0.605467813125987
  outer loop
    vertex 372.60506190123715 -381.3509400594172 104.63172798365082
    vertex 372.4245844285768 -383.4963414644888 102.25000000000551
    vertex 371.6912798212991 -382.9336570489157 102.25000000000551
  endloop
endfacet
facet normal 0.4844948324374422 0.6314059586429712 -0.605467813125987
  outer loop
    vertex 372.4245844285768 -383.4963414644888 102.25000000000551
    vertex 372.60506190123715 -381.3509400594172 104.63172798365082
    vertex 373.71686743907867 -382.20405845398716 104.63172798365082
  endloop
endfacet
facet normal 0.7905157216712956 -0.6065840476599139 0.0845025852564632
  outer loop
    vertex 231.72636549134296 -388.8449296842583 103.00000000000013
    vertex 231.2603726023136 -389.1736055457831 105.00000000000018
    vertex 231.40852824614674 -389.2591432466315 103.00000000000013
  endloop
endfacet
facet normal 0.7905157216712956 -0.6065840476599139 0.0845025852564632
  outer loop
    vertex 231.2603726023136 -389.1736055457831 105.00000000000018
    vertex 231.72636549134296 -388.8449296842583 103.00000000000013
    vertex 231.60539691470754 -388.72396110762406 105.00000000000018
  endloop
endfacet
facet normal 0.2342578325721499 0.5655753165381904 -0.790726140456558
  outer loop
    vertex 225.5279182650508 -375.92715533526444 105.00000000000018
    vertex 233.3653974677225 -379.6882680592856 104.63172798365088
    vertex 225.28812990388877 -376.3425542874295 104.63172798365088
  endloop
endfacet
facet normal 0.2342578325721499 0.5655753165381904 -0.790726140456558
  outer loop
    vertex 233.3653974677225 -379.6882680592856 104.63172798365088
    vertex 225.5279182650508 -375.92715533526444 105.00000000000018
    vertex 233.48961545184534 -379.2246802313265 105.00000000000018
  endloop
endfacet
facet normal 0.5654622078528375 0.23422211550206587 -0.790817609882286
  outer loop
    vertex 374.9856273093923 -383.0758932739211 105.00000000000018
    vertex 375.1062784762019 -384.6105889628821 104.63172798365082
    vertex 374.5699858336486 -383.31586399182834 104.63172798365082
  endloop
endfacet
facet normal 0.5654622078528375 0.23422211550206587 -0.790817609882286
  outer loop
    vertex 375.1062784762019 -384.6105889628821 104.63172798365082
    vertex 374.9856273093923 -383.0758932739211 105.00000000000018
    vertex 375.5698663041608 -384.48637097875985 105.00000000000018
  endloop
endfacet
facet normal 0.9238795325114763 -0.3826834323646322 -1.886447291595841e-14
  outer loop
    vertex 227.4385486338539 -390.0650289628046 95.00000000000017
    vertex 227.51347395073276 -389.88414324663154 105.00000000000018
    vertex 227.4385486338539 -390.06502896280494 105.00000000000018
  endloop
endfacet
facet normal 0.9238795325114763 -0.3826834323646322 -1.886447291595841e-14
  outer loop
    vertex 227.51347395073276 -389.88414324663154 105.00000000000018
    vertex 227.4385486338539 -390.0650289628046 95.00000000000017
    vertex 227.51347395073276 -389.88414324663154 95.00000000000017
  endloop
endfacet
facet normal -0.8066653822105752 0.042233520608989245 -0.5894974901388782
  outer loop
    vertex 225.00404325530747 -413.0000000000056 104.63172798365076
    vertex 227.70962224026738 -420.9480946431003 100.36000000000544
    vertex 226.01494247589207 -421.40218271739394 102.64645886430486
  endloop
endfacet
facet normal 0.30456618406693015 -0.7352878122146266 -0.6054678131259636
  outer loop
    vertex 372.60506190123715 -390.64905994059393 104.63172798365082
    vertex 370.8373285194606 -389.4200611619231 102.25000000000551
    vertex 371.6912798212997 -389.06634295109546 102.25000000000551
  endloop
endfacet
facet normal 0.30456618406693015 -0.7352878122146266 -0.6054678131259636
  outer loop
    vertex 370.8373285194606 -389.4200611619231 102.25000000000551
    vertex 372.60506190123715 -390.64905994059393 104.63172798365082
    vertex 371.3103369301831 -391.1853525831475 104.63172798365082
  endloop
endfacet
facet normal 0.30456618406692776 0.7352878122146073 -0.6054678131259884
  outer loop
    vertex 371.3103369301831 -380.81464741686364 104.63172798365082
    vertex 371.6912798212991 -382.9336570489157 102.25000000000551
    vertex 370.8373285194606 -382.579938838088 102.25000000000551
  endloop
endfacet
facet normal 0.30456618406692776 0.7352878122146073 -0.6054678131259884
  outer loop
    vertex 371.6912798212991 -382.9336570489157 102.25000000000551
    vertex 371.3103369301831 -380.81464741686364 104.63172798365082
    vertex 372.60506190123715 -381.3509400594172 104.63172798365082
  endloop
endfacet
facet normal -2.7390274645324732e-15 0.923879532511293 -0.3826834323650749
  outer loop
    vertex 257.3723152716618 -436.45929214352645 102.25000000000551
    vertex 371.7691393452287 -437.6081470023294 99.47641901868461
    vertex 257.3723152716618 -437.6081470023297 99.47641901868447
  endloop
endfacet
facet normal -2.7390274645324732e-15 0.923879532511293 -0.3826834323650749
  outer loop
    vertex 371.7691393452287 -437.6081470023294 99.47641901868461
    vertex 257.3723152716618 -436.45929214352645 102.25000000000551
    vertex 371.7691393452287 -436.45929214352617 102.25000000000557
  endloop
endfacet
facet normal -0.7933533402909977 -0.60876142900903 -6.124262354012192e-15
  outer loop
    vertex 228.6933230894605 -389.7288131607419 105.00000000000018
    vertex 228.81251205640947 -389.88414324663154 95.00000000000017
    vertex 228.81251205640947 -389.88414324663177 105.00000000000018
  endloop
endfacet
facet normal -0.7933533402909977 -0.60876142900903 -6.124262354012192e-15
  outer loop
    vertex 228.81251205640947 -389.88414324663154 95.00000000000017
    vertex 228.6933230894605 -389.7288131607419 105.00000000000018
    vertex 228.6933230894605 -389.72881316074165 95.00000000000017
  endloop
endfacet
facet normal 0.9171204481621553 -0.12074119758901984 -0.37988372795845937
  outer loop
    vertex 233.60267054499877 -406.63094289112144 99.47641901868447
    vertex 233.9130231281407 -413.00000000000534 102.25000000000551
    vertex 232.764168269338 -413.00000000000534 99.47641901868447
  endloop
endfacet
facet normal 0.9171204481621553 -0.12074119758901984 -0.37988372795845937
  outer loop
    vertex 233.9130231281407 -413.00000000000534 102.25000000000551
    vertex 233.60267054499877 -406.63094289112144 99.47641901868447
    vertex 234.71237912377507 -406.928288408638 102.25000000000551
  endloop
endfacet
facet normal -0.13052619222076828 0.991444861373716 -1.5257122597009734e-14
  outer loop
    vertex 228.16299300357053 -391.0091432466317 105.00000000000018
    vertex 228.35710728739775 -390.9835876163485 95.00000000000017
    vertex 228.16299300357053 -391.0091432466317 95.00000000000017
  endloop
endfacet
facet normal -0.13052619222076828 0.991444861373716 -1.5257122597009734e-14
  outer loop
    vertex 228.35710728739775 -390.9835876163485 95.00000000000017
    vertex 228.16299300357053 -391.0091432466317 105.00000000000018
    vertex 228.35710728739718 -390.9835876163482 105.00000000000018
  endloop
endfacet
facet normal 0.6068156946316526 0.07988880177350208 -0.7908176098822655
  outer loop
    vertex 375.5698663041608 -384.48637097875985 105.00000000000018
    vertex 375.2891979094151 -386.0000000000057 104.63172798365082
    vertex 375.1062784762019 -384.6105889628821 104.63172798365082
  endloop
endfacet
facet normal 0.6068156946316526 0.07988880177350208 -0.7908176098822655
  outer loop
    vertex 375.2891979094151 -386.0000000000057 104.63172798365082
    vertex 375.5698663041608 -384.48637097875985 105.00000000000018
    vertex 375.769139345229 -386.00000000000597 105.00000000000018
  endloop
endfacet
facet normal 0.0 0.0 0.9999999999999999
  outer loop
    vertex 231.20872740113796 -390.7767813368363 103.00000000000013
    vertex 231.20872740113796 -389.7415051564263 103.00000000000013
    vertex 231.1405790537161 -390.25914324663125 103.00000000000013
  endloop
endfacet
facet normal 0.0 0.0 0.9999999999999999
  outer loop
    vertex 231.20872740113796 -389.7415051564263 103.00000000000013
    vertex 231.20872740113796 -390.7767813368363 103.00000000000013
    vertex 231.40852824614674 -391.25914324663137 103.00000000000013
  endloop
endfacet
facet normal 0.0 0.0 0.9999999999999999
  outer loop
    vertex 231.20872740113796 -389.7415051564263 103.00000000000013
    vertex 231.40852824614674 -391.25914324663137 103.00000000000013
    vertex 231.40852824614674 -389.2591432466315 103.00000000000013
  endloop
endfacet
facet normal 0.0 0.0 0.9999999999999999
  outer loop
    vertex 231.40852824614674 -389.2591432466315 103.00000000000013
    vertex 231.40852824614674 -391.25914324663137 103.00000000000013
    vertex 231.72636549134296 -391.67335680900453 103.00000000000013
  endloop
endfacet
facet normal 0.0 0.0 0.9999999999999999
  outer loop
    vertex 231.40852824614674 -389.2591432466315 103.00000000000013
    vertex 231.72636549134296 -391.67335680900453 103.00000000000013
    vertex 231.72636549134296 -388.8449296842583 103.00000000000013
  endloop
endfacet
facet normal 0.0 0.0 0.9999999999999999
  outer loop
    vertex 231.72636549134296 -388.8449296842583 103.00000000000013
    vertex 231.72636549134296 -391.67335680900453 103.00000000000013
    vertex 232.14057905371587 -391.9911940542002 103.00000000000013
  endloop
endfacet
facet normal 0.0 0.0 0.9999999999999999
  outer loop
    vertex 231.72636549134296 -388.8449296842583 103.00000000000013
    vertex 232.14057905371587 -391.9911940542002 103.00000000000013
    vertex 232.14057905371587 -388.5270924390624 103.00000000000013
  endloop
endfacet
facet normal 0.0 0.0 0.9999999999999999
  outer loop
    vertex 232.14057905371587 -388.5270924390624 103.00000000000013
    vertex 232.14057905371587 -391.9911940542002 103.00000000000013
    vertex 232.6229409635112 -392.1909948992095 103.00000000000013
  endloop
endfacet
facet normal 0.0 0.0 0.9999999999999999
  outer loop
    vertex 232.14057905371587 -388.5270924390624 103.00000000000013
    vertex 232.6229409635112 -392.1909948992095 103.00000000000013
    vertex 232.6229409635112 -388.3272915940533 103.00000000000013
  endloop
endfacet
facet normal 0.0 0.0 0.9999999999999999
  outer loop
    vertex 232.6229409635112 -388.3272915940533 103.00000000000013
    vertex 232.6229409635112 -392.1909948992095 103.00000000000013
    vertex 233.14057905371564 -392.2591432466314 103.00000000000013
  endloop
endfacet
facet normal 0.0 0.0 0.9999999999999999
  outer loop
    vertex 232.6229409635112 -388.3272915940533 103.00000000000013
    vertex 233.14057905371564 -392.2591432466314 103.00000000000013
    vertex 233.14057905371564 -388.2591432466314 103.00000000000013
  endloop
endfacet
facet normal 0.0 0.0 0.9999999999999999
  outer loop
    vertex 233.14057905371564 -388.2591432466314 103.00000000000013
    vertex 233.14057905371564 -392.2591432466314 103.00000000000013
    vertex 233.6582171439212 -392.1909948992095 103.00000000000013
  endloop
endfacet
facet normal 0.0 0.0 0.9999999999999999
  outer loop
    vertex 233.14057905371564 -388.2591432466314 103.00000000000013
    vertex 233.6582171439212 -392.1909948992095 103.00000000000013
    vertex 233.6582171439212 -388.3272915940533 103.00000000000013
  endloop
endfacet
facet normal 0.0 0.0 0.9999999999999999
  outer loop
    vertex 233.6582171439212 -388.3272915940533 103.00000000000013
    vertex 233.6582171439212 -392.1909948992095 103.00000000000013
    vertex 234.14057905371655 -391.9911940542002 103.00000000000013
  endloop
endfacet
facet normal 0.0 0.0 0.9999999999999999
  outer loop
    vertex 233.6582171439212 -388.3272915940533 103.00000000000013
    vertex 234.14057905371655 -391.9911940542002 103.00000000000013
    vertex 234.140579053716 -388.5270924390624 103.00000000000013
  endloop
endfacet
facet normal 0.0 0.0 0.9999999999999999
  outer loop
    vertex 234.140579053716 -388.5270924390624 103.00000000000013
    vertex 234.14057905371655 -391.9911940542002 103.00000000000013
    vertex 234.5547926160889 -388.8449296842583 103.00000000000013
  endloop
endfacet
facet normal 0.0 0.0 0.9999999999999999
  outer loop
    vertex 234.5547926160889 -388.8449296842583 103.00000000000013
    vertex 234.14057905371655 -391.9911940542002 103.00000000000013
    vertex 234.5547926160889 -391.67335680900453 103.00000000000013
  endloop
endfacet
facet normal 0.0 0.0 0.9999999999999999
  outer loop
    vertex 234.5547926160889 -388.8449296842583 103.00000000000013
    vertex 234.5547926160889 -391.67335680900453 103.00000000000013
    vertex 234.87262986128457 -391.25914324663137 103.00000000000013
  endloop
endfacet
facet normal 0.0 0.0 0.9999999999999999
  outer loop
    vertex 234.5547926160889 -388.8449296842583 103.00000000000013
    vertex 234.87262986128457 -391.25914324663137 103.00000000000013
    vertex 234.87262986128457 -389.2591432466312 103.00000000000013
  endloop
endfacet
facet normal 0.0 0.0 0.9999999999999999
  outer loop
    vertex 234.87262986128457 -389.2591432466312 103.00000000000013
    vertex 234.87262986128457 -391.25914324663137 103.00000000000013
    vertex 235.07243070629448 -390.7767813368363 103.00000000000013
  endloop
endfacet
facet normal 0.0 0.0 0.9999999999999999
  outer loop
    vertex 234.87262986128457 -389.2591432466312 103.00000000000013
    vertex 235.07243070629448 -390.7767813368363 103.00000000000013
    vertex 235.07243070629448 -389.7415051564263 103.00000000000013
  endloop
endfacet
facet normal 0.0 0.0 0.9999999999999999
  outer loop
    vertex 235.07243070629448 -389.7415051564263 103.00000000000013
    vertex 235.07243070629448 -390.7767813368363 103.00000000000013
    vertex 235.14057905371632 -390.25914324663125 103.00000000000013
  endloop
endfacet
facet normal 0.9238795325113685 0.3826834323648928 1.333919672238807e-14
  outer loop
    vertex 227.4385486338539 -390.45325753045853 95.00000000000017
    vertex 227.51347395073276 -390.6341432466316 105.00000000000018
    vertex 227.51347395073276 -390.6341432466316 95.00000000000017
  endloop
endfacet
facet normal 0.9238795325113685 0.3826834323648928 1.333919672238807e-14
  outer loop
    vertex 227.51347395073276 -390.6341432466316 105.00000000000018
    vertex 227.4385486338539 -390.45325753045853 95.00000000000017
    vertex 227.4385486338539 -390.45325753045853 105.00000000000018
  endloop
endfacet
facet normal 0.38268343236426333 -0.923879532511629 2.762295465242998e-15
  outer loop
    vertex 227.96887871974388 -389.53469887691494 105.00000000000018
    vertex 227.78799300357105 -389.60962419379325 95.00000000000017
    vertex 227.96887871974388 -389.53469887691494 95.00000000000017
  endloop
endfacet
facet normal 0.38268343236426333 -0.923879532511629 2.762295465242998e-15
  outer loop
    vertex 227.78799300357105 -389.60962419379325 95.00000000000017
    vertex 227.96887871974388 -389.53469887691494 105.00000000000018
    vertex 227.78799300357105 -389.60962419379325 105.00000000000018
  endloop
endfacet
facet normal -0.7933533402910931 0.608761429008906 9.186748691246116e-15
  outer loop
    vertex 228.81251205640947 -390.6341432466319 105.00000000000018
    vertex 228.6933230894605 -390.78947333252154 95.00000000000017
    vertex 228.6933230894605 -390.78947333252216 105.00000000000018
  endloop
endfacet
facet normal -0.7933533402910931 0.608761429008906 9.186748691246116e-15
  outer loop
    vertex 228.6933230894605 -390.78947333252154 95.00000000000017
    vertex 228.81251205640947 -390.6341432466319 105.00000000000018
    vertex 228.81251205640947 -390.6341432466316 95.00000000000017
  endloop
endfacet
facet normal 0.9914448613738857 0.1305261922194807 3.673908980180275e-15
  outer loop
    vertex 227.4129930035704 -390.2591432466316 95.00000000000017
    vertex 227.4385486338539 -390.45325753045853 105.00000000000018
    vertex 227.4385486338539 -390.45325753045853 95.00000000000017
  endloop
endfacet
facet normal 0.9914448613738857 0.1305261922194807 3.673908980180275e-15
  outer loop
    vertex 227.4385486338539 -390.45325753045853 105.00000000000018
    vertex 227.4129930035704 -390.2591432466316 95.00000000000017
    vertex 227.412993003571 -390.2591432466319 105.00000000000018
  endloop
endfacet
facet normal 0.7905157216711909 0.6065840476600439 0.0845025852565106
  outer loop
    vertex 231.72636549134296 -391.67335680900453 103.00000000000013
    vertex 231.26037260231416 -391.3446809474807 105.00000000000018
    vertex 231.60539691470754 -391.79432538563935 105.00000000000018
  endloop
endfacet
facet normal 0.7905157216711909 0.6065840476600439 0.0845025852565106
  outer loop
    vertex 231.26037260231416 -391.3446809474807 105.00000000000018
    vertex 231.72636549134296 -391.67335680900453 103.00000000000013
    vertex 231.40852824614674 -391.25914324663137 103.00000000000013
  endloop
endfacet
facet normal 0.0 0.0 0.9999999999999999
  outer loop
    vertex 227.4385486338539 -390.45325753045853 95.00000000000017
    vertex 227.4385486338539 -390.0650289628046 95.00000000000017
    vertex 227.4129930035704 -390.2591432466316 95.00000000000017
  endloop
endfacet
facet normal 0.0 0.0 0.9999999999999999
  outer loop
    vertex 227.4385486338539 -390.0650289628046 95.00000000000017
    vertex 227.4385486338539 -390.45325753045853 95.00000000000017
    vertex 227.51347395073276 -390.6341432466316 95.00000000000017
  endloop
endfacet
facet normal 0.0 0.0 0.9999999999999999
  outer loop
    vertex 227.4385486338539 -390.0650289628046 95.00000000000017
    vertex 227.51347395073276 -390.6341432466316 95.00000000000017
    vertex 227.51347395073276 -389.88414324663154 95.00000000000017
  endloop
endfacet
facet normal 0.0 0.0 0.9999999999999999
  outer loop
    vertex 227.51347395073276 -389.88414324663154 95.00000000000017
    vertex 227.51347395073276 -390.6341432466316 95.00000000000017
    vertex 227.63266291768056 -390.78947333252154 95.00000000000017
  endloop
endfacet
facet normal 0.0 0.0 0.9999999999999999
  outer loop
    vertex 227.51347395073276 -389.88414324663154 95.00000000000017
    vertex 227.63266291768056 -390.78947333252154 95.00000000000017
    vertex 227.63266291768056 -389.72881316074165 95.00000000000017
  endloop
endfacet
facet normal 0.0 0.0 0.9999999999999999
  outer loop
    vertex 227.63266291768056 -389.72881316074165 95.00000000000017
    vertex 227.63266291768056 -390.78947333252154 95.00000000000017
    vertex 227.78799300357105 -390.9086622994699 95.00000000000017
  endloop
endfacet
facet normal 0.0 0.0 0.9999999999999999
  outer loop
    vertex 227.63266291768056 -389.72881316074165 95.00000000000017
    vertex 227.78799300357105 -390.9086622994699 95.00000000000017
    vertex 227.78799300357105 -389.60962419379325 95.00000000000017
  endloop
endfacet
facet normal 0.0 0.0 0.9999999999999999
  outer loop
    vertex 227.78799300357105 -389.60962419379325 95.00000000000017
    vertex 227.78799300357105 -390.9086622994699 95.00000000000017
    vertex 227.96887871974388 -390.9835876163485 95.00000000000017
  endloop
endfacet
facet normal 0.0 0.0 0.9999999999999999
  outer loop
    vertex 227.78799300357105 -389.60962419379325 95.00000000000017
    vertex 227.96887871974388 -390.9835876163485 95.00000000000017
    vertex 227.96887871974388 -389.53469887691494 95.00000000000017
  endloop
endfacet
facet normal 0.0 0.0 0.9999999999999999
  outer loop
    vertex 227.96887871974388 -389.53469887691494 95.00000000000017
    vertex 227.96887871974388 -390.9835876163485 95.00000000000017
    vertex 228.16299300357053 -391.0091432466317 95.00000000000017
  endloop
endfacet
facet normal 0.0 0.0 0.9999999999999999
  outer loop
    vertex 227.96887871974388 -389.53469887691494 95.00000000000017
    vertex 228.16299300357053 -391.0091432466317 95.00000000000017
    vertex 228.16299300357053 -389.50914324663177 95.00000000000017
  endloop
endfacet
facet normal 0.0 0.0 0.9999999999999999
  outer loop
    vertex 228.16299300357053 -389.50914324663177 95.00000000000017
    vertex 228.16299300357053 -391.0091432466317 95.00000000000017
    vertex 228.35710728739775 -390.9835876163485 95.00000000000017
  endloop
endfacet
facet normal 0.0 0.0 0.9999999999999999
  outer loop
    vertex 228.16299300357053 -389.50914324663177 95.00000000000017
    vertex 228.35710728739775 -390.9835876163485 95.00000000000017
    vertex 228.35710728739775 -389.53469887691494 95.00000000000017
  endloop
endfacet
facet normal 0.0 0.0 0.9999999999999999
  outer loop
    vertex 228.35710728739775 -389.53469887691494 95.00000000000017
    vertex 228.35710728739775 -390.9835876163485 95.00000000000017
    vertex 228.5379930035712 -390.9086622994699 95.00000000000017
  endloop
endfacet
facet normal 0.0 0.0 0.9999999999999999
  outer loop
    vertex 228.35710728739775 -389.53469887691494 95.00000000000017
    vertex 228.5379930035712 -390.9086622994699 95.00000000000017
    vertex 228.5379930035712 -389.60962419379325 95.00000000000017
  endloop
endfacet
facet normal 0.0 0.0 0.9999999999999999
  outer loop
    vertex 228.5379930035712 -389.60962419379325 95.00000000000017
    vertex 228.5379930035712 -390.9086622994699 95.00000000000017
    vertex 228.6933230894605 -390.78947333252154 95.00000000000017
  endloop
endfacet
facet normal 0.0 0.0 0.9999999999999999
  outer loop
    vertex 228.5379930035712 -389.60962419379325 95.00000000000017
    vertex 228.6933230894605 -390.78947333252154 95.00000000000017
    vertex 228.6933230894605 -389.72881316074165 95.00000000000017
  endloop
endfacet
facet normal 0.0 0.0 0.9999999999999999
  outer loop
    vertex 228.6933230894605 -389.72881316074165 95.00000000000017
    vertex 228.6933230894605 -390.78947333252154 95.00000000000017
    vertex 228.81251205640947 -390.6341432466316 95.00000000000017
  endloop
endfacet
facet normal 0.0 0.0 0.9999999999999999
  outer loop
    vertex 228.6933230894605 -389.72881316074165 95.00000000000017
    vertex 228.81251205640947 -390.6341432466316 95.00000000000017
    vertex 228.81251205640947 -389.88414324663154 95.00000000000017
  endloop
endfacet
facet normal 0.0 0.0 0.9999999999999999
  outer loop
    vertex 228.81251205640947 -389.88414324663154 95.00000000000017
    vertex 228.81251205640947 -390.6341432466316 95.00000000000017
    vertex 228.88743737328716 -390.45325753045853 95.00000000000017
  endloop
endfacet
facet normal 0.0 0.0 0.9999999999999999
  outer loop
    vertex 228.81251205640947 -389.88414324663154 95.00000000000017
    vertex 228.88743737328716 -390.45325753045853 95.00000000000017
    vertex 228.88743737328716 -390.0650289628046 95.00000000000017
  endloop
endfacet
facet normal 0.0 0.0 0.9999999999999999
  outer loop
    vertex 228.88743737328716 -390.0650289628046 95.00000000000017
    vertex 228.88743737328716 -390.45325753045853 95.00000000000017
    vertex 228.91299300357065 -390.2591432466316 95.00000000000017
  endloop
endfacet
facet normal -0.6087614290085276 0.7933533402913834 1.8514533250077158e-14
  outer loop
    vertex 228.5379930035712 -390.9086622994699 105.00000000000018
    vertex 228.6933230894605 -390.78947333252154 95.00000000000017
    vertex 228.5379930035712 -390.9086622994699 95.00000000000017
  endloop
endfacet
facet normal -0.6087614290085276 0.7933533402913834 1.8514533250077158e-14
  outer loop
    vertex 228.6933230894605 -390.78947333252154 95.00000000000017
    vertex 228.5379930035712 -390.9086622994699 105.00000000000018
    vertex 228.6933230894605 -390.78947333252216 105.00000000000018
  endloop
endfacet
facet normal 0.9878987208883447 -0.13005933396790909 0.0845025852562898
  outer loop
    vertex 231.1405790537161 -390.25914324663125 103.00000000000013
    vertex 231.043481252395 -389.69722758431897 105.00000000000018
    vertex 230.96950365201866 -390.2591432466319 105.00000000000018
  endloop
endfacet
facet normal 0.9878987208883447 -0.13005933396790909 0.0845025852562898
  outer loop
    vertex 231.043481252395 -389.69722758431897 105.00000000000018
    vertex 231.1405790537161 -390.25914324663125 103.00000000000013
    vertex 231.20872740113796 -389.7415051564263 103.00000000000013
  endloop
endfacet
facet normal -0.3826834323646646 0.9238795325114628 -1.2648451540308591e-14
  outer loop
    vertex 228.35710728739718 -390.9835876163482 105.00000000000018
    vertex 228.5379930035712 -390.9086622994699 95.00000000000017
    vertex 228.35710728739775 -390.9835876163485 95.00000000000017
  endloop
endfacet
facet normal -0.3826834323646646 0.9238795325114628 -1.2648451540308591e-14
  outer loop
    vertex 228.5379930035712 -390.9086622994699 95.00000000000017
    vertex 228.35710728739718 -390.9835876163482 105.00000000000018
    vertex 228.5379930035712 -390.9086622994699 105.00000000000018
  endloop
endfacet
facet normal -0.606584047659932 0.7905157216713237 0.08450258525607085
  outer loop
    vertex 234.2261167545647 -392.1393496980328 105.00000000000018
    vertex 234.5547926160889 -391.67335680900453 103.00000000000013
    vertex 234.14057905371655 -391.9911940542002 103.00000000000013
  endloop
endfacet
facet normal -0.606584047659932 0.7905157216713237 0.08450258525607085
  outer loop
    vertex 234.5547926160889 -391.67335680900453 103.00000000000013
    vertex 234.2261167545647 -392.1393496980328 105.00000000000018
    vertex 234.6757611927237 -391.79432538563884 105.00000000000018
  endloop
endfacet
facet normal -0.7905157216711234 0.6065840476601811 0.08450258525615607
  outer loop
    vertex 235.02078550511766 -391.34468094748 105.00000000000018
    vertex 234.5547926160889 -391.67335680900453 103.00000000000013
    vertex 234.6757611927237 -391.79432538563884 105.00000000000018
  endloop
endfacet
facet normal -0.7905157216711234 0.6065840476601811 0.08450258525615607
  outer loop
    vertex 234.5547926160889 -391.67335680900453 103.00000000000013
    vertex 235.02078550511766 -391.34468094748 105.00000000000018
    vertex 234.87262986128457 -391.25914324663137 103.00000000000013
  endloop
endfacet
facet normal 0.9914448613738026 -0.1305261922201102 -1.6294518788161397e-14
  outer loop
    vertex 227.4129930035704 -390.2591432466316 95.00000000000017
    vertex 227.4385486338539 -390.06502896280494 105.00000000000018
    vertex 227.412993003571 -390.2591432466319 105.00000000000018
  endloop
endfacet
facet normal 0.9914448613738026 -0.1305261922201102 -1.6294518788161397e-14
  outer loop
    vertex 227.4385486338539 -390.06502896280494 105.00000000000018
    vertex 227.4129930035704 -390.2591432466316 95.00000000000017
    vertex 227.4385486338539 -390.0650289628046 95.00000000000017
  endloop
endfacet
facet normal -0.6087614290080761 -0.7933533402917298 -2.6205161477583296e-14
  outer loop
    vertex 228.6933230894605 -389.7288131607419 105.00000000000018
    vertex 228.5379930035712 -389.60962419379325 95.00000000000017
    vertex 228.6933230894605 -389.72881316074165 95.00000000000017
  endloop
endfacet
facet normal -0.6087614290080761 -0.7933533402917298 -2.6205161477583296e-14
  outer loop
    vertex 228.5379930035712 -389.60962419379325 95.00000000000017
    vertex 228.6933230894605 -389.7288131607419 105.00000000000018
    vertex 228.53799300357002 -389.6096241937935 105.00000000000018
  endloop
endfacet
facet normal -0.9238795325111727 0.38268343236536495 7.715753206562405e-15
  outer loop
    vertex 228.88743737328775 -390.4532575304588 105.00000000000018
    vertex 228.81251205640947 -390.6341432466316 95.00000000000017
    vertex 228.81251205640947 -390.6341432466319 105.00000000000018
  endloop
endfacet
facet normal -0.9238795325111727 0.38268343236536495 7.715753206562405e-15
  outer loop
    vertex 228.81251205640947 -390.6341432466316 95.00000000000017
    vertex 228.88743737328775 -390.4532575304588 105.00000000000018
    vertex 228.88743737328716 -390.45325753045853 95.00000000000017
  endloop
endfacet
facet normal 0.38268343236723734 0.9238795325103971 -2.6678429969858604e-14
  outer loop
    vertex 227.78799300357105 -390.90866229946937 105.00000000000021
    vertex 227.96887871974388 -390.9835876163485 95.00000000000017
    vertex 227.78799300357105 -390.9086622994699 95.00000000000017
  endloop
endfacet
facet normal 0.38268343236723734 0.9238795325103971 -2.6678429969858604e-14
  outer loop
    vertex 227.96887871974388 -390.9835876163485 95.00000000000017
    vertex 227.78799300357105 -390.90866229946937 105.00000000000021
    vertex 227.96887871974388 -390.9835876163485 105.00000000000018
  endloop
endfacet
facet normal 0.6087614290073959 0.7933533402922516 -2.35396305760441e-14
  outer loop
    vertex 227.63266291768173 -390.7894733325218 105.00000000000018
    vertex 227.78799300357105 -390.9086622994699 95.00000000000017
    vertex 227.63266291768056 -390.78947333252154 95.00000000000017
  endloop
endfacet
facet normal 0.6087614290073959 0.7933533402922516 -2.35396305760441e-14
  outer loop
    vertex 227.78799300357105 -390.9086622994699 95.00000000000017
    vertex 227.63266291768173 -390.7894733325218 105.00000000000018
    vertex 227.78799300357105 -390.90866229946937 105.00000000000021
  endloop
endfacet
facet normal -0.13005933396855485 0.9878987208882749 0.08450258525611236
  outer loop
    vertex 233.14057905371564 -392.43021864832883 105.00000000000018
    vertex 233.6582171439212 -392.1909948992095 103.00000000000013
    vertex 233.14057905371564 -392.2591432466314 103.00000000000013
  endloop
endfacet
facet normal -0.13005933396855485 0.9878987208882749 0.08450258525611236
  outer loop
    vertex 233.6582171439212 -392.1909948992095 103.00000000000013
    vertex 233.14057905371564 -392.43021864832883 105.00000000000018
    vertex 233.70249471602878 -392.35624104795164 105.00000000000018
  endloop
endfacet
facet normal 0.38268343236459756 0.9238795325114907 6.215678744110356e-15
  outer loop
    vertex 364.78672584648046 -386.45540476901715 105.00000000000018
    vertex 364.9676115626539 -386.5303300858954 95.00000000000023
    vertex 364.7867258464811 -386.45540476901715 95.00000000000023
  endloop
endfacet
facet normal 0.38268343236459756 0.9238795325114907 6.215678744110356e-15
  outer loop
    vertex 364.9676115626539 -386.5303300858954 95.00000000000023
    vertex 364.78672584648046 -386.45540476901715 105.00000000000018
    vertex 364.9676115626539 -386.5303300858954 105.00000000000018
  endloop
endfacet
facet normal 0.38268343236549784 -0.9238795325111178 2.978640413260115e-14
  outer loop
    vertex 364.9676115626539 -385.08144134646153 105.00000000000018
    vertex 364.78672584648046 -385.1563666633404 95.00000000000023
    vertex 364.9676115626539 -385.0814413464618 95.00000000000023
  endloop
endfacet
facet normal 0.38268343236549784 -0.9238795325111178 2.978640413260115e-14
  outer loop
    vertex 364.78672584648046 -385.1563666633404 95.00000000000023
    vertex 364.9676115626539 -385.08144134646153 105.00000000000018
    vertex 364.78672584648046 -385.1563666633401 105.00000000000018
  endloop
endfacet
facet normal 0.3813146732284551 0.9205750556395033 0.08450258525632152
  outer loop
    vertex 232.05504135286773 -392.1393496980331 105.00000000000018
    vertex 232.6229409635112 -392.1909948992095 103.00000000000013
    vertex 232.14057905371587 -391.9911940542002 103.00000000000013
  endloop
endfacet
facet normal 0.3813146732284551 0.9205750556395033 0.08450258525632152
  outer loop
    vertex 232.6229409635112 -392.1909948992095 103.00000000000013
    vertex 232.05504135286773 -392.1393496980331 105.00000000000018
    vertex 232.57866339140367 -392.3562410479522 105.00000000000018
  endloop
endfacet
facet normal 2.54448715932315e-16 -0.6087614290090316 -0.7933533402909965
  outer loop
    vertex 369.9209258930604 -391.3682720163604 104.63172798365082
    vertex 257.3723152716624 -391.848213452174 105.00000000000018
    vertex 257.3723152716624 -391.36827201636015 104.63172798365076
  endloop
endfacet
facet normal 2.54448715932315e-16 -0.6087614290090316 -0.7933533402909965
  outer loop
    vertex 257.3723152716624 -391.848213452174 105.00000000000018
    vertex 369.9209258930604 -391.3682720163604 104.63172798365082
    vertex 369.9209258930604 -391.84821345217364 105.00000000000018
  endloop
endfacet
facet normal 0.48449483243747454 -0.6314059586429676 -0.6054678131259651
  outer loop
    vertex 373.71686743907867 -389.795941546024 104.63172798365082
    vertex 371.6912798212997 -389.06634295109546 102.25000000000551
    vertex 372.4245844285768 -388.50365853552233 102.25000000000551
  endloop
endfacet
facet normal 0.48449483243747454 -0.6314059586429676 -0.6054678131259651
  outer loop
    vertex 371.6912798212997 -389.06634295109546 102.25000000000551
    vertex 373.71686743907867 -389.795941546024 104.63172798365082
    vertex 372.60506190123715 -390.64905994059393 104.63172798365082
  endloop
endfacet
facet normal 0.6065840476600126 -0.7905157216712384 0.08450258525629098
  outer loop
    vertex 232.05504135286654 -388.37893679522983 105.00000000000018
    vertex 231.72636549134296 -388.8449296842583 103.00000000000013
    vertex 232.14057905371587 -388.5270924390624 103.00000000000013
  endloop
endfacet
facet normal 0.6065840476600126 -0.7905157216712384 0.08450258525629098
  outer loop
    vertex 231.72636549134296 -388.8449296842583 103.00000000000013
    vertex 232.05504135286654 -388.37893679522983 105.00000000000018
    vertex 231.60539691470754 -388.72396110762406 105.00000000000018
  endloop
endfacet
facet normal 0.37259357912792557 -0.4855734060786151 -0.7908176098835018
  outer loop
    vertex 373.71686743907867 -389.795941546024 104.63172798365082
    vertex 372.8450326191447 -391.0647014163376 105.00000000000018
    vertex 372.60506190123715 -390.64905994059393 104.63172798365082
  endloop
endfacet
facet normal 0.37259357912792557 -0.4855734060786151 -0.7908176098835018
  outer loop
    vertex 372.8450326191447 -391.0647014163376 105.00000000000018
    vertex 373.71686743907867 -389.795941546024 104.63172798365082
    vertex 374.0562372829175 -390.13531138986315 105.00000000000018
  endloop
endfacet
facet normal -5.116118420006223e-13 -0.8858315352801875 0.46400699467049616
  outer loop
    vertex 368.7691393452306 -440.22317939611696 105.00000000000018
    vertex 371.7691393452287 -442.423179396119 100.7999999999988
    vertex 371.7691393452287 -440.22317939611867 105.00000000000018
  endloop
endfacet
facet normal -0.9889031049777851 -0.07155980520990496 -0.13019156364225937
  outer loop
    vertex 228.37231527166261 -413.0000000000056 96.50000000000544
    vertex 229.13830336923183 -420.56528068835274 94.8400000000056
    vertex 227.98046227398632 -413.0000000000056 99.47641901868447
  endloop
endfacet
facet normal -0.1702946022861172 0.13934910874470902 -0.9754904275923308
  outer loop
    vertex 221.858404808683 -427.42947748996124 104.71687985318911
    vertex 220.23662120917734 -427.42947748995573 105.00000000000018
    vertex 221.63393437586936 -425.7218606122122 105.00000000000018
  endloop
endfacet
facet normal -0.9205750556395746 0.3813146732282895 0.08450258525629364
  outer loop
    vertex 235.23767685503688 -390.82105890894445 105.00000000000018
    vertex 234.87262986128457 -391.25914324663137 103.00000000000013
    vertex 235.02078550511766 -391.34468094748 105.00000000000018
  endloop
endfacet
facet normal -0.9205750556395746 0.3813146732282895 0.08450258525629364
  outer loop
    vertex 234.87262986128457 -391.25914324663137 103.00000000000013
    vertex 235.23767685503688 -390.82105890894445 105.00000000000018
    vertex 235.07243070629448 -390.7767813368363 103.00000000000013
  endloop
endfacet
facet normal 0.6087614290094052 -0.79335334029071 -7.527726836442199e-15
  outer loop
    vertex 227.78799300357105 -389.60962419379325 105.00000000000018
    vertex 227.63266291768056 -389.72881316074165 95.00000000000017
    vertex 227.78799300357105 -389.60962419379325 95.00000000000017
  endloop
endfacet
facet normal 0.6087614290094052 -0.79335334029071 -7.527726836442199e-15
  outer loop
    vertex 227.63266291768056 -389.72881316074165 95.00000000000017
    vertex 227.78799300357105 -389.60962419379325 105.00000000000018
    vertex 227.63266291768056 -389.72881316074216 105.00000000000018
  endloop
endfacet
facet normal -0.9205750556397164 -0.38131467322795987 0.08450258525623332
  outer loop
    vertex 235.23767685503688 -389.69722758431845 105.00000000000018
    vertex 234.87262986128457 -389.2591432466312 103.00000000000013
    vertex 235.07243070629448 -389.7415051564263 103.00000000000013
  endloop
endfacet
facet normal -0.9205750556397164 -0.38131467322795987 0.08450258525623332
  outer loop
    vertex 234.87262986128457 -389.2591432466312 103.00000000000013
    vertex 235.23767685503688 -389.69722758431845 105.00000000000018
    vertex 235.02078550511825 -389.1736055457825 105.00000000000018
  endloop
endfacet
facet normal -0.1300593339683002 -0.9878987208882894 0.08450258525633292
  outer loop
    vertex 233.70249471602878 -388.16204544531064 105.00000000000018
    vertex 233.14057905371564 -388.2591432466314 103.00000000000013
    vertex 233.6582171439212 -388.3272915940533 103.00000000000013
  endloop
endfacet
facet normal -0.1300593339683002 -0.9878987208882894 0.08450258525633292
  outer loop
    vertex 233.14057905371564 -388.2591432466314 103.00000000000013
    vertex 233.70249471602878 -388.16204544531064 105.00000000000018
    vertex 233.14057905371564 -388.0880678449337 105.00000000000018
  endloop
endfacet
facet normal 0.9205750556397369 -0.38131467322786694 0.08450258525643178
  outer loop
    vertex 231.40852824614674 -389.2591432466315 103.00000000000013
    vertex 231.043481252395 -389.69722758431897 105.00000000000018
    vertex 231.20872740113796 -389.7415051564263 103.00000000000013
  endloop
endfacet
facet normal 0.9205750556397369 -0.38131467322786694 0.08450258525643178
  outer loop
    vertex 231.043481252395 -389.69722758431897 105.00000000000018
    vertex 231.40852824614674 -389.2591432466315 103.00000000000013
    vertex 231.2603726023136 -389.1736055457831 105.00000000000018
  endloop
endfacet
facet normal 0.6065840476595574 0.790515721671577 0.08450258525639029
  outer loop
    vertex 231.60539691470754 -391.79432538563935 105.00000000000018
    vertex 232.14057905371587 -391.9911940542002 103.00000000000013
    vertex 231.72636549134296 -391.67335680900453 103.00000000000013
  endloop
endfacet
facet normal 0.6065840476595574 0.790515721671577 0.08450258525639029
  outer loop
    vertex 232.14057905371587 -391.9911940542002 103.00000000000013
    vertex 231.60539691470754 -391.79432538563935 105.00000000000018
    vertex 232.05504135286773 -392.1393496980331 105.00000000000018
  endloop
endfacet
facet normal -0.608761429008894 0.793353340291102 -3.1561348833464726e-14
  outer loop
    vertex 365.53672584648 -386.4554047690168 105.00000000000018
    vertex 365.6920559323706 -386.33621580206875 95.00000000000023
    vertex 365.53672584648064 -386.45540476901715 95.00000000000023
  endloop
endfacet
facet normal -0.608761429008894 0.793353340291102 -3.1561348833464726e-14
  outer loop
    vertex 365.6920559323706 -386.33621580206875 95.00000000000023
    vertex 365.53672584648 -386.4554047690168 105.00000000000018
    vertex 365.6920559323706 -386.33621580206847 105.00000000000018
  endloop
endfacet
facet normal -2.7491237886973703e-15 0.608761429008533 -0.793353340291379
  outer loop
    vertex 369.9209258930604 -380.1517865478366 105.00000000000018
    vertex 242.03337325709526 -380.6317279836513 104.63172798365082
    vertex 242.03337325709526 -380.15178654783716 105.00000000000018
  endloop
endfacet
facet normal -2.7491237886973703e-15 0.608761429008533 -0.793353340291379
  outer loop
    vertex 242.03337325709526 -380.6317279836513 104.63172798365082
    vertex 369.9209258930604 -380.1517865478366 105.00000000000018
    vertex 369.9209258930604 -380.6317279836507 104.63172798365082
  endloop
endfacet
facet normal -0.9878987208882534 -0.13005933396861794 0.08450258525626511
  outer loop
    vertex 235.23767685503688 -389.69722758431845 105.00000000000018
    vertex 235.14057905371632 -390.25914324663125 103.00000000000013
    vertex 235.3116544554138 -390.25914324663125 105.00000000000018
  endloop
endfacet
facet normal -0.9878987208882534 -0.13005933396861794 0.08450258525626511
  outer loop
    vertex 235.14057905371632 -390.25914324663125 103.00000000000013
    vertex 235.23767685503688 -389.69722758431845 105.00000000000018
    vertex 235.07243070629448 -389.7415051564263 103.00000000000013
  endloop
endfacet
facet normal -0.6065840476599353 -0.7905157216712961 0.08450258525630604
  outer loop
    vertex 234.6757611927237 -388.7239611076235 105.00000000000018
    vertex 234.140579053716 -388.5270924390624 103.00000000000013
    vertex 234.5547926160889 -388.8449296842583 103.00000000000013
  endloop
endfacet
facet normal -0.6065840476599353 -0.7905157216712961 0.08450258525630604
  outer loop
    vertex 234.140579053716 -388.5270924390624 103.00000000000013
    vertex 234.6757611927237 -388.7239611076235 105.00000000000018
    vertex 234.2261167545647 -388.37893679522955 105.00000000000018
  endloop
endfacet
facet normal -0.38131467322812057 -0.920575055639643 0.08450258525630956
  outer loop
    vertex 234.2261167545647 -388.37893679522955 105.00000000000018
    vertex 233.6582171439212 -388.3272915940533 103.00000000000013
    vertex 234.140579053716 -388.5270924390624 103.00000000000013
  endloop
endfacet
facet normal -0.38131467322812057 -0.920575055639643 0.08450258525630956
  outer loop
    vertex 233.6582171439212 -388.3272915940533 103.00000000000013
    vertex 234.2261167545647 -388.37893679522955 105.00000000000018
    vertex 233.70249471602878 -388.16204544531064 105.00000000000018
  endloop
endfacet
facet normal -0.13052619222068484 -0.991444861373727 1.2665752827950155e-14
  outer loop
    vertex 228.35710728739775 -389.53469887691494 105.00000000000018
    vertex 228.16299300357053 -389.50914324663177 95.00000000000017
    vertex 228.35710728739775 -389.53469887691494 95.00000000000017
  endloop
endfacet
facet normal -0.13052619222068484 -0.991444861373727 1.2665752827950155e-14
  outer loop
    vertex 228.16299300357053 -389.50914324663177 95.00000000000017
    vertex 228.35710728739775 -389.53469887691494 105.00000000000018
    vertex 228.16299300357053 -389.5091432466314 105.00000000000018
  endloop
endfacet
facet normal 0.13005933396805985 0.9878987208883271 0.08450258525626268
  outer loop
    vertex 232.57866339140367 -392.3562410479522 105.00000000000018
    vertex 233.14057905371564 -392.2591432466314 103.00000000000013
    vertex 232.6229409635112 -392.1909948992095 103.00000000000013
  endloop
endfacet
facet normal 0.13005933396805985 0.9878987208883271 0.08450258525626268
  outer loop
    vertex 233.14057905371564 -392.2591432466314 103.00000000000013
    vertex 232.57866339140367 -392.3562410479522 105.00000000000018
    vertex 233.14057905371564 -392.43021864832883 105.00000000000018
  endloop
endfacet
facet normal 0.381314673228148 -0.9205750556396359 0.08450258525626238
  outer loop
    vertex 232.57866339140307 -388.16204544531064 105.00000000000018
    vertex 232.14057905371587 -388.5270924390624 103.00000000000013
    vertex 232.6229409635112 -388.3272915940533 103.00000000000013
  endloop
endfacet
facet normal 0.381314673228148 -0.9205750556396359 0.08450258525626238
  outer loop
    vertex 232.14057905371587 -388.5270924390624 103.00000000000013
    vertex 232.57866339140307 -388.16204544531064 105.00000000000018
    vertex 232.05504135286654 -388.37893679522983 105.00000000000018
  endloop
endfacet
facet normal -0.3813146732282991 0.9205750556395895 0.08450258525608773
  outer loop
    vertex 233.70249471602878 -392.35624104795164 105.00000000000018
    vertex 234.14057905371655 -391.9911940542002 103.00000000000013
    vertex 233.6582171439212 -392.1909948992095 103.00000000000013
  endloop
endfacet
facet normal -0.3813146732282991 0.9205750556395895 0.08450258525608773
  outer loop
    vertex 234.14057905371655 -391.9911940542002 103.00000000000013
    vertex 233.70249471602878 -392.35624104795164 105.00000000000018
    vertex 234.2261167545647 -392.1393496980328 105.00000000000018
  endloop
endfacet
facet normal 0.9205750556397873 0.3813146732277486 0.08450258525641685
  outer loop
    vertex 231.40852824614674 -391.25914324663137 103.00000000000013
    vertex 231.0434812523956 -390.8210589089447 105.00000000000018
    vertex 231.26037260231416 -391.3446809474807 105.00000000000018
  endloop
endfacet
facet normal 0.9205750556397873 0.3813146732277486 0.08450258525641685
  outer loop
    vertex 231.0434812523956 -390.8210589089447 105.00000000000018
    vertex 231.40852824614674 -391.25914324663137 103.00000000000013
    vertex 231.20872740113796 -390.7767813368363 103.00000000000013
  endloop
endfacet
facet normal 3.4112612990900883e-13 0.8858315352801875 0.46400699467049616
  outer loop
    vertex 371.7691393452287 -444.6231793961194 105.00000000000018
    vertex 371.7691393452287 -442.423179396119 100.7999999999988
    vertex 368.7691393452282 -444.6231793961182 105.00000000000018
  endloop
endfacet
facet normal -0.7905157216711961 -0.6065840476600658 0.08450258525630326
  outer loop
    vertex 235.02078550511825 -389.1736055457825 105.00000000000018
    vertex 234.5547926160889 -388.8449296842583 103.00000000000013
    vertex 234.87262986128457 -389.2591432466312 103.00000000000013
  endloop
endfacet
facet normal -0.7905157216711961 -0.6065840476600658 0.08450258525630326
  outer loop
    vertex 234.5547926160889 -388.8449296842583 103.00000000000013
    vertex 235.02078550511825 -389.1736055457825 105.00000000000018
    vertex 234.6757611927237 -388.7239611076235 105.00000000000018
  endloop
endfacet
facet normal 0.06636046016162403 0.609682348128764 -0.7898631044094504
  outer loop
    vertex 233.48961545184534 -379.2246802313265 105.00000000000018
    vertex 242.03337325709526 -380.6317279836513 104.63172798365082
    vertex 233.3653974677225 -379.6882680592856 104.63172798365088
  endloop
endfacet
facet normal 0.06636046016162403 0.609682348128764 -0.7898631044094504
  outer loop
    vertex 242.03337325709526 -380.6317279836513 104.63172798365082
    vertex 233.48961545184534 -379.2246802313265 105.00000000000018
    vertex 240.41090951495931 -379.9780237721914 105.00000000000018
  endloop
endfacet
facet normal 0.9831056027603571 -0.12942830799558364 -0.1294283079955656
  outer loop
    vertex 371.8527775456381 -386.51763809021065 96.50000000000551
    vertex 372.3127788907357 -386.00000000000546 99.47641901868454
    vertex 372.23127847620185 -386.6190571088895 99.47641901868454
  endloop
endfacet
facet normal 0.9831056027603571 -0.12942830799558364 -0.1294283079955656
  outer loop
    vertex 372.3127788907357 -386.00000000000546 99.47641901868454
    vertex 371.8527775456381 -386.51763809021065 96.50000000000551
    vertex 371.92092589306 -386.00000000000546 96.50000000000551
  endloop
endfacet
facet normal -0.9878987208882795 0.1300593339683793 0.08450258525632762
  outer loop
    vertex 235.3116544554138 -390.25914324663125 105.00000000000018
    vertex 235.07243070629448 -390.7767813368363 103.00000000000013
    vertex 235.23767685503688 -390.82105890894445 105.00000000000018
  endloop
endfacet
facet normal -0.9878987208882795 0.1300593339683793 0.08450258525632762
  outer loop
    vertex 235.07243070629448 -390.7767813368363 103.00000000000013
    vertex 235.3116544554138 -390.25914324663125 105.00000000000018
    vertex 235.14057905371632 -390.25914324663125 103.00000000000013
  endloop
endfacet
facet normal 0.13005933396830022 -0.9878987208882899 0.08450258525632824
  outer loop
    vertex 233.14057905371564 -388.0880678449337 105.00000000000018
    vertex 232.6229409635112 -388.3272915940533 103.00000000000013
    vertex 233.14057905371564 -388.2591432466314 103.00000000000013
  endloop
endfacet
facet normal 0.13005933396830022 -0.9878987208882899 0.08450258525632824
  outer loop
    vertex 232.6229409635112 -388.3272915940533 103.00000000000013
    vertex 233.14057905371564 -388.0880678449337 105.00000000000018
    vertex 232.57866339140307 -388.16204544531064 105.00000000000018
  endloop
endfacet
facet normal -0.38268343236534913 -0.9238795325111793 -1.8864472915964472e-14
  outer loop
    vertex 228.53799300357002 -389.6096241937935 105.00000000000018
    vertex 228.35710728739775 -389.53469887691494 95.00000000000017
    vertex 228.5379930035712 -389.60962419379325 95.00000000000017
  endloop
endfacet
facet normal -0.38268343236534913 -0.9238795325111793 -1.8864472915964472e-14
  outer loop
    vertex 228.35710728739775 -389.53469887691494 95.00000000000017
    vertex 228.53799300357002 -389.6096241937935 105.00000000000018
    vertex 228.35710728739775 -389.53469887691494 105.00000000000018
  endloop
endfacet
facet normal -0.9890676222097662 -0.07277124358296672 -0.12825593476992753
  outer loop
    vertex 227.98046227398632 -413.0000000000056 99.47641901868447
    vertex 229.13830336923183 -420.56528068835274 94.8400000000056
    vertex 228.774942475892 -420.66264294628405 97.69736225793721
  endloop
endfacet
facet normal 0.07988880177352303 0.6068156946334726 -0.7908176098808667
  outer loop
    vertex 251.89783007513847 -433.43105689871345 105.00000000000018
    vertex 257.3723152716618 -434.6317279836508 104.63172798365076
    vertex 251.77361209101792 -433.8946447266682 104.63172798365076
  endloop
endfacet
facet normal 0.07988880177352303 0.6068156946334726 -0.7908176098808667
  outer loop
    vertex 257.3723152716618 -434.6317279836508 104.63172798365076
    vertex 251.89783007513847 -433.43105689871345 105.00000000000018
    vertex 257.3723152716618 -434.151786547837 105.00000000000018
  endloop
endfacet
facet normal 0.6314059586429849 0.4844948324374629 -0.6054678131259562
  outer loop
    vertex 237.05597232057195 -424.72964607176567 102.25000000000551
    vertex 242.07637372564332 -428.29594154602387 104.63172798365076
    vertex 240.78409071514145 -429.5882245565254 102.25000000000544
  endloop
endfacet
facet normal 0.6314059586429849 0.4844948324374629 -0.6054678131259562
  outer loop
    vertex 242.07637372564332 -428.29594154602387 104.63172798365076
    vertex 237.05597232057195 -424.72964607176567 102.25000000000551
    vertex 238.63868931007073 -423.8158639918278 104.63172798365076
  endloop
endfacet
facet normal 0.9831056027603581 0.12942830799556546 -0.12942830799557725
  outer loop
    vertex 232.3723152716617 -413.0000000000056 96.50000000000544
    vertex 233.60267054499877 -419.3690571088896 99.47641901868447
    vertex 233.22416961443503 -419.4704761275687 96.50000000000544
  endloop
endfacet
facet normal 0.9831056027603581 0.12942830799556546 -0.12942830799557725
  outer loop
    vertex 233.60267054499877 -419.3690571088896 99.47641901868447
    vertex 232.3723152716617 -413.0000000000056 96.50000000000544
    vertex 232.764168269338 -413.00000000000534 99.47641901868447
  endloop
endfacet
facet normal -0.9914448613736238 0.13052619222146933 -1.0355126396953952e-14
  outer loop
    vertex 361.1170543375923 -442.35860125864184 105.00000000000018
    vertex 361.0914987073088 -442.55271554246815 95.00000000000023
    vertex 361.0914987073088 -442.5527155424688 105.00000000000018
  endloop
endfacet
facet normal -0.9914448613736238 0.13052619222146933 -1.0355126396953952e-14
  outer loop
    vertex 361.0914987073088 -442.55271554246815 95.00000000000023
    vertex 361.1170543375923 -442.35860125864184 105.00000000000018
    vertex 361.1170543375923 -442.3586012586412 95.00000000000023
  endloop
endfacet
facet normal -0.22246299465766703 0.13093596728036475 -0.9661086835756617
  outer loop
    vertex 222.15498687060958 -424.83658133591683 105.00000000000018
    vertex 221.858404808683 -427.42947748996124 104.71687985318911
    vertex 221.63393437586936 -425.7218606122122 105.00000000000018
  endloop
endfacet
facet normal -0.22246299465766703 0.13093596728036475 -0.9661086835756617
  outer loop
    vertex 221.858404808683 -427.42947748996124 104.71687985318911
    vertex 222.15498687060958 -424.83658133591683 105.00000000000018
    vertex 223.2633207937658 -427.42947748996124 104.39337399655338
  endloop
endfacet
facet normal 0.6068156946314935 -0.07988880177343997 -0.7908176098823937
  outer loop
    vertex 236.47767054499943 -407.4012968193609 104.63172798365076
    vertex 236.22052872383128 -413.0000000000056 105.00000000000018
    vertex 235.74058728801685 -413.00000000000534 104.63172798365076
  endloop
endfacet
facet normal 0.6068156946314935 -0.07988880177343997 -0.7908176098823937
  outer loop
    vertex 236.22052872383128 -413.0000000000056 105.00000000000018
    vertex 236.47767054499943 -407.4012968193609 104.63172798365076
    vertex 236.94125837295772 -407.52551480348376 105.00000000000018
  endloop
endfacet
facet normal -0.382683432364182 0.9238795325116628 -2.7887197513425196e-14
  outer loop
    vertex 360.56116862141886 -443.08304562835764 105.00000000000018
    vertex 360.74205433759283 -443.0081203114796 95.00000000000023
    vertex 360.56116862141886 -443.08304562835815 95.00000000000023
  endloop
endfacet
facet normal -0.382683432364182 0.9238795325116628 -2.7887197513425196e-14
  outer loop
    vertex 360.74205433759283 -443.0081203114796 95.00000000000023
    vertex 360.56116862141886 -443.08304562835764 105.00000000000018
    vertex 360.74205433759283 -443.0081203114796 105.00000000000018
  endloop
endfacet
facet normal 0.304566184066925 0.7352878122146316 -0.6054678131259603
  outer loop
    vertex 246.55645127983993 -431.73362596159694 104.63172798365076
    vertex 251.30060368029538 -435.65993614789267 102.25000000000551
    vertex 245.6426691999018 -433.3163429510955 102.25000000000551
  endloop
endfacet
facet normal 0.304566184066925 0.7352878122146316 -0.6054678131259603
  outer loop
    vertex 251.30060368029538 -435.65993614789267 102.25000000000551
    vertex 246.55645127983993 -431.73362596159694 104.63172798365076
    vertex 251.77361209101792 -433.8946447266682 104.63172798365076
  endloop
endfacet
facet normal -0.4031594075830852 0.04154959248099283 -0.9141860442174333
  outer loop
    vertex 222.40936853272996 -422.3682933437149 105.00000000000018
    vertex 223.2633207937658 -427.42947748996124 104.39337399655338
    vertex 222.15498687060958 -424.83658133591683 105.00000000000018
  endloop
endfacet
facet normal -0.4031594075830852 0.04154959248099283 -0.9141860442174333
  outer loop
    vertex 223.2633207937658 -427.42947748996124 104.39337399655338
    vertex 222.40936853272996 -422.3682933437149 105.00000000000018
    vertex 223.8063928081177 -421.99396181731805 104.40092045778559
  endloop
endfacet
facet normal -0.4031594075830852 0.04154959248099283 -0.9141860442174333
  outer loop
    vertex 223.2633207937658 -427.42947748996124 104.39337399655338
    vertex 223.8063928081177 -421.99396181731805 104.40092045778559
    vertex 224.45873578757724 -427.42947748996124 103.86619158792928
  endloop
endfacet
facet normal 0.5654622078525431 -0.2342221155017035 -0.7908176098826036
  outer loop
    vertex 375.1062784762019 -387.38941103712904 104.63172798365082
    vertex 374.9856273093923 -388.92410672609054 105.00000000000018
    vertex 374.5699858336486 -388.6841360081828 104.63172798365082
  endloop
endfacet
facet normal 0.5654622078525431 -0.2342221155017035 -0.7908176098826036
  outer loop
    vertex 374.9856273093923 -388.92410672609054 105.00000000000018
    vertex 375.1062784762019 -387.38941103712904 104.63172798365082
    vertex 375.5698663041608 -387.5136290212513 105.00000000000018
  endloop
endfacet
facet normal 0.6314059586429661 0.4844948324374488 -0.6054678131259873
  outer loop
    vertex 372.4245844285768 -383.4963414644888 102.25000000000551
    vertex 374.5699858336486 -383.31586399182834 104.63172798365082
    vertex 372.98726884414987 -384.2296460717662 102.25000000000551
  endloop
endfacet
facet normal 0.6314059586429661 0.4844948324374488 -0.6054678131259873
  outer loop
    vertex 374.5699858336486 -383.31586399182834 104.63172798365082
    vertex 372.4245844285768 -383.4963414644888 102.25000000000551
    vertex 373.71686743907867 -382.20405845398716 104.63172798365082
  endloop
endfacet
facet normal 0.9831056027603582 -0.129428307995564 -0.12942830799557725
  outer loop
    vertex 233.22416961443503 -406.5295238724423 96.50000000000544
    vertex 232.764168269338 -413.00000000000534 99.47641901868447
    vertex 232.3723152716617 -413.0000000000056 96.50000000000544
  endloop
endfacet
facet normal 0.9831056027603582 -0.129428307995564 -0.12942830799557725
  outer loop
    vertex 232.764168269338 -413.00000000000534 99.47641901868447
    vertex 233.22416961443503 -406.5295238724423 96.50000000000544
    vertex 233.60267054499877 -406.63094289112144 99.47641901868447
  endloop
endfacet
facet normal 0.10112831193656227 0.9191431635730579 -0.3807215641144748
  outer loop
    vertex 242.03337325709526 -382.4592921435266 102.25000000000557
    vertex 242.03337325709526 -383.6081470023299 99.47641901868454
    vertex 232.8923890570005 -381.45355948050945 102.25000000000551
  endloop
endfacet
facet normal -0.605654324560728 0.10090542006126496 -0.789304082938349
  outer loop
    vertex 224.52410181949364 -413.00000000000585 105.00000000000018
    vertex 223.8063928081177 -421.99396181731805 104.40092045778559
    vertex 223.46177252724166 -419.3763109015311 105.00000000000018
  endloop
endfacet
facet normal -0.605654324560728 0.10090542006126496 -0.789304082938349
  outer loop
    vertex 223.8063928081177 -421.99396181731805 104.40092045778559
    vertex 224.52410181949364 -413.00000000000585 105.00000000000018
    vertex 225.00404325530747 -413.0000000000056 104.63172798365076
  endloop
endfacet
facet normal -0.4231452065307634 0.14883767342112392 -0.8937535908518769
  outer loop
    vertex 223.8063928081177 -421.99396181731805 104.40092045778559
    vertex 222.40936853272996 -422.3682933437149 105.00000000000018
    vertex 223.46177252724166 -419.3763109015311 105.00000000000018
  endloop
endfacet
facet normal 0.7933533402912774 -0.6087614290086656 -1.1851576307875758e-14
  outer loop
    vertex 359.71753528475443 -441.9836012586412 95.00000000000023
    vertex 359.8367242517022 -441.8282711727512 105.00000000000018
    vertex 359.7175352847538 -441.9836012586418 105.00000000000018
  endloop
endfacet
facet normal 0.7933533402912774 -0.6087614290086656 -1.1851576307875758e-14
  outer loop
    vertex 359.8367242517022 -441.8282711727512 105.00000000000018
    vertex 359.71753528475443 -441.9836012586412 95.00000000000023
    vertex 359.8367242517022 -441.8282711727512 95.00000000000023
  endloop
endfacet
facet normal 0.06505906343575224 0.6074717161345009 -0.7916725537502656
  outer loop
    vertex 242.03337325709526 -380.6317279836513 104.63172798365082
    vertex 240.41090951495931 -379.9780237721914 105.00000000000018
    vertex 242.03337325709526 -380.15178654783716 105.00000000000018
  endloop
endfacet
facet normal 0.0 0.0 0.9999999999999999
  outer loop
    vertex 359.64260996787556 -442.55271554246815 95.00000000000023
    vertex 359.64260996787556 -442.1644869748143 95.00000000000023
    vertex 359.61705433759204 -442.3586012586412 95.00000000000023
  endloop
endfacet
facet normal 0.0 0.0 0.9999999999999999
  outer loop
    vertex 359.64260996787556 -442.1644869748143 95.00000000000023
    vertex 359.64260996787556 -442.55271554246815 95.00000000000023
    vertex 359.71753528475443 -442.73360125864133 95.00000000000023
  endloop
endfacet
facet normal 0.0 0.0 0.9999999999999999
  outer loop
    vertex 359.64260996787556 -442.1644869748143 95.00000000000023
    vertex 359.71753528475443 -442.73360125864133 95.00000000000023
    vertex 359.71753528475443 -441.9836012586412 95.00000000000023
  endloop
endfacet
facet normal 0.0 0.0 0.9999999999999999
  outer loop
    vertex 359.71753528475443 -441.9836012586412 95.00000000000023
    vertex 359.71753528475443 -442.73360125864133 95.00000000000023
    vertex 359.8367242517022 -442.8889313445312 95.00000000000023
  endloop
endfacet
facet normal 0.0 0.0 0.9999999999999999
  outer loop
    vertex 359.71753528475443 -441.9836012586412 95.00000000000023
    vertex 359.8367242517022 -442.8889313445312 95.00000000000023
    vertex 359.8367242517022 -441.8282711727512 95.00000000000023
  endloop
endfacet
facet normal 0.0 0.0 0.9999999999999999
  outer loop
    vertex 359.8367242517022 -441.8282711727512 95.00000000000023
    vertex 359.8367242517022 -442.8889313445312 95.00000000000023
    vertex 359.9920543375927 -443.0081203114796 95.00000000000023
  endloop
endfacet
facet normal 0.0 0.0 0.9999999999999999
  outer loop
    vertex 359.8367242517022 -441.8282711727512 95.00000000000023
    vertex 359.9920543375927 -443.0081203114796 95.00000000000023
    vertex 359.9920543375927 -441.70908220580293 95.00000000000023
  endloop
endfacet
facet normal 0.0 0.0 0.9999999999999999
  outer loop
    vertex 359.9920543375927 -441.70908220580293 95.00000000000023
    vertex 359.9920543375927 -443.0081203114796 95.00000000000023
    vertex 360.1729400537655 -443.08304562835815 95.00000000000023
  endloop
endfacet
facet normal 0.0 0.0 0.9999999999999999
  outer loop
    vertex 359.9920543375927 -441.70908220580293 95.00000000000023
    vertex 360.1729400537655 -443.08304562835815 95.00000000000023
    vertex 360.1729400537655 -441.6341568889246 95.00000000000023
  endloop
endfacet
facet normal 0.0 0.0 0.9999999999999999
  outer loop
    vertex 360.1729400537655 -441.6341568889246 95.00000000000023
    vertex 360.1729400537655 -443.08304562835815 95.00000000000023
    vertex 360.3670543375922 -443.10860125864133 95.00000000000023
  endloop
endfacet
facet normal 0.0 0.0 0.9999999999999999
  outer loop
    vertex 360.1729400537655 -441.6341568889246 95.00000000000023
    vertex 360.3670543375922 -443.10860125864133 95.00000000000023
    vertex 360.3670543375922 -441.6086012586414 95.00000000000023
  endloop
endfacet
facet normal 0.0 0.0 0.9999999999999999
  outer loop
    vertex 360.3670543375922 -441.6086012586414 95.00000000000023
    vertex 360.3670543375922 -443.10860125864133 95.00000000000023
    vertex 360.56116862141886 -443.08304562835815 95.00000000000023
  endloop
endfacet
facet normal 0.0 0.0 0.9999999999999999
  outer loop
    vertex 360.3670543375922 -441.6086012586414 95.00000000000023
    vertex 360.56116862141886 -443.08304562835815 95.00000000000023
    vertex 360.56116862141886 -441.6341568889246 95.00000000000023
  endloop
endfacet
facet normal 0.0 0.0 0.9999999999999999
  outer loop
    vertex 360.56116862141886 -441.6341568889246 95.00000000000023
    vertex 360.56116862141886 -443.08304562835815 95.00000000000023
    vertex 360.74205433759283 -443.0081203114796 95.00000000000023
  endloop
endfacet
facet normal 0.0 0.0 0.9999999999999999
  outer loop
    vertex 360.56116862141886 -441.6341568889246 95.00000000000023
    vertex 360.74205433759283 -443.0081203114796 95.00000000000023
    vertex 360.7420543375922 -441.70908220580293 95.00000000000023
  endloop
endfacet
facet normal 0.0 0.0 0.9999999999999999
  outer loop
    vertex 360.7420543375922 -441.70908220580293 95.00000000000023
    vertex 360.74205433759283 -443.0081203114796 95.00000000000023
    vertex 360.89738442348215 -441.8282711727512 95.00000000000023
  endloop
endfacet
facet normal 0.0 0.0 0.9999999999999999
  outer loop
    vertex 360.89738442348215 -441.8282711727512 95.00000000000023
    vertex 360.74205433759283 -443.0081203114796 95.00000000000023
    vertex 360.89738442348215 -442.8889313445312 95.00000000000023
  endloop
endfacet
facet normal 0.0 0.0 0.9999999999999999
  outer loop
    vertex 360.89738442348215 -441.8282711727512 95.00000000000023
    vertex 360.89738442348215 -442.8889313445312 95.00000000000023
    vertex 361.0165733904311 -442.73360125864133 95.00000000000023
  endloop
endfacet
facet normal 0.0 0.0 0.9999999999999999
  outer loop
    vertex 360.89738442348215 -441.8282711727512 95.00000000000023
    vertex 361.0165733904311 -442.73360125864133 95.00000000000023
    vertex 361.0165733904311 -441.9836012586412 95.00000000000023
  endloop
endfacet
facet normal 0.0 0.0 0.9999999999999999
  outer loop
    vertex 361.0165733904311 -441.9836012586412 95.00000000000023
    vertex 361.0165733904311 -442.73360125864133 95.00000000000023
    vertex 361.0914987073088 -442.55271554246815 95.00000000000023
  endloop
endfacet
facet normal 0.0 0.0 0.9999999999999999
  outer loop
    vertex 361.0165733904311 -441.9836012586412 95.00000000000023
    vertex 361.0914987073088 -442.55271554246815 95.00000000000023
    vertex 361.0914987073088 -442.1644869748143 95.00000000000023
  endloop
endfacet
facet normal 0.0 0.0 0.9999999999999999
  outer loop
    vertex 361.0914987073088 -442.1644869748143 95.00000000000023
    vertex 361.0914987073088 -442.55271554246815 95.00000000000023
    vertex 361.1170543375923 -442.3586012586412 95.00000000000023
  endloop
endfacet
facet normal 0.13052619221779865 0.9914448613741071 -1.2871903106359798e-14
  outer loop
    vertex 360.1729400537655 -443.08304562835843 105.00000000000018
    vertex 360.3670543375922 -443.10860125864133 95.00000000000023
    vertex 360.1729400537655 -443.08304562835815 95.00000000000023
  endloop
endfacet
facet normal 0.13052619221779865 0.9914448613741071 -1.2871903106359798e-14
  outer loop
    vertex 360.3670543375922 -443.10860125864133 95.00000000000023
    vertex 360.1729400537655 -443.08304562835843 105.00000000000018
    vertex 360.3670543375922 -443.10860125864076 105.00000000000018
  endloop
endfacet
facet normal 0.0 0.0 0.9999999999999999
  outer loop
    vertex 353.4576166348694 -441.3762393488465 103.00000000000021
    vertex 353.4576166348694 -440.3409631684366 103.00000000000021
    vertex 353.3894682874475 -440.85860125864156 103.00000000000021
  endloop
endfacet
facet normal 0.0 0.0 0.9999999999999999
  outer loop
    vertex 353.4576166348694 -440.3409631684366 103.00000000000021
    vertex 353.4576166348694 -441.3762393488465 103.00000000000021
    vertex 353.6574174798781 -441.8586012586416 103.00000000000021
  endloop
endfacet
facet normal 0.0 0.0 0.9999999999999999
  outer loop
    vertex 353.4576166348694 -440.3409631684366 103.00000000000021
    vertex 353.6574174798781 -441.8586012586416 103.00000000000021
    vertex 353.6574174798781 -439.8586012586415 103.00000000000021
  endloop
endfacet
facet normal 0.0 0.0 0.9999999999999999
  outer loop
    vertex 353.6574174798781 -439.8586012586415 103.00000000000021
    vertex 353.6574174798781 -441.8586012586416 103.00000000000021
    vertex 353.9752547250738 -442.27281482101455 103.00000000000021
  endloop
endfacet
facet normal 0.0 0.0 0.9999999999999999
  outer loop
    vertex 353.6574174798781 -439.8586012586415 103.00000000000021
    vertex 353.9752547250738 -442.27281482101455 103.00000000000021
    vertex 353.9752547250738 -439.4443876962683 103.00000000000021
  endloop
endfacet
facet normal 0.0 0.0 0.9999999999999999
  outer loop
    vertex 353.9752547250738 -439.4443876962683 103.00000000000021
    vertex 353.9752547250738 -442.27281482101455 103.00000000000021
    vertex 354.3894682874473 -442.5906520662105 103.00000000000021
  endloop
endfacet
facet normal 0.0 0.0 0.9999999999999999
  outer loop
    vertex 353.9752547250738 -439.4443876962683 103.00000000000021
    vertex 354.3894682874473 -442.5906520662105 103.00000000000021
    vertex 354.3894682874473 -439.1265504510727 103.00000000000021
  endloop
endfacet
facet normal 0.0 0.0 0.9999999999999999
  outer loop
    vertex 354.3894682874473 -439.1265504510727 103.00000000000021
    vertex 354.3894682874473 -442.5906520662105 103.00000000000021
    vertex 354.8718301972421 -442.7904529112196 103.00000000000021
  endloop
endfacet
facet normal 0.0 0.0 0.9999999999999999
  outer loop
    vertex 354.3894682874473 -439.1265504510727 103.00000000000021
    vertex 354.8718301972421 -442.7904529112196 103.00000000000021
    vertex 354.8718301972421 -438.9267496060633 103.00000000000021
  endloop
endfacet
facet normal 0.0 0.0 0.9999999999999999
  outer loop
    vertex 354.8718301972421 -438.9267496060633 103.00000000000021
    vertex 354.8718301972421 -442.7904529112196 103.00000000000021
    vertex 355.3894682874471 -442.8586012586414 103.00000000000021
  endloop
endfacet
facet normal 0.0 0.0 0.9999999999999999
  outer loop
    vertex 354.8718301972421 -438.9267496060633 103.00000000000021
    vertex 355.3894682874471 -442.8586012586414 103.00000000000021
    vertex 355.3894682874471 -438.8586012586415 103.00000000000021
  endloop
endfacet
facet normal 0.0 0.0 0.9999999999999999
  outer loop
    vertex 355.3894682874471 -438.8586012586415 103.00000000000021
    vertex 355.3894682874471 -442.8586012586414 103.00000000000021
    vertex 355.9071063776521 -442.7904529112196 103.00000000000021
  endloop
endfacet
facet normal 0.0 0.0 0.9999999999999999
  outer loop
    vertex 355.3894682874471 -438.8586012586415 103.00000000000021
    vertex 355.9071063776521 -442.7904529112196 103.00000000000021
    vertex 355.9071063776521 -438.9267496060633 103.00000000000021
  endloop
endfacet
facet normal 0.0 0.0 0.9999999999999999
  outer loop
    vertex 355.9071063776521 -438.9267496060633 103.00000000000021
    vertex 355.9071063776521 -442.7904529112196 103.00000000000021
    vertex 356.38946828744685 -442.5906520662105 103.00000000000021
  endloop
endfacet
facet normal 0.0 0.0 0.9999999999999999
  outer loop
    vertex 355.9071063776521 -438.9267496060633 103.00000000000021
    vertex 356.38946828744685 -442.5906520662105 103.00000000000021
    vertex 356.38946828744685 -439.1265504510727 103.00000000000021
  endloop
endfacet
facet normal 0.0 0.0 0.9999999999999999
  outer loop
    vertex 356.38946828744685 -439.1265504510727 103.00000000000021
    vertex 356.38946828744685 -442.5906520662105 103.00000000000021
    vertex 356.80368184982035 -442.27281482101455 103.00000000000021
  endloop
endfacet
facet normal 0.0 0.0 0.9999999999999999
  outer loop
    vertex 356.38946828744685 -439.1265504510727 103.00000000000021
    vertex 356.80368184982035 -442.27281482101455 103.00000000000021
    vertex 356.80368184982035 -439.4443876962683 103.00000000000021
  endloop
endfacet
facet normal 0.0 0.0 0.9999999999999999
  outer loop
    vertex 356.80368184982035 -439.4443876962683 103.00000000000021
    vertex 356.80368184982035 -442.27281482101455 103.00000000000021
    vertex 357.12151909501597 -441.85860125864133 103.00000000000021
  endloop
endfacet
facet normal 0.0 0.0 0.9999999999999999
  outer loop
    vertex 356.80368184982035 -439.4443876962683 103.00000000000021
    vertex 357.12151909501597 -441.85860125864133 103.00000000000021
    vertex 357.12151909501597 -439.8586012586415 103.00000000000021
  endloop
endfacet
facet normal 0.0 0.0 0.9999999999999999
  outer loop
    vertex 357.12151909501597 -439.8586012586415 103.00000000000021
    vertex 357.12151909501597 -441.85860125864133 103.00000000000021
    vertex 357.32131994002475 -441.3762393488465 103.00000000000021
  endloop
endfacet
facet normal 0.0 0.0 0.9999999999999999
  outer loop
    vertex 357.12151909501597 -439.8586012586415 103.00000000000021
    vertex 357.32131994002475 -441.3762393488465 103.00000000000021
    vertex 357.32131994002475 -440.3409631684366 103.00000000000021
  endloop
endfacet
facet normal 0.0 0.0 0.9999999999999999
  outer loop
    vertex 357.32131994002475 -440.3409631684366 103.00000000000021
    vertex 357.32131994002475 -441.3762393488465 103.00000000000021
    vertex 357.3894682874466 -440.85860125864156 103.00000000000021
  endloop
endfacet
facet normal -0.13052619221925596 -0.9914448613739151 4.306185441297319e-14
  outer loop
    vertex 360.5611686214194 -441.634156888924 105.00000000000021
    vertex 360.3670543375922 -441.6086012586414 95.00000000000023
    vertex 360.56116862141886 -441.6341568889246 95.00000000000023
  endloop
endfacet
facet normal -0.13052619221925596 -0.9914448613739151 4.306185441297319e-14
  outer loop
    vertex 360.3670543375922 -441.6086012586414 95.00000000000023
    vertex 360.5611686214194 -441.634156888924 105.00000000000021
    vertex 360.3670543375922 -441.6086012586411 105.00000000000018
  endloop
endfacet
facet normal 0.7338790076441009 0.5631251684765068 -0.37988372795845793
  outer loop
    vertex 236.06103482758763 -425.3040735011673 99.47641901868447
    vertex 240.78409071514145 -429.5882245565254 102.25000000000544
    vertex 239.9717276538827 -430.40058761778414 99.47641901868447
  endloop
endfacet
facet normal 0.7338790076441009 0.5631251684765068 -0.37988372795845793
  outer loop
    vertex 240.78409071514145 -429.5882245565254 102.25000000000544
    vertex 236.06103482758763 -425.3040735011673 99.47641901868447
    vertex 237.05597232057195 -424.72964607176567 102.25000000000551
  endloop
endfacet
facet normal -0.1305261922200315 0.991444861373813 -5.802446946652495e-14
  outer loop
    vertex 360.3670543375922 -443.10860125864076 105.00000000000018
    vertex 360.56116862141886 -443.08304562835815 95.00000000000023
    vertex 360.3670543375922 -443.10860125864133 95.00000000000023
  endloop
endfacet
facet normal -0.1305261922200315 0.991444861373813 -5.802446946652495e-14
  outer loop
    vertex 360.56116862141886 -443.08304562835815 95.00000000000023
    vertex 360.3670543375922 -443.10860125864076 105.00000000000018
    vertex 360.56116862141886 -443.08304562835764 105.00000000000018
  endloop
endfacet
facet normal 0.9238795325112176 0.3826834323652568 1.1050552387155839e-14
  outer loop
    vertex 359.64260996787556 -442.55271554246815 95.00000000000023
    vertex 359.71753528475443 -442.73360125864133 105.00000000000018
    vertex 359.71753528475443 -442.73360125864133 95.00000000000023
  endloop
endfacet
facet normal 0.9238795325112176 0.3826834323652568 1.1050552387155839e-14
  outer loop
    vertex 359.71753528475443 -442.73360125864133 105.00000000000018
    vertex 359.64260996787556 -442.55271554246815 95.00000000000023
    vertex 359.64260996787556 -442.5527155424688 105.00000000000018
  endloop
endfacet
facet normal 0.5654622078536641 0.23422211550231425 -0.7908176098816212
  outer loop
    vertex 236.94125837295832 -418.47448519652806 105.00000000000018
    vertex 238.63868931007073 -423.8158639918278 104.63172798365076
    vertex 236.47767054499943 -418.5987031806501 104.63172798365076
  endloop
endfacet
facet normal 0.5654622078536641 0.23422211550231425 -0.7908176098816212
  outer loop
    vertex 238.63868931007073 -423.8158639918278 104.63172798365076
    vertex 236.94125837295832 -418.47448519652806 105.00000000000018
    vertex 239.05433078581268 -423.57589327392265 105.00000000000018
  endloop
endfacet
facet normal -0.9205750556395813 0.3813146732282832 0.08450258525624868
  outer loop
    vertex 357.48656608876774 -441.42051692095447 105.00000000000018
    vertex 357.12151909501597 -441.85860125864133 103.00000000000021
    vertex 357.26967473884855 -441.9441389594904 105.00000000000018
  endloop
endfacet
facet normal -0.9205750556395813 0.3813146732282832 0.08450258525624868
  outer loop
    vertex 357.12151909501597 -441.85860125864133 103.00000000000021
    vertex 357.48656608876774 -441.42051692095447 105.00000000000018
    vertex 357.32131994002475 -441.3762393488465 103.00000000000021
  endloop
endfacet
facet normal -0.9238795325115416 -0.3826834323644745 -7.617585884246841e-15
  outer loop
    vertex 361.0165733904311 -441.9836012586418 105.00000000000018
    vertex 361.0914987073088 -442.1644869748143 95.00000000000023
    vertex 361.0914987073094 -442.1644869748152 105.00000000000018
  endloop
endfacet
facet normal -0.9238795325115416 -0.3826834323644745 -7.617585884246841e-15
  outer loop
    vertex 361.0914987073088 -442.1644869748143 95.00000000000023
    vertex 361.0165733904311 -441.9836012586418 105.00000000000018
    vertex 361.0165733904311 -441.9836012586412 95.00000000000023
  endloop
endfacet
facet normal -0.6087614290096554 -0.7933533402905178 1.7853805445614585e-15
  outer loop
    vertex 360.89738442348215 -441.8282711727516 105.00000000000018
    vertex 360.7420543375922 -441.70908220580293 95.00000000000023
    vertex 360.89738442348215 -441.8282711727512 95.00000000000023
  endloop
endfacet
facet normal -0.6087614290096554 -0.7933533402905178 1.7853805445614585e-15
  outer loop
    vertex 360.7420543375922 -441.70908220580293 95.00000000000023
    vertex 360.89738442348215 -441.8282711727516 105.00000000000018
    vertex 360.74205433759283 -441.7090822058026 105.00000000000021
  endloop
endfacet
facet normal -0.7933533402909152 -0.6087614290091379 -1.777771962207328e-14
  outer loop
    vertex 360.89738442348215 -441.8282711727516 105.00000000000018
    vertex 361.0165733904311 -441.9836012586412 95.00000000000023
    vertex 361.0165733904311 -441.9836012586418 105.00000000000018
  endloop
endfacet
facet normal -0.7933533402909152 -0.6087614290091379 -1.777771962207328e-14
  outer loop
    vertex 361.0165733904311 -441.9836012586412 95.00000000000023
    vertex 360.89738442348215 -441.8282711727516 105.00000000000018
    vertex 360.89738442348215 -441.8282711727512 95.00000000000023
  endloop
endfacet
facet normal 0.9238795325114764 -0.382683432364632 -1.0952798657710943e-14
  outer loop
    vertex 359.64260996787556 -442.1644869748143 95.00000000000023
    vertex 359.7175352847538 -441.9836012586418 105.00000000000018
    vertex 359.64260996787556 -442.1644869748152 105.00000000000018
  endloop
endfacet
facet normal 0.9238795325114764 -0.382683432364632 -1.0952798657710943e-14
  outer loop
    vertex 359.7175352847538 -441.9836012586418 105.00000000000018
    vertex 359.64260996787556 -442.1644869748143 95.00000000000023
    vertex 359.71753528475443 -441.9836012586412 95.00000000000023
  endloop
endfacet
facet normal 0.38268343236572994 0.9238795325110215 3.470762092340152e-14
  outer loop
    vertex 359.9920543375927 -443.0081203114799 105.00000000000018
    vertex 360.1729400537655 -443.08304562835815 95.00000000000023
    vertex 359.9920543375927 -443.0081203114796 95.00000000000023
  endloop
endfacet
facet normal 0.38268343236572994 0.9238795325110215 3.470762092340152e-14
  outer loop
    vertex 360.1729400537655 -443.08304562835815 95.00000000000023
    vertex 359.9920543375927 -443.0081203114799 105.00000000000018
    vertex 360.1729400537655 -443.08304562835843 105.00000000000018
  endloop
endfacet
facet normal -0.38268343236512903 -0.9238795325112704 4.312525822345087e-14
  outer loop
    vertex 360.74205433759283 -441.7090822058026 105.00000000000021
    vertex 360.56116862141886 -441.6341568889246 95.00000000000023
    vertex 360.7420543375922 -441.70908220580293 95.00000000000023
  endloop
endfacet
facet normal -0.38268343236512903 -0.9238795325112704 4.312525822345087e-14
  outer loop
    vertex 360.56116862141886 -441.6341568889246 95.00000000000023
    vertex 360.74205433759283 -441.7090822058026 105.00000000000021
    vertex 360.5611686214194 -441.634156888924 105.00000000000021
  endloop
endfacet
facet normal 0.991444861373814 -0.13052619222002435 6.681217416852762e-15
  outer loop
    vertex 359.61705433759204 -442.3586012586412 95.00000000000023
    vertex 359.64260996787556 -442.1644869748152 105.00000000000018
    vertex 359.61705433759204 -442.35860125864184 105.00000000000018
  endloop
endfacet
facet normal 0.991444861373814 -0.13052619222002435 6.681217416852762e-15
  outer loop
    vertex 359.64260996787556 -442.1644869748152 105.00000000000018
    vertex 359.61705433759204 -442.3586012586412 95.00000000000023
    vertex 359.64260996787556 -442.1644869748143 95.00000000000023
  endloop
endfacet
facet normal -0.7933533402910931 0.608761429008906 -5.131536193445329e-15
  outer loop
    vertex 361.0165733904299 -442.7336012586416 105.00000000000018
    vertex 360.89738442348215 -442.8889313445312 95.00000000000023
    vertex 360.89738442348215 -442.8889313445318 105.00000000000018
  endloop
endfacet
facet normal -0.7933533402910931 0.608761429008906 -5.131536193445329e-15
  outer loop
    vertex 360.89738442348215 -442.8889313445312 95.00000000000023
    vertex 361.0165733904299 -442.7336012586416 105.00000000000018
    vertex 361.0165733904311 -442.73360125864133 95.00000000000023
  endloop
endfacet
facet normal -0.9914448613738259 -0.1305261922199338 4.891877251302824e-15
  outer loop
    vertex 361.0914987073094 -442.1644869748152 105.00000000000018
    vertex 361.1170543375923 -442.3586012586412 95.00000000000023
    vertex 361.1170543375923 -442.35860125864184 105.00000000000018
  endloop
endfacet
facet normal -0.9914448613738259 -0.1305261922199338 4.891877251302824e-15
  outer loop
    vertex 361.1170543375923 -442.3586012586412 95.00000000000023
    vertex 361.0914987073094 -442.1644869748152 105.00000000000018
    vertex 361.0914987073088 -442.1644869748143 95.00000000000023
  endloop
endfacet
facet normal -0.608761429008589 0.7933533402913362 9.038327554589842e-15
  outer loop
    vertex 360.74205433759283 -443.0081203114796 105.00000000000018
    vertex 360.89738442348215 -442.8889313445312 95.00000000000023
    vertex 360.74205433759283 -443.0081203114796 95.00000000000023
  endloop
endfacet
facet normal -0.608761429008589 0.7933533402913362 9.038327554589842e-15
  outer loop
    vertex 360.89738442348215 -442.8889313445312 95.00000000000023
    vertex 360.74205433759283 -443.0081203114796 105.00000000000018
    vertex 360.89738442348215 -442.8889313445318 105.00000000000018
  endloop
endfacet
facet normal -0.9238795325113907 0.3826834323648387 -2.0106548812999382e-14
  outer loop
    vertex 361.0914987073088 -442.5527155424688 105.00000000000018
    vertex 361.0165733904311 -442.73360125864133 95.00000000000023
    vertex 361.0165733904299 -442.7336012586416 105.00000000000018
  endloop
endfacet
facet normal -0.9238795325113907 0.3826834323648387 -2.0106548812999382e-14
  outer loop
    vertex 361.0165733904311 -442.73360125864133 95.00000000000023
    vertex 361.0914987073088 -442.5527155424688 105.00000000000018
    vertex 361.0914987073088 -442.55271554246815 95.00000000000023
  endloop
endfacet
facet normal -0.6409333712415668 -0.0637909764576491 -0.7649412558827635
  outer loop
    vertex 228.43307422475849 -427.42947748996124 101.1229767589738
    vertex 226.79935856480046 -427.42947748996124 102.49184381580218
    vertex 226.01494247589207 -421.40218271739394 102.64645886430486
  endloop
endfacet
facet normal 0.9914448613737549 0.1305261922204726 1.2906295755221211e-14
  outer loop
    vertex 359.64260996787556 -442.55271554246815 95.00000000000023
    vertex 359.61705433759204 -442.35860125864184 105.00000000000018
    vertex 359.64260996787556 -442.5527155424688 105.00000000000018
  endloop
endfacet
facet normal 0.9914448613737549 0.1305261922204726 1.2906295755221211e-14
  outer loop
    vertex 359.61705433759204 -442.35860125864184 105.00000000000018
    vertex 359.64260996787556 -442.55271554246815 95.00000000000023
    vertex 359.61705433759204 -442.3586012586412 95.00000000000023
  endloop
endfacet
facet normal 0.7338790076440976 -0.5631251684765033 -0.3798837279584691
  outer loop
    vertex 236.06103482758763 -400.6959264988435 99.47641901868447
    vertex 240.7840907151426 -396.4117754434853 102.25000000000551
    vertex 237.05597232057195 -401.2703539282451 102.25000000000551
  endloop
endfacet
facet normal 0.7338790076440976 -0.5631251684765033 -0.3798837279584691
  outer loop
    vertex 240.7840907151426 -396.4117754434853 102.25000000000551
    vertex 236.06103482758763 -400.6959264988435 99.47641901868447
    vertex 239.97172765388328 -395.59941238222626 99.47641901868447
  endloop
endfacet
facet normal -0.920575055639738 -0.38131467322790213 0.08450258525626003
  outer loop
    vertex 357.48656608876826 -440.2966855963293 105.00000000000018
    vertex 357.12151909501597 -439.8586012586415 103.00000000000021
    vertex 357.32131994002475 -440.3409631684366 103.00000000000021
  endloop
endfacet
facet normal -0.920575055639738 -0.38131467322790213 0.08450258525626003
  outer loop
    vertex 357.12151909501597 -439.8586012586415 103.00000000000021
    vertex 357.48656608876826 -440.2966855963293 105.00000000000018
    vertex 357.26967473884855 -439.7730635577925 105.00000000000018
  endloop
endfacet
facet normal -0.3813146732281789 0.9205750556396124 0.0845025852563788
  outer loop
    vertex 355.95138394976016 -442.95569905996246 105.00000000000018
    vertex 356.38946828744685 -442.5906520662105 103.00000000000021
    vertex 355.9071063776521 -442.7904529112196 103.00000000000021
  endloop
endfacet
facet normal -0.3813146732281789 0.9205750556396124 0.0845025852563788
  outer loop
    vertex 356.38946828744685 -442.5906520662105 103.00000000000021
    vertex 355.95138394976016 -442.95569905996246 105.00000000000018
    vertex 356.4750059882962 -442.7388077100434 105.00000000000018
  endloop
endfacet
facet normal -0.7905157216710396 -0.6065840476602803 0.08450258525622799
  outer loop
    vertex 357.26967473884855 -439.7730635577925 105.00000000000018
    vertex 356.80368184982035 -439.4443876962683 103.00000000000021
    vertex 357.12151909501597 -439.8586012586415 103.00000000000021
  endloop
endfacet
facet normal -0.7905157216710396 -0.6065840476602803 0.08450258525622799
  outer loop
    vertex 356.80368184982035 -439.4443876962683 103.00000000000021
    vertex 357.26967473884855 -439.7730635577925 105.00000000000018
    vertex 356.9246504264552 -439.3234191196341 105.00000000000018
  endloop
endfacet
facet normal -0.1300593339683023 -0.9878987208883012 0.08450258525618988
  outer loop
    vertex 355.95138394976016 -438.76150345732094 105.00000000000018
    vertex 355.3894682874471 -438.8586012586415 103.00000000000021
    vertex 355.9071063776521 -438.9267496060633 103.00000000000021
  endloop
endfacet
facet normal -0.1300593339683023 -0.9878987208883012 0.08450258525618988
  outer loop
    vertex 355.3894682874471 -438.8586012586415 103.00000000000021
    vertex 355.95138394976016 -438.76150345732094 105.00000000000018
    vertex 355.3894682874471 -438.687525856944 105.00000000000018
  endloop
endfacet
facet normal 0.7905157216710774 0.6065840476602122 0.08450258525636384
  outer loop
    vertex 353.9752547250738 -442.27281482101455 103.00000000000021
    vertex 353.5092618360456 -441.9441389594912 105.00000000000018
    vertex 353.854286148439 -442.3937833976494 105.00000000000018
  endloop
endfacet
facet normal 0.7905157216710774 0.6065840476602122 0.08450258525636384
  outer loop
    vertex 353.5092618360456 -441.9441389594912 105.00000000000018
    vertex 353.9752547250738 -442.27281482101455 103.00000000000021
    vertex 353.6574174798781 -441.8586012586416 103.00000000000021
  endloop
endfacet
facet normal 0.38131467322825685 -0.9205750556395913 0.08450258525625752
  outer loop
    vertex 354.82755262513393 -438.76150345732094 105.00000000000018
    vertex 354.3894682874473 -439.1265504510727 103.00000000000021
    vertex 354.8718301972421 -438.9267496060633 103.00000000000021
  endloop
endfacet
facet normal 0.38131467322825685 -0.9205750556395913 0.08450258525625752
  outer loop
    vertex 354.3894682874473 -439.1265504510727 103.00000000000021
    vertex 354.82755262513393 -438.76150345732094 105.00000000000018
    vertex 354.303930586598 -438.97839480723985 105.00000000000018
  endloop
endfacet
facet normal 0.7933533402905744 0.608761429009582 -1.075845347519566e-14
  outer loop
    vertex 359.71753528475443 -442.73360125864133 95.00000000000023
    vertex 359.8367242517022 -442.88893134453093 105.00000000000018
    vertex 359.8367242517022 -442.8889313445312 95.00000000000023
  endloop
endfacet
facet normal 0.7933533402905744 0.608761429009582 -1.075845347519566e-14
  outer loop
    vertex 359.8367242517022 -442.88893134453093 105.00000000000018
    vertex 359.71753528475443 -442.73360125864133 95.00000000000023
    vertex 359.71753528475443 -442.73360125864133 105.00000000000018
  endloop
endfacet
facet normal -0.9878987208882973 -0.13005933396828231 0.08450258525626823
  outer loop
    vertex 357.48656608876826 -440.2966855963293 105.00000000000018
    vertex 357.3894682874466 -440.85860125864156 103.00000000000021
    vertex 357.56054368914465 -440.85860125864184 105.00000000000018
  endloop
endfacet
facet normal -0.9878987208882973 -0.13005933396828231 0.08450258525626823
  outer loop
    vertex 357.3894682874466 -440.85860125864156 103.00000000000021
    vertex 357.48656608876826 -440.2966855963293 105.00000000000018
    vertex 357.32131994002475 -440.3409631684366 103.00000000000021
  endloop
endfacet
facet normal 0.3813146732281553 0.9205750556396284 0.08450258525631195
  outer loop
    vertex 354.3039305865986 -442.7388077100434 105.00000000000018
    vertex 354.8718301972421 -442.7904529112196 103.00000000000021
    vertex 354.3894682874473 -442.5906520662105 103.00000000000021
  endloop
endfacet
facet normal 0.3813146732281553 0.9205750556396284 0.08450258525631195
  outer loop
    vertex 354.8718301972421 -442.7904529112196 103.00000000000021
    vertex 354.3039305865986 -442.7388077100434 105.00000000000018
    vertex 354.82755262513393 -442.9556990599622 105.00000000000018
  endloop
endfacet
facet normal 0.790515721671209 -0.606584047660058 0.08450258525623816
  outer loop
    vertex 353.9752547250738 -439.4443876962683 103.00000000000021
    vertex 353.50926183604446 -439.7730635577934 105.00000000000018
    vertex 353.6574174798781 -439.8586012586415 103.00000000000021
  endloop
endfacet
facet normal 0.790515721671209 -0.606584047660058 0.08450258525623816
  outer loop
    vertex 353.50926183604446 -439.7730635577934 105.00000000000018
    vertex 353.9752547250738 -439.4443876962683 103.00000000000021
    vertex 353.854286148439 -439.32341911963465 105.00000000000018
  endloop
endfacet
facet normal -0.6065840476597882 0.7905157216713954 0.08450258525643232
  outer loop
    vertex 356.4750059882962 -442.7388077100434 105.00000000000018
    vertex 356.80368184982035 -442.27281482101455 103.00000000000021
    vertex 356.38946828744685 -442.5906520662105 103.00000000000021
  endloop
endfacet
facet normal -0.6065840476597882 0.7905157216713954 0.08450258525643232
  outer loop
    vertex 356.80368184982035 -442.27281482101455 103.00000000000021
    vertex 356.4750059882962 -442.7388077100434 105.00000000000018
    vertex 356.92465042645404 -442.3937833976502 105.00000000000018
  endloop
endfacet
facet normal 0.9205750556396657 0.38131467322807805 0.08450258525625386
  outer loop
    vertex 353.6574174798781 -441.8586012586416 103.00000000000021
    vertex 353.29237048612646 -441.42051692095447 105.00000000000018
    vertex 353.5092618360456 -441.9441389594912 105.00000000000018
  endloop
endfacet
facet normal 0.9205750556396657 0.38131467322807805 0.08450258525625386
  outer loop
    vertex 353.29237048612646 -441.42051692095447 105.00000000000018
    vertex 353.6574174798781 -441.8586012586416 103.00000000000021
    vertex 353.4576166348694 -441.3762393488465 103.00000000000021
  endloop
endfacet
facet normal 0.13005933396802766 0.987898720888331 0.08450258525626839
  outer loop
    vertex 354.82755262513393 -442.9556990599622 105.00000000000018
    vertex 355.3894682874471 -442.8586012586414 103.00000000000021
    vertex 354.8718301972421 -442.7904529112196 103.00000000000021
  endloop
endfacet
facet normal 0.13005933396802766 0.987898720888331 0.08450258525626839
  outer loop
    vertex 355.3894682874471 -442.8586012586414 103.00000000000021
    vertex 354.82755262513393 -442.9556990599622 105.00000000000018
    vertex 355.3894682874471 -443.02967666033885 105.00000000000018
  endloop
endfacet
facet normal 0.606584047659898 0.7905157216713249 0.08450258525630382
  outer loop
    vertex 353.854286148439 -442.3937833976494 105.00000000000018
    vertex 354.3894682874473 -442.5906520662105 103.00000000000021
    vertex 353.9752547250738 -442.27281482101455 103.00000000000021
  endloop
endfacet
facet normal 0.606584047659898 0.7905157216713249 0.08450258525630382
  outer loop
    vertex 354.3894682874473 -442.5906520662105 103.00000000000021
    vertex 353.854286148439 -442.3937833976494 105.00000000000018
    vertex 354.3039305865986 -442.7388077100434 105.00000000000018
  endloop
endfacet
facet normal 0.7352878122146267 0.30456618406694025 -0.6054678131259584
  outer loop
    vertex 234.71237912377507 -419.0717115913726 102.25000000000551
    vertex 238.63868931007073 -423.8158639918278 104.63172798365076
    vertex 237.05597232057195 -424.72964607176567 102.25000000000551
  endloop
endfacet
facet normal 0.7352878122146267 0.30456618406694025 -0.6054678131259584
  outer loop
    vertex 238.63868931007073 -423.8158639918278 104.63172798365076
    vertex 234.71237912377507 -419.0717115913726 102.25000000000551
    vertex 236.47767054499943 -418.5987031806501 104.63172798365076
  endloop
endfacet
facet normal 0.9205750556397335 -0.38131467322789825 0.08450258525632649
  outer loop
    vertex 353.6574174798781 -439.8586012586415 103.00000000000021
    vertex 353.29237048612583 -440.2966855963293 105.00000000000018
    vertex 353.4576166348694 -440.3409631684366 103.00000000000021
  endloop
endfacet
facet normal 0.9205750556397335 -0.38131467322789825 0.08450258525632649
  outer loop
    vertex 353.29237048612583 -440.2966855963293 105.00000000000018
    vertex 353.6574174798781 -439.8586012586415 103.00000000000021
    vertex 353.50926183604446 -439.7730635577934 105.00000000000018
  endloop
endfacet
facet normal -0.1300593339677653 0.98789872088836 0.0845025852563306
  outer loop
    vertex 355.3894682874471 -443.02967666033885 105.00000000000018
    vertex 355.9071063776521 -442.7904529112196 103.00000000000021
    vertex 355.3894682874471 -442.8586012586414 103.00000000000021
  endloop
endfacet
facet normal -0.1300593339677653 0.98789872088836 0.0845025852563306
  outer loop
    vertex 355.9071063776521 -442.7904529112196 103.00000000000021
    vertex 355.3894682874471 -443.02967666033885 105.00000000000018
    vertex 355.95138394976016 -442.95569905996246 105.00000000000018
  endloop
endfacet
facet normal 0.7352878122146144 -0.3045661840669311 -0.6054678131259782
  outer loop
    vertex 372.98726884414987 -387.77035392824496 102.25000000000551
    vertex 375.1062784762019 -387.38941103712904 104.63172798365082
    vertex 374.5699858336486 -388.6841360081828 104.63172798365082
  endloop
endfacet
facet normal 0.7352878122146144 -0.3045661840669311 -0.6054678131259782
  outer loop
    vertex 375.1062784762019 -387.38941103712904 104.63172798365082
    vertex 372.98726884414987 -387.77035392824496 102.25000000000551
    vertex 373.3409870549776 -386.91640262640647 102.25000000000551
  endloop
endfacet
facet normal -0.9878987208882793 0.13005933396841726 0.08450258525627015
  outer loop
    vertex 357.56054368914465 -440.85860125864184 105.00000000000018
    vertex 357.32131994002475 -441.3762393488465 103.00000000000021
    vertex 357.48656608876774 -441.42051692095447 105.00000000000018
  endloop
endfacet
facet normal -0.9878987208882793 0.13005933396841726 0.08450258525627015
  outer loop
    vertex 357.32131994002475 -441.3762393488465 103.00000000000021
    vertex 357.56054368914465 -440.85860125864184 105.00000000000018
    vertex 357.3894682874466 -440.85860125864156 103.00000000000021
  endloop
endfacet
facet normal 0.3826834323649944 -0.9238795325113263 1.1699019546483037e-14
  outer loop
    vertex 360.1729400537655 -441.6341568889243 105.00000000000018
    vertex 359.9920543375927 -441.70908220580293 95.00000000000023
    vertex 360.1729400537655 -441.6341568889246 95.00000000000023
  endloop
endfacet
facet normal 0.3826834323649944 -0.9238795325113263 1.1699019546483037e-14
  outer loop
    vertex 359.9920543375927 -441.70908220580293 95.00000000000023
    vertex 360.1729400537655 -441.6341568889243 105.00000000000018
    vertex 359.9920543375927 -441.70908220580293 105.00000000000018
  endloop
endfacet
facet normal 0.10182794549324224 0.9198058114095005 -0.3789305197710203
  outer loop
    vertex 232.8923890570005 -381.45355948050945 102.25000000000551
    vertex 242.03337325709526 -383.6081470023299 99.47641901868454
    vertex 232.59504353948358 -382.56326805928484 99.47641901868454
  endloop
endfacet
facet normal 0.6087614290098946 0.7933533402903342 4.669426791291962e-15
  outer loop
    vertex 359.8367242517022 -442.88893134453093 105.00000000000018
    vertex 359.9920543375927 -443.0081203114796 95.00000000000023
    vertex 359.8367242517022 -442.8889313445312 95.00000000000023
  endloop
endfacet
facet normal 0.6087614290098946 0.7933533402903342 4.669426791291962e-15
  outer loop
    vertex 359.9920543375927 -443.0081203114796 95.00000000000023
    vertex 359.8367242517022 -442.88893134453093 105.00000000000018
    vertex 359.9920543375927 -443.0081203114799 105.00000000000018
  endloop
endfacet
facet normal -4.3816820224265233e-16 0.9914448613738107 -0.13052619222004974
  outer loop
    vertex 242.03337325709526 -383.6081470023299 99.47641901868454
    vertex 369.92092589305986 -384.0000000000056 96.50000000000551
    vertex 242.03337325709526 -384.0000000000056 96.50000000000551
  endloop
endfacet
facet normal -4.3816820224265233e-16 0.9914448613738107 -0.13052619222004974
  outer loop
    vertex 369.92092589305986 -384.0000000000056 96.50000000000551
    vertex 242.03337325709526 -383.6081470023299 99.47641901868454
    vertex 369.92092589305986 -383.6081470023299 99.47641901868454
  endloop
endfacet
facet normal 0.1305261922200315 -0.991444861373813 2.904174320564835e-14
  outer loop
    vertex 360.3670543375922 -441.6086012586411 105.00000000000018
    vertex 360.1729400537655 -441.6341568889246 95.00000000000023
    vertex 360.3670543375922 -441.6086012586414 95.00000000000023
  endloop
endfacet
facet normal 0.1305261922200315 -0.991444861373813 2.904174320564835e-14
  outer loop
    vertex 360.1729400537655 -441.6341568889246 95.00000000000023
    vertex 360.3670543375922 -441.6086012586411 105.00000000000018
    vertex 360.1729400537655 -441.6341568889243 105.00000000000018
  endloop
endfacet
facet normal 0.9878987208882899 0.13005933396834998 0.08450258525625241
  outer loop
    vertex 353.4576166348694 -441.3762393488465 103.00000000000021
    vertex 353.21839288574955 -440.85860125864184 105.00000000000018
    vertex 353.29237048612646 -441.42051692095447 105.00000000000018
  endloop
endfacet
facet normal 0.9878987208882899 0.13005933396834998 0.08450258525625241
  outer loop
    vertex 353.21839288574955 -440.85860125864184 105.00000000000018
    vertex 353.4576166348694 -441.3762393488465 103.00000000000021
    vertex 353.3894682874475 -440.85860125864156 103.00000000000021
  endloop
endfacet
facet normal -0.7905157216714752 0.6065840476596941 0.08450258525636123
  outer loop
    vertex 357.26967473884855 -441.9441389594904 105.00000000000018
    vertex 356.80368184982035 -442.27281482101455 103.00000000000021
    vertex 356.92465042645404 -442.3937833976502 105.00000000000018
  endloop
endfacet
facet normal -0.7905157216714752 0.6065840476596941 0.08450258525636123
  outer loop
    vertex 356.80368184982035 -442.27281482101455 103.00000000000021
    vertex 357.26967473884855 -441.9441389594904 105.00000000000018
    vertex 357.12151909501597 -441.85860125864133 103.00000000000021
  endloop
endfacet
facet normal 0.6087614290088438 -0.7933533402911407 -4.120018339595544e-15
  outer loop
    vertex 359.9920543375927 -441.70908220580293 105.00000000000018
    vertex 359.8367242517022 -441.8282711727512 95.00000000000023
    vertex 359.9920543375927 -441.70908220580293 95.00000000000023
  endloop
endfacet
facet normal 0.6087614290088438 -0.7933533402911407 -4.120018339595544e-15
  outer loop
    vertex 359.8367242517022 -441.8282711727512 95.00000000000023
    vertex 359.9920543375927 -441.70908220580293 105.00000000000018
    vertex 359.8367242517022 -441.8282711727512 105.00000000000018
  endloop
endfacet
facet normal 0.1300593339682955 -0.9878987208883016 0.08450258525619855
  outer loop
    vertex 355.3894682874471 -438.687525856944 105.00000000000018
    vertex 354.8718301972421 -438.9267496060633 103.00000000000021
    vertex 355.3894682874471 -438.8586012586415 103.00000000000021
  endloop
endfacet
facet normal 0.1300593339682955 -0.9878987208883016 0.08450258525619855
  outer loop
    vertex 354.8718301972421 -438.9267496060633 103.00000000000021
    vertex 355.3894682874471 -438.687525856944 105.00000000000018
    vertex 354.82755262513393 -438.76150345732094 105.00000000000018
  endloop
endfacet
facet normal 0.6065840476602119 -0.7905157216710991 0.08450258525616478
  outer loop
    vertex 354.303930586598 -438.97839480723985 105.00000000000018
    vertex 353.9752547250738 -439.4443876962683 103.00000000000021
    vertex 354.3894682874473 -439.1265504510727 103.00000000000021
  endloop
endfacet
facet normal 0.6065840476602119 -0.7905157216710991 0.08450258525616478
  outer loop
    vertex 353.9752547250738 -439.4443876962683 103.00000000000021
    vertex 354.303930586598 -438.97839480723985 105.00000000000018
    vertex 353.854286148439 -439.32341911963465 105.00000000000018
  endloop
endfacet
facet normal -0.3813146732285358 -0.9205750556394832 0.0845025852561753
  outer loop
    vertex 356.4750059882962 -438.97839480724014 105.00000000000018
    vertex 355.9071063776521 -438.9267496060633 103.00000000000021
    vertex 356.38946828744685 -439.1265504510727 103.00000000000021
  endloop
endfacet
facet normal -0.3813146732285358 -0.9205750556394832 0.0845025852561753
  outer loop
    vertex 355.9071063776521 -438.9267496060633 103.00000000000021
    vertex 356.4750059882962 -438.97839480724014 105.00000000000018
    vertex 355.95138394976016 -438.76150345732094 105.00000000000018
  endloop
endfacet
facet normal 0.9878987208883225 -0.13005933396807967 0.08450258525628597
  outer loop
    vertex 353.3894682874475 -440.85860125864156 103.00000000000021
    vertex 353.29237048612583 -440.2966855963293 105.00000000000018
    vertex 353.21839288574955 -440.85860125864184 105.00000000000018
  endloop
endfacet
facet normal 0.9878987208883225 -0.13005933396807967 0.08450258525628597
  outer loop
    vertex 353.29237048612583 -440.2966855963293 105.00000000000018
    vertex 353.3894682874475 -440.85860125864156 103.00000000000021
    vertex 353.4576166348694 -440.3409631684366 103.00000000000021
  endloop
endfacet
facet normal -0.6065840476598643 -0.7905157216713703 0.08450258525612159
  outer loop
    vertex 356.9246504264552 -439.3234191196341 105.00000000000018
    vertex 356.38946828744685 -439.1265504510727 103.00000000000021
    vertex 356.80368184982035 -439.4443876962683 103.00000000000021
  endloop
endfacet
facet normal -0.6065840476598643 -0.7905157216713703 0.08450258525612159
  outer loop
    vertex 356.38946828744685 -439.1265504510727 103.00000000000021
    vertex 356.9246504264552 -439.3234191196341 105.00000000000018
    vertex 356.4750059882962 -438.97839480724014 105.00000000000018
  endloop
endfacet
facet normal -0.44724890777036846 0.03424811438736701 -0.8937535908510368
  outer loop
    vertex 226.05785711821758 -427.42947748996124 103.0659651319548
    vertex 224.45873578757724 -427.42947748996124 103.86619158792928
    vertex 223.8063928081177 -421.99396181731805 104.40092045778559
  endloop
endfacet
facet normal 0.10388185357166152 0.7890610165044176 -0.6054678131259588
  outer loop
    vertex 251.77361209101792 -433.8946447266682 104.63172798365076
    vertex 257.3723152716618 -436.45929214352645 102.25000000000551
    vertex 251.30060368029538 -435.65993614789267 102.25000000000551
  endloop
endfacet
facet normal 0.10388185357166152 0.7890610165044176 -0.6054678131259588
  outer loop
    vertex 257.3723152716618 -436.45929214352645 102.25000000000551
    vertex 251.77361209101792 -433.8946447266682 104.63172798365076
    vertex 257.3723152716618 -434.6317279836508 104.63172798365076
  endloop
endfacet
facet normal 0.7890610165044055 0.10388185357164771 -0.605467813125977
  outer loop
    vertex 373.3409870549776 -385.0835973736047 102.25000000000551
    vertex 375.2891979094151 -386.0000000000057 104.63172798365082
    vertex 373.4616337495389 -386.0000000000057 102.25000000000551
  endloop
endfacet
facet normal 0.7890610165044055 0.10388185357164771 -0.605467813125977
  outer loop
    vertex 375.2891979094151 -386.0000000000057 104.63172798365082
    vertex 373.3409870549776 -385.0835973736047 102.25000000000551
    vertex 375.1062784762019 -384.6105889628821 104.63172798365082
  endloop
endfacet
facet normal -0.48691550998768646 -0.37085040430134164 -0.7908117751797595
  outer loop
    vertex 214.37999592437782 -383.2898123957905 104.63172798365078
    vertex 218.07307905298117 -388.9240355973319 105.00000000000018
    vertex 214.04269599817513 -383.6320728369786 105.00000000000018
  endloop
endfacet
facet normal -0.48691550998768646 -0.37085040430134164 -0.7908117751797595
  outer loop
    vertex 218.07307905298117 -388.9240355973319 105.00000000000018
    vertex 214.37999592437782 -383.2898123957905 104.63172798365078
    vertex 218.4886271354344 -388.6841360081822 104.63172798365082
  endloop
endfacet
facet normal 0.6314059586429737 -0.4844948324374559 -0.6054678131259736
  outer loop
    vertex 372.4245844285768 -388.50365853552233 102.25000000000551
    vertex 374.5699858336486 -388.6841360081828 104.63172798365082
    vertex 373.71686743907867 -389.795941546024 104.63172798365082
  endloop
endfacet
facet normal 0.6314059586429737 -0.4844948324374559 -0.6054678131259736
  outer loop
    vertex 374.5699858336486 -388.6841360081828 104.63172798365082
    vertex 372.4245844285768 -388.50365853552233 102.25000000000551
    vertex 372.98726884414987 -387.77035392824496 102.25000000000551
  endloop
endfacet
facet normal 0.3045661840669358 -0.7352878122146328 -0.6054678131259532
  outer loop
    vertex 251.30060368029538 -390.34006385211825 102.25000000000551
    vertex 246.55645127983993 -394.2663740384137 104.63172798365076
    vertex 245.6426691999018 -392.6836570489155 102.25000000000544
  endloop
endfacet
facet normal 0.3045661840669358 -0.7352878122146328 -0.6054678131259532
  outer loop
    vertex 246.55645127983993 -394.2663740384137 104.63172798365076
    vertex 251.30060368029538 -390.34006385211825 102.25000000000551
    vertex 251.77361209101792 -392.1053552733424 104.63172798365076
  endloop
endfacet
facet normal -0.9161085805911428 -0.37946459868718946 -0.1294283079950134
  outer loop
    vertex 221.06628161791807 -387.1959264988416 99.47641901868454
    vertex 226.6004582386935 -399.5414096546743 96.50000000000551
    vertex 226.22195730813206 -399.64282867335226 99.47641901868454
  endloop
endfacet
facet normal -0.9161085805911428 -0.37946459868718946 -0.1294283079950134
  outer loop
    vertex 226.6004582386935 -399.5414096546743 96.50000000000551
    vertex 221.06628161791807 -387.1959264988416 99.47641901868454
    vertex 221.40563626845372 -387.0000000000043 96.50000000000551
  endloop
endfacet
facet normal 0.5631251684765225 -0.7338790076440947 -0.3798837279584467
  outer loop
    vertex 372.4245844285768 -388.50365853552233 102.25000000000551
    vertex 371.11685239189836 -388.07140545811086 99.47641901868454
    vertex 371.61222136731806 -387.6912954742633 99.47641901868454
  endloop
endfacet
facet normal 0.5631251684765225 -0.7338790076440947 -0.3798837279584467
  outer loop
    vertex 371.11685239189836 -388.07140545811086 99.47641901868454
    vertex 372.4245844285768 -388.50365853552233 102.25000000000551
    vertex 371.6912798212997 -389.06634295109546 102.25000000000551
  endloop
endfacet
facet normal 0.12942830799556615 -0.98310560276036 -0.1294283079955631
  outer loop
    vertex 257.3723152716624 -388.391852997681 99.47641901868447
    vertex 250.90183914409963 -388.85185434277855 96.50000000000544
    vertex 257.3723152716624 -388.00000000000523 96.50000000000544
  endloop
endfacet
facet normal 0.12942830799556615 -0.98310560276036 -0.1294283079955631
  outer loop
    vertex 250.90183914409963 -388.85185434277855 96.50000000000544
    vertex 257.3723152716624 -388.391852997681 99.47641901868447
    vertex 251.00325816277783 -389.23035527334264 99.47641901868447
  endloop
endfacet
facet normal 0.8546202052331002 -0.3539952796856387 -0.3798837279584641
  outer loop
    vertex 233.60267054499877 -406.63094289112144 99.47641901868447
    vertex 237.05597232057195 -401.2703539282451 102.25000000000551
    vertex 234.71237912377507 -406.928288408638 102.25000000000551
  endloop
endfacet
facet normal 0.8546202052331002 -0.3539952796856387 -0.3798837279584641
  outer loop
    vertex 237.05597232057195 -401.2703539282451 102.25000000000551
    vertex 233.60267054499877 -406.63094289112144 99.47641901868447
    vertex 236.06103482758763 -400.6959264988435 99.47641901868447
  endloop
endfacet
facet normal 0.9171204481621613 -0.12074119758903773 -0.3798837279584394
  outer loop
    vertex 372.23127847620185 -386.6190571088895 99.47641901868454
    vertex 373.4616337495389 -386.0000000000057 102.25000000000551
    vertex 373.3409870549776 -386.91640262640647 102.25000000000551
  endloop
endfacet
facet normal 0.9171204481621613 -0.12074119758903773 -0.3798837279584394
  outer loop
    vertex 373.4616337495389 -386.0000000000057 102.25000000000551
    vertex 372.23127847620185 -386.6190571088895 99.47641901868454
    vertex 372.3127788907357 -386.00000000000546 99.47641901868454
  endloop
endfacet
facet normal -0.854620205232894 -0.3539952796855858 -0.3798837279589772
  outer loop
    vertex 220.071344124932 -387.77035392824496 102.25000000000551
    vertex 226.22195730813206 -399.64282867335226 99.47641901868454
    vertex 225.11224872935466 -399.94017419086975 102.25000000000551
  endloop
endfacet
facet normal -0.854620205232894 -0.3539952796855858 -0.3798837279589772
  outer loop
    vertex 226.22195730813206 -399.64282867335226 99.47641901868454
    vertex 220.071344124932 -387.77035392824496 102.25000000000551
    vertex 221.06628161791807 -387.1959264988416 99.47641901868454
  endloop
endfacet
facet normal 0.30456618406696867 0.7352878122147268 -0.6054678131258224
  outer loop
    vertex 225.28812990388877 -376.3425542874295 104.63172798365088
    vertex 232.8923890570005 -381.45355948050945 102.25000000000551
    vertex 224.3743478239518 -377.92527127692745 102.25000000000551
  endloop
endfacet
facet normal 0.30456618406696867 0.7352878122147268 -0.6054678131258224
  outer loop
    vertex 232.8923890570005 -381.45355948050945 102.25000000000551
    vertex 225.28812990388877 -376.3425542874295 104.63172798365088
    vertex 233.3653974677225 -379.6882680592856 104.63172798365088
  endloop
endfacet
facet normal 0.12942830799557212 0.9831056027603606 -0.12942830799555136
  outer loop
    vertex 251.00325816277783 -436.76964472666833 99.47641901868447
    vertex 257.3723152716618 -438.0000000000054 96.50000000000544
    vertex 250.90183914409963 -437.1481456572321 96.50000000000544
  endloop
endfacet
facet normal 0.12942830799557212 0.9831056027603606 -0.12942830799555136
  outer loop
    vertex 257.3723152716618 -438.0000000000054 96.50000000000544
    vertex 251.00325816277783 -436.76964472666833 99.47641901868447
    vertex 257.3723152716618 -437.6081470023297 99.47641901868447
  endloop
endfacet
facet normal 0.7866802725955182 0.603641004073152 -0.12942830799557664
  outer loop
    vertex 235.72168017705147 -425.5000000000051 96.50000000000544
    vertex 239.9717276538827 -430.40058761778414 99.47641901868447
    vertex 239.69464574199833 -430.6776695296691 96.50000000000544
  endloop
endfacet
facet normal 0.7866802725955182 0.603641004073152 -0.12942830799557664
  outer loop
    vertex 239.9717276538827 -430.40058761778414 99.47641901868447
    vertex 235.72168017705147 -425.5000000000051 96.50000000000544
    vertex 236.06103482758763 -425.3040735011673 99.47641901868447
  endloop
endfacet
facet normal -0.9831056027604206 -0.12942830799550487 -0.12942830799516342
  outer loop
    vertex 226.22195730813206 -399.64282867335226 99.47641901868454
    vertex 228.37231527166261 -413.0000000000056 96.50000000000544
    vertex 227.98046227398632 -413.0000000000056 99.47641901868447
  endloop
endfacet
facet normal -0.9831056027604206 -0.12942830799550487 -0.12942830799516342
  outer loop
    vertex 228.37231527166261 -413.0000000000056 96.50000000000544
    vertex 226.22195730813206 -399.64282867335226 99.47641901868454
    vertex 226.6004582386935 -399.5414096546743 96.50000000000551
  endloop
endfacet
facet normal 1.1757688789274593e-17 -5.574556752395724e-17 0.9999999999999999
  outer loop
    vertex 235.32768698113094 -427.42947748996676 105.00000000000018
    vertex 221.63393437586936 -425.7218606122122 105.00000000000018
    vertex 220.23662120917734 -427.42947748995573 105.00000000000018
  endloop
endfacet
facet normal 1.1757688789274593e-17 -5.574556752395724e-17 0.9999999999999999
  outer loop
    vertex 221.63393437586936 -425.7218606122122 105.00000000000018
    vertex 235.32768698113094 -427.42947748996676 105.00000000000018
    vertex 222.15498687060958 -424.83658133591683 105.00000000000018
  endloop
endfacet
facet normal 1.1757688789274593e-17 -5.574556752395724e-17 0.9999999999999999
  outer loop
    vertex 222.15498687060958 -424.83658133591683 105.00000000000018
    vertex 235.32768698113094 -427.42947748996676 105.00000000000018
    vertex 222.40936853272996 -422.3682933437149 105.00000000000018
  endloop
endfacet
facet normal 1.1757688789274593e-17 -5.574556752395724e-17 0.9999999999999999
  outer loop
    vertex 222.40936853272996 -422.3682933437149 105.00000000000018
    vertex 235.32768698113094 -427.42947748996676 105.00000000000018
    vertex 223.46177252724166 -419.3763109015311 105.00000000000018
  endloop
endfacet
facet normal 1.1757688789274593e-17 -5.574556752395724e-17 0.9999999999999999
  outer loop
    vertex 223.46177252724166 -419.3763109015311 105.00000000000018
    vertex 235.32768698113094 -427.42947748996676 105.00000000000018
    vertex 224.52410181949364 -413.00000000000585 105.00000000000018
  endloop
endfacet
facet normal 1.1757688789274593e-17 -5.574556752395724e-17 0.9999999999999999
  outer loop
    vertex 224.52410181949364 -413.00000000000585 105.00000000000018
    vertex 235.32768698113094 -427.42947748996676 105.00000000000018
    vertex 227.4385486338539 -390.45325753045853 105.00000000000018
  endloop
endfacet
facet normal 1.1757688789274593e-17 -5.574556752395724e-17 0.9999999999999999
  outer loop
    vertex 224.52410181949364 -413.00000000000585 105.00000000000018
    vertex 227.4385486338539 -390.45325753045853 105.00000000000018
    vertex 227.412993003571 -390.2591432466319 105.00000000000018
  endloop
endfacet
facet normal 1.1757688789274593e-17 -5.574556752395724e-17 0.9999999999999999
  outer loop
    vertex 224.52410181949364 -413.00000000000585 105.00000000000018
    vertex 227.412993003571 -390.2591432466319 105.00000000000018
    vertex 225.5279182650508 -375.92715533526444 105.00000000000018
  endloop
endfacet
facet normal 1.1757688789274593e-17 -5.574556752395724e-17 0.9999999999999999
  outer loop
    vertex 227.4385486338539 -390.45325753045853 105.00000000000018
    vertex 235.32768698113094 -427.42947748996676 105.00000000000018
    vertex 227.51347395073276 -390.6341432466316 105.00000000000018
  endloop
endfacet
facet normal 1.1757688789274593e-17 -5.574556752395724e-17 0.9999999999999999
  outer loop
    vertex 227.51347395073276 -390.6341432466316 105.00000000000018
    vertex 235.32768698113094 -427.42947748996676 105.00000000000018
    vertex 227.63266291768173 -390.7894733325218 105.00000000000018
  endloop
endfacet
facet normal 1.1757688789274593e-17 -5.574556752395724e-17 0.9999999999999999
  outer loop
    vertex 227.63266291768173 -390.7894733325218 105.00000000000018
    vertex 235.32768698113094 -427.42947748996676 105.00000000000018
    vertex 227.78799300357105 -390.90866229946937 105.00000000000021
  endloop
endfacet
facet normal 1.1757688789274593e-17 -5.574556752395724e-17 0.9999999999999999
  outer loop
    vertex 227.78799300357105 -390.90866229946937 105.00000000000021
    vertex 235.32768698113094 -427.42947748996676 105.00000000000018
    vertex 227.96887871974388 -390.9835876163485 105.00000000000018
  endloop
endfacet
facet normal 1.1757688789274593e-17 -5.574556752395724e-17 0.9999999999999999
  outer loop
    vertex 227.96887871974388 -390.9835876163485 105.00000000000018
    vertex 235.32768698113094 -427.42947748996676 105.00000000000018
    vertex 228.16299300357053 -391.0091432466317 105.00000000000018
  endloop
endfacet
facet normal 1.1757688789274593e-17 -5.574556752395724e-17 0.9999999999999999
  outer loop
    vertex 228.16299300357053 -391.0091432466317 105.00000000000018
    vertex 235.32768698113094 -427.42947748996676 105.00000000000018
    vertex 228.35710728739718 -390.9835876163482 105.00000000000018
  endloop
endfacet
facet normal 1.1757688789274593e-17 -5.574556752395724e-17 0.9999999999999999
  outer loop
    vertex 228.35710728739718 -390.9835876163482 105.00000000000018
    vertex 235.32768698113094 -427.42947748996676 105.00000000000018
    vertex 228.5379930035712 -390.9086622994699 105.00000000000018
  endloop
endfacet
facet normal 1.1757688789274593e-17 -5.574556752395724e-17 0.9999999999999999
  outer loop
    vertex 228.5379930035712 -390.9086622994699 105.00000000000018
    vertex 235.32768698113094 -427.42947748996676 105.00000000000018
    vertex 228.6933230894605 -390.78947333252216 105.00000000000018
  endloop
endfacet
facet normal 1.1757688789274593e-17 -5.574556752395724e-17 0.9999999999999999
  outer loop
    vertex 228.6933230894605 -390.78947333252216 105.00000000000018
    vertex 235.32768698113094 -427.42947748996676 105.00000000000018
    vertex 228.81251205640947 -390.6341432466319 105.00000000000018
  endloop
endfacet
facet normal 1.1757688789274593e-17 -5.574556752395724e-17 0.9999999999999999
  outer loop
    vertex 228.81251205640947 -390.6341432466319 105.00000000000018
    vertex 235.32768698113094 -427.42947748996676 105.00000000000018
    vertex 228.88743737328775 -390.4532575304588 105.00000000000018
  endloop
endfacet
facet normal 1.1757688789274593e-17 -5.574556752395724e-17 0.9999999999999999
  outer loop
    vertex 228.88743737328775 -390.4532575304588 105.00000000000018
    vertex 235.32768698113094 -427.42947748996676 105.00000000000018
    vertex 228.91299300357065 -390.2591432466316 105.00000000000018
  endloop
endfacet
facet normal 1.1757688789274593e-17 -5.574556752395724e-17 0.9999999999999999
  outer loop
    vertex 228.91299300357065 -390.2591432466316 105.00000000000018
    vertex 235.32768698113094 -427.42947748996676 105.00000000000018
    vertex 230.96950365201866 -390.2591432466319 105.00000000000018
  endloop
endfacet
facet normal 1.1757688789274593e-17 -5.574556752395724e-17 0.9999999999999999
  outer loop
    vertex 230.96950365201866 -390.2591432466319 105.00000000000018
    vertex 235.32768698113094 -427.42947748996676 105.00000000000018
    vertex 231.0434812523956 -390.8210589089447 105.00000000000018
  endloop
endfacet
facet normal 1.1757688789274593e-17 -5.574556752395724e-17 0.9999999999999999
  outer loop
    vertex 231.0434812523956 -390.8210589089447 105.00000000000018
    vertex 235.32768698113094 -427.42947748996676 105.00000000000018
    vertex 231.26037260231416 -391.3446809474807 105.00000000000018
  endloop
endfacet
facet normal 1.1757688789274593e-17 -5.574556752395724e-17 0.9999999999999999
  outer loop
    vertex 231.26037260231416 -391.3446809474807 105.00000000000018
    vertex 235.32768698113094 -427.42947748996676 105.00000000000018
    vertex 231.60539691470754 -391.79432538563935 105.00000000000018
  endloop
endfacet
facet normal 1.1757688789274593e-17 -5.574556752395724e-17 0.9999999999999999
  outer loop
    vertex 231.60539691470754 -391.79432538563935 105.00000000000018
    vertex 235.32768698113094 -427.42947748996676 105.00000000000018
    vertex 232.05504135286773 -392.1393496980331 105.00000000000018
  endloop
endfacet
facet normal 1.1757688789274593e-17 -5.574556752395724e-17 0.9999999999999999
  outer loop
    vertex 232.05504135286773 -392.1393496980331 105.00000000000018
    vertex 235.32768698113094 -427.42947748996676 105.00000000000018
    vertex 232.57866339140367 -392.3562410479522 105.00000000000018
  endloop
endfacet
facet normal 1.1757688789274593e-17 -5.574556752395724e-17 0.9999999999999999
  outer loop
    vertex 232.57866339140367 -392.3562410479522 105.00000000000018
    vertex 235.32768698113094 -427.42947748996676 105.00000000000018
    vertex 233.14057905371564 -392.43021864832883 105.00000000000018
  endloop
endfacet
facet normal 1.1757688789274593e-17 -5.574556752395724e-17 0.9999999999999999
  outer loop
    vertex 233.14057905371564 -392.43021864832883 105.00000000000018
    vertex 235.32768698113094 -427.42947748996676 105.00000000000018
    vertex 233.70249471602878 -392.35624104795164 105.00000000000018
  endloop
endfacet
facet normal 1.1757688789274593e-17 -5.574556752395724e-17 0.9999999999999999
  outer loop
    vertex 233.70249471602878 -392.35624104795164 105.00000000000018
    vertex 235.32768698113094 -427.42947748996676 105.00000000000018
    vertex 234.2261167545647 -392.1393496980328 105.00000000000018
  endloop
endfacet
facet normal 1.1757688789274593e-17 -5.574556752395724e-17 0.9999999999999999
  outer loop
    vertex 234.2261167545647 -392.1393496980328 105.00000000000018
    vertex 235.32768698113094 -427.42947748996676 105.00000000000018
    vertex 234.6757611927237 -391.79432538563884 105.00000000000018
  endloop
endfacet
facet normal 1.1757688789274593e-17 -5.574556752395724e-17 0.9999999999999999
  outer loop
    vertex 234.6757611927237 -391.79432538563884 105.00000000000018
    vertex 235.32768698113094 -427.42947748996676 105.00000000000018
    vertex 235.02078550511766 -391.34468094748 105.00000000000018
  endloop
endfacet
facet normal 1.1757688789274593e-17 -5.574556752395724e-17 0.9999999999999999
  outer loop
    vertex 235.02078550511766 -391.34468094748 105.00000000000018
    vertex 235.32768698113094 -427.42947748996676 105.00000000000018
    vertex 235.23767685503688 -390.82105890894445 105.00000000000018
  endloop
endfacet
facet normal 1.1757688789274593e-17 -5.574556752395724e-17 0.9999999999999999
  outer loop
    vertex 235.23767685503688 -390.82105890894445 105.00000000000018
    vertex 235.32768698113094 -427.42947748996676 105.00000000000018
    vertex 235.3116544554138 -390.25914324663125 105.00000000000018
  endloop
endfacet
facet normal 1.1757688789274593e-17 -5.574556752395724e-17 0.9999999999999999
  outer loop
    vertex 371.7691393452287 -445.8482134521738 105.00000000000018
    vertex 305.0931781697735 -439.50000000000534 105.00000000000018
    vertex 305.0931781697735 -445.8482134521738 105.00000000000018
  endloop
endfacet
facet normal 1.1757688789274593e-17 -5.574556752395724e-17 0.9999999999999999
  outer loop
    vertex 305.0931781697735 -439.50000000000534 105.00000000000018
    vertex 371.7691393452287 -445.8482134521738 105.00000000000018
    vertex 354.82755262513393 -442.9556990599622 105.00000000000018
  endloop
endfacet
facet normal 1.1757688789274593e-17 -5.574556752395724e-17 0.9999999999999999
  outer loop
    vertex 305.0931781697735 -439.50000000000534 105.00000000000018
    vertex 354.82755262513393 -442.9556990599622 105.00000000000018
    vertex 354.3039305865986 -442.7388077100434 105.00000000000018
  endloop
endfacet
facet normal 1.1757688789274593e-17 -5.574556752395724e-17 0.9999999999999999
  outer loop
    vertex 305.0931781697735 -439.50000000000534 105.00000000000018
    vertex 354.3039305865986 -442.7388077100434 105.00000000000018
    vertex 353.854286148439 -442.3937833976494 105.00000000000018
  endloop
endfacet
facet normal 1.1757688789274593e-17 -5.574556752395724e-17 0.9999999999999999
  outer loop
    vertex 305.0931781697735 -439.50000000000534 105.00000000000018
    vertex 353.854286148439 -442.3937833976494 105.00000000000018
    vertex 353.5092618360456 -441.9441389594912 105.00000000000018
  endloop
endfacet
facet normal 1.1757688789274593e-17 -5.574556752395724e-17 0.9999999999999999
  outer loop
    vertex 305.0931781697735 -439.50000000000534 105.00000000000018
    vertex 353.5092618360456 -441.9441389594912 105.00000000000018
    vertex 353.29237048612646 -441.42051692095447 105.00000000000018
  endloop
endfacet
facet normal 1.1757688789274593e-17 -5.574556752395724e-17 0.9999999999999999
  outer loop
    vertex 305.0931781697735 -439.50000000000534 105.00000000000018
    vertex 353.29237048612646 -441.42051692095447 105.00000000000018
    vertex 353.21839288574955 -440.85860125864184 105.00000000000018
  endloop
endfacet
facet normal 1.1757688789274593e-17 -5.574556752395724e-17 0.9999999999999999
  outer loop
    vertex 354.82755262513393 -442.9556990599622 105.00000000000018
    vertex 371.7691393452287 -445.8482134521738 105.00000000000018
    vertex 355.3894682874471 -443.02967666033885 105.00000000000018
  endloop
endfacet
facet normal 1.1757688789274593e-17 -5.574556752395724e-17 0.9999999999999999
  outer loop
    vertex 355.3894682874471 -443.02967666033885 105.00000000000018
    vertex 371.7691393452287 -445.8482134521738 105.00000000000018
    vertex 355.95138394976016 -442.95569905996246 105.00000000000018
  endloop
endfacet
facet normal 1.1757688789274593e-17 -5.574556752395724e-17 0.9999999999999999
  outer loop
    vertex 355.95138394976016 -442.95569905996246 105.00000000000018
    vertex 371.7691393452287 -445.8482134521738 105.00000000000018
    vertex 356.4750059882962 -442.7388077100434 105.00000000000018
  endloop
endfacet
facet normal 1.1757688789274593e-17 -5.574556752395724e-17 0.9999999999999999
  outer loop
    vertex 356.4750059882962 -442.7388077100434 105.00000000000018
    vertex 371.7691393452287 -445.8482134521738 105.00000000000018
    vertex 356.92465042645404 -442.3937833976502 105.00000000000018
  endloop
endfacet
facet normal 1.1757688789274593e-17 -5.574556752395724e-17 0.9999999999999999
  outer loop
    vertex 356.92465042645404 -442.3937833976502 105.00000000000018
    vertex 371.7691393452287 -445.8482134521738 105.00000000000018
    vertex 360.1729400537655 -443.08304562835843 105.00000000000018
  endloop
endfacet
facet normal 1.1757688789274593e-17 -5.574556752395724e-17 0.9999999999999999
  outer loop
    vertex 356.92465042645404 -442.3937833976502 105.00000000000018
    vertex 360.1729400537655 -443.08304562835843 105.00000000000018
    vertex 357.26967473884855 -441.9441389594904 105.00000000000018
  endloop
endfacet
facet normal 1.1757688789274593e-17 -5.574556752395724e-17 0.9999999999999999
  outer loop
    vertex 357.26967473884855 -441.9441389594904 105.00000000000018
    vertex 360.1729400537655 -443.08304562835843 105.00000000000018
    vertex 359.9920543375927 -443.0081203114799 105.00000000000018
  endloop
endfacet
facet normal 1.1757688789274593e-17 -5.574556752395724e-17 0.9999999999999999
  outer loop
    vertex 357.26967473884855 -441.9441389594904 105.00000000000018
    vertex 359.9920543375927 -443.0081203114799 105.00000000000018
    vertex 357.48656608876774 -441.42051692095447 105.00000000000018
  endloop
endfacet
facet normal 1.1757688789274593e-17 -5.574556752395724e-17 0.9999999999999999
  outer loop
    vertex 357.48656608876774 -441.42051692095447 105.00000000000018
    vertex 359.9920543375927 -443.0081203114799 105.00000000000018
    vertex 359.8367242517022 -442.88893134453093 105.00000000000018
  endloop
endfacet
facet normal 1.1757688789274593e-17 -5.574556752395724e-17 0.9999999999999999
  outer loop
    vertex 357.48656608876774 -441.42051692095447 105.00000000000018
    vertex 359.8367242517022 -442.88893134453093 105.00000000000018
    vertex 357.56054368914465 -440.85860125864184 105.00000000000018
  endloop
endfacet
facet normal 1.1757688789274593e-17 -5.574556752395724e-17 0.9999999999999999
  outer loop
    vertex 357.56054368914465 -440.85860125864184 105.00000000000018
    vertex 359.8367242517022 -442.88893134453093 105.00000000000018
    vertex 359.71753528475443 -442.73360125864133 105.00000000000018
  endloop
endfacet
facet normal 1.1757688789274593e-17 -5.574556752395724e-17 0.9999999999999999
  outer loop
    vertex 357.56054368914465 -440.85860125864184 105.00000000000018
    vertex 359.71753528475443 -442.73360125864133 105.00000000000018
    vertex 359.64260996787556 -442.5527155424688 105.00000000000018
  endloop
endfacet
facet normal 1.1757688789274593e-17 -5.574556752395724e-17 0.9999999999999999
  outer loop
    vertex 357.56054368914465 -440.85860125864184 105.00000000000018
    vertex 359.64260996787556 -442.5527155424688 105.00000000000018
    vertex 359.61705433759204 -442.35860125864184 105.00000000000018
  endloop
endfacet
facet normal 1.1757688789274593e-17 -5.574556752395724e-17 0.9999999999999999
  outer loop
    vertex 360.1729400537655 -443.08304562835843 105.00000000000018
    vertex 371.7691393452287 -445.8482134521738 105.00000000000018
    vertex 360.3670543375922 -443.10860125864076 105.00000000000018
  endloop
endfacet
facet normal 1.1757688789274593e-17 -5.574556752395724e-17 0.9999999999999999
  outer loop
    vertex 360.3670543375922 -443.10860125864076 105.00000000000018
    vertex 371.7691393452287 -445.8482134521738 105.00000000000018
    vertex 360.56116862141886 -443.08304562835764 105.00000000000018
  endloop
endfacet
facet normal 1.1757688789274593e-17 -5.574556752395724e-17 0.9999999999999999
  outer loop
    vertex 360.56116862141886 -443.08304562835764 105.00000000000018
    vertex 371.7691393452287 -445.8482134521738 105.00000000000018
    vertex 360.74205433759283 -443.0081203114796 105.00000000000018
  endloop
endfacet
facet normal 1.1757688789274593e-17 -5.574556752395724e-17 0.9999999999999999
  outer loop
    vertex 360.74205433759283 -443.0081203114796 105.00000000000018
    vertex 371.7691393452287 -445.8482134521738 105.00000000000018
    vertex 360.89738442348215 -442.8889313445318 105.00000000000018
  endloop
endfacet
facet normal 1.1757688789274593e-17 -5.574556752395724e-17 0.9999999999999999
  outer loop
    vertex 360.89738442348215 -442.8889313445318 105.00000000000018
    vertex 371.7691393452287 -445.8482134521738 105.00000000000018
    vertex 361.0165733904299 -442.7336012586416 105.00000000000018
  endloop
endfacet
facet normal 1.1757688789274593e-17 -5.574556752395724e-17 0.9999999999999999
  outer loop
    vertex 361.0165733904299 -442.7336012586416 105.00000000000018
    vertex 371.7691393452287 -445.8482134521738 105.00000000000018
    vertex 361.0914987073088 -442.5527155424688 105.00000000000018
  endloop
endfacet
facet normal 1.1757688789274593e-17 -5.574556752395724e-17 0.9999999999999999
  outer loop
    vertex 361.0914987073088 -442.5527155424688 105.00000000000018
    vertex 371.7691393452287 -445.8482134521738 105.00000000000018
    vertex 361.1170543375923 -442.35860125864184 105.00000000000018
  endloop
endfacet
facet normal 1.1757688789274593e-17 -5.574556752395724e-17 0.9999999999999999
  outer loop
    vertex 361.1170543375923 -442.35860125864184 105.00000000000018
    vertex 371.7691393452287 -445.8482134521738 105.00000000000018
    vertex 368.7691393452282 -444.6231793961182 105.00000000000018
  endloop
endfacet
facet normal 1.1757688789274593e-17 -5.574556752395724e-17 0.9999999999999999
  outer loop
    vertex 368.7691393452282 -444.6231793961182 105.00000000000018
    vertex 371.7691393452287 -445.8482134521738 105.00000000000018
    vertex 371.7691393452287 -444.6231793961194 105.00000000000018
  endloop
endfacet
facet normal 1.1757688789274593e-17 -5.574556752395724e-17 0.9999999999999999
  outer loop
    vertex 238.6339855702184 -431.738329701449 105.00000000000018
    vertex 236.22052872383128 -413.0000000000056 105.00000000000018
    vertex 235.32768698113094 -427.42947748996676 105.00000000000018
  endloop
endfacet
facet normal 1.1757688789274593e-17 -5.574556752395724e-17 0.9999999999999999
  outer loop
    vertex 236.22052872383128 -413.0000000000056 105.00000000000018
    vertex 238.6339855702184 -431.738329701449 105.00000000000018
    vertex 236.94125837295832 -418.47448519652806 105.00000000000018
  endloop
endfacet
facet normal 1.1757688789274593e-17 -5.574556752395724e-17 0.9999999999999999
  outer loop
    vertex 236.94125837295832 -418.47448519652806 105.00000000000018
    vertex 238.6339855702184 -431.738329701449 105.00000000000018
    vertex 239.05433078581268 -423.57589327392265 105.00000000000018
  endloop
endfacet
facet normal 1.1757688789274593e-17 -5.574556752395724e-17 0.9999999999999999
  outer loop
    vertex 239.05433078581268 -423.57589327392265 105.00000000000018
    vertex 238.6339855702184 -431.738329701449 105.00000000000018
    vertex 244.1223152716622 -435.949673200293 105.00000000000018
  endloop
endfacet
facet normal 1.1757688789274593e-17 -5.574556752395724e-17 0.9999999999999999
  outer loop
    vertex 239.05433078581268 -423.57589327392265 105.00000000000018
    vertex 244.1223152716622 -435.949673200293 105.00000000000018
    vertex 242.41574356947638 -427.9565717021922 105.00000000000018
  endloop
endfacet
facet normal 1.1757688789274593e-17 -5.574556752395724e-17 0.9999999999999999
  outer loop
    vertex 242.41574356947638 -427.9565717021922 105.00000000000018
    vertex 244.1223152716622 -435.949673200293 105.00000000000018
    vertex 246.7964219977428 -431.31798448585903 105.00000000000018
  endloop
endfacet
facet normal 1.1757688789274593e-17 -5.574556752395724e-17 0.9999999999999999
  outer loop
    vertex 246.7964219977428 -431.31798448585903 105.00000000000018
    vertex 244.1223152716622 -435.949673200293 105.00000000000018
    vertex 250.51361057644513 -438.5970343966656 105.00000000000018
  endloop
endfacet
facet normal 1.1757688789274593e-17 -5.574556752395724e-17 0.9999999999999999
  outer loop
    vertex 246.7964219977428 -431.31798448585903 105.00000000000018
    vertex 250.51361057644513 -438.5970343966656 105.00000000000018
    vertex 251.89783007513847 -433.43105689871345 105.00000000000018
  endloop
endfacet
facet normal 1.1757688789274593e-17 -5.574556752395724e-17 0.9999999999999999
  outer loop
    vertex 251.89783007513847 -433.43105689871345 105.00000000000018
    vertex 250.51361057644513 -438.5970343966656 105.00000000000018
    vertex 257.3723152716618 -439.50000000000534 105.00000000000018
  endloop
endfacet
facet normal 1.1757688789274593e-17 -5.574556752395724e-17 0.9999999999999999
  outer loop
    vertex 251.89783007513847 -433.43105689871345 105.00000000000018
    vertex 257.3723152716618 -439.50000000000534 105.00000000000018
    vertex 257.3723152716618 -434.151786547837 105.00000000000018
  endloop
endfacet
facet normal 1.1757688789274593e-17 -5.574556752395724e-17 0.9999999999999999
  outer loop
    vertex 257.3723152716618 -434.151786547837 105.00000000000018
    vertex 257.3723152716618 -439.50000000000534 105.00000000000018
    vertex 305.0931781697735 -439.50000000000534 105.00000000000018
  endloop
endfacet
facet normal 1.1757688789274593e-17 -5.574556752395724e-17 0.9999999999999999
  outer loop
    vertex 257.3723152716618 -434.151786547837 105.00000000000018
    vertex 305.0931781697735 -439.50000000000534 105.00000000000018
    vertex 371.7691393452287 -434.15178654783676 105.00000000000018
  endloop
endfacet
facet normal 1.1757688789274593e-17 -5.574556752395724e-17 0.9999999999999999
  outer loop
    vertex 371.7691393452287 -434.15178654783676 105.00000000000018
    vertex 305.0931781697735 -439.50000000000534 105.00000000000018
    vertex 354.82755262513393 -438.76150345732094 105.00000000000018
  endloop
endfacet
facet normal 1.1757688789274593e-17 -5.574556752395724e-17 0.9999999999999999
  outer loop
    vertex 354.82755262513393 -438.76150345732094 105.00000000000018
    vertex 305.0931781697735 -439.50000000000534 105.00000000000018
    vertex 354.303930586598 -438.97839480723985 105.00000000000018
  endloop
endfacet
facet normal 1.1757688789274593e-17 -5.574556752395724e-17 0.9999999999999999
  outer loop
    vertex 354.303930586598 -438.97839480723985 105.00000000000018
    vertex 305.0931781697735 -439.50000000000534 105.00000000000018
    vertex 353.854286148439 -439.32341911963465 105.00000000000018
  endloop
endfacet
facet normal 1.1757688789274593e-17 -5.574556752395724e-17 0.9999999999999999
  outer loop
    vertex 353.854286148439 -439.32341911963465 105.00000000000018
    vertex 305.0931781697735 -439.50000000000534 105.00000000000018
    vertex 353.50926183604446 -439.7730635577934 105.00000000000018
  endloop
endfacet
facet normal 1.1757688789274593e-17 -5.574556752395724e-17 0.9999999999999999
  outer loop
    vertex 353.50926183604446 -439.7730635577934 105.00000000000018
    vertex 305.0931781697735 -439.50000000000534 105.00000000000018
    vertex 353.29237048612583 -440.2966855963293 105.00000000000018
  endloop
endfacet
facet normal 1.1757688789274593e-17 -5.574556752395724e-17 0.9999999999999999
  outer loop
    vertex 353.29237048612583 -440.2966855963293 105.00000000000018
    vertex 305.0931781697735 -439.50000000000534 105.00000000000018
    vertex 353.21839288574955 -440.85860125864184 105.00000000000018
  endloop
endfacet
facet normal 1.1757688789274593e-17 -5.574556752395724e-17 0.9999999999999999
  outer loop
    vertex 371.7691393452287 -434.15178654783676 105.00000000000018
    vertex 354.82755262513393 -438.76150345732094 105.00000000000018
    vertex 355.3894682874471 -438.687525856944 105.00000000000018
  endloop
endfacet
facet normal 1.1757688789274593e-17 -5.574556752395724e-17 0.9999999999999999
  outer loop
    vertex 371.7691393452287 -434.15178654783676 105.00000000000018
    vertex 355.3894682874471 -438.687525856944 105.00000000000018
    vertex 355.95138394976016 -438.76150345732094 105.00000000000018
  endloop
endfacet
facet normal 1.1757688789274593e-17 -5.574556752395724e-17 0.9999999999999999
  outer loop
    vertex 371.7691393452287 -434.15178654783676 105.00000000000018
    vertex 355.95138394976016 -438.76150345732094 105.00000000000018
    vertex 356.4750059882962 -438.97839480724014 105.00000000000018
  endloop
endfacet
facet normal 1.1757688789274593e-17 -5.574556752395724e-17 0.9999999999999999
  outer loop
    vertex 371.7691393452287 -434.15178654783676 105.00000000000018
    vertex 356.4750059882962 -438.97839480724014 105.00000000000018
    vertex 356.9246504264552 -439.3234191196341 105.00000000000018
  endloop
endfacet
facet normal 1.1757688789274593e-17 -5.574556752395724e-17 0.9999999999999999
  outer loop
    vertex 371.7691393452287 -434.15178654783676 105.00000000000018
    vertex 356.9246504264552 -439.3234191196341 105.00000000000018
    vertex 357.26967473884855 -439.7730635577925 105.00000000000018
  endloop
endfacet
facet normal 1.1757688789274593e-17 -5.574556752395724e-17 0.9999999999999999
  outer loop
    vertex 371.7691393452287 -434.15178654783676 105.00000000000018
    vertex 357.26967473884855 -439.7730635577925 105.00000000000018
    vertex 357.48656608876826 -440.2966855963293 105.00000000000018
  endloop
endfacet
facet normal 1.1757688789274593e-17 -5.574556752395724e-17 0.9999999999999999
  outer loop
    vertex 371.7691393452287 -434.15178654783676 105.00000000000018
    vertex 357.48656608876826 -440.2966855963293 105.00000000000018
    vertex 357.56054368914465 -440.85860125864184 105.00000000000018
  endloop
endfacet
facet normal 1.1757688789274593e-17 -5.574556752395724e-17 0.9999999999999999
  outer loop
    vertex 371.7691393452287 -434.15178654783676 105.00000000000018
    vertex 357.56054368914465 -440.85860125864184 105.00000000000018
    vertex 359.9920543375927 -441.70908220580293 105.00000000000018
  endloop
endfacet
facet normal 1.1757688789274593e-17 -5.574556752395724e-17 0.9999999999999999
  outer loop
    vertex 359.9920543375927 -441.70908220580293 105.00000000000018
    vertex 357.56054368914465 -440.85860125864184 105.00000000000018
    vertex 359.8367242517022 -441.8282711727512 105.00000000000018
  endloop
endfacet
facet normal 1.1757688789274593e-17 -5.574556752395724e-17 0.9999999999999999
  outer loop
    vertex 359.8367242517022 -441.8282711727512 105.00000000000018
    vertex 357.56054368914465 -440.85860125864184 105.00000000000018
    vertex 359.7175352847538 -441.9836012586418 105.00000000000018
  endloop
endfacet
facet normal 1.1757688789274593e-17 -5.574556752395724e-17 0.9999999999999999
  outer loop
    vertex 359.7175352847538 -441.9836012586418 105.00000000000018
    vertex 357.56054368914465 -440.85860125864184 105.00000000000018
    vertex 359.64260996787556 -442.1644869748152 105.00000000000018
  endloop
endfacet
facet normal 1.1757688789274593e-17 -5.574556752395724e-17 0.9999999999999999
  outer loop
    vertex 359.64260996787556 -442.1644869748152 105.00000000000018
    vertex 357.56054368914465 -440.85860125864184 105.00000000000018
    vertex 359.61705433759204 -442.35860125864184 105.00000000000018
  endloop
endfacet
facet normal 1.1757688789274593e-17 -5.574556752395724e-17 0.9999999999999999
  outer loop
    vertex 371.7691393452287 -434.15178654783676 105.00000000000018
    vertex 359.9920543375927 -441.70908220580293 105.00000000000018
    vertex 360.1729400537655 -441.6341568889243 105.00000000000018
  endloop
endfacet
facet normal 1.1757688789274593e-17 -5.574556752395724e-17 0.9999999999999999
  outer loop
    vertex 371.7691393452287 -434.15178654783676 105.00000000000018
    vertex 360.1729400537655 -441.6341568889243 105.00000000000018
    vertex 360.3670543375922 -441.6086012586411 105.00000000000018
  endloop
endfacet
facet normal 1.1757688789274593e-17 -5.574556752395724e-17 0.9999999999999999
  outer loop
    vertex 371.7691393452287 -434.15178654783676 105.00000000000018
    vertex 360.3670543375922 -441.6086012586411 105.00000000000018
    vertex 360.5611686214194 -441.634156888924 105.00000000000021
  endloop
endfacet
facet normal 1.1757688789274593e-17 -5.574556752395724e-17 0.9999999999999999
  outer loop
    vertex 371.7691393452287 -434.15178654783676 105.00000000000018
    vertex 360.5611686214194 -441.634156888924 105.00000000000021
    vertex 360.74205433759283 -441.7090822058026 105.00000000000021
  endloop
endfacet
facet normal 1.1757688789274593e-17 -5.574556752395724e-17 0.9999999999999999
  outer loop
    vertex 371.7691393452287 -434.15178654783676 105.00000000000018
    vertex 360.74205433759283 -441.7090822058026 105.00000000000021
    vertex 360.89738442348215 -441.8282711727516 105.00000000000018
  endloop
endfacet
facet normal 1.1757688789274593e-17 -5.574556752395724e-17 0.9999999999999999
  outer loop
    vertex 371.7691393452287 -434.15178654783676 105.00000000000018
    vertex 360.89738442348215 -441.8282711727516 105.00000000000018
    vertex 361.0165733904311 -441.9836012586418 105.00000000000018
  endloop
endfacet
facet normal 1.1757688789274593e-17 -5.574556752395724e-17 0.9999999999999999
  outer loop
    vertex 371.7691393452287 -434.15178654783676 105.00000000000018
    vertex 361.0165733904311 -441.9836012586418 105.00000000000018
    vertex 361.0914987073094 -442.1644869748152 105.00000000000018
  endloop
endfacet
facet normal 1.1757688789274593e-17 -5.574556752395724e-17 0.9999999999999999
  outer loop
    vertex 371.7691393452287 -434.15178654783676 105.00000000000018
    vertex 361.0914987073094 -442.1644869748152 105.00000000000018
    vertex 361.1170543375923 -442.35860125864184 105.00000000000018
  endloop
endfacet
facet normal 1.1757688789274593e-17 -5.574556752395724e-17 0.9999999999999999
  outer loop
    vertex 371.7691393452287 -434.15178654783676 105.00000000000018
    vertex 361.1170543375923 -442.35860125864184 105.00000000000018
    vertex 368.7691393452306 -440.22317939611696 105.00000000000018
  endloop
endfacet
facet normal 1.1757688789274593e-17 -5.574556752395724e-17 0.9999999999999999
  outer loop
    vertex 368.7691393452306 -440.22317939611696 105.00000000000018
    vertex 361.1170543375923 -442.35860125864184 105.00000000000018
    vertex 368.7691393452282 -444.6231793961182 105.00000000000018
  endloop
endfacet
facet normal 1.1757688789274593e-17 -5.574556752395724e-17 0.9999999999999999
  outer loop
    vertex 371.7691393452287 -434.15178654783676 105.00000000000018
    vertex 368.7691393452306 -440.22317939611696 105.00000000000018
    vertex 371.7691393452287 -440.22317939611867 105.00000000000018
  endloop
endfacet
facet normal 1.1757688789274593e-17 -5.574556752395724e-17 0.9999999999999999
  outer loop
    vertex 257.3723152716624 -391.848213452174 105.00000000000018
    vertex 358.08704199501483 -386.36780137849195 105.00000000000018
    vertex 358.0130643946373 -385.80588571617903 105.00000000000018
  endloop
endfacet
facet normal 1.1757688789274593e-17 -5.574556752395724e-17 0.9999999999999999
  outer loop
    vertex 358.08704199501483 -386.36780137849195 105.00000000000018
    vertex 257.3723152716624 -391.848213452174 105.00000000000018
    vertex 358.3039333449334 -386.89142341702814 105.00000000000018
  endloop
endfacet
facet normal 1.1757688789274593e-17 -5.574556752395724e-17 0.9999999999999999
  outer loop
    vertex 358.3039333449334 -386.89142341702814 105.00000000000018
    vertex 257.3723152716624 -391.848213452174 105.00000000000018
    vertex 358.64895765732734 -387.34106785518685 105.00000000000018
  endloop
endfacet
facet normal 1.1757688789274593e-17 -5.574556752395724e-17 0.9999999999999999
  outer loop
    vertex 358.64895765732734 -387.34106785518685 105.00000000000018
    vertex 257.3723152716624 -391.848213452174 105.00000000000018
    vertex 359.0986020954864 -387.6860921675808 105.00000000000018
  endloop
endfacet
facet normal 1.1757688789274593e-17 -5.574556752395724e-17 0.9999999999999999
  outer loop
    vertex 359.0986020954864 -387.6860921675808 105.00000000000018
    vertex 257.3723152716624 -391.848213452174 105.00000000000018
    vertex 359.6222241340223 -387.90298351749965 105.00000000000018
  endloop
endfacet
facet normal 1.1757688789274593e-17 -5.574556752395724e-17 0.9999999999999999
  outer loop
    vertex 359.6222241340223 -387.90298351749965 105.00000000000018
    vertex 257.3723152716624 -391.848213452174 105.00000000000018
    vertex 369.9209258930604 -391.84821345217364 105.00000000000018
  endloop
endfacet
facet normal 1.1757688789274593e-17 -5.574556752395724e-17 0.9999999999999999
  outer loop
    vertex 359.6222241340223 -387.90298351749965 105.00000000000018
    vertex 369.9209258930604 -391.84821345217364 105.00000000000018
    vertex 360.18413979633544 -387.9769611178766 105.00000000000018
  endloop
endfacet
facet normal 1.1757688789274593e-17 -5.574556752395724e-17 0.9999999999999999
  outer loop
    vertex 360.18413979633544 -387.9769611178766 105.00000000000018
    vertex 369.9209258930604 -391.84821345217364 105.00000000000018
    vertex 360.7460554586486 -387.9029835175 105.00000000000018
  endloop
endfacet
facet normal 1.1757688789274593e-17 -5.574556752395724e-17 0.9999999999999999
  outer loop
    vertex 360.7460554586486 -387.9029835175 105.00000000000018
    vertex 369.9209258930604 -391.84821345217364 105.00000000000018
    vertex 361.26967749718455 -387.6860921675808 105.00000000000018
  endloop
endfacet
facet normal 1.1757688789274593e-17 -5.574556752395724e-17 0.9999999999999999
  outer loop
    vertex 361.26967749718455 -387.6860921675808 105.00000000000018
    vertex 369.9209258930604 -391.84821345217364 105.00000000000018
    vertex 361.71932193534354 -387.34106785518685 105.00000000000018
  endloop
endfacet
facet normal 1.1757688789274593e-17 -5.574556752395724e-17 0.9999999999999999
  outer loop
    vertex 361.71932193534354 -387.34106785518685 105.00000000000018
    vertex 369.9209258930604 -391.84821345217364 105.00000000000018
    vertex 362.0643462477369 -386.8914234170278 105.00000000000018
  endloop
endfacet
facet normal 1.1757688789274593e-17 -5.574556752395724e-17 0.9999999999999999
  outer loop
    vertex 362.0643462477369 -386.8914234170278 105.00000000000018
    vertex 369.9209258930604 -391.84821345217364 105.00000000000018
    vertex 362.2812375976561 -386.36780137849195 105.00000000000018
  endloop
endfacet
facet normal 1.1757688789274593e-17 -5.574556752395724e-17 0.9999999999999999
  outer loop
    vertex 362.2812375976561 -386.36780137849195 105.00000000000018
    vertex 369.9209258930604 -391.84821345217364 105.00000000000018
    vertex 362.355215198033 -385.80588571617903 105.00000000000018
  endloop
endfacet
facet normal 1.1757688789274593e-17 -5.574556752395724e-17 0.9999999999999999
  outer loop
    vertex 362.355215198033 -385.80588571617903 105.00000000000018
    vertex 369.9209258930604 -391.84821345217364 105.00000000000018
    vertex 364.6313957605906 -386.33621580206875 105.00000000000018
  endloop
endfacet
facet normal 1.1757688789274593e-17 -5.574556752395724e-17 0.9999999999999999
  outer loop
    vertex 362.355215198033 -385.80588571617903 105.00000000000018
    vertex 364.6313957605906 -386.33621580206875 105.00000000000018
    vertex 364.5122067936422 -386.18088571617886 105.00000000000018
  endloop
endfacet
facet normal 1.1757688789274593e-17 -5.574556752395724e-17 0.9999999999999999
  outer loop
    vertex 362.355215198033 -385.80588571617903 105.00000000000018
    vertex 364.5122067936422 -386.18088571617886 105.00000000000018
    vertex 364.4372814767639 -386.0000000000063 105.00000000000018
  endloop
endfacet
facet normal 1.1757688789274593e-17 -5.574556752395724e-17 0.9999999999999999
  outer loop
    vertex 362.355215198033 -385.80588571617903 105.00000000000018
    vertex 364.4372814767639 -386.0000000000063 105.00000000000018
    vertex 364.41172584648046 -385.8058857161793 105.00000000000018
  endloop
endfacet
facet normal 1.1757688789274593e-17 -5.574556752395724e-17 0.9999999999999999
  outer loop
    vertex 364.6313957605906 -386.33621580206875 105.00000000000018
    vertex 369.9209258930604 -391.84821345217364 105.00000000000018
    vertex 364.78672584648046 -386.45540476901715 105.00000000000018
  endloop
endfacet
facet normal 1.1757688789274593e-17 -5.574556752395724e-17 0.9999999999999999
  outer loop
    vertex 364.78672584648046 -386.45540476901715 105.00000000000018
    vertex 369.9209258930604 -391.84821345217364 105.00000000000018
    vertex 364.9676115626539 -386.5303300858954 105.00000000000018
  endloop
endfacet
facet normal 1.1757688789274593e-17 -5.574556752395724e-17 0.9999999999999999
  outer loop
    vertex 364.9676115626539 -386.5303300858954 105.00000000000018
    vertex 369.9209258930604 -391.84821345217364 105.00000000000018
    vertex 365.1617258464806 -386.55588571617886 105.00000000000018
  endloop
endfacet
facet normal 1.1757688789274593e-17 -5.574556752395724e-17 0.9999999999999999
  outer loop
    vertex 365.1617258464806 -386.55588571617886 105.00000000000018
    vertex 369.9209258930604 -391.84821345217364 105.00000000000018
    vertex 365.35584013030723 -386.5303300858957 105.00000000000018
  endloop
endfacet
facet normal 1.1757688789274593e-17 -5.574556752395724e-17 0.9999999999999999
  outer loop
    vertex 365.35584013030723 -386.5303300858957 105.00000000000018
    vertex 369.9209258930604 -391.84821345217364 105.00000000000018
    vertex 365.53672584648 -386.4554047690168 105.00000000000018
  endloop
endfacet
facet normal 1.1757688789274593e-17 -5.574556752395724e-17 0.9999999999999999
  outer loop
    vertex 365.53672584648 -386.4554047690168 105.00000000000018
    vertex 369.9209258930604 -391.84821345217364 105.00000000000018
    vertex 365.6920559323706 -386.33621580206847 105.00000000000018
  endloop
endfacet
facet normal 1.1757688789274593e-17 -5.574556752395724e-17 0.9999999999999999
  outer loop
    vertex 365.6920559323706 -386.33621580206847 105.00000000000018
    vertex 369.9209258930604 -391.84821345217364 105.00000000000018
    vertex 365.8112448993183 -386.1808857161794 105.00000000000018
  endloop
endfacet
facet normal 1.1757688789274593e-17 -5.574556752395724e-17 0.9999999999999999
  outer loop
    vertex 365.8112448993183 -386.1808857161794 105.00000000000018
    vertex 369.9209258930604 -391.84821345217364 105.00000000000018
    vertex 365.8861702161972 -386.00000000000597 105.00000000000018
  endloop
endfacet
facet normal 1.1757688789274593e-17 -5.574556752395724e-17 0.9999999999999999
  outer loop
    vertex 365.8861702161972 -386.00000000000597 105.00000000000018
    vertex 369.9209258930604 -391.84821345217364 105.00000000000018
    vertex 365.9117258464807 -385.80588571617903 105.00000000000018
  endloop
endfacet
facet normal 1.1757688789274593e-17 -5.574556752395724e-17 0.9999999999999999
  outer loop
    vertex 225.5279182650508 -375.92715533526444 105.00000000000018
    vertex 227.51347395073276 -389.88414324663154 105.00000000000018
    vertex 233.48961545184534 -379.2246802313265 105.00000000000018
  endloop
endfacet
facet normal 1.1757688789274593e-17 -5.574556752395724e-17 0.9999999999999999
  outer loop
    vertex 227.51347395073276 -389.88414324663154 105.00000000000018
    vertex 225.5279182650508 -375.92715533526444 105.00000000000018
    vertex 227.4385486338539 -390.06502896280494 105.00000000000018
  endloop
endfacet
facet normal 1.1757688789274593e-17 -5.574556752395724e-17 0.9999999999999999
  outer loop
    vertex 227.4385486338539 -390.06502896280494 105.00000000000018
    vertex 225.5279182650508 -375.92715533526444 105.00000000000018
    vertex 227.412993003571 -390.2591432466319 105.00000000000018
  endloop
endfacet
facet normal 1.1757688789274593e-17 -5.574556752395724e-17 0.9999999999999999
  outer loop
    vertex 233.48961545184534 -379.2246802313265 105.00000000000018
    vertex 227.51347395073276 -389.88414324663154 105.00000000000018
    vertex 227.63266291768056 -389.72881316074216 105.00000000000018
  endloop
endfacet
facet normal 1.1757688789274593e-17 -5.574556752395724e-17 0.9999999999999999
  outer loop
    vertex 233.48961545184534 -379.2246802313265 105.00000000000018
    vertex 227.63266291768056 -389.72881316074216 105.00000000000018
    vertex 227.78799300357105 -389.60962419379325 105.00000000000018
  endloop
endfacet
facet normal 1.1757688789274593e-17 -5.574556752395724e-17 0.9999999999999999
  outer loop
    vertex 233.48961545184534 -379.2246802313265 105.00000000000018
    vertex 227.78799300357105 -389.60962419379325 105.00000000000018
    vertex 227.96887871974388 -389.53469887691494 105.00000000000018
  endloop
endfacet
facet normal 1.1757688789274593e-17 -5.574556752395724e-17 0.9999999999999999
  outer loop
    vertex 233.48961545184534 -379.2246802313265 105.00000000000018
    vertex 227.96887871974388 -389.53469887691494 105.00000000000018
    vertex 228.16299300357053 -389.5091432466314 105.00000000000018
  endloop
endfacet
facet normal 1.1757688789274593e-17 -5.574556752395724e-17 0.9999999999999999
  outer loop
    vertex 233.48961545184534 -379.2246802313265 105.00000000000018
    vertex 228.16299300357053 -389.5091432466314 105.00000000000018
    vertex 228.35710728739775 -389.53469887691494 105.00000000000018
  endloop
endfacet
facet normal 1.1757688789274593e-17 -5.574556752395724e-17 0.9999999999999999
  outer loop
    vertex 233.48961545184534 -379.2246802313265 105.00000000000018
    vertex 228.35710728739775 -389.53469887691494 105.00000000000018
    vertex 228.53799300357002 -389.6096241937935 105.00000000000018
  endloop
endfacet
facet normal 1.1757688789274593e-17 -5.574556752395724e-17 0.9999999999999999
  outer loop
    vertex 233.48961545184534 -379.2246802313265 105.00000000000018
    vertex 228.53799300357002 -389.6096241937935 105.00000000000018
    vertex 228.6933230894605 -389.7288131607419 105.00000000000018
  endloop
endfacet
facet normal 1.1757688789274593e-17 -5.574556752395724e-17 0.9999999999999999
  outer loop
    vertex 233.48961545184534 -379.2246802313265 105.00000000000018
    vertex 228.6933230894605 -389.7288131607419 105.00000000000018
    vertex 228.81251205640947 -389.88414324663177 105.00000000000018
  endloop
endfacet
facet normal 1.1757688789274593e-17 -5.574556752395724e-17 0.9999999999999999
  outer loop
    vertex 233.48961545184534 -379.2246802313265 105.00000000000018
    vertex 228.81251205640947 -389.88414324663177 105.00000000000018
    vertex 228.88743737328775 -390.0650289628046 105.00000000000018
  endloop
endfacet
facet normal 1.1757688789274593e-17 -5.574556752395724e-17 0.9999999999999999
  outer loop
    vertex 233.48961545184534 -379.2246802313265 105.00000000000018
    vertex 228.88743737328775 -390.0650289628046 105.00000000000018
    vertex 228.91299300357065 -390.2591432466316 105.00000000000018
  endloop
endfacet
facet normal 1.1757688789274593e-17 -5.574556752395724e-17 0.9999999999999999
  outer loop
    vertex 233.48961545184534 -379.2246802313265 105.00000000000018
    vertex 228.91299300357065 -390.2591432466316 105.00000000000018
    vertex 231.043481252395 -389.69722758431897 105.00000000000018
  endloop
endfacet
facet normal 1.1757688789274593e-17 -5.574556752395724e-17 0.9999999999999999
  outer loop
    vertex 231.043481252395 -389.69722758431897 105.00000000000018
    vertex 228.91299300357065 -390.2591432466316 105.00000000000018
    vertex 230.96950365201866 -390.2591432466319 105.00000000000018
  endloop
endfacet
facet normal 1.1757688789274593e-17 -5.574556752395724e-17 0.9999999999999999
  outer loop
    vertex 233.48961545184534 -379.2246802313265 105.00000000000018
    vertex 231.043481252395 -389.69722758431897 105.00000000000018
    vertex 231.2603726023136 -389.1736055457831 105.00000000000018
  endloop
endfacet
facet normal 1.1757688789274593e-17 -5.574556752395724e-17 0.9999999999999999
  outer loop
    vertex 233.48961545184534 -379.2246802313265 105.00000000000018
    vertex 231.2603726023136 -389.1736055457831 105.00000000000018
    vertex 231.60539691470754 -388.72396110762406 105.00000000000018
  endloop
endfacet
facet normal 1.1757688789274593e-17 -5.574556752395724e-17 0.9999999999999999
  outer loop
    vertex 233.48961545184534 -379.2246802313265 105.00000000000018
    vertex 231.60539691470754 -388.72396110762406 105.00000000000018
    vertex 232.05504135286654 -388.37893679522983 105.00000000000018
  endloop
endfacet
facet normal 1.1757688789274593e-17 -5.574556752395724e-17 0.9999999999999999
  outer loop
    vertex 233.48961545184534 -379.2246802313265 105.00000000000018
    vertex 232.05504135286654 -388.37893679522983 105.00000000000018
    vertex 232.57866339140307 -388.16204544531064 105.00000000000018
  endloop
endfacet
facet normal 1.1757688789274593e-17 -5.574556752395724e-17 0.9999999999999999
  outer loop
    vertex 233.48961545184534 -379.2246802313265 105.00000000000018
    vertex 232.57866339140307 -388.16204544531064 105.00000000000018
    vertex 233.14057905371564 -388.0880678449337 105.00000000000018
  endloop
endfacet
facet normal 1.1757688789274593e-17 -5.574556752395724e-17 0.9999999999999999
  outer loop
    vertex 233.48961545184534 -379.2246802313265 105.00000000000018
    vertex 233.14057905371564 -388.0880678449337 105.00000000000018
    vertex 233.70249471602878 -388.16204544531064 105.00000000000018
  endloop
endfacet
facet normal 1.1757688789274593e-17 -5.574556752395724e-17 0.9999999999999999
  outer loop
    vertex 233.48961545184534 -379.2246802313265 105.00000000000018
    vertex 233.70249471602878 -388.16204544531064 105.00000000000018
    vertex 240.41090951495931 -379.9780237721914 105.00000000000018
  endloop
endfacet
facet normal 1.1757688789274593e-17 -5.574556752395724e-17 0.9999999999999999
  outer loop
    vertex 240.41090951495931 -379.9780237721914 105.00000000000018
    vertex 233.70249471602878 -388.16204544531064 105.00000000000018
    vertex 234.2261167545647 -388.37893679522955 105.00000000000018
  endloop
endfacet
facet normal 1.1757688789274593e-17 -5.574556752395724e-17 0.9999999999999999
  outer loop
    vertex 240.41090951495931 -379.9780237721914 105.00000000000018
    vertex 234.2261167545647 -388.37893679522955 105.00000000000018
    vertex 234.6757611927237 -388.7239611076235 105.00000000000018
  endloop
endfacet
facet normal 1.1757688789274593e-17 -5.574556752395724e-17 0.9999999999999999
  outer loop
    vertex 240.41090951495931 -379.9780237721914 105.00000000000018
    vertex 234.6757611927237 -388.7239611076235 105.00000000000018
    vertex 235.02078550511825 -389.1736055457825 105.00000000000018
  endloop
endfacet
facet normal 1.1757688789274593e-17 -5.574556752395724e-17 0.9999999999999999
  outer loop
    vertex 240.41090951495931 -379.9780237721914 105.00000000000018
    vertex 235.02078550511825 -389.1736055457825 105.00000000000018
    vertex 235.23767685503688 -389.69722758431845 105.00000000000018
  endloop
endfacet
facet normal 1.1757688789274593e-17 -5.574556752395724e-17 0.9999999999999999
  outer loop
    vertex 240.41090951495931 -379.9780237721914 105.00000000000018
    vertex 235.23767685503688 -389.69722758431845 105.00000000000018
    vertex 235.3116544554138 -390.25914324663125 105.00000000000018
  endloop
endfacet
facet normal 1.1757688789274593e-17 -5.574556752395724e-17 0.9999999999999999
  outer loop
    vertex 240.41090951495931 -379.9780237721914 105.00000000000018
    vertex 235.3116544554138 -390.25914324663125 105.00000000000018
    vertex 236.22052872383128 -413.0000000000056 105.00000000000018
  endloop
endfacet
facet normal 1.1757688789274593e-17 -5.574556752395724e-17 0.9999999999999999
  outer loop
    vertex 236.22052872383128 -413.0000000000056 105.00000000000018
    vertex 235.3116544554138 -390.25914324663125 105.00000000000018
    vertex 235.32768698113094 -427.42947748996676 105.00000000000018
  endloop
endfacet
facet normal 1.1757688789274593e-17 -5.574556752395724e-17 0.9999999999999999
  outer loop
    vertex 240.41090951495931 -379.9780237721914 105.00000000000018
    vertex 236.22052872383128 -413.0000000000056 105.00000000000018
    vertex 236.94125837295772 -407.52551480348376 105.00000000000018
  endloop
endfacet
facet normal 1.1757688789274593e-17 -5.574556752395724e-17 0.9999999999999999
  outer loop
    vertex 240.41090951495931 -379.9780237721914 105.00000000000018
    vertex 236.94125837295772 -407.52551480348376 105.00000000000018
    vertex 239.05433078581444 -402.4241067260904 105.00000000000018
  endloop
endfacet
facet normal 1.1757688789274593e-17 -5.574556752395724e-17 0.9999999999999999
  outer loop
    vertex 240.41090951495931 -379.9780237721914 105.00000000000018
    vertex 239.05433078581444 -402.4241067260904 105.00000000000018
    vertex 242.41574356947987 -398.0434282978234 105.00000000000018
  endloop
endfacet
facet normal 1.1757688789274593e-17 -5.574556752395724e-17 0.9999999999999999
  outer loop
    vertex 240.41090951495931 -379.9780237721914 105.00000000000018
    vertex 242.41574356947987 -398.0434282978234 105.00000000000018
    vertex 242.03337325709526 -380.15178654783716 105.00000000000018
  endloop
endfacet
facet normal 1.1757688789274593e-17 -5.574556752395724e-17 0.9999999999999999
  outer loop
    vertex 242.03337325709526 -380.15178654783716 105.00000000000018
    vertex 242.41574356947987 -398.0434282978234 105.00000000000018
    vertex 246.79642199774622 -394.6820155141574 105.00000000000018
  endloop
endfacet
facet normal 1.1757688789274593e-17 -5.574556752395724e-17 0.9999999999999999
  outer loop
    vertex 242.03337325709526 -380.15178654783716 105.00000000000018
    vertex 246.79642199774622 -394.6820155141574 105.00000000000018
    vertex 251.89783007513967 -392.5689431013015 105.00000000000018
  endloop
endfacet
facet normal 1.1757688789274593e-17 -5.574556752395724e-17 0.9999999999999999
  outer loop
    vertex 242.03337325709526 -380.15178654783716 105.00000000000018
    vertex 251.89783007513967 -392.5689431013015 105.00000000000018
    vertex 257.3723152716624 -391.848213452174 105.00000000000018
  endloop
endfacet
facet normal 1.1757688789274593e-17 -5.574556752395724e-17 0.9999999999999999
  outer loop
    vertex 242.03337325709526 -380.15178654783716 105.00000000000018
    vertex 257.3723152716624 -391.848213452174 105.00000000000018
    vertex 369.9209258930604 -380.1517865478366 105.00000000000018
  endloop
endfacet
facet normal 1.1757688789274593e-17 -5.574556752395724e-17 0.9999999999999999
  outer loop
    vertex 369.9209258930604 -380.1517865478366 105.00000000000018
    vertex 257.3723152716624 -391.848213452174 105.00000000000018
    vertex 359.6222241340223 -383.70878791485814 105.00000000000018
  endloop
endfacet
facet normal 1.1757688789274593e-17 -5.574556752395724e-17 0.9999999999999999
  outer loop
    vertex 359.6222241340223 -383.70878791485814 105.00000000000018
    vertex 257.3723152716624 -391.848213452174 105.00000000000018
    vertex 359.0986020954864 -383.92567926477733 105.00000000000018
  endloop
endfacet
facet normal 1.1757688789274593e-17 -5.574556752395724e-17 0.9999999999999999
  outer loop
    vertex 359.0986020954864 -383.92567926477733 105.00000000000018
    vertex 257.3723152716624 -391.848213452174 105.00000000000018
    vertex 358.64895765732734 -384.2707035771713 105.00000000000018
  endloop
endfacet
facet normal 1.1757688789274593e-17 -5.574556752395724e-17 0.9999999999999999
  outer loop
    vertex 358.64895765732734 -384.2707035771713 105.00000000000018
    vertex 257.3723152716624 -391.848213452174 105.00000000000018
    vertex 358.3039333449334 -384.72034801533056 105.00000000000018
  endloop
endfacet
facet normal 1.1757688789274593e-17 -5.574556752395724e-17 0.9999999999999999
  outer loop
    vertex 358.3039333449334 -384.72034801533056 105.00000000000018
    vertex 257.3723152716624 -391.848213452174 105.00000000000018
    vertex 358.08704199501426 -385.24397005386624 105.00000000000018
  endloop
endfacet
facet normal 1.1757688789274593e-17 -5.574556752395724e-17 0.9999999999999999
  outer loop
    vertex 358.08704199501426 -385.24397005386624 105.00000000000018
    vertex 257.3723152716624 -391.848213452174 105.00000000000018
    vertex 358.0130643946373 -385.80588571617903 105.00000000000018
  endloop
endfacet
facet normal 1.1757688789274593e-17 -5.574556752395724e-17 0.9999999999999999
  outer loop
    vertex 369.9209258930604 -380.1517865478366 105.00000000000018
    vertex 359.6222241340223 -383.70878791485814 105.00000000000018
    vertex 360.18413979633544 -383.6348103144812 105.00000000000018
  endloop
endfacet
facet normal 1.1757688789274593e-17 -5.574556752395724e-17 0.9999999999999999
  outer loop
    vertex 369.9209258930604 -380.1517865478366 105.00000000000018
    vertex 360.18413979633544 -383.6348103144812 105.00000000000018
    vertex 360.7460554586486 -383.70878791485814 105.00000000000018
  endloop
endfacet
facet normal 1.1757688789274593e-17 -5.574556752395724e-17 0.9999999999999999
  outer loop
    vertex 369.9209258930604 -380.1517865478366 105.00000000000018
    vertex 360.7460554586486 -383.70878791485814 105.00000000000018
    vertex 361.26967749718455 -383.92567926477733 105.00000000000018
  endloop
endfacet
facet normal 1.1757688789274593e-17 -5.574556752395724e-17 0.9999999999999999
  outer loop
    vertex 369.9209258930604 -380.1517865478366 105.00000000000018
    vertex 361.26967749718455 -383.92567926477733 105.00000000000018
    vertex 361.71932193534354 -384.2707035771713 105.00000000000018
  endloop
endfacet
facet normal 1.1757688789274593e-17 -5.574556752395724e-17 0.9999999999999999
  outer loop
    vertex 369.9209258930604 -380.1517865478366 105.00000000000018
    vertex 361.71932193534354 -384.2707035771713 105.00000000000018
    vertex 362.0643462477369 -384.7203480153302 105.00000000000018
  endloop
endfacet
facet normal 1.1757688789274593e-17 -5.574556752395724e-17 0.9999999999999999
  outer loop
    vertex 369.9209258930604 -380.1517865478366 105.00000000000018
    vertex 362.0643462477369 -384.7203480153302 105.00000000000018
    vertex 362.2812375976561 -385.24397005386624 105.00000000000018
  endloop
endfacet
facet normal 1.1757688789274593e-17 -5.574556752395724e-17 0.9999999999999999
  outer loop
    vertex 369.9209258930604 -380.1517865478366 105.00000000000018
    vertex 362.2812375976561 -385.24397005386624 105.00000000000018
    vertex 362.355215198033 -385.80588571617903 105.00000000000018
  endloop
endfacet
facet normal 1.1757688789274593e-17 -5.574556752395724e-17 0.9999999999999999
  outer loop
    vertex 369.9209258930604 -380.1517865478366 105.00000000000018
    vertex 362.355215198033 -385.80588571617903 105.00000000000018
    vertex 364.63139576059 -385.2755556302894 105.00000000000018
  endloop
endfacet
facet normal 1.1757688789274593e-17 -5.574556752395724e-17 0.9999999999999999
  outer loop
    vertex 364.63139576059 -385.2755556302894 105.00000000000018
    vertex 362.355215198033 -385.80588571617903 105.00000000000018
    vertex 364.51220679364167 -385.4308857161793 105.00000000000018
  endloop
endfacet
facet normal 1.1757688789274593e-17 -5.574556752395724e-17 0.9999999999999999
  outer loop
    vertex 364.51220679364167 -385.4308857161793 105.00000000000018
    vertex 362.355215198033 -385.80588571617903 105.00000000000018
    vertex 364.4372814767639 -385.6117714323518 105.00000000000018
  endloop
endfacet
facet normal 1.1757688789274593e-17 -5.574556752395724e-17 0.9999999999999999
  outer loop
    vertex 364.4372814767639 -385.6117714323518 105.00000000000018
    vertex 362.355215198033 -385.80588571617903 105.00000000000018
    vertex 364.41172584648046 -385.8058857161793 105.00000000000018
  endloop
endfacet
facet normal 1.1757688789274593e-17 -5.574556752395724e-17 0.9999999999999999
  outer loop
    vertex 369.9209258930604 -380.1517865478366 105.00000000000018
    vertex 364.63139576059 -385.2755556302894 105.00000000000018
    vertex 364.78672584648046 -385.1563666633401 105.00000000000018
  endloop
endfacet
facet normal 1.1757688789274593e-17 -5.574556752395724e-17 0.9999999999999999
  outer loop
    vertex 369.9209258930604 -380.1517865478366 105.00000000000018
    vertex 364.78672584648046 -385.1563666633401 105.00000000000018
    vertex 364.9676115626539 -385.08144134646153 105.00000000000018
  endloop
endfacet
facet normal 1.1757688789274593e-17 -5.574556752395724e-17 0.9999999999999999
  outer loop
    vertex 369.9209258930604 -380.1517865478366 105.00000000000018
    vertex 364.9676115626539 -385.08144134646153 105.00000000000018
    vertex 365.1617258464806 -385.0558857161792 105.00000000000018
  endloop
endfacet
facet normal 1.1757688789274593e-17 -5.574556752395724e-17 0.9999999999999999
  outer loop
    vertex 369.9209258930604 -380.1517865478366 105.00000000000018
    vertex 365.1617258464806 -385.0558857161792 105.00000000000018
    vertex 365.35584013030723 -385.08144134646216 105.00000000000018
  endloop
endfacet
facet normal 1.1757688789274593e-17 -5.574556752395724e-17 0.9999999999999999
  outer loop
    vertex 369.9209258930604 -380.1517865478366 105.00000000000018
    vertex 365.35584013030723 -385.08144134646216 105.00000000000018
    vertex 365.53672584648 -385.1563666633404 105.00000000000018
  endloop
endfacet
facet normal 1.1757688789274593e-17 -5.574556752395724e-17 0.9999999999999999
  outer loop
    vertex 369.9209258930604 -380.1517865478366 105.00000000000018
    vertex 365.53672584648 -385.1563666633404 105.00000000000018
    vertex 365.6920559323706 -385.27555563028875 105.00000000000018
  endloop
endfacet
facet normal 1.1757688789274593e-17 -5.574556752395724e-17 0.9999999999999999
  outer loop
    vertex 369.9209258930604 -380.1517865478366 105.00000000000018
    vertex 365.6920559323706 -385.27555563028875 105.00000000000018
    vertex 365.8112448993189 -385.4308857161787 105.00000000000018
  endloop
endfacet
facet normal 1.1757688789274593e-17 -5.574556752395724e-17 0.9999999999999999
  outer loop
    vertex 369.9209258930604 -380.1517865478366 105.00000000000018
    vertex 365.8112448993189 -385.4308857161787 105.00000000000018
    vertex 365.8861702161972 -385.6117714323518 105.00000000000018
  endloop
endfacet
facet normal 1.1757688789274593e-17 -5.574556752395724e-17 0.9999999999999999
  outer loop
    vertex 369.9209258930604 -380.1517865478366 105.00000000000018
    vertex 365.8861702161972 -385.6117714323518 105.00000000000018
    vertex 365.9117258464807 -385.80588571617903 105.00000000000018
  endloop
endfacet
facet normal 1.1757688789274593e-17 -5.574556752395724e-17 0.9999999999999999
  outer loop
    vertex 369.9209258930604 -380.1517865478366 105.00000000000018
    vertex 365.9117258464807 -385.80588571617903 105.00000000000018
    vertex 369.9209258930604 -391.84821345217364 105.00000000000018
  endloop
endfacet
facet normal 1.1757688789274593e-17 -5.574556752395724e-17 0.9999999999999999
  outer loop
    vertex 369.9209258930604 -380.1517865478366 105.00000000000018
    vertex 369.9209258930604 -391.84821345217364 105.00000000000018
    vertex 371.434554914306 -391.6489404111061 105.00000000000018
  endloop
endfacet
facet normal 1.1757688789274593e-17 -5.574556752395724e-17 0.9999999999999999
  outer loop
    vertex 369.9209258930604 -380.1517865478366 105.00000000000018
    vertex 371.434554914306 -391.6489404111061 105.00000000000018
    vertex 371.434554914306 -380.3510595889042 105.00000000000018
  endloop
endfacet
facet normal 1.1757688789274593e-17 -5.574556752395724e-17 0.9999999999999999
  outer loop
    vertex 371.434554914306 -380.3510595889042 105.00000000000018
    vertex 371.434554914306 -391.6489404111061 105.00000000000018
    vertex 372.8450326191447 -391.0647014163376 105.00000000000018
  endloop
endfacet
facet normal 1.1757688789274593e-17 -5.574556752395724e-17 0.9999999999999999
  outer loop
    vertex 371.434554914306 -380.3510595889042 105.00000000000018
    vertex 372.8450326191447 -391.0647014163376 105.00000000000018
    vertex 372.8450326191441 -380.9352985836735 105.00000000000018
  endloop
endfacet
facet normal 1.1757688789274593e-17 -5.574556752395724e-17 0.9999999999999999
  outer loop
    vertex 372.8450326191441 -380.9352985836735 105.00000000000018
    vertex 372.8450326191447 -391.0647014163376 105.00000000000018
    vertex 374.0562372829152 -381.8646886101506 105.00000000000018
  endloop
endfacet
facet normal 1.1757688789274593e-17 -5.574556752395724e-17 0.9999999999999999
  outer loop
    vertex 374.0562372829152 -381.8646886101506 105.00000000000018
    vertex 372.8450326191447 -391.0647014163376 105.00000000000018
    vertex 374.0562372829175 -390.13531138986315 105.00000000000018
  endloop
endfacet
facet normal 1.1757688789274593e-17 -5.574556752395724e-17 0.9999999999999999
  outer loop
    vertex 374.0562372829152 -381.8646886101506 105.00000000000018
    vertex 374.0562372829175 -390.13531138986315 105.00000000000018
    vertex 374.9856273093923 -383.0758932739211 105.00000000000018
  endloop
endfacet
facet normal 1.1757688789274593e-17 -5.574556752395724e-17 0.9999999999999999
  outer loop
    vertex 374.9856273093923 -383.0758932739211 105.00000000000018
    vertex 374.0562372829175 -390.13531138986315 105.00000000000018
    vertex 374.9856273093923 -388.92410672609054 105.00000000000018
  endloop
endfacet
facet normal 1.1757688789274593e-17 -5.574556752395724e-17 0.9999999999999999
  outer loop
    vertex 374.9856273093923 -383.0758932739211 105.00000000000018
    vertex 374.9856273093923 -388.92410672609054 105.00000000000018
    vertex 375.5698663041608 -387.5136290212513 105.00000000000018
  endloop
endfacet
facet normal 1.1757688789274593e-17 -5.574556752395724e-17 0.9999999999999999
  outer loop
    vertex 374.9856273093923 -383.0758932739211 105.00000000000018
    vertex 375.5698663041608 -387.5136290212513 105.00000000000018
    vertex 375.5698663041608 -384.48637097875985 105.00000000000018
  endloop
endfacet
facet normal 1.1757688789274593e-17 -5.574556752395724e-17 0.9999999999999999
  outer loop
    vertex 375.5698663041608 -384.48637097875985 105.00000000000018
    vertex 375.5698663041608 -387.5136290212513 105.00000000000018
    vertex 375.769139345229 -386.00000000000597 105.00000000000018
  endloop
endfacet
facet normal 1.1757688789274593e-17 -5.574556752395724e-17 0.9999999999999999
  outer loop
    vertex 218.07307905298117 -388.9240355973319 105.00000000000018
    vertex 217.137760471499 -380.4912971675276 105.00000000000018
    vertex 214.04269599817513 -383.6320728369786 105.00000000000018
  endloop
endfacet
facet normal 1.1757688789274593e-17 -5.574556752395724e-17 0.9999999999999999
  outer loop
    vertex 217.137760471499 -380.4912971675276 105.00000000000018
    vertex 218.07307905298117 -388.9240355973319 105.00000000000018
    vertex 219.27693629345643 -382.594652558731 105.00000000000018
  endloop
endfacet
facet normal 1.1757688789274593e-17 -5.574556752395724e-17 0.9999999999999999
  outer loop
    vertex 219.27693629345643 -382.594652558731 105.00000000000018
    vertex 218.07307905298117 -388.9240355973319 105.00000000000018
    vertex 222.8833694801714 -400.53740058571543 105.00000000000018
  endloop
endfacet
facet normal 1.1757688789274593e-17 -5.574556752395724e-17 0.9999999999999999
  outer loop
    vertex 219.27693629345643 -382.594652558731 105.00000000000018
    vertex 222.8833694801714 -400.53740058571543 105.00000000000018
    vertex 222.36530449903796 -379.4606484383191 105.00000000000018
  endloop
endfacet
facet normal 1.1757688789274593e-17 -5.574556752395724e-17 0.9999999999999999
  outer loop
    vertex 222.36530449903796 -379.4606484383191 105.00000000000018
    vertex 223.2920692538078 -374.2459903489186 105.00000000000018
    vertex 220.22612867707937 -377.3572930471165 105.00000000000018
  endloop
endfacet
facet normal 1.1757688789274593e-17 -5.574556752395724e-17 0.9999999999999999
  outer loop
    vertex 223.2920692538078 -374.2459903489186 105.00000000000018
    vertex 222.36530449903796 -379.4606484383191 105.00000000000018
    vertex 222.8833694801714 -400.53740058571543 105.00000000000018
  endloop
endfacet
facet normal 1.1757688789274593e-17 -5.574556752395724e-17 0.9999999999999999
  outer loop
    vertex 223.2920692538078 -374.2459903489186 105.00000000000018
    vertex 222.8833694801714 -400.53740058571543 105.00000000000018
    vertex 224.52410181949364 -413.00000000000585 105.00000000000018
  endloop
endfacet
facet normal 1.1757688789274593e-17 -5.574556752395724e-17 0.9999999999999999
  outer loop
    vertex 223.2920692538078 -374.2459903489186 105.00000000000018
    vertex 224.52410181949364 -413.00000000000585 105.00000000000018
    vertex 225.5279182650508 -375.92715533526444 105.00000000000018
  endloop
endfacet
facet normal 0.12942830799556435 -0.9831056027603601 -0.12942830799556343
  outer loop
    vertex 370.53998300194417 -388.31035258314745 99.47641901868454
    vertex 369.9209258930604 -388.0000000000055 96.50000000000551
    vertex 370.4385639832648 -387.9318516525837 96.50000000000551
  endloop
endfacet
facet normal 0.12942830799556435 -0.9831056027603601 -0.12942830799556343
  outer loop
    vertex 369.9209258930604 -388.0000000000055 96.50000000000551
    vertex 370.53998300194417 -388.31035258314745 99.47641901868454
    vertex 369.9209258930604 -388.39185299768127 99.47641901868454
  endloop
endfacet
facet normal 0.7352878122146249 -0.304566184066948 -0.6054678131259568
  outer loop
    vertex 234.71237912377507 -406.928288408638 102.25000000000551
    vertex 238.63868931007073 -402.18413600818286 104.63172798365076
    vertex 236.47767054499943 -407.4012968193609 104.63172798365076
  endloop
endfacet
facet normal 0.7352878122146249 -0.304566184066948 -0.6054678131259568
  outer loop
    vertex 238.63868931007073 -402.18413600818286 104.63172798365076
    vertex 234.71237912377507 -406.928288408638 102.25000000000551
    vertex 237.05597232057195 -401.2703539282451 102.25000000000551
  endloop
endfacet
facet normal 0.3794645986871689 0.9161085805910736 -0.12942830799556157
  outer loop
    vertex 245.0682417704999 -434.3112804440804 99.47641901868447
    vertex 250.90183914409963 -437.1481456572321 96.50000000000544
    vertex 244.87231527166233 -434.6506350946166 96.50000000000544
  endloop
endfacet
facet normal 0.3794645986871689 0.9161085805910736 -0.12942830799556157
  outer loop
    vertex 250.90183914409963 -437.1481456572321 96.50000000000544
    vertex 245.0682417704999 -434.3112804440804 99.47641901868447
    vertex 251.00325816277783 -436.76964472666833 99.47641901868447
  endloop
endfacet
facet normal -0.6068156946318347 -0.07988880177348819 -0.7908176098821272
  outer loop
    vertex 223.34695730813027 -400.4131826015932 104.63172798365082
    vertex 224.52410181949364 -413.00000000000585 105.00000000000018
    vertex 222.8833694801714 -400.53740058571543 105.00000000000018
  endloop
endfacet
facet normal -0.6068156946318347 -0.07988880177348819 -0.7908176098821272
  outer loop
    vertex 224.52410181949364 -413.00000000000585 105.00000000000018
    vertex 223.34695730813027 -400.4131826015932 104.63172798365082
    vertex 225.00404325530747 -413.0000000000056 104.63172798365076
  endloop
endfacet
facet normal 0.48557340607816274 -0.37259357912775765 -0.7908176098838587
  outer loop
    vertex 374.5699858336486 -388.6841360081828 104.63172798365082
    vertex 374.0562372829175 -390.13531138986315 105.00000000000018
    vertex 373.71686743907867 -389.795941546024 104.63172798365082
  endloop
endfacet
facet normal 0.48557340607816274 -0.37259357912775765 -0.7908176098838587
  outer loop
    vertex 374.0562372829175 -390.13531138986315 105.00000000000018
    vertex 374.5699858336486 -388.6841360081828 104.63172798365082
    vertex 374.9856273093923 -388.92410672609054 105.00000000000018
  endloop
endfacet
facet normal 0.12074119758902593 0.9171204481621524 -0.37988372795846403
  outer loop
    vertex 251.30060368029538 -435.65993614789267 102.25000000000551
    vertex 257.3723152716618 -437.6081470023297 99.47641901868447
    vertex 251.00325816277783 -436.76964472666833 99.47641901868447
  endloop
endfacet
facet normal 0.12074119758902593 0.9171204481621524 -0.37988372795846403
  outer loop
    vertex 257.3723152716618 -437.6081470023297 99.47641901868447
    vertex 251.30060368029538 -435.65993614789267 102.25000000000551
    vertex 257.3723152716618 -436.45929214352645 102.25000000000551
  endloop
endfacet
facet normal 0.60364100407315 -0.7866802725955209 -0.12942830799557128
  outer loop
    vertex 245.0682417705005 -391.6887195559306 99.47641901868447
    vertex 239.69464574199833 -395.3223304703416 96.50000000000544
    vertex 244.87231527166287 -391.3493649053941 96.50000000000544
  endloop
endfacet
facet normal 0.60364100407315 -0.7866802725955209 -0.12942830799557128
  outer loop
    vertex 239.69464574199833 -395.3223304703416 96.50000000000544
    vertex 245.0682417705005 -391.6887195559306 99.47641901868447
    vertex 239.97172765388328 -395.59941238222626 99.47641901868447
  endloop
endfacet
facet normal -0.8206353081847302 -0.5564241616942692 -0.13019156364136197
  outer loop
    vertex 231.72831272260464 -427.3901584726986 93.24640000000547
    vertex 231.75665121892845 -427.42947748996124 93.23581928796102
    vertex 231.66021018700226 -427.42947748996124 93.84371517416994
  endloop
endfacet
facet normal 0.35399527968562433 0.8546202052331344 -0.3798837279584002
  outer loop
    vertex 224.3743478239518 -377.92527127692745 102.25000000000551
    vertex 232.59504353948358 -382.56326805928484 99.47641901868454
    vertex 223.79992039454993 -378.92020876991205 99.47641901868454
  endloop
endfacet
facet normal 0.35399527968562433 0.8546202052331344 -0.3798837279584002
  outer loop
    vertex 232.59504353948358 -382.56326805928484 99.47641901868454
    vertex 224.3743478239518 -377.92527127692745 102.25000000000551
    vertex 232.8923890570005 -381.45355948050945 102.25000000000551
  endloop
endfacet
facet normal 0.12074119758902019 -0.9171204481621508 -0.3798837279584699
  outer loop
    vertex 257.3723152716624 -389.5407078564845 102.25000000000551
    vertex 251.00325816277783 -389.23035527334264 99.47641901868447
    vertex 257.3723152716624 -388.391852997681 99.47641901868447
  endloop
endfacet
facet normal 0.12074119758902019 -0.9171204481621508 -0.3798837279584699
  outer loop
    vertex 251.00325816277783 -389.23035527334264 99.47641901868447
    vertex 257.3723152716624 -389.5407078564845 102.25000000000551
    vertex 251.30060368029538 -390.34006385211825 102.25000000000551
  endloop
endfacet
facet normal 0.5631251684765235 0.7338790076440878 -0.3798837279584583
  outer loop
    vertex 240.78409071514145 -429.5882245565254 102.25000000000544
    vertex 245.0682417704999 -434.3112804440804 99.47641901868447
    vertex 239.9717276538827 -430.40058761778414 99.47641901868447
  endloop
endfacet
facet normal 0.5631251684765235 0.7338790076440878 -0.3798837279584583
  outer loop
    vertex 245.0682417704999 -434.3112804440804 99.47641901868447
    vertex 240.78409071514145 -429.5882245565254 102.25000000000544
    vertex 245.6426691999018 -433.3163429510955 102.25000000000551
  endloop
endfacet
facet normal 0.6314059586429834 -0.48449483243746433 -0.6054678131259565
  outer loop
    vertex 237.05597232057195 -401.2703539282451 102.25000000000551
    vertex 242.07637372564386 -397.7040584539869 104.63172798365076
    vertex 238.63868931007073 -402.18413600818286 104.63172798365076
  endloop
endfacet
facet normal 0.6314059586429834 -0.48449483243746433 -0.6054678131259565
  outer loop
    vertex 242.07637372564386 -397.7040584539869 104.63172798365076
    vertex 237.05597232057195 -401.2703539282451 102.25000000000551
    vertex 240.7840907151426 -396.4117754434853 102.25000000000551
  endloop
endfacet
facet normal -2.38779553515285e-16 0.9238795325112881 -0.38268343236508623
  outer loop
    vertex 242.03337325709526 -382.4592921435266 102.25000000000557
    vertex 369.92092589305986 -383.6081470023299 99.47641901868454
    vertex 242.03337325709526 -383.6081470023299 99.47641901868454
  endloop
endfacet
facet normal -2.38779553515285e-16 0.9238795325112881 -0.38268343236508623
  outer loop
    vertex 369.92092589305986 -383.6081470023299 99.47641901868454
    vertex 242.03337325709526 -382.4592921435266 102.25000000000557
    vertex 369.92092589305986 -382.4592921435266 102.25000000000551
  endloop
endfacet
facet normal 0.4790763990331181 0.6351419941505742 -0.6058716457764736
  outer loop
    vertex 225.28812990388877 -376.3425542874295 104.63172798365088
    vertex 224.3743478239518 -377.92527127692745 102.25000000000551
    vertex 221.67376280685644 -375.8882676506711 102.25000000000553
  endloop
endfacet
facet normal 0.9171204481621548 0.12074119758902123 -0.37988372795846026
  outer loop
    vertex 232.764168269338 -413.00000000000534 99.47641901868447
    vertex 234.71237912377507 -419.0717115913726 102.25000000000551
    vertex 233.60267054499877 -419.3690571088896 99.47641901868447
  endloop
endfacet
facet normal 0.9171204481621548 0.12074119758902123 -0.37988372795846026
  outer loop
    vertex 234.71237912377507 -419.0717115913726 102.25000000000551
    vertex 232.764168269338 -413.00000000000534 99.47641901868447
    vertex 233.9130231281407 -413.00000000000534 102.25000000000551
  endloop
endfacet
facet normal 0.8546202052331191 0.3539952796856258 -0.37988372795843356
  outer loop
    vertex 371.99233135116555 -384.8040735011678 99.47641901868454
    vertex 373.3409870549776 -385.0835973736047 102.25000000000551
    vertex 372.23127847620185 -385.38094289112166 99.47641901868454
  endloop
endfacet
facet normal 0.8546202052331191 0.3539952796856258 -0.37988372795843356
  outer loop
    vertex 373.3409870549776 -385.0835973736047 102.25000000000551
    vertex 371.99233135116555 -384.8040735011678 99.47641901868454
    vertex 372.98726884414987 -384.2296460717662 102.25000000000551
  endloop
endfacet
facet normal 0.9831056027603576 0.12942830799558006 -0.129428307995566
  outer loop
    vertex 371.8527775456381 -385.48236190980043 96.50000000000551
    vertex 372.3127788907357 -386.00000000000546 99.47641901868454
    vertex 371.92092589306 -386.00000000000546 96.50000000000551
  endloop
endfacet
facet normal 0.9831056027603576 0.12942830799558006 -0.129428307995566
  outer loop
    vertex 372.3127788907357 -386.00000000000546 99.47641901868454
    vertex 371.8527775456381 -385.48236190980043 96.50000000000551
    vertex 372.23127847620185 -385.38094289112166 99.47641901868454
  endloop
endfacet
facet normal 0.916108580591066 0.37946459868718463 -0.12942830799557153
  outer loop
    vertex 233.22416961443503 -419.4704761275687 96.50000000000544
    vertex 236.06103482758763 -425.3040735011673 99.47641901868447
    vertex 235.72168017705147 -425.5000000000051 96.50000000000544
  endloop
endfacet
facet normal 0.916108580591066 0.37946459868718463 -0.12942830799557153
  outer loop
    vertex 236.06103482758763 -425.3040735011673 99.47641901868447
    vertex 233.22416961443503 -419.4704761275687 96.50000000000544
    vertex 233.60267054499877 -419.3690571088896 99.47641901868447
  endloop
endfacet
facet normal 0.9171204481621618 0.12074119758903558 -0.3798837279584388
  outer loop
    vertex 372.3127788907357 -386.00000000000546 99.47641901868454
    vertex 373.3409870549776 -385.0835973736047 102.25000000000551
    vertex 373.4616337495389 -386.0000000000057 102.25000000000551
  endloop
endfacet
facet normal 0.9171204481621618 0.12074119758903558 -0.3798837279584388
  outer loop
    vertex 373.3409870549776 -385.0835973736047 102.25000000000551
    vertex 372.3127788907357 -386.00000000000546 99.47641901868454
    vertex 372.23127847620185 -385.38094289112166 99.47641901868454
  endloop
endfacet
facet normal 0.7890610165044197 -0.10388185357165945 -0.6054678131259565
  outer loop
    vertex 234.71237912377507 -406.928288408638 102.25000000000551
    vertex 235.74058728801685 -413.00000000000534 104.63172798365076
    vertex 233.9130231281407 -413.00000000000534 102.25000000000551
  endloop
endfacet
facet normal 0.7890610165044197 -0.10388185357165945 -0.6054678131259565
  outer loop
    vertex 235.74058728801685 -413.00000000000534 104.63172798365076
    vertex 234.71237912377507 -406.928288408638 102.25000000000551
    vertex 236.47767054499943 -407.4012968193609 104.63172798365076
  endloop
endfacet
facet normal 0.35399527968562655 -0.854620205233111 -0.37988372795845055
  outer loop
    vertex 371.6912798212997 -389.06634295109546 102.25000000000551
    vertex 370.53998300194417 -388.31035258314745 99.47641901868454
    vertex 371.11685239189836 -388.07140545811086 99.47641901868454
  endloop
endfacet
facet normal 0.35399527968562655 -0.854620205233111 -0.37988372795845055
  outer loop
    vertex 370.53998300194417 -388.31035258314745 99.47641901868454
    vertex 371.6912798212997 -389.06634295109546 102.25000000000551
    vertex 370.8373285194606 -389.4200611619231 102.25000000000551
  endloop
endfacet
facet normal -0.6330774065655104 -0.48231780679618086 0.6054605937165601
  outer loop
    vertex 220.071344124932 -387.77035392824496 7.7499999999949
    vertex 214.37999592437782 -383.2898123957905 5.368272016349633
    vertex 218.4886271354344 -388.6841360081822 5.368272016349579
  endloop
endfacet
facet normal -0.6330774065655104 -0.48231780679618086 0.6054605937165601
  outer loop
    vertex 214.37999592437782 -383.2898123957905 5.368272016349633
    vertex 220.071344124932 -387.77035392824496 7.7499999999949
    vertex 215.6640409403083 -381.9867934217423 7.749999999994953
  endloop
endfacet
facet normal 0.10921812749812658 0.9855590576386113 0.1294014858195046
  outer loop
    vertex 232.49362452080535 -382.94176898984887 13.499999999994888
    vertex 242.03337325709583 -383.6081470023299 10.523580981315876
    vertex 232.59504353948358 -382.56326805928484 10.523580981315876
  endloop
endfacet
facet normal 0.10921812749812658 0.9855590576386113 0.1294014858195046
  outer loop
    vertex 242.03337325709583 -383.6081470023299 10.523580981315876
    vertex 232.49362452080535 -382.94176898984887 13.499999999994888
    vertex 242.03337325709583 -384.0000000000056 13.499999999994888
  endloop
endfacet
facet normal 0.10921812749812658 0.9855590576386113 -0.1294014858195047
  outer loop
    vertex 232.59504353948358 -382.56326805928484 99.47641901868454
    vertex 242.03337325709526 -384.0000000000056 96.50000000000551
    vertex 232.4936245208048 -382.94176898984887 96.50000000000551
  endloop
endfacet
facet normal 0.10921812749812658 0.9855590576386113 -0.1294014858195047
  outer loop
    vertex 242.03337325709526 -384.0000000000056 96.50000000000551
    vertex 232.59504353948358 -382.56326805928484 99.47641901868454
    vertex 242.03337325709526 -383.6081470023299 99.47641901868454
  endloop
endfacet
facet normal -0.6330774065655337 -0.4823178067961809 -0.6054605937165357
  outer loop
    vertex 214.37999592437782 -383.2898123957905 104.63172798365078
    vertex 220.071344124932 -387.77035392824496 102.25000000000551
    vertex 218.4886271354344 -388.6841360081822 104.63172798365082
  endloop
endfacet
facet normal -0.6330774065655337 -0.4823178067961809 -0.6054605937165357
  outer loop
    vertex 220.071344124932 -387.77035392824496 102.25000000000551
    vertex 214.37999592437782 -383.2898123957905 104.63172798365078
    vertex 215.6640409403077 -381.9867934217423 102.25000000000544
  endloop
endfacet
facet normal 0.5573044882742659 0.7383092194611031 -0.3798831449381446
  outer loop
    vertex 220.86813563402296 -376.70579934090625 99.47641901868455
    vertex 224.3743478239518 -377.92527127692745 102.25000000000551
    vertex 223.79992039454993 -378.92020876991205 99.47641901868454
  endloop
endfacet
facet normal 0.5573044882742659 0.7383092194611031 -0.3798831449381446
  outer loop
    vertex 224.3743478239518 -377.92527127692745 102.25000000000551
    vertex 220.86813563402296 -376.70579934090625 99.47641901868455
    vertex 221.67376280685644 -375.8882676506711 102.25000000000553
  endloop
endfacet
facet normal 0.5573044882742659 0.7383092194611031 0.37988314493814457
  outer loop
    vertex 220.86813563402296 -376.70579934090625 10.523580981315856
    vertex 224.3743478239518 -377.92527127692745 7.7499999999949
    vertex 221.673762806857 -375.8882676506711 7.749999999994881
  endloop
endfacet
facet normal 0.5573044882742659 0.7383092194611031 0.37988314493814457
  outer loop
    vertex 224.3743478239518 -377.92527127692745 7.7499999999949
    vertex 220.86813563402296 -376.70579934090625 10.523580981315856
    vertex 223.79992039454993 -378.92020876991205 10.523580981315876
  endloop
endfacet
facet normal 0.4855734060793024 0.3725935791295387 -0.79081760988232
  outer loop
    vertex 374.0562372829152 -381.8646886101506 105.00000000000018
    vertex 374.5699858336486 -383.31586399182834 104.63172798365082
    vertex 373.71686743907867 -382.20405845398716 104.63172798365082
  endloop
endfacet
facet normal 0.4855734060793024 0.3725935791295387 -0.79081760988232
  outer loop
    vertex 374.5699858336486 -383.31586399182834 104.63172798365082
    vertex 374.0562372829152 -381.8646886101506 105.00000000000018
    vertex 374.9856273093923 -383.0758932739211 105.00000000000018
  endloop
endfacet
facet normal -0.9171204481620652 -0.12074119758891746 -0.37988372795870945
  outer loop
    vertex 225.11224872935466 -399.94017419086975 102.25000000000551
    vertex 227.98046227398632 -413.0000000000056 99.47641901868447
    vertex 226.83160741518364 -413.0000000000056 102.25000000000544
  endloop
endfacet
facet normal -0.9171204481620652 -0.12074119758891746 -0.37988372795870945
  outer loop
    vertex 227.98046227398632 -413.0000000000056 99.47641901868447
    vertex 225.11224872935466 -399.94017419086975 102.25000000000551
    vertex 226.22195730813206 -399.64282867335226 99.47641901868454
  endloop
endfacet
facet normal 0.6068156946315042 0.079888801773444 -0.7908176098823851
  outer loop
    vertex 236.22052872383128 -413.0000000000056 105.00000000000018
    vertex 236.47767054499943 -418.5987031806501 104.63172798365076
    vertex 235.74058728801685 -413.00000000000534 104.63172798365076
  endloop
endfacet
facet normal 0.6068156946315042 0.079888801773444 -0.7908176098823851
  outer loop
    vertex 236.47767054499943 -418.5987031806501 104.63172798365076
    vertex 236.22052872383128 -413.0000000000056 105.00000000000018
    vertex 236.94125837295832 -418.47448519652806 105.00000000000018
  endloop
endfacet
facet normal -0.9366860083433395 -0.32506842130595637 -0.13019156364171458
  outer loop
    vertex 229.13830336923183 -420.56528068835274 94.8400000000056
    vertex 231.72831272260464 -427.3901584726986 93.24640000000547
    vertex 228.774942475892 -420.66264294628405 97.69736225793721
  endloop
endfacet
facet normal 0.3678829809255927 0.48915649364874814 -0.7908147931510654
  outer loop
    vertex 223.2920692538078 -374.2459903489186 105.00000000000018
    vertex 225.28812990388877 -376.3425542874295 104.63172798365088
    vertex 222.95533056627534 -374.5877625388309 104.63172798365096
  endloop
endfacet
facet normal 0.3678829809255927 0.48915649364874814 -0.7908147931510654
  outer loop
    vertex 225.28812990388877 -376.3425542874295 104.63172798365088
    vertex 223.2920692538078 -374.2459903489186 105.00000000000018
    vertex 225.5279182650508 -375.92715533526444 105.00000000000018
  endloop
endfacet
facet normal 0.7338790076441015 -0.5631251684765178 -0.3798837279584403
  outer loop
    vertex 371.61222136731806 -387.6912954742633 99.47641901868454
    vertex 372.98726884414987 -387.77035392824496 102.25000000000551
    vertex 372.4245844285768 -388.50365853552233 102.25000000000551
  endloop
endfacet
facet normal 0.7338790076441015 -0.5631251684765178 -0.3798837279584403
  outer loop
    vertex 372.98726884414987 -387.77035392824496 102.25000000000551
    vertex 371.61222136731806 -387.6912954742633 99.47641901868454
    vertex 371.99233135116555 -387.19592649884333 99.47641901868454
  endloop
endfacet
facet normal -0.6087614290084432 -0.7933533402914481 -4.120018339592802e-15
  outer loop
    vertex 365.6920559323706 -385.27555563028875 105.00000000000018
    vertex 365.53672584648 -385.1563666633404 95.00000000000023
    vertex 365.6920559323706 -385.27555563028875 95.00000000000023
  endloop
endfacet
facet normal -0.6087614290084432 -0.7933533402914481 -4.120018339592802e-15
  outer loop
    vertex 365.53672584648 -385.1563666633404 95.00000000000023
    vertex 365.6920559323706 -385.27555563028875 105.00000000000018
    vertex 365.53672584648 -385.1563666633404 105.00000000000018
  endloop
endfacet
facet normal 0.6068156946316182 -0.0798888017735299 -0.7908176098822892
  outer loop
    vertex 375.2891979094151 -386.0000000000057 104.63172798365082
    vertex 375.5698663041608 -387.5136290212513 105.00000000000018
    vertex 375.1062784762019 -387.38941103712904 104.63172798365082
  endloop
endfacet
facet normal 0.6068156946316182 -0.0798888017735299 -0.7908176098822892
  outer loop
    vertex 375.5698663041608 -387.5136290212513 105.00000000000018
    vertex 375.2891979094151 -386.0000000000057 104.63172798365082
    vertex 375.769139345229 -386.00000000000597 105.00000000000018
  endloop
endfacet
facet normal 0.23422211550207797 -0.5654622078528421 -0.790817609882279
  outer loop
    vertex 251.77361209101792 -392.1053552733424 104.63172798365076
    vertex 246.79642199774622 -394.6820155141574 105.00000000000018
    vertex 246.55645127983993 -394.2663740384137 104.63172798365076
  endloop
endfacet
facet normal 0.23422211550207797 -0.5654622078528421 -0.790817609882279
  outer loop
    vertex 246.79642199774622 -394.6820155141574 105.00000000000018
    vertex 251.77361209101792 -392.1053552733424 104.63172798365076
    vertex 251.89783007513967 -392.5689431013015 105.00000000000018
  endloop
endfacet
facet normal 0.37946459868718 -0.9161085805910694 -0.12942830799556052
  outer loop
    vertex 371.11685239189836 -388.07140545811086 99.47641901868454
    vertex 370.4385639832648 -387.9318516525837 96.50000000000551
    vertex 370.9209258930602 -387.73205080757435 96.50000000000551
  endloop
endfacet
facet normal 0.37946459868718 -0.9161085805910694 -0.12942830799556052
  outer loop
    vertex 370.4385639832648 -387.9318516525837 96.50000000000551
    vertex 371.11685239189836 -388.07140545811086 99.47641901868454
    vertex 370.53998300194417 -388.31035258314745 99.47641901868454
  endloop
endfacet
facet normal -0.7890610165043922 -0.10388185357162905 -0.6054678131259975
  outer loop
    vertex 223.34695730813027 -400.4131826015932 104.63172798365082
    vertex 226.83160741518364 -413.0000000000056 102.25000000000544
    vertex 225.00404325530747 -413.0000000000056 104.63172798365076
  endloop
endfacet
facet normal -0.7890610165043922 -0.10388185357162905 -0.6054678131259975
  outer loop
    vertex 226.83160741518364 -413.0000000000056 102.25000000000544
    vertex 223.34695730813027 -400.4131826015932 104.63172798365082
    vertex 225.11224872935466 -399.94017419086975 102.25000000000551
  endloop
endfacet
facet normal -4.7986826809778973e-17 -0.9999999999999999 -4.812742796881746e-16
  outer loop
    vertex 371.7691393452287 -445.8482134521738 105.00000000000018
    vertex 305.0931781697735 -445.8482134521738 5.00000000000022
    vertex 371.7691393452287 -445.8482134521738 5.000000000000218
  endloop
endfacet
facet normal -4.7986826809778973e-17 -0.9999999999999999 -4.812742796881746e-16
  outer loop
    vertex 305.0931781697735 -445.8482134521738 5.00000000000022
    vertex 371.7691393452287 -445.8482134521738 105.00000000000018
    vertex 305.0931781697735 -445.8482134521738 105.00000000000018
  endloop
endfacet
endsolid DIY Perks 3D Printed Speaker - Sketchup Model
