solid DIY Perks 3D Printed Speaker - Sketchup Model
facet normal -0.3539952796856216 0.3798837279584694 0.8546202052331047
  outer loop
    vertex 418.2736876971563 -340.8236190979568 20.023220986287452
    vertex 423.26166763016516 -340.8236190979565 22.08930992338452
    vertex 418.7908103363167 -336.0000000000067 18.09329302319919
  endloop
endfacet
facet normal -0.3539952796856216 0.3798837279584694 0.8546202052331047
  outer loop
    vertex 424.26067185521185 -336.0000000000076 20.35898384862843
    vertex 418.7908103363167 -336.0000000000067 18.09329302319919
    vertex 423.26166763016516 -340.8236190979565 22.08930992338452
  endloop
endfacet
facet normal 0.0 0.0 -0.9999999999999999
  outer loop
    vertex 383.2807218995969 -335.35213735622557 15.000000000000215
    vertex 383.3062775298799 -335.1580230723989 15.000000000000215
    vertex 383.3062775298799 -335.54625164005256 15.000000000000215
  endloop
endfacet
facet normal 0.0 0.0 -0.9999999999999999
  outer loop
    vertex 383.38120284675864 -335.7271373562256 15.000000000000215
    vertex 383.3062775298799 -335.54625164005256 15.000000000000215
    vertex 383.3062775298799 -335.1580230723989 15.000000000000215
  endloop
endfacet
facet normal 0.0 0.0 -0.9999999999999999
  outer loop
    vertex 383.38120284675864 -334.9771373562258 15.000000000000215
    vertex 383.38120284675864 -335.7271373562256 15.000000000000215
    vertex 383.3062775298799 -335.1580230723989 15.000000000000215
  endloop
endfacet
facet normal 0.0 0.0 -0.9999999999999999
  outer loop
    vertex 383.5003918137071 -335.88246744211557 15.000000000000215
    vertex 383.38120284675864 -335.7271373562256 15.000000000000215
    vertex 383.38120284675864 -334.9771373562258 15.000000000000215
  endloop
endfacet
facet normal 0.0 0.0 -0.9999999999999999
  outer loop
    vertex 383.5003918137071 -334.82180727033585 15.000000000000215
    vertex 383.5003918137071 -335.88246744211557 15.000000000000215
    vertex 383.38120284675864 -334.9771373562258 15.000000000000215
  endloop
endfacet
facet normal 0.0 0.0 -0.9999999999999999
  outer loop
    vertex 383.6557218995969 -336.0016564090639 15.000000000000215
    vertex 383.5003918137071 -335.88246744211557 15.000000000000215
    vertex 383.5003918137071 -334.82180727033585 15.000000000000215
  endloop
endfacet
facet normal 0.0 0.0 -0.9999999999999999
  outer loop
    vertex 383.6557218995969 -334.7026183033875 15.000000000000215
    vertex 383.6557218995969 -336.0016564090639 15.000000000000215
    vertex 383.5003918137071 -334.82180727033585 15.000000000000215
  endloop
endfacet
facet normal 0.0 0.0 -0.9999999999999999
  outer loop
    vertex 383.8366076157698 -336.07658172594256 15.000000000000215
    vertex 383.6557218995969 -336.0016564090639 15.000000000000215
    vertex 383.6557218995969 -334.7026183033875 15.000000000000215
  endloop
endfacet
facet normal 0.0 0.0 -0.9999999999999999
  outer loop
    vertex 383.8366076157698 -334.6276929865089 15.000000000000215
    vertex 383.8366076157698 -336.07658172594256 15.000000000000215
    vertex 383.6557218995969 -334.7026183033875 15.000000000000215
  endloop
endfacet
facet normal 0.0 0.0 -0.9999999999999999
  outer loop
    vertex 384.0307218995971 -336.1021373562257 15.000000000000215
    vertex 383.8366076157698 -336.07658172594256 15.000000000000215
    vertex 383.8366076157698 -334.6276929865089 15.000000000000215
  endloop
endfacet
facet normal 0.0 0.0 -0.9999999999999999
  outer loop
    vertex 384.0307218995971 -334.60213735622574 15.000000000000215
    vertex 384.0307218995971 -336.1021373562257 15.000000000000215
    vertex 383.8366076157698 -334.6276929865089 15.000000000000215
  endloop
endfacet
facet normal 0.0 0.0 -0.9999999999999999
  outer loop
    vertex 384.2248361834243 -336.07658172594256 15.000000000000215
    vertex 384.0307218995971 -336.1021373562257 15.000000000000215
    vertex 384.0307218995971 -334.60213735622574 15.000000000000215
  endloop
endfacet
facet normal 0.0 0.0 -0.9999999999999999
  outer loop
    vertex 384.2248361834243 -334.6276929865089 15.000000000000215
    vertex 384.2248361834243 -336.07658172594256 15.000000000000215
    vertex 384.0307218995971 -334.60213735622574 15.000000000000215
  endloop
endfacet
facet normal 0.0 0.0 -0.9999999999999999
  outer loop
    vertex 384.40572189959715 -336.0016564090639 15.000000000000215
    vertex 384.2248361834243 -336.07658172594256 15.000000000000215
    vertex 384.2248361834243 -334.6276929865089 15.000000000000215
  endloop
endfacet
facet normal 0.0 0.0 -0.9999999999999999
  outer loop
    vertex 384.40572189959715 -334.7026183033875 15.000000000000215
    vertex 384.40572189959715 -336.0016564090639 15.000000000000215
    vertex 384.2248361834243 -334.6276929865089 15.000000000000215
  endloop
endfacet
facet normal 0.0 0.0 -0.9999999999999999
  outer loop
    vertex 384.5610519854864 -335.88246744211557 15.000000000000215
    vertex 384.40572189959715 -336.0016564090639 15.000000000000215
    vertex 384.40572189959715 -334.7026183033875 15.000000000000215
  endloop
endfacet
facet normal 0.0 0.0 -0.9999999999999999
  outer loop
    vertex 384.5610519854864 -334.82180727033585 15.000000000000215
    vertex 384.5610519854864 -335.88246744211557 15.000000000000215
    vertex 384.40572189959715 -334.7026183033875 15.000000000000215
  endloop
endfacet
facet normal 0.0 0.0 -0.9999999999999999
  outer loop
    vertex 384.68024095243544 -335.7271373562256 15.000000000000215
    vertex 384.5610519854864 -335.88246744211557 15.000000000000215
    vertex 384.5610519854864 -334.82180727033585 15.000000000000215
  endloop
endfacet
facet normal 0.0 0.0 -0.9999999999999999
  outer loop
    vertex 384.68024095243544 -334.9771373562258 15.000000000000215
    vertex 384.68024095243544 -335.7271373562256 15.000000000000215
    vertex 384.5610519854864 -334.82180727033585 15.000000000000215
  endloop
endfacet
facet normal 0.0 0.0 -0.9999999999999999
  outer loop
    vertex 384.7551662693137 -335.54625164005256 15.000000000000215
    vertex 384.68024095243544 -335.7271373562256 15.000000000000215
    vertex 384.68024095243544 -334.9771373562258 15.000000000000215
  endloop
endfacet
facet normal 0.0 0.0 -0.9999999999999999
  outer loop
    vertex 384.7551662693137 -335.1580230723989 15.000000000000215
    vertex 384.7551662693137 -335.54625164005256 15.000000000000215
    vertex 384.68024095243544 -334.9771373562258 15.000000000000215
  endloop
endfacet
facet normal 0.0 0.0 -0.9999999999999999
  outer loop
    vertex 384.7807218995966 -335.35213735622557 15.000000000000215
    vertex 384.7551662693137 -335.54625164005256 15.000000000000215
    vertex 384.7551662693137 -335.1580230723989 15.000000000000215
  endloop
endfacet
facet normal -0.13005933396840305 0.9878987208882749 -0.08450258525634358
  outer loop
    vertex 438.9192107272374 -337.3521373562254 7.000000000000247
    vertex 439.4368488174418 -337.2839890088036 7.000000000000247
    vertex 438.9192107272374 -337.52321275792315 5.000000000000244
  endloop
endfacet
facet normal -0.13005933396840305 0.9878987208882749 -0.08450258525634358
  outer loop
    vertex 439.4811263895499 -337.44923515754624 5.000000000000244
    vertex 438.9192107272374 -337.52321275792315 5.000000000000244
    vertex 439.4368488174418 -337.2839890088036 7.000000000000247
  endloop
endfacet
facet normal -0.6065840476604063 -0.7905157216709363 -0.08450258525629105
  outer loop
    vertex 440.3334242896099 -333.9379237938523 7.000000000000247
    vertex 439.91921072723716 -333.6200865486564 7.000000000000247
    vertex 440.45439286624475 -333.81695521721775 5.000000000000244
  endloop
endfacet
facet normal -0.6065840476604063 -0.7905157216709363 -0.08450258525629105
  outer loop
    vertex 440.00474842808586 -333.4719309048235 5.000000000000244
    vertex 440.45439286624475 -333.81695521721775 5.000000000000244
    vertex 439.91921072723716 -333.6200865486564 7.000000000000247
  endloop
endfacet
facet normal 0.5923113117973565 -0.23089898604029518 0.7719151301551602
  outer loop
    vertex 402.8536429066711 -387.0033342331058 11.966615318705518
    vertex 403.87235606600757 -396.0000000000069 8.493803054313217
    vertex 405.8022818252597 -387.0033342331058 9.70404509866759
  endloop
endfacet
facet normal 0.5923113117973565 -0.23089898604029518 0.7719151301551602
  outer loop
    vertex 406.52262080831025 -396.0000000000069 6.460183392255302
    vertex 405.8022818252597 -387.0033342331058 9.70404509866759
    vertex 403.87235606600757 -396.0000000000069 8.493803054313217
  endloop
endfacet
facet normal -0.5815481152228942 -0.29564704652075285 0.7578882592864566
  outer loop
    vertex 420.03956996085253 -387.0033342331058 9.704045098667725
    vertex 422.9882088794405 -387.0033342331058 11.966615318705518
    vertex 420.759908943903 -380.1046591131407 12.947906805079992
  endloop
endfacet
facet normal -0.5815481152228942 -0.29564704652075285 0.7578882592864566
  outer loop
    vertex 424.0069220387771 -380.1046591131407 15.439427583097729
    vertex 420.759908943903 -380.1046591131407 12.947906805079992
    vertex 422.9882088794405 -387.0033342331058 11.966615318705518
  endloop
endfacet
facet normal -0.5654622078528624 0.7908176098822634 0.23422211550208236
  outer loop
    vertex 437.897704906774 -331.8578643762765 33.307492233749464
    vertex 441.8987006817278 -328.6794919243181 32.2354286469303
    vertex 435.3144933305174 -331.85786437627587 27.07106781187122
  endloop
endfacet
facet normal -0.5654622078528624 0.7908176098822634 0.23422211550208236
  outer loop
    vertex 438.90168800658904 -328.6794919243185 25.000000000005763
    vertex 435.3144933305174 -331.85786437627587 27.07106781187122
    vertex 441.8987006817278 -328.6794919243181 32.2354286469303
  endloop
endfacet
facet normal -0.7802813521635993 -0.18078239204518146 0.5987309397318362
  outer loop
    vertex 424.0069220387771 -380.1046591131407 15.439427583097729
    vertex 426.4984428167951 -380.1046591131407 18.686440677971625
    vertex 425.0256351981136 -373.00000000000693 18.912239847490024
  endloop
endfacet
facet normal -0.7802813521635993 -0.18078239204518146 0.5987309397318362
  outer loop
    vertex 427.7461065341116 -373.00000000000693 22.457627118649654
    vertex 425.0256351981136 -373.00000000000693 18.912239847490024
    vertex 426.4984428167951 -380.1046591131407 18.686440677971625
  endloop
endfacet
facet normal -0.38268343236603025 0.9238795325108972 0.0
  outer loop
    vertex 444.0909110612091 -336.0765817259419 15.000000000000249
    vertex 444.2717967773819 -336.00165640906334 15.000000000000249
    vertex 444.0909110612091 -336.0765817259419 5.000000000000244
  endloop
endfacet
facet normal -0.38268343236603025 0.9238795325108972 0.0
  outer loop
    vertex 444.2717967773819 -336.00165640906334 5.000000000000244
    vertex 444.0909110612091 -336.0765817259419 5.000000000000244
    vertex 444.2717967773819 -336.00165640906334 15.000000000000249
  endloop
endfacet
facet normal 0.601803709561296 -0.1507580148730737 0.7842858637702156
  outer loop
    vertex 398.7787902693249 -350.00000000000705 25.857864376274637
    vertex 399.7975034286615 -364.0000000000073 22.385052111882313
    vertex 402.92092589305577 -350.00000000000705 22.679491924316658
  endloop
endfacet
facet normal 0.601803709561296 -0.1507580148730737 0.7842858637702156
  outer loop
    vertex 403.6412648761069 -364.0000000000073 19.435630217904414
    vertex 402.92092589305577 -350.00000000000705 22.679491924316658
    vertex 399.7975034286615 -364.0000000000073 22.385052111882313
  endloop
endfacet
facet normal -0.3813146732281894 0.920575055639608 -0.08450258525637999
  outer loop
    vertex 439.4368488174418 -337.2839890088036 7.000000000000247
    vertex 439.91921072723716 -337.0841881637942 7.000000000000247
    vertex 439.4811263895499 -337.44923515754624 5.000000000000244
  endloop
endfacet
facet normal -0.3813146732281894 0.920575055639608 -0.08450258525637999
  outer loop
    vertex 440.00474842808643 -337.23234380762705 5.000000000000244
    vertex 439.4811263895499 -337.44923515754624 5.000000000000244
    vertex 439.91921072723716 -337.0841881637942 7.000000000000247
  endloop
endfacet
facet normal -0.13052619222035708 0.9914448613737702 0.0
  outer loop
    vertex 443.89679677738246 -336.10213735622517 15.000000000000249
    vertex 444.0909110612091 -336.0765817259419 15.000000000000249
    vertex 443.89679677738246 -336.10213735622517 5.000000000000244
  endloop
endfacet
facet normal -0.13052619222035708 0.9914448613737702 0.0
  outer loop
    vertex 444.0909110612091 -336.0765817259419 5.000000000000244
    vertex 443.89679677738246 -336.10213735622517 5.000000000000244
    vertex 444.0909110612091 -336.0765817259419 15.000000000000249
  endloop
endfacet
facet normal -9.00051388799064e-15 0.9999999999999999 1.431608319689426e-14
  outer loop
    vertex 452.749823120537 -330.000000000007 38.700345411909375
    vertex 452.749823120537 -330.00000000000637 5.000000000000205
    vertex 451.5579589446227 -330.00000000000637 29.64723819590338
  endloop
endfacet
facet normal -9.00051388799064e-15 0.9999999999999999 1.431608319689426e-14
  outer loop
    vertex 447.56194204443653 -330.00000000000637 20.00000000000443
    vertex 451.5579589446227 -330.00000000000637 29.64723819590338
    vertex 452.749823120537 -330.00000000000637 5.000000000000205
  endloop
endfacet
facet normal -9.00051388799064e-15 0.9999999999999999 1.431608319689426e-14
  outer loop
    vertex 441.20519714052097 -330.00000000000637 11.715728752541164
    vertex 447.56194204443653 -330.00000000000637 20.00000000000443
    vertex 452.749823120537 -330.00000000000637 5.000000000000205
  endloop
endfacet
facet normal -9.00051388799064e-15 0.9999999999999999 1.431608319689426e-14
  outer loop
    vertex 432.92092589305764 -330.00000000000637 5.3589838486254395
    vertex 441.20519714052097 -330.00000000000637 11.715728752541164
    vertex 452.749823120537 -330.00000000000637 5.000000000000205
  endloop
endfacet
facet normal -9.00051388799064e-15 0.9999999999999999 1.431608319689426e-14
  outer loop
    vertex 432.05426221703385 -330.00000000000637 5.000000000000183
    vertex 432.92092589305764 -330.00000000000637 5.3589838486254395
    vertex 452.749823120537 -330.00000000000637 5.000000000000205
  endloop
endfacet
facet normal 0.3045661840669394 0.6054678131259523 0.7352878122146322
  outer loop
    vertex 399.99199370492147 -331.85786437627587 17.60643256254392
    vertex 401.58117993090025 -336.0000000000067 20.358983848628377
    vertex 406.22841812679934 -331.85786437627587 15.023220986287598
  endloop
endfacet
facet normal 0.3045661840669394 0.6054678131259523 0.7352878122146322
  outer loop
    vertex 407.0510414497949 -336.00000000000705 18.09329302319919
    vertex 406.22841812679934 -331.85786437627587 15.023220986287598
    vertex 401.58117993090025 -336.0000000000067 20.358983848628377
  endloop
endfacet
facet normal -0.9878987208882983 0.13005933396832964 -0.08450258525618315
  outer loop
    vertex 441.0163085285574 -335.9140530185384 5.000000000000244
    vertex 440.851062379815 -335.8697754464303 7.000000000000247
    vertex 441.0902861289343 -335.35213735622534 5.000000000000244
  endloop
endfacet
facet normal -0.9878987208882983 0.13005933396832964 -0.08450258525618315
  outer loop
    vertex 440.91921072723693 -335.35213735622534 7.000000000000247
    vertex 441.0902861289343 -335.35213735622534 5.000000000000244
    vertex 440.851062379815 -335.8697754464303 7.000000000000247
  endloop
endfacet
facet normal 0.9871333304613858 0.09315878052986794 0.12995856840701409
  outer loop
    vertex 395.80228182525906 -373.00000000000693 31.016949152547813
    vertex 396.38558547692094 -373.00000000000693 26.58631804147099
    vertex 394.3616038591574 -364.0000000000073 35.50847457627664
  endloop
endfacet
facet normal 0.9871333304613858 0.09315878052986794 0.12995856840701409
  outer loop
    vertex 394.9939974220976 -364.0000000000073 30.704968569713202
    vertex 394.3616038591574 -364.0000000000073 35.50847457627664
    vertex 396.38558547692094 -373.00000000000693 26.58631804147099
  endloop
endfacet
facet normal 0.7890610165044258 0.6054678131259519 0.10388185357163847
  outer loop
    vertex 390.26435739360505 -336.0000000000067 39.82587930134571
    vertex 391.01421891624886 -336.0000000000067 34.1301155567452
    vertex 387.113176358579 -331.8578643762756 39.619339984352465
  endloop
endfacet
facet normal 0.7890610165044258 0.6054678131259519 0.10388185357163847
  outer loop
    vertex 387.9441468793376 -331.85786437627587 33.307492233749464
    vertex 387.113176358579 -331.8578643762756 39.619339984352465
    vertex 391.01421891624886 -336.0000000000067 34.1301155567452
  endloop
endfacet
facet normal -0.10388185357166048 0.6054678131259776 0.7890610165044033
  outer loop
    vertex 412.92092589305577 -331.85786437627615 14.142135623736767
    vertex 412.92092589305577 -336.0000000000064 17.320508075694672
    vertex 419.6134336593123 -331.85786437627587 15.023220986287598
  endloop
endfacet
facet normal -0.10388185357166048 0.6054678131259776 0.7890610165044033
  outer loop
    vertex 418.7908103363167 -336.0000000000067 18.09329302319919
    vertex 419.6134336593123 -331.85786437627587 15.023220986287598
    vertex 412.92092589305577 -336.0000000000064 17.320508075694672
  endloop
endfacet
facet normal -0.6087614290086919 -0.7933533402912573 -0.0
  outer loop
    vertex 388.44712356014713 -367.47380233291904 54.80000000000577
    vertex 383.02092589305914 -363.31013442085424 54.80000000000577
    vertex 388.44712356014713 -367.47380233291904 5.000000000000205
  endloop
endfacet
facet normal -0.6087614290086919 -0.7933533402912573 -0.0
  outer loop
    vertex 383.02092589305914 -363.31013442085424 5.000000000000205
    vertex 388.44712356014713 -367.47380233291904 5.000000000000205
    vertex 383.02092589305914 -363.31013442085424 54.80000000000577
  endloop
endfacet
facet normal 0.3826834323657042 0.9238795325110322 0.0
  outer loop
    vertex 443.5217967773823 -336.00165640906334 15.000000000000249
    vertex 443.70268249355524 -336.0765817259419 15.000000000000249
    vertex 443.5217967773823 -336.00165640906334 5.000000000000244
  endloop
endfacet
facet normal 0.3826834323657042 0.9238795325110322 0.0
  outer loop
    vertex 443.70268249355524 -336.0765817259419 5.000000000000244
    vertex 443.5217967773823 -336.00165640906334 5.000000000000244
    vertex 443.70268249355524 -336.0765817259419 15.000000000000249
  endloop
endfacet
facet normal -0.9205750556398772 -0.3813146732275912 -0.08450258525614733
  outer loop
    vertex 440.851062379815 -334.83449926602026 7.000000000000247
    vertex 440.6512615348062 -334.35213735622517 7.000000000000247
    vertex 441.0163085285574 -334.79022169391243 5.0000000000002505
  endloop
endfacet
facet normal -0.9205750556398772 -0.3813146732275912 -0.08450258525614733
  outer loop
    vertex 440.7994171786387 -334.2665996553765 5.000000000000244
    vertex 441.0163085285574 -334.79022169391243 5.0000000000002505
    vertex 440.6512615348062 -334.35213735622517 7.000000000000247
  endloop
endfacet
facet normal 0.9238795325106923 0.38268343236652486 0.0
  outer loop
    vertex 383.38120284675864 -335.7271373562256 15.000000000000215
    vertex 383.38120284675864 -335.7271373562256 5.000000000000205
    vertex 383.3062775298799 -335.54625164005256 15.000000000000215
  endloop
endfacet
facet normal 0.9238795325106923 0.38268343236652486 0.0
  outer loop
    vertex 383.3062775298799 -335.54625164005256 5.000000000000205
    vertex 383.3062775298799 -335.54625164005256 15.000000000000215
    vertex 383.38120284675864 -335.7271373562256 5.000000000000205
  endloop
endfacet
facet normal -0.9871333304613883 0.09315878052988288 0.1299585684069835
  outer loop
    vertex 429.4562663091912 -373.00000000000693 26.58631804147103
    vertex 430.0395699608525 -373.00000000000693 31.016949152547856
    vertex 430.8478543640145 -364.0000000000073 30.70496856971325
  endloop
endfacet
facet normal -0.9871333304613883 0.09315878052988288 0.1299585684069835
  outer loop
    vertex 431.48024792695423 -364.0000000000073 35.508474576276704
    vertex 430.8478543640145 -364.0000000000073 30.70496856971325
    vertex 430.0395699608525 -373.00000000000693 31.016949152547856
  endloop
endfacet
facet normal -0.12372557859979594 -0.31857256694869607 0.9397890724986453
  outer loop
    vertex 412.92092589305577 -364.0000000000073 16.94915254237841
    vertex 412.92092589305577 -373.00000000000693 13.898305084751273
    vertex 417.7244318996196 -364.0000000000073 17.5815461053186
  endloop
endfacet
facet normal -0.12372557859979594 -0.31857256694869607 0.9397890724986453
  outer loop
    vertex 417.3515570041327 -373.00000000000693 14.48160873641299
    vertex 417.7244318996196 -364.0000000000073 17.5815461053186
    vertex 412.92092589305577 -373.00000000000693 13.898305084751273
  endloop
endfacet
facet normal -0.35736575508768587 -0.3576865108897137 0.8627572526604171
  outer loop
    vertex 416.97868210864607 -380.1046591131407 11.381671367507405
    vertex 420.759908943903 -380.1046591131407 12.947906805079992
    vertex 417.3515570041327 -373.00000000000693 14.48160873641299
  endloop
endfacet
facet normal -0.35736575508768587 -0.3576865108897137 0.8627572526604171
  outer loop
    vertex 421.4802479269541 -373.00000000000693 16.191768511492235
    vertex 417.3515570041327 -373.00000000000693 14.48160873641299
    vertex 420.759908943903 -380.1046591131407 12.947906805079992
  endloop
endfacet
facet normal -0.38268343236530084 0.9238795325111994 -1.8624695183475807e-14
  outer loop
    vertex 374.40087328737184 -357.69238876259163 54.80000000000579
    vertex 376.5781813156207 -356.7905182478282 54.80000000000579
    vertex 374.4008732873725 -357.69238876259396 5.000000000000205
  endloop
endfacet
facet normal -0.38268343236530084 0.9238795325111994 -1.8624695183475807e-14
  outer loop
    vertex 376.57818131562016 -356.79051824782783 5.000000000000183
    vertex 374.4008732873725 -357.69238876259396 5.000000000000205
    vertex 376.5781813156207 -356.7905182478282 54.80000000000579
  endloop
endfacet
facet normal -0.9878987208882145 0.1300593339688697 -0.08450258525633192
  outer loop
    vertex 384.69446910181523 -414.5809791885425 5.000000000000205
    vertex 384.52922295307286 -414.5367016164347 7.000000000000156
    vertex 384.76844670219276 -414.01906352622973 5.000000000000183
  endloop
endfacet
facet normal -0.9878987208882145 0.1300593339688697 -0.08450258525633192
  outer loop
    vertex 384.59737130049473 -414.01906352622973 7.000000000000156
    vertex 384.76844670219276 -414.01906352622973 5.000000000000183
    vertex 384.52922295307286 -414.5367016164347 7.000000000000156
  endloop
endfacet
facet normal -0.6087614290071487 -0.7933533402924413 -0.0
  outer loop
    vertex 378.1501153362395 -412.9887334403401 15.000000000000158
    vertex 377.994785250349 -412.8695444733917 15.000000000000158
    vertex 378.1501153362395 -412.9887334403401 5.000000000000205
  endloop
endfacet
facet normal -0.6087614290071487 -0.7933533402924413 -0.0
  outer loop
    vertex 377.994785250349 -412.8695444733917 5.000000000000205
    vertex 378.1501153362395 -412.9887334403401 5.000000000000205
    vertex 377.994785250349 -412.8695444733917 15.000000000000158
  endloop
endfacet
facet normal -0.9914448613735465 0.13052619222205597 0.0
  outer loop
    vertex 378.3442296200661 -413.7131778100568 5.000000000000183
    vertex 378.3442296200661 -413.7131778100568 15.000000000000158
    vertex 378.36978525034965 -413.5190635262301 5.000000000000183
  endloop
endfacet
facet normal -0.9914448613735465 0.13052619222205597 0.0
  outer loop
    vertex 378.36978525034965 -413.5190635262301 15.000000000000158
    vertex 378.36978525034965 -413.5190635262301 5.000000000000183
    vertex 378.3442296200661 -413.7131778100568 15.000000000000158
  endloop
endfacet
facet normal 0.3725935791295762 0.7908176098822762 0.4855734060793448
  outer loop
    vertex 394.6366546455941 -331.85786437627587 21.715728752543722
    vertex 399.99199370492147 -331.85786437627587 17.60643256254392
    vertex 391.7077224574592 -328.6794919243181 18.78679656440942
  endloop
endfacet
facet normal 0.3725935791295762 0.7908176098822762 0.4855734060793448
  outer loop
    vertex 397.92092589305577 -328.6794919243185 14.019237886472611
    vertex 391.7077224574592 -328.6794919243181 18.78679656440942
    vertex 399.99199370492147 -331.85786437627587 17.60643256254392
  endloop
endfacet
facet normal -0.6065840476598692 0.7905157216713331 -0.0845025852564346
  outer loop
    vertex 383.5973713004944 -415.75111433379857 7.000000000000156
    vertex 384.0115848628679 -415.4332770886026 7.000000000000156
    vertex 383.6829090013437 -415.89926997763143 5.000000000000205
  endloop
endfacet
facet normal -0.6065840476598692 0.7905157216713331 -0.0845025852564346
  outer loop
    vertex 384.1325534395027 -415.55424566523743 5.000000000000205
    vertex 383.6829090013437 -415.89926997763143 5.000000000000205
    vertex 384.0115848628679 -415.4332770886026 7.000000000000156
  endloop
endfacet
facet normal -0.7905157216715812 0.6065840476595642 -0.08450258525630201
  outer loop
    vertex 384.1325534395027 -415.55424566523743 5.000000000000205
    vertex 384.0115848628679 -415.4332770886026 7.000000000000156
    vertex 384.47757775189604 -415.1046012270785 5.000000000000205
  endloop
endfacet
facet normal -0.7905157216715812 0.6065840476595642 -0.08450258525630201
  outer loop
    vertex 384.32942210806345 -415.0190635262298 7.000000000000156
    vertex 384.47757775189604 -415.1046012270785 5.000000000000205
    vertex 384.0115848628679 -415.4332770886026 7.000000000000156
  endloop
endfacet
facet normal 0.793353340291318 -0.6087614290086126 0.0
  outer loop
    vertex 376.97026619751114 -413.14406352623 15.000000000000158
    vertex 376.97026619751114 -413.14406352623 5.000000000000205
    vertex 377.08945516445954 -412.9887334403401 15.000000000000158
  endloop
endfacet
facet normal 0.793353340291318 -0.6087614290086126 0.0
  outer loop
    vertex 377.08945516445954 -412.9887334403401 5.000000000000205
    vertex 377.08945516445954 -412.9887334403401 15.000000000000158
    vertex 376.97026619751114 -413.14406352623 5.000000000000205
  endloop
endfacet
facet normal 0.9914448613736062 0.13052619222160303 0.0
  outer loop
    vertex 376.8953408806329 -413.7131778100568 15.000000000000158
    vertex 376.8953408806329 -413.7131778100568 5.000000000000183
    vertex 376.86978525034937 -413.5190635262301 15.000000000000158
  endloop
endfacet
facet normal 0.9914448613736062 0.13052619222160303 0.0
  outer loop
    vertex 376.86978525034937 -413.5190635262301 5.000000000000183
    vertex 376.86978525034937 -413.5190635262301 15.000000000000158
    vertex 376.8953408806329 -413.7131778100568 5.000000000000183
  endloop
endfacet
facet normal -0.5631251684765313 0.37988372795849656 0.7338790076440621
  outer loop
    vertex 423.26166763016516 -340.8236190979565 22.08930992338452
    vertex 427.5449431026735 -340.8236190979562 25.375982790388406
    vertex 424.26067185521185 -336.0000000000076 20.35898384862843
  endloop
endfacet
facet normal -0.5631251684765313 0.37988372795849656 0.7338790076440621
  outer loop
    vertex 428.9577484266018 -336.0000000000067 23.963177466459786
    vertex 424.26067185521185 -336.0000000000076 20.35898384862843
    vertex 427.5449431026735 -340.8236190979562 25.375982790388406
  endloop
endfacet
facet normal 0.4844948324374842 0.6054678131259619 0.6314059586429632
  outer loop
    vertex 394.6366546455941 -331.85786437627587 21.715728752543722
    vertex 396.88410335950977 -336.00000000000705 23.963177466459786
    vertex 399.99199370492147 -331.85786437627587 17.60643256254392
  endloop
endfacet
facet normal 0.4844948324374842 0.6054678131259619 0.6314059586429632
  outer loop
    vertex 401.58117993090025 -336.0000000000067 20.358983848628377
    vertex 399.99199370492147 -331.85786437627587 17.60643256254392
    vertex 396.88410335950977 -336.00000000000705 23.963177466459786
  endloop
endfacet
facet normal 0.7905157216712776 0.6065840476599439 -0.08450258525641942
  outer loop
    vertex 437.3840285882292 -336.8873194952333 5.000000000000227
    vertex 437.0390042758353 -336.4376750570744 5.000000000000227
    vertex 437.50499716486405 -336.7663509185985 7.000000000000247
  endloop
endfacet
facet normal 0.7905157216712776 0.6065840476599439 -0.08450258525641942
  outer loop
    vertex 437.1871599196683 -336.35213735622534 7.000000000000247
    vertex 437.50499716486405 -336.7663509185985 7.000000000000247
    vertex 437.0390042758353 -336.4376750570744 5.000000000000227
  endloop
endfacet
facet normal 0.3663050600044464 -0.2894231608673658 0.884338643828642
  outer loop
    vertex 403.6412648761069 -364.0000000000073 19.435630217904414
    vertex 404.36160385915747 -373.00000000000693 16.19176851149217
    vertex 408.1174198864925 -364.0000000000073 17.581546105318505
  endloop
endfacet
facet normal 0.3663050600044464 -0.2894231608673658 0.884338643828642
  outer loop
    vertex 408.49029478197883 -373.00000000000693 14.481608736412928
    vertex 408.1174198864925 -364.0000000000073 17.581546105318505
    vertex 404.36160385915747 -373.00000000000693 16.19176851149217
  endloop
endfacet
facet normal -0.38268343236451147 0.9238795325115262 -1.35474277995277e-14
  outer loop
    vertex 377.8138995341762 -414.24350789594666 15.000000000000158
    vertex 377.9947852503495 -414.16858257906813 15.000000000000158
    vertex 377.8138995341762 -414.24350789594666 5.000000000000183
  endloop
endfacet
facet normal -0.38268343236451147 0.9238795325115262 -1.35474277995277e-14
  outer loop
    vertex 377.9947852503495 -414.1685825790684 5.000000000000183
    vertex 377.8138995341762 -414.24350789594666 5.000000000000183
    vertex 377.9947852503495 -414.16858257906813 15.000000000000158
  endloop
endfacet
facet normal -0.7933533402915299 0.6087614290083364 -1.7510520794821056e-14
  outer loop
    vertex 378.1501153362395 -414.04939361212007 5.000000000000205
    vertex 378.1501153362395 -414.04939361211973 15.000000000000158
    vertex 378.26930430318777 -413.8940635262301 5.000000000000205
  endloop
endfacet
facet normal -0.7933533402915299 0.6087614290083364 -1.7510520794821056e-14
  outer loop
    vertex 378.26930430318777 -413.89406352622984 15.000000000000158
    vertex 378.26930430318777 -413.8940635262301 5.000000000000205
    vertex 378.1501153362395 -414.04939361211973 15.000000000000158
  endloop
endfacet
facet normal 0.13052619222010375 0.9914448613738035 -8.013568842186353e-20
  outer loop
    vertex 377.4256709665229 -414.24350789594666 15.000000000000158
    vertex 377.6197852503495 -414.26906352622996 15.000000000000158
    vertex 377.4256709665229 -414.24350789594666 5.000000000000205
  endloop
endfacet
facet normal 0.13052619222010375 0.9914448613738035 -8.013568842186353e-20
  outer loop
    vertex 377.6197852503495 -414.26906352622996 5.000000000000183
    vertex 377.4256709665229 -414.24350789594666 5.000000000000205
    vertex 377.6197852503495 -414.26906352622996 15.000000000000158
  endloop
endfacet
facet normal 0.13052619222021702 -0.9914448613737886 0.0
  outer loop
    vertex 377.6197852503495 -412.76906352623 15.000000000000158
    vertex 377.4256709665229 -412.7946191565132 15.000000000000158
    vertex 377.6197852503495 -412.76906352623 5.000000000000183
  endloop
endfacet
facet normal 0.13052619222021702 -0.9914448613737886 0.0
  outer loop
    vertex 377.4256709665229 -412.7946191565132 5.000000000000183
    vertex 377.6197852503495 -412.76906352623 5.000000000000183
    vertex 377.4256709665229 -412.7946191565132 15.000000000000158
  endloop
endfacet
facet normal 0.9238795325116138 -0.38268343236429997 -5.707048533670257e-20
  outer loop
    vertex 376.8953408806329 -413.32494924240314 15.000000000000158
    vertex 376.8953408806329 -413.32494924240314 5.000000000000183
    vertex 376.97026619751114 -413.14406352623 15.000000000000158
  endloop
endfacet
facet normal 0.9238795325116138 -0.38268343236429997 -5.707048533670257e-20
  outer loop
    vertex 376.97026619751114 -413.14406352623 5.000000000000205
    vertex 376.97026619751114 -413.14406352623 15.000000000000158
    vertex 376.8953408806329 -413.32494924240314 5.000000000000183
  endloop
endfacet
facet normal 0.7933533402915849 0.6087614290082648 -8.58311147526893e-15
  outer loop
    vertex 377.08945516445954 -414.04939361212007 5.000000000000183
    vertex 376.97026619751114 -413.89406352622984 5.000000000000205
    vertex 377.08945516445954 -414.04939361211973 15.000000000000158
  endloop
endfacet
facet normal 0.7933533402915849 0.6087614290082648 -8.58311147526893e-15
  outer loop
    vertex 376.97026619751114 -413.89406352622984 15.000000000000158
    vertex 377.08945516445954 -414.04939361211973 15.000000000000158
    vertex 376.97026619751114 -413.89406352622984 5.000000000000205
  endloop
endfacet
facet normal -0.1300593339682579 0.9878987208882943 -0.08450258525634093
  outer loop
    vertex 382.5973713004946 -416.01906352622956 7.000000000000156
    vertex 383.11500939069964 -415.95091517880763 7.000000000000156
    vertex 382.5973713004946 -416.1901389279273 5.000000000000183
  endloop
endfacet
facet normal -0.1300593339682579 0.9878987208882943 -0.08450258525634093
  outer loop
    vertex 383.15928696280764 -416.11616132755034 5.000000000000205
    vertex 382.5973713004946 -416.1901389279273 5.000000000000183
    vertex 383.11500939069964 -415.95091517880763 7.000000000000156
  endloop
endfacet
facet normal -0.38131467322803647 0.9205750556396713 -0.08450258525637958
  outer loop
    vertex 383.11500939069964 -415.95091517880763 7.000000000000156
    vertex 383.5973713004944 -415.75111433379857 7.000000000000156
    vertex 383.15928696280764 -416.11616132755034 5.000000000000205
  endloop
endfacet
facet normal -0.38131467322803647 0.9205750556396713 -0.08450258525637958
  outer loop
    vertex 383.6829090013437 -415.89926997763143 5.000000000000205
    vertex 383.15928696280764 -416.11616132755034 5.000000000000205
    vertex 383.5973713004944 -415.75111433379857 7.000000000000156
  endloop
endfacet
facet normal 0.0 0.0 -0.9999999999999999
  outer loop
    vertex 376.86978525034937 -413.5190635262301 15.000000000000158
    vertex 376.8953408806329 -413.32494924240314 15.000000000000158
    vertex 376.8953408806329 -413.7131778100568 15.000000000000158
  endloop
endfacet
facet normal 0.0 0.0 -0.9999999999999999
  outer loop
    vertex 376.97026619751114 -413.89406352622984 15.000000000000158
    vertex 376.8953408806329 -413.7131778100568 15.000000000000158
    vertex 376.8953408806329 -413.32494924240314 15.000000000000158
  endloop
endfacet
facet normal 0.0 0.0 -0.9999999999999999
  outer loop
    vertex 376.97026619751114 -413.14406352623 15.000000000000158
    vertex 376.97026619751114 -413.89406352622984 15.000000000000158
    vertex 376.8953408806329 -413.32494924240314 15.000000000000158
  endloop
endfacet
facet normal 0.0 0.0 -0.9999999999999999
  outer loop
    vertex 377.08945516445954 -414.04939361211973 15.000000000000158
    vertex 376.97026619751114 -413.89406352622984 15.000000000000158
    vertex 376.97026619751114 -413.14406352623 15.000000000000158
  endloop
endfacet
facet normal 0.0 0.0 -0.9999999999999999
  outer loop
    vertex 377.08945516445954 -412.9887334403401 15.000000000000158
    vertex 377.08945516445954 -414.04939361211973 15.000000000000158
    vertex 376.97026619751114 -413.14406352623 15.000000000000158
  endloop
endfacet
facet normal 0.0 0.0 -0.9999999999999999
  outer loop
    vertex 377.2447852503494 -414.16858257906813 15.000000000000158
    vertex 377.08945516445954 -414.04939361211973 15.000000000000158
    vertex 377.08945516445954 -412.9887334403401 15.000000000000158
  endloop
endfacet
facet normal 0.0 0.0 -0.9999999999999999
  outer loop
    vertex 377.2447852503494 -412.8695444733917 15.000000000000158
    vertex 377.2447852503494 -414.16858257906813 15.000000000000158
    vertex 377.08945516445954 -412.9887334403401 15.000000000000158
  endloop
endfacet
facet normal 0.0 0.0 -0.9999999999999999
  outer loop
    vertex 377.4256709665229 -414.24350789594666 15.000000000000158
    vertex 377.2447852503494 -414.16858257906813 15.000000000000158
    vertex 377.2447852503494 -412.8695444733917 15.000000000000158
  endloop
endfacet
facet normal 0.0 0.0 -0.9999999999999999
  outer loop
    vertex 377.4256709665229 -412.7946191565132 15.000000000000158
    vertex 377.4256709665229 -414.24350789594666 15.000000000000158
    vertex 377.2447852503494 -412.8695444733917 15.000000000000158
  endloop
endfacet
facet normal 0.0 0.0 -0.9999999999999999
  outer loop
    vertex 377.6197852503495 -414.26906352622996 15.000000000000158
    vertex 377.4256709665229 -414.24350789594666 15.000000000000158
    vertex 377.4256709665229 -412.7946191565132 15.000000000000158
  endloop
endfacet
facet normal 0.0 0.0 -0.9999999999999999
  outer loop
    vertex 377.6197852503495 -412.76906352623 15.000000000000158
    vertex 377.6197852503495 -414.26906352622996 15.000000000000158
    vertex 377.4256709665229 -412.7946191565132 15.000000000000158
  endloop
endfacet
facet normal 0.0 0.0 -0.9999999999999999
  outer loop
    vertex 377.8138995341762 -414.24350789594666 15.000000000000158
    vertex 377.6197852503495 -414.26906352622996 15.000000000000158
    vertex 377.6197852503495 -412.76906352623 15.000000000000158
  endloop
endfacet
facet normal 0.0 0.0 -0.9999999999999999
  outer loop
    vertex 377.8138995341762 -412.7946191565132 15.000000000000158
    vertex 377.8138995341762 -414.24350789594666 15.000000000000158
    vertex 377.6197852503495 -412.76906352623 15.000000000000158
  endloop
endfacet
facet normal 0.0 0.0 -0.9999999999999999
  outer loop
    vertex 377.9947852503495 -414.16858257906813 15.000000000000158
    vertex 377.8138995341762 -414.24350789594666 15.000000000000158
    vertex 377.8138995341762 -412.7946191565132 15.000000000000158
  endloop
endfacet
facet normal 0.0 0.0 -0.9999999999999999
  outer loop
    vertex 377.994785250349 -412.8695444733917 15.000000000000158
    vertex 377.9947852503495 -414.16858257906813 15.000000000000158
    vertex 377.8138995341762 -412.7946191565132 15.000000000000158
  endloop
endfacet
facet normal 0.0 0.0 -0.9999999999999999
  outer loop
    vertex 378.1501153362395 -412.9887334403401 15.000000000000158
    vertex 377.9947852503495 -414.16858257906813 15.000000000000158
    vertex 377.994785250349 -412.8695444733917 15.000000000000158
  endloop
endfacet
facet normal 0.0 0.0 -0.9999999999999999
  outer loop
    vertex 378.1501153362395 -414.04939361211973 15.000000000000158
    vertex 377.9947852503495 -414.16858257906813 15.000000000000158
    vertex 378.1501153362395 -412.9887334403401 15.000000000000158
  endloop
endfacet
facet normal 0.0 0.0 -0.9999999999999999
  outer loop
    vertex 378.26930430318777 -413.89406352622984 15.000000000000158
    vertex 378.1501153362395 -414.04939361211973 15.000000000000158
    vertex 378.1501153362395 -412.9887334403401 15.000000000000158
  endloop
endfacet
facet normal 0.0 0.0 -0.9999999999999999
  outer loop
    vertex 378.26930430318777 -413.14406352623 15.000000000000158
    vertex 378.26930430318777 -413.89406352622984 15.000000000000158
    vertex 378.1501153362395 -412.9887334403401 15.000000000000158
  endloop
endfacet
facet normal 0.0 0.0 -0.9999999999999999
  outer loop
    vertex 378.3442296200661 -413.7131778100568 15.000000000000158
    vertex 378.26930430318777 -413.89406352622984 15.000000000000158
    vertex 378.26930430318777 -413.14406352623 15.000000000000158
  endloop
endfacet
facet normal 0.0 0.0 -0.9999999999999999
  outer loop
    vertex 378.3442296200661 -413.32494924240314 15.000000000000158
    vertex 378.3442296200661 -413.7131778100568 15.000000000000158
    vertex 378.26930430318777 -413.14406352623 15.000000000000158
  endloop
endfacet
facet normal 0.0 0.0 -0.9999999999999999
  outer loop
    vertex 378.36978525034965 -413.5190635262301 15.000000000000158
    vertex 378.3442296200661 -413.7131778100568 15.000000000000158
    vertex 378.3442296200661 -413.32494924240314 15.000000000000158
  endloop
endfacet
facet normal 0.9878987208882745 -0.13005933396832078 -0.08450258525647604
  outer loop
    vertex 380.59737130049507 -414.01906352622973 7.000000000000156
    vertex 380.42629589879704 -414.01906352622973 5.000000000000205
    vertex 380.66551964791694 -413.50142543602465 7.000000000000156
  endloop
endfacet
facet normal 0.9878987208882745 -0.13005933396832078 -0.08450258525647604
  outer loop
    vertex 380.50027349917394 -413.4571478639168 5.000000000000205
    vertex 380.66551964791694 -413.50142543602465 7.000000000000156
    vertex 380.42629589879704 -414.01906352622973 5.000000000000205
  endloop
endfacet
facet normal 0.38268343236498775 0.923879532511329 0.0
  outer loop
    vertex 377.2447852503494 -414.16858257906813 15.000000000000158
    vertex 377.4256709665229 -414.24350789594666 15.000000000000158
    vertex 377.2447852503494 -414.16858257906813 5.000000000000205
  endloop
endfacet
facet normal 0.38268343236498775 0.923879532511329 0.0
  outer loop
    vertex 377.4256709665229 -414.24350789594666 5.000000000000205
    vertex 377.2447852503494 -414.16858257906813 5.000000000000205
    vertex 377.4256709665229 -414.24350789594666 15.000000000000158
  endloop
endfacet
facet normal -0.13052619222007397 0.9914448613738074 0.0
  outer loop
    vertex 377.6197852503495 -414.26906352622996 15.000000000000158
    vertex 377.8138995341762 -414.24350789594666 15.000000000000158
    vertex 377.6197852503495 -414.26906352622996 5.000000000000183
  endloop
endfacet
facet normal -0.13052619222007397 0.9914448613738074 0.0
  outer loop
    vertex 377.8138995341762 -414.24350789594666 5.000000000000183
    vertex 377.6197852503495 -414.26906352622996 5.000000000000183
    vertex 377.8138995341762 -414.24350789594666 15.000000000000158
  endloop
endfacet
facet normal 0.6087614290081425 0.7933533402916788 -1.1186467759029926e-14
  outer loop
    vertex 377.08945516445954 -414.04939361211973 15.000000000000158
    vertex 377.2447852503494 -414.16858257906813 15.000000000000158
    vertex 377.08945516445954 -414.04939361212007 5.000000000000183
  endloop
endfacet
facet normal 0.6087614290081425 0.7933533402916788 -1.1186467759029926e-14
  outer loop
    vertex 377.2447852503494 -414.16858257906813 5.000000000000205
    vertex 377.08945516445954 -414.04939361212007 5.000000000000183
    vertex 377.2447852503494 -414.16858257906813 15.000000000000158
  endloop
endfacet
facet normal -0.9238795325116138 -0.38268343236429997 5.707048533670257e-20
  outer loop
    vertex 378.3442296200661 -413.32494924240314 5.000000000000205
    vertex 378.3442296200661 -413.32494924240314 15.000000000000158
    vertex 378.26930430318777 -413.14406352623 5.000000000000183
  endloop
endfacet
facet normal -0.9238795325116138 -0.38268343236429997 5.707048533670257e-20
  outer loop
    vertex 378.26930430318777 -413.14406352623 15.000000000000158
    vertex 378.26930430318777 -413.14406352623 5.000000000000183
    vertex 378.3442296200661 -413.32494924240314 15.000000000000158
  endloop
endfacet
facet normal -0.9238795325117405 0.38268343236399444 -5.6117192407473334e-15
  outer loop
    vertex 378.26930430318777 -413.8940635262301 5.000000000000205
    vertex 378.26930430318777 -413.89406352622984 15.000000000000158
    vertex 378.3442296200661 -413.7131778100568 5.000000000000183
  endloop
endfacet
facet normal -0.9238795325117405 0.38268343236399444 -5.6117192407473334e-15
  outer loop
    vertex 378.3442296200661 -413.7131778100568 15.000000000000158
    vertex 378.3442296200661 -413.7131778100568 5.000000000000183
    vertex 378.26930430318777 -413.89406352622984 15.000000000000158
  endloop
endfacet
facet normal 0.6087614290085959 -0.7933533402913311 0.0
  outer loop
    vertex 377.2447852503494 -412.8695444733917 15.000000000000158
    vertex 377.08945516445954 -412.9887334403401 15.000000000000158
    vertex 377.2447852503494 -412.8695444733917 5.000000000000205
  endloop
endfacet
facet normal 0.6087614290085959 -0.7933533402913311 0.0
  outer loop
    vertex 377.08945516445954 -412.9887334403401 5.000000000000205
    vertex 377.2447852503494 -412.8695444733917 5.000000000000205
    vertex 377.08945516445954 -412.9887334403401 15.000000000000158
  endloop
endfacet
facet normal -0.7933533402915406 -0.6087614290083226 3.0769285633772316e-19
  outer loop
    vertex 378.26930430318777 -413.14406352623 5.000000000000183
    vertex 378.26930430318777 -413.14406352623 15.000000000000158
    vertex 378.1501153362395 -412.9887334403401 5.000000000000205
  endloop
endfacet
facet normal -0.7933533402915406 -0.6087614290083226 3.0769285633772316e-19
  outer loop
    vertex 378.1501153362395 -412.9887334403401 15.000000000000158
    vertex 378.1501153362395 -412.9887334403401 5.000000000000205
    vertex 378.26930430318777 -413.14406352623 15.000000000000158
  endloop
endfacet
facet normal -0.9205750556395158 -0.3813146732284545 -0.08450258525618813
  outer loop
    vertex 384.52922295307286 -413.50142543602465 7.000000000000156
    vertex 384.32942210806345 -413.01906352622956 7.000000000000156
    vertex 384.69446910181523 -413.4571478639168 5.000000000000227
  endloop
endfacet
facet normal -0.9205750556395158 -0.3813146732284545 -0.08450258525618813
  outer loop
    vertex 384.47757775189604 -412.9335258253809 5.000000000000205
    vertex 384.69446910181523 -413.4571478639168 5.000000000000227
    vertex 384.32942210806345 -413.01906352622956 7.000000000000156
  endloop
endfacet
facet normal -0.6087614290083913 0.7933533402914879 -2.2819569829705825e-14
  outer loop
    vertex 377.9947852503495 -414.16858257906813 15.000000000000158
    vertex 378.1501153362395 -414.04939361211973 15.000000000000158
    vertex 377.9947852503495 -414.1685825790684 5.000000000000183
  endloop
endfacet
facet normal -0.6087614290083913 0.7933533402914879 -2.2819569829705825e-14
  outer loop
    vertex 378.1501153362395 -414.04939361212007 5.000000000000205
    vertex 377.9947852503495 -414.1685825790684 5.000000000000183
    vertex 378.1501153362395 -414.04939361211973 15.000000000000158
  endloop
endfacet
facet normal 0.0 0.0 -0.9999999999999999
  outer loop
    vertex 380.59737130049507 -414.01906352622973 7.000000000000156
    vertex 380.66551964791694 -413.50142543602465 7.000000000000156
    vertex 380.66551964791694 -414.5367016164347 7.000000000000156
  endloop
endfacet
facet normal 0.0 0.0 -0.9999999999999999
  outer loop
    vertex 380.86532049292566 -415.0190635262298 7.000000000000156
    vertex 380.66551964791694 -414.5367016164347 7.000000000000156
    vertex 380.66551964791694 -413.50142543602465 7.000000000000156
  endloop
endfacet
facet normal 0.0 0.0 -0.9999999999999999
  outer loop
    vertex 380.86532049292566 -413.01906352622956 7.000000000000156
    vertex 380.86532049292566 -415.0190635262298 7.000000000000156
    vertex 380.66551964791694 -413.50142543602465 7.000000000000156
  endloop
endfacet
facet normal 0.0 0.0 -0.9999999999999999
  outer loop
    vertex 381.18315773812134 -415.4332770886026 7.000000000000156
    vertex 380.86532049292566 -415.0190635262298 7.000000000000156
    vertex 380.86532049292566 -413.01906352622956 7.000000000000156
  endloop
endfacet
facet normal 0.0 0.0 -0.9999999999999999
  outer loop
    vertex 381.18315773812134 -412.60484996385674 7.000000000000156
    vertex 381.18315773812134 -415.4332770886026 7.000000000000156
    vertex 380.86532049292566 -413.01906352622956 7.000000000000156
  endloop
endfacet
facet normal 0.0 0.0 -0.9999999999999999
  outer loop
    vertex 381.59737130049484 -415.75111433379857 7.000000000000156
    vertex 381.18315773812134 -415.4332770886026 7.000000000000156
    vertex 381.18315773812134 -412.60484996385674 7.000000000000156
  endloop
endfacet
facet normal 0.0 0.0 -0.9999999999999999
  outer loop
    vertex 381.59737130049484 -412.2870127186608 7.000000000000156
    vertex 381.59737130049484 -415.75111433379857 7.000000000000156
    vertex 381.18315773812134 -412.60484996385674 7.000000000000156
  endloop
endfacet
facet normal 0.0 0.0 -0.9999999999999999
  outer loop
    vertex 382.0797332102896 -415.95091517880763 7.000000000000156
    vertex 381.59737130049484 -415.75111433379857 7.000000000000156
    vertex 381.59737130049484 -412.2870127186608 7.000000000000156
  endloop
endfacet
facet normal 0.0 0.0 -0.9999999999999999
  outer loop
    vertex 382.0797332102896 -412.0872118736517 7.000000000000156
    vertex 382.0797332102896 -415.95091517880763 7.000000000000156
    vertex 381.59737130049484 -412.2870127186608 7.000000000000156
  endloop
endfacet
facet normal 0.0 0.0 -0.9999999999999999
  outer loop
    vertex 382.5973713004946 -416.01906352622956 7.000000000000156
    vertex 382.0797332102896 -415.95091517880763 7.000000000000156
    vertex 382.0797332102896 -412.0872118736517 7.000000000000156
  endloop
endfacet
facet normal 0.0 0.0 -0.9999999999999999
  outer loop
    vertex 382.5973713004946 -412.0190635262298 7.000000000000156
    vertex 382.5973713004946 -416.01906352622956 7.000000000000156
    vertex 382.0797332102896 -412.0872118736517 7.000000000000156
  endloop
endfacet
facet normal 0.0 0.0 -0.9999999999999999
  outer loop
    vertex 383.11500939069964 -415.95091517880763 7.000000000000156
    vertex 382.5973713004946 -416.01906352622956 7.000000000000156
    vertex 382.5973713004946 -412.0190635262298 7.000000000000156
  endloop
endfacet
facet normal 0.0 0.0 -0.9999999999999999
  outer loop
    vertex 383.11500939069964 -412.0872118736517 7.000000000000156
    vertex 383.11500939069964 -415.95091517880763 7.000000000000156
    vertex 382.5973713004946 -412.0190635262298 7.000000000000156
  endloop
endfacet
facet normal 0.0 0.0 -0.9999999999999999
  outer loop
    vertex 383.5973713004944 -415.75111433379857 7.000000000000156
    vertex 383.11500939069964 -415.95091517880763 7.000000000000156
    vertex 383.11500939069964 -412.0872118736517 7.000000000000156
  endloop
endfacet
facet normal 0.0 0.0 -0.9999999999999999
  outer loop
    vertex 383.5973713004944 -412.2870127186608 7.000000000000156
    vertex 383.5973713004944 -415.75111433379857 7.000000000000156
    vertex 383.11500939069964 -412.0872118736517 7.000000000000156
  endloop
endfacet
facet normal 0.0 0.0 -0.9999999999999999
  outer loop
    vertex 384.0115848628679 -415.4332770886026 7.000000000000156
    vertex 383.5973713004944 -415.75111433379857 7.000000000000156
    vertex 383.5973713004944 -412.2870127186608 7.000000000000156
  endloop
endfacet
facet normal 0.0 0.0 -0.9999999999999999
  outer loop
    vertex 384.0115848628679 -412.60484996385674 7.000000000000156
    vertex 384.0115848628679 -415.4332770886026 7.000000000000156
    vertex 383.5973713004944 -412.2870127186608 7.000000000000156
  endloop
endfacet
facet normal 0.0 0.0 -0.9999999999999999
  outer loop
    vertex 384.32942210806345 -415.0190635262298 7.000000000000156
    vertex 384.0115848628679 -415.4332770886026 7.000000000000156
    vertex 384.0115848628679 -412.60484996385674 7.000000000000156
  endloop
endfacet
facet normal 0.0 0.0 -0.9999999999999999
  outer loop
    vertex 384.32942210806345 -413.01906352622956 7.000000000000156
    vertex 384.32942210806345 -415.0190635262298 7.000000000000156
    vertex 384.0115848628679 -412.60484996385674 7.000000000000156
  endloop
endfacet
facet normal 0.0 0.0 -0.9999999999999999
  outer loop
    vertex 384.52922295307286 -414.5367016164347 7.000000000000156
    vertex 384.32942210806345 -415.0190635262298 7.000000000000156
    vertex 384.32942210806345 -413.01906352622956 7.000000000000156
  endloop
endfacet
facet normal 0.0 0.0 -0.9999999999999999
  outer loop
    vertex 384.52922295307286 -413.50142543602465 7.000000000000156
    vertex 384.52922295307286 -414.5367016164347 7.000000000000156
    vertex 384.32942210806345 -413.01906352622956 7.000000000000156
  endloop
endfacet
facet normal 0.0 0.0 -0.9999999999999999
  outer loop
    vertex 384.59737130049473 -414.01906352622973 7.000000000000156
    vertex 384.52922295307286 -414.5367016164347 7.000000000000156
    vertex 384.52922295307286 -413.50142543602465 7.000000000000156
  endloop
endfacet
facet normal 0.3813146732280592 -0.9205750556396618 -0.08450258525638066
  outer loop
    vertex 382.0797332102896 -412.0872118736517 7.000000000000156
    vertex 381.59737130049484 -412.2870127186608 7.000000000000156
    vertex 382.0354556381815 -411.92196572490906 5.000000000000183
  endloop
endfacet
facet normal 0.3813146732280592 -0.9205750556396618 -0.08450258525638066
  outer loop
    vertex 381.5118335996455 -412.1388570748279 5.000000000000205
    vertex 382.0354556381815 -411.92196572490906 5.000000000000183
    vertex 381.59737130049484 -412.2870127186608 7.000000000000156
  endloop
endfacet
facet normal -0.6065840476596045 -0.7905157216715457 -0.08450258525634628
  outer loop
    vertex 384.0115848628679 -412.60484996385674 7.000000000000156
    vertex 383.5973713004944 -412.2870127186608 7.000000000000156
    vertex 384.1325534395027 -412.4838813872219 5.000000000000205
  endloop
endfacet
facet normal -0.6065840476596045 -0.7905157216715457 -0.08450258525634628
  outer loop
    vertex 383.6829090013431 -412.1388570748279 5.000000000000205
    vertex 384.1325534395027 -412.4838813872219 5.000000000000205
    vertex 383.5973713004944 -412.2870127186608 7.000000000000156
  endloop
endfacet
facet normal 0.38268343236498775 -0.923879532511329 -5.707048531639379e-20
  outer loop
    vertex 377.4256709665229 -412.7946191565132 15.000000000000158
    vertex 377.2447852503494 -412.8695444733917 15.000000000000158
    vertex 377.4256709665229 -412.7946191565132 5.000000000000183
  endloop
endfacet
facet normal 0.38268343236498775 -0.923879532511329 -5.707048531639379e-20
  outer loop
    vertex 377.2447852503494 -412.8695444733917 5.000000000000205
    vertex 377.4256709665229 -412.7946191565132 5.000000000000183
    vertex 377.2447852503494 -412.8695444733917 15.000000000000158
  endloop
endfacet
facet normal 0.9238795325116309 0.38268343236425917 2.1061040429507526e-19
  outer loop
    vertex 376.97026619751114 -413.89406352622984 15.000000000000158
    vertex 376.97026619751114 -413.89406352622984 5.000000000000205
    vertex 376.8953408806329 -413.7131778100568 15.000000000000158
  endloop
endfacet
facet normal 0.9238795325116309 0.38268343236425917 2.1061040429507526e-19
  outer loop
    vertex 376.8953408806329 -413.7131778100568 5.000000000000183
    vertex 376.8953408806329 -413.7131778100568 15.000000000000158
    vertex 376.97026619751114 -413.89406352622984 5.000000000000205
  endloop
endfacet
facet normal -0.9914448613735702 -0.13052619222187706 -8.01356883726323e-20
  outer loop
    vertex 378.36978525034965 -413.5190635262301 5.000000000000183
    vertex 378.36978525034965 -413.5190635262301 15.000000000000158
    vertex 378.3442296200661 -413.32494924240314 5.000000000000205
  endloop
endfacet
facet normal -0.9914448613735702 -0.13052619222187706 -8.01356883726323e-20
  outer loop
    vertex 378.3442296200661 -413.32494924240314 15.000000000000158
    vertex 378.3442296200661 -413.32494924240314 5.000000000000205
    vertex 378.36978525034965 -413.5190635262301 15.000000000000158
  endloop
endfacet
facet normal 0.9914448613736297 -0.130526192221424 0.0
  outer loop
    vertex 376.86978525034937 -413.5190635262301 15.000000000000158
    vertex 376.86978525034937 -413.5190635262301 5.000000000000183
    vertex 376.8953408806329 -413.32494924240314 15.000000000000158
  endloop
endfacet
facet normal 0.9914448613736297 -0.130526192221424 0.0
  outer loop
    vertex 376.8953408806329 -413.32494924240314 5.000000000000183
    vertex 376.8953408806329 -413.32494924240314 15.000000000000158
    vertex 376.86978525034937 -413.5190635262301 5.000000000000183
  endloop
endfacet
facet normal -0.3826834323660471 -0.9238795325108904 -0.0
  outer loop
    vertex 377.994785250349 -412.8695444733917 15.000000000000158
    vertex 377.8138995341762 -412.7946191565132 15.000000000000158
    vertex 377.994785250349 -412.8695444733917 5.000000000000205
  endloop
endfacet
facet normal -0.3826834323660471 -0.9238795325108904 -0.0
  outer loop
    vertex 377.8138995341762 -412.7946191565132 5.000000000000205
    vertex 377.994785250349 -412.8695444733917 5.000000000000205
    vertex 377.8138995341762 -412.7946191565132 15.000000000000158
  endloop
endfacet
facet normal 0.9205750556397168 -0.3813146732279399 -0.08450258525632177
  outer loop
    vertex 380.66551964791694 -413.50142543602465 7.000000000000156
    vertex 380.50027349917394 -413.4571478639168 5.000000000000205
    vertex 380.86532049292566 -413.01906352622956 7.000000000000156
  endloop
endfacet
facet normal 0.9205750556397168 -0.3813146732279399 -0.08450258525632177
  outer loop
    vertex 380.7171648490931 -412.9335258253809 5.000000000000205
    vertex 380.86532049292566 -413.01906352622956 7.000000000000156
    vertex 380.50027349917394 -413.4571478639168 5.000000000000205
  endloop
endfacet
facet normal -0.13052619222018721 -0.9914448613737925 -8.013568841954733e-20
  outer loop
    vertex 377.8138995341762 -412.7946191565132 15.000000000000158
    vertex 377.6197852503495 -412.76906352623 15.000000000000158
    vertex 377.8138995341762 -412.7946191565132 5.000000000000205
  endloop
endfacet
facet normal -0.13052619222018721 -0.9914448613737925 -8.013568841954733e-20
  outer loop
    vertex 377.6197852503495 -412.76906352623 5.000000000000183
    vertex 377.8138995341762 -412.7946191565132 5.000000000000205
    vertex 377.6197852503495 -412.76906352623 15.000000000000158
  endloop
endfacet
facet normal -0.38131467322824397 -0.9205750556395907 -0.08450258525632148
  outer loop
    vertex 383.5973713004944 -412.2870127186608 7.000000000000156
    vertex 383.11500939069964 -412.0872118736517 7.000000000000156
    vertex 383.6829090013431 -412.1388570748279 5.000000000000205
  endloop
endfacet
facet normal -0.38131467322824397 -0.9205750556395907 -0.08450258525632148
  outer loop
    vertex 383.15928696280764 -411.92196572490906 5.000000000000205
    vertex 383.6829090013431 -412.1388570748279 5.000000000000205
    vertex 383.11500939069964 -412.0872118736517 7.000000000000156
  endloop
endfacet
facet normal -0.9205750556395162 0.3813146732284531 -0.08450258525618992
  outer loop
    vertex 384.47757775189604 -415.1046012270785 5.000000000000205
    vertex 384.32942210806345 -415.0190635262298 7.000000000000156
    vertex 384.69446910181523 -414.5809791885425 5.000000000000205
  endloop
endfacet
facet normal -0.9205750556395162 0.3813146732284531 -0.08450258525618992
  outer loop
    vertex 384.52922295307286 -414.5367016164347 7.000000000000156
    vertex 384.69446910181523 -414.5809791885425 5.000000000000205
    vertex 384.32942210806345 -415.0190635262298 7.000000000000156
  endloop
endfacet
facet normal -0.7905157216715776 -0.6065840476595693 -0.08450258525630033
  outer loop
    vertex 384.32942210806345 -413.01906352622956 7.000000000000156
    vertex 384.0115848628679 -412.60484996385674 7.000000000000156
    vertex 384.47757775189604 -412.9335258253809 5.000000000000205
  endloop
endfacet
facet normal -0.7905157216715776 -0.6065840476595693 -0.08450258525630033
  outer loop
    vertex 384.1325534395027 -412.4838813872219 5.000000000000205
    vertex 384.47757775189604 -412.9335258253809 5.000000000000205
    vertex 384.0115848628679 -412.60484996385674 7.000000000000156
  endloop
endfacet
facet normal 0.7905157216715019 0.6065840476596678 -0.08450258525630082
  outer loop
    vertex 381.0621891614865 -415.55424566523743 5.000000000000183
    vertex 380.7171648490931 -415.1046012270785 5.000000000000183
    vertex 381.18315773812134 -415.4332770886026 7.000000000000156
  endloop
endfacet
facet normal 0.7905157216715019 0.6065840476596678 -0.08450258525630082
  outer loop
    vertex 380.86532049292566 -415.0190635262298 7.000000000000156
    vertex 381.18315773812134 -415.4332770886026 7.000000000000156
    vertex 380.7171648490931 -415.1046012270785 5.000000000000183
  endloop
endfacet
facet normal 0.13005933396825606 0.9878987208882943 -0.08450258525634415
  outer loop
    vertex 382.0797332102896 -415.95091517880763 7.000000000000156
    vertex 382.5973713004946 -416.01906352622956 7.000000000000156
    vertex 382.0354556381815 -416.11616132755034 5.000000000000227
  endloop
endfacet
facet normal 0.13005933396825606 0.9878987208882943 -0.08450258525634415
  outer loop
    vertex 382.5973713004946 -416.1901389279273 5.000000000000183
    vertex 382.0354556381815 -416.11616132755034 5.000000000000227
    vertex 382.5973713004946 -416.01906352622956 7.000000000000156
  endloop
endfacet
facet normal 0.6065840476598887 -0.7905157216713188 -0.0845025852564278
  outer loop
    vertex 381.59737130049484 -412.2870127186608 7.000000000000156
    vertex 381.18315773812134 -412.60484996385674 7.000000000000156
    vertex 381.5118335996455 -412.1388570748279 5.000000000000205
  endloop
endfacet
facet normal 0.6065840476598887 -0.7905157216713188 -0.0845025852564278
  outer loop
    vertex 381.0621891614865 -412.4838813872219 5.000000000000205
    vertex 381.5118335996455 -412.1388570748279 5.000000000000205
    vertex 381.18315773812134 -412.60484996385674 7.000000000000156
  endloop
endfacet
facet normal 0.6065840476598917 0.7905157216713166 -0.08450258525642759
  outer loop
    vertex 381.18315773812134 -415.4332770886026 7.000000000000156
    vertex 381.59737130049484 -415.75111433379857 7.000000000000156
    vertex 381.0621891614865 -415.55424566523743 5.000000000000183
  endloop
endfacet
facet normal 0.6065840476598917 0.7905157216713166 -0.08450258525642759
  outer loop
    vertex 381.5118335996455 -415.89926997763143 5.000000000000227
    vertex 381.0621891614865 -415.55424566523743 5.000000000000183
    vertex 381.59737130049484 -415.75111433379857 7.000000000000156
  endloop
endfacet
facet normal 0.13005933396826208 -0.9878987208882941 -0.08450258525633832
  outer loop
    vertex 382.5973713004946 -412.0190635262298 7.000000000000156
    vertex 382.0797332102896 -412.0872118736517 7.000000000000156
    vertex 382.5973713004946 -411.84798812453215 5.000000000000205
  endloop
endfacet
facet normal 0.13005933396826208 -0.9878987208882941 -0.08450258525633832
  outer loop
    vertex 382.0354556381815 -411.92196572490906 5.000000000000183
    vertex 382.5973713004946 -411.84798812453215 5.000000000000205
    vertex 382.0797332102896 -412.0872118736517 7.000000000000156
  endloop
endfacet
facet normal -0.13005933396826017 -0.9878987208882944 -0.08450258525633594
  outer loop
    vertex 383.11500939069964 -412.0872118736517 7.000000000000156
    vertex 382.5973713004946 -412.0190635262298 7.000000000000156
    vertex 383.15928696280764 -411.92196572490906 5.000000000000205
  endloop
endfacet
facet normal -0.13005933396826017 -0.9878987208882944 -0.08450258525633594
  outer loop
    vertex 382.5973713004946 -411.84798812453215 5.000000000000205
    vertex 383.15928696280764 -411.92196572490906 5.000000000000205
    vertex 382.5973713004946 -412.0190635262298 7.000000000000156
  endloop
endfacet
facet normal 0.9205750556399244 0.3813146732274681 -0.0845025852561887
  outer loop
    vertex 380.7171648490931 -415.1046012270785 5.000000000000183
    vertex 380.5002734991745 -414.5809791885425 5.000000000000183
    vertex 380.86532049292566 -415.0190635262298 7.000000000000156
  endloop
endfacet
facet normal 0.9205750556399244 0.3813146732274681 -0.0845025852561887
  outer loop
    vertex 380.66551964791694 -414.5367016164347 7.000000000000156
    vertex 380.86532049292566 -415.0190635262298 7.000000000000156
    vertex 380.5002734991745 -414.5809791885425 5.000000000000183
  endloop
endfacet
facet normal 0.7905157216714981 -0.6065840476596728 -0.08450258525630029
  outer loop
    vertex 380.86532049292566 -413.01906352622956 7.000000000000156
    vertex 380.7171648490931 -412.9335258253809 5.000000000000205
    vertex 381.18315773812134 -412.60484996385674 7.000000000000156
  endloop
endfacet
facet normal 0.7905157216714981 -0.6065840476596728 -0.08450258525630029
  outer loop
    vertex 381.0621891614865 -412.4838813872219 5.000000000000205
    vertex 381.18315773812134 -412.60484996385674 7.000000000000156
    vertex 380.7171648490931 -412.9335258253809 5.000000000000205
  endloop
endfacet
facet normal 0.3813146732280526 0.9205750556396642 -0.08450258525638457
  outer loop
    vertex 381.59737130049484 -415.75111433379857 7.000000000000156
    vertex 382.0797332102896 -415.95091517880763 7.000000000000156
    vertex 381.5118335996455 -415.89926997763143 5.000000000000227
  endloop
endfacet
facet normal 0.3813146732280526 0.9205750556396642 -0.08450258525638457
  outer loop
    vertex 382.0354556381815 -416.11616132755034 5.000000000000227
    vertex 381.5118335996455 -415.89926997763143 5.000000000000227
    vertex 382.0797332102896 -415.95091517880763 7.000000000000156
  endloop
endfacet
facet normal -0.987898720888215 -0.13005933396886707 -0.0845025852563319
  outer loop
    vertex 384.76844670219276 -414.01906352622973 5.000000000000183
    vertex 384.59737130049473 -414.01906352622973 7.000000000000156
    vertex 384.69446910181523 -413.4571478639168 5.000000000000227
  endloop
endfacet
facet normal -0.987898720888215 -0.13005933396886707 -0.0845025852563319
  outer loop
    vertex 384.52922295307286 -413.50142543602465 7.000000000000156
    vertex 384.69446910181523 -413.4571478639168 5.000000000000227
    vertex 384.59737130049473 -414.01906352622973 7.000000000000156
  endloop
endfacet
facet normal 0.987898720888214 0.1300593339688742 -0.08450258525633192
  outer loop
    vertex 380.5002734991745 -414.5809791885425 5.000000000000183
    vertex 380.42629589879704 -414.01906352622973 5.000000000000205
    vertex 380.66551964791694 -414.5367016164347 7.000000000000156
  endloop
endfacet
facet normal 0.987898720888214 0.1300593339688742 -0.08450258525633192
  outer loop
    vertex 380.59737130049507 -414.01906352622973 7.000000000000156
    vertex 380.66551964791694 -414.5367016164347 7.000000000000156
    vertex 380.42629589879704 -414.01906352622973 5.000000000000205
  endloop
endfacet
facet normal -0.789924183817014 -0.09287643138568528 0.6061301447000342
  outer loop
    vertex 426.0443483574507 -364.0000000000073 22.38505211188238
    vertex 428.99377025142775 -364.0000000000073 26.22881355932769
    vertex 427.06306151678655 -350.00000000000705 25.8578643762746
  endloop
endfacet
facet normal -0.789924183817014 -0.09287643138568528 0.6061301447000342
  outer loop
    vertex 430.24143396874445 -350.00000000000705 30.000000000005755
    vertex 427.06306151678655 -350.00000000000705 25.8578643762746
    vertex 428.99377025142775 -364.0000000000073 26.22881355932769
  endloop
endfacet
facet normal -0.37259357912947266 0.485573406079269 0.7908176098823716
  outer loop
    vertex 409.996819166964 -431.3179844858424 5.000000000000183
    vertex 410.23678988487785 -431.7336259615985 5.368272016360355
    vertex 414.3774975952268 -427.9565717021792 5.000000000000183
  endloop
endfacet
facet normal -0.37259357912947266 0.485573406079269 0.7908176098823716
  outer loop
    vertex 414.71686743907395 -428.2959415460253 5.368272016360355
    vertex 414.3774975952268 -427.9565717021792 5.000000000000183
    vertex 410.23678988487785 -431.7336259615985 5.368272016360355
  endloop
endfacet
facet normal -0.37946459868718563 0.12942830799550178 0.9161085805910752
  outer loop
    vertex 418.09730679510636 -346.00000000000705 20.681483474224233
    vertex 422.9209258930558 -346.00000000000705 22.67949192431672
    vertex 418.2736876971563 -340.8236190979568 20.023220986287452
  endloop
endfacet
facet normal -0.37946459868718563 0.12942830799550178 0.9161085805910752
  outer loop
    vertex 423.26166763016516 -340.8236190979565 22.08930992338452
    vertex 418.2736876971563 -340.8236190979568 20.023220986287452
    vertex 422.9209258930558 -346.00000000000705 22.67949192431672
  endloop
endfacet
facet normal -0.9831056027603652 0.12942830799553426 0.12942830799555452
  outer loop
    vertex 432.23944241883726 -346.00000000000705 34.82361909795546
    vertex 432.92092589305594 -346.00000000000705 40.00000000000557
    vertex 432.89770490677387 -340.8236190979568 34.647238195904976
  endloop
endfacet
facet normal -0.9831056027603652 0.12942830799553426 0.12942830799555452
  outer loop
    vertex 433.59657918168085 -340.8236190979568 39.95571534380698
    vertex 432.89770490677387 -340.8236190979568 34.647238195904976
    vertex 432.92092589305594 -346.00000000000705 40.00000000000557
  endloop
endfacet
facet normal -0.11954064220156321 -0.4015515275945888 0.9080013246402728
  outer loop
    vertex 412.92092589305577 -380.1046591131407 10.847457627124113
    vertex 412.92092589305577 -387.0033342331058 7.796610169496994
    vertex 416.97868210864607 -380.1046591131407 11.381671367507405
  endloop
endfacet
facet normal -0.11954064220156321 -0.4015515275945888 0.9080013246402728
  outer loop
    vertex 416.6058072131594 -387.0033342331058 8.281733998601766
    vertex 416.97868210864607 -380.1046591131407 11.381671367507405
    vertex 412.92092589305577 -387.0033342331058 7.796610169496994
  endloop
endfacet
facet normal -0.9233987015100202 -0.032258713319427576 0.38248426564315485
  outer loop
    vertex 427.7461065341116 -373.00000000000693 22.457627118649654
    vertex 429.4562663091912 -373.00000000000693 26.58631804147103
    vertex 428.99377025142775 -364.0000000000073 26.22881355932769
  endloop
endfacet
facet normal -0.9233987015100202 -0.032258713319427576 0.38248426564315485
  outer loop
    vertex 430.8478543640145 -364.0000000000073 30.70496856971325
    vertex 428.99377025142775 -364.0000000000073 26.22881355932769
    vertex 429.4562663091912 -373.00000000000693 26.58631804147103
  endloop
endfacet
facet normal -0.12758243951532353 -0.21118071566440325 0.9690848396599696
  outer loop
    vertex 412.92092589305577 -350.00000000000705 20.000000000005556
    vertex 412.92092589305577 -364.0000000000073 16.94915254237841
    vertex 418.09730679510636 -350.00000000000705 20.681483474224216
  endloop
endfacet
facet normal -0.12758243951532353 -0.21118071566440325 0.9690848396599696
  outer loop
    vertex 417.7244318996196 -364.0000000000073 17.5815461053186
    vertex 418.09730679510636 -350.00000000000705 20.681483474224216
    vertex 412.92092589305577 -364.0000000000073 16.94915254237841
  endloop
endfacet
facet normal -0.7933533402912436 3.764347629807824e-15 0.6087614290087096
  outer loop
    vertex 427.06306151678655 -350.00000000000705 25.8578643762746
    vertex 430.24143396874445 -350.00000000000705 30.000000000005755
    vertex 427.06306151678655 -346.00000000000705 25.85786437627455
  endloop
endfacet
facet normal -0.7933533402912436 3.764347629807824e-15 0.6087614290087096
  outer loop
    vertex 430.24143396874445 -346.00000000000705 30.000000000005755
    vertex 427.06306151678655 -346.00000000000705 25.85786437627455
    vertex 430.24143396874445 -350.00000000000705 30.000000000005755
  endloop
endfacet
facet normal 0.1305261922200413 -2.448637755384312e-14 0.9914448613738116
  outer loop
    vertex 407.7445449910053 -346.00000000000676 20.681483474224233
    vertex 407.7445449910053 -350.00000000000705 20.6814834742241
    vertex 412.92092589305577 -346.00000000000676 20.00000000000565
  endloop
endfacet
facet normal 0.1305261922200413 -2.448637755384312e-14 0.9914448613738116
  outer loop
    vertex 412.92092589305577 -350.00000000000705 20.000000000005556
    vertex 412.92092589305577 -346.00000000000676 20.00000000000565
    vertex 407.7445449910053 -350.00000000000705 20.6814834742241
  endloop
endfacet
facet normal 0.9999999999999999 0.0 0.0
  outer loop
    vertex 392.92092589305577 -350.00000000000705 54.80000000000579
    vertex 392.92092589305577 -350.00000000000705 40.00000000000557
    vertex 392.92092589305577 -346.00000000000676 54.80000000000579
  endloop
endfacet
facet normal 0.9999999999999999 0.0 0.0
  outer loop
    vertex 392.92092589305577 -346.00000000000676 40.00000000000557
    vertex 392.92092589305577 -346.00000000000676 54.80000000000579
    vertex 392.92092589305577 -350.00000000000705 40.00000000000557
  endloop
endfacet
facet normal 0.7958697929111508 0.6054678131259845 2.15812743320383e-18
  outer loop
    vertex 390.26435739360505 -336.0000000000067 54.80000000000579
    vertex 390.26435739360505 -336.0000000000067 39.82587930134571
    vertex 387.113176358579 -331.8578643762756 54.80000000000581
  endloop
endfacet
facet normal 0.7958697929111508 0.6054678131259845 2.15812743320383e-18
  outer loop
    vertex 387.113176358579 -331.8578643762756 39.619339984352465
    vertex 387.113176358579 -331.8578643762756 54.80000000000581
    vertex 390.26435739360505 -336.0000000000067 39.82587930134571
  endloop
endfacet
facet normal 0.35399527968565625 0.379883727958458 0.8546202052330955
  outer loop
    vertex 401.58117993090025 -336.0000000000067 20.358983848628377
    vertex 402.5801841559465 -340.8236190979562 22.08930992338452
    vertex 407.0510414497949 -336.00000000000705 18.09329302319919
  endloop
endfacet
facet normal 0.35399527968565625 0.379883727958458 0.8546202052330955
  outer loop
    vertex 407.5681640889547 -340.8236190979565 20.023220986287452
    vertex 407.0510414497949 -336.00000000000705 18.09329302319919
    vertex 402.5801841559465 -340.8236190979562 22.08930992338452
  endloop
endfacet
facet normal 8.035758106685831e-15 0.9914448613738065 0.13052619222008044
  outer loop
    vertex 371.9691393452304 -438.0000000000066 13.500000000005688
    vertex 399.420925893056 -438.0000000000066 13.500000000005643
    vertex 371.9691393452304 -437.60814700233084 10.523580981326727
  endloop
endfacet
facet normal 8.035758106685831e-15 0.9914448613738065 0.13052619222008044
  outer loop
    vertex 399.420925893056 -437.60814700233084 10.523580981326683
    vertex 371.9691393452304 -437.60814700233084 10.523580981326727
    vertex 399.420925893056 -438.0000000000066 13.500000000005643
  endloop
endfacet
facet normal 0.9238795325112846 7.901205033504039e-15 0.3826834323650949
  outer loop
    vertex 393.6024093672744 -350.00000000000705 34.82361909795544
    vertex 395.6004178173672 -350.00000000000705 30.00000000000577
    vertex 393.6024093672744 -346.00000000000705 34.82361909795546
  endloop
endfacet
facet normal 0.9238795325112846 7.901205033504039e-15 0.3826834323650949
  outer loop
    vertex 395.6004178173672 -346.00000000000676 30.000000000005755
    vertex 393.6024093672744 -346.00000000000705 34.82361909795546
    vertex 395.6004178173672 -350.00000000000705 30.00000000000577
  endloop
endfacet
facet normal -0.5923230089440803 -0.23081800298864444 0.7719303741735811
  outer loop
    vertex 421.4802479269541 -373.00000000000693 16.191768511492235
    vertex 425.0256351981136 -373.00000000000693 18.912239847490024
    vertex 422.20058691000526 -364.0000000000073 19.435630217904535
  endloop
endfacet
facet normal -0.5923230089440803 -0.23081800298864444 0.7719303741735811
  outer loop
    vertex 426.0443483574507 -364.0000000000073 22.38505211188238
    vertex 422.20058691000526 -364.0000000000073 19.435630217904535
    vertex 425.0256351981136 -373.00000000000693 18.912239847490024
  endloop
endfacet
facet normal -0.38268343236507013 4.1772878238901114e-15 0.9238795325112947
  outer loop
    vertex 418.09730679510636 -346.00000000000705 20.681483474224233
    vertex 418.09730679510636 -350.00000000000705 20.681483474224216
    vertex 422.9209258930558 -346.00000000000705 22.67949192431672
  endloop
endfacet
facet normal -0.38268343236507013 4.1772878238901114e-15 0.9238795325112947
  outer loop
    vertex 422.9209258930558 -350.00000000000705 22.67949192431677
    vertex 422.9209258930558 -346.00000000000705 22.67949192431672
    vertex 418.09730679510636 -350.00000000000705 20.681483474224216
  endloop
endfacet
facet normal -0.9161085805910695 0.1294283079955148 0.37946459868719495
  outer loop
    vertex 430.24143396874445 -346.00000000000705 30.000000000005755
    vertex 432.23944241883726 -346.00000000000705 34.82361909795546
    vertex 430.8316159696766 -340.8236190979565 29.659258262896543
  endloop
endfacet
facet normal -0.9161085805910695 0.1294283079955148 0.37946459868719495
  outer loop
    vertex 432.89770490677387 -340.8236190979568 34.647238195904976
    vertex 430.8316159696766 -340.8236190979565 29.659258262896543
    vertex 432.23944241883726 -346.00000000000705 34.82361909795546
  endloop
endfacet
facet normal 0.35598821317361645 -0.36694654193053733 0.8594315722887286
  outer loop
    vertex 405.08194284220855 -380.1046591131407 12.947906805079862
    vertex 405.8022818252597 -387.0033342331058 9.70404509866759
    vertex 408.86316967746546 -380.1046591131407 11.381671367507314
  endloop
endfacet
facet normal 0.35598821317361645 -0.36694654193053733 0.8594315722887286
  outer loop
    vertex 409.23604457295215 -387.0033342331058 8.281733998601739
    vertex 408.86316967746546 -380.1046591131407 11.381671367507314
    vertex 405.8022818252597 -387.0033342331058 9.70404509866759
  endloop
endfacet
facet normal 0.9915887822527085 0.1294283079955484 -1.282848303939444e-15
  outer loop
    vertex 392.92092589305577 -346.00000000000676 54.80000000000579
    vertex 392.92092589305577 -346.00000000000676 40.00000000000557
    vertex 392.2452726044306 -340.8236190979565 54.80000000000579
  endloop
endfacet
facet normal 0.9915887822527085 0.1294283079955484 -1.282848303939444e-15
  outer loop
    vertex 392.2452726044306 -340.8236190979568 39.95571534380698
    vertex 392.2452726044306 -340.8236190979565 54.80000000000579
    vertex 392.92092589305577 -346.00000000000676 40.00000000000557
  endloop
endfacet
facet normal 0.3826834323650774 -1.7393683255892936e-14 0.9238795325112918
  outer loop
    vertex 402.92092589305577 -346.00000000000705 22.67949192431672
    vertex 402.92092589305577 -350.00000000000705 22.679491924316658
    vertex 407.7445449910053 -346.00000000000676 20.681483474224233
  endloop
endfacet
facet normal 0.3826834323650774 -1.7393683255892936e-14 0.9238795325112918
  outer loop
    vertex 407.7445449910053 -350.00000000000705 20.6814834742241
    vertex 407.7445449910053 -346.00000000000676 20.681483474224233
    vertex 402.92092589305577 -350.00000000000705 22.679491924316658
  endloop
endfacet
facet normal -0.6065840476599692 0.7905157216712719 -0.08450258525628833
  outer loop
    vertex 383.59737130049496 -441.8331936089943 7.000000000000224
    vertex 384.0115848628679 -441.5153563637986 7.000000000000224
    vertex 383.6829090013437 -441.98134925282716 5.000000000000205
  endloop
endfacet
facet normal -0.6065840476599692 0.7905157216712719 -0.08450258525628833
  outer loop
    vertex 384.1325534395027 -441.63632494043316 5.000000000000205
    vertex 383.6829090013437 -441.98134925282716 5.000000000000205
    vertex 384.0115848628679 -441.5153563637986 7.000000000000224
  endloop
endfacet
facet normal -0.12074119758901102 0.3798837279584064 0.9171204481621784
  outer loop
    vertex 412.92092589305577 -336.0000000000064 17.320508075694672
    vertex 412.92092589305577 -340.8236190979568 19.318516525787043
    vertex 418.7908103363167 -336.0000000000067 18.09329302319919
  endloop
endfacet
facet normal -0.12074119758901102 0.3798837279584064 0.9171204481621784
  outer loop
    vertex 418.2736876971563 -340.8236190979568 20.023220986287452
    vertex 418.7908103363167 -336.0000000000067 18.09329302319919
    vertex 412.92092589305577 -340.8236190979568 19.318516525787043
  endloop
endfacet
facet normal 0.3756527045457564 -0.19080570600872857 0.9069058540565107
  outer loop
    vertex 402.92092589305577 -350.00000000000705 22.679491924316658
    vertex 403.6412648761069 -364.0000000000073 19.435630217904414
    vertex 407.7445449910053 -350.00000000000705 20.6814834742241
  endloop
endfacet
facet normal 0.3756527045457564 -0.19080570600872857 0.9069058540565107
  outer loop
    vertex 408.1174198864925 -364.0000000000073 17.581546105318505
    vertex 407.7445449910053 -350.00000000000705 20.6814834742241
    vertex 403.6412648761069 -364.0000000000073 19.435630217904414
  endloop
endfacet
facet normal -0.6087614290087215 5.2208536267664944e-15 0.7933533402912346
  outer loop
    vertex 422.9209258930558 -346.00000000000705 22.67949192431672
    vertex 422.9209258930558 -350.00000000000705 22.67949192431677
    vertex 427.06306151678655 -346.00000000000705 25.85786437627455
  endloop
endfacet
facet normal -0.6087614290087215 5.2208536267664944e-15 0.7933533402912346
  outer loop
    vertex 427.06306151678655 -350.00000000000705 25.8578643762746
    vertex 427.06306151678655 -346.00000000000705 25.85786437627455
    vertex 422.9209258930558 -350.00000000000705 22.67949192431677
  endloop
endfacet
facet normal -0.7866802725955163 0.1294283079954931 0.6036410040731723
  outer loop
    vertex 427.06306151678655 -346.00000000000705 25.85786437627455
    vertex 430.24143396874445 -346.00000000000705 30.000000000005755
    vertex 427.5449431026735 -340.8236190979562 25.375982790388406
  endloop
endfacet
facet normal -0.7866802725955163 0.1294283079954931 0.6036410040731723
  outer loop
    vertex 430.8316159696766 -340.8236190979565 29.659258262896543
    vertex 427.5449431026735 -340.8236190979562 25.375982790388406
    vertex 430.24143396874445 -346.00000000000705 30.000000000005755
  endloop
endfacet
facet normal 0.7338790076440803 0.3798837279584499 0.5631251684765389
  outer loop
    vertex 398.29690868343806 -340.8236190979565 25.375982790388406
    vertex 396.88410335950977 -336.00000000000705 23.963177466459786
    vertex 395.0102358164344 -340.8236190979562 29.659258262896543
  endloop
endfacet
facet normal 0.7338790076440803 0.3798837279584499 0.5631251684765389
  outer loop
    vertex 393.279909741678 -336.0000000000067 28.660254037850017
    vertex 395.0102358164344 -340.8236190979562 29.659258262896543
    vertex 396.88410335950977 -336.00000000000705 23.963177466459786
  endloop
endfacet
facet normal 0.8546202052331007 0.3798837279584438 0.35399527968565936
  outer loop
    vertex 392.94414687933704 -340.8236190979568 34.647238195904976
    vertex 395.0102358164344 -340.8236190979562 29.659258262896543
    vertex 391.01421891624886 -336.0000000000067 34.1301155567452
  endloop
endfacet
facet normal 0.8546202052331007 0.3798837279584438 0.35399527968565936
  outer loop
    vertex 393.279909741678 -336.0000000000067 28.660254037850017
    vertex 391.01421891624886 -336.0000000000067 34.1301155567452
    vertex 395.0102358164344 -340.8236190979562 29.659258262896543
  endloop
endfacet
facet normal 0.12372092438332656 -0.3186786441106668 0.9397537202147818
  outer loop
    vertex 409.23604457295215 -387.0033342331058 8.281733998601739
    vertex 409.608919468439 -396.0000000000069 5.181796629696168
    vertex 412.92092589305577 -387.0033342331058 7.796610169496994
  endloop
endfacet
facet normal 0.12372092438332656 -0.3186786441106668 0.9397537202147818
  outer loop
    vertex 410.9898019661312 -396.0000000000069 5.000000000000183
    vertex 412.92092589305577 -387.0033342331058 7.796610169496994
    vertex 409.608919468439 -396.0000000000069 5.181796629696168
  endloop
endfacet
facet normal 0.12372092438332656 -0.3186786441106668 0.9397537202147818
  outer loop
    vertex 412.92092589305526 -395.2502778527807 5.000000000000183
    vertex 412.92092589305577 -387.0033342331058 7.796610169496994
    vertex 410.9898019661312 -396.0000000000069 5.000000000000183
  endloop
endfacet
facet normal -0.9231082987015176 -0.04085165929536546 0.3823639768613218
  outer loop
    vertex 426.4984428167951 -380.1046591131407 18.686440677971625
    vertex 428.0646782543679 -380.1046591131407 22.467667513228797
    vertex 427.7461065341116 -373.00000000000693 22.457627118649654
  endloop
endfacet
facet normal -0.9231082987015176 -0.04085165929536546 0.3823639768613218
  outer loop
    vertex 429.4562663091912 -373.00000000000693 26.58631804147103
    vertex 427.7461065341116 -373.00000000000693 22.457627118649654
    vertex 428.0646782543679 -380.1046591131407 22.467667513228797
  endloop
endfacet
facet normal 0.6036410040731885 0.12942830799551353 0.7866802725955008
  outer loop
    vertex 398.29690868343806 -340.8236190979565 25.375982790388406
    vertex 398.7787902693249 -346.00000000000705 25.85786437627455
    vertex 402.5801841559465 -340.8236190979562 22.08930992338452
  endloop
endfacet
facet normal 0.6036410040731885 0.12942830799551353 0.7866802725955008
  outer loop
    vertex 402.92092589305577 -346.00000000000705 22.67949192431672
    vertex 402.5801841559465 -340.8236190979562 22.08930992338452
    vertex 398.7787902693249 -346.00000000000705 25.85786437627455
  endloop
endfacet
facet normal 0.9914448613738107 -3.7245753959130195e-16 0.13052619222004982
  outer loop
    vertex 392.92092589305577 -350.00000000000705 40.00000000000557
    vertex 393.6024093672744 -350.00000000000705 34.82361909795544
    vertex 392.92092589305577 -346.00000000000676 40.00000000000557
  endloop
endfacet
facet normal 0.9914448613738107 -3.7245753959130195e-16 0.13052619222004982
  outer loop
    vertex 393.6024093672744 -346.00000000000705 34.82361909795546
    vertex 392.92092589305577 -346.00000000000676 40.00000000000557
    vertex 393.6024093672744 -350.00000000000705 34.82361909795544
  endloop
endfacet
facet normal -0.631405958642962 0.4844948324374837 0.6054678131259636
  outer loop
    vertex 416.0091504495752 -429.58822455652717 7.750000000005665
    vertex 419.7372688441452 -424.7296460717671 7.750000000005665
    vertex 414.71686743907395 -428.2959415460253 5.368272016360355
  endloop
endfacet
facet normal -0.631405958642962 0.4844948324374837 0.6054678131259636
  outer loop
    vertex 418.15455185464765 -423.8158639918293 5.368272016360355
    vertex 414.71686743907395 -428.2959415460253 5.368272016360355
    vertex 419.7372688441452 -424.7296460717671 7.750000000005665
  endloop
endfacet
facet normal -0.5016587875665066 0.8397381538287891 -0.20779387349370915
  outer loop
    vertex 379.283892841493 -326.6814834742259 30.98698415806076
    vertex 382.7627871025187 -326.6814834742254 22.58819045103095
    vertex 374.2838928414866 -330.00000000000637 29.64723819590408
  endloop
endfacet
facet normal -0.5016587875665066 0.8397381538287891 -0.20779387349370915
  outer loop
    vertex 378.2799097416745 -330.00000000000637 20.000000000002714
    vertex 374.2838928414866 -330.00000000000637 29.64723819590408
    vertex 382.7627871025187 -326.6814834742254 22.58819045103095
  endloop
endfacet
facet normal -0.48557340607932364 0.7908176098822864 0.37259357912958224
  outer loop
    vertex 435.3144933305174 -331.85786437627587 27.07106781187122
    vertex 438.90168800658904 -328.6794919243185 25.000000000005763
    vertex 431.2051971405175 -331.8578643762756 21.715728752543722
  endloop
endfacet
facet normal -0.48557340607932364 0.7908176098822864 0.37259357912958224
  outer loop
    vertex 434.1341293286518 -328.6794919243181 18.78679656440942
    vertex 431.2051971405175 -331.8578643762756 21.715728752543722
    vertex 438.90168800658904 -328.6794919243185 25.000000000005763
  endloop
endfacet
facet normal -0.6036410040731827 0.12942830799548258 0.7866802725955103
  outer loop
    vertex 422.9209258930558 -346.00000000000705 22.67949192431672
    vertex 427.06306151678655 -346.00000000000705 25.85786437627455
    vertex 423.26166763016516 -340.8236190979565 22.08930992338452
  endloop
endfacet
facet normal -0.6036410040731827 0.12942830799548258 0.7866802725955103
  outer loop
    vertex 427.5449431026735 -340.8236190979562 25.375982790388406
    vertex 423.26166763016516 -340.8236190979565 22.08930992338452
    vertex 427.06306151678655 -346.00000000000705 25.85786437627455
  endloop
endfacet
facet normal -0.36630506000444424 -0.28942316086737024 0.8843386438286415
  outer loop
    vertex 417.3515570041327 -373.00000000000693 14.48160873641299
    vertex 421.4802479269541 -373.00000000000693 16.191768511492235
    vertex 417.7244318996196 -364.0000000000073 17.5815461053186
  endloop
endfacet
facet normal -0.36630506000444424 -0.28942316086737024 0.8843386438286415
  outer loop
    vertex 422.20058691000526 -364.0000000000073 19.435630217904535
    vertex 417.7244318996196 -364.0000000000073 17.5815461053186
    vertex 421.4802479269541 -373.00000000000693 16.191768511492235
  endloop
endfacet
facet normal -6.632963273320398e-14 -6.79587650638773e-15 0.9999999999999999
  outer loop
    vertex 432.92092589305594 -346.00000000000705 54.80000000000579
    vertex 432.92092589305594 -350.00000000000705 54.80000000000579
    vertex 433.59657918168085 -340.8236190979568 54.80000000000579
  endloop
endfacet
facet normal -6.632963273320398e-14 -6.79587650638773e-15 0.9999999999999999
  outer loop
    vertex 438.77618639004714 -344.7875772183349 54.800000000005944
    vertex 438.8494458635259 -344.2311162713642 54.800000000005944
    vertex 438.72867542753204 -331.85786437627587 54.80000000000579
  endloop
endfacet
facet normal -6.632963273320398e-14 -6.79587650638773e-15 0.9999999999999999
  outer loop
    vertex 442.83537450679376 -328.6794919243185 54.80000000000579
    vertex 438.72867542753204 -331.85786437627587 54.80000000000579
    vertex 438.8494458635259 -344.2311162713642 54.800000000005944
  endloop
endfacet
facet normal -6.632963273320398e-14 -6.79587650638773e-15 0.9999999999999999
  outer loop
    vertex 439.0642317719102 -343.7125772183344 54.800000000005944
    vertex 442.83537450679376 -328.6794919243185 54.80000000000579
    vertex 438.8494458635259 -344.2311162713642 54.800000000005944
  endloop
endfacet
facet normal -6.632963273320398e-14 -6.79587650638773e-15 0.9999999999999999
  outer loop
    vertex 439.40590681049713 -343.2672976387827 54.800000000005994
    vertex 442.83537450679376 -328.6794919243185 54.80000000000579
    vertex 439.0642317719102 -343.7125772183344 54.800000000005944
  endloop
endfacet
facet normal -6.632963273320398e-14 -6.79587650638773e-15 0.9999999999999999
  outer loop
    vertex 439.85118639004827 -342.9256226001976 54.80000000000604
    vertex 442.83537450679376 -328.6794919243185 54.80000000000579
    vertex 439.40590681049713 -343.2672976387827 54.800000000005994
  endloop
endfacet
facet normal -6.632963273320398e-14 -6.79587650638773e-15 0.9999999999999999
  outer loop
    vertex 440.3697254430785 -342.710836691812 54.80000000000606
    vertex 442.83537450679376 -328.6794919243185 54.80000000000579
    vertex 439.85118639004827 -342.9256226001976 54.80000000000604
  endloop
endfacet
facet normal -6.632963273320398e-14 -6.79587650638773e-15 0.9999999999999999
  outer loop
    vertex 440.9261863900487 -342.63757721833423 54.80000000000608
    vertex 442.83537450679376 -328.6794919243185 54.80000000000579
    vertex 440.3697254430785 -342.710836691812 54.80000000000606
  endloop
endfacet
facet normal -6.632963273320398e-14 -6.79587650638773e-15 0.9999999999999999
  outer loop
    vertex 441.4826473370194 -342.71083669181263 54.80000000000613
    vertex 442.83537450679376 -328.6794919243185 54.80000000000579
    vertex 440.9261863900487 -342.63757721833423 54.80000000000608
  endloop
endfacet
facet normal -6.632963273320398e-14 -6.79587650638773e-15 0.9999999999999999
  outer loop
    vertex 442.0011863900475 -342.92562260019787 54.80000000000617
    vertex 442.83537450679376 -328.6794919243185 54.80000000000579
    vertex 441.4826473370194 -342.71083669181263 54.80000000000613
  endloop
endfacet
facet normal -6.632963273320398e-14 -6.79587650638773e-15 0.9999999999999999
  outer loop
    vertex 442.44646596959853 -343.2672976387836 54.800000000006186
    vertex 442.83537450679376 -328.6794919243185 54.80000000000579
    vertex 442.0011863900475 -342.92562260019787 54.80000000000617
  endloop
endfacet
facet normal -6.632963273320398e-14 -6.79587650638773e-15 0.9999999999999999
  outer loop
    vertex 442.78814100818414 -343.71257721833473 54.800000000006214
    vertex 442.83537450679376 -328.6794919243185 54.80000000000579
    vertex 442.44646596959853 -343.2672976387836 54.800000000006186
  endloop
endfacet
facet normal -6.632963273320398e-14 -6.79587650638773e-15 0.9999999999999999
  outer loop
    vertex 443.0029269165692 -344.2311162713645 54.800000000006214
    vertex 442.83537450679376 -328.6794919243185 54.80000000000579
    vertex 442.78814100818414 -343.71257721833473 54.800000000006214
  endloop
endfacet
facet normal -6.632963273320398e-14 -6.79587650638773e-15 0.9999999999999999
  outer loop
    vertex 447.6177268746807 -326.6814834742256 54.80000000000579
    vertex 442.83537450679376 -328.6794919243185 54.80000000000579
    vertex 443.0029269165692 -344.2311162713645 54.800000000006214
  endloop
endfacet
facet normal -6.632963273320398e-14 -6.79587650638773e-15 0.9999999999999999
  outer loop
    vertex 443.07618639004727 -344.78757721833455 54.800000000006214
    vertex 447.6177268746807 -326.6814834742256 54.80000000000579
    vertex 443.0029269165692 -344.2311162713645 54.800000000006214
  endloop
endfacet
facet normal -6.632963273320398e-14 -6.79587650638773e-15 0.9999999999999999
  outer loop
    vertex 428.5988919947509 -380.1046591131407 54.80000000000579
    vertex 429.09202866557695 -396.9077437799108 54.800000000006484
    vertex 430.0395699608525 -373.00000000000693 54.80000000000579
  endloop
endfacet
facet normal -6.632963273320398e-14 -6.79587650638773e-15 0.9999999999999999
  outer loop
    vertex 452.749823120537 -330.00000000000637 54.80000000000579
    vertex 430.0395699608525 -373.00000000000693 54.80000000000579
    vertex 429.09202866557695 -396.9077437799108 54.800000000006484
  endloop
endfacet
facet normal -6.632963273320398e-14 -6.79587650638773e-15 0.9999999999999999
  outer loop
    vertex 431.48024792695423 -364.0000000000073 54.80000000000579
    vertex 430.0395699608525 -373.00000000000693 54.80000000000579
    vertex 452.749823120537 -330.00000000000637 54.80000000000579
  endloop
endfacet
facet normal -6.632963273320398e-14 -6.79587650638773e-15 0.9999999999999999
  outer loop
    vertex 442.78814100818414 -345.8625772183345 54.800000000006214
    vertex 431.48024792695423 -364.0000000000073 54.80000000000579
    vertex 452.749823120537 -330.00000000000637 54.80000000000579
  endloop
endfacet
facet normal -6.632963273320398e-14 -6.79587650638773e-15 0.9999999999999999
  outer loop
    vertex 442.44646596959916 -346.3078567978847 54.80000000000617
    vertex 431.48024792695423 -364.0000000000073 54.80000000000579
    vertex 442.78814100818414 -345.8625772183345 54.800000000006214
  endloop
endfacet
facet normal -6.632963273320398e-14 -6.79587650638773e-15 0.9999999999999999
  outer loop
    vertex 442.0011863900492 -346.64953183646986 54.80000000000613
    vertex 431.48024792695423 -364.0000000000073 54.80000000000579
    vertex 442.44646596959916 -346.3078567978847 54.80000000000617
  endloop
endfacet
facet normal -6.632963273320398e-14 -6.79587650638773e-15 0.9999999999999999
  outer loop
    vertex 441.4826473370194 -346.86431774485567 54.800000000006094
    vertex 431.48024792695423 -364.0000000000073 54.80000000000579
    vertex 442.0011863900492 -346.64953183646986 54.80000000000613
  endloop
endfacet
facet normal -6.632963273320398e-14 -6.79587650638773e-15 0.9999999999999999
  outer loop
    vertex 432.92092589305594 -350.00000000000705 54.80000000000579
    vertex 431.48024792695423 -364.0000000000073 54.80000000000579
    vertex 441.4826473370194 -346.86431774485567 54.800000000006094
  endloop
endfacet
facet normal -6.632963273320398e-14 -6.79587650638773e-15 0.9999999999999999
  outer loop
    vertex 440.9261863900487 -346.93757721833407 54.80000000000606
    vertex 432.92092589305594 -350.00000000000705 54.80000000000579
    vertex 441.4826473370194 -346.86431774485567 54.800000000006094
  endloop
endfacet
facet normal -6.632963273320398e-14 -6.79587650638773e-15 0.9999999999999999
  outer loop
    vertex 440.3697254430785 -346.8643177448566 54.80000000000604
    vertex 432.92092589305594 -350.00000000000705 54.80000000000579
    vertex 440.9261863900487 -346.93757721833407 54.80000000000606
  endloop
endfacet
facet normal -6.632963273320398e-14 -6.79587650638773e-15 0.9999999999999999
  outer loop
    vertex 439.8511863900494 -346.6495318364716 54.800000000005994
    vertex 432.92092589305594 -350.00000000000705 54.80000000000579
    vertex 440.3697254430785 -346.8643177448566 54.80000000000604
  endloop
endfacet
facet normal -6.632963273320398e-14 -6.79587650638773e-15 0.9999999999999999
  outer loop
    vertex 439.40590681049656 -346.3078567978862 54.800000000005966
    vertex 432.92092589305594 -350.00000000000705 54.80000000000579
    vertex 439.8511863900494 -346.6495318364716 54.800000000005994
  endloop
endfacet
facet normal -6.632963273320398e-14 -6.79587650638773e-15 0.9999999999999999
  outer loop
    vertex 433.59657918168085 -340.8236190979568 54.80000000000579
    vertex 432.92092589305594 -350.00000000000705 54.80000000000579
    vertex 439.40590681049656 -346.3078567978862 54.800000000005966
  endloop
endfacet
facet normal -6.632963273320398e-14 -6.79587650638773e-15 0.9999999999999999
  outer loop
    vertex 439.0642317719109 -345.86257721833505 54.800000000005944
    vertex 433.59657918168085 -340.8236190979568 54.80000000000579
    vertex 439.40590681049656 -346.3078567978862 54.800000000005966
  endloop
endfacet
facet normal -6.632963273320398e-14 -6.79587650638773e-15 0.9999999999999999
  outer loop
    vertex 438.84944586352515 -345.34403816530494 54.800000000005944
    vertex 433.59657918168085 -340.8236190979568 54.80000000000579
    vertex 439.0642317719109 -345.86257721833505 54.800000000005944
  endloop
endfacet
facet normal -6.632963273320398e-14 -6.79587650638773e-15 0.9999999999999999
  outer loop
    vertex 435.5774943925066 -336.00000000000733 54.80000000000579
    vertex 433.59657918168085 -340.8236190979568 54.80000000000579
    vertex 438.84944586352515 -345.34403816530494 54.800000000005944
  endloop
endfacet
facet normal -6.632963273320398e-14 -6.79587650638773e-15 0.9999999999999999
  outer loop
    vertex 438.77618639004714 -344.7875772183349 54.800000000005944
    vertex 435.5774943925066 -336.00000000000733 54.80000000000579
    vertex 438.84944586352515 -345.34403816530494 54.800000000005944
  endloop
endfacet
facet normal -6.632963273320398e-14 -6.79587650638773e-15 0.9999999999999999
  outer loop
    vertex 438.72867542753204 -331.85786437627587 54.80000000000579
    vertex 435.5774943925066 -336.00000000000733 54.80000000000579
    vertex 438.77618639004714 -344.7875772183349 54.800000000005944
  endloop
endfacet
facet normal -6.632963273320398e-14 -6.79587650638773e-15 0.9999999999999999
  outer loop
    vertex 443.0029269165692 -345.34403816530494 54.800000000006214
    vertex 442.78814100818414 -345.8625772183345 54.800000000006214
    vertex 452.749823120537 -330.00000000000637 54.80000000000579
  endloop
endfacet
facet normal -6.632963273320398e-14 -6.79587650638773e-15 0.9999999999999999
  outer loop
    vertex 443.07618639004727 -344.78757721833455 54.800000000006214
    vertex 443.0029269165692 -345.34403816530494 54.800000000006214
    vertex 452.749823120537 -330.00000000000637 54.80000000000579
  endloop
endfacet
facet normal -6.632963273320398e-14 -6.79587650638773e-15 0.9999999999999999
  outer loop
    vertex 447.6177268746807 -326.6814834742256 54.80000000000579
    vertex 443.07618639004727 -344.78757721833455 54.800000000006214
    vertex 452.749823120537 -330.00000000000637 54.80000000000579
  endloop
endfacet
facet normal -6.632963273320398e-14 -6.79587650638773e-15 0.9999999999999999
  outer loop
    vertex 371.9691393452275 -438.0000000000066 54.80000000000107
    vertex 371.9691393452275 -445.8482134521793 54.80000000000035
    vertex 399.4209258930554 -438.0000000000066 54.8000000000027
  endloop
endfacet
facet normal -6.632963273320398e-14 -6.79587650638773e-15 0.9999999999999999
  outer loop
    vertex 399.4209258930554 -442.6711027725275 54.800000000002335
    vertex 399.4209258930554 -438.0000000000066 54.8000000000027
    vertex 371.9691393452275 -445.8482134521793 54.80000000000035
  endloop
endfacet
facet normal -6.632963273320398e-14 -6.79587650638773e-15 0.9999999999999999
  outer loop
    vertex 405.89140202061867 -437.1481456572333 54.80000000000306
    vertex 399.4209258930554 -438.0000000000066 54.8000000000027
    vertex 399.4209258930554 -442.6711027725275 54.800000000002335
  endloop
endfacet
facet normal -6.632963273320398e-14 -6.79587650638773e-15 0.9999999999999999
  outer loop
    vertex 407.1003723797788 -441.6600844624617 54.80000000000297
    vertex 405.89140202061867 -437.1481456572333 54.80000000000306
    vertex 399.4209258930554 -442.6711027725275 54.800000000002335
  endloop
endfacet
facet normal -6.632963273320398e-14 -6.79587650638773e-15 0.9999999999999999
  outer loop
    vertex 411.9209258930555 -434.650635094618 54.80000000000333
    vertex 405.89140202061867 -437.1481456572333 54.80000000000306
    vertex 407.1003723797788 -441.6600844624617 54.80000000000297
  endloop
endfacet
facet normal -6.632963273320398e-14 -6.79587650638773e-15 0.9999999999999999
  outer loop
    vertex 414.2564772793161 -438.6959287593087 54.8000000000036
    vertex 411.9209258930555 -434.650635094618 54.80000000000333
    vertex 407.1003723797788 -441.6600844624617 54.80000000000297
  endloop
endfacet
facet normal -6.632963273320398e-14 -6.79587650638773e-15 0.9999999999999999
  outer loop
    vertex 417.0985954227188 -430.6776695296711 54.80000000000351
    vertex 411.9209258930555 -434.650635094618 54.80000000000333
    vertex 414.2564772793161 -438.6959287593087 54.8000000000036
  endloop
endfacet
facet normal -6.632963273320398e-14 -6.79587650638773e-15 0.9999999999999999
  outer loop
    vertex 420.40156386878874 -433.9806379757393 54.80000000000419
    vertex 417.0985954227188 -430.6776695296711 54.80000000000351
    vertex 414.2564772793161 -438.6959287593087 54.8000000000036
  endloop
endfacet
facet normal -6.632963273320398e-14 -6.79587650638773e-15 0.9999999999999999
  outer loop
    vertex 421.07156098766694 -425.5000000000068 54.8000000000036
    vertex 417.0985954227188 -430.6776695296711 54.80000000000351
    vertex 420.40156386878874 -433.9806379757393 54.80000000000419
  endloop
endfacet
facet normal -6.632963273320398e-14 -6.79587650638773e-15 0.9999999999999999
  outer loop
    vertex 425.11685465235814 -427.835551386267 54.80000000000464
    vertex 421.07156098766694 -425.5000000000068 54.8000000000036
    vertex 420.40156386878874 -433.9806379757393 54.80000000000419
  endloop
endfacet
facet normal -6.632963273320398e-14 -6.79587650638773e-15 0.9999999999999999
  outer loop
    vertex 423.56907155028216 -419.47047612756984 54.8000000000036
    vertex 421.07156098766694 -425.5000000000068 54.8000000000036
    vertex 425.11685465235814 -427.835551386267 54.80000000000464
  endloop
endfacet
facet normal -6.632963273320398e-14 -6.79587650638773e-15 0.9999999999999999
  outer loop
    vertex 424.4209258930555 -413.00000000000676 54.800000000003465
    vertex 423.56907155028216 -419.47047612756984 54.8000000000036
    vertex 425.11685465235814 -427.835551386267 54.80000000000464
  endloop
endfacet
facet normal -6.632963273320398e-14 -6.79587650638773e-15 0.9999999999999999
  outer loop
    vertex 425.71753606254754 -396.0000000000069 54.80000000000579
    vertex 424.4209258930555 -413.00000000000676 54.800000000003465
    vertex 425.11685465235814 -427.835551386267 54.80000000000464
  endloop
endfacet
facet normal -6.632963273320398e-14 -6.79587650638773e-15 0.9999999999999999
  outer loop
    vertex 428.0810103555109 -420.6794464867292 54.800000000005
    vertex 425.71753606254754 -396.0000000000069 54.80000000000579
    vertex 425.11685465235814 -427.835551386267 54.80000000000464
  endloop
endfacet
facet normal -6.632963273320398e-14 -6.79587650638773e-15 0.9999999999999999
  outer loop
    vertex 427.15821402864907 -387.0033342331058 54.80000000000579
    vertex 425.71753606254754 -396.0000000000069 54.80000000000579
    vertex 428.0810103555109 -420.6794464867292 54.800000000005
  endloop
endfacet
facet normal -6.632963273320398e-14 -6.79587650638773e-15 0.9999999999999999
  outer loop
    vertex 428.5988919947509 -380.1046591131407 54.80000000000579
    vertex 427.15821402864907 -387.0033342331058 54.80000000000579
    vertex 428.0810103555109 -420.6794464867292 54.800000000005
  endloop
endfacet
facet normal -6.632963273320398e-14 -6.79587650638773e-15 0.9999999999999999
  outer loop
    vertex 429.09202866557695 -413.0000000000065 54.80000000000518
    vertex 428.5988919947509 -380.1046591131407 54.80000000000579
    vertex 428.0810103555109 -420.6794464867292 54.800000000005
  endloop
endfacet
facet normal -6.632963273320398e-14 -6.79587650638773e-15 0.9999999999999999
  outer loop
    vertex 429.09202866557695 -396.9077437799108 54.800000000006484
    vertex 428.5988919947509 -380.1046591131407 54.80000000000579
    vertex 429.09202866557695 -413.0000000000065 54.80000000000518
  endloop
endfacet
facet normal -0.12009521762804799 -0.39171829851215506 0.9122137432168044
  outer loop
    vertex 412.92092589305577 -373.00000000000693 13.898305084751273
    vertex 412.92092589305577 -380.1046591131407 10.847457627124113
    vertex 417.3515570041327 -373.00000000000693 14.48160873641299
  endloop
endfacet
facet normal -0.12009521762804799 -0.39171829851215506 0.9122137432168044
  outer loop
    vertex 416.97868210864607 -380.1046591131407 11.381671367507405
    vertex 417.3515570041327 -373.00000000000693 14.48160873641299
    vertex 412.92092589305577 -380.1046591131407 10.847457627124113
  endloop
endfacet
facet normal 0.9161085805910602 0.12942830799557184 0.37946459868719834
  outer loop
    vertex 393.6024093672744 -346.00000000000705 34.82361909795546
    vertex 395.6004178173672 -346.00000000000676 30.000000000005755
    vertex 392.94414687933704 -340.8236190979568 34.647238195904976
  endloop
endfacet
facet normal 0.9161085805910602 0.12942830799557184 0.37946459868719834
  outer loop
    vertex 395.0102358164344 -340.8236190979562 29.659258262896543
    vertex 392.94414687933704 -340.8236190979568 34.647238195904976
    vertex 395.6004178173672 -346.00000000000676 30.000000000005755
  endloop
endfacet
facet normal 0.07087462058693728 0.8397381538287252 -0.538346190811249
  outer loop
    vertex 421.93394173500076 -326.6814834742254 6.3629669484431375
    vertex 422.2991476281467 -327.58608914272475 5.000000000000183
    vertex 412.92092589305577 -326.6814834742254 5.176380902056394
  endloop
endfacet
facet normal 0.07087462058693728 0.8397381538287252 -0.538346190811249
  outer loop
    vertex 412.9209258930564 -326.7945591827915 5.000000000000183
    vertex 412.92092589305577 -326.6814834742254 5.176380902056394
    vertex 422.2991476281467 -327.58608914272475 5.000000000000183
  endloop
endfacet
facet normal 0.07988880177347696 0.7908176098822578 0.606815694631666
  outer loop
    vertex 406.22841812679934 -331.85786437627587 15.023220986287598
    vertex 412.92092589305577 -331.85786437627615 14.142135623736767
    vertex 405.15635453998027 -328.6794919243185 11.02222521133384
  endloop
endfacet
facet normal 0.07988880177347696 0.7908176098822578 0.606815694631666
  outer loop
    vertex 412.92092589305577 -328.6794919243181 10.000000000005853
    vertex 405.15635453998027 -328.6794919243185 11.02222521133384
    vertex 412.92092589305577 -331.85786437627615 14.142135623736767
  endloop
endfacet
facet normal 0.9896562165202272 0.060040846912723926 0.1302907126577799
  outer loop
    vertex 394.3616038591574 -364.0000000000073 35.50847457627664
    vertex 394.9939974220976 -364.0000000000073 30.704968569713202
    vertex 392.92092589305577 -350.00000000000705 40.00000000000557
  endloop
endfacet
facet normal 0.9896562165202272 0.060040846912723926 0.1302907126577799
  outer loop
    vertex 393.6024093672744 -350.00000000000705 34.82361909795544
    vertex 392.92092589305577 -350.00000000000705 40.00000000000557
    vertex 394.9939974220976 -364.0000000000073 30.704968569713202
  endloop
endfacet
facet normal 0.563125168476525 0.3798837279584505 0.7338790076440905
  outer loop
    vertex 396.88410335950977 -336.00000000000705 23.963177466459786
    vertex 398.29690868343806 -340.8236190979565 25.375982790388406
    vertex 401.58117993090025 -336.0000000000067 20.358983848628377
  endloop
endfacet
facet normal 0.563125168476525 0.3798837279584505 0.7338790076440905
  outer loop
    vertex 402.5801841559465 -340.8236190979562 22.08930992338452
    vertex 401.58117993090025 -336.0000000000067 20.358983848628377
    vertex 398.29690868343806 -340.8236190979565 25.375982790388406
  endloop
endfacet
facet normal 0.9236807306909187 -0.020744078105300406 0.38260108595487785
  outer loop
    vertex 394.9939974220976 -364.0000000000073 30.704968569713202
    vertex 396.84808153468384 -364.0000000000073 26.228813559327644
    vertex 393.6024093672744 -350.00000000000705 34.82361909795544
  endloop
endfacet
facet normal 0.9236807306909187 -0.020744078105300406 0.38260108595487785
  outer loop
    vertex 395.6004178173672 -350.00000000000705 30.00000000000577
    vertex 393.6024093672744 -350.00000000000705 34.82361909795544
    vertex 396.84808153468384 -364.0000000000073 26.228813559327644
  endloop
endfacet
facet normal -0.7851311284638863 -0.14359781528632082 0.6024523039727046
  outer loop
    vertex 425.0256351981136 -373.00000000000693 18.912239847490024
    vertex 427.7461065341116 -373.00000000000693 22.457627118649654
    vertex 426.0443483574507 -364.0000000000073 22.38505211188238
  endloop
endfacet
facet normal -0.7851311284638863 -0.14359781528632082 0.6024523039727046
  outer loop
    vertex 428.99377025142775 -364.0000000000073 26.22881355932769
    vertex 426.0443483574507 -364.0000000000073 22.38505211188238
    vertex 427.7461065341116 -373.00000000000693 22.457627118649654
  endloop
endfacet
facet normal 0.1475231833737151 0.9227092328755003 0.35615247006526735
  outer loop
    vertex 397.92092589305577 -328.6794919243185 14.019237886472611
    vertex 405.15635453998027 -328.6794919243185 11.02222521133384
    vertex 395.50911634408067 -326.6814834742254 9.841861209468496
  endloop
endfacet
facet normal 0.1475231833737151 0.9227092328755003 0.35615247006526735
  outer loop
    vertex 403.90791005111066 -326.6814834742256 6.3629669484431375
    vertex 395.50911634408067 -326.6814834742254 9.841861209468496
    vertex 405.15635453998027 -328.6794919243185 11.02222521133384
  endloop
endfacet
facet normal -0.9878987208883088 -0.13005933396823546 -0.08450258525620785
  outer loop
    vertex 391.17938335143975 -335.35213735622534 5.000000000000227
    vertex 391.00830794974223 -335.35213735622534 7.000000000000224
    vertex 391.1054057510628 -334.79022169391243 5.000000000000227
  endloop
endfacet
facet normal -0.9878987208883088 -0.13005933396823546 -0.08450258525620785
  outer loop
    vertex 390.9401596023204 -334.83449926602026 7.000000000000224
    vertex 391.1054057510628 -334.79022169391243 5.000000000000227
    vertex 391.00830794974223 -335.35213735622534 7.000000000000224
  endloop
endfacet
facet normal 0.12758243951530185 -0.2111807156644027 0.9690848396599727
  outer loop
    vertex 407.7445449910053 -350.00000000000705 20.6814834742241
    vertex 408.1174198864925 -364.0000000000073 17.581546105318505
    vertex 412.92092589305577 -350.00000000000705 20.000000000005556
  endloop
endfacet
facet normal 0.12758243951530185 -0.2111807156644027 0.9690848396599727
  outer loop
    vertex 412.92092589305577 -364.0000000000073 16.94915254237841
    vertex 412.92092589305577 -350.00000000000705 20.000000000005556
    vertex 408.1174198864925 -364.0000000000073 17.581546105318505
  endloop
endfacet
facet normal 0.5923230089440933 -0.23081800298863778 0.7719303741735734
  outer loop
    vertex 399.7975034286615 -364.0000000000073 22.385052111882313
    vertex 400.81621658799804 -373.00000000000693 18.912239847489985
    vertex 403.6412648761069 -364.0000000000073 19.435630217904414
  endloop
endfacet
facet normal 0.5923230089440933 -0.23081800298863778 0.7719303741735734
  outer loop
    vertex 404.36160385915747 -373.00000000000693 16.19176851149217
    vertex 403.6412648761069 -364.0000000000073 19.435630217904414
    vertex 400.81621658799804 -373.00000000000693 18.912239847489985
  endloop
endfacet
facet normal -0.793353340289717 -0.6087614290106991 1.1812594604160215e-19
  outer loop
    vertex 384.68024095243544 -334.9771373562258 5.000000000000205
    vertex 384.68024095243544 -334.9771373562258 15.000000000000215
    vertex 384.5610519854864 -334.82180727033585 5.000000000000183
  endloop
endfacet
facet normal -0.793353340289717 -0.6087614290106991 1.1812594604160215e-19
  outer loop
    vertex 384.5610519854864 -334.82180727033585 15.000000000000215
    vertex 384.5610519854864 -334.82180727033585 5.000000000000183
    vertex 384.68024095243544 -334.9771373562258 15.000000000000215
  endloop
endfacet
facet normal 0.9205750556397135 0.38131467322793633 -0.08450258525637203
  outer loop
    vertex 380.7171648490931 -441.1866805022744 5.000000000000205
    vertex 380.50027349917394 -440.66305846373854 5.000000000000183
    vertex 380.86532049292566 -441.1011428014254 7.000000000000224
  endloop
endfacet
facet normal 0.9205750556397135 0.38131467322793633 -0.08450258525637203
  outer loop
    vertex 380.66551964791694 -440.6187808916303 7.000000000000224
    vertex 380.86532049292566 -441.1011428014254 7.000000000000224
    vertex 380.50027349917394 -440.66305846373854 5.000000000000183
  endloop
endfacet
facet normal -0.1305261922197727 0.9914448613738472 -8.013568843105455e-20
  outer loop
    vertex 384.0307218995971 -336.1021373562257 15.000000000000215
    vertex 384.2248361834243 -336.07658172594256 15.000000000000215
    vertex 384.0307218995971 -336.1021373562257 5.000000000000183
  endloop
endfacet
facet normal -0.1305261922197727 0.9914448613738472 -8.013568843105455e-20
  outer loop
    vertex 384.2248361834243 -336.07658172594256 5.000000000000205
    vertex 384.0307218995971 -336.1021373562257 5.000000000000183
    vertex 384.2248361834243 -336.07658172594256 15.000000000000215
  endloop
endfacet
facet normal -0.9914448613738133 -9.386556688673478e-15 0.1305261922200293
  outer loop
    vertex 432.23944241883726 -350.00000000000705 34.82361909795544
    vertex 432.92092589305594 -350.00000000000705 40.00000000000557
    vertex 432.23944241883726 -346.00000000000705 34.82361909795546
  endloop
endfacet
facet normal -0.9914448613738133 -9.386556688673478e-15 0.1305261922200293
  outer loop
    vertex 432.92092589305594 -346.00000000000705 40.00000000000557
    vertex 432.23944241883726 -346.00000000000705 34.82361909795546
    vertex 432.92092589305594 -350.00000000000705 40.00000000000557
  endloop
endfacet
facet normal 0.7933533402911641 -0.6087614290088132 1.1812594610678065e-19
  outer loop
    vertex 383.38120284675864 -334.9771373562258 15.000000000000215
    vertex 383.38120284675864 -334.9771373562258 5.000000000000205
    vertex 383.5003918137071 -334.82180727033585 15.000000000000215
  endloop
endfacet
facet normal 0.7933533402911641 -0.6087614290088132 1.1812594610678065e-19
  outer loop
    vertex 383.5003918137071 -334.82180727033585 5.000000000000183
    vertex 383.5003918137071 -334.82180727033585 15.000000000000215
    vertex 383.38120284675864 -334.9771373562258 5.000000000000205
  endloop
endfacet
facet normal 0.37946459868718474 0.12942830799551813 0.9161085805910734
  outer loop
    vertex 402.5801841559465 -340.8236190979562 22.08930992338452
    vertex 402.92092589305577 -346.00000000000705 22.67949192431672
    vertex 407.5681640889547 -340.8236190979565 20.023220986287452
  endloop
endfacet
facet normal 0.37946459868718474 0.12942830799551813 0.9161085805910734
  outer loop
    vertex 407.7445449910053 -346.00000000000676 20.681483474224233
    vertex 407.5681640889547 -340.8236190979565 20.023220986287452
    vertex 402.92092589305577 -346.00000000000705 22.67949192431672
  endloop
endfacet
facet normal -0.3826834323653585 -0.9238795325111755 -1.250536767946945e-14
  outer loop
    vertex 384.40572189959715 -334.7026183033875 15.000000000000215
    vertex 384.2248361834243 -334.6276929865089 15.000000000000215
    vertex 384.40572189959715 -334.7026183033872 5.000000000000183
  endloop
endfacet
facet normal -0.3826834323653585 -0.9238795325111755 -1.250536767946945e-14
  outer loop
    vertex 384.2248361834243 -334.6276929865089 5.000000000000183
    vertex 384.40572189959715 -334.7026183033872 5.000000000000183
    vertex 384.2248361834243 -334.6276929865089 15.000000000000215
  endloop
endfacet
facet normal -0.7933533402898452 0.6087614290105319 -1.1812594604737442e-19
  outer loop
    vertex 384.5610519854864 -335.88246744211557 5.000000000000205
    vertex 384.5610519854864 -335.88246744211557 15.000000000000215
    vertex 384.68024095243544 -335.7271373562256 5.000000000000183
  endloop
endfacet
facet normal -0.7933533402898452 0.6087614290105319 -1.1812594604737442e-19
  outer loop
    vertex 384.68024095243544 -335.7271373562256 15.000000000000215
    vertex 384.68024095243544 -335.7271373562256 5.000000000000183
    vertex 384.5610519854864 -335.88246744211557 15.000000000000215
  endloop
endfacet
facet normal 0.7802813521635965 -0.18078239204517924 0.5987309397318406
  outer loop
    vertex 399.34340896931707 -380.1046591131407 18.68644067797162
    vertex 401.8349297473345 -380.1046591131407 15.439427583097814
    vertex 398.0957452520005 -373.00000000000693 22.457627118649626
  endloop
endfacet
facet normal 0.7802813521635965 -0.18078239204517924 0.5987309397318406
  outer loop
    vertex 400.81621658799804 -373.00000000000693 18.912239847489985
    vertex 398.0957452520005 -373.00000000000693 22.457627118649626
    vertex 401.8349297473345 -380.1046591131407 15.439427583097814
  endloop
endfacet
facet normal 0.38131467322808804 -0.9205750556396701 -0.08450258525615907
  outer loop
    vertex 388.49066985953715 -333.4202857036473 7.000000000000224
    vertex 388.00830794974183 -333.6200865486564 7.000000000000224
    vertex 388.4463922874296 -333.25503955490467 5.000000000000205
  endloop
endfacet
facet normal 0.38131467322808804 -0.9205750556396701 -0.08450258525615907
  outer loop
    vertex 387.92277024889364 -333.4719309048238 5.000000000000183
    vertex 388.4463922874296 -333.25503955490467 5.000000000000205
    vertex 388.00830794974183 -333.6200865486564 7.000000000000224
  endloop
endfacet
facet normal 0.13052619221962966 -0.9914448613738659 9.785273961703216e-20
  outer loop
    vertex 384.0307218995971 -334.60213735622574 15.000000000000215
    vertex 383.8366076157698 -334.6276929865089 15.000000000000215
    vertex 384.0307218995971 -334.60213735622574 5.000000000000183
  endloop
endfacet
facet normal 0.13052619221962966 -0.9914448613738659 9.785273961703216e-20
  outer loop
    vertex 383.8366076157698 -334.6276929865089 5.000000000000205
    vertex 384.0307218995971 -334.60213735622574 5.000000000000183
    vertex 383.8366076157698 -334.6276929865089 15.000000000000215
  endloop
endfacet
facet normal -0.30456618406689806 0.6054678131259251 0.7352878122146715
  outer loop
    vertex 418.7908103363167 -336.0000000000067 18.09329302319919
    vertex 424.26067185521185 -336.0000000000076 20.35898384862843
    vertex 419.6134336593123 -331.85786437627587 15.023220986287598
  endloop
endfacet
facet normal -0.30456618406689806 0.6054678131259251 0.7352878122146715
  outer loop
    vertex 425.8498580811902 -331.85786437627587 17.60643256254392
    vertex 419.6134336593123 -331.85786437627587 15.023220986287598
    vertex 424.26067185521185 -336.0000000000076 20.35898384862843
  endloop
endfacet
facet normal -0.6087614290100088 0.7933533402902466 0.0
  outer loop
    vertex 384.40572189959715 -336.0016564090639 15.000000000000215
    vertex 384.5610519854864 -335.88246744211557 15.000000000000215
    vertex 384.40572189959715 -336.0016564090639 5.000000000000205
  endloop
endfacet
facet normal -0.6087614290100088 0.7933533402902466 0.0
  outer loop
    vertex 384.5610519854864 -335.88246744211557 5.000000000000205
    vertex 384.40572189959715 -336.0016564090639 5.000000000000205
    vertex 384.5610519854864 -335.88246744211557 15.000000000000215
  endloop
endfacet
facet normal -0.9914448613739939 -0.13052619221865813 -5.815350336812427e-14
  outer loop
    vertex 384.78072189959715 -335.35213735622557 5.000000000000205
    vertex 384.7807218995966 -335.35213735622557 15.000000000000215
    vertex 384.7551662693143 -335.1580230723989 5.000000000000205
  endloop
endfacet
facet normal -0.9914448613739939 -0.13052619221865813 -5.815350336812427e-14
  outer loop
    vertex 384.7551662693137 -335.1580230723989 15.000000000000215
    vertex 384.7551662693143 -335.1580230723989 5.000000000000205
    vertex 384.7807218995966 -335.35213735622557 15.000000000000215
  endloop
endfacet
facet normal 0.9878987208883003 -0.1300593339683134 -0.0845025852561857
  outer loop
    vertex 387.00830794974206 -335.35213735622534 7.000000000000224
    vertex 386.8372325480446 -335.35213735622534 5.000000000000227
    vertex 387.07645629716393 -334.83449926602026 7.000000000000224
  endloop
endfacet
facet normal 0.9878987208883003 -0.1300593339683134 -0.0845025852561857
  outer loop
    vertex 386.91121014842156 -334.79022169391243 5.000000000000227
    vertex 387.07645629716393 -334.83449926602026 7.000000000000224
    vertex 386.8372325480446 -335.35213735622534 5.000000000000227
  endloop
endfacet
facet normal -0.38268343236624375 0.9238795325108089 0.0
  outer loop
    vertex 384.2248361834243 -336.07658172594256 15.000000000000215
    vertex 384.40572189959715 -336.0016564090639 15.000000000000215
    vertex 384.2248361834243 -336.07658172594256 5.000000000000205
  endloop
endfacet
facet normal -0.38268343236624375 0.9238795325108089 0.0
  outer loop
    vertex 384.40572189959715 -336.0016564090639 5.000000000000205
    vertex 384.2248361834243 -336.07658172594256 5.000000000000205
    vertex 384.40572189959715 -336.0016564090639 15.000000000000215
  endloop
endfacet
facet normal -0.9914448613738235 0.13052619221995163 -2.90767950277879e-14
  outer loop
    vertex 384.7551662693137 -335.54625164005256 5.000000000000205
    vertex 384.7551662693137 -335.54625164005256 15.000000000000215
    vertex 384.78072189959715 -335.35213735622557 5.000000000000205
  endloop
endfacet
facet normal -0.9914448613738235 0.13052619221995163 -2.90767950277879e-14
  outer loop
    vertex 384.7807218995966 -335.35213735622557 15.000000000000215
    vertex 384.78072189959715 -335.35213735622557 5.000000000000205
    vertex 384.7551662693137 -335.54625164005256 15.000000000000215
  endloop
endfacet
facet normal -0.9205750556397034 -0.3813146732279729 -0.08450258525631775
  outer loop
    vertex 384.52922295307286 -439.58350471122037 7.000000000000224
    vertex 384.32942210806345 -439.1011428014253 7.000000000000224
    vertex 384.69446910181523 -439.53922713911254 5.000000000000227
  endloop
endfacet
facet normal -0.9205750556397034 -0.3813146732279729 -0.08450258525631775
  outer loop
    vertex 384.47757775189666 -439.0156051005766 5.000000000000227
    vertex 384.69446910181523 -439.53922713911254 5.000000000000227
    vertex 384.32942210806345 -439.1011428014253 7.000000000000224
  endloop
endfacet
facet normal 0.3826834323661623 0.9238795325108426 0.0
  outer loop
    vertex 383.6557218995969 -336.0016564090639 15.000000000000215
    vertex 383.8366076157698 -336.07658172594256 15.000000000000215
    vertex 383.6557218995969 -336.0016564090639 5.000000000000183
  endloop
endfacet
facet normal 0.3826834323661623 0.9238795325108426 0.0
  outer loop
    vertex 383.8366076157698 -336.07658172594256 5.000000000000183
    vertex 383.6557218995969 -336.0016564090639 5.000000000000183
    vertex 383.8366076157698 -336.07658172594256 15.000000000000215
  endloop
endfacet
facet normal -0.07087462058698593 0.8397381538285653 -0.5383461908114922
  outer loop
    vertex 403.90791005111066 -326.6814834742256 6.3629669484431375
    vertex 412.92092589305577 -326.6814834742254 5.176380902056394
    vertex 403.54270415796486 -327.5860891427256 5.000000000000183
  endloop
endfacet
facet normal -0.07087462058698593 0.8397381538285653 -0.5383461908114922
  outer loop
    vertex 412.9209258930564 -326.7945591827915 5.000000000000183
    vertex 403.54270415796486 -327.5860891427256 5.000000000000183
    vertex 412.92092589305577 -326.6814834742254 5.176380902056394
  endloop
endfacet
facet normal 0.7905157216715931 -0.6065840476595432 -0.08450258525633961
  outer loop
    vertex 380.86532049292566 -439.10114280142557 7.000000000000224
    vertex 380.7171648490931 -439.0156051005766 5.000000000000205
    vertex 381.18315773812134 -438.68692923905235 7.000000000000224
  endloop
endfacet
facet normal 0.7905157216715931 -0.6065840476595432 -0.08450258525633961
  outer loop
    vertex 381.0621891614865 -438.5659606624175 5.000000000000183
    vertex 381.18315773812134 -438.68692923905235 7.000000000000224
    vertex 380.7171648490931 -439.0156051005766 5.000000000000205
  endloop
endfacet
facet normal 0.991444861373964 -0.1305261922188847 0.0
  outer loop
    vertex 383.2807218995969 -335.35213735622557 15.000000000000215
    vertex 383.2807218995969 -335.35213735622557 5.000000000000205
    vertex 383.3062775298799 -335.1580230723989 15.000000000000215
  endloop
endfacet
facet normal 0.991444861373964 -0.1305261922188847 0.0
  outer loop
    vertex 383.3062775298799 -335.1580230723989 5.000000000000205
    vertex 383.3062775298799 -335.1580230723989 15.000000000000215
    vertex 383.2807218995969 -335.35213735622557 5.000000000000205
  endloop
endfacet
facet normal -0.9878987208882745 0.13005933396832225 -0.08450258525647306
  outer loop
    vertex 384.6944691018158 -440.66305846373814 5.000000000000205
    vertex 384.52922295307286 -440.6187808916303 7.000000000000224
    vertex 384.76844670219276 -440.10114280142534 5.000000000000227
  endloop
endfacet
facet normal -0.9878987208882745 0.13005933396832225 -0.08450258525647306
  outer loop
    vertex 384.59737130049473 -440.10114280142534 7.000000000000224
    vertex 384.76844670219276 -440.10114280142534 5.000000000000227
    vertex 384.52922295307286 -440.6187808916303 7.000000000000224
  endloop
endfacet
facet normal 0.6087614290085621 0.7933533402913568 0.0
  outer loop
    vertex 383.5003918137071 -335.88246744211557 15.000000000000215
    vertex 383.6557218995969 -336.0016564090639 15.000000000000215
    vertex 383.5003918137071 -335.88246744211557 5.000000000000183
  endloop
endfacet
facet normal 0.6087614290085621 0.7933533402913568 0.0
  outer loop
    vertex 383.6557218995969 -336.0016564090639 5.000000000000183
    vertex 383.5003918137071 -335.88246744211557 5.000000000000183
    vertex 383.6557218995969 -336.0016564090639 15.000000000000215
  endloop
endfacet
facet normal -0.1300593339683278 -0.9878987208882861 -0.08450258525632796
  outer loop
    vertex 389.52594603994714 -333.4202857036473 7.000000000000224
    vertex 389.0083079497422 -333.3521373562254 7.000000000000224
    vertex 389.5702236120553 -333.25503955490467 5.000000000000205
  endloop
endfacet
facet normal -0.1300593339683278 -0.9878987208882861 -0.08450258525632796
  outer loop
    vertex 389.0083079497422 -333.18106195452776 5.000000000000205
    vertex 389.5702236120553 -333.25503955490467 5.000000000000205
    vertex 389.0083079497422 -333.3521373562254 7.000000000000224
  endloop
endfacet
facet normal -0.7905157216710452 0.606584047660273 -0.08450258525622908
  outer loop
    vertex 390.5434900887496 -336.88731949523304 5.000000000000205
    vertex 390.4225215121154 -336.7663509185985 7.000000000000224
    vertex 390.8885144011442 -336.4376750570741 5.000000000000227
  endloop
endfacet
facet normal -0.7905157216710452 0.606584047660273 -0.08450258525622908
  outer loop
    vertex 390.74035875731107 -336.35213735622534 7.000000000000224
    vertex 390.8885144011442 -336.4376750570741 5.000000000000227
    vertex 390.4225215121154 -336.7663509185985 7.000000000000224
  endloop
endfacet
facet normal 0.6065840476603803 -0.7905157216709714 -0.08450258525614796
  outer loop
    vertex 388.00830794974183 -333.6200865486564 7.000000000000224
    vertex 387.59409438736947 -333.9379237938523 7.000000000000224
    vertex 387.92277024889364 -333.4719309048238 5.000000000000183
  endloop
endfacet
facet normal 0.6065840476603803 -0.7905157216709714 -0.08450258525614796
  outer loop
    vertex 387.47312581073464 -333.81695521721775 5.000000000000183
    vertex 387.92277024889364 -333.4719309048238 5.000000000000183
    vertex 387.59409438736947 -333.9379237938523 7.000000000000224
  endloop
endfacet
facet normal -0.38131467322860113 0.9205750556394465 -0.08450258525628129
  outer loop
    vertex 389.52594603994714 -337.2839890088036 7.000000000000224
    vertex 390.00830794974246 -337.0841881637942 7.000000000000224
    vertex 389.5702236120553 -337.44923515754624 5.000000000000205
  endloop
endfacet
facet normal -0.38131467322860113 0.9205750556394465 -0.08450258525628129
  outer loop
    vertex 390.09384565059065 -337.23234380762705 5.000000000000205
    vertex 389.5702236120553 -337.44923515754624 5.000000000000205
    vertex 390.00830794974246 -337.0841881637942 7.000000000000224
  endloop
endfacet
facet normal -0.9238795325115887 0.38268343236436103 -2.106104042981523e-19
  outer loop
    vertex 384.68024095243544 -335.7271373562256 5.000000000000183
    vertex 384.68024095243544 -335.7271373562256 15.000000000000215
    vertex 384.7551662693137 -335.54625164005256 5.000000000000205
  endloop
endfacet
facet normal -0.9238795325115887 0.38268343236436103 -2.106104042981523e-19
  outer loop
    vertex 384.7551662693137 -335.54625164005256 15.000000000000215
    vertex 384.7551662693137 -335.54625164005256 5.000000000000205
    vertex 384.68024095243544 -335.7271373562256 15.000000000000215
  endloop
endfacet
facet normal -0.13005933396826938 0.9878987208882926 -0.08450258525634456
  outer loop
    vertex 389.0083079497422 -337.3521373562254 7.000000000000224
    vertex 389.52594603994714 -337.2839890088036 7.000000000000224
    vertex 389.0083079497422 -337.52321275792315 5.000000000000205
  endloop
endfacet
facet normal -0.13005933396826938 0.9878987208882926 -0.08450258525634456
  outer loop
    vertex 389.5702236120553 -337.44923515754624 5.000000000000205
    vertex 389.0083079497422 -337.52321275792315 5.000000000000205
    vertex 389.52594603994714 -337.2839890088036 7.000000000000224
  endloop
endfacet
facet normal 0.7905157216708376 -0.6065840476605275 -0.08450258525634259
  outer loop
    vertex 387.27625714217316 -334.35213735622557 7.000000000000224
    vertex 387.12810149834013 -334.2665996553768 5.000000000000183
    vertex 387.59409438736947 -333.9379237938523 7.000000000000224
  endloop
endfacet
facet normal 0.7905157216708376 -0.6065840476605275 -0.08450258525634259
  outer loop
    vertex 387.47312581073464 -333.81695521721775 5.000000000000183
    vertex 387.59409438736947 -333.9379237938523 7.000000000000224
    vertex 387.12810149834013 -334.2665996553768 5.000000000000183
  endloop
endfacet
facet normal 0.6065840476601323 0.790515721671141 -0.08450258525634344
  outer loop
    vertex 387.59409438736947 -336.7663509185985 7.000000000000224
    vertex 388.0083079497424 -337.0841881637942 7.000000000000224
    vertex 387.47312581073464 -336.88731949523304 5.000000000000227
  endloop
endfacet
facet normal 0.6065840476601323 0.790515721671141 -0.08450258525634344
  outer loop
    vertex 387.92277024889364 -337.2323438076273 5.000000000000183
    vertex 387.47312581073464 -336.88731949523304 5.000000000000227
    vertex 388.0083079497424 -337.0841881637942 7.000000000000224
  endloop
endfacet
facet normal -0.3813146732280734 -0.9205750556396651 -0.08450258525628129
  outer loop
    vertex 390.00830794974246 -333.6200865486564 7.000000000000224
    vertex 389.52594603994714 -333.4202857036473 7.000000000000224
    vertex 390.09384565059065 -333.4719309048235 5.000000000000205
  endloop
endfacet
facet normal -0.3813146732280734 -0.9205750556396651 -0.08450258525628129
  outer loop
    vertex 389.5702236120553 -333.25503955490467 5.000000000000205
    vertex 390.09384565059065 -333.4719309048235 5.000000000000205
    vertex 389.52594603994714 -333.4202857036473 7.000000000000224
  endloop
endfacet
facet normal -0.7905157216709718 -0.6065840476603637 -0.08450258525626339
  outer loop
    vertex 390.74035875731107 -334.35213735622517 7.000000000000224
    vertex 390.4225215121154 -333.9379237938523 7.000000000000224
    vertex 390.8885144011442 -334.2665996553765 5.000000000000227
  endloop
endfacet
facet normal -0.7905157216709718 -0.6065840476603637 -0.08450258525626339
  outer loop
    vertex 390.5434900887496 -333.81695521721747 5.000000000000227
    vertex 390.8885144011442 -334.2665996553765 5.000000000000227
    vertex 390.4225215121154 -333.9379237938523 7.000000000000224
  endloop
endfacet
facet normal -0.6087614290106614 -0.7933533402897458 -1.0738602675926809e-14
  outer loop
    vertex 384.5610519854864 -334.82180727033585 15.000000000000215
    vertex 384.40572189959715 -334.7026183033875 15.000000000000215
    vertex 384.5610519854864 -334.82180727033585 5.000000000000183
  endloop
endfacet
facet normal -0.6087614290106614 -0.7933533402897458 -1.0738602675926809e-14
  outer loop
    vertex 384.40572189959715 -334.7026183033872 5.000000000000183
    vertex 384.5610519854864 -334.82180727033585 5.000000000000183
    vertex 384.40572189959715 -334.7026183033875 15.000000000000215
  endloop
endfacet
facet normal -0.6065840476601317 -0.7905157216711601 -0.08450258525616745
  outer loop
    vertex 390.4225215121154 -333.9379237938523 7.000000000000224
    vertex 390.00830794974246 -333.6200865486564 7.000000000000224
    vertex 390.5434900887496 -333.81695521721747 5.000000000000227
  endloop
endfacet
facet normal -0.6065840476601317 -0.7905157216711601 -0.08450258525616745
  outer loop
    vertex 390.09384565059065 -333.4719309048235 5.000000000000205
    vertex 390.5434900887496 -333.81695521721747 5.000000000000227
    vertex 390.00830794974246 -333.6200865486564 7.000000000000224
  endloop
endfacet
facet normal 3.1023671423517513e-14 -0.9999999999999999 2.9445433151095705e-15
  outer loop
    vertex 381.0920286655775 -331.68420370122635 54.80000000000579
    vertex 376.3653715562151 -331.68420370122635 54.80000000000579
    vertex 381.09202866557695 -331.68420370122635 5.000000000000183
  endloop
endfacet
facet normal 3.1023671423517513e-14 -0.9999999999999999 2.9445433151095705e-15
  outer loop
    vertex 376.3653715562146 -331.68420370122664 5.000000000000183
    vertex 381.09202866557695 -331.68420370122635 5.000000000000183
    vertex 376.3653715562151 -331.68420370122635 54.80000000000579
  endloop
endfacet
facet normal -0.6065840476599864 0.7905157216712776 -0.08450258525611397
  outer loop
    vertex 390.00830794974246 -337.0841881637942 7.000000000000224
    vertex 390.4225215121154 -336.7663509185985 7.000000000000224
    vertex 390.09384565059065 -337.23234380762705 5.000000000000205
  endloop
endfacet
facet normal -0.6065840476599864 0.7905157216712776 -0.08450258525611397
  outer loop
    vertex 390.5434900887496 -336.88731949523304 5.000000000000205
    vertex 390.09384565059065 -337.23234380762705 5.000000000000205
    vertex 390.4225215121154 -336.7663509185985 7.000000000000224
  endloop
endfacet
facet normal 0.0 0.0 -0.9999999999999999
  outer loop
    vertex 387.00830794974206 -335.35213735622534 7.000000000000224
    vertex 387.07645629716393 -334.83449926602026 7.000000000000224
    vertex 387.07645629716393 -335.8697754464303 7.000000000000224
  endloop
endfacet
facet normal 0.0 0.0 -0.9999999999999999
  outer loop
    vertex 387.27625714217316 -336.35213735622534 7.000000000000224
    vertex 387.07645629716393 -335.8697754464303 7.000000000000224
    vertex 387.07645629716393 -334.83449926602026 7.000000000000224
  endloop
endfacet
facet normal 0.0 0.0 -0.9999999999999999
  outer loop
    vertex 387.27625714217316 -334.35213735622557 7.000000000000224
    vertex 387.27625714217316 -336.35213735622534 7.000000000000224
    vertex 387.07645629716393 -334.83449926602026 7.000000000000224
  endloop
endfacet
facet normal 0.0 0.0 -0.9999999999999999
  outer loop
    vertex 387.59409438736947 -336.7663509185985 7.000000000000224
    vertex 387.27625714217316 -336.35213735622534 7.000000000000224
    vertex 387.27625714217316 -334.35213735622557 7.000000000000224
  endloop
endfacet
facet normal 0.0 0.0 -0.9999999999999999
  outer loop
    vertex 387.59409438736947 -333.9379237938523 7.000000000000224
    vertex 387.59409438736947 -336.7663509185985 7.000000000000224
    vertex 387.27625714217316 -334.35213735622557 7.000000000000224
  endloop
endfacet
facet normal 0.0 0.0 -0.9999999999999999
  outer loop
    vertex 388.0083079497424 -337.0841881637942 7.000000000000224
    vertex 387.59409438736947 -336.7663509185985 7.000000000000224
    vertex 387.59409438736947 -333.9379237938523 7.000000000000224
  endloop
endfacet
facet normal 0.0 0.0 -0.9999999999999999
  outer loop
    vertex 388.00830794974183 -333.6200865486564 7.000000000000224
    vertex 388.0083079497424 -337.0841881637942 7.000000000000224
    vertex 387.59409438736947 -333.9379237938523 7.000000000000224
  endloop
endfacet
facet normal 0.0 0.0 -0.9999999999999999
  outer loop
    vertex 388.49066985953715 -333.4202857036473 7.000000000000224
    vertex 388.0083079497424 -337.0841881637942 7.000000000000224
    vertex 388.00830794974183 -333.6200865486564 7.000000000000224
  endloop
endfacet
facet normal 0.0 0.0 -0.9999999999999999
  outer loop
    vertex 388.49066985953715 -337.2839890088036 7.000000000000224
    vertex 388.0083079497424 -337.0841881637942 7.000000000000224
    vertex 388.49066985953715 -333.4202857036473 7.000000000000224
  endloop
endfacet
facet normal 0.0 0.0 -0.9999999999999999
  outer loop
    vertex 389.0083079497422 -337.3521373562254 7.000000000000224
    vertex 388.49066985953715 -337.2839890088036 7.000000000000224
    vertex 388.49066985953715 -333.4202857036473 7.000000000000224
  endloop
endfacet
facet normal 0.0 0.0 -0.9999999999999999
  outer loop
    vertex 389.0083079497422 -333.3521373562254 7.000000000000224
    vertex 389.0083079497422 -337.3521373562254 7.000000000000224
    vertex 388.49066985953715 -333.4202857036473 7.000000000000224
  endloop
endfacet
facet normal 0.0 0.0 -0.9999999999999999
  outer loop
    vertex 389.52594603994714 -337.2839890088036 7.000000000000224
    vertex 389.0083079497422 -337.3521373562254 7.000000000000224
    vertex 389.0083079497422 -333.3521373562254 7.000000000000224
  endloop
endfacet
facet normal 0.0 0.0 -0.9999999999999999
  outer loop
    vertex 389.52594603994714 -333.4202857036473 7.000000000000224
    vertex 389.52594603994714 -337.2839890088036 7.000000000000224
    vertex 389.0083079497422 -333.3521373562254 7.000000000000224
  endloop
endfacet
facet normal 0.0 0.0 -0.9999999999999999
  outer loop
    vertex 390.00830794974246 -337.0841881637942 7.000000000000224
    vertex 389.52594603994714 -337.2839890088036 7.000000000000224
    vertex 389.52594603994714 -333.4202857036473 7.000000000000224
  endloop
endfacet
facet normal 0.0 0.0 -0.9999999999999999
  outer loop
    vertex 390.00830794974246 -333.6200865486564 7.000000000000224
    vertex 390.00830794974246 -337.0841881637942 7.000000000000224
    vertex 389.52594603994714 -333.4202857036473 7.000000000000224
  endloop
endfacet
facet normal 0.0 0.0 -0.9999999999999999
  outer loop
    vertex 390.4225215121154 -336.7663509185985 7.000000000000224
    vertex 390.00830794974246 -337.0841881637942 7.000000000000224
    vertex 390.00830794974246 -333.6200865486564 7.000000000000224
  endloop
endfacet
facet normal 0.0 0.0 -0.9999999999999999
  outer loop
    vertex 390.4225215121154 -333.9379237938523 7.000000000000224
    vertex 390.4225215121154 -336.7663509185985 7.000000000000224
    vertex 390.00830794974246 -333.6200865486564 7.000000000000224
  endloop
endfacet
facet normal 0.0 0.0 -0.9999999999999999
  outer loop
    vertex 390.74035875731107 -336.35213735622534 7.000000000000224
    vertex 390.4225215121154 -336.7663509185985 7.000000000000224
    vertex 390.4225215121154 -333.9379237938523 7.000000000000224
  endloop
endfacet
facet normal 0.0 0.0 -0.9999999999999999
  outer loop
    vertex 390.74035875731107 -334.35213735622517 7.000000000000224
    vertex 390.74035875731107 -336.35213735622534 7.000000000000224
    vertex 390.4225215121154 -333.9379237938523 7.000000000000224
  endloop
endfacet
facet normal 0.0 0.0 -0.9999999999999999
  outer loop
    vertex 390.9401596023204 -335.8697754464303 7.000000000000224
    vertex 390.74035875731107 -336.35213735622534 7.000000000000224
    vertex 390.74035875731107 -334.35213735622517 7.000000000000224
  endloop
endfacet
facet normal 0.0 0.0 -0.9999999999999999
  outer loop
    vertex 390.9401596023204 -334.83449926602026 7.000000000000224
    vertex 390.9401596023204 -335.8697754464303 7.000000000000224
    vertex 390.74035875731107 -334.35213735622517 7.000000000000224
  endloop
endfacet
facet normal 0.0 0.0 -0.9999999999999999
  outer loop
    vertex 391.00830794974223 -335.35213735622534 7.000000000000224
    vertex 390.9401596023204 -335.8697754464303 7.000000000000224
    vertex 390.9401596023204 -334.83449926602026 7.000000000000224
  endloop
endfacet
facet normal 0.38131467322835005 0.9205750556395452 -0.08450258525633772
  outer loop
    vertex 388.0083079497424 -337.0841881637942 7.000000000000224
    vertex 388.49066985953715 -337.2839890088036 7.000000000000224
    vertex 387.92277024889364 -337.2323438076273 5.000000000000183
  endloop
endfacet
facet normal 0.38131467322835005 0.9205750556395452 -0.08450258525633772
  outer loop
    vertex 388.4463922874296 -337.44923515754624 5.000000000000183
    vertex 387.92277024889364 -337.2323438076273 5.000000000000183
    vertex 388.49066985953715 -337.2839890088036 7.000000000000224
  endloop
endfacet
facet normal -0.6087614290088981 0.7933533402910992 1.5248868884291056e-14
  outer loop
    vertex 376.5781813156207 -356.7905182478282 54.80000000000579
    vertex 378.44787810645477 -355.35584944088305 54.80000000000579
    vertex 376.57818131562016 -356.79051824782783 5.000000000000183
  endloop
endfacet
facet normal -0.6087614290088981 0.7933533402910992 1.5248868884291056e-14
  outer loop
    vertex 378.4478781064536 -355.35584944088276 5.000000000000183
    vertex 376.57818131562016 -356.79051824782783 5.000000000000183
    vertex 378.44787810645477 -355.35584944088305 54.80000000000579
  endloop
endfacet
facet normal 0.13005933396833333 0.9878987208882857 -0.08450258525632501
  outer loop
    vertex 388.49066985953715 -337.2839890088036 7.000000000000224
    vertex 389.0083079497422 -337.3521373562254 7.000000000000224
    vertex 388.4463922874296 -337.44923515754624 5.000000000000183
  endloop
endfacet
facet normal 0.13005933396833333 0.9878987208882857 -0.08450258525632501
  outer loop
    vertex 389.0083079497422 -337.52321275792315 5.000000000000205
    vertex 388.4463922874296 -337.44923515754624 5.000000000000183
    vertex 389.0083079497422 -337.3521373562254 7.000000000000224
  endloop
endfacet
facet normal -0.9914448613738214 0.1305261922199684 -5.389524227659757e-15
  outer loop
    vertex 395.22818254183346 -392.7810589816921 5.000000000000205
    vertex 395.22818254183295 -392.7810589816921 54.80000000000577
    vertex 396.12092589305905 -386.0000000000063 5.000000000000205
  endloop
endfacet
facet normal -0.9914448613738214 0.1305261922199684 -5.389524227659757e-15
  outer loop
    vertex 396.12092589305905 -386.0000000000063 54.80000000000577
    vertex 396.12092589305905 -386.0000000000063 5.000000000000205
    vertex 395.22818254183295 -392.7810589816921 54.80000000000577
  endloop
endfacet
facet normal 0.3826834323660471 0.9238795325108904 0.0
  outer loop
    vertex 377.24478525035005 -441.750661854264 15.000000000000215
    vertex 377.4256709665229 -441.8255871711426 15.000000000000215
    vertex 377.24478525035005 -441.750661854264 5.000000000000205
  endloop
endfacet
facet normal 0.3826834323660471 0.9238795325108904 0.0
  outer loop
    vertex 377.4256709665229 -441.8255871711426 5.000000000000205
    vertex 377.24478525035005 -441.750661854264 5.000000000000205
    vertex 377.4256709665229 -441.8255871711426 15.000000000000215
  endloop
endfacet
facet normal 0.0 0.0 -0.9999999999999999
  outer loop
    vertex 376.86978525034937 -441.1011428014257 15.000000000000215
    vertex 376.8953408806329 -440.9070285175987 15.000000000000215
    vertex 376.8953408806329 -441.2952570852526 15.000000000000215
  endloop
endfacet
facet normal 0.0 0.0 -0.9999999999999999
  outer loop
    vertex 376.97026619751114 -441.47614280142574 15.000000000000215
    vertex 376.8953408806329 -441.2952570852526 15.000000000000215
    vertex 376.8953408806329 -440.9070285175987 15.000000000000215
  endloop
endfacet
facet normal 0.0 0.0 -0.9999999999999999
  outer loop
    vertex 376.97026619751114 -440.7261428014257 15.000000000000215
    vertex 376.97026619751114 -441.47614280142574 15.000000000000215
    vertex 376.8953408806329 -440.9070285175987 15.000000000000215
  endloop
endfacet
facet normal 0.0 0.0 -0.9999999999999999
  outer loop
    vertex 377.08945516445954 -441.6314728873156 15.000000000000215
    vertex 376.97026619751114 -441.47614280142574 15.000000000000215
    vertex 376.97026619751114 -440.7261428014257 15.000000000000215
  endloop
endfacet
facet normal 0.0 0.0 -0.9999999999999999
  outer loop
    vertex 377.08945516445954 -440.57081271553574 15.000000000000215
    vertex 377.08945516445954 -441.6314728873156 15.000000000000215
    vertex 376.97026619751114 -440.7261428014257 15.000000000000215
  endloop
endfacet
facet normal 0.0 0.0 -0.9999999999999999
  outer loop
    vertex 377.24478525035005 -441.750661854264 15.000000000000215
    vertex 377.08945516445954 -441.6314728873156 15.000000000000215
    vertex 377.08945516445954 -440.57081271553574 15.000000000000215
  endloop
endfacet
facet normal 0.0 0.0 -0.9999999999999999
  outer loop
    vertex 377.2447852503494 -440.4516237485874 15.000000000000215
    vertex 377.24478525035005 -441.750661854264 15.000000000000215
    vertex 377.08945516445954 -440.57081271553574 15.000000000000215
  endloop
endfacet
facet normal 0.0 0.0 -0.9999999999999999
  outer loop
    vertex 377.4256709665229 -440.3766984317088 15.000000000000215
    vertex 377.24478525035005 -441.750661854264 15.000000000000215
    vertex 377.2447852503494 -440.4516237485874 15.000000000000215
  endloop
endfacet
facet normal 0.0 0.0 -0.9999999999999999
  outer loop
    vertex 377.4256709665229 -441.8255871711426 15.000000000000215
    vertex 377.24478525035005 -441.750661854264 15.000000000000215
    vertex 377.4256709665229 -440.3766984317088 15.000000000000215
  endloop
endfacet
facet normal 0.0 0.0 -0.9999999999999999
  outer loop
    vertex 377.6197852503495 -441.8511428014255 15.000000000000215
    vertex 377.4256709665229 -441.8255871711426 15.000000000000215
    vertex 377.4256709665229 -440.3766984317088 15.000000000000215
  endloop
endfacet
facet normal 0.0 0.0 -0.9999999999999999
  outer loop
    vertex 377.6197852503495 -440.35114280142585 15.000000000000215
    vertex 377.6197852503495 -441.8511428014255 15.000000000000215
    vertex 377.4256709665229 -440.3766984317088 15.000000000000215
  endloop
endfacet
facet normal 0.0 0.0 -0.9999999999999999
  outer loop
    vertex 377.8138995341762 -441.8255871711426 15.000000000000215
    vertex 377.6197852503495 -441.8511428014255 15.000000000000215
    vertex 377.6197852503495 -440.35114280142585 15.000000000000215
  endloop
endfacet
facet normal 0.0 0.0 -0.9999999999999999
  outer loop
    vertex 377.8138995341762 -440.3766984317088 15.000000000000215
    vertex 377.8138995341762 -441.8255871711426 15.000000000000215
    vertex 377.6197852503495 -440.35114280142585 15.000000000000215
  endloop
endfacet
facet normal 0.0 0.0 -0.9999999999999999
  outer loop
    vertex 377.9947852503495 -441.750661854264 15.000000000000215
    vertex 377.8138995341762 -441.8255871711426 15.000000000000215
    vertex 377.8138995341762 -440.3766984317088 15.000000000000215
  endloop
endfacet
facet normal 0.0 0.0 -0.9999999999999999
  outer loop
    vertex 377.9947852503495 -440.4516237485874 15.000000000000215
    vertex 377.9947852503495 -441.750661854264 15.000000000000215
    vertex 377.8138995341762 -440.3766984317088 15.000000000000215
  endloop
endfacet
facet normal 0.0 0.0 -0.9999999999999999
  outer loop
    vertex 378.1501153362395 -441.6314728873156 15.000000000000215
    vertex 377.9947852503495 -441.750661854264 15.000000000000215
    vertex 377.9947852503495 -440.4516237485874 15.000000000000215
  endloop
endfacet
facet normal 0.0 0.0 -0.9999999999999999
  outer loop
    vertex 378.1501153362395 -440.57081271553574 15.000000000000215
    vertex 378.1501153362395 -441.6314728873156 15.000000000000215
    vertex 377.9947852503495 -440.4516237485874 15.000000000000215
  endloop
endfacet
facet normal 0.0 0.0 -0.9999999999999999
  outer loop
    vertex 378.26930430318777 -441.47614280142574 15.000000000000215
    vertex 378.1501153362395 -441.6314728873156 15.000000000000215
    vertex 378.1501153362395 -440.57081271553574 15.000000000000215
  endloop
endfacet
facet normal 0.0 0.0 -0.9999999999999999
  outer loop
    vertex 378.26930430318777 -440.7261428014257 15.000000000000215
    vertex 378.26930430318777 -441.47614280142574 15.000000000000215
    vertex 378.1501153362395 -440.57081271553574 15.000000000000215
  endloop
endfacet
facet normal 0.0 0.0 -0.9999999999999999
  outer loop
    vertex 378.3442296200661 -441.2952570852526 15.000000000000215
    vertex 378.26930430318777 -441.47614280142574 15.000000000000215
    vertex 378.26930430318777 -440.7261428014257 15.000000000000215
  endloop
endfacet
facet normal 0.0 0.0 -0.9999999999999999
  outer loop
    vertex 378.3442296200661 -440.9070285175987 15.000000000000215
    vertex 378.3442296200661 -441.2952570852526 15.000000000000215
    vertex 378.26930430318777 -440.7261428014257 15.000000000000215
  endloop
endfacet
facet normal 0.0 0.0 -0.9999999999999999
  outer loop
    vertex 378.36978525034965 -441.1011428014257 15.000000000000215
    vertex 378.3442296200661 -441.2952570852526 15.000000000000215
    vertex 378.3442296200661 -440.9070285175987 15.000000000000215
  endloop
endfacet
facet normal -0.9878987208883107 0.1300593339682141 -0.08450258525621623
  outer loop
    vertex 391.1054057510628 -335.9140530185384 5.000000000000205
    vertex 390.9401596023204 -335.8697754464303 7.000000000000224
    vertex 391.17938335143975 -335.35213735622534 5.000000000000227
  endloop
endfacet
facet normal -0.9878987208883107 0.1300593339682141 -0.08450258525621623
  outer loop
    vertex 391.00830794974223 -335.35213735622534 7.000000000000224
    vertex 391.17938335143975 -335.35213735622534 5.000000000000227
    vertex 390.9401596023204 -335.8697754464303 7.000000000000224
  endloop
endfacet
facet normal -0.9205750556396662 0.3813146732280617 -0.08450258525632136
  outer loop
    vertex 390.8885144011442 -336.4376750570741 5.000000000000227
    vertex 390.74035875731107 -336.35213735622534 7.000000000000224
    vertex 391.1054057510628 -335.9140530185384 5.000000000000205
  endloop
endfacet
facet normal -0.9205750556396662 0.3813146732280617 -0.08450258525632136
  outer loop
    vertex 390.9401596023204 -335.8697754464303 7.000000000000224
    vertex 391.1054057510628 -335.9140530185384 5.000000000000205
    vertex 390.74035875731107 -336.35213735622534 7.000000000000224
  endloop
endfacet
facet normal 0.9878987208883024 0.13005933396829206 -0.08450258525619411
  outer loop
    vertex 386.91121014842156 -335.9140530185384 5.000000000000205
    vertex 386.8372325480446 -335.35213735622534 5.000000000000227
    vertex 387.07645629716393 -335.8697754464303 7.000000000000224
  endloop
endfacet
facet normal 0.9878987208883024 0.13005933396829206 -0.08450258525619411
  outer loop
    vertex 387.00830794974206 -335.35213735622534 7.000000000000224
    vertex 387.07645629716393 -335.8697754464303 7.000000000000224
    vertex 386.8372325480446 -335.35213735622534 5.000000000000227
  endloop
endfacet
facet normal -0.13803987639200174 -0.9904266719579401 5.608359453564879e-15
  outer loop
    vertex 376.7019848747457 -360.6927433512326 54.80000000000579
    vertex 373.29202866557813 -360.21748360011463 54.80000000000579
    vertex 376.7019848747457 -360.69274335123316 5.000000000000205
  endloop
endfacet
facet normal -0.13803987639200174 -0.9904266719579401 5.608359453564879e-15
  outer loop
    vertex 373.29202866557813 -360.21748360011463 5.000000000000205
    vertex 376.7019848747457 -360.69274335123316 5.000000000000205
    vertex 373.29202866557813 -360.21748360011463 54.80000000000579
  endloop
endfacet
facet normal 0.7866802725955012 -0.6036410040731756 0.12942830799557017
  outer loop
    vertex 401.11222136731305 -414.69129547426417 10.523580981328843
    vertex 401.4923313511605 -414.1959264988442 10.523580981328843
    vertex 400.8351394554287 -414.41421356237953 13.500000000007855
  endloop
endfacet
facet normal 0.7866802725955012 -0.6036410040731756 0.12942830799557017
  outer loop
    vertex 401.15297670062427 -414.00000000000625 13.500000000007855
    vertex 400.8351394554287 -414.41421356237953 13.500000000007855
    vertex 401.4923313511605 -414.1959264988442 10.523580981328843
  endloop
endfacet
facet normal 0.1300593339683896 -0.9878987208882797 -0.08450258525630902
  outer loop
    vertex 389.0083079497422 -333.3521373562254 7.000000000000224
    vertex 388.49066985953715 -333.4202857036473 7.000000000000224
    vertex 389.0083079497422 -333.18106195452776 5.000000000000205
  endloop
endfacet
facet normal 0.1300593339683896 -0.9878987208882797 -0.08450258525630902
  outer loop
    vertex 388.4463922874296 -333.25503955490467 5.000000000000205
    vertex 389.0083079497422 -333.18106195452776 5.000000000000205
    vertex 388.49066985953715 -333.4202857036473 7.000000000000224
  endloop
endfacet
facet normal 0.7905157216706876 0.6065840476607167 -0.08450258525638774
  outer loop
    vertex 387.47312581073464 -336.88731949523304 5.000000000000227
    vertex 387.12810149834013 -336.4376750570744 5.000000000000183
    vertex 387.59409438736947 -336.7663509185985 7.000000000000224
  endloop
endfacet
facet normal 0.7905157216706876 0.6065840476607167 -0.08450258525638774
  outer loop
    vertex 387.27625714217316 -336.35213735622534 7.000000000000224
    vertex 387.59409438736947 -336.7663509185985 7.000000000000224
    vertex 387.12810149834013 -336.4376750570744 5.000000000000183
  endloop
endfacet
facet normal 0.20779387349377273 0.8397381538286776 -0.5016587875666669
  outer loop
    vertex 430.3327354420302 -326.6814834742254 9.841861209468496
    vertex 432.92092589305764 -330.00000000000637 5.3589838486254395
    vertex 421.93394173500076 -326.6814834742254 6.3629669484431375
  endloop
endfacet
facet normal 0.20779387349377273 0.8397381538286776 -0.5016587875666669
  outer loop
    vertex 422.2991476281467 -327.58608914272475 5.000000000000183
    vertex 421.93394173500076 -326.6814834742254 6.3629669484431375
    vertex 432.92092589305764 -330.00000000000637 5.3589838486254395
  endloop
endfacet
facet normal 0.20779387349377273 0.8397381538286776 -0.5016587875666669
  outer loop
    vertex 432.05426221703385 -330.00000000000637 5.000000000000183
    vertex 422.2991476281467 -327.58608914272475 5.000000000000183
    vertex 432.92092589305764 -330.00000000000637 5.3589838486254395
  endloop
endfacet
facet normal 0.6120518833400291 0.7908176098822807 7.627813520717359e-15
  outer loop
    vertex 387.113176358579 -331.8578643762756 54.80000000000581
    vertex 387.113176358579 -331.8578643762756 39.619339984352465
    vertex 383.00647727931783 -328.6794919243185 54.80000000000579
  endloop
endfacet
facet normal 0.6120518833400291 0.7908176098822807 7.627813520717359e-15
  outer loop
    vertex 383.00647727931783 -328.6794919243181 39.35017270595786
    vertex 383.00647727931783 -328.6794919243185 54.80000000000579
    vertex 387.113176358579 -331.8578643762756 39.619339984352465
  endloop
endfacet
facet normal 0.9914448613736297 0.130526192221424 0.0
  outer loop
    vertex 376.8953408806329 -441.2952570852526 15.000000000000215
    vertex 376.8953408806329 -441.2952570852526 5.000000000000205
    vertex 376.86978525034937 -441.1011428014257 15.000000000000215
  endloop
endfacet
facet normal 0.9914448613736297 0.130526192221424 0.0
  outer loop
    vertex 376.86978525034937 -441.1011428014257 5.000000000000205
    vertex 376.86978525034937 -441.1011428014257 15.000000000000215
    vertex 376.8953408806329 -441.2952570852526 5.000000000000205
  endloop
endfacet
facet normal -0.6087614290084096 -0.7933533402914739 1.1812594612074268e-19
  outer loop
    vertex 378.1501153362395 -440.57081271553574 15.000000000000215
    vertex 377.9947852503495 -440.4516237485874 15.000000000000215
    vertex 378.1501153362395 -440.57081271553574 5.000000000000183
  endloop
endfacet
facet normal -0.6087614290084096 -0.7933533402914739 1.1812594612074268e-19
  outer loop
    vertex 377.9947852503495 -440.4516237485874 5.000000000000205
    vertex 378.1501153362395 -440.57081271553574 5.000000000000183
    vertex 377.9947852503495 -440.4516237485874 15.000000000000215
  endloop
endfacet
facet normal -0.9238795325112931 -0.38268343236507435 -0.0
  outer loop
    vertex 395.2281825418324 -379.2189410183202 5.000000000000205
    vertex 395.2281825418324 -379.2189410183202 54.80000000000579
    vertex 392.61079147221125 -372.9000000000064 5.000000000000205
  endloop
endfacet
facet normal -0.9238795325112931 -0.38268343236507435 -0.0
  outer loop
    vertex 392.61079147221125 -372.9000000000064 54.80000000000579
    vertex 392.61079147221125 -372.9000000000064 5.000000000000205
    vertex 395.2281825418324 -379.2189410183202 54.80000000000579
  endloop
endfacet
facet normal -0.9238795325116222 -0.3826834323642797 5.707048533730589e-20
  outer loop
    vertex 378.3442296200661 -440.9070285175987 5.000000000000205
    vertex 378.3442296200661 -440.9070285175987 15.000000000000215
    vertex 378.26930430318777 -440.7261428014257 5.000000000000183
  endloop
endfacet
facet normal -0.9238795325116222 -0.3826834323642797 5.707048533730589e-20
  outer loop
    vertex 378.26930430318777 -440.7261428014257 15.000000000000215
    vertex 378.26930430318777 -440.7261428014257 5.000000000000183
    vertex 378.3442296200661 -440.9070285175987 15.000000000000215
  endloop
endfacet
facet normal -0.9205750556396995 -0.3813146732279881 -0.08450258525629181
  outer loop
    vertex 390.9401596023204 -334.83449926602026 7.000000000000224
    vertex 390.74035875731107 -334.35213735622517 7.000000000000224
    vertex 391.1054057510628 -334.79022169391243 5.000000000000227
  endloop
endfacet
facet normal -0.9205750556396995 -0.3813146732279881 -0.08450258525629181
  outer loop
    vertex 390.8885144011442 -334.2665996553765 5.000000000000227
    vertex 391.1054057510628 -334.79022169391243 5.000000000000227
    vertex 390.74035875731107 -334.35213735622517 7.000000000000224
  endloop
endfacet
facet normal 0.9205750556397475 0.3813146732278616 -0.08450258525633787
  outer loop
    vertex 387.12810149834013 -336.4376750570744 5.000000000000183
    vertex 386.91121014842156 -335.9140530185384 5.000000000000205
    vertex 387.27625714217316 -336.35213735622534 7.000000000000224
  endloop
endfacet
facet normal 0.9205750556397475 0.3813146732278616 -0.08450258525633787
  outer loop
    vertex 387.07645629716393 -335.8697754464303 7.000000000000224
    vertex 387.27625714217316 -336.35213735622534 7.000000000000224
    vertex 386.91121014842156 -335.9140530185384 5.000000000000205
  endloop
endfacet
facet normal 0.7338790076440813 -0.5631251684765262 0.3798837279584668
  outer loop
    vertex 401.9245844285723 -415.50365853552313 7.750000000007836
    vertex 402.48726884414543 -414.7703539282458 7.750000000007836
    vertex 401.11222136731305 -414.69129547426417 10.523580981328843
  endloop
endfacet
facet normal 0.7338790076440813 -0.5631251684765262 0.3798837279584668
  outer loop
    vertex 401.4923313511605 -414.1959264988442 10.523580981328843
    vertex 401.11222136731305 -414.69129547426417 10.523580981328843
    vertex 402.48726884414543 -414.7703539282458 7.750000000007836
  endloop
endfacet
facet normal 0.9205750556396575 -0.3813146732280909 -0.08450258525628486
  outer loop
    vertex 387.07645629716393 -334.83449926602026 7.000000000000224
    vertex 386.91121014842156 -334.79022169391243 5.000000000000227
    vertex 387.27625714217316 -334.35213735622557 7.000000000000224
  endloop
endfacet
facet normal 0.9205750556396575 -0.3813146732280909 -0.08450258525628486
  outer loop
    vertex 387.12810149834013 -334.2665996553768 5.000000000000183
    vertex 387.27625714217316 -334.35213735622557 7.000000000000224
    vertex 386.91121014842156 -334.79022169391243 5.000000000000227
  endloop
endfacet
facet normal 0.7851251274072758 -0.14364993575462529 0.6024476992000225
  outer loop
    vertex 401.8387364039499 -396.0000000000069 11.144067796615582
    vertex 403.87235606600757 -396.0000000000069 8.493803054313217
    vertex 400.5910726866337 -387.0033342331058 14.915254237293619
  endloop
endfacet
facet normal 0.7851251274072758 -0.14364993575462529 0.6024476992000225
  outer loop
    vertex 402.8536429066711 -387.0033342331058 11.966615318705518
    vertex 400.5910726866337 -387.0033342331058 14.915254237293619
    vertex 403.87235606600757 -396.0000000000069 8.493803054313217
  endloop
endfacet
facet normal -0.7933533402912668 0.6087614290086795 1.841275760784221e-14
  outer loop
    vertex 378.44787810645477 -355.35584944088305 54.80000000000579
    vertex 379.88254691339927 -353.48615265004867 54.80000000000579
    vertex 378.4478781064536 -355.35584944088276 5.000000000000183
  endloop
endfacet
facet normal -0.7933533402912668 0.6087614290086795 1.841275760784221e-14
  outer loop
    vertex 379.8825469133981 -353.48615265004895 5.000000000000183
    vertex 378.4478781064536 -355.35584944088276 5.000000000000183
    vertex 379.88254691339927 -353.48615265004867 54.80000000000579
  endloop
endfacet
facet normal -6.691698782533884e-14 -1.349111161926366e-14 0.9999999999999999
  outer loop
    vertex 438.77618639004777 -344.78757721833426 53.000000000005905
    vertex 438.8494458635259 -345.3440381653047 53.000000000005905
    vertex 438.8494458635259 -344.2311162713639 53.000000000005905
  endloop
endfacet
facet normal -6.691698782533884e-14 -1.349111161926366e-14 0.9999999999999999
  outer loop
    vertex 439.0642317719109 -343.7125772183344 53.000000000005926
    vertex 438.8494458635259 -344.2311162713639 53.000000000005905
    vertex 438.8494458635259 -345.3440381653047 53.000000000005905
  endloop
endfacet
facet normal -6.691698782533884e-14 -1.349111161926366e-14 0.9999999999999999
  outer loop
    vertex 439.0642317719109 -345.8625772183345 53.000000000005905
    vertex 439.0642317719109 -343.7125772183344 53.000000000005926
    vertex 438.8494458635259 -345.3440381653047 53.000000000005905
  endloop
endfacet
facet normal -6.691698782533884e-14 -1.349111161926366e-14 0.9999999999999999
  outer loop
    vertex 439.40590681049656 -343.2672976387833 53.00000000000595
    vertex 439.0642317719109 -343.7125772183344 53.000000000005926
    vertex 439.0642317719109 -345.8625772183345 53.000000000005905
  endloop
endfacet
facet normal -6.691698782533884e-14 -1.349111161926366e-14 0.9999999999999999
  outer loop
    vertex 439.40590681049656 -346.30785679788534 53.000000000005905
    vertex 439.40590681049656 -343.2672976387833 53.00000000000595
    vertex 439.0642317719109 -345.8625772183345 53.000000000005905
  endloop
endfacet
facet normal -6.691698782533884e-14 -1.349111161926366e-14 0.9999999999999999
  outer loop
    vertex 439.85118639004764 -342.9256226001976 53.000000000006
    vertex 439.40590681049656 -343.2672976387833 53.00000000000595
    vertex 439.40590681049656 -346.30785679788534 53.000000000005905
  endloop
endfacet
facet normal -6.691698782533884e-14 -1.349111161926366e-14 0.9999999999999999
  outer loop
    vertex 439.85118639004764 -346.649531836471 53.00000000000595
    vertex 439.85118639004764 -342.9256226001976 53.000000000006
    vertex 439.40590681049656 -346.30785679788534 53.000000000005905
  endloop
endfacet
facet normal -6.691698782533884e-14 -1.349111161926366e-14 0.9999999999999999
  outer loop
    vertex 440.3697254430769 -342.71083669181263 53.00000000000604
    vertex 439.85118639004764 -342.9256226001976 53.000000000006
    vertex 439.85118639004764 -346.649531836471 53.00000000000595
  endloop
endfacet
facet normal -6.691698782533884e-14 -1.349111161926366e-14 0.9999999999999999
  outer loop
    vertex 440.3697254430769 -346.864317744856 53.000000000006
    vertex 440.3697254430769 -342.71083669181263 53.00000000000604
    vertex 439.85118639004764 -346.649531836471 53.00000000000595
  endloop
endfacet
facet normal -6.691698782533884e-14 -1.349111161926366e-14 0.9999999999999999
  outer loop
    vertex 440.9261863900476 -342.63757721833423 53.00000000000608
    vertex 440.3697254430769 -342.71083669181263 53.00000000000604
    vertex 440.3697254430769 -346.864317744856 53.000000000006
  endloop
endfacet
facet normal -6.691698782533884e-14 -1.349111161926366e-14 0.9999999999999999
  outer loop
    vertex 440.9261863900476 -346.9375772183344 53.000000000006
    vertex 440.9261863900476 -342.63757721833423 53.00000000000608
    vertex 440.3697254430769 -346.864317744856 53.000000000006
  endloop
endfacet
facet normal -6.691698782533884e-14 -1.349111161926366e-14 0.9999999999999999
  outer loop
    vertex 441.48264733701825 -342.71083669181263 53.00000000000608
    vertex 440.9261863900476 -342.63757721833423 53.00000000000608
    vertex 440.9261863900476 -346.9375772183344 53.000000000006
  endloop
endfacet
facet normal -6.691698782533884e-14 -1.349111161926366e-14 0.9999999999999999
  outer loop
    vertex 441.48264733701825 -346.864317744856 53.00000000000604
    vertex 441.48264733701825 -342.71083669181263 53.00000000000608
    vertex 440.9261863900476 -346.9375772183344 53.000000000006
  endloop
endfacet
facet normal -6.691698782533884e-14 -1.349111161926366e-14 0.9999999999999999
  outer loop
    vertex 442.0011863900475 -342.9256226001976 53.00000000000613
    vertex 441.48264733701825 -342.71083669181263 53.00000000000608
    vertex 441.48264733701825 -346.864317744856 53.00000000000604
  endloop
endfacet
facet normal -6.691698782533884e-14 -1.349111161926366e-14 0.9999999999999999
  outer loop
    vertex 442.0011863900475 -346.649531836471 53.00000000000608
    vertex 442.0011863900475 -342.9256226001976 53.00000000000613
    vertex 441.48264733701825 -346.864317744856 53.00000000000604
  endloop
endfacet
facet normal -6.691698782533884e-14 -1.349111161926366e-14 0.9999999999999999
  outer loop
    vertex 442.44646596959853 -343.2672976387833 53.000000000006175
    vertex 442.0011863900475 -342.9256226001976 53.00000000000613
    vertex 442.0011863900475 -346.649531836471 53.00000000000608
  endloop
endfacet
facet normal -6.691698782533884e-14 -1.349111161926366e-14 0.9999999999999999
  outer loop
    vertex 442.44646596959853 -346.30785679788534 53.00000000000613
    vertex 442.44646596959853 -343.2672976387833 53.000000000006175
    vertex 442.0011863900475 -346.649531836471 53.00000000000608
  endloop
endfacet
facet normal -6.691698782533884e-14 -1.349111161926366e-14 0.9999999999999999
  outer loop
    vertex 442.78814100818414 -343.7125772183341 53.000000000006175
    vertex 442.44646596959853 -343.2672976387833 53.000000000006175
    vertex 442.44646596959853 -346.30785679788534 53.00000000000613
  endloop
endfacet
facet normal -6.691698782533884e-14 -1.349111161926366e-14 0.9999999999999999
  outer loop
    vertex 442.78814100818414 -345.8625772183342 53.00000000000614
    vertex 442.78814100818414 -343.7125772183341 53.000000000006175
    vertex 442.44646596959853 -346.30785679788534 53.00000000000613
  endloop
endfacet
facet normal -6.691698782533884e-14 -1.349111161926366e-14 0.9999999999999999
  outer loop
    vertex 443.0029269165692 -344.2311162713639 53.000000000006175
    vertex 442.78814100818414 -343.7125772183341 53.000000000006175
    vertex 442.78814100818414 -345.8625772183342 53.00000000000614
  endloop
endfacet
facet normal -6.691698782533884e-14 -1.349111161926366e-14 0.9999999999999999
  outer loop
    vertex 443.0029269165692 -345.3440381653047 53.000000000006175
    vertex 443.0029269165692 -344.2311162713639 53.000000000006175
    vertex 442.78814100818414 -345.8625772183342 53.00000000000614
  endloop
endfacet
facet normal -6.691698782533884e-14 -1.349111161926366e-14 0.9999999999999999
  outer loop
    vertex 443.07618639004727 -344.78757721833426 53.000000000006175
    vertex 443.0029269165692 -344.2311162713639 53.000000000006175
    vertex 443.0029269165692 -345.3440381653047 53.000000000006175
  endloop
endfacet
facet normal 0.3826834323648895 -0.9238795325113697 0.0
  outer loop
    vertex 443.70268249355524 -334.6276929865084 15.000000000000249
    vertex 443.52179677738184 -334.70261830338694 15.000000000000249
    vertex 443.70268249355524 -334.6276929865084 5.000000000000244
  endloop
endfacet
facet normal 0.3826834323648895 -0.9238795325113697 0.0
  outer loop
    vertex 443.52179677738184 -334.70261830338694 5.000000000000244
    vertex 443.70268249355524 -334.6276929865084 5.000000000000244
    vertex 443.52179677738184 -334.70261830338694 15.000000000000249
  endloop
endfacet
facet normal 0.9238795325124709 0.38268343236223124 6.495027500587076e-20
  outer loop
    vertex 443.24727772454355 -335.72713735622506 15.000000000000249
    vertex 443.24727772454355 -335.72713735622506 5.000000000000244
    vertex 443.1723524076657 -335.54625164005193 15.000000000000249
  endloop
endfacet
facet normal 0.9238795325124709 0.38268343236223124 6.495027500587076e-20
  outer loop
    vertex 443.1723524076657 -335.54625164005193 5.0000000000002505
    vertex 443.1723524076657 -335.54625164005193 15.000000000000249
    vertex 443.24727772454355 -335.72713735622506 5.000000000000244
  endloop
endfacet
facet normal -0.583005961926255 -0.2877950609221009 0.7597881620999937
  outer loop
    vertex 420.759908943903 -380.1046591131407 12.947906805079992
    vertex 424.0069220387771 -380.1046591131407 15.439427583097729
    vertex 421.4802479269541 -373.00000000000693 16.191768511492235
  endloop
endfacet
facet normal -0.583005961926255 -0.2877950609221009 0.7597881620999937
  outer loop
    vertex 425.0256351981136 -373.00000000000693 18.912239847490024
    vertex 421.4802479269541 -373.00000000000693 16.191768511492235
    vertex 424.0069220387771 -380.1046591131407 15.439427583097729
  endloop
endfacet
facet normal -0.9230616174318927 -0.04206930044702902 0.3823446408463388
  outer loop
    vertex 425.2507790994784 -387.0033342331058 14.915254237293647
    vertex 426.6730901995446 -387.0033342331058 18.349016984986577
    vertex 426.4984428167951 -380.1046591131407 18.686440677971625
  endloop
endfacet
facet normal -0.9230616174318927 -0.04206930044702902 0.3823446408463388
  outer loop
    vertex 428.0646782543679 -380.1046591131407 22.467667513228797
    vertex 426.4984428167951 -380.1046591131407 18.686440677971625
    vertex 426.6730901995446 -387.0033342331058 18.349016984986577
  endloop
endfacet
facet normal 0.13005933396846717 0.9878987208882748 -0.08450258525624865
  outer loop
    vertex 438.4015726370317 -337.2839890088036 7.000000000000247
    vertex 438.9192107272374 -337.3521373562254 7.000000000000247
    vertex 438.3572950649241 -337.4492351575459 5.000000000000244
  endloop
endfacet
facet normal 0.13005933396846717 0.9878987208882748 -0.08450258525624865
  outer loop
    vertex 438.9192107272374 -337.52321275792315 5.000000000000244
    vertex 438.3572950649241 -337.4492351575459 5.000000000000244
    vertex 438.9192107272374 -337.3521373562254 7.000000000000247
  endloop
endfacet
facet normal 0.9914448613736897 -0.13052619222096812 0.0
  outer loop
    vertex 443.14679677738235 -335.35213735622494 15.000000000000249
    vertex 443.14679677738235 -335.35213735622494 5.0000000000002505
    vertex 443.1723524076657 -335.1580230723984 15.000000000000249
  endloop
endfacet
facet normal 0.9914448613736897 -0.13052619222096812 0.0
  outer loop
    vertex 443.1723524076657 -335.1580230723984 5.0000000000002505
    vertex 443.1723524076657 -335.1580230723984 15.000000000000249
    vertex 443.14679677738235 -335.35213735622494 5.0000000000002505
  endloop
endfacet
facet normal 0.9233987015100202 -0.0322587133194272 0.38248426564315513
  outer loop
    vertex 396.38558547692094 -373.00000000000693 26.58631804147099
    vertex 398.0957452520005 -373.00000000000693 22.457627118649626
    vertex 394.9939974220976 -364.0000000000073 30.704968569713202
  endloop
endfacet
facet normal 0.9233987015100202 -0.0322587133194272 0.38248426564315513
  outer loop
    vertex 396.84808153468384 -364.0000000000073 26.228813559327644
    vertex 394.9939974220976 -364.0000000000073 30.704968569713202
    vertex 398.0957452520005 -373.00000000000693 22.457627118649626
  endloop
endfacet
facet normal -0.38268343236603025 -0.9238795325108972 -0.0
  outer loop
    vertex 444.2717967773819 -334.70261830338694 15.000000000000249
    vertex 444.0909110612091 -334.6276929865084 15.000000000000249
    vertex 444.2717967773819 -334.70261830338694 5.000000000000244
  endloop
endfacet
facet normal -0.38268343236603025 -0.9238795325108972 -0.0
  outer loop
    vertex 444.0909110612091 -334.6276929865084 5.000000000000244
    vertex 444.2717967773819 -334.70261830338694 5.000000000000244
    vertex 444.0909110612091 -334.6276929865084 15.000000000000249
  endloop
endfacet
facet normal -0.13005933396846142 -0.9878987208882686 -0.08450258525632695
  outer loop
    vertex 439.4368488174418 -333.4202857036473 7.000000000000247
    vertex 438.9192107272374 -333.3521373562254 7.000000000000247
    vertex 439.4811263895499 -333.25503955490467 5.000000000000244
  endloop
endfacet
facet normal -0.13005933396846142 -0.9878987208882686 -0.08450258525632695
  outer loop
    vertex 438.9192107272374 -333.18106195452776 5.000000000000244
    vertex 439.4811263895499 -333.25503955490467 5.000000000000244
    vertex 438.9192107272374 -333.3521373562254 7.000000000000247
  endloop
endfacet
facet normal 0.9238795325124539 -0.38268343236227187 -2.027306146259558e-19
  outer loop
    vertex 443.1723524076657 -335.1580230723984 15.000000000000249
    vertex 443.1723524076657 -335.1580230723984 5.0000000000002505
    vertex 443.24727772454355 -334.9771373562252 15.000000000000249
  endloop
endfacet
facet normal 0.9238795325124539 -0.38268343236227187 -2.027306146259558e-19
  outer loop
    vertex 443.24727772454355 -334.9771373562252 5.000000000000244
    vertex 443.24727772454355 -334.9771373562252 15.000000000000249
    vertex 443.1723524076657 -335.1580230723984 5.0000000000002505
  endloop
endfacet
facet normal -0.7933533402928334 -0.6087614290066377 -5.769241055218212e-20
  outer loop
    vertex 444.5463158302202 -334.9771373562252 5.0000000000002505
    vertex 444.5463158302202 -334.9771373562252 15.000000000000249
    vertex 444.42712686327246 -334.82180727033534 5.000000000000244
  endloop
endfacet
facet normal -0.7933533402928334 -0.6087614290066377 -5.769241055218212e-20
  outer loop
    vertex 444.42712686327246 -334.82180727033534 15.000000000000249
    vertex 444.42712686327246 -334.82180727033534 5.000000000000244
    vertex 444.5463158302202 -334.9771373562252 15.000000000000249
  endloop
endfacet
facet normal -0.9233983453231269 -0.032270656197242724 0.3824841181057201
  outer loop
    vertex 424.0031153821617 -396.0000000000069 11.144067796615634
    vertex 425.28150214472134 -396.0000000000069 14.23036645674438
    vertex 425.2507790994784 -387.0033342331058 14.915254237293647
  endloop
endfacet
facet normal -0.9233983453231269 -0.032270656197242724 0.3824841181057201
  outer loop
    vertex 426.6730901995446 -387.0033342331058 18.349016984986577
    vertex 425.2507790994784 -387.0033342331058 14.915254237293647
    vertex 425.28150214472134 -396.0000000000069 14.23036645674438
  endloop
endfacet
facet normal 0.9250342443566201 0.3798837279584066 -3.71812683199004e-15
  outer loop
    vertex 392.2452726044306 -340.8236190979568 39.95571534380698
    vertex 390.26435739360505 -336.0000000000067 39.82587930134571
    vertex 392.2452726044306 -340.8236190979565 54.80000000000579
  endloop
endfacet
facet normal 0.9250342443566201 0.3798837279584066 -3.71812683199004e-15
  outer loop
    vertex 390.26435739360505 -336.0000000000067 54.80000000000579
    vertex 392.2452726044306 -340.8236190979565 54.80000000000579
    vertex 390.26435739360505 -336.0000000000067 39.82587930134571
  endloop
endfacet
facet normal 0.7933533402899399 -0.6087614290104087 0.0
  outer loop
    vertex 443.24727772454355 -334.9771373562252 15.000000000000249
    vertex 443.24727772454355 -334.9771373562252 5.000000000000244
    vertex 443.36646669149246 -334.82180727033534 15.000000000000249
  endloop
endfacet
facet normal 0.7933533402899399 -0.6087614290104087 0.0
  outer loop
    vertex 443.36646669149246 -334.82180727033534 5.000000000000244
    vertex 443.36646669149246 -334.82180727033534 15.000000000000249
    vertex 443.24727772454355 -334.9771373562252 5.000000000000244
  endloop
endfacet
facet normal 0.3058350594813962 0.9227092328755109 0.23467549501023183
  outer loop
    vertex 386.9401637795226 -328.6794919243181 25.000000000005763
    vertex 391.7077224574592 -328.6794919243181 18.78679656440942
    vertex 382.7627871025187 -326.6814834742254 22.58819045103095
  endloop
endfacet
facet normal 0.3058350594813962 0.9227092328755109 0.23467549501023183
  outer loop
    vertex 388.296908683438 -326.6814834742254 15.375982790388171
    vertex 382.7627871025187 -326.6814834742254 22.58819045103095
    vertex 391.7077224574592 -328.6794919243181 18.78679656440942
  endloop
endfacet
facet normal 0.9878987208883044 -0.1300593339682744 -0.08450258525619653
  outer loop
    vertex 436.91921072723665 -335.35213735622534 7.000000000000247
    vertex 436.7481353255392 -335.35213735622534 5.000000000000244
    vertex 436.98735907465846 -334.83449926602026 7.000000000000247
  endloop
endfacet
facet normal 0.9878987208883044 -0.1300593339682744 -0.08450258525619653
  outer loop
    vertex 436.8221129259161 -334.79022169391243 5.000000000000244
    vertex 436.98735907465846 -334.83449926602026 7.000000000000247
    vertex 436.7481353255392 -335.35213735622534 5.000000000000244
  endloop
endfacet
facet normal 0.6087614290088907 0.7933533402911046 0.0
  outer loop
    vertex 443.36646669149246 -335.88246744211494 15.000000000000249
    vertex 443.5217967773823 -336.00165640906334 15.000000000000249
    vertex 443.36646669149246 -335.88246744211494 5.000000000000244
  endloop
endfacet
facet normal 0.6087614290088907 0.7933533402911046 0.0
  outer loop
    vertex 443.5217967773823 -336.00165640906334 5.000000000000244
    vertex 443.36646669149246 -335.88246744211494 5.000000000000244
    vertex 443.5217967773823 -336.00165640906334 15.000000000000249
  endloop
endfacet
facet normal -0.3813146732278455 -0.9205750556397552 -0.08450258525632874
  outer loop
    vertex 439.91921072723716 -333.6200865486564 7.000000000000247
    vertex 439.4368488174418 -333.4202857036473 7.000000000000247
    vertex 440.00474842808586 -333.4719309048235 5.000000000000244
  endloop
endfacet
facet normal -0.3813146732278455 -0.9205750556397552 -0.08450258525632874
  outer loop
    vertex 439.4811263895499 -333.25503955490467 5.000000000000244
    vertex 440.00474842808586 -333.4719309048235 5.000000000000244
    vertex 439.4368488174418 -333.4202857036473 7.000000000000247
  endloop
endfacet
facet normal 0.5631251684765036 -0.7338790076440976 0.3798837279584688
  outer loop
    vertex 401.11222136731305 -414.69129547426417 10.523580981328843
    vertex 400.6168523918933 -415.07140545811166 10.523580981328843
    vertex 401.9245844285723 -415.50365853552313 7.750000000007836
  endloop
endfacet
facet normal 0.5631251684765036 -0.7338790076440976 0.3798837279584688
  outer loop
    vertex 401.19127982129527 -416.06634295109626 7.750000000007831
    vertex 401.9245844285723 -415.50365853552313 7.750000000007836
    vertex 400.6168523918933 -415.07140545811166 10.523580981328843
  endloop
endfacet
facet normal 0.13052619221974285 0.9914448613738509 0.0
  outer loop
    vertex 383.8366076157698 -336.07658172594256 15.000000000000215
    vertex 384.0307218995971 -336.1021373562257 15.000000000000215
    vertex 383.8366076157698 -336.07658172594256 5.000000000000183
  endloop
endfacet
facet normal 0.13052619221974285 0.9914448613738509 0.0
  outer loop
    vertex 384.0307218995971 -336.1021373562257 5.000000000000183
    vertex 383.8366076157698 -336.07658172594256 5.000000000000183
    vertex 384.0307218995971 -336.1021373562257 15.000000000000215
  endloop
endfacet
facet normal -0.6065840476603392 0.7905157216709788 -0.08450258525637257
  outer loop
    vertex 439.91921072723716 -337.0841881637942 7.000000000000247
    vertex 440.3334242896099 -336.7663509185985 7.000000000000247
    vertex 440.00474842808643 -337.23234380762705 5.000000000000244
  endloop
endfacet
facet normal -0.6065840476603392 0.7905157216709788 -0.08450258525637257
  outer loop
    vertex 440.45439286624475 -336.88731949523304 5.000000000000244
    vertex 440.00474842808643 -337.23234380762705 5.000000000000244
    vertex 440.3334242896099 -336.7663509185985 7.000000000000247
  endloop
endfacet
facet normal 0.3813146732281055 -0.9205750556396529 -0.0845025852562685
  outer loop
    vertex 438.4015726370317 -333.4202857036473 7.000000000000247
    vertex 437.91921072723693 -333.6200865486564 7.000000000000247
    vertex 438.3572950649241 -333.25503955490467 5.000000000000244
  endloop
endfacet
facet normal 0.3813146732281055 -0.9205750556396529 -0.0845025852562685
  outer loop
    vertex 437.8336730263883 -333.4719309048235 5.000000000000227
    vertex 438.3572950649241 -333.25503955490467 5.000000000000244
    vertex 437.91921072723693 -333.6200865486564 7.000000000000247
  endloop
endfacet
facet normal 0.9233983453231314 -0.032270656197242065 0.38248411810570954
  outer loop
    vertex 400.5603496413908 -396.0000000000069 14.230366456744338
    vertex 401.8387364039499 -396.0000000000069 11.144067796615582
    vertex 399.16876158656754 -387.0033342331058 18.349016984986577
  endloop
endfacet
facet normal 0.9233983453231314 -0.032270656197242065 0.38248411810570954
  outer loop
    vertex 400.5910726866337 -387.0033342331058 14.915254237293619
    vertex 399.16876158656754 -387.0033342331058 18.349016984986577
    vertex 401.8387364039499 -396.0000000000069 11.144067796615582
  endloop
endfacet
facet normal 0.0 0.0 -0.9999999999999999
  outer loop
    vertex 436.91921072723665 -335.35213735622534 7.000000000000247
    vertex 436.98735907465846 -334.83449926602026 7.000000000000247
    vertex 436.98735907465846 -335.8697754464303 7.000000000000247
  endloop
endfacet
facet normal 0.0 0.0 -0.9999999999999999
  outer loop
    vertex 437.1871599196683 -336.35213735622534 7.000000000000247
    vertex 436.98735907465846 -335.8697754464303 7.000000000000247
    vertex 436.98735907465846 -334.83449926602026 7.000000000000247
  endloop
endfacet
facet normal 0.0 0.0 -0.9999999999999999
  outer loop
    vertex 437.1871599196683 -334.35213735622557 7.000000000000247
    vertex 437.1871599196683 -336.35213735622534 7.000000000000247
    vertex 436.98735907465846 -334.83449926602026 7.000000000000247
  endloop
endfacet
facet normal 0.0 0.0 -0.9999999999999999
  outer loop
    vertex 437.50499716486405 -336.7663509185985 7.000000000000247
    vertex 437.1871599196683 -336.35213735622534 7.000000000000247
    vertex 437.1871599196683 -334.35213735622557 7.000000000000247
  endloop
endfacet
facet normal 0.0 0.0 -0.9999999999999999
  outer loop
    vertex 437.50499716486405 -333.9379237938523 7.000000000000247
    vertex 437.50499716486405 -336.7663509185985 7.000000000000247
    vertex 437.1871599196683 -334.35213735622557 7.000000000000247
  endloop
endfacet
facet normal 0.0 0.0 -0.9999999999999999
  outer loop
    vertex 437.91921072723693 -337.0841881637942 7.000000000000247
    vertex 437.50499716486405 -336.7663509185985 7.000000000000247
    vertex 437.50499716486405 -333.9379237938523 7.000000000000247
  endloop
endfacet
facet normal 0.0 0.0 -0.9999999999999999
  outer loop
    vertex 437.91921072723693 -333.6200865486564 7.000000000000247
    vertex 437.91921072723693 -337.0841881637942 7.000000000000247
    vertex 437.50499716486405 -333.9379237938523 7.000000000000247
  endloop
endfacet
facet normal 0.0 0.0 -0.9999999999999999
  outer loop
    vertex 438.4015726370317 -337.2839890088036 7.000000000000247
    vertex 437.91921072723693 -337.0841881637942 7.000000000000247
    vertex 437.91921072723693 -333.6200865486564 7.000000000000247
  endloop
endfacet
facet normal 0.0 0.0 -0.9999999999999999
  outer loop
    vertex 438.4015726370317 -333.4202857036473 7.000000000000247
    vertex 438.4015726370317 -337.2839890088036 7.000000000000247
    vertex 437.91921072723693 -333.6200865486564 7.000000000000247
  endloop
endfacet
facet normal 0.0 0.0 -0.9999999999999999
  outer loop
    vertex 438.9192107272374 -337.3521373562254 7.000000000000247
    vertex 438.4015726370317 -337.2839890088036 7.000000000000247
    vertex 438.4015726370317 -333.4202857036473 7.000000000000247
  endloop
endfacet
facet normal 0.0 0.0 -0.9999999999999999
  outer loop
    vertex 438.9192107272374 -333.3521373562254 7.000000000000247
    vertex 438.9192107272374 -337.3521373562254 7.000000000000247
    vertex 438.4015726370317 -333.4202857036473 7.000000000000247
  endloop
endfacet
facet normal 0.0 0.0 -0.9999999999999999
  outer loop
    vertex 439.4368488174418 -337.2839890088036 7.000000000000247
    vertex 438.9192107272374 -337.3521373562254 7.000000000000247
    vertex 438.9192107272374 -333.3521373562254 7.000000000000247
  endloop
endfacet
facet normal 0.0 0.0 -0.9999999999999999
  outer loop
    vertex 439.4368488174418 -333.4202857036473 7.000000000000247
    vertex 439.4368488174418 -337.2839890088036 7.000000000000247
    vertex 438.9192107272374 -333.3521373562254 7.000000000000247
  endloop
endfacet
facet normal 0.0 0.0 -0.9999999999999999
  outer loop
    vertex 439.91921072723716 -337.0841881637942 7.000000000000247
    vertex 439.4368488174418 -337.2839890088036 7.000000000000247
    vertex 439.4368488174418 -333.4202857036473 7.000000000000247
  endloop
endfacet
facet normal 0.0 0.0 -0.9999999999999999
  outer loop
    vertex 439.91921072723716 -333.6200865486564 7.000000000000247
    vertex 439.91921072723716 -337.0841881637942 7.000000000000247
    vertex 439.4368488174418 -333.4202857036473 7.000000000000247
  endloop
endfacet
facet normal 0.0 0.0 -0.9999999999999999
  outer loop
    vertex 440.3334242896099 -336.7663509185985 7.000000000000247
    vertex 439.91921072723716 -337.0841881637942 7.000000000000247
    vertex 439.91921072723716 -333.6200865486564 7.000000000000247
  endloop
endfacet
facet normal 0.0 0.0 -0.9999999999999999
  outer loop
    vertex 440.3334242896099 -333.9379237938523 7.000000000000247
    vertex 440.3334242896099 -336.7663509185985 7.000000000000247
    vertex 439.91921072723716 -333.6200865486564 7.000000000000247
  endloop
endfacet
facet normal 0.0 0.0 -0.9999999999999999
  outer loop
    vertex 440.6512615348062 -336.35213735622534 7.000000000000247
    vertex 440.3334242896099 -336.7663509185985 7.000000000000247
    vertex 440.3334242896099 -333.9379237938523 7.000000000000247
  endloop
endfacet
facet normal 0.0 0.0 -0.9999999999999999
  outer loop
    vertex 440.6512615348062 -334.35213735622517 7.000000000000247
    vertex 440.6512615348062 -336.35213735622534 7.000000000000247
    vertex 440.3334242896099 -333.9379237938523 7.000000000000247
  endloop
endfacet
facet normal 0.0 0.0 -0.9999999999999999
  outer loop
    vertex 440.851062379815 -335.8697754464303 7.000000000000247
    vertex 440.6512615348062 -336.35213735622534 7.000000000000247
    vertex 440.6512615348062 -334.35213735622517 7.000000000000247
  endloop
endfacet
facet normal 0.0 0.0 -0.9999999999999999
  outer loop
    vertex 440.851062379815 -334.83449926602026 7.000000000000247
    vertex 440.851062379815 -335.8697754464303 7.000000000000247
    vertex 440.6512615348062 -334.35213735622517 7.000000000000247
  endloop
endfacet
facet normal 0.0 0.0 -0.9999999999999999
  outer loop
    vertex 440.91921072723693 -335.35213735622534 7.000000000000247
    vertex 440.851062379815 -335.8697754464303 7.000000000000247
    vertex 440.851062379815 -334.83449926602026 7.000000000000247
  endloop
endfacet
facet normal 0.43078416697969873 0.8397381538286908 -0.33055231731753015
  outer loop
    vertex 443.0790646835935 -326.6814834742256 22.58819045103109
    vertex 447.56194204443653 -330.00000000000637 20.00000000000443
    vertex 437.5449431026734 -326.6814834742254 15.375982790388317
  endloop
endfacet
facet normal 0.43078416697969873 0.8397381538286908 -0.33055231731753015
  outer loop
    vertex 441.20519714052097 -330.00000000000637 11.715728752541164
    vertex 437.5449431026734 -326.6814834742254 15.375982790388317
    vertex 447.56194204443653 -330.00000000000637 20.00000000000443
  endloop
endfacet
facet normal -0.9878987208882961 -0.13005933396835187 -0.08450258525617454
  outer loop
    vertex 441.0902861289343 -335.35213735622534 5.000000000000244
    vertex 440.91921072723693 -335.35213735622534 7.000000000000247
    vertex 441.0163085285574 -334.79022169391243 5.0000000000002505
  endloop
endfacet
facet normal -0.9878987208882961 -0.13005933396835187 -0.08450258525617454
  outer loop
    vertex 440.851062379815 -334.83449926602026 7.000000000000247
    vertex 441.0163085285574 -334.79022169391243 5.0000000000002505
    vertex 440.91921072723693 -335.35213735622534 7.000000000000247
  endloop
endfacet
facet normal 0.6065840476599706 0.7905157216712608 -0.08450258525638321
  outer loop
    vertex 437.50499716486405 -336.7663509185985 7.000000000000247
    vertex 437.91921072723693 -337.0841881637942 7.000000000000247
    vertex 437.3840285882292 -336.8873194952333 5.000000000000227
  endloop
endfacet
facet normal 0.6065840476599706 0.7905157216712608 -0.08450258525638321
  outer loop
    vertex 437.8336730263883 -337.2323438076273 5.000000000000244
    vertex 437.3840285882292 -336.8873194952333 5.000000000000227
    vertex 437.91921072723693 -337.0841881637942 7.000000000000247
  endloop
endfacet
facet normal 0.7352878122146349 0.605467813125943 0.30456618406695135
  outer loop
    vertex 391.01421891624886 -336.0000000000067 34.1301155567452
    vertex 393.279909741678 -336.0000000000067 28.660254037850017
    vertex 387.9441468793376 -331.85786437627587 33.307492233749464
  endloop
endfacet
facet normal 0.7352878122146349 0.605467813125943 0.30456618406695135
  outer loop
    vertex 390.52735845559425 -331.85786437627587 27.07106781187122
    vertex 387.9441468793376 -331.85786437627587 33.307492233749464
    vertex 393.279909741678 -336.0000000000067 28.660254037850017
  endloop
endfacet
facet normal -0.6087614290071102 -0.7933533402924708 -0.0
  outer loop
    vertex 444.42712686327246 -334.82180727033534 15.000000000000249
    vertex 444.2717967773819 -334.70261830338694 15.000000000000249
    vertex 444.42712686327246 -334.82180727033534 5.000000000000244
  endloop
endfacet
facet normal -0.6087614290071102 -0.7933533402924708 -0.0
  outer loop
    vertex 444.2717967773819 -334.70261830338694 5.000000000000244
    vertex 444.42712686327246 -334.82180727033534 5.000000000000244
    vertex 444.2717967773819 -334.70261830338694 15.000000000000249
  endloop
endfacet
facet normal -0.2342221155020793 0.7908176098822782 0.5654622078528425
  outer loop
    vertex 425.8498580811902 -331.85786437627587 17.60643256254392
    vertex 427.9209258930559 -328.6794919243181 14.019237886472611
    vertex 419.6134336593123 -331.85786437627587 15.023220986287598
  endloop
endfacet
facet normal -0.2342221155020793 0.7908176098822782 0.5654622078528425
  outer loop
    vertex 420.6854972461318 -328.6794919243185 11.02222521133384
    vertex 419.6134336593123 -331.85786437627587 15.023220986287598
    vertex 427.9209258930559 -328.6794919243181 14.019237886472611
  endloop
endfacet
facet normal -0.7905157216710684 0.6065840476602422 -0.08450258525623212
  outer loop
    vertex 390.5434900887496 -359.88731949523304 5.000000000000205
    vertex 390.4225215121154 -359.76635091859845 7.000000000000224
    vertex 390.8885144011442 -359.43767505707405 5.000000000000205
  endloop
endfacet
facet normal -0.7905157216710684 0.6065840476602422 -0.08450258525623212
  outer loop
    vertex 390.74035875731107 -359.3521373562253 7.000000000000224
    vertex 390.8885144011442 -359.43767505707405 5.000000000000205
    vertex 390.4225215121154 -359.76635091859845 7.000000000000224
  endloop
endfacet
facet normal -0.7905157216709779 -0.606584047660355 -0.08450258525626946
  outer loop
    vertex 390.74035875731107 -357.35213735622546 7.000000000000224
    vertex 390.4225215121154 -356.9379237938523 7.000000000000224
    vertex 390.8885144011442 -357.26659965537647 5.000000000000205
  endloop
endfacet
facet normal -0.7905157216709779 -0.606584047660355 -0.08450258525626946
  outer loop
    vertex 390.5434900887496 -356.81695521721775 5.000000000000205
    vertex 390.8885144011442 -357.26659965537647 5.000000000000205
    vertex 390.4225215121154 -356.9379237938523 7.000000000000224
  endloop
endfacet
facet normal 0.9238795325113318 0.3826834323649808 1.2470414231783005e-13
  outer loop
    vertex 393.2542962414186 -409.9965478293679 54.80000000000297
    vertex 393.2542962414186 -409.99654782936733 53.000000000003155
    vertex 393.0395103330337 -409.4780087763381 54.80000000000301
  endloop
endfacet
facet normal 0.9238795325113318 0.3826834323649808 1.2470414231783005e-13
  outer loop
    vertex 393.0395103330337 -409.47800877633756 53.000000000003155
    vertex 393.0395103330337 -409.4780087763381 54.80000000000301
    vertex 393.2542962414186 -409.99654782936733 53.000000000003155
  endloop
endfacet
facet normal 0.38268343236538466 0.9238795325111647 -4.921541004868263e-14
  outer loop
    vertex 394.55978991258706 -410.9982883558897 54.800000000003024
    vertex 394.55978991258473 -410.9982883558888 53.00000000000322
    vertex 394.0412508595578 -410.78350244750476 54.80000000000301
  endloop
endfacet
facet normal 0.38268343236538466 0.9238795325111647 -4.921541004868263e-14
  outer loop
    vertex 394.04125085955553 -410.78350244750385 53.0000000000032
    vertex 394.0412508595578 -410.78350244750476 54.80000000000301
    vertex 394.55978991258473 -410.9982883558888 53.00000000000322
  endloop
endfacet
facet normal 0.7933533402912922 0.6087614290086462 1.1812594611255138e-19
  outer loop
    vertex 383.5003918137071 -335.88246744211557 15.000000000000215
    vertex 383.5003918137071 -335.88246744211557 5.000000000000183
    vertex 383.38120284675864 -335.7271373562256 15.000000000000215
  endloop
endfacet
facet normal 0.7933533402912922 0.6087614290086462 1.1812594611255138e-19
  outer loop
    vertex 383.38120284675864 -335.7271373562256 5.000000000000205
    vertex 383.38120284675864 -335.7271373562256 15.000000000000215
    vertex 383.5003918137071 -335.88246744211557 5.000000000000183
  endloop
endfacet
facet normal 0.3826834323651828 -0.9238795325112481 -3.2718070031480276e-14
  outer loop
    vertex 394.5597899125858 -406.84480730284514 54.80000000000326
    vertex 394.04125085955604 -407.0595932112302 54.8000000000032
    vertex 394.55978991258473 -406.8448073028455 53.00000000000329
  endloop
endfacet
facet normal 0.3826834323651828 -0.9238795325112481 -3.2718070031480276e-14
  outer loop
    vertex 394.04125085955553 -407.05959321123044 53.00000000000324
    vertex 394.55978991258473 -406.8448073028455 53.00000000000329
    vertex 394.04125085955604 -407.0595932112302 54.8000000000032
  endloop
endfacet
facet normal -0.6314059586429774 0.605467813125923 0.4844948324375141
  outer loop
    vertex 428.9577484266018 -336.0000000000067 23.963177466459786
    vertex 432.56194204443364 -336.0000000000067 28.660254037850017
    vertex 431.2051971405175 -331.8578643762756 21.715728752543722
  endloop
endfacet
facet normal -0.6314059586429774 0.605467813125923 0.4844948324375141
  outer loop
    vertex 435.3144933305174 -331.85786437627587 27.07106781187122
    vertex 431.2051971405175 -331.8578643762756 21.715728752543722
    vertex 432.56194204443364 -336.0000000000067 28.660254037850017
  endloop
endfacet
facet normal 0.793353340290438 0.6087614290097596 -3.00804261872861e-14
  outer loop
    vertex 393.59597128000496 -410.44182740891813 54.80000000000299
    vertex 393.5959712800044 -410.44182740891813 53.000000000003155
    vertex 393.2542962414186 -409.9965478293679 54.80000000000297
  endloop
endfacet
facet normal 0.793353340290438 0.6087614290097596 -3.00804261872861e-14
  outer loop
    vertex 393.2542962414186 -409.99654782936733 53.000000000003155
    vertex 393.2542962414186 -409.9965478293679 54.80000000000297
    vertex 393.5959712800044 -410.44182740891813 53.000000000003155
  endloop
endfacet
facet normal -0.6087614290089262 -0.7933533402910774 2.6234737160577966e-13
  outer loop
    vertex 396.63653043910756 -407.40126824981644 54.80000000000337
    vertex 396.1912508595564 -407.0595932112307 54.80000000000337
    vertex 396.63653043910637 -407.40126824981616 53.000000000003425
  endloop
endfacet
facet normal -0.6087614290089262 -0.7933533402910774 2.6234737160577966e-13
  outer loop
    vertex 396.1912508595553 -407.05959321123044 53.000000000003375
    vertex 396.63653043910637 -407.40126824981616 53.000000000003425
    vertex 396.1912508595564 -407.0595932112307 54.80000000000337
  endloop
endfacet
facet normal 0.0 0.0 -0.9999999999999999
  outer loop
    vertex 383.2807218995969 -358.3521373562258 15.000000000000215
    vertex 383.3062775298799 -358.15802307239886 15.000000000000215
    vertex 383.3062775298799 -358.54625164005245 15.000000000000215
  endloop
endfacet
facet normal 0.0 0.0 -0.9999999999999999
  outer loop
    vertex 383.38120284675864 -358.72713735622557 15.000000000000215
    vertex 383.3062775298799 -358.54625164005245 15.000000000000215
    vertex 383.3062775298799 -358.15802307239886 15.000000000000215
  endloop
endfacet
facet normal 0.0 0.0 -0.9999999999999999
  outer loop
    vertex 383.38120284675864 -357.97713735622574 15.000000000000215
    vertex 383.38120284675864 -358.72713735622557 15.000000000000215
    vertex 383.3062775298799 -358.15802307239886 15.000000000000215
  endloop
endfacet
facet normal 0.0 0.0 -0.9999999999999999
  outer loop
    vertex 383.5003918137071 -358.8824674421155 15.000000000000215
    vertex 383.38120284675864 -358.72713735622557 15.000000000000215
    vertex 383.38120284675864 -357.97713735622574 15.000000000000215
  endloop
endfacet
facet normal 0.0 0.0 -0.9999999999999999
  outer loop
    vertex 383.5003918137071 -357.82180727033585 15.000000000000215
    vertex 383.5003918137071 -358.8824674421155 15.000000000000215
    vertex 383.38120284675864 -357.97713735622574 15.000000000000215
  endloop
endfacet
facet normal 0.0 0.0 -0.9999999999999999
  outer loop
    vertex 383.6557218995969 -359.00165640906386 15.000000000000215
    vertex 383.5003918137071 -358.8824674421155 15.000000000000215
    vertex 383.5003918137071 -357.82180727033585 15.000000000000215
  endloop
endfacet
facet normal 0.0 0.0 -0.9999999999999999
  outer loop
    vertex 383.6557218995969 -357.70261830338745 15.000000000000215
    vertex 383.6557218995969 -359.00165640906386 15.000000000000215
    vertex 383.5003918137071 -357.82180727033585 15.000000000000215
  endloop
endfacet
facet normal 0.0 0.0 -0.9999999999999999
  outer loop
    vertex 383.8366076157698 -359.07658172594245 15.000000000000215
    vertex 383.6557218995969 -359.00165640906386 15.000000000000215
    vertex 383.6557218995969 -357.70261830338745 15.000000000000215
  endloop
endfacet
facet normal 0.0 0.0 -0.9999999999999999
  outer loop
    vertex 383.8366076157698 -357.6276929865089 15.000000000000215
    vertex 383.8366076157698 -359.07658172594245 15.000000000000215
    vertex 383.6557218995969 -357.70261830338745 15.000000000000215
  endloop
endfacet
facet normal 0.0 0.0 -0.9999999999999999
  outer loop
    vertex 384.0307218995971 -359.1021373562256 15.000000000000215
    vertex 383.8366076157698 -359.07658172594245 15.000000000000215
    vertex 383.8366076157698 -357.6276929865089 15.000000000000215
  endloop
endfacet
facet normal 0.0 0.0 -0.9999999999999999
  outer loop
    vertex 384.0307218995971 -357.6021373562257 15.000000000000215
    vertex 384.0307218995971 -359.1021373562256 15.000000000000215
    vertex 383.8366076157698 -357.6276929865089 15.000000000000215
  endloop
endfacet
facet normal 0.0 0.0 -0.9999999999999999
  outer loop
    vertex 384.2248361834243 -359.07658172594245 15.000000000000215
    vertex 384.0307218995971 -359.1021373562256 15.000000000000215
    vertex 384.0307218995971 -357.6021373562257 15.000000000000215
  endloop
endfacet
facet normal 0.0 0.0 -0.9999999999999999
  outer loop
    vertex 384.2248361834243 -357.6276929865089 15.000000000000215
    vertex 384.2248361834243 -359.07658172594245 15.000000000000215
    vertex 384.0307218995971 -357.6021373562257 15.000000000000215
  endloop
endfacet
facet normal 0.0 0.0 -0.9999999999999999
  outer loop
    vertex 384.40572189959715 -359.00165640906386 15.000000000000215
    vertex 384.2248361834243 -359.07658172594245 15.000000000000215
    vertex 384.2248361834243 -357.6276929865089 15.000000000000215
  endloop
endfacet
facet normal 0.0 0.0 -0.9999999999999999
  outer loop
    vertex 384.40572189959715 -357.70261830338745 15.000000000000215
    vertex 384.40572189959715 -359.00165640906386 15.000000000000215
    vertex 384.2248361834243 -357.6276929865089 15.000000000000215
  endloop
endfacet
facet normal 0.0 0.0 -0.9999999999999999
  outer loop
    vertex 384.5610519854864 -358.8824674421155 15.000000000000215
    vertex 384.40572189959715 -359.00165640906386 15.000000000000215
    vertex 384.40572189959715 -357.70261830338745 15.000000000000215
  endloop
endfacet
facet normal 0.0 0.0 -0.9999999999999999
  outer loop
    vertex 384.5610519854864 -357.82180727033585 15.000000000000215
    vertex 384.5610519854864 -358.8824674421155 15.000000000000215
    vertex 384.40572189959715 -357.70261830338745 15.000000000000215
  endloop
endfacet
facet normal 0.0 0.0 -0.9999999999999999
  outer loop
    vertex 384.68024095243544 -358.72713735622557 15.000000000000215
    vertex 384.5610519854864 -358.8824674421155 15.000000000000215
    vertex 384.5610519854864 -357.82180727033585 15.000000000000215
  endloop
endfacet
facet normal 0.0 0.0 -0.9999999999999999
  outer loop
    vertex 384.68024095243544 -357.97713735622574 15.000000000000215
    vertex 384.68024095243544 -358.72713735622557 15.000000000000215
    vertex 384.5610519854864 -357.82180727033585 15.000000000000215
  endloop
endfacet
facet normal 0.0 0.0 -0.9999999999999999
  outer loop
    vertex 384.7551662693137 -358.54625164005245 15.000000000000215
    vertex 384.68024095243544 -358.72713735622557 15.000000000000215
    vertex 384.68024095243544 -357.97713735622574 15.000000000000215
  endloop
endfacet
facet normal 0.0 0.0 -0.9999999999999999
  outer loop
    vertex 384.7551662693137 -358.15802307239886 15.000000000000215
    vertex 384.7551662693137 -358.54625164005245 15.000000000000215
    vertex 384.68024095243544 -357.97713735622574 15.000000000000215
  endloop
endfacet
facet normal 0.0 0.0 -0.9999999999999999
  outer loop
    vertex 384.7807218995966 -358.3521373562258 15.000000000000215
    vertex 384.7551662693137 -358.54625164005245 15.000000000000215
    vertex 384.7551662693137 -358.15802307239886 15.000000000000215
  endloop
endfacet
facet normal -0.43688750073990484 -0.8995161542169432 5.351846416003523e-20
  outer loop
    vertex 429.2095777088845 -383.688291946936 15.000000000000249
    vertex 429.0334620812093 -383.60275405408595 15.000000000000249
    vertex 429.2095777088845 -383.688291946936 5.000000000000244
  endloop
endfacet
facet normal -0.43688750073990484 -0.8995161542169432 5.351846416003523e-20
  outer loop
    vertex 429.0334620812093 -383.60275405408595 5.000000000000227
    vertex 429.2095777088845 -383.688291946936 5.000000000000244
    vertex 429.0334620812093 -383.60275405408595 15.000000000000249
  endloop
endfacet
facet normal 0.9878987208882988 0.13005933396832486 -0.08450258525618548
  outer loop
    vertex 386.91121014842156 -358.9140530185384 5.000000000000183
    vertex 386.8372325480446 -358.3521373562255 5.000000000000227
    vertex 387.07645629716393 -358.86977544643054 7.000000000000224
  endloop
endfacet
facet normal 0.9878987208882988 0.13005933396832486 -0.08450258525618548
  outer loop
    vertex 387.00830794974206 -358.3521373562255 7.000000000000224
    vertex 387.07645629716393 -358.86977544643054 7.000000000000224
    vertex 386.8372325480446 -358.3521373562255 5.000000000000227
  endloop
endfacet
facet normal -0.13052619222028897 -0.9914448613737792 1.2432944473453177e-13
  outer loop
    vertex 395.6727118065278 -406.84480730284577 54.80000000000333
    vertex 395.1162508595571 -406.77154782936674 54.800000000003294
    vertex 395.6727118065261 -406.8448073028455 53.00000000000335
  endloop
endfacet
facet normal -0.13052619222028897 -0.9914448613737792 1.2432944473453177e-13
  outer loop
    vertex 395.1162508595554 -406.7715478293671 53.00000000000331
    vertex 395.6727118065261 -406.8448073028455 53.00000000000335
    vertex 395.1162508595571 -406.77154782936674 54.800000000003294
  endloop
endfacet
facet normal -0.9238795325112426 0.38268343236519653 -2.283298585267716e-13
  outer loop
    vertex 396.97820547769146 -409.99654782936733 54.80000000000324
    vertex 397.1929913860765 -409.47800877633784 54.80000000000329
    vertex 396.9782054776921 -409.9965478293671 53.000000000003375
  endloop
endfacet
facet normal -0.9238795325112426 0.38268343236519653 -2.283298585267716e-13
  outer loop
    vertex 397.19299138607704 -409.47800877633756 53.000000000003425
    vertex 396.9782054776921 -409.9965478293671 53.000000000003375
    vertex 397.1929913860765 -409.47800877633784 54.80000000000329
  endloop
endfacet
facet normal 0.7933533402910042 -0.6087614290090216 -1.29258813843735e-13
  outer loop
    vertex 393.2542962414186 -407.8465478293676 54.800000000003116
    vertex 393.2542962414186 -407.8465478293672 53.0000000000032
    vertex 393.59597128000496 -407.4012682498158 54.800000000003145
  endloop
endfacet
facet normal 0.7933533402910042 -0.6087614290090216 -1.29258813843735e-13
  outer loop
    vertex 393.5959712800044 -407.40126824981616 53.0000000000032
    vertex 393.59597128000496 -407.4012682498158 54.800000000003145
    vertex 393.2542962414186 -407.8465478293672 53.0000000000032
  endloop
endfacet
facet normal 0.38131467322809837 0.9205750556396557 -0.08450258525627133
  outer loop
    vertex 388.0083079497424 -360.0841881637944 7.000000000000224
    vertex 388.49066985953715 -360.2839890088035 7.000000000000224
    vertex 387.92277024889364 -360.2323438076273 5.000000000000183
  endloop
endfacet
facet normal 0.38131467322809837 0.9205750556396557 -0.08450258525627133
  outer loop
    vertex 388.4463922874296 -360.4492351575461 5.000000000000205
    vertex 387.92277024889364 -360.2323438076273 5.000000000000183
    vertex 388.49066985953715 -360.2839890088035 7.000000000000224
  endloop
endfacet
facet normal 0.9914448613738441 0.13052619221979508 1.7037794857579464e-13
  outer loop
    vertex 393.0395103330337 -409.4780087763381 54.80000000000301
    vertex 393.0395103330337 -409.47800877633756 53.000000000003155
    vertex 392.96625085955503 -408.92154782936717 54.800000000003024
  endloop
endfacet
facet normal 0.9914448613738441 0.13052619221979508 1.7037794857579464e-13
  outer loop
    vertex 392.96625085955554 -408.92154782936717 53.000000000003155
    vertex 392.96625085955503 -408.92154782936717 54.800000000003024
    vertex 393.0395103330337 -409.47800877633756 53.000000000003155
  endloop
endfacet
facet normal -0.9878987208883077 0.13005933396824332 -0.08450258525620785
  outer loop
    vertex 391.1054057510628 -358.9140530185384 5.000000000000205
    vertex 390.9401596023204 -358.86977544643054 7.000000000000224
    vertex 391.17938335143975 -358.3521373562255 5.000000000000205
  endloop
endfacet
facet normal -0.9878987208883077 0.13005933396824332 -0.08450258525620785
  outer loop
    vertex 391.00830794974223 -358.3521373562255 7.000000000000224
    vertex 391.17938335143975 -358.3521373562255 5.000000000000205
    vertex 390.9401596023204 -358.86977544643054 7.000000000000224
  endloop
endfacet
facet normal -0.3826834323655608 -0.9238795325110916 1.5452303182897212e-13
  outer loop
    vertex 396.1912508595564 -407.0595932112307 54.80000000000337
    vertex 395.6727118065278 -406.84480730284577 54.80000000000333
    vertex 396.1912508595553 -407.05959321123044 53.000000000003375
  endloop
endfacet
facet normal -0.3826834323655608 -0.9238795325110916 1.5452303182897212e-13
  outer loop
    vertex 395.6727118065261 -406.8448073028455 53.00000000000335
    vertex 396.1912508595553 -407.05959321123044 53.000000000003375
    vertex 395.6727118065278 -406.84480730284577 54.80000000000333
  endloop
endfacet
facet normal -0.13052619221972744 0.991444861373853 -2.2001176423000569e-13
  outer loop
    vertex 395.6727118065278 -410.9982883558883 54.8000000000031
    vertex 395.6727118065261 -410.9982883558888 53.00000000000329
    vertex 395.1162508595565 -411.07154782936664 54.80000000000306
  endloop
endfacet
facet normal -0.13052619221972744 0.991444861373853 -2.2001176423000569e-13
  outer loop
    vertex 395.1162508595554 -411.0715478293672 53.000000000003254
    vertex 395.1162508595565 -411.07154782936664 54.80000000000306
    vertex 395.6727118065261 -410.9982883558888 53.00000000000329
  endloop
endfacet
facet normal 0.13052619221972744 -0.991444861373853 5.22618806166595e-14
  outer loop
    vertex 395.1162508595571 -406.77154782936674 54.800000000003294
    vertex 394.5597899125858 -406.84480730284514 54.80000000000326
    vertex 395.1162508595554 -406.7715478293671 53.00000000000331
  endloop
endfacet
facet normal 0.13052619221972744 -0.991444861373853 5.22618806166595e-14
  outer loop
    vertex 394.55978991258473 -406.8448073028455 53.00000000000329
    vertex 395.1162508595554 -406.7715478293671 53.00000000000331
    vertex 394.5597899125858 -406.84480730284514 54.80000000000326
  endloop
endfacet
facet normal 0.923879532511072 -0.38268343236560803 8.937939189756472e-14
  outer loop
    vertex 393.03951033303315 -408.365086882397 54.80000000000306
    vertex 393.0395103330337 -408.3650868823967 53.000000000003155
    vertex 393.2542962414186 -407.8465478293676 54.800000000003116
  endloop
endfacet
facet normal 0.923879532511072 -0.38268343236560803 8.937939189756472e-14
  outer loop
    vertex 393.2542962414186 -407.8465478293672 53.0000000000032
    vertex 393.2542962414186 -407.8465478293676 54.800000000003116
    vertex 393.0395103330337 -408.3650868823967 53.000000000003155
  endloop
endfacet
facet normal 0.6087614290086439 0.793353340291294 -2.993731935434378e-13
  outer loop
    vertex 394.0412508595578 -410.78350244750476 54.80000000000301
    vertex 394.04125085955553 -410.78350244750385 53.0000000000032
    vertex 393.59597128000496 -410.44182740891813 54.80000000000299
  endloop
endfacet
facet normal 0.6087614290086439 0.793353340291294 -2.993731935434378e-13
  outer loop
    vertex 393.5959712800044 -410.44182740891813 53.000000000003155
    vertex 393.59597128000496 -410.44182740891813 54.80000000000299
    vertex 394.04125085955553 -410.78350244750385 53.0000000000032
  endloop
endfacet
facet normal -0.991444861373889 -0.13052619221945488 3.0221645162263303e-13
  outer loop
    vertex 397.2662508595552 -408.92154782936717 53.000000000003425
    vertex 397.2662508595558 -408.92154782936717 54.80000000000333
    vertex 397.19299138607704 -408.3650868823967 53.000000000003425
  endloop
endfacet
facet normal -0.991444861373889 -0.13052619221945488 3.0221645162263303e-13
  outer loop
    vertex 397.1929913860776 -408.36508688239735 54.80000000000335
    vertex 397.19299138607704 -408.3650868823967 53.000000000003425
    vertex 397.2662508595558 -408.92154782936717 54.80000000000333
  endloop
endfacet
facet normal -0.3826834323659983 0.9238795325109105 -1.4363353659403322e-13
  outer loop
    vertex 396.1912508595564 -410.78350244750266 54.800000000003145
    vertex 396.1912508595553 -410.78350244750385 53.00000000000333
    vertex 395.6727118065278 -410.9982883558883 54.8000000000031
  endloop
endfacet
facet normal -0.3826834323659983 0.9238795325109105 -1.4363353659403322e-13
  outer loop
    vertex 395.6727118065261 -410.9982883558888 53.00000000000329
    vertex 395.6727118065278 -410.9982883558883 54.8000000000031
    vertex 396.1912508595553 -410.78350244750385 53.00000000000333
  endloop
endfacet
facet normal -0.7933533402912257 -0.608761429008733 2.428174467367471e-13
  outer loop
    vertex 396.9782054776927 -407.8465478293676 54.80000000000337
    vertex 396.63653043910756 -407.40126824981644 54.80000000000337
    vertex 396.9782054776921 -407.84654782936695 53.000000000003425
  endloop
endfacet
facet normal -0.7933533402912257 -0.608761429008733 2.428174467367471e-13
  outer loop
    vertex 396.63653043910637 -407.40126824981616 53.000000000003425
    vertex 396.9782054776921 -407.84654782936695 53.000000000003425
    vertex 396.63653043910756 -407.40126824981644 54.80000000000337
  endloop
endfacet
facet normal -0.9238795325113318 -0.3826834323649808 1.7875337863087838e-13
  outer loop
    vertex 397.1929913860776 -408.36508688239735 54.80000000000335
    vertex 396.9782054776927 -407.8465478293676 54.80000000000337
    vertex 397.19299138607704 -408.3650868823967 53.000000000003425
  endloop
endfacet
facet normal -0.9238795325113318 -0.3826834323649808 1.7875337863087838e-13
  outer loop
    vertex 396.9782054776921 -407.84654782936695 53.000000000003425
    vertex 397.19299138607704 -408.3650868823967 53.000000000003425
    vertex 396.9782054776927 -407.8465478293676 54.80000000000337
  endloop
endfacet
facet normal -0.9914448613737722 0.13052619222034254 2.3057114961449166e-14
  outer loop
    vertex 397.1929913860765 -409.47800877633784 54.80000000000329
    vertex 397.2662508595558 -408.92154782936717 54.80000000000333
    vertex 397.19299138607704 -409.47800877633756 53.000000000003425
  endloop
endfacet
facet normal -0.9914448613737722 0.13052619222034254 2.3057114961449166e-14
  outer loop
    vertex 397.2662508595552 -408.92154782936717 53.000000000003425
    vertex 397.19299138607704 -409.47800877633756 53.000000000003425
    vertex 397.2662508595558 -408.92154782936717 54.80000000000333
  endloop
endfacet
facet normal 0.9914448613738984 -0.13052619221938286 3.0001547808010433e-13
  outer loop
    vertex 392.96625085955503 -408.92154782936717 54.800000000003024
    vertex 392.96625085955554 -408.92154782936717 53.000000000003155
    vertex 393.03951033303315 -408.365086882397 54.80000000000306
  endloop
endfacet
facet normal 0.9914448613738984 -0.13052619221938286 3.0001547808010433e-13
  outer loop
    vertex 393.0395103330337 -408.3650868823967 53.000000000003155
    vertex 393.03951033303315 -408.365086882397 54.80000000000306
    vertex 392.96625085955554 -408.92154782936717 53.000000000003155
  endloop
endfacet
facet normal 0.9841401193995446 0.12116626804275832 0.12956450469492226
  outer loop
    vertex 398.683637757463 -387.0033342331058 22.033898305090112
    vertex 399.16876158656754 -387.0033342331058 18.349016984986577
    vertex 397.24295979136076 -380.1046591131407 26.525423728818957
  endloop
endfacet
facet normal 0.9841401193995446 0.12116626804275832 0.12956450469492226
  outer loop
    vertex 397.7771735317442 -380.1046591131407 22.46766751322877
    vertex 397.24295979136076 -380.1046591131407 26.525423728818957
    vertex 399.16876158656754 -387.0033342331058 18.349016984986577
  endloop
endfacet
facet normal -0.7933533402909965 0.6087614290090316 -2.008928688745467e-13
  outer loop
    vertex 396.63653043910637 -410.44182740891813 53.000000000003375
    vertex 396.63653043910585 -410.44182740891813 54.800000000003195
    vertex 396.9782054776921 -409.9965478293671 53.000000000003375
  endloop
endfacet
facet normal -0.7933533402909965 0.6087614290090316 -2.008928688745467e-13
  outer loop
    vertex 396.97820547769146 -409.99654782936733 54.80000000000324
    vertex 396.9782054776921 -409.9965478293671 53.000000000003375
    vertex 396.63653043910585 -410.44182740891813 54.800000000003195
  endloop
endfacet
facet normal 0.6087614290089326 -0.7933533402910725 -6.6450330273093e-14
  outer loop
    vertex 394.04125085955604 -407.0595932112302 54.8000000000032
    vertex 393.59597128000496 -407.4012682498158 54.800000000003145
    vertex 394.04125085955553 -407.05959321123044 53.00000000000324
  endloop
endfacet
facet normal 0.6087614290089326 -0.7933533402910725 -6.6450330273093e-14
  outer loop
    vertex 393.5959712800044 -407.40126824981616 53.0000000000032
    vertex 394.04125085955553 -407.05959321123044 53.00000000000324
    vertex 393.59597128000496 -407.4012682498158 54.800000000003145
  endloop
endfacet
facet normal -0.6087614290090125 0.793353340291011 -1.543677942884102e-13
  outer loop
    vertex 396.63653043910585 -410.44182740891813 54.800000000003195
    vertex 396.63653043910637 -410.44182740891813 53.000000000003375
    vertex 396.1912508595564 -410.78350244750266 54.800000000003145
  endloop
endfacet
facet normal -0.6087614290090125 0.793353340291011 -1.543677942884102e-13
  outer loop
    vertex 396.1912508595553 -410.78350244750385 53.00000000000333
    vertex 396.1912508595564 -410.78350244750266 54.800000000003145
    vertex 396.63653043910637 -410.44182740891813 53.000000000003375
  endloop
endfacet
facet normal 0.13052619221866602 0.9914448613739928 -4.977421452432225e-14
  outer loop
    vertex 395.1162508595565 -411.07154782936664 54.80000000000306
    vertex 395.1162508595554 -411.0715478293672 53.000000000003254
    vertex 394.55978991258706 -410.9982883558897 54.800000000003024
  endloop
endfacet
facet normal 0.13052619221866602 0.9914448613739928 -4.977421452432225e-14
  outer loop
    vertex 394.55978991258473 -410.9982883558888 53.00000000000322
    vertex 394.55978991258706 -410.9982883558897 54.800000000003024
    vertex 395.1162508595554 -411.0715478293672 53.000000000003254
  endloop
endfacet
facet normal 0.9205750556397462 0.3813146732278766 -0.08450258525628604
  outer loop
    vertex 387.12810149834013 -359.4376750570743 5.000000000000183
    vertex 386.91121014842156 -358.9140530185384 5.000000000000183
    vertex 387.27625714217316 -359.35213735622557 7.000000000000224
  endloop
endfacet
facet normal 0.9205750556397462 0.3813146732278766 -0.08450258525628604
  outer loop
    vertex 387.07645629716393 -358.86977544643054 7.000000000000224
    vertex 387.27625714217316 -359.35213735622557 7.000000000000224
    vertex 386.91121014842156 -358.9140530185384 5.000000000000183
  endloop
endfacet
facet normal 0.9788824500776931 0.2044239441207718 -1.4866603366156924e-18
  outer loop
    vertex 398.683637757463 -387.0033342331058 54.80000000000579
    vertex 398.683637757463 -387.0033342331058 22.033898305090112
    vertex 397.24295979136076 -380.1046591131407 54.80000000000579
  endloop
endfacet
facet normal 0.9788824500776931 0.2044239441207718 -1.4866603366156924e-18
  outer loop
    vertex 397.24295979136076 -380.1046591131407 26.525423728818957
    vertex 397.24295979136076 -380.1046591131407 54.80000000000579
    vertex 398.683637757463 -387.0033342331058 22.033898305090112
  endloop
endfacet
facet normal -6.691698782533887e-14 -1.349111161926366e-14 0.9999999999999999
  outer loop
    vertex 392.96625085955554 -408.92154782936717 53.000000000003155
    vertex 393.0395103330337 -409.47800877633756 53.000000000003155
    vertex 393.0395103330337 -408.3650868823967 53.000000000003155
  endloop
endfacet
facet normal -6.691698782533887e-14 -1.349111161926366e-14 0.9999999999999999
  outer loop
    vertex 393.2542962414186 -407.8465478293672 53.0000000000032
    vertex 393.0395103330337 -408.3650868823967 53.000000000003155
    vertex 393.0395103330337 -409.47800877633756 53.000000000003155
  endloop
endfacet
facet normal -6.691698782533887e-14 -1.349111161926366e-14 0.9999999999999999
  outer loop
    vertex 393.2542962414186 -409.99654782936733 53.000000000003155
    vertex 393.2542962414186 -407.8465478293672 53.0000000000032
    vertex 393.0395103330337 -409.47800877633756 53.000000000003155
  endloop
endfacet
facet normal -6.691698782533887e-14 -1.349111161926366e-14 0.9999999999999999
  outer loop
    vertex 393.5959712800044 -407.40126824981616 53.0000000000032
    vertex 393.2542962414186 -407.8465478293672 53.0000000000032
    vertex 393.2542962414186 -409.99654782936733 53.000000000003155
  endloop
endfacet
facet normal -6.691698782533887e-14 -1.349111161926366e-14 0.9999999999999999
  outer loop
    vertex 393.5959712800044 -410.44182740891813 53.000000000003155
    vertex 393.5959712800044 -407.40126824981616 53.0000000000032
    vertex 393.2542962414186 -409.99654782936733 53.000000000003155
  endloop
endfacet
facet normal -6.691698782533887e-14 -1.349111161926366e-14 0.9999999999999999
  outer loop
    vertex 394.04125085955553 -407.05959321123044 53.00000000000324
    vertex 393.5959712800044 -407.40126824981616 53.0000000000032
    vertex 393.5959712800044 -410.44182740891813 53.000000000003155
  endloop
endfacet
facet normal -6.691698782533887e-14 -1.349111161926366e-14 0.9999999999999999
  outer loop
    vertex 394.04125085955553 -410.78350244750385 53.0000000000032
    vertex 394.04125085955553 -407.05959321123044 53.00000000000324
    vertex 393.5959712800044 -410.44182740891813 53.000000000003155
  endloop
endfacet
facet normal -6.691698782533887e-14 -1.349111161926366e-14 0.9999999999999999
  outer loop
    vertex 394.55978991258473 -406.8448073028455 53.00000000000329
    vertex 394.04125085955553 -407.05959321123044 53.00000000000324
    vertex 394.04125085955553 -410.78350244750385 53.0000000000032
  endloop
endfacet
facet normal -6.691698782533887e-14 -1.349111161926366e-14 0.9999999999999999
  outer loop
    vertex 394.55978991258473 -410.9982883558888 53.00000000000322
    vertex 394.55978991258473 -406.8448073028455 53.00000000000329
    vertex 394.04125085955553 -410.78350244750385 53.0000000000032
  endloop
endfacet
facet normal -6.691698782533887e-14 -1.349111161926366e-14 0.9999999999999999
  outer loop
    vertex 395.1162508595554 -406.7715478293671 53.00000000000331
    vertex 394.55978991258473 -406.8448073028455 53.00000000000329
    vertex 394.55978991258473 -410.9982883558888 53.00000000000322
  endloop
endfacet
facet normal -6.691698782533887e-14 -1.349111161926366e-14 0.9999999999999999
  outer loop
    vertex 395.1162508595554 -411.0715478293672 53.000000000003254
    vertex 395.1162508595554 -406.7715478293671 53.00000000000331
    vertex 394.55978991258473 -410.9982883558888 53.00000000000322
  endloop
endfacet
facet normal -6.691698782533887e-14 -1.349111161926366e-14 0.9999999999999999
  outer loop
    vertex 395.6727118065261 -406.8448073028455 53.00000000000335
    vertex 395.1162508595554 -406.7715478293671 53.00000000000331
    vertex 395.1162508595554 -411.0715478293672 53.000000000003254
  endloop
endfacet
facet normal -6.691698782533887e-14 -1.349111161926366e-14 0.9999999999999999
  outer loop
    vertex 395.6727118065261 -410.9982883558888 53.00000000000329
    vertex 395.6727118065261 -406.8448073028455 53.00000000000335
    vertex 395.1162508595554 -411.0715478293672 53.000000000003254
  endloop
endfacet
facet normal -6.691698782533887e-14 -1.349111161926366e-14 0.9999999999999999
  outer loop
    vertex 396.1912508595553 -407.05959321123044 53.000000000003375
    vertex 395.6727118065261 -406.8448073028455 53.00000000000335
    vertex 395.6727118065261 -410.9982883558888 53.00000000000329
  endloop
endfacet
facet normal -6.691698782533887e-14 -1.349111161926366e-14 0.9999999999999999
  outer loop
    vertex 396.1912508595553 -410.78350244750385 53.00000000000333
    vertex 396.1912508595553 -407.05959321123044 53.000000000003375
    vertex 395.6727118065261 -410.9982883558888 53.00000000000329
  endloop
endfacet
facet normal -6.691698782533887e-14 -1.349111161926366e-14 0.9999999999999999
  outer loop
    vertex 396.63653043910637 -407.40126824981616 53.000000000003425
    vertex 396.1912508595553 -407.05959321123044 53.000000000003375
    vertex 396.1912508595553 -410.78350244750385 53.00000000000333
  endloop
endfacet
facet normal -6.691698782533887e-14 -1.349111161926366e-14 0.9999999999999999
  outer loop
    vertex 396.63653043910637 -410.44182740891813 53.000000000003375
    vertex 396.63653043910637 -407.40126824981616 53.000000000003425
    vertex 396.1912508595553 -410.78350244750385 53.00000000000333
  endloop
endfacet
facet normal -6.691698782533887e-14 -1.349111161926366e-14 0.9999999999999999
  outer loop
    vertex 396.9782054776921 -407.84654782936695 53.000000000003425
    vertex 396.63653043910637 -407.40126824981616 53.000000000003425
    vertex 396.63653043910637 -410.44182740891813 53.000000000003375
  endloop
endfacet
facet normal -6.691698782533887e-14 -1.349111161926366e-14 0.9999999999999999
  outer loop
    vertex 396.9782054776921 -409.9965478293671 53.000000000003375
    vertex 396.9782054776921 -407.84654782936695 53.000000000003425
    vertex 396.63653043910637 -410.44182740891813 53.000000000003375
  endloop
endfacet
facet normal -6.691698782533887e-14 -1.349111161926366e-14 0.9999999999999999
  outer loop
    vertex 397.19299138607704 -408.3650868823967 53.000000000003425
    vertex 396.9782054776921 -407.84654782936695 53.000000000003425
    vertex 396.9782054776921 -409.9965478293671 53.000000000003375
  endloop
endfacet
facet normal -6.691698782533887e-14 -1.349111161926366e-14 0.9999999999999999
  outer loop
    vertex 397.19299138607704 -409.47800877633756 53.000000000003425
    vertex 397.19299138607704 -408.3650868823967 53.000000000003425
    vertex 396.9782054776921 -409.9965478293671 53.000000000003375
  endloop
endfacet
facet normal -6.691698782533887e-14 -1.349111161926366e-14 0.9999999999999999
  outer loop
    vertex 397.2662508595552 -408.92154782936717 53.000000000003425
    vertex 397.19299138607704 -408.3650868823967 53.000000000003425
    vertex 397.19299138607704 -409.47800877633756 53.000000000003425
  endloop
endfacet
facet normal 0.0 0.0 -0.9999999999999999
  outer loop
    vertex 443.14679677738235 -335.35213735622494 15.000000000000249
    vertex 443.1723524076657 -335.1580230723984 15.000000000000249
    vertex 443.1723524076657 -335.54625164005193 15.000000000000249
  endloop
endfacet
facet normal 0.0 0.0 -0.9999999999999999
  outer loop
    vertex 443.24727772454355 -335.72713735622506 15.000000000000249
    vertex 443.1723524076657 -335.54625164005193 15.000000000000249
    vertex 443.1723524076657 -335.1580230723984 15.000000000000249
  endloop
endfacet
facet normal 0.0 0.0 -0.9999999999999999
  outer loop
    vertex 443.24727772454355 -334.9771373562252 15.000000000000249
    vertex 443.24727772454355 -335.72713735622506 15.000000000000249
    vertex 443.1723524076657 -335.1580230723984 15.000000000000249
  endloop
endfacet
facet normal 0.0 0.0 -0.9999999999999999
  outer loop
    vertex 443.36646669149246 -335.88246744211494 15.000000000000249
    vertex 443.24727772454355 -335.72713735622506 15.000000000000249
    vertex 443.24727772454355 -334.9771373562252 15.000000000000249
  endloop
endfacet
facet normal 0.0 0.0 -0.9999999999999999
  outer loop
    vertex 443.36646669149246 -334.82180727033534 15.000000000000249
    vertex 443.36646669149246 -335.88246744211494 15.000000000000249
    vertex 443.24727772454355 -334.9771373562252 15.000000000000249
  endloop
endfacet
facet normal 0.0 0.0 -0.9999999999999999
  outer loop
    vertex 443.5217967773823 -336.00165640906334 15.000000000000249
    vertex 443.36646669149246 -335.88246744211494 15.000000000000249
    vertex 443.36646669149246 -334.82180727033534 15.000000000000249
  endloop
endfacet
facet normal 0.0 0.0 -0.9999999999999999
  outer loop
    vertex 443.52179677738184 -334.70261830338694 15.000000000000249
    vertex 443.5217967773823 -336.00165640906334 15.000000000000249
    vertex 443.36646669149246 -334.82180727033534 15.000000000000249
  endloop
endfacet
facet normal 0.0 0.0 -0.9999999999999999
  outer loop
    vertex 443.70268249355524 -334.6276929865084 15.000000000000249
    vertex 443.5217967773823 -336.00165640906334 15.000000000000249
    vertex 443.52179677738184 -334.70261830338694 15.000000000000249
  endloop
endfacet
facet normal 0.0 0.0 -0.9999999999999999
  outer loop
    vertex 443.70268249355524 -336.0765817259419 15.000000000000249
    vertex 443.5217967773823 -336.00165640906334 15.000000000000249
    vertex 443.70268249355524 -334.6276929865084 15.000000000000249
  endloop
endfacet
facet normal 0.0 0.0 -0.9999999999999999
  outer loop
    vertex 443.89679677738246 -336.10213735622517 15.000000000000249
    vertex 443.70268249355524 -336.0765817259419 15.000000000000249
    vertex 443.70268249355524 -334.6276929865084 15.000000000000249
  endloop
endfacet
facet normal 0.0 0.0 -0.9999999999999999
  outer loop
    vertex 443.89679677738246 -334.6021373562251 15.000000000000249
    vertex 443.89679677738246 -336.10213735622517 15.000000000000249
    vertex 443.70268249355524 -334.6276929865084 15.000000000000249
  endloop
endfacet
facet normal 0.0 0.0 -0.9999999999999999
  outer loop
    vertex 444.0909110612091 -336.0765817259419 15.000000000000249
    vertex 443.89679677738246 -336.10213735622517 15.000000000000249
    vertex 443.89679677738246 -334.6021373562251 15.000000000000249
  endloop
endfacet
facet normal 0.0 0.0 -0.9999999999999999
  outer loop
    vertex 444.0909110612091 -334.6276929865084 15.000000000000249
    vertex 444.0909110612091 -336.0765817259419 15.000000000000249
    vertex 443.89679677738246 -334.6021373562251 15.000000000000249
  endloop
endfacet
facet normal 0.0 0.0 -0.9999999999999999
  outer loop
    vertex 444.2717967773819 -336.00165640906334 15.000000000000249
    vertex 444.0909110612091 -336.0765817259419 15.000000000000249
    vertex 444.0909110612091 -334.6276929865084 15.000000000000249
  endloop
endfacet
facet normal 0.0 0.0 -0.9999999999999999
  outer loop
    vertex 444.2717967773819 -334.70261830338694 15.000000000000249
    vertex 444.2717967773819 -336.00165640906334 15.000000000000249
    vertex 444.0909110612091 -334.6276929865084 15.000000000000249
  endloop
endfacet
facet normal 0.0 0.0 -0.9999999999999999
  outer loop
    vertex 444.42712686327246 -335.88246744211494 15.000000000000249
    vertex 444.2717967773819 -336.00165640906334 15.000000000000249
    vertex 444.2717967773819 -334.70261830338694 15.000000000000249
  endloop
endfacet
facet normal 0.0 0.0 -0.9999999999999999
  outer loop
    vertex 444.42712686327246 -334.82180727033534 15.000000000000249
    vertex 444.42712686327246 -335.88246744211494 15.000000000000249
    vertex 444.2717967773819 -334.70261830338694 15.000000000000249
  endloop
endfacet
facet normal 0.0 0.0 -0.9999999999999999
  outer loop
    vertex 444.5463158302202 -335.72713735622506 15.000000000000249
    vertex 444.42712686327246 -335.88246744211494 15.000000000000249
    vertex 444.42712686327246 -334.82180727033534 15.000000000000249
  endloop
endfacet
facet normal 0.0 0.0 -0.9999999999999999
  outer loop
    vertex 444.5463158302202 -334.9771373562252 15.000000000000249
    vertex 444.5463158302202 -335.72713735622506 15.000000000000249
    vertex 444.42712686327246 -334.82180727033534 15.000000000000249
  endloop
endfacet
facet normal 0.0 0.0 -0.9999999999999999
  outer loop
    vertex 444.62124114709906 -335.54625164005193 15.000000000000249
    vertex 444.5463158302202 -335.72713735622506 15.000000000000249
    vertex 444.5463158302202 -334.9771373562252 15.000000000000249
  endloop
endfacet
facet normal 0.0 0.0 -0.9999999999999999
  outer loop
    vertex 444.62124114709906 -335.1580230723984 15.000000000000249
    vertex 444.62124114709906 -335.54625164005193 15.000000000000249
    vertex 444.5463158302202 -334.9771373562252 15.000000000000249
  endloop
endfacet
facet normal 0.0 0.0 -0.9999999999999999
  outer loop
    vertex 444.6467967773826 -335.35213735622494 15.000000000000249
    vertex 444.62124114709906 -335.54625164005193 15.000000000000249
    vertex 444.62124114709906 -335.1580230723984 15.000000000000249
  endloop
endfacet
facet normal -0.7851251274072824 -0.1436499357546222 0.6024476992000148
  outer loop
    vertex 421.9694957201046 -396.0000000000069 8.493803054313263
    vertex 424.0031153821617 -396.0000000000069 11.144067796615634
    vertex 422.9882088794405 -387.0033342331058 11.966615318705518
  endloop
endfacet
facet normal -0.7851251274072824 -0.1436499357546222 0.6024476992000148
  outer loop
    vertex 425.2507790994784 -387.0033342331058 14.915254237293647
    vertex 422.9882088794405 -387.0033342331058 11.966615318705518
    vertex 424.0031153821617 -396.0000000000069 11.144067796615634
  endloop
endfacet
facet normal 0.6314059586429733 0.6054678131259473 0.484494832437489
  outer loop
    vertex 396.88410335950977 -336.00000000000705 23.963177466459786
    vertex 394.6366546455941 -331.85786437627587 21.715728752543722
    vertex 393.279909741678 -336.0000000000067 28.660254037850017
  endloop
endfacet
facet normal 0.6314059586429733 0.6054678131259473 0.484494832437489
  outer loop
    vertex 390.52735845559425 -331.85786437627587 27.07106781187122
    vertex 393.279909741678 -336.0000000000067 28.660254037850017
    vertex 394.6366546455941 -331.85786437627587 21.715728752543722
  endloop
endfacet
facet normal 0.6065840476602862 -0.7905157216710301 -0.08450258525627652
  outer loop
    vertex 437.91921072723693 -333.6200865486564 7.000000000000247
    vertex 437.50499716486405 -333.9379237938523 7.000000000000247
    vertex 437.8336730263883 -333.4719309048235 5.000000000000227
  endloop
endfacet
facet normal 0.6065840476602862 -0.7905157216710301 -0.08450258525627652
  outer loop
    vertex 437.3840285882292 -333.81695521721775 5.000000000000227
    vertex 437.8336730263883 -333.4719309048235 5.000000000000227
    vertex 437.50499716486405 -333.9379237938523 7.000000000000247
  endloop
endfacet
facet normal 0.1300593339682295 -0.9878987208883007 -0.0845025852563095
  outer loop
    vertex 438.9192107272374 -333.3521373562254 7.000000000000247
    vertex 438.4015726370317 -333.4202857036473 7.000000000000247
    vertex 438.9192107272374 -333.18106195452776 5.000000000000244
  endloop
endfacet
facet normal 0.1300593339682295 -0.9878987208883007 -0.0845025852563095
  outer loop
    vertex 438.3572950649241 -333.25503955490467 5.000000000000244
    vertex 438.9192107272374 -333.18106195452776 5.000000000000244
    vertex 438.4015726370317 -333.4202857036473 7.000000000000247
  endloop
endfacet
facet normal -0.9238795325106784 0.38268343236655855 0.0
  outer loop
    vertex 444.5463158302202 -335.72713735622506 5.0000000000002505
    vertex 444.5463158302202 -335.72713735622506 15.000000000000249
    vertex 444.62124114709906 -335.54625164005193 5.0000000000002505
  endloop
endfacet
facet normal -0.9238795325106784 0.38268343236655855 0.0
  outer loop
    vertex 444.62124114709906 -335.54625164005193 15.000000000000249
    vertex 444.62124114709906 -335.54625164005193 5.0000000000002505
    vertex 444.5463158302202 -335.72713735622506 15.000000000000249
  endloop
endfacet
facet normal 0.3573657550876888 -0.35768651088970876 0.8627572526604179
  outer loop
    vertex 404.36160385915747 -373.00000000000693 16.19176851149217
    vertex 405.08194284220855 -380.1046591131407 12.947906805079862
    vertex 408.49029478197883 -373.00000000000693 14.481608736412928
  endloop
endfacet
facet normal 0.3573657550876888 -0.35768651088970876 0.8627572526604179
  outer loop
    vertex 408.86316967746546 -380.1046591131407 11.381671367507314
    vertex 408.49029478197883 -373.00000000000693 14.481608736412928
    vertex 405.08194284220855 -380.1046591131407 12.947906805079862
  endloop
endfacet
facet normal -0.13052619222047035 -0.9914448613737553 -0.0
  outer loop
    vertex 444.0909110612091 -334.6276929865084 15.000000000000249
    vertex 443.89679677738246 -334.6021373562251 15.000000000000249
    vertex 444.0909110612091 -334.6276929865084 5.000000000000244
  endloop
endfacet
facet normal -0.13052619222047035 -0.9914448613737553 -0.0
  outer loop
    vertex 443.89679677738246 -334.6021373562251 5.000000000000244
    vertex 444.0909110612091 -334.6276929865084 5.000000000000244
    vertex 443.89679677738246 -334.6021373562251 15.000000000000249
  endloop
endfacet
facet normal 0.1305261922199992 0.9914448613738174 0.0
  outer loop
    vertex 443.70268249355524 -336.0765817259419 15.000000000000249
    vertex 443.89679677738246 -336.10213735622517 15.000000000000249
    vertex 443.70268249355524 -336.0765817259419 5.000000000000244
  endloop
endfacet
facet normal 0.1305261922199992 0.9914448613738174 0.0
  outer loop
    vertex 443.89679677738246 -336.10213735622517 5.000000000000244
    vertex 443.70268249355524 -336.0765817259419 5.000000000000244
    vertex 443.89679677738246 -336.10213735622517 15.000000000000249
  endloop
endfacet
facet normal 0.9878987208883065 0.1300593339682535 -0.0845025852562048
  outer loop
    vertex 436.8221129259161 -335.9140530185384 5.000000000000227
    vertex 436.7481353255392 -335.35213735622534 5.000000000000244
    vertex 436.98735907465846 -335.8697754464303 7.000000000000247
  endloop
endfacet
facet normal 0.9878987208883065 0.1300593339682535 -0.0845025852562048
  outer loop
    vertex 436.91921072723665 -335.35213735622534 7.000000000000247
    vertex 436.98735907465846 -335.8697754464303 7.000000000000247
    vertex 436.7481353255392 -335.35213735622534 5.000000000000244
  endloop
endfacet
facet normal 0.5016587875666297 0.8397381538287046 -0.20779387349375245
  outer loop
    vertex 446.55795894461806 -326.6814834742256 30.98698415806076
    vertex 451.5579589446227 -330.00000000000637 29.64723819590338
    vertex 443.0790646835935 -326.6814834742256 22.58819045103109
  endloop
endfacet
facet normal 0.5016587875666297 0.8397381538287046 -0.20779387349375245
  outer loop
    vertex 447.56194204443653 -330.00000000000637 20.00000000000443
    vertex 443.0790646835935 -326.6814834742256 22.58819045103109
    vertex 451.5579589446227 -330.00000000000637 29.64723819590338
  endloop
endfacet
facet normal 0.9947469062583958 0.1023649964067312 1.5496194613958674e-18
  outer loop
    vertex 394.3616038591574 -364.0000000000073 54.80000000000579
    vertex 394.3616038591574 -364.0000000000073 35.50847457627664
    vertex 392.92092589305577 -350.00000000000705 54.80000000000579
  endloop
endfacet
facet normal 0.9947469062583958 0.1023649964067312 1.5496194613958674e-18
  outer loop
    vertex 392.92092589305577 -350.00000000000705 40.00000000000557
    vertex 392.92092589305577 -350.00000000000705 54.80000000000579
    vertex 394.3616038591574 -364.0000000000073 35.50847457627664
  endloop
endfacet
facet normal -0.37259357912957924 0.7908176098822628 0.4855734060793643
  outer loop
    vertex 431.2051971405175 -331.8578643762756 21.715728752543722
    vertex 434.1341293286518 -328.6794919243181 18.78679656440942
    vertex 425.8498580811902 -331.85786437627587 17.60643256254392
  endloop
endfacet
facet normal -0.37259357912957924 0.7908176098822628 0.4855734060793643
  outer loop
    vertex 427.9209258930559 -328.6794919243181 14.019237886472611
    vertex 425.8498580811902 -331.85786437627587 17.60643256254392
    vertex 434.1341293286518 -328.6794919243181 18.78679656440942
  endloop
endfacet
facet normal 0.3813146732281558 0.920575055639633 -0.08450258525625866
  outer loop
    vertex 437.91921072723693 -337.0841881637942 7.000000000000247
    vertex 438.4015726370317 -337.2839890088036 7.000000000000247
    vertex 437.8336730263883 -337.2323438076273 5.000000000000244
  endloop
endfacet
facet normal 0.3813146732281558 0.920575055639633 -0.08450258525625866
  outer loop
    vertex 438.3572950649241 -337.4492351575459 5.000000000000244
    vertex 437.8336730263883 -337.2323438076273 5.000000000000244
    vertex 438.4015726370317 -337.2839890088036 7.000000000000247
  endloop
endfacet
facet normal 0.12074119758900465 0.37988372795842057 0.9171204481621732
  outer loop
    vertex 407.0510414497949 -336.00000000000705 18.09329302319919
    vertex 407.5681640889547 -340.8236190979565 20.023220986287452
    vertex 412.92092589305577 -336.0000000000064 17.320508075694672
  endloop
endfacet
facet normal 0.12074119758900465 0.37988372795842057 0.9171204481621732
  outer loop
    vertex 412.92092589305577 -340.8236190979568 19.318516525787043
    vertex 412.92092589305577 -336.0000000000064 17.320508075694672
    vertex 407.5681640889547 -340.8236190979565 20.023220986287452
  endloop
endfacet
facet normal -0.9238795325106613 -0.38268343236659946 -0.0
  outer loop
    vertex 444.62124114709906 -335.1580230723984 5.0000000000002505
    vertex 444.62124114709906 -335.1580230723984 15.000000000000249
    vertex 444.5463158302202 -334.9771373562252 5.0000000000002505
  endloop
endfacet
facet normal -0.9238795325106613 -0.38268343236659946 -0.0
  outer loop
    vertex 444.5463158302202 -334.9771373562252 15.000000000000249
    vertex 444.5463158302202 -334.9771373562252 5.0000000000002505
    vertex 444.62124114709906 -335.1580230723984 15.000000000000249
  endloop
endfacet
facet normal 0.6087614290087796 -0.7933533402911898 1.1812594610794718e-19
  outer loop
    vertex 383.6557218995969 -334.7026183033875 15.000000000000215
    vertex 383.5003918137071 -334.82180727033585 15.000000000000215
    vertex 383.6557218995969 -334.7026183033875 5.000000000000205
  endloop
endfacet
facet normal 0.6087614290087796 -0.7933533402911898 1.1812594610794718e-19
  outer loop
    vertex 383.5003918137071 -334.82180727033585 5.000000000000183
    vertex 383.6557218995969 -334.7026183033875 5.000000000000205
    vertex 383.5003918137071 -334.82180727033585 15.000000000000215
  endloop
endfacet
facet normal 5.21062520397262e-16 -0.6087614290109682 0.7933533402895104
  outer loop
    vertex 371.96913934521245 -418.36827201636123 5.368272016362566
    vertex 371.96913934522405 -418.8482134521889 5.000000000000205
    vertex 399.420925893056 -418.36827201636095 5.36827201636252
  endloop
endfacet
facet normal 5.21062520397262e-16 -0.6087614290109682 0.7933533402895104
  outer loop
    vertex 399.4209258930554 -418.8482134521889 5.000000000000205
    vertex 399.420925893056 -418.36827201636095 5.36827201636252
    vertex 371.96913934522405 -418.8482134521889 5.000000000000205
  endloop
endfacet
facet normal -0.9205750556398823 0.38131467322756607 -0.08450258525620492
  outer loop
    vertex 440.7994171786387 -336.4376750570744 5.000000000000244
    vertex 440.6512615348062 -336.35213735622534 7.000000000000247
    vertex 441.0163085285574 -335.9140530185384 5.000000000000244
  endloop
endfacet
facet normal -0.9205750556398823 0.38131467322756607 -0.08450258525620492
  outer loop
    vertex 440.851062379815 -335.8697754464303 7.000000000000247
    vertex 441.0163085285574 -335.9140530185384 5.000000000000244
    vertex 440.6512615348062 -336.35213735622534 7.000000000000247
  endloop
endfacet
facet normal -0.790515721670902 -0.6065840476604606 -0.08450258525622241
  outer loop
    vertex 440.6512615348062 -334.35213735622517 7.000000000000247
    vertex 440.3334242896099 -333.9379237938523 7.000000000000247
    vertex 440.7994171786387 -334.2665996553765 5.000000000000244
  endloop
endfacet
facet normal -0.790515721670902 -0.6065840476604606 -0.08450258525622241
  outer loop
    vertex 440.45439286624475 -333.81695521721775 5.000000000000244
    vertex 440.7994171786387 -334.2665996553765 5.000000000000244
    vertex 440.3334242896099 -333.9379237938523 7.000000000000247
  endloop
endfacet
facet normal -0.5383461908112859 0.8397381538287113 -0.07087462058682285
  outer loop
    vertex 378.224124911431 -326.6814834742254 39.03672077136366
    vertex 379.283892841493 -326.6814834742259 30.98698415806076
    vertex 373.09202866557814 -330.00000000000637 38.700345411909375
  endloop
endfacet
facet normal -0.5383461908112859 0.8397381538287113 -0.07087462058682285
  outer loop
    vertex 374.2838928414866 -330.00000000000637 29.64723819590408
    vertex 373.09202866557814 -330.00000000000637 38.700345411909375
    vertex 379.283892841493 -326.6814834742259 30.98698415806076
  endloop
endfacet
facet normal -0.7905157216709625 0.6065840476603744 -0.08450258525627335
  outer loop
    vertex 440.45439286624475 -336.88731949523304 5.000000000000244
    vertex 440.3334242896099 -336.7663509185985 7.000000000000247
    vertex 440.7994171786387 -336.4376750570744 5.000000000000244
  endloop
endfacet
facet normal -0.7905157216709625 0.6065840476603744 -0.08450258525627335
  outer loop
    vertex 440.6512615348062 -336.35213735622534 7.000000000000247
    vertex 440.7994171786387 -336.4376750570744 5.000000000000244
    vertex 440.3334242896099 -336.7663509185985 7.000000000000247
  endloop
endfacet
facet normal -0.23422211550203115 0.5654622078526808 0.7908176098824082
  outer loop
    vertex 404.89541108957405 -433.4310568986971 5.000000000000183
    vertex 405.01962907370034 -433.89464472666975 5.368272016360355
    vertex 409.996819166964 -431.3179844858424 5.000000000000183
  endloop
endfacet
facet normal -0.23422211550203115 0.5654622078526808 0.7908176098824082
  outer loop
    vertex 410.23678988487785 -431.7336259615985 5.368272016360355
    vertex 409.996819166964 -431.3179844858424 5.000000000000183
    vertex 405.01962907370034 -433.89464472666975 5.368272016360355
  endloop
endfacet
facet normal 0.9205750556397062 -0.3813146732279665 -0.08450258525631707
  outer loop
    vertex 387.07645629716393 -357.83449926602054 7.000000000000224
    vertex 386.91121014842156 -357.79022169391243 5.000000000000205
    vertex 387.27625714217316 -357.35213735622546 7.000000000000224
  endloop
endfacet
facet normal 0.9205750556397062 -0.3813146732279665 -0.08450258525631707
  outer loop
    vertex 387.12810149834013 -357.26659965537675 5.000000000000205
    vertex 387.27625714217316 -357.35213735622546 7.000000000000224
    vertex 386.91121014842156 -357.79022169391243 5.000000000000205
  endloop
endfacet
facet normal 0.1305261922198561 -0.991444861373836 0.0
  outer loop
    vertex 384.0307218995971 -357.6021373562257 15.000000000000215
    vertex 383.8366076157698 -357.6276929865089 15.000000000000215
    vertex 384.0307218995971 -357.6021373562257 5.000000000000205
  endloop
endfacet
facet normal 0.1305261922198561 -0.991444861373836 0.0
  outer loop
    vertex 383.8366076157698 -357.6276929865089 5.000000000000205
    vertex 384.0307218995971 -357.6021373562257 5.000000000000205
    vertex 383.8366076157698 -357.6276929865089 15.000000000000215
  endloop
endfacet
facet normal 0.13052619221974285 0.9914448613738509 0.0
  outer loop
    vertex 383.8366076157698 -359.07658172594245 15.000000000000215
    vertex 384.0307218995971 -359.1021373562256 15.000000000000215
    vertex 383.8366076157698 -359.07658172594245 5.000000000000205
  endloop
endfacet
facet normal 0.13052619221974285 0.9914448613738509 0.0
  outer loop
    vertex 384.0307218995971 -359.1021373562256 5.000000000000205
    vertex 383.8366076157698 -359.07658172594245 5.000000000000205
    vertex 384.0307218995971 -359.1021373562256 15.000000000000215
  endloop
endfacet
facet normal -0.13052619221988593 -0.9914448613738324 -6.551773084004639e-21
  outer loop
    vertex 384.2248361834243 -357.6276929865089 15.000000000000215
    vertex 384.0307218995971 -357.6021373562257 15.000000000000215
    vertex 384.2248361834243 -357.6276929865089 5.000000000000183
  endloop
endfacet
facet normal -0.13052619221988593 -0.9914448613738324 -6.551773084004639e-21
  outer loop
    vertex 384.0307218995971 -357.6021373562257 5.000000000000205
    vertex 384.2248361834243 -357.6276929865089 5.000000000000183
    vertex 384.0307218995971 -357.6021373562257 15.000000000000215
  endloop
endfacet
facet normal 0.7933533402912496 0.6087614290087019 0.0
  outer loop
    vertex 383.5003918137071 -358.8824674421155 15.000000000000215
    vertex 383.5003918137071 -358.8824674421155 5.000000000000183
    vertex 383.38120284675864 -358.72713735622557 15.000000000000215
  endloop
endfacet
facet normal 0.7933533402912496 0.6087614290087019 0.0
  outer loop
    vertex 383.38120284675864 -358.72713735622557 5.000000000000183
    vertex 383.38120284675864 -358.72713735622557 15.000000000000215
    vertex 383.5003918137071 -358.8824674421155 5.000000000000183
  endloop
endfacet
facet normal 0.7905157216713355 -0.6065840476598797 -0.08450258525633496
  outer loop
    vertex 437.1871599196683 -334.35213735622557 7.000000000000247
    vertex 437.0390042758353 -334.2665996553768 5.000000000000244
    vertex 437.50499716486405 -333.9379237938523 7.000000000000247
  endloop
endfacet
facet normal 0.7905157216713355 -0.6065840476598797 -0.08450258525633496
  outer loop
    vertex 437.3840285882292 -333.81695521721775 5.000000000000227
    vertex 437.50499716486405 -333.9379237938523 7.000000000000247
    vertex 437.0390042758353 -334.2665996553768 5.000000000000244
  endloop
endfacet
facet normal -0.9238795325111097 -0.3826834323655174 -2.7095121647974693e-14
  outer loop
    vertex 384.7551662693143 -358.15802307239886 5.000000000000205
    vertex 384.7551662693137 -358.15802307239886 15.000000000000215
    vertex 384.68024095243544 -357.97713735622574 5.000000000000183
  endloop
endfacet
facet normal -0.9238795325111097 -0.3826834323655174 -2.7095121647974693e-14
  outer loop
    vertex 384.68024095243544 -357.97713735622574 15.000000000000215
    vertex 384.68024095243544 -357.97713735622574 5.000000000000183
    vertex 384.7551662693137 -358.15802307239886 15.000000000000215
  endloop
endfacet
facet normal 0.9871301549318876 0.09319300609051243 0.12995815034064442
  outer loop
    vertex 400.124315723564 -396.0000000000069 17.5423728813613
    vertex 400.5603496413908 -396.0000000000069 14.230366456744338
    vertex 398.683637757463 -387.0033342331058 22.033898305090112
  endloop
endfacet
facet normal 0.9871301549318876 0.09319300609051243 0.12995815034064442
  outer loop
    vertex 399.16876158656754 -387.0033342331058 18.349016984986577
    vertex 398.683637757463 -387.0033342331058 22.033898305090112
    vertex 400.5603496413908 -396.0000000000069 14.230366456744338
  endloop
endfacet
facet normal 0.7851311284638801 -0.14359781528632276 0.6024523039727123
  outer loop
    vertex 398.0957452520005 -373.00000000000693 22.457627118649626
    vertex 400.81621658799804 -373.00000000000693 18.912239847489985
    vertex 396.84808153468384 -364.0000000000073 26.228813559327644
  endloop
endfacet
facet normal 0.7851311284638801 -0.14359781528632276 0.6024523039727123
  outer loop
    vertex 399.7975034286615 -364.0000000000073 22.385052111882313
    vertex 396.84808153468384 -364.0000000000073 26.228813559327644
    vertex 400.81621658799804 -373.00000000000693 18.912239847489985
  endloop
endfacet
facet normal -0.6065840476602977 0.7905157216710385 -0.08450258525611397
  outer loop
    vertex 390.00830794974246 -360.0841881637944 7.000000000000224
    vertex 390.4225215121154 -359.76635091859845 7.000000000000224
    vertex 390.09384565059065 -360.2323438076273 5.000000000000205
  endloop
endfacet
facet normal -0.6065840476602977 0.7905157216710385 -0.08450258525611397
  outer loop
    vertex 390.5434900887496 -359.88731949523304 5.000000000000205
    vertex 390.09384565059065 -360.2323438076273 5.000000000000205
    vertex 390.4225215121154 -359.76635091859845 7.000000000000224
  endloop
endfacet
facet normal 0.3725935791302148 -0.48557340608024624 0.7908176098814218
  outer loop
    vertex 402.1050619012327 -417.6490599405947 5.3682720163625435
    vertex 402.3450326191478 -418.0647014163518 5.000000000000183
    vertex 403.21686743907355 -416.7959415460248 5.3682720163625435
  endloop
endfacet
facet normal 0.3725935791302148 -0.48557340608024624 0.7908176098814218
  outer loop
    vertex 403.5562372829212 -417.1353113898723 5.000000000000183
    vertex 403.21686743907355 -416.7959415460248 5.3682720163625435
    vertex 402.3450326191478 -418.0647014163518 5.000000000000183
  endloop
endfacet
facet normal 0.7905157216708204 -0.60658404766055 -0.08450258525634323
  outer loop
    vertex 387.27625714217316 -357.35213735622546 7.000000000000224
    vertex 387.12810149834013 -357.26659965537675 5.000000000000205
    vertex 387.59409438736947 -356.9379237938523 7.000000000000224
  endloop
endfacet
facet normal 0.7905157216708204 -0.60658404766055 -0.08450258525634323
  outer loop
    vertex 387.47312581073464 -356.81695521721775 5.000000000000183
    vertex 387.59409438736947 -356.9379237938523 7.000000000000224
    vertex 387.12810149834013 -357.26659965537675 5.000000000000205
  endloop
endfacet
facet normal 0.23467549501025664 0.9227092328755025 0.30583505948140166
  outer loop
    vertex 391.7077224574592 -328.6794919243181 18.78679656440942
    vertex 397.92092589305577 -328.6794919243185 14.019237886472611
    vertex 388.296908683438 -326.6814834742254 15.375982790388171
  endloop
endfacet
facet normal 0.23467549501025664 0.9227092328755025 0.30583505948140166
  outer loop
    vertex 395.50911634408067 -326.6814834742254 9.841861209468496
    vertex 388.296908683438 -326.6814834742254 15.375982790388171
    vertex 397.92092589305577 -328.6794919243185 14.019237886472611
  endloop
endfacet
facet normal -0.3559882131736206 -0.3669465419305387 0.8594315722887264
  outer loop
    vertex 416.6058072131594 -387.0033342331058 8.281733998601766
    vertex 420.03956996085253 -387.0033342331058 9.704045098667725
    vertex 416.97868210864607 -380.1046591131407 11.381671367507405
  endloop
endfacet
facet normal -0.3559882131736206 -0.3669465419305387 0.8594315722887264
  outer loop
    vertex 420.759908943903 -380.1046591131407 12.947906805079992
    vertex 416.97868210864607 -380.1046591131407 11.381671367507405
    vertex 420.03956996085253 -387.0033342331058 9.704045098667725
  endloop
endfacet
facet normal 0.7933533402912428 7.876819898701451e-15 0.6087614290087106
  outer loop
    vertex 395.6004178173672 -350.00000000000705 30.00000000000577
    vertex 398.7787902693249 -350.00000000000705 25.857864376274637
    vertex 395.6004178173672 -346.00000000000676 30.000000000005755
  endloop
endfacet
facet normal 0.7933533402912428 7.876819898701451e-15 0.6087614290087106
  outer loop
    vertex 398.7787902693249 -346.00000000000705 25.85786437627455
    vertex 395.6004178173672 -346.00000000000676 30.000000000005755
    vertex 398.7787902693249 -350.00000000000705 25.857864376274637
  endloop
endfacet
facet normal -0.1288841770351914 -0.15811919030953994 0.9789725177786234
  outer loop
    vertex 414.8520498199827 -396.0000000000069 5.000000000000183
    vertex 416.21106497287565 -397.1077437799752 5.000000000000183
    vertex 416.23293231767303 -396.0000000000069 5.181796629696185
  endloop
endfacet
facet normal -0.9238795325112108 0.382683432365273 -3.313834248283305e-14
  outer loop
    vertex 384.68024095243544 -358.72713735622585 5.000000000000183
    vertex 384.68024095243544 -358.72713735622557 15.000000000000215
    vertex 384.7551662693143 -358.54625164005245 5.000000000000183
  endloop
endfacet
facet normal -0.9238795325112108 0.382683432365273 -3.313834248283305e-14
  outer loop
    vertex 384.7551662693137 -358.54625164005245 15.000000000000215
    vertex 384.7551662693143 -358.54625164005245 5.000000000000183
    vertex 384.68024095243544 -358.72713735622557 15.000000000000215
  endloop
endfacet
facet normal 0.6065840476602162 -0.7905157216710923 -0.08450258525619662
  outer loop
    vertex 388.00830794974183 -356.6200865486566 7.000000000000224
    vertex 387.59409438736947 -356.9379237938523 7.000000000000224
    vertex 387.92277024889364 -356.4719309048238 5.000000000000183
  endloop
endfacet
facet normal 0.6065840476602162 -0.7905157216710923 -0.08450258525619662
  outer loop
    vertex 387.47312581073464 -356.81695521721775 5.000000000000183
    vertex 387.92277024889364 -356.4719309048238 5.000000000000183
    vertex 387.59409438736947 -356.9379237938523 7.000000000000224
  endloop
endfacet
facet normal -0.1305261922197727 0.9914448613738472 0.0
  outer loop
    vertex 384.0307218995971 -359.1021373562256 15.000000000000215
    vertex 384.2248361834243 -359.07658172594245 15.000000000000215
    vertex 384.0307218995971 -359.1021373562256 5.000000000000205
  endloop
endfacet
facet normal -0.1305261922197727 0.9914448613738472 0.0
  outer loop
    vertex 384.2248361834243 -359.07658172594245 5.000000000000205
    vertex 384.0307218995971 -359.1021373562256 5.000000000000205
    vertex 384.2248361834243 -359.07658172594245 15.000000000000215
  endloop
endfacet
facet normal -0.793353340289717 -0.6087614290106991 -0.0
  outer loop
    vertex 384.68024095243544 -357.97713735622574 5.000000000000183
    vertex 384.68024095243544 -357.97713735622574 15.000000000000215
    vertex 384.5610519854864 -357.82180727033585 5.000000000000183
  endloop
endfacet
facet normal -0.793353340289717 -0.6087614290106991 -0.0
  outer loop
    vertex 384.5610519854864 -357.82180727033585 15.000000000000215
    vertex 384.5610519854864 -357.82180727033585 5.000000000000183
    vertex 384.68024095243544 -357.97713735622574 15.000000000000215
  endloop
endfacet
facet normal -0.9845532070526585 0.11770270247668703 0.1296188887161489
  outer loop
    vertex 428.0646782543679 -380.1046591131407 22.467667513228797
    vertex 428.5988919947509 -380.1046591131407 26.525423728819007
    vertex 429.4562663091912 -373.00000000000693 26.58631804147103
  endloop
endfacet
facet normal -0.9845532070526585 0.11770270247668703 0.1296188887161489
  outer loop
    vertex 430.0395699608525 -373.00000000000693 31.016949152547856
    vertex 429.4562663091912 -373.00000000000693 26.58631804147103
    vertex 428.5988919947509 -380.1046591131407 26.525423728819007
  endloop
endfacet
facet normal -0.6065840476601465 -0.7905157216711488 -0.08450258525616705
  outer loop
    vertex 390.4225215121154 -356.9379237938523 7.000000000000224
    vertex 390.00830794974246 -356.6200865486566 7.000000000000224
    vertex 390.5434900887496 -356.81695521721775 5.000000000000205
  endloop
endfacet
facet normal -0.6065840476601465 -0.7905157216711488 -0.08450258525616705
  outer loop
    vertex 390.09384565059065 -356.47193090482347 5.000000000000205
    vertex 390.5434900887496 -356.81695521721775 5.000000000000205
    vertex 390.00830794974246 -356.6200865486566 7.000000000000224
  endloop
endfacet
facet normal -0.37877281881766084 -0.14259531858643126 0.9144384762476683
  outer loop
    vertex 416.21106497287565 -397.1077437799752 5.000000000000183
    vertex 418.99497947911243 -404.5025948545276 5.000000000000183
    vertex 416.23293231767303 -396.0000000000069 5.181796629696185
  endloop
endfacet
facet normal -0.37877281881766084 -0.14259531858643126 0.9144384762476683
  outer loop
    vertex 419.31923097780185 -396.0000000000069 6.460183392255482
    vertex 416.23293231767303 -396.0000000000069 5.181796629696185
    vertex 418.99497947911243 -404.5025948545276 5.000000000000183
  endloop
endfacet
facet normal -0.1535553671763361 0.9881400453434425 -2.4610686188256914e-14
  outer loop
    vertex 373.29202866557813 -357.86470142600876 54.80000000000579
    vertex 374.40087328737184 -357.69238876259163 54.80000000000579
    vertex 373.2920286655769 -357.864701426009 5.000000000000205
  endloop
endfacet
facet normal -0.1535553671763361 0.9881400453434425 -2.4610686188256914e-14
  outer loop
    vertex 374.4008732873725 -357.69238876259396 5.000000000000205
    vertex 373.2920286655769 -357.864701426009 5.000000000000205
    vertex 374.40087328737184 -357.69238876259163 54.80000000000579
  endloop
endfacet
facet normal 0.1294283079955954 -0.9831056027603567 0.1294283079955575
  outer loop
    vertex 399.420925893056 -415.0000000000063 13.500000000008255
    vertex 399.420925893056 -415.39185299768207 10.523580981328802
    vertex 399.9385639832609 -414.9318516525845 13.500000000007832
  endloop
endfacet
facet normal 0.1294283079955954 -0.9831056027603567 0.1294283079955575
  outer loop
    vertex 400.03998300193916 -415.3103525831483 10.523580981328843
    vertex 399.9385639832609 -414.9318516525845 13.500000000007832
    vertex 399.420925893056 -415.39185299768207 10.523580981328802
  endloop
endfacet
facet normal -0.601803709561284 -0.15075801487307655 0.7842858637702242
  outer loop
    vertex 422.20058691000526 -364.0000000000073 19.435630217904535
    vertex 426.0443483574507 -364.0000000000073 22.38505211188238
    vertex 422.9209258930558 -350.00000000000705 22.67949192431677
  endloop
endfacet
facet normal -0.601803709561284 -0.15075801487307655 0.7842858637702242
  outer loop
    vertex 427.06306151678655 -350.00000000000705 25.8578643762746
    vertex 422.9209258930558 -350.00000000000705 22.67949192431677
    vertex 426.0443483574507 -364.0000000000073 22.38505211188238
  endloop
endfacet
facet normal 0.9831056027603584 0.12942830799558236 0.1294283079955585
  outer loop
    vertex 393.6024093672744 -346.00000000000705 34.82361909795546
    vertex 392.94414687933704 -340.8236190979568 34.647238195904976
    vertex 392.92092589305577 -346.00000000000676 40.00000000000557
  endloop
endfacet
facet normal 0.9831056027603584 0.12942830799558236 0.1294283079955585
  outer loop
    vertex 392.2452726044306 -340.8236190979568 39.95571534380698
    vertex 392.92092589305577 -346.00000000000676 40.00000000000557
    vertex 392.94414687933704 -340.8236190979568 34.647238195904976
  endloop
endfacet
facet normal 0.9238795325107262 0.3826834323664432 0.0
  outer loop
    vertex 383.38120284675864 -358.72713735622557 15.000000000000215
    vertex 383.38120284675864 -358.72713735622557 5.000000000000183
    vertex 383.3062775298799 -358.54625164005245 15.000000000000215
  endloop
endfacet
facet normal 0.9238795325107262 0.3826834323664432 0.0
  outer loop
    vertex 383.3062775298799 -358.54625164005245 5.000000000000183
    vertex 383.3062775298799 -358.54625164005245 15.000000000000215
    vertex 383.38120284675864 -358.72713735622557 5.000000000000183
  endloop
endfacet
facet normal -0.6087614290102263 -0.7933533402900799 -0.0
  outer loop
    vertex 384.5610519854864 -357.82180727033585 15.000000000000215
    vertex 384.40572189959715 -357.70261830338745 15.000000000000215
    vertex 384.5610519854864 -357.82180727033585 5.000000000000183
  endloop
endfacet
facet normal -0.6087614290102263 -0.7933533402900799 -0.0
  outer loop
    vertex 384.40572189959715 -357.70261830338745 5.000000000000183
    vertex 384.5610519854864 -357.82180727033585 5.000000000000183
    vertex 384.40572189959715 -357.70261830338745 15.000000000000215
  endloop
endfacet
facet normal -0.3813146732281255 0.920575055639644 -0.08450258525627616
  outer loop
    vertex 389.52594603994714 -360.2839890088035 7.000000000000224
    vertex 390.00830794974246 -360.0841881637944 7.000000000000224
    vertex 389.5702236120553 -360.4492351575461 5.000000000000205
  endloop
endfacet
facet normal -0.3813146732281255 0.920575055639644 -0.08450258525627616
  outer loop
    vertex 390.09384565059065 -360.2323438076273 5.000000000000205
    vertex 389.5702236120553 -360.4492351575461 5.000000000000205
    vertex 390.00830794974246 -360.0841881637944 7.000000000000224
  endloop
endfacet
facet normal 0.6087614290087333 3.587118376172674e-15 0.7933533402912253
  outer loop
    vertex 398.7787902693249 -346.00000000000705 25.85786437627455
    vertex 398.7787902693249 -350.00000000000705 25.857864376274637
    vertex 402.92092589305577 -346.00000000000705 22.67949192431672
  endloop
endfacet
facet normal 0.6087614290087333 3.587118376172674e-15 0.7933533402912253
  outer loop
    vertex 402.92092589305577 -350.00000000000705 22.679491924316658
    vertex 402.92092589305577 -346.00000000000705 22.67949192431672
    vertex 398.7787902693249 -350.00000000000705 25.857864376274637
  endloop
endfacet
facet normal 0.38219867838393623 0.9227092328755103 0.05031741058380869
  outer loop
    vertex 383.00647727931783 -328.6794919243181 39.35017270595786
    vertex 383.94315110438424 -328.6794919243187 32.2354286469303
    vertex 378.224124911431 -326.6814834742254 39.03672077136366
  endloop
endfacet
facet normal 0.38219867838393623 0.9227092328755103 0.05031741058380869
  outer loop
    vertex 379.283892841493 -326.6814834742259 30.98698415806076
    vertex 378.224124911431 -326.6814834742254 39.03672077136366
    vertex 383.94315110438424 -328.6794919243187 32.2354286469303
  endloop
endfacet
facet normal -0.7890610165044348 0.1038818535716937 0.6054678131259308
  outer loop
    vertex 422.08086204094275 -419.0717115913735 7.750000000005665
    vertex 422.8802180365764 -413.00000000000676 7.750000000005959
    vertex 420.3155706197183 -418.598703180651 5.368272016360355
  endloop
endfacet
facet normal -0.7890610165044348 0.1038818535716937 0.6054678131259308
  outer loop
    vertex 421.0526538767015 -413.00000000000676 5.3682720163604
    vertex 420.3155706197183 -418.598703180651 5.368272016360355
    vertex 422.8802180365764 -413.00000000000676 7.750000000005959
  endloop
endfacet
facet normal -0.38131467322830875 -0.9205750556395619 -0.08450258525634356
  outer loop
    vertex 390.00830794974246 -356.6200865486566 7.000000000000224
    vertex 389.52594603994714 -356.42028570364727 7.000000000000224
    vertex 390.09384565059065 -356.47193090482347 5.000000000000205
  endloop
endfacet
facet normal -0.38131467322830875 -0.9205750556395619 -0.08450258525634356
  outer loop
    vertex 389.5702236120553 -356.2550395549046 5.000000000000227
    vertex 390.09384565059065 -356.47193090482347 5.000000000000205
    vertex 389.52594603994714 -356.42028570364727 7.000000000000224
  endloop
endfacet
facet normal 0.6087614290087796 -0.7933533402911901 0.0
  outer loop
    vertex 383.6557218995969 -357.70261830338745 15.000000000000215
    vertex 383.5003918137071 -357.82180727033585 15.000000000000215
    vertex 383.6557218995969 -357.70261830338745 5.000000000000205
  endloop
endfacet
facet normal 0.6087614290087796 -0.7933533402911901 0.0
  outer loop
    vertex 383.5003918137071 -357.82180727033585 5.000000000000205
    vertex 383.6557218995969 -357.70261830338745 5.000000000000205
    vertex 383.5003918137071 -357.82180727033585 15.000000000000215
  endloop
endfacet
facet normal 0.5654622078539822 -0.2342221155025835 0.7908176098813141
  outer loop
    vertex 404.0699858336436 -415.68413600818366 5.3682720163625435
    vertex 404.4856273094006 -415.9241067260983 5.000000000000183
    vertex 404.6062784761974 -414.38941103712983 5.3682720163625435
  endloop
endfacet
facet normal 0.5654622078539822 -0.2342221155025835 0.7908176098813141
  outer loop
    vertex 405.0698663041708 -414.51362902125646 5.000000000000183
    vertex 404.6062784761974 -414.38941103712983 5.3682720163625435
    vertex 404.4856273094006 -415.9241067260983 5.000000000000183
  endloop
endfacet
facet normal 0.991444861374156 0.1305261922174272 2.9076697175058e-14
  outer loop
    vertex 383.3062775298799 -358.54625164005245 15.000000000000215
    vertex 383.3062775298799 -358.54625164005245 5.000000000000183
    vertex 383.2807218995969 -358.3521373562258 15.000000000000215
  endloop
endfacet
facet normal 0.991444861374156 0.1305261922174272 2.9076697175058e-14
  outer loop
    vertex 383.2807218995975 -358.3521373562258 5.000000000000205
    vertex 383.2807218995969 -358.3521373562258 15.000000000000215
    vertex 383.3062775298799 -358.54625164005245 5.000000000000183
  endloop
endfacet
facet normal 0.7905157216706253 0.6065840476608041 -0.08450258525634322
  outer loop
    vertex 387.47312581073464 -359.88731949523304 5.000000000000205
    vertex 387.12810149834013 -359.4376750570743 5.000000000000183
    vertex 387.59409438736947 -359.76635091859845 7.000000000000224
  endloop
endfacet
facet normal 0.7905157216706253 0.6065840476608041 -0.08450258525634322
  outer loop
    vertex 387.27625714217316 -359.35213735622557 7.000000000000224
    vertex 387.59409438736947 -359.76635091859845 7.000000000000224
    vertex 387.12810149834013 -359.4376750570743 5.000000000000183
  endloop
endfacet
facet normal -0.9236807306909216 -0.020744078105298797 0.3826010859548709
  outer loop
    vertex 428.99377025142775 -364.0000000000073 26.22881355932769
    vertex 430.8478543640145 -364.0000000000073 30.70496856971325
    vertex 430.24143396874445 -350.00000000000705 30.000000000005755
  endloop
endfacet
facet normal -0.9236807306909216 -0.020744078105298797 0.3826010859548709
  outer loop
    vertex 432.23944241883726 -350.00000000000705 34.82361909795544
    vertex 430.24143396874445 -350.00000000000705 30.000000000005755
    vertex 430.8478543640145 -364.0000000000073 30.70496856971325
  endloop
endfacet
facet normal -0.9205750556396268 0.38131467322816204 -0.08450258525629961
  outer loop
    vertex 390.8885144011442 -359.43767505707405 5.000000000000205
    vertex 390.74035875731107 -359.3521373562253 7.000000000000224
    vertex 391.1054057510628 -358.9140530185384 5.000000000000205
  endloop
endfacet
facet normal -0.9205750556396268 0.38131467322816204 -0.08450258525629961
  outer loop
    vertex 390.9401596023204 -358.86977544643054 7.000000000000224
    vertex 391.1054057510628 -358.9140530185384 5.000000000000205
    vertex 390.74035875731107 -359.3521373562253 7.000000000000224
  endloop
endfacet
facet normal 0.12009521762803094 -0.3917182985121554 0.9122137432168065
  outer loop
    vertex 408.49029478197883 -373.00000000000693 14.481608736412928
    vertex 408.86316967746546 -380.1046591131407 11.381671367507314
    vertex 412.92092589305577 -373.00000000000693 13.898305084751273
  endloop
endfacet
facet normal 0.12009521762803094 -0.3917182985121554 0.9122137432168065
  outer loop
    vertex 412.92092589305577 -380.1046591131407 10.847457627124113
    vertex 412.92092589305577 -373.00000000000693 13.898305084751273
    vertex 408.86316967746546 -380.1046591131407 11.381671367507314
  endloop
endfacet
facet normal 0.11954064220154831 -0.4015515275945869 0.9080013246402756
  outer loop
    vertex 408.86316967746546 -380.1046591131407 11.381671367507314
    vertex 409.23604457295215 -387.0033342331058 8.281733998601739
    vertex 412.92092589305577 -380.1046591131407 10.847457627124113
  endloop
endfacet
facet normal 0.11954064220154831 -0.4015515275945869 0.9080013246402756
  outer loop
    vertex 412.92092589305577 -387.0033342331058 7.796610169496994
    vertex 412.92092589305577 -380.1046591131407 10.847457627124113
    vertex 409.23604457295215 -387.0033342331058 8.281733998601739
  endloop
endfacet
facet normal -0.35615247006525247 0.9227092328755109 0.14752318337368395
  outer loop
    vertex 441.8987006817278 -328.6794919243181 32.2354286469303
    vertex 446.55795894461806 -326.6814834742256 30.98698415806076
    vertex 438.90168800658904 -328.6794919243185 25.000000000005763
  endloop
endfacet
facet normal -0.35615247006525247 0.9227092328755109 0.14752318337368395
  outer loop
    vertex 443.0790646835935 -326.6814834742256 22.58819045103109
    vertex 438.90168800658904 -328.6794919243185 25.000000000005763
    vertex 446.55795894461806 -326.6814834742256 30.98698415806076
  endloop
endfacet
facet normal -0.38219867838392485 0.9227092328755127 0.05031741058385393
  outer loop
    vertex 442.83537450679376 -328.6794919243185 39.350172705957675
    vertex 447.6177268746807 -326.6814834742256 39.03672077136366
    vertex 441.8987006817278 -328.6794919243181 32.2354286469303
  endloop
endfacet
facet normal -0.38219867838392485 0.9227092328755127 0.05031741058385393
  outer loop
    vertex 446.55795894461806 -326.6814834742256 30.98698415806076
    vertex 441.8987006817278 -328.6794919243181 32.2354286469303
    vertex 447.6177268746807 -326.6814834742256 39.03672077136366
  endloop
endfacet
facet normal 0.23422211550207378 0.790817609882284 0.5654622078528369
  outer loop
    vertex 399.99199370492147 -331.85786437627587 17.60643256254392
    vertex 406.22841812679934 -331.85786437627587 15.023220986287598
    vertex 397.92092589305577 -328.6794919243185 14.019237886472611
  endloop
endfacet
facet normal 0.23422211550207378 0.790817609882284 0.5654622078528369
  outer loop
    vertex 405.15635453998027 -328.6794919243185 11.02222521133384
    vertex 397.92092589305577 -328.6794919243185 14.019237886472611
    vertex 406.22841812679934 -331.85786437627587 15.023220986287598
  endloop
endfacet
facet normal 0.6524707369916548 0.7530878105868893 -0.08450258525638385
  outer loop
    vertex 426.87390995460044 -380.9191361450392 7.000000000000247
    vertex 427.26851208110025 -381.26101704747344 7.000000000000247
    vertex 426.7459692738537 -381.0327053982554 5.000000000000227
  endloop
endfacet
facet normal 0.6524707369916548 0.7530878105868893 -0.08450258525638385
  outer loop
    vertex 427.17432475900387 -381.40383000704793 5.0000000000002505
    vertex 426.7459692738537 -381.0327053982554 5.000000000000227
    vertex 427.26851208110025 -381.26101704747344 7.000000000000247
  endloop
endfacet
facet normal -0.6068156946316642 0.7908176098822607 0.07988880177346126
  outer loop
    vertex 438.72867542753204 -331.85786437627587 39.619339984352465
    vertex 442.83537450679376 -328.6794919243185 39.350172705957675
    vertex 437.897704906774 -331.8578643762765 33.307492233749464
  endloop
endfacet
facet normal -0.6068156946316642 0.7908176098822607 0.07988880177346126
  outer loop
    vertex 441.8987006817278 -328.6794919243181 32.2354286469303
    vertex 437.897704906774 -331.8578643762765 33.307492233749464
    vertex 442.83537450679376 -328.6794919243185 39.350172705957675
  endloop
endfacet
facet normal 0.07140240287257936 -0.9974475910362518 -2.1531925839384502e-20
  outer loop
    vertex 428.84120861227655 -383.5657128728383 15.000000000000249
    vertex 428.6459190582811 -383.5796926984818 15.000000000000249
    vertex 428.84120861227655 -383.5657128728383 5.000000000000227
  endloop
endfacet
facet normal 0.07140240287257936 -0.9974475910362518 -2.1531925839384502e-20
  outer loop
    vertex 428.6459190582811 -383.5796926984818 5.000000000000244
    vertex 428.84120861227655 -383.5657128728383 5.000000000000227
    vertex 428.6459190582811 -383.5796926984818 15.000000000000249
  endloop
endfacet
facet normal -0.9238795325112521 0.3826834323651735 1.510878151274087e-14
  outer loop
    vertex 379.8825469133981 -353.48615265004895 5.000000000000183
    vertex 379.88254691339927 -353.48615265004867 54.80000000000579
    vertex 380.78441742816284 -351.30884462180074 5.000000000000183
  endloop
endfacet
facet normal -0.9238795325112521 0.3826834323651735 1.510878151274087e-14
  outer loop
    vertex 380.7844174281634 -351.30884462180074 54.80000000000579
    vertex 380.78441742816284 -351.30884462180074 5.000000000000183
    vertex 379.88254691339927 -353.48615265004867 54.80000000000579
  endloop
endfacet
facet normal -0.207793873493681 0.839738153828722 -0.5016587875666303
  outer loop
    vertex 395.50911634408067 -326.6814834742254 9.841861209468496
    vertex 403.90791005111066 -326.6814834742256 6.3629669484431375
    vertex 392.92092589305287 -330.00000000000637 5.358983848623995
  endloop
endfacet
facet normal -0.207793873493681 0.839738153828722 -0.5016587875666303
  outer loop
    vertex 403.54270415796486 -327.5860891427256 5.000000000000183
    vertex 392.92092589305287 -330.00000000000637 5.358983848623995
    vertex 403.90791005111066 -326.6814834742256 6.3629669484431375
  endloop
endfacet
facet normal -0.207793873493681 0.839738153828722 -0.5016587875666303
  outer loop
    vertex 393.7875895690747 -330.0000000000066 5.000000000000183
    vertex 392.92092589305287 -330.00000000000637 5.358983848623995
    vertex 403.54270415796486 -327.5860891427256 5.000000000000183
  endloop
endfacet
facet normal -0.07988880177349168 0.7908176098822639 0.606815694631656
  outer loop
    vertex 419.6134336593123 -331.85786437627587 15.023220986287598
    vertex 420.6854972461318 -328.6794919243185 11.02222521133384
    vertex 412.92092589305577 -331.85786437627615 14.142135623736767
  endloop
endfacet
facet normal -0.07988880177349168 0.7908176098822639 0.606815694631656
  outer loop
    vertex 412.92092589305577 -328.6794919243181 10.000000000005853
    vertex 412.92092589305577 -331.85786437627615 14.142135623736767
    vertex 420.6854972461318 -328.6794919243185 11.02222521133384
  endloop
endfacet
facet normal 0.07988880177338356 -0.606815694633328 0.790817609880992
  outer loop
    vertex 399.4209258930554 -418.8482134521889 5.000000000000205
    vertex 400.93455491430564 -418.64894041112217 5.000000000000183
    vertex 399.420925893056 -418.36827201636095 5.36827201636252
  endloop
endfacet
facet normal 0.07988880177338356 -0.606815694633328 0.790817609880992
  outer loop
    vertex 400.8103369301793 -418.18535258314836 5.3682720163625435
    vertex 399.420925893056 -418.36827201636095 5.36827201636252
    vertex 400.93455491430564 -418.64894041112217 5.000000000000183
  endloop
endfacet
facet normal 7.459279644081572e-16 0.6087614290087604 0.7933533402912046
  outer loop
    vertex 371.969139345231 -434.15178654782403 5.000000000000205
    vertex 371.969139345231 -434.63172798365196 5.3682720163605575
    vertex 399.4209258930554 -434.15178654782375 5.000000000000205
  endloop
endfacet
facet normal 7.459279644081572e-16 0.6087614290087604 0.7933533402912046
  outer loop
    vertex 399.420925893056 -434.63172798365196 5.3682720163604
    vertex 399.4209258930554 -434.15178654782375 5.000000000000205
    vertex 371.969139345231 -434.63172798365196 5.3682720163605575
  endloop
endfacet
facet normal 0.35399527968562583 -0.8546202052331034 0.3798837279584686
  outer loop
    vertex 400.6168523918933 -415.07140545811166 10.523580981328843
    vertex 400.03998300193916 -415.3103525831483 10.523580981328843
    vertex 401.19127982129527 -416.06634295109626 7.750000000007831
  endloop
endfacet
facet normal 0.35399527968562583 -0.8546202052331034 0.3798837279584686
  outer loop
    vertex 400.33732851945666 -416.4200611619239 7.750000000007836
    vertex 401.19127982129527 -416.06634295109626 7.750000000007831
    vertex 400.03998300193916 -415.3103525831483 10.523580981328843
  endloop
endfacet
facet normal -0.43078416697963806 0.8397381538287335 -0.3305523173175004
  outer loop
    vertex 382.7627871025187 -326.6814834742254 22.58819045103095
    vertex 388.296908683438 -326.6814834742254 15.375982790388171
    vertex 378.2799097416745 -330.00000000000637 20.000000000002714
  endloop
endfacet
facet normal -0.43078416697963806 0.8397381538287335 -0.3305523173175004
  outer loop
    vertex 384.6366546455912 -330.00000000000637 11.715728752539494
    vertex 378.2799097416745 -330.00000000000637 20.000000000002714
    vertex 388.296908683438 -326.6814834742254 15.375982790388171
  endloop
endfacet
facet normal -0.9896562165202305 0.06004084691272861 0.13029071265775125
  outer loop
    vertex 430.8478543640145 -364.0000000000073 30.70496856971325
    vertex 431.48024792695423 -364.0000000000073 35.508474576276704
    vertex 432.23944241883726 -350.00000000000705 34.82361909795544
  endloop
endfacet
facet normal -0.9896562165202305 0.06004084691272861 0.13029071265775125
  outer loop
    vertex 432.92092589305594 -350.00000000000705 40.00000000000557
    vertex 432.23944241883726 -350.00000000000705 34.82361909795544
    vertex 431.48024792695423 -364.0000000000073 35.508474576276704
  endloop
endfacet
facet normal -0.5429915588704584 0.8397381538285785 7.646302224847409e-15
  outer loop
    vertex 373.09202866557814 -330.00000000000637 54.80000000000579
    vertex 378.224124911431 -326.6814834742256 54.80000000000579
    vertex 373.09202866557814 -330.00000000000637 38.700345411909375
  endloop
endfacet
facet normal -0.5429915588704584 0.8397381538285785 7.646302224847409e-15
  outer loop
    vertex 378.224124911431 -326.6814834742254 39.03672077136366
    vertex 373.09202866557814 -330.00000000000637 38.700345411909375
    vertex 378.224124911431 -326.6814834742256 54.80000000000579
  endloop
endfacet
facet normal 0.0 0.0 -0.9999999999999999
  outer loop
    vertex 426.3731643084443 -379.4726232524719 7.000000000000247
    vertex 426.4719407917717 -378.95994733531865 7.000000000000247
    vertex 426.41044384349374 -379.9933953964602 7.000000000000247
  endloop
endfacet
facet normal 0.0 0.0 -0.9999999999999999
  outer loop
    vertex 426.58123885821254 -380.48677400628674 7.000000000000247
    vertex 426.41044384349374 -379.9933953964602 7.000000000000247
    vertex 426.4719407917717 -378.95994733531865 7.000000000000247
  endloop
endfacet
facet normal 0.0 0.0 -0.9999999999999999
  outer loop
    vertex 426.70004183937135 -378.490305661517 7.000000000000247
    vertex 426.58123885821254 -380.48677400628674 7.000000000000247
    vertex 426.4719407917717 -378.95994733531865 7.000000000000247
  endloop
endfacet
facet normal 0.0 0.0 -0.9999999999999999
  outer loop
    vertex 426.87390995460044 -380.9191361450392 7.000000000000247
    vertex 426.58123885821254 -380.48677400628674 7.000000000000247
    vertex 426.70004183937135 -378.490305661517 7.000000000000247
  endloop
endfacet
facet normal 0.0 0.0 -0.9999999999999999
  outer loop
    vertex 427.04192274180616 -378.09570353501726 7.000000000000247
    vertex 426.87390995460044 -380.9191361450392 7.000000000000247
    vertex 426.70004183937135 -378.490305661517 7.000000000000247
  endloop
endfacet
facet normal 0.0 0.0 -0.9999999999999999
  outer loop
    vertex 427.26851208110025 -381.26101704747344 7.000000000000247
    vertex 426.87390995460044 -380.9191361450392 7.000000000000247
    vertex 427.04192274180616 -378.09570353501726 7.000000000000247
  endloop
endfacet
facet normal 0.0 0.0 -0.9999999999999999
  outer loop
    vertex 427.4742848805587 -377.80303243862926 7.000000000000247
    vertex 427.26851208110025 -381.26101704747344 7.000000000000247
    vertex 427.04192274180616 -378.09570353501726 7.000000000000247
  endloop
endfacet
facet normal 0.0 0.0 -0.9999999999999999
  outer loop
    vertex 427.7381537549017 -381.4891180950737 7.000000000000247
    vertex 427.26851208110025 -381.26101704747344 7.000000000000247
    vertex 427.4742848805587 -377.80303243862926 7.000000000000247
  endloop
endfacet
facet normal 0.0 0.0 -0.9999999999999999
  outer loop
    vertex 427.96766349038467 -377.6322374239105 7.000000000000247
    vertex 427.7381537549017 -381.4891180950737 7.000000000000247
    vertex 427.4742848805587 -377.80303243862926 7.000000000000247
  endloop
endfacet
facet normal 0.0 0.0 -0.9999999999999999
  outer loop
    vertex 428.25082967205475 -381.58789457840084 7.000000000000247
    vertex 427.7381537549017 -381.4891180950737 7.000000000000247
    vertex 427.96766349038467 -377.6322374239105 7.000000000000247
  endloop
endfacet
facet normal 0.0 0.0 -0.9999999999999999
  outer loop
    vertex 428.48843563437345 -377.5949578888613 7.000000000000247
    vertex 428.25082967205475 -381.58789457840084 7.000000000000247
    vertex 427.96766349038467 -377.6322374239105 7.000000000000247
  endloop
endfacet
facet normal 0.0 0.0 -0.9999999999999999
  outer loop
    vertex 428.7716018160436 -381.55061504335157 7.000000000000247
    vertex 428.25082967205475 -381.58789457840084 7.000000000000247
    vertex 428.48843563437345 -377.5949578888613 7.000000000000247
  endloop
endfacet
facet normal 0.0 0.0 -0.9999999999999999
  outer loop
    vertex 429.0011115515265 -377.6937343721883 7.000000000000247
    vertex 428.7716018160436 -381.55061504335157 7.000000000000247
    vertex 428.48843563437345 -377.5949578888613 7.000000000000247
  endloop
endfacet
facet normal 0.0 0.0 -0.9999999999999999
  outer loop
    vertex 429.2649804258695 -381.37982002863254 7.000000000000247
    vertex 428.7716018160436 -381.55061504335157 7.000000000000247
    vertex 429.0011115515265 -377.6937343721883 7.000000000000247
  endloop
endfacet
facet normal 0.0 0.0 -0.9999999999999999
  outer loop
    vertex 429.4707532253283 -377.92183541978864 7.000000000000247
    vertex 429.2649804258695 -381.37982002863254 7.000000000000247
    vertex 429.0011115515265 -377.6937343721883 7.000000000000247
  endloop
endfacet
facet normal 0.0 0.0 -0.9999999999999999
  outer loop
    vertex 429.69734256462243 -381.0871489322449 7.000000000000247
    vertex 429.2649804258695 -381.37982002863254 7.000000000000247
    vertex 429.4707532253283 -377.92183541978864 7.000000000000247
  endloop
endfacet
facet normal 0.0 0.0 -0.9999999999999999
  outer loop
    vertex 429.8653553518276 -378.2637163222226 7.000000000000247
    vertex 429.69734256462243 -381.0871489322449 7.000000000000247
    vertex 429.4707532253283 -377.92183541978864 7.000000000000247
  endloop
endfacet
facet normal 0.0 0.0 -0.9999999999999999
  outer loop
    vertex 430.0392234670567 -380.69254680574477 7.000000000000247
    vertex 429.69734256462243 -381.0871489322449 7.000000000000247
    vertex 429.8653553518276 -378.2637163222226 7.000000000000247
  endloop
endfacet
facet normal 0.0 0.0 -0.9999999999999999
  outer loop
    vertex 430.1580264482156 -378.69607846097506 7.000000000000247
    vertex 430.0392234670567 -380.69254680574477 7.000000000000247
    vertex 429.8653553518276 -378.2637163222226 7.000000000000247
  endloop
endfacet
facet normal 0.0 0.0 -0.9999999999999999
  outer loop
    vertex 430.2673245146565 -380.22290513194343 7.000000000000247
    vertex 430.0392234670567 -380.69254680574477 7.000000000000247
    vertex 430.1580264482156 -378.69607846097506 7.000000000000247
  endloop
endfacet
facet normal 0.0 0.0 -0.9999999999999999
  outer loop
    vertex 430.32882146293434 -379.18945707080184 7.000000000000247
    vertex 430.2673245146565 -380.22290513194343 7.000000000000247
    vertex 430.1580264482156 -378.69607846097506 7.000000000000247
  endloop
endfacet
facet normal 0.0 0.0 -0.9999999999999999
  outer loop
    vertex 430.3661009979837 -379.7102292147901 7.000000000000247
    vertex 430.2673245146565 -380.22290513194343 7.000000000000247
    vertex 430.32882146293434 -379.18945707080184 7.000000000000247
  endloop
endfacet
facet normal -0.30583505948138434 0.9227092328755098 0.2346754950102507
  outer loop
    vertex 438.90168800658904 -328.6794919243185 25.000000000005763
    vertex 443.0790646835935 -326.6814834742256 22.58819045103109
    vertex 434.1341293286518 -328.6794919243181 18.78679656440942
  endloop
endfacet
facet normal -0.30583505948138434 0.9227092328755098 0.2346754950102507
  outer loop
    vertex 437.5449431026734 -326.6814834742254 15.375982790388317
    vertex 434.1341293286518 -328.6794919243181 18.78679656440942
    vertex 443.0790646835935 -326.6814834742256 22.58819045103109
  endloop
endfacet
facet normal -0.23467549501021823 0.9227092328755144 0.30583505948139533
  outer loop
    vertex 434.1341293286518 -328.6794919243181 18.78679656440942
    vertex 437.5449431026734 -326.6814834742254 15.375982790388317
    vertex 427.9209258930559 -328.6794919243181 14.019237886472611
  endloop
endfacet
facet normal -0.23467549501021823 0.9227092328755144 0.30583505948139533
  outer loop
    vertex 430.3327354420302 -326.6814834742254 9.841861209468496
    vertex 427.9209258930559 -328.6794919243181 14.019237886472611
    vertex 437.5449431026734 -326.6814834742254 15.375982790388317
  endloop
endfacet
facet normal -0.35399527968562905 0.8546202052331024 0.37988372795846764
  outer loop
    vertex 411.72499939421726 -434.31128044408155 10.523580981326676
    vertex 411.1505719648153 -433.31634295109694 7.750000000005665
    vertex 405.7899830019393 -436.76964472666987 10.523580981326637
  endloop
endfacet
facet normal -0.35399527968562905 0.8546202052331024 0.37988372795846764
  outer loop
    vertex 405.49263748442297 -435.65993614789386 7.750000000005665
    vertex 405.7899830019393 -436.76964472666987 10.523580981326637
    vertex 411.1505719648153 -433.31634295109694 7.750000000005665
  endloop
endfacet
facet normal -0.33055231731748 0.8397381538287473 -0.4307841669796272
  outer loop
    vertex 388.296908683438 -326.6814834742254 15.375982790388171
    vertex 395.50911634408067 -326.6814834742254 9.841861209468496
    vertex 384.6366546455912 -330.00000000000637 11.715728752539494
  endloop
endfacet
facet normal -0.33055231731748 0.8397381538287473 -0.4307841669796272
  outer loop
    vertex 392.92092589305287 -330.00000000000637 5.358983848623995
    vertex 384.6366546455912 -330.00000000000637 11.715728752539494
    vertex 395.50911634408067 -326.6814834742254 9.841861209468496
  endloop
endfacet
facet normal -0.7352878122146279 0.6054678131259571 0.3045661840669398
  outer loop
    vertex 432.56194204443364 -336.0000000000067 28.660254037850017
    vertex 434.8276328698622 -336.0000000000067 34.1301155567452
    vertex 435.3144933305174 -331.85786437627587 27.07106781187122
  endloop
endfacet
facet normal -0.7352878122146279 0.6054678131259571 0.3045661840669398
  outer loop
    vertex 437.897704906774 -331.8578643762765 33.307492233749464
    vertex 435.3144933305174 -331.85786437627587 27.07106781187122
    vertex 434.8276328698622 -336.0000000000067 34.1301155567452
  endloop
endfacet
facet normal 0.7866802725955047 0.1294283079955434 0.6036410040731768
  outer loop
    vertex 398.7787902693249 -346.00000000000705 25.85786437627455
    vertex 398.29690868343806 -340.8236190979565 25.375982790388406
    vertex 395.6004178173672 -346.00000000000676 30.000000000005755
  endloop
endfacet
facet normal 0.7866802725955047 0.1294283079955434 0.6036410040731768
  outer loop
    vertex 395.0102358164344 -340.8236190979562 29.659258262896543
    vertex 395.6004178173672 -346.00000000000676 30.000000000005755
    vertex 398.29690868343806 -340.8236190979565 25.375982790388406
  endloop
endfacet
facet normal -0.4855734060792638 0.3725935791295243 0.7908176098823505
  outer loop
    vertex 414.3774975952268 -427.9565717021792 5.000000000000183
    vertex 414.71686743907395 -428.2959415460253 5.368272016360355
    vertex 417.73891037889126 -423.5758932739157 5.000000000000183
  endloop
endfacet
facet normal -0.4855734060792638 0.3725935791295243 0.7908176098823505
  outer loop
    vertex 418.15455185464765 -423.8158639918293 5.368272016360355
    vertex 417.73891037889126 -423.5758932739157 5.000000000000183
    vertex 414.71686743907395 -428.2959415460253 5.368272016360355
  endloop
endfacet
facet normal -0.3756527045457467 -0.1908057060087319 0.9069058540565142
  outer loop
    vertex 417.7244318996196 -364.0000000000073 17.5815461053186
    vertex 422.20058691000526 -364.0000000000073 19.435630217904535
    vertex 418.09730679510636 -350.00000000000705 20.681483474224216
  endloop
endfacet
facet normal -0.3756527045457467 -0.1908057060087319 0.9069058540565142
  outer loop
    vertex 422.9209258930558 -350.00000000000705 22.67949192431677
    vertex 418.09730679510636 -350.00000000000705 20.681483474224216
    vertex 422.20058691000526 -364.0000000000073 19.435630217904535
  endloop
endfacet
facet normal -0.13052619222004885 -1.459388571996684e-14 0.9914448613738107
  outer loop
    vertex 412.92092589305577 -346.00000000000676 20.00000000000565
    vertex 412.92092589305577 -350.00000000000705 20.000000000005556
    vertex 418.09730679510636 -346.00000000000705 20.681483474224233
  endloop
endfacet
facet normal -0.13052619222004885 -1.459388571996684e-14 0.9914448613738107
  outer loop
    vertex 418.09730679510636 -350.00000000000705 20.681483474224216
    vertex 418.09730679510636 -346.00000000000705 20.681483474224233
    vertex 412.92092589305577 -350.00000000000705 20.000000000005556
  endloop
endfacet
facet normal 0.789924183817014 -0.09287643138568505 0.606130144700034
  outer loop
    vertex 396.84808153468384 -364.0000000000073 26.228813559327644
    vertex 399.7975034286615 -364.0000000000073 22.385052111882313
    vertex 395.6004178173672 -350.00000000000705 30.00000000000577
  endloop
endfacet
facet normal 0.789924183817014 -0.09287643138568505 0.606130144700034
  outer loop
    vertex 398.7787902693249 -350.00000000000705 25.857864376274637
    vertex 395.6004178173672 -350.00000000000705 30.00000000000577
    vertex 399.7975034286615 -364.0000000000073 22.385052111882313
  endloop
endfacet
facet normal -0.9999999999999999 -1.1001767615786844e-30 1.1778173260439686e-14
  outer loop
    vertex 381.09202866557695 -348.9723053000919 5.000000000000183
    vertex 381.0920286655775 -348.97230530009165 54.80000000000579
    vertex 381.09202866557695 -331.68420370122635 5.000000000000183
  endloop
endfacet
facet normal -0.9999999999999999 -1.1001767615786844e-30 1.1778173260439686e-14
  outer loop
    vertex 381.0920286655775 -331.68420370122635 54.80000000000579
    vertex 381.09202866557695 -331.68420370122635 5.000000000000183
    vertex 381.0920286655775 -348.97230530009165 54.80000000000579
  endloop
endfacet
facet normal 0.9171204481621752 0.37988372795841857 0.12074119758899737
  outer loop
    vertex 392.2452726044306 -340.8236190979568 39.95571534380698
    vertex 392.94414687933704 -340.8236190979568 34.647238195904976
    vertex 390.26435739360505 -336.0000000000067 39.82587930134571
  endloop
endfacet
facet normal 0.9171204481621752 0.37988372795841857 0.12074119758899737
  outer loop
    vertex 391.01421891624886 -336.0000000000067 34.1301155567452
    vertex 390.26435739360505 -336.0000000000067 39.82587930134571
    vertex 392.94414687933704 -340.8236190979568 34.647238195904976
  endloop
endfacet
facet normal 0.3561524700652113 0.9227092328755196 0.1475231833737294
  outer loop
    vertex 383.94315110438424 -328.6794919243187 32.2354286469303
    vertex 386.9401637795226 -328.6794919243181 25.000000000005763
    vertex 379.283892841493 -326.6814834742259 30.98698415806076
  endloop
endfacet
facet normal 0.3561524700652113 0.9227092328755196 0.1475231833737294
  outer loop
    vertex 382.7627871025187 -326.6814834742254 22.58819045103095
    vertex 379.283892841493 -326.6814834742259 30.98698415806076
    vertex 386.9401637795226 -328.6794919243181 25.000000000005763
  endloop
endfacet
facet normal -0.12942830799556918 0.12942830799554753 0.9831056027603616
  outer loop
    vertex 412.92092589305577 -340.8236190979568 19.318516525787043
    vertex 412.92092589305577 -346.00000000000676 20.00000000000565
    vertex 418.2736876971563 -340.8236190979568 20.023220986287452
  endloop
endfacet
facet normal -0.12942830799556918 0.12942830799554753 0.9831056027603616
  outer loop
    vertex 418.09730679510636 -346.00000000000705 20.681483474224233
    vertex 418.2736876971563 -340.8236190979568 20.023220986287452
    vertex 412.92092589305577 -346.00000000000676 20.00000000000565
  endloop
endfacet
facet normal 0.9237703063231262 -0.015376513616666887 0.3826381893965549
  outer loop
    vertex 401.8127788907312 -413.00000000000625 10.523580981328843
    vertex 402.96163374953505 -413.00000000000625 7.750000000007515
    vertex 400.5603496413908 -396.0000000000069 14.230366456744338
  endloop
endfacet
facet normal 0.9237703063231262 -0.015376513616666887 0.3826381893965549
  outer loop
    vertex 401.8387364039499 -396.0000000000069 11.144067796615582
    vertex 400.5603496413908 -396.0000000000069 14.230366456744338
    vertex 402.96163374953505 -413.00000000000625 7.750000000007515
  endloop
endfacet
facet normal 0.8546202052331136 -0.35399527968559763 0.37988372795847214
  outer loop
    vertex 402.48726884414543 -414.7703539282458 7.750000000007836
    vertex 402.8409870549731 -413.91640262640726 7.750000000007831
    vertex 401.4923313511605 -414.1959264988442 10.523580981328843
  endloop
endfacet
facet normal 0.8546202052331136 -0.35399527968559763 0.37988372795847214
  outer loop
    vertex 401.73127847619736 -413.6190571088903 10.523580981328843
    vertex 401.4923313511605 -414.1959264988442 10.523580981328843
    vertex 402.8409870549731 -413.91640262640726 7.750000000007831
  endloop
endfacet
facet normal -0.9238795325112896 -9.85551190786335e-15 0.3826834323650827
  outer loop
    vertex 430.24143396874445 -350.00000000000705 30.000000000005755
    vertex 432.23944241883726 -350.00000000000705 34.82361909795544
    vertex 430.24143396874445 -346.00000000000705 30.000000000005755
  endloop
endfacet
facet normal -0.9238795325112896 -9.85551190786335e-15 0.3826834323650827
  outer loop
    vertex 432.23944241883726 -346.00000000000705 34.82361909795546
    vertex 430.24143396874445 -346.00000000000705 30.000000000005755
    vertex 432.23944241883726 -350.00000000000705 34.82361909795544
  endloop
endfacet
facet normal -0.050317410583831206 0.9227092328755083 0.3821986783839382
  outer loop
    vertex 420.6854972461318 -328.6794919243185 11.02222521133384
    vertex 421.93394173500076 -326.6814834742254 6.3629669484431375
    vertex 412.92092589305577 -328.6794919243181 10.000000000005853
  endloop
endfacet
facet normal -0.050317410583831206 0.9227092328755083 0.3821986783839382
  outer loop
    vertex 412.92092589305577 -326.6814834742254 5.176380902056394
    vertex 412.92092589305577 -328.6794919243181 10.000000000005853
    vertex 421.93394173500076 -326.6814834742254 6.3629669484431375
  endloop
endfacet
facet normal 0.12942830799557292 0.1294283079955471 0.9831056027603611
  outer loop
    vertex 407.5681640889547 -340.8236190979565 20.023220986287452
    vertex 407.7445449910053 -346.00000000000676 20.681483474224233
    vertex 412.92092589305577 -340.8236190979568 19.318516525787043
  endloop
endfacet
facet normal 0.12942830799557292 0.1294283079955471 0.9831056027603611
  outer loop
    vertex 412.92092589305577 -346.00000000000676 20.00000000000565
    vertex 412.92092589305577 -340.8236190979568 19.318516525787043
    vertex 407.7445449910053 -346.00000000000676 20.681483474224233
  endloop
endfacet
facet normal -0.9237703063231212 -0.015376513616685536 0.3826381893965667
  outer loop
    vertex 422.8802180365764 -413.00000000000676 7.750000000005959
    vertex 424.0290728953804 -413.00000000000676 10.523580981327337
    vertex 424.0031153821617 -396.0000000000069 11.144067796615634
  endloop
endfacet
facet normal -0.9237703063231212 -0.015376513616685536 0.3826381893965667
  outer loop
    vertex 425.28150214472134 -396.0000000000069 14.23036645674438
    vertex 424.0031153821617 -396.0000000000069 11.144067796615634
    vertex 424.0290728953804 -413.00000000000676 10.523580981327337
  endloop
endfacet
facet normal -2.3020252514412774e-15 -0.923879532511287 0.38268343236508895
  outer loop
    vertex 399.420925893056 -415.39185299768207 10.523580981328802
    vertex 371.96913934521126 -415.3918529976818 10.523580981328802
    vertex 399.420925893056 -416.540707856485 7.750000000007944
  endloop
endfacet
facet normal -2.3020252514412774e-15 -0.923879532511287 0.38268343236508895
  outer loop
    vertex 371.96913934521126 -416.540707856485 7.750000000007966
    vertex 399.420925893056 -416.540707856485 7.750000000007944
    vertex 371.96913934521126 -415.3918529976818 10.523580981328802
  endloop
endfacet
facet normal -0.6049095861932527 -0.1123149687089836 0.7883335210019982
  outer loop
    vertex 418.99497947911243 -404.5025948545276 5.000000000000183
    vertex 420.57271244087264 -413.0000000000065 5.000000000000183
    vertex 419.31923097780185 -396.0000000000069 6.460183392255482
  endloop
endfacet
facet normal -0.6049095861932527 -0.1123149687089836 0.7883335210019982
  outer loop
    vertex 421.9694957201046 -396.0000000000069 8.493803054313263
    vertex 419.31923097780185 -396.0000000000069 6.460183392255482
    vertex 420.57271244087264 -413.0000000000065 5.000000000000183
  endloop
endfacet
facet normal -0.6049095861932527 -0.1123149687089836 0.7883335210019982
  outer loop
    vertex 421.0526538767015 -413.00000000000676 5.3682720163604
    vertex 421.9694957201046 -396.0000000000069 8.493803054313263
    vertex 420.57271244087264 -413.0000000000065 5.000000000000183
  endloop
endfacet
facet normal -0.36629368676726676 -0.28952143380613327 0.88431118640515
  outer loop
    vertex 416.23293231767303 -396.0000000000069 5.181796629696185
    vertex 419.31923097780185 -396.0000000000069 6.460183392255482
    vertex 416.6058072131594 -387.0033342331058 8.281733998601766
  endloop
endfacet
facet normal -0.36629368676726676 -0.28952143380613327 0.88431118640515
  outer loop
    vertex 420.03956996085253 -387.0033342331058 9.704045098667725
    vertex 416.6058072131594 -387.0033342331058 8.281733998601766
    vertex 419.31923097780185 -396.0000000000069 6.460183392255482
  endloop
endfacet
facet normal 0.05031741058381882 0.922709232875511 0.38219867838393323
  outer loop
    vertex 405.15635453998027 -328.6794919243185 11.02222521133384
    vertex 412.92092589305577 -328.6794919243181 10.000000000005853
    vertex 403.90791005111066 -326.6814834742256 6.3629669484431375
  endloop
endfacet
facet normal 0.05031741058381882 0.922709232875511 0.38219867838393323
  outer loop
    vertex 412.92092589305577 -326.6814834742254 5.176380902056394
    vertex 403.90791005111066 -326.6814834742256 6.3629669484431375
    vertex 412.92092589305577 -328.6794919243181 10.000000000005853
  endloop
endfacet
facet normal 0.6049095861933416 -0.1123149687089183 0.7883335210019393
  outer loop
    vertex 403.87235606600757 -396.0000000000069 8.493803054313217
    vertex 404.78919790941063 -413.00000000000625 5.3682720163622495
    vertex 406.52262080831025 -396.0000000000069 6.460183392255302
  endloop
endfacet
facet normal 0.6049095861933416 -0.1123149687089183 0.7883335210019393
  outer loop
    vertex 405.26913934524015 -413.0000000000065 5.000000000000183
    vertex 406.52262080831025 -396.0000000000069 6.460183392255302
    vertex 404.78919790941063 -413.00000000000625 5.3682720163622495
  endloop
endfacet
facet normal 0.6049095861933416 -0.1123149687089183 0.7883335210019393
  outer loop
    vertex 406.84687230699967 -404.50259485452784 5.000000000000183
    vertex 406.52262080831025 -396.0000000000069 6.460183392255302
    vertex 405.26913934524015 -413.0000000000065 5.000000000000183
  endloop
endfacet
facet normal 0.379464598687178 -0.9161085805910678 0.12942830799557772
  outer loop
    vertex 400.4209258930552 -414.7320508075752 13.500000000007855
    vertex 399.9385639832609 -414.9318516525845 13.500000000007832
    vertex 400.6168523918933 -415.07140545811166 10.523580981328843
  endloop
endfacet
facet normal 0.379464598687178 -0.9161085805910678 0.12942830799557772
  outer loop
    vertex 400.03998300193916 -415.3103525831483 10.523580981328843
    vertex 400.6168523918933 -415.07140545811166 10.523580981328843
    vertex 399.9385639832609 -414.9318516525845 13.500000000007832
  endloop
endfacet
facet normal 0.9800533538324956 0.19873455573119952 -1.0013849426618664e-14
  outer loop
    vertex 397.24295979136076 -380.1046591131407 54.80000000000579
    vertex 397.24295979136076 -380.1046591131407 26.525423728818957
    vertex 395.8022818252597 -373.00000000000693 54.80000000000579
  endloop
endfacet
facet normal 0.9800533538324956 0.19873455573119952 -1.0013849426618664e-14
  outer loop
    vertex 395.80228182525906 -373.00000000000693 31.016949152547813
    vertex 395.8022818252597 -373.00000000000693 54.80000000000579
    vertex 397.24295979136076 -380.1046591131407 26.525423728818957
  endloop
endfacet
facet normal 0.583005961926265 -0.28779506092208795 0.7597881620999908
  outer loop
    vertex 400.81621658799804 -373.00000000000693 18.912239847489985
    vertex 401.8349297473345 -380.1046591131407 15.439427583097814
    vertex 404.36160385915747 -373.00000000000693 16.19176851149217
  endloop
endfacet
facet normal 0.583005961926265 -0.28779506092208795 0.7597881620999908
  outer loop
    vertex 405.08194284220855 -380.1046591131407 12.947906805079862
    vertex 404.36160385915747 -373.00000000000693 16.19176851149217
    vertex 401.8349297473345 -380.1046591131407 15.439427583097814
  endloop
endfacet
facet normal 0.4844948324374592 -0.6314059586429832 0.6054678131259612
  outer loop
    vertex 401.9245844285723 -415.50365853552313 7.750000000007836
    vertex 401.19127982129527 -416.06634295109626 7.750000000007831
    vertex 403.21686743907355 -416.7959415460248 5.3682720163625435
  endloop
endfacet
facet normal 0.4844948324374592 -0.6314059586429832 0.6054678131259612
  outer loop
    vertex 402.1050619012327 -417.6490599405947 5.3682720163625435
    vertex 403.21686743907355 -416.7959415460248 5.3682720163625435
    vertex 401.19127982129527 -416.06634295109626 7.750000000007831
  endloop
endfacet
facet normal -0.9161085805910785 0.37946459868715227 0.12942830799557653
  outer loop
    vertex 421.07156098766694 -425.50000000000654 13.500000000005643
    vertex 423.56907155028216 -419.4704761275696 13.500000000005667
    vertex 420.7322063371307 -425.3040735011687 10.523580981326676
  endloop
endfacet
facet normal -0.9161085805910785 0.37946459868715227 0.12942830799557653
  outer loop
    vertex 423.19057061971836 -419.36905710889044 10.523580981326637
    vertex 420.7322063371307 -425.3040735011687 10.523580981326676
    vertex 423.56907155028216 -419.4704761275696 13.500000000005667
  endloop
endfacet
facet normal -0.12372092438330344 -0.31867864411067304 0.9397537202147825
  outer loop
    vertex 412.92092589305526 -395.2502778527807 5.000000000000183
    vertex 414.8520498199827 -396.0000000000069 5.000000000000183
    vertex 412.92092589305577 -387.0033342331058 7.796610169496994
  endloop
endfacet
facet normal -0.12372092438330344 -0.31867864411067304 0.9397537202147825
  outer loop
    vertex 416.6058072131594 -387.0033342331058 8.281733998601766
    vertex 412.92092589305577 -387.0033342331058 7.796610169496994
    vertex 414.8520498199827 -396.0000000000069 5.000000000000183
  endloop
endfacet
facet normal -0.12372092438330344 -0.31867864411067304 0.9397537202147825
  outer loop
    vertex 416.23293231767303 -396.0000000000069 5.181796629696185
    vertex 416.6058072131594 -387.0033342331058 8.281733998601766
    vertex 414.8520498199827 -396.0000000000069 5.000000000000183
  endloop
endfacet
facet normal -0.12942830799555932 0.9831056027603587 0.12942830799557922
  outer loop
    vertex 405.89140202061867 -437.14814565723356 13.500000000005667
    vertex 405.7899830019393 -436.76964472666987 10.523580981326637
    vertex 399.420925893056 -438.0000000000066 13.500000000005643
  endloop
endfacet
facet normal -0.12942830799555932 0.9831056027603587 0.12942830799557922
  outer loop
    vertex 399.420925893056 -437.60814700233084 10.523580981326683
    vertex 399.420925893056 -438.0000000000066 13.500000000005643
    vertex 405.7899830019393 -436.76964472666987 10.523580981326637
  endloop
endfacet
facet normal -0.9171204481621597 0.3798837279584463 0.1207411975890267
  outer loop
    vertex 432.89770490677387 -340.8236190979568 34.647238195904976
    vertex 433.59657918168085 -340.8236190979568 39.95571534380698
    vertex 434.8276328698622 -336.0000000000067 34.1301155567452
  endloop
endfacet
facet normal -0.9171204481621597 0.3798837279584463 0.1207411975890267
  outer loop
    vertex 435.5774943925066 -336.00000000000705 39.82587930134571
    vertex 434.8276328698622 -336.0000000000067 34.1301155567452
    vertex 433.59657918168085 -340.8236190979568 39.95571534380698
  endloop
endfacet
facet normal -0.7352878122146339 0.3045661840669122 0.6054678131259638
  outer loop
    vertex 419.7372688441452 -424.7296460717671 7.750000000005665
    vertex 422.08086204094275 -419.0717115913735 7.750000000005665
    vertex 418.15455185464765 -423.8158639918293 5.368272016360355
  endloop
endfacet
facet normal -0.7352878122146339 0.3045661840669122 0.6054678131259638
  outer loop
    vertex 420.3155706197183 -418.598703180651 5.368272016360355
    vertex 418.15455185464765 -423.8158639918293 5.368272016360355
    vertex 422.08086204094275 -419.0717115913735 7.750000000005665
  endloop
endfacet
facet normal 0.6036410040731559 -0.7866802725955157 0.129428307995574
  outer loop
    vertex 400.8351394554287 -414.41421356237953 13.500000000007855
    vertex 400.4209258930552 -414.7320508075752 13.500000000007855
    vertex 401.11222136731305 -414.69129547426417 10.523580981328843
  endloop
endfacet
facet normal 0.6036410040731559 -0.7866802725955157 0.129428307995574
  outer loop
    vertex 400.6168523918933 -415.07140545811166 10.523580981328843
    vertex 401.11222136731305 -414.69129547426417 10.523580981328843
    vertex 400.4209258930552 -414.7320508075752 13.500000000007855
  endloop
endfacet
facet normal -0.8546202052331152 0.35399527968559824 0.37988372795846764
  outer loop
    vertex 420.7322063371307 -425.3040735011687 10.523580981326676
    vertex 423.19057061971836 -419.36905710889044 10.523580981326637
    vertex 419.7372688441452 -424.7296460717671 7.750000000005665
  endloop
endfacet
facet normal -0.8546202052331152 0.35399527968559824 0.37988372795846764
  outer loop
    vertex 422.08086204094275 -419.0717115913735 7.750000000005665
    vertex 419.7372688441452 -424.7296460717671 7.750000000005665
    vertex 423.19057061971836 -419.36905710889044 10.523580981326637
  endloop
endfacet
facet normal 0.7890610165044143 -0.10388185357169233 0.6054678131259581
  outer loop
    vertex 404.6062784761974 -414.38941103712983 5.3682720163625435
    vertex 404.78919790941063 -413.00000000000625 5.3682720163622495
    vertex 402.8409870549731 -413.91640262640726 7.750000000007831
  endloop
endfacet
facet normal 0.7890610165044143 -0.10388185357169233 0.6054678131259581
  outer loop
    vertex 402.96163374953505 -413.00000000000625 7.750000000007515
    vertex 402.8409870549731 -413.91640262640726 7.750000000007831
    vertex 404.78919790941063 -413.00000000000625 5.3682720163622495
  endloop
endfacet
facet normal 0.9904610834401374 0.044537054636814566 0.13039667539805785
  outer loop
    vertex 401.42092589305554 -413.00000000000625 13.500000000007404
    vertex 401.8127788907312 -413.00000000000625 10.523580981328843
    vertex 400.124315723564 -396.0000000000069 17.5423728813613
  endloop
endfacet
facet normal 0.9904610834401374 0.044537054636814566 0.13039667539805785
  outer loop
    vertex 400.5603496413908 -396.0000000000069 14.230366456744338
    vertex 400.124315723564 -396.0000000000069 17.5423728813613
    vertex 401.8127788907312 -413.00000000000625 10.523580981328843
  endloop
endfacet
facet normal -0.9171204481621463 0.12074119758905551 0.37988372795846986
  outer loop
    vertex 423.19057061971836 -419.36905710889044 10.523580981326637
    vertex 424.0290728953804 -413.00000000000676 10.523580981327337
    vertex 422.08086204094275 -419.0717115913735 7.750000000005665
  endloop
endfacet
facet normal -0.9171204481621463 0.12074119758905551 0.37988372795846986
  outer loop
    vertex 422.8802180365764 -413.00000000000676 7.750000000005959
    vertex 422.08086204094275 -419.0717115913735 7.750000000005665
    vertex 424.0290728953804 -413.00000000000676 10.523580981327337
  endloop
endfacet
facet normal -0.9999999999999999 -2.9341125101899723e-12 2.0109140015130002e-13
  outer loop
    vertex 371.96913934522405 -418.8482134521889 5.000000000000205
    vertex 371.96913934521245 -418.36827201636123 5.368272016362566
    vertex 371.96913934519745 -411.95667808290983 5.000000000000205
  endloop
endfacet
facet normal -0.9999999999999999 -2.9341125101899723e-12 2.0109140015130002e-13
  outer loop
    vertex 371.96913934521126 -416.540707856485 7.750000000007966
    vertex 371.96913934519745 -411.95667808290983 5.000000000000205
    vertex 371.96913934521245 -418.36827201636123 5.368272016362566
  endloop
endfacet
facet normal -0.9999999999999999 -2.9341125101899723e-12 2.0109140015130002e-13
  outer loop
    vertex 371.96913934521126 -415.3918529976818 10.523580981328802
    vertex 371.96913934519745 -411.95667808290983 5.000000000000205
    vertex 371.96913934521126 -416.540707856485 7.750000000007966
  endloop
endfacet
facet normal -0.9999999999999999 -2.9341125101899723e-12 2.0109140015130002e-13
  outer loop
    vertex 371.96913934521126 -415.0000000000063 13.500000000008164
    vertex 371.96913934519745 -411.95667808290983 5.000000000000205
    vertex 371.96913934521126 -415.3918529976818 10.523580981328802
  endloop
endfacet
facet normal -0.9999999999999999 -2.9341125101899723e-12 2.0109140015130002e-13
  outer loop
    vertex 371.969139345216 -415.0000000000063 54.80000000000044
    vertex 371.96913934519745 -411.95667808290983 5.000000000000205
    vertex 371.96913934521126 -415.0000000000063 13.500000000008164
  endloop
endfacet
facet normal -0.9999999999999999 -2.9341125101899723e-12 2.0109140015130002e-13
  outer loop
    vertex 371.9691393452102 -411.95667808293183 54.80000000000049
    vertex 371.96913934519745 -411.95667808290983 5.000000000000205
    vertex 371.969139345216 -415.0000000000063 54.80000000000044
  endloop
endfacet
facet normal -0.6068156946315579 0.07988880177353802 0.7908176098823344
  outer loop
    vertex 419.85198279174557 -418.4744851965249 5.000000000000183
    vertex 420.3155706197183 -418.598703180651 5.368272016360355
    vertex 420.57271244087264 -413.0000000000065 5.000000000000183
  endloop
endfacet
facet normal -0.6068156946315579 0.07988880177353802 0.7908176098823344
  outer loop
    vertex 421.0526538767015 -413.00000000000676 5.3682720163604
    vertex 420.57271244087264 -413.0000000000065 5.000000000000183
    vertex 420.3155706197183 -418.598703180651 5.368272016360355
  endloop
endfacet
facet normal 0.5383461908112277 0.8397381538287361 -0.0708746205869724
  outer loop
    vertex 447.6177268746807 -326.6814834742256 39.03672077136366
    vertex 452.749823120537 -330.000000000007 38.700345411909375
    vertex 446.55795894461806 -326.6814834742256 30.98698415806076
  endloop
endfacet
facet normal 0.5383461908112277 0.8397381538287361 -0.0708746205869724
  outer loop
    vertex 451.5579589446227 -330.00000000000637 29.64723819590338
    vertex 446.55795894461806 -326.6814834742256 30.98698415806076
    vertex 452.749823120537 -330.000000000007 38.700345411909375
  endloop
endfacet
facet normal -0.30456618406693914 0.7352878122146205 0.6054678131259665
  outer loop
    vertex 405.49263748442297 -435.65993614789386 7.750000000005665
    vertex 411.1505719648153 -433.31634295109694 7.750000000005665
    vertex 405.01962907370034 -433.89464472666975 5.368272016360355
  endloop
endfacet
facet normal -0.30456618406693914 0.7352878122146205 0.6054678131259665
  outer loop
    vertex 410.23678988487785 -431.7336259615985 5.368272016360355
    vertex 405.01962907370034 -433.89464472666975 5.368272016360355
    vertex 411.1505719648153 -433.31634295109694 7.750000000005665
  endloop
endfacet
facet normal 8.258442207488266e-15 0.7933533402912353 0.6087614290087204
  outer loop
    vertex 371.969139345231 -436.4592921435276 7.75000000000571
    vertex 399.420925893056 -436.4592921435276 7.750000000005688
    vertex 371.969139345231 -434.63172798365196 5.3682720163605575
  endloop
endfacet
facet normal 8.258442207488266e-15 0.7933533402912353 0.6087614290087204
  outer loop
    vertex 399.420925893056 -434.63172798365196 5.3682720163604
    vertex 371.969139345231 -434.63172798365196 5.3682720163605575
    vertex 399.420925893056 -436.4592921435276 7.750000000005688
  endloop
endfacet
facet normal 0.7933533402914411 -0.6087614290084524 -6.441613194064808e-21
  outer loop
    vertex 400.8351394554287 -414.41421356237953 54.800000000002875
    vertex 400.8351394554287 -414.41421356237953 13.500000000007855
    vertex 401.15297670062427 -414.00000000000625 54.800000000002875
  endloop
endfacet
facet normal 0.7933533402914411 -0.6087614290084524 -6.441613194064808e-21
  outer loop
    vertex 401.15297670062427 -414.00000000000625 13.500000000007855
    vertex 401.15297670062427 -414.00000000000625 54.800000000002875
    vertex 400.8351394554287 -414.41421356237953 13.500000000007855
  endloop
endfacet
facet normal 0.37877281881757763 -0.1425953185864102 0.9144384762477062
  outer loop
    vertex 406.52262080831025 -396.0000000000069 6.460183392255302
    vertex 406.84687230699967 -404.50259485452784 5.000000000000183
    vertex 409.608919468439 -396.0000000000069 5.181796629696168
  endloop
endfacet
facet normal 0.37877281881757763 -0.1425953185864102 0.9144384762477062
  outer loop
    vertex 409.6307868132372 -397.1077437799769 5.000000000000183
    vertex 409.608919468439 -396.0000000000069 5.181796629696168
    vertex 406.84687230699967 -404.50259485452784 5.000000000000183
  endloop
endfacet
facet normal 0.9914448613737191 0.1305261922207444 0.0
  outer loop
    vertex 443.1723524076657 -335.54625164005193 15.000000000000249
    vertex 443.1723524076657 -335.54625164005193 5.0000000000002505
    vertex 443.14679677738235 -335.35213735622494 15.000000000000249
  endloop
endfacet
facet normal 0.9914448613737191 0.1305261922207444 0.0
  outer loop
    vertex 443.14679677738235 -335.35213735622494 5.0000000000002505
    vertex 443.14679677738235 -335.35213735622494 15.000000000000249
    vertex 443.1723524076657 -335.54625164005193 5.0000000000002505
  endloop
endfacet
facet normal 0.9171204481621363 -0.12074119758899707 0.37988372795851233
  outer loop
    vertex 402.8409870549731 -413.91640262640726 7.750000000007831
    vertex 402.96163374953505 -413.00000000000625 7.750000000007515
    vertex 401.73127847619736 -413.6190571088903 10.523580981328843
  endloop
endfacet
facet normal 0.9171204481621363 -0.12074119758899707 0.37988372795851233
  outer loop
    vertex 401.8127788907312 -413.00000000000625 10.523580981328843
    vertex 401.73127847619736 -413.6190571088903 10.523580981328843
    vertex 402.96163374953505 -413.00000000000625 7.750000000007515
  endloop
endfacet
facet normal 0.13052619222008877 -0.9914448613738054 -2.1420408180713902e-20
  outer loop
    vertex 399.9385639832609 -414.9318516525845 54.80000000000279
    vertex 399.420925893056 -415.0000000000063 54.80000000000274
    vertex 399.9385639832609 -414.9318516525845 13.500000000007832
  endloop
endfacet
facet normal 0.13052619222008877 -0.9914448613738054 -2.1420408180713902e-20
  outer loop
    vertex 399.420925893056 -415.0000000000063 13.500000000008255
    vertex 399.9385639832609 -414.9318516525845 13.500000000007832
    vertex 399.420925893056 -415.0000000000063 54.80000000000274
  endloop
endfacet
facet normal -0.6087614290087655 0.7933533402912006 5.342645798746025e-13
  outer loop
    vertex 388.44712356013207 -404.52619766707136 54.80000000000197
    vertex 388.44712356011706 -404.52619766704913 5.000000000000205
    vertex 383.0209258930441 -408.68986557913667 54.80000000000148
  endloop
endfacet
facet normal -0.6087614290087655 0.7933533402912006 5.342645798746025e-13
  outer loop
    vertex 383.02092589302964 -408.6898655791145 5.000000000000205
    vertex 383.0209258930441 -408.68986557913667 54.80000000000148
    vertex 388.44712356011706 -404.52619766704913 5.000000000000205
  endloop
endfacet
facet normal 2.684362031334939e-15 -0.7933533402912357 0.6087614290087198
  outer loop
    vertex 371.96913934521126 -416.540707856485 7.750000000007966
    vertex 371.96913934521245 -418.36827201636123 5.368272016362566
    vertex 399.420925893056 -416.540707856485 7.750000000007944
  endloop
endfacet
facet normal 2.684362031334939e-15 -0.7933533402912357 0.6087614290087198
  outer loop
    vertex 399.420925893056 -418.36827201636095 5.36827201636252
    vertex 399.420925893056 -416.540707856485 7.750000000007944
    vertex 371.96913934521245 -418.36827201636123 5.368272016362566
  endloop
endfacet
facet normal 0.9238795325114574 -0.3826834323646777 6.560618797243158e-15
  outer loop
    vertex 401.15297670062427 -414.00000000000625 54.800000000002875
    vertex 401.15297670062427 -414.00000000000625 13.500000000007855
    vertex 401.35277754563305 -413.5176380902112 54.800000000002925
  endloop
endfacet
facet normal 0.9238795325114574 -0.3826834323646777 6.560618797243158e-15
  outer loop
    vertex 401.35277754563367 -413.5176380902112 13.500000000007855
    vertex 401.35277754563305 -413.5176380902112 54.800000000002925
    vertex 401.15297670062427 -414.00000000000625 13.500000000007855
  endloop
endfacet
facet normal -0.13594204903590212 0.9907167906641738 4.715273652157085e-13
  outer loop
    vertex 376.70198487473067 -411.3072566487578 54.80000000000089
    vertex 376.70198487471555 -411.30725664873614 5.000000000000205
    vertex 371.9691393452102 -411.95667808293183 54.80000000000049
  endloop
endfacet
facet normal -0.13594204903590212 0.9907167906641738 4.715273652157085e-13
  outer loop
    vertex 371.96913934519745 -411.95667808290983 5.000000000000205
    vertex 371.9691393452102 -411.95667808293183 54.80000000000049
    vertex 376.70198487471555 -411.30725664873614 5.000000000000205
  endloop
endfacet
facet normal -2.8218158567143298e-15 -0.9914448613738152 0.1305261922200152
  outer loop
    vertex 399.420925893056 -415.0000000000063 13.500000000008255
    vertex 371.96913934521126 -415.0000000000063 13.500000000008164
    vertex 399.420925893056 -415.39185299768207 10.523580981328802
  endloop
endfacet
facet normal -2.8218158567143298e-15 -0.9914448613738152 0.1305261922200152
  outer loop
    vertex 371.96913934521126 -415.3918529976818 10.523580981328802
    vertex 399.420925893056 -415.39185299768207 10.523580981328802
    vertex 371.96913934521126 -415.0000000000063 13.500000000008164
  endloop
endfacet
facet normal -0.6036410040731531 0.7866802725955169 0.1294283079955805
  outer loop
    vertex 411.9209258930555 -434.650635094618 13.500000000005643
    vertex 417.0985954227188 -430.6776695296708 13.500000000005643
    vertex 411.72499939421726 -434.31128044408155 10.523580981326676
  endloop
endfacet
facet normal -0.6036410040731531 0.7866802725955169 0.1294283079955805
  outer loop
    vertex 416.8215135108344 -430.4005876177862 10.523580981326637
    vertex 411.72499939421726 -434.31128044408155 10.523580981326676
    vertex 417.0985954227188 -430.6776695296708 13.500000000005643
  endloop
endfacet
facet normal -0.12074119758902013 0.9171204481621535 0.3798837279584635
  outer loop
    vertex 399.420925893056 -437.60814700233084 10.523580981326683
    vertex 405.7899830019393 -436.76964472666987 10.523580981326637
    vertex 399.420925893056 -436.4592921435276 7.750000000005688
  endloop
endfacet
facet normal -0.12074119758902013 0.9171204481621535 0.3798837279584635
  outer loop
    vertex 405.49263748442297 -435.65993614789386 7.750000000005665
    vertex 399.420925893056 -436.4592921435276 7.750000000005688
    vertex 405.7899830019393 -436.76964472666987 10.523580981326637
  endloop
endfacet
facet normal -0.793353340291233 0.6087614290087238 5.125658018823728e-13
  outer loop
    vertex 388.44712356013207 -404.52619766707136 54.80000000000197
    vertex 392.6107914721968 -399.099999999984 54.800000000002385
    vertex 388.44712356011706 -404.52619766704913 5.000000000000205
  endloop
endfacet
facet normal -0.793353340291233 0.6087614290087238 5.125658018823728e-13
  outer loop
    vertex 392.61079147218186 -399.0999999999614 5.000000000000205
    vertex 388.44712356011706 -404.52619766704913 5.000000000000205
    vertex 392.6107914721968 -399.099999999984 54.800000000002385
  endloop
endfacet
facet normal 0.9914448613737336 -0.13052619222063533 7.040311325975765e-15
  outer loop
    vertex 401.35277754563305 -413.5176380902112 54.800000000002925
    vertex 401.35277754563367 -413.5176380902112 13.500000000007855
    vertex 401.42092589305554 -413.00000000000625 54.800000000002925
  endloop
endfacet
facet normal 0.9914448613737336 -0.13052619222063533 7.040311325975765e-15
  outer loop
    vertex 401.42092589305554 -413.00000000000625 13.500000000007404
    vertex 401.42092589305554 -413.00000000000625 54.800000000002925
    vertex 401.35277754563367 -413.5176380902112 13.500000000007855
  endloop
endfacet
facet normal 1.0094334471626272e-14 0.9238795325112857 0.3826834323650925
  outer loop
    vertex 371.9691393452304 -437.60814700233084 10.523580981326727
    vertex 399.420925893056 -437.60814700233084 10.523580981326683
    vertex 371.969139345231 -436.4592921435276 7.75000000000571
  endloop
endfacet
facet normal 1.0094334471626272e-14 0.9238795325112857 0.3826834323650925
  outer loop
    vertex 399.420925893056 -436.4592921435276 7.750000000005688
    vertex 371.969139345231 -436.4592921435276 7.75000000000571
    vertex 399.420925893056 -437.60814700233084 10.523580981326683
  endloop
endfacet
facet normal 0.38268343236548874 -0.9238795325111214 -3.1540189652685268e-15
  outer loop
    vertex 400.4209258930552 -414.7320508075755 54.80000000000279
    vertex 399.9385639832609 -414.9318516525845 54.80000000000279
    vertex 400.4209258930552 -414.7320508075752 13.500000000007855
  endloop
endfacet
facet normal 0.38268343236548874 -0.9238795325111214 -3.1540189652685268e-15
  outer loop
    vertex 399.9385639832609 -414.9318516525845 13.500000000007832
    vertex 400.4209258930552 -414.7320508075752 13.500000000007855
    vertex 399.9385639832609 -414.9318516525845 54.80000000000279
  endloop
endfacet
facet normal 0.9161085805910806 -0.37946459868715143 0.12942830799556448
  outer loop
    vertex 401.4923313511605 -414.1959264988442 10.523580981328843
    vertex 401.73127847619736 -413.6190571088903 10.523580981328843
    vertex 401.15297670062427 -414.00000000000625 13.500000000007855
  endloop
endfacet
facet normal 0.9161085805910806 -0.37946459868715143 0.12942830799556448
  outer loop
    vertex 401.35277754563367 -413.5176380902112 13.500000000007855
    vertex 401.15297670062427 -414.00000000000625 13.500000000007855
    vertex 401.73127847619736 -413.6190571088903 10.523580981328843
  endloop
endfacet
facet normal -0.9914448613735705 -0.13052619222187423 -0.0
  outer loop
    vertex 444.6467967773826 -335.35213735622494 5.0000000000002505
    vertex 444.6467967773826 -335.35213735622494 15.000000000000249
    vertex 444.62124114709906 -335.1580230723984 5.0000000000002505
  endloop
endfacet
facet normal -0.9914448613735705 -0.13052619222187423 -0.0
  outer loop
    vertex 444.62124114709906 -335.1580230723984 15.000000000000249
    vertex 444.62124114709906 -335.1580230723984 5.0000000000002505
    vertex 444.6467967773826 -335.35213735622494 15.000000000000249
  endloop
endfacet
facet normal -0.7866802725954938 0.6036410040731837 0.12942830799557875
  outer loop
    vertex 417.0985954227188 -430.6776695296708 13.500000000005643
    vertex 421.07156098766694 -425.50000000000654 13.500000000005643
    vertex 416.8215135108344 -430.4005876177862 10.523580981326637
  endloop
endfacet
facet normal -0.7866802725954938 0.6036410040731837 0.12942830799557875
  outer loop
    vertex 420.7322063371307 -425.3040735011687 10.523580981326676
    vertex 416.8215135108344 -430.4005876177862 10.523580981326637
    vertex 421.07156098766694 -425.50000000000654 13.500000000005643
  endloop
endfacet
facet normal -0.6087614290071102 0.7933533402924708 0.0
  outer loop
    vertex 444.2717967773819 -336.00165640906334 15.000000000000249
    vertex 444.42712686327246 -335.88246744211494 15.000000000000249
    vertex 444.2717967773819 -336.00165640906334 5.000000000000244
  endloop
endfacet
facet normal -0.6087614290071102 0.7933533402924708 0.0
  outer loop
    vertex 444.42712686327246 -335.88246744211494 5.000000000000244
    vertex 444.2717967773819 -336.00165640906334 5.000000000000244
    vertex 444.42712686327246 -335.88246744211494 15.000000000000249
  endloop
endfacet
facet normal 0.7905157216712615 0.6065840476599953 -0.08450258525620036
  outer loop
    vertex 381.062189161487 -441.63632494043316 5.000000000000205
    vertex 380.7171648490931 -441.1866805022744 5.000000000000205
    vertex 381.18315773812134 -441.5153563637986 7.000000000000224
  endloop
endfacet
facet normal 0.7905157216712615 0.6065840476599953 -0.08450258525620036
  outer loop
    vertex 380.86532049292566 -441.1011428014254 7.000000000000224
    vertex 381.18315773812134 -441.5153563637986 7.000000000000224
    vertex 380.7171648490931 -441.1866805022744 5.000000000000205
  endloop
endfacet
facet normal 0.9831056027603623 -0.12942830799553795 0.12942830799557323
  outer loop
    vertex 401.73127847619736 -413.6190571088903 10.523580981328843
    vertex 401.8127788907312 -413.00000000000625 10.523580981328843
    vertex 401.35277754563367 -413.5176380902112 13.500000000007855
  endloop
endfacet
facet normal 0.9831056027603623 -0.12942830799553795 0.12942830799557323
  outer loop
    vertex 401.42092589305554 -413.00000000000625 13.500000000007404
    vertex 401.35277754563367 -413.5176380902112 13.500000000007855
    vertex 401.8127788907312 -413.00000000000625 10.523580981328843
  endloop
endfacet
facet normal -0.48449483243745806 0.6314059586429774 0.6054678131259679
  outer loop
    vertex 411.1505719648153 -433.31634295109694 7.750000000005665
    vertex 416.0091504495752 -429.58822455652717 7.750000000005665
    vertex 410.23678988487785 -431.7336259615985 5.368272016360355
  endloop
endfacet
facet normal -0.48449483243745806 0.6314059586429774 0.6054678131259679
  outer loop
    vertex 414.71686743907395 -428.2959415460253 5.368272016360355
    vertex 410.23678988487785 -431.7336259615985 5.368272016360355
    vertex 416.0091504495752 -429.58822455652717 7.750000000005665
  endloop
endfacet
facet normal 0.9205750556392654 -0.3813146732290393 -0.08450258525627521
  outer loop
    vertex 436.98735907465846 -334.83449926602026 7.000000000000247
    vertex 436.8221129259161 -334.79022169391243 5.000000000000244
    vertex 437.1871599196683 -334.35213735622557 7.000000000000247
  endloop
endfacet
facet normal 0.9205750556392654 -0.3813146732290393 -0.08450258525627521
  outer loop
    vertex 437.0390042758353 -334.2665996553768 5.000000000000244
    vertex 437.1871599196683 -334.35213735622557 7.000000000000247
    vertex 436.8221129259161 -334.79022169391243 5.000000000000244
  endloop
endfacet
facet normal 0.6314059586429654 -0.48449483243748087 0.6054678131259621
  outer loop
    vertex 403.21686743907355 -416.7959415460248 5.3682720163625435
    vertex 404.0699858336436 -415.68413600818366 5.3682720163625435
    vertex 401.9245844285723 -415.50365853552313 7.750000000007836
  endloop
endfacet
facet normal 0.6314059586429654 -0.48449483243748087 0.6054678131259621
  outer loop
    vertex 402.48726884414543 -414.7703539282458 7.750000000007836
    vertex 401.9245844285723 -415.50365853552313 7.750000000007836
    vertex 404.0699858336436 -415.68413600818366 5.3682720163625435
  endloop
endfacet
facet normal -0.9841401193995467 0.12116626804277039 0.1295645046948949
  outer loop
    vertex 426.6730901995446 -387.0033342331058 18.349016984986577
    vertex 427.15821402864907 -387.0033342331058 22.033898305090137
    vertex 428.0646782543679 -380.1046591131407 22.467667513228797
  endloop
endfacet
facet normal -0.9841401193995467 0.12116626804277039 0.1295645046948949
  outer loop
    vertex 428.5988919947509 -380.1046591131407 26.525423728819007
    vertex 428.0646782543679 -380.1046591131407 22.467667513228797
    vertex 427.15821402864907 -387.0033342331058 22.033898305090137
  endloop
endfacet
facet normal 0.6065840476598907 -0.7905157216713177 -0.08450258525642462
  outer loop
    vertex 381.59737130049484 -438.3690919938564 7.000000000000224
    vertex 381.18315773812134 -438.68692923905235 7.000000000000224
    vertex 381.5118335996455 -438.2209363500236 5.000000000000205
  endloop
endfacet
facet normal 0.6065840476598907 -0.7905157216713177 -0.08450258525642462
  outer loop
    vertex 381.0621891614865 -438.5659606624175 5.000000000000183
    vertex 381.5118335996455 -438.2209363500236 5.000000000000205
    vertex 381.18315773812134 -438.68692923905235 7.000000000000224
  endloop
endfacet
facet normal -0.9914448613735999 0.13052619222165054 0.0
  outer loop
    vertex 444.62124114709906 -335.54625164005193 5.0000000000002505
    vertex 444.62124114709906 -335.54625164005193 15.000000000000249
    vertex 444.6467967773826 -335.35213735622494 5.0000000000002505
  endloop
endfacet
facet normal -0.9914448613735999 0.13052619222165054 0.0
  outer loop
    vertex 444.6467967773826 -335.35213735622494 15.000000000000249
    vertex 444.6467967773826 -335.35213735622494 5.0000000000002505
    vertex 444.62124114709906 -335.54625164005193 15.000000000000249
  endloop
endfacet
facet normal 0.920575055639355 0.38131467322881135 -0.08450258525632764
  outer loop
    vertex 437.0390042758353 -336.4376750570744 5.000000000000227
    vertex 436.8221129259161 -335.9140530185384 5.000000000000227
    vertex 437.1871599196683 -336.35213735622534 7.000000000000247
  endloop
endfacet
facet normal 0.920575055639355 0.38131467322881135 -0.08450258525632764
  outer loop
    vertex 436.98735907465846 -335.8697754464303 7.000000000000247
    vertex 437.1871599196683 -336.35213735622534 7.000000000000247
    vertex 436.8221129259161 -335.9140530185384 5.000000000000227
  endloop
endfacet
facet normal 0.13052619222011247 -0.9914448613738024 0.0
  outer loop
    vertex 443.89679677738246 -334.6021373562251 15.000000000000249
    vertex 443.70268249355524 -334.6276929865084 15.000000000000249
    vertex 443.89679677738246 -334.6021373562251 5.000000000000244
  endloop
endfacet
facet normal 0.13052619222011247 -0.9914448613738024 0.0
  outer loop
    vertex 443.70268249355524 -334.6276929865084 5.000000000000244
    vertex 443.89679677738246 -334.6021373562251 5.000000000000244
    vertex 443.70268249355524 -334.6276929865084 15.000000000000249
  endloop
endfacet
facet normal -0.7338790076440754 0.5631251684765308 0.37988372795847103
  outer loop
    vertex 416.8215135108344 -430.4005876177862 10.523580981326637
    vertex 420.7322063371307 -425.3040735011687 10.523580981326676
    vertex 416.0091504495752 -429.58822455652717 7.750000000005665
  endloop
endfacet
facet normal -0.7338790076440754 0.5631251684765308 0.37988372795847103
  outer loop
    vertex 419.7372688441452 -424.7296460717671 7.750000000005665
    vertex 416.0091504495752 -429.58822455652717 7.750000000005665
    vertex 420.7322063371307 -425.3040735011687 10.523580981326676
  endloop
endfacet
facet normal -0.854620205233101 0.3798837279584747 0.353995279685625
  outer loop
    vertex 432.89770490677387 -340.8236190979568 34.647238195904976
    vertex 434.8276328698622 -336.0000000000067 34.1301155567452
    vertex 430.8316159696766 -340.8236190979565 29.659258262896543
  endloop
endfacet
facet normal -0.854620205233101 0.3798837279584747 0.353995279685625
  outer loop
    vertex 432.56194204443364 -336.0000000000067 28.660254037850017
    vertex 430.8316159696766 -340.8236190979565 29.659258262896543
    vertex 434.8276328698622 -336.0000000000067 34.1301155567452
  endloop
endfacet
facet normal -0.923879532509404 0.382683432369635 2.2051960205424673e-13
  outer loop
    vertex 392.6107914721968 -399.099999999984 54.800000000002385
    vertex 395.22818254183295 -392.7810589816921 54.80000000000577
    vertex 392.61079147218186 -399.0999999999614 5.000000000000205
  endloop
endfacet
facet normal -0.923879532509404 0.382683432369635 2.2051960205424673e-13
  outer loop
    vertex 395.22818254183346 -392.7810589816921 5.000000000000205
    vertex 392.61079147218186 -399.0999999999614 5.000000000000205
    vertex 395.22818254183295 -392.7810589816921 54.80000000000577
  endloop
endfacet
facet normal -0.7933533402928334 0.6087614290066377 -5.769241055218212e-20
  outer loop
    vertex 444.42712686327246 -335.88246744211494 5.000000000000244
    vertex 444.42712686327246 -335.88246744211494 15.000000000000249
    vertex 444.5463158302202 -335.72713735622506 5.0000000000002505
  endloop
endfacet
facet normal -0.7933533402928334 0.6087614290066377 -5.769241055218212e-20
  outer loop
    vertex 444.5463158302202 -335.72713735622506 15.000000000000249
    vertex 444.5463158302202 -335.72713735622506 5.0000000000002505
    vertex 444.42712686327246 -335.88246744211494 15.000000000000249
  endloop
endfacet
facet normal 0.6087614290100039 -0.7933533402902505 0.0
  outer loop
    vertex 443.52179677738184 -334.70261830338694 15.000000000000249
    vertex 443.36646669149246 -334.82180727033534 15.000000000000249
    vertex 443.52179677738184 -334.70261830338694 5.000000000000244
  endloop
endfacet
facet normal 0.6087614290100039 -0.7933533402902505 0.0
  outer loop
    vertex 443.36646669149246 -334.82180727033534 5.000000000000244
    vertex 443.52179677738184 -334.70261830338694 5.000000000000244
    vertex 443.36646669149246 -334.82180727033534 15.000000000000249
  endloop
endfacet
facet normal 0.7933533402899399 0.6087614290104087 0.0
  outer loop
    vertex 443.36646669149246 -335.88246744211494 15.000000000000249
    vertex 443.36646669149246 -335.88246744211494 5.000000000000244
    vertex 443.24727772454355 -335.72713735622506 15.000000000000249
  endloop
endfacet
facet normal 0.7933533402899399 0.6087614290104087 0.0
  outer loop
    vertex 443.24727772454355 -335.72713735622506 5.000000000000244
    vertex 443.24727772454355 -335.72713735622506 15.000000000000249
    vertex 443.36646669149246 -335.88246744211494 5.000000000000244
  endloop
endfacet
facet normal 0.5815481152228976 -0.29564704652075385 0.7578882592864534
  outer loop
    vertex 401.8349297473345 -380.1046591131407 15.439427583097814
    vertex 402.8536429066711 -387.0033342331058 11.966615318705518
    vertex 405.08194284220855 -380.1046591131407 12.947906805079862
  endloop
endfacet
facet normal 0.5815481152228976 -0.29564704652075385 0.7578882592864534
  outer loop
    vertex 405.8022818252597 -387.0033342331058 9.70404509866759
    vertex 405.08194284220855 -380.1046591131407 12.947906805079862
    vertex 402.8536429066711 -387.0033342331058 11.966615318705518
  endloop
endfacet
facet normal 0.38268343236606384 0.9238795325108833 0.0
  outer loop
    vertex 383.6557218995969 -359.00165640906386 15.000000000000215
    vertex 383.8366076157698 -359.07658172594245 15.000000000000215
    vertex 383.6557218995969 -359.00165640906386 5.000000000000205
  endloop
endfacet
facet normal 0.38268343236606384 0.9238795325108833 0.0
  outer loop
    vertex 383.8366076157698 -359.07658172594245 5.000000000000205
    vertex 383.6557218995969 -359.00165640906386 5.000000000000205
    vertex 383.8366076157698 -359.07658172594245 15.000000000000215
  endloop
endfacet
facet normal -0.6087614290100816 0.793353340290191 0.0
  outer loop
    vertex 384.40572189959715 -359.00165640906386 15.000000000000215
    vertex 384.5610519854864 -358.8824674421155 15.000000000000215
    vertex 384.40572189959715 -359.00165640906386 5.000000000000205
  endloop
endfacet
facet normal -0.6087614290100816 0.793353340290191 0.0
  outer loop
    vertex 384.5610519854864 -358.8824674421155 5.000000000000205
    vertex 384.40572189959715 -359.00165640906386 5.000000000000205
    vertex 384.5610519854864 -358.8824674421155 15.000000000000215
  endloop
endfacet
facet normal 0.9238795325107428 -0.38268343236640256 0.0
  outer loop
    vertex 383.3062775298799 -358.15802307239886 15.000000000000215
    vertex 383.3062775298799 -358.15802307239886 5.000000000000183
    vertex 383.38120284675864 -357.97713735622574 15.000000000000215
  endloop
endfacet
facet normal 0.9238795325107428 -0.38268343236640256 0.0
  outer loop
    vertex 383.38120284675864 -357.97713735622574 5.000000000000183
    vertex 383.38120284675864 -357.97713735622574 15.000000000000215
    vertex 383.3062775298799 -358.15802307239886 5.000000000000183
  endloop
endfacet
facet normal -0.9914448613742112 -0.1305261922170068 -2.907670834033775e-14
  outer loop
    vertex 384.7807218995966 -358.3521373562258 5.000000000000205
    vertex 384.7807218995966 -358.3521373562258 15.000000000000215
    vertex 384.7551662693143 -358.15802307239886 5.000000000000205
  endloop
endfacet
facet normal -0.9914448613742112 -0.1305261922170068 -2.907670834033775e-14
  outer loop
    vertex 384.7551662693137 -358.15802307239886 15.000000000000215
    vertex 384.7551662693143 -358.15802307239886 5.000000000000205
    vertex 384.7807218995966 -358.3521373562258 15.000000000000215
  endloop
endfacet
facet normal -0.9914448613741856 0.13052619221720071 -2.907680619307646e-14
  outer loop
    vertex 384.7551662693143 -358.54625164005245 5.000000000000183
    vertex 384.7551662693137 -358.54625164005245 15.000000000000215
    vertex 384.7807218995966 -358.3521373562258 5.000000000000205
  endloop
endfacet
facet normal -0.9914448613741856 0.13052619221720071 -2.907680619307646e-14
  outer loop
    vertex 384.7807218995966 -358.3521373562258 15.000000000000215
    vertex 384.7807218995966 -358.3521373562258 5.000000000000205
    vertex 384.7551662693137 -358.54625164005245 15.000000000000215
  endloop
endfacet
facet normal 0.3813146732283407 -0.9205750556395603 -0.08450258525621578
  outer loop
    vertex 388.49066985953715 -356.42028570364727 7.000000000000224
    vertex 388.00830794974183 -356.6200865486566 7.000000000000224
    vertex 388.4463922874296 -356.2550395549046 5.000000000000205
  endloop
endfacet
facet normal 0.3813146732283407 -0.9205750556395603 -0.08450258525621578
  outer loop
    vertex 387.92277024889364 -356.4719309048238 5.000000000000183
    vertex 388.4463922874296 -356.2550395549046 5.000000000000205
    vertex 388.00830794974183 -356.6200865486566 7.000000000000224
  endloop
endfacet
facet normal -0.3826834323661454 0.9238795325108494 0.0
  outer loop
    vertex 384.2248361834243 -359.07658172594245 15.000000000000215
    vertex 384.40572189959715 -359.00165640906386 15.000000000000215
    vertex 384.2248361834243 -359.07658172594245 5.000000000000205
  endloop
endfacet
facet normal -0.3826834323661454 0.9238795325108494 0.0
  outer loop
    vertex 384.40572189959715 -359.00165640906386 5.000000000000205
    vertex 384.2248361834243 -359.07658172594245 5.000000000000205
    vertex 384.40572189959715 -359.00165640906386 15.000000000000215
  endloop
endfacet
facet normal 0.0 0.0 -0.9999999999999999
  outer loop
    vertex 387.00830794974206 -358.3521373562255 7.000000000000224
    vertex 387.07645629716393 -357.83449926602054 7.000000000000224
    vertex 387.07645629716393 -358.86977544643054 7.000000000000224
  endloop
endfacet
facet normal 0.0 0.0 -0.9999999999999999
  outer loop
    vertex 387.27625714217316 -359.35213735622557 7.000000000000224
    vertex 387.07645629716393 -358.86977544643054 7.000000000000224
    vertex 387.07645629716393 -357.83449926602054 7.000000000000224
  endloop
endfacet
facet normal 0.0 0.0 -0.9999999999999999
  outer loop
    vertex 387.27625714217316 -357.35213735622546 7.000000000000224
    vertex 387.27625714217316 -359.35213735622557 7.000000000000224
    vertex 387.07645629716393 -357.83449926602054 7.000000000000224
  endloop
endfacet
facet normal 0.0 0.0 -0.9999999999999999
  outer loop
    vertex 387.59409438736947 -359.76635091859845 7.000000000000224
    vertex 387.27625714217316 -359.35213735622557 7.000000000000224
    vertex 387.27625714217316 -357.35213735622546 7.000000000000224
  endloop
endfacet
facet normal 0.0 0.0 -0.9999999999999999
  outer loop
    vertex 387.59409438736947 -356.9379237938523 7.000000000000224
    vertex 387.59409438736947 -359.76635091859845 7.000000000000224
    vertex 387.27625714217316 -357.35213735622546 7.000000000000224
  endloop
endfacet
facet normal 0.0 0.0 -0.9999999999999999
  outer loop
    vertex 388.0083079497424 -360.0841881637944 7.000000000000224
    vertex 387.59409438736947 -359.76635091859845 7.000000000000224
    vertex 387.59409438736947 -356.9379237938523 7.000000000000224
  endloop
endfacet
facet normal 0.0 0.0 -0.9999999999999999
  outer loop
    vertex 388.00830794974183 -356.6200865486566 7.000000000000224
    vertex 388.0083079497424 -360.0841881637944 7.000000000000224
    vertex 387.59409438736947 -356.9379237938523 7.000000000000224
  endloop
endfacet
facet normal 0.0 0.0 -0.9999999999999999
  outer loop
    vertex 388.49066985953715 -356.42028570364727 7.000000000000224
    vertex 388.0083079497424 -360.0841881637944 7.000000000000224
    vertex 388.00830794974183 -356.6200865486566 7.000000000000224
  endloop
endfacet
facet normal 0.0 0.0 -0.9999999999999999
  outer loop
    vertex 388.49066985953715 -360.2839890088035 7.000000000000224
    vertex 388.0083079497424 -360.0841881637944 7.000000000000224
    vertex 388.49066985953715 -356.42028570364727 7.000000000000224
  endloop
endfacet
facet normal 0.0 0.0 -0.9999999999999999
  outer loop
    vertex 389.0083079497422 -360.35213735622534 7.000000000000224
    vertex 388.49066985953715 -360.2839890088035 7.000000000000224
    vertex 388.49066985953715 -356.42028570364727 7.000000000000224
  endloop
endfacet
facet normal 0.0 0.0 -0.9999999999999999
  outer loop
    vertex 389.0083079497422 -356.3521373562254 7.000000000000224
    vertex 389.0083079497422 -360.35213735622534 7.000000000000224
    vertex 388.49066985953715 -356.42028570364727 7.000000000000224
  endloop
endfacet
facet normal 0.0 0.0 -0.9999999999999999
  outer loop
    vertex 389.52594603994714 -360.2839890088035 7.000000000000224
    vertex 389.0083079497422 -360.35213735622534 7.000000000000224
    vertex 389.0083079497422 -356.3521373562254 7.000000000000224
  endloop
endfacet
facet normal 0.0 0.0 -0.9999999999999999
  outer loop
    vertex 389.52594603994714 -356.42028570364727 7.000000000000224
    vertex 389.52594603994714 -360.2839890088035 7.000000000000224
    vertex 389.0083079497422 -356.3521373562254 7.000000000000224
  endloop
endfacet
facet normal 0.0 0.0 -0.9999999999999999
  outer loop
    vertex 390.00830794974246 -360.0841881637944 7.000000000000224
    vertex 389.52594603994714 -360.2839890088035 7.000000000000224
    vertex 389.52594603994714 -356.42028570364727 7.000000000000224
  endloop
endfacet
facet normal 0.0 0.0 -0.9999999999999999
  outer loop
    vertex 390.00830794974246 -356.6200865486566 7.000000000000224
    vertex 390.00830794974246 -360.0841881637944 7.000000000000224
    vertex 389.52594603994714 -356.42028570364727 7.000000000000224
  endloop
endfacet
facet normal 0.0 0.0 -0.9999999999999999
  outer loop
    vertex 390.4225215121154 -359.76635091859845 7.000000000000224
    vertex 390.00830794974246 -360.0841881637944 7.000000000000224
    vertex 390.00830794974246 -356.6200865486566 7.000000000000224
  endloop
endfacet
facet normal 0.0 0.0 -0.9999999999999999
  outer loop
    vertex 390.4225215121154 -356.9379237938523 7.000000000000224
    vertex 390.4225215121154 -359.76635091859845 7.000000000000224
    vertex 390.00830794974246 -356.6200865486566 7.000000000000224
  endloop
endfacet
facet normal 0.0 0.0 -0.9999999999999999
  outer loop
    vertex 390.74035875731107 -359.3521373562253 7.000000000000224
    vertex 390.4225215121154 -359.76635091859845 7.000000000000224
    vertex 390.4225215121154 -356.9379237938523 7.000000000000224
  endloop
endfacet
facet normal 0.0 0.0 -0.9999999999999999
  outer loop
    vertex 390.74035875731107 -357.35213735622546 7.000000000000224
    vertex 390.74035875731107 -359.3521373562253 7.000000000000224
    vertex 390.4225215121154 -356.9379237938523 7.000000000000224
  endloop
endfacet
facet normal 0.0 0.0 -0.9999999999999999
  outer loop
    vertex 390.9401596023204 -358.86977544643054 7.000000000000224
    vertex 390.74035875731107 -359.3521373562253 7.000000000000224
    vertex 390.74035875731107 -357.35213735622546 7.000000000000224
  endloop
endfacet
facet normal 0.0 0.0 -0.9999999999999999
  outer loop
    vertex 390.9401596023204 -357.83449926602054 7.000000000000224
    vertex 390.9401596023204 -358.86977544643054 7.000000000000224
    vertex 390.74035875731107 -357.35213735622546 7.000000000000224
  endloop
endfacet
facet normal 0.0 0.0 -0.9999999999999999
  outer loop
    vertex 391.00830794974223 -358.3521373562255 7.000000000000224
    vertex 390.9401596023204 -358.86977544643054 7.000000000000224
    vertex 390.9401596023204 -357.83449926602054 7.000000000000224
  endloop
endfacet
facet normal -6.851573457813082e-14 -5.702131061519848e-14 0.9999999999999999
  outer loop
    vertex 373.29202866557813 -357.86470142600876 54.80000000000579
    vertex 373.29202866557813 -360.21748360011463 54.80000000000579
    vertex 374.40087328737184 -357.69238876259163 54.80000000000579
  endloop
endfacet
facet normal -6.851573457813082e-14 -5.702131061519848e-14 0.9999999999999999
  outer loop
    vertex 376.7019848747457 -360.6927433512326 54.80000000000579
    vertex 374.40087328737184 -357.69238876259163 54.80000000000579
    vertex 373.29202866557813 -360.21748360011463 54.80000000000579
  endloop
endfacet
facet normal -6.851573457813082e-14 -5.702131061519848e-14 0.9999999999999999
  outer loop
    vertex 376.5781813156207 -356.7905182478282 54.80000000000579
    vertex 374.40087328737184 -357.69238876259163 54.80000000000579
    vertex 376.7019848747457 -360.6927433512326 54.80000000000579
  endloop
endfacet
facet normal -6.851573457813082e-14 -5.702131061519848e-14 0.9999999999999999
  outer loop
    vertex 378.44787810645477 -355.35584944088305 54.80000000000579
    vertex 376.5781813156207 -356.7905182478282 54.80000000000579
    vertex 376.7019848747457 -360.6927433512326 54.80000000000579
  endloop
endfacet
facet normal -6.851573457813082e-14 -5.702131061519848e-14 0.9999999999999999
  outer loop
    vertex 383.02092589305914 -363.31013442085424 54.80000000000577
    vertex 378.44787810645477 -355.35584944088305 54.80000000000579
    vertex 376.7019848747457 -360.6927433512326 54.80000000000579
  endloop
endfacet
facet normal -6.851573457813082e-14 -5.702131061519848e-14 0.9999999999999999
  outer loop
    vertex 379.88254691339927 -353.48615265004867 54.80000000000579
    vertex 378.44787810645477 -355.35584944088305 54.80000000000579
    vertex 383.02092589305914 -363.31013442085424 54.80000000000577
  endloop
endfacet
facet normal -6.851573457813082e-14 -5.702131061519848e-14 0.9999999999999999
  outer loop
    vertex 380.7844174281634 -351.30884462180074 54.80000000000579
    vertex 379.88254691339927 -353.48615265004867 54.80000000000579
    vertex 383.02092589305914 -363.31013442085424 54.80000000000577
  endloop
endfacet
facet normal -6.851573457813082e-14 -5.702131061519848e-14 0.9999999999999999
  outer loop
    vertex 381.0920286655775 -348.97230530009165 54.80000000000579
    vertex 380.7844174281634 -351.30884462180074 54.80000000000579
    vertex 383.02092589305914 -363.31013442085424 54.80000000000577
  endloop
endfacet
facet normal -6.851573457813082e-14 -5.702131061519848e-14 0.9999999999999999
  outer loop
    vertex 383.00647727931783 -328.6794919243185 54.80000000000579
    vertex 381.0920286655775 -348.97230530009165 54.80000000000579
    vertex 383.02092589305914 -363.31013442085424 54.80000000000577
  endloop
endfacet
facet normal -6.851573457813082e-14 -5.702131061519848e-14 0.9999999999999999
  outer loop
    vertex 387.113176358579 -331.8578643762756 54.80000000000581
    vertex 383.00647727931783 -328.6794919243185 54.80000000000579
    vertex 383.02092589305914 -363.31013442085424 54.80000000000577
  endloop
endfacet
facet normal -6.851573457813082e-14 -5.702131061519848e-14 0.9999999999999999
  outer loop
    vertex 384.14779005713126 -355.69263985679896 54.80000000000546
    vertex 387.113176358579 -331.8578643762756 54.80000000000581
    vertex 383.02092589305914 -363.31013442085424 54.80000000000577
  endloop
endfacet
facet normal -6.851573457813082e-14 -5.702131061519848e-14 0.9999999999999999
  outer loop
    vertex 384.22104953060943 -355.1361789098283 54.8000000000055
    vertex 387.113176358579 -331.8578643762756 54.80000000000581
    vertex 384.14779005713126 -355.69263985679896 54.80000000000546
  endloop
endfacet
facet normal -6.851573457813082e-14 -5.702131061519848e-14 0.9999999999999999
  outer loop
    vertex 384.43583543899325 -354.61763985679846 54.80000000000554
    vertex 387.113176358579 -331.8578643762756 54.80000000000581
    vertex 384.22104953060943 -355.1361789098283 54.8000000000055
  endloop
endfacet
facet normal -6.851573457813082e-14 -5.702131061519848e-14 0.9999999999999999
  outer loop
    vertex 384.7775104775807 -354.17236027724647 54.80000000000558
    vertex 387.113176358579 -331.8578643762756 54.80000000000581
    vertex 384.43583543899325 -354.61763985679846 54.80000000000554
  endloop
endfacet
facet normal -6.851573457813082e-14 -5.702131061519848e-14 0.9999999999999999
  outer loop
    vertex 385.2227900571324 -353.83068523866143 54.80000000000564
    vertex 387.113176358579 -331.8578643762756 54.80000000000581
    vertex 384.7775104775807 -354.17236027724647 54.80000000000558
  endloop
endfacet
facet normal -6.851573457813082e-14 -5.702131061519848e-14 0.9999999999999999
  outer loop
    vertex 385.74132911016153 -353.61589933027693 54.800000000005674
    vertex 387.113176358579 -331.8578643762756 54.80000000000581
    vertex 385.2227900571324 -353.83068523866143 54.80000000000564
  endloop
endfacet
facet normal -6.851573457813082e-14 -5.702131061519848e-14 0.9999999999999999
  outer loop
    vertex 386.29779005713283 -353.54263985679853 54.80000000000572
    vertex 387.113176358579 -331.8578643762756 54.80000000000581
    vertex 385.74132911016153 -353.61589933027693 54.800000000005674
  endloop
endfacet
facet normal -6.851573457813082e-14 -5.702131061519848e-14 0.9999999999999999
  outer loop
    vertex 386.8542510041029 -353.6158993302773 54.80000000000577
    vertex 387.113176358579 -331.8578643762756 54.80000000000581
    vertex 386.29779005713283 -353.54263985679853 54.80000000000572
  endloop
endfacet
facet normal -6.851573457813082e-14 -5.702131061519848e-14 0.9999999999999999
  outer loop
    vertex 387.3727900571316 -353.83068523866194 54.80000000000581
    vertex 387.113176358579 -331.8578643762756 54.80000000000581
    vertex 386.8542510041029 -353.6158993302773 54.80000000000577
  endloop
endfacet
facet normal -6.851573457813082e-14 -5.702131061519848e-14 0.9999999999999999
  outer loop
    vertex 390.26435739360505 -336.0000000000067 54.80000000000579
    vertex 387.113176358579 -331.8578643762756 54.80000000000581
    vertex 387.3727900571316 -353.83068523866194 54.80000000000581
  endloop
endfacet
facet normal -6.851573457813082e-14 -5.702131061519848e-14 0.9999999999999999
  outer loop
    vertex 387.81806963668214 -354.1723602772482 54.80000000000581
    vertex 390.26435739360505 -336.0000000000067 54.80000000000579
    vertex 387.3727900571316 -353.83068523866194 54.80000000000581
  endloop
endfacet
facet normal -6.851573457813082e-14 -5.702131061519848e-14 0.9999999999999999
  outer loop
    vertex 388.1597446752678 -354.61763985679903 54.80000000000581
    vertex 390.26435739360505 -336.0000000000067 54.80000000000579
    vertex 387.81806963668214 -354.1723602772482 54.80000000000581
  endloop
endfacet
facet normal -6.851573457813082e-14 -5.702131061519848e-14 0.9999999999999999
  outer loop
    vertex 388.3745305836528 -355.1361789098283 54.80000000000579
    vertex 390.26435739360505 -336.0000000000067 54.80000000000579
    vertex 388.1597446752678 -354.61763985679903 54.80000000000581
  endloop
endfacet
facet normal -6.851573457813082e-14 -5.702131061519848e-14 0.9999999999999999
  outer loop
    vertex 388.44779005713093 -355.69263985679896 54.80000000000577
    vertex 390.26435739360505 -336.0000000000067 54.80000000000579
    vertex 388.3745305836528 -355.1361789098283 54.80000000000579
  endloop
endfacet
facet normal -6.851573457813082e-14 -5.702131061519848e-14 0.9999999999999999
  outer loop
    vertex 388.44712356014713 -367.47380233291904 54.80000000000577
    vertex 384.22104953060887 -356.24910080376964 54.80000000000545
    vertex 383.02092589305914 -363.31013442085424 54.80000000000577
  endloop
endfacet
facet normal -6.851573457813082e-14 -5.702131061519848e-14 0.9999999999999999
  outer loop
    vertex 384.14779005713126 -355.69263985679896 54.80000000000546
    vertex 383.02092589305914 -363.31013442085424 54.80000000000577
    vertex 384.22104953060887 -356.24910080376964 54.80000000000545
  endloop
endfacet
facet normal -6.851573457813082e-14 -5.702131061519848e-14 0.9999999999999999
  outer loop
    vertex 384.43583543899433 -356.7676398567991 54.800000000005426
    vertex 384.22104953060887 -356.24910080376964 54.80000000000545
    vertex 388.44712356014713 -367.47380233291904 54.80000000000577
  endloop
endfacet
facet normal -6.851573457813082e-14 -5.702131061519848e-14 0.9999999999999999
  outer loop
    vertex 384.7775104775801 -357.2129194363499 54.800000000005426
    vertex 384.43583543899433 -356.7676398567991 54.800000000005426
    vertex 388.44712356014713 -367.47380233291904 54.80000000000577
  endloop
endfacet
facet normal -6.851573457813082e-14 -5.702131061519848e-14 0.9999999999999999
  outer loop
    vertex 385.2227900571324 -357.5545944749362 54.800000000005426
    vertex 384.7775104775801 -357.2129194363499 54.800000000005426
    vertex 388.44712356014713 -367.47380233291904 54.80000000000577
  endloop
endfacet
facet normal -6.851573457813082e-14 -5.702131061519848e-14 0.9999999999999999
  outer loop
    vertex 385.74132911016153 -357.7693803833212 54.80000000000545
    vertex 385.2227900571324 -357.5545944749362 54.800000000005426
    vertex 388.44712356014713 -367.47380233291904 54.80000000000577
  endloop
endfacet
facet normal -6.851573457813082e-14 -5.702131061519848e-14 0.9999999999999999
  outer loop
    vertex 386.29779005713283 -357.8426398567985 54.8000000000055
    vertex 385.74132911016153 -357.7693803833212 54.80000000000545
    vertex 388.44712356014713 -367.47380233291904 54.80000000000577
  endloop
endfacet
facet normal -6.851573457813082e-14 -5.702131061519848e-14 0.9999999999999999
  outer loop
    vertex 386.8542510041029 -357.7693803833201 54.80000000000554
    vertex 386.29779005713283 -357.8426398567985 54.8000000000055
    vertex 388.44712356014713 -367.47380233291904 54.80000000000577
  endloop
endfacet
facet normal -6.851573457813082e-14 -5.702131061519848e-14 0.9999999999999999
  outer loop
    vertex 387.372790057131 -357.5545944749348 54.80000000000558
    vertex 386.8542510041029 -357.7693803833201 54.80000000000554
    vertex 388.44712356014713 -367.47380233291904 54.80000000000577
  endloop
endfacet
facet normal -6.851573457813082e-14 -5.702131061519848e-14 0.9999999999999999
  outer loop
    vertex 387.81806963668265 -357.21291943634907 54.80000000000563
    vertex 387.372790057131 -357.5545944749348 54.80000000000558
    vertex 388.44712356014713 -367.47380233291904 54.80000000000577
  endloop
endfacet
facet normal -6.851573457813082e-14 -5.702131061519848e-14 0.9999999999999999
  outer loop
    vertex 388.1597446752672 -356.76763985679884 54.800000000005674
    vertex 387.81806963668265 -357.21291943634907 54.80000000000563
    vertex 388.44712356014713 -367.47380233291904 54.80000000000577
  endloop
endfacet
facet normal -6.851573457813082e-14 -5.702131061519848e-14 0.9999999999999999
  outer loop
    vertex 388.3745305836528 -356.2491008037693 54.80000000000572
    vertex 388.1597446752672 -356.76763985679884 54.800000000005674
    vertex 388.44712356014713 -367.47380233291904 54.80000000000577
  endloop
endfacet
facet normal -6.851573457813082e-14 -5.702131061519848e-14 0.9999999999999999
  outer loop
    vertex 388.44779005713093 -355.69263985679896 54.80000000000577
    vertex 388.3745305836528 -356.2491008037693 54.80000000000572
    vertex 388.44712356014713 -367.47380233291904 54.80000000000577
  endloop
endfacet
facet normal -6.851573457813082e-14 -5.702131061519848e-14 0.9999999999999999
  outer loop
    vertex 392.61079147221125 -372.9000000000064 54.80000000000579
    vertex 388.44779005713093 -355.69263985679896 54.80000000000577
    vertex 388.44712356014713 -367.47380233291904 54.80000000000577
  endloop
endfacet
facet normal -6.851573457813082e-14 -5.702131061519848e-14 0.9999999999999999
  outer loop
    vertex 390.26435739360505 -336.0000000000067 54.80000000000579
    vertex 388.44779005713093 -355.69263985679896 54.80000000000577
    vertex 392.61079147221125 -372.9000000000064 54.80000000000579
  endloop
endfacet
facet normal -6.851573457813082e-14 -5.702131061519848e-14 0.9999999999999999
  outer loop
    vertex 392.2452726044306 -340.8236190979565 54.80000000000579
    vertex 390.26435739360505 -336.0000000000067 54.80000000000579
    vertex 392.61079147221125 -372.9000000000064 54.80000000000579
  endloop
endfacet
facet normal -6.851573457813082e-14 -5.702131061519848e-14 0.9999999999999999
  outer loop
    vertex 392.92092589305577 -346.00000000000676 54.80000000000579
    vertex 392.2452726044306 -340.8236190979565 54.80000000000579
    vertex 392.61079147221125 -372.9000000000064 54.80000000000579
  endloop
endfacet
facet normal -6.851573457813082e-14 -5.702131061519848e-14 0.9999999999999999
  outer loop
    vertex 392.92092589305577 -350.00000000000705 54.80000000000579
    vertex 392.92092589305577 -346.00000000000676 54.80000000000579
    vertex 392.61079147221125 -372.9000000000064 54.80000000000579
  endloop
endfacet
facet normal -6.851573457813082e-14 -5.702131061519848e-14 0.9999999999999999
  outer loop
    vertex 395.2281825418324 -379.2189410183202 54.80000000000579
    vertex 392.92092589305577 -350.00000000000705 54.80000000000579
    vertex 392.61079147221125 -372.9000000000064 54.80000000000579
  endloop
endfacet
facet normal -6.851573457813082e-14 -5.702131061519848e-14 0.9999999999999999
  outer loop
    vertex 394.3616038591574 -364.0000000000073 54.80000000000579
    vertex 392.92092589305577 -350.00000000000705 54.80000000000579
    vertex 395.2281825418324 -379.2189410183202 54.80000000000579
  endloop
endfacet
facet normal -6.851573457813082e-14 -5.702131061519848e-14 0.9999999999999999
  outer loop
    vertex 395.8022818252597 -373.00000000000693 54.80000000000579
    vertex 394.3616038591574 -364.0000000000073 54.80000000000579
    vertex 395.2281825418324 -379.2189410183202 54.80000000000579
  endloop
endfacet
facet normal -6.851573457813082e-14 -5.702131061519848e-14 0.9999999999999999
  outer loop
    vertex 396.12092589305905 -386.0000000000063 54.80000000000577
    vertex 395.8022818252597 -373.00000000000693 54.80000000000579
    vertex 395.2281825418324 -379.2189410183202 54.80000000000579
  endloop
endfacet
facet normal -6.851573457813082e-14 -5.702131061519848e-14 0.9999999999999999
  outer loop
    vertex 397.24295979136076 -380.1046591131407 54.80000000000579
    vertex 395.8022818252597 -373.00000000000693 54.80000000000579
    vertex 396.12092589305905 -386.0000000000063 54.80000000000577
  endloop
endfacet
facet normal -6.851573457813082e-14 -5.702131061519848e-14 0.9999999999999999
  outer loop
    vertex 396.1912508595564 -407.0595932112307 54.80000000000337
    vertex 397.24295979136076 -380.1046591131407 54.80000000000579
    vertex 396.12092589305905 -386.0000000000063 54.80000000000577
  endloop
endfacet
facet normal -6.851573457813082e-14 -5.702131061519848e-14 0.9999999999999999
  outer loop
    vertex 396.63653043910756 -407.40126824981644 54.80000000000337
    vertex 397.24295979136076 -380.1046591131407 54.80000000000579
    vertex 396.1912508595564 -407.0595932112307 54.80000000000337
  endloop
endfacet
facet normal -6.851573457813082e-14 -5.702131061519848e-14 0.9999999999999999
  outer loop
    vertex 396.9782054776927 -407.8465478293676 54.80000000000337
    vertex 397.24295979136076 -380.1046591131407 54.80000000000579
    vertex 396.63653043910756 -407.40126824981644 54.80000000000337
  endloop
endfacet
facet normal -6.851573457813082e-14 -5.702131061519848e-14 0.9999999999999999
  outer loop
    vertex 397.1929913860776 -408.36508688239735 54.80000000000335
    vertex 397.24295979136076 -380.1046591131407 54.80000000000579
    vertex 396.9782054776927 -407.8465478293676 54.80000000000337
  endloop
endfacet
facet normal -6.851573457813082e-14 -5.702131061519848e-14 0.9999999999999999
  outer loop
    vertex 397.2662508595558 -408.92154782936717 54.80000000000333
    vertex 397.24295979136076 -380.1046591131407 54.80000000000579
    vertex 397.1929913860776 -408.36508688239735 54.80000000000335
  endloop
endfacet
facet normal -6.851573457813082e-14 -5.702131061519848e-14 0.9999999999999999
  outer loop
    vertex 398.683637757463 -387.0033342331058 54.80000000000579
    vertex 397.24295979136076 -380.1046591131407 54.80000000000579
    vertex 397.2662508595558 -408.92154782936717 54.80000000000333
  endloop
endfacet
facet normal -6.851573457813082e-14 -5.702131061519848e-14 0.9999999999999999
  outer loop
    vertex 371.9691393452102 -411.95667808293183 54.80000000000049
    vertex 371.969139345216 -415.0000000000063 54.80000000000044
    vertex 376.70198487473067 -411.3072566487578 54.80000000000089
  endloop
endfacet
facet normal -6.851573457813082e-14 -5.702131061519848e-14 0.9999999999999999
  outer loop
    vertex 399.420925893056 -415.0000000000063 54.80000000000274
    vertex 376.70198487473067 -411.3072566487578 54.80000000000089
    vertex 371.969139345216 -415.0000000000063 54.80000000000044
  endloop
endfacet
facet normal -6.851573457813082e-14 -5.702131061519848e-14 0.9999999999999999
  outer loop
    vertex 383.0209258930441 -408.68986557913667 54.80000000000148
    vertex 376.70198487473067 -411.3072566487578 54.80000000000089
    vertex 399.420925893056 -415.0000000000063 54.80000000000274
  endloop
endfacet
facet normal -6.851573457813082e-14 -5.702131061519848e-14 0.9999999999999999
  outer loop
    vertex 393.59597128000496 -410.44182740891813 54.80000000000299
    vertex 383.0209258930441 -408.68986557913667 54.80000000000148
    vertex 399.420925893056 -415.0000000000063 54.80000000000274
  endloop
endfacet
facet normal -6.851573457813082e-14 -5.702131061519848e-14 0.9999999999999999
  outer loop
    vertex 388.44712356013207 -404.52619766707136 54.80000000000197
    vertex 383.0209258930441 -408.68986557913667 54.80000000000148
    vertex 393.59597128000496 -410.44182740891813 54.80000000000299
  endloop
endfacet
facet normal -6.851573457813082e-14 -5.702131061519848e-14 0.9999999999999999
  outer loop
    vertex 393.2542962414186 -409.9965478293679 54.80000000000297
    vertex 388.44712356013207 -404.52619766707136 54.80000000000197
    vertex 393.59597128000496 -410.44182740891813 54.80000000000299
  endloop
endfacet
facet normal -6.851573457813082e-14 -5.702131061519848e-14 0.9999999999999999
  outer loop
    vertex 393.0395103330337 -409.4780087763381 54.80000000000301
    vertex 388.44712356013207 -404.52619766707136 54.80000000000197
    vertex 393.2542962414186 -409.9965478293679 54.80000000000297
  endloop
endfacet
facet normal -6.851573457813082e-14 -5.702131061519848e-14 0.9999999999999999
  outer loop
    vertex 392.96625085955503 -408.92154782936717 54.800000000003024
    vertex 388.44712356013207 -404.52619766707136 54.80000000000197
    vertex 393.0395103330337 -409.4780087763381 54.80000000000301
  endloop
endfacet
facet normal -6.851573457813082e-14 -5.702131061519848e-14 0.9999999999999999
  outer loop
    vertex 392.6107914721968 -399.099999999984 54.800000000002385
    vertex 388.44712356013207 -404.52619766707136 54.80000000000197
    vertex 392.96625085955503 -408.92154782936717 54.800000000003024
  endloop
endfacet
facet normal -6.851573457813082e-14 -5.702131061519848e-14 0.9999999999999999
  outer loop
    vertex 394.0412508595578 -410.78350244750476 54.80000000000301
    vertex 393.59597128000496 -410.44182740891813 54.80000000000299
    vertex 399.420925893056 -415.0000000000063 54.80000000000274
  endloop
endfacet
facet normal -6.851573457813082e-14 -5.702131061519848e-14 0.9999999999999999
  outer loop
    vertex 394.55978991258706 -410.9982883558897 54.800000000003024
    vertex 394.0412508595578 -410.78350244750476 54.80000000000301
    vertex 399.420925893056 -415.0000000000063 54.80000000000274
  endloop
endfacet
facet normal -6.851573457813082e-14 -5.702131061519848e-14 0.9999999999999999
  outer loop
    vertex 395.1162508595565 -411.07154782936664 54.80000000000306
    vertex 394.55978991258706 -410.9982883558897 54.800000000003024
    vertex 399.420925893056 -415.0000000000063 54.80000000000274
  endloop
endfacet
facet normal -6.851573457813082e-14 -5.702131061519848e-14 0.9999999999999999
  outer loop
    vertex 395.6727118065278 -410.9982883558883 54.8000000000031
    vertex 395.1162508595565 -411.07154782936664 54.80000000000306
    vertex 399.420925893056 -415.0000000000063 54.80000000000274
  endloop
endfacet
facet normal -6.851573457813082e-14 -5.702131061519848e-14 0.9999999999999999
  outer loop
    vertex 396.1912508595564 -410.78350244750266 54.800000000003145
    vertex 395.6727118065278 -410.9982883558883 54.8000000000031
    vertex 399.420925893056 -415.0000000000063 54.80000000000274
  endloop
endfacet
facet normal -6.851573457813082e-14 -5.702131061519848e-14 0.9999999999999999
  outer loop
    vertex 396.63653043910585 -410.44182740891813 54.800000000003195
    vertex 396.1912508595564 -410.78350244750266 54.800000000003145
    vertex 399.420925893056 -415.0000000000063 54.80000000000274
  endloop
endfacet
facet normal -6.851573457813082e-14 -5.702131061519848e-14 0.9999999999999999
  outer loop
    vertex 396.97820547769146 -409.99654782936733 54.80000000000324
    vertex 396.63653043910585 -410.44182740891813 54.800000000003195
    vertex 399.420925893056 -415.0000000000063 54.80000000000274
  endloop
endfacet
facet normal -6.851573457813082e-14 -5.702131061519848e-14 0.9999999999999999
  outer loop
    vertex 397.1929913860765 -409.47800877633784 54.80000000000329
    vertex 396.97820547769146 -409.99654782936733 54.80000000000324
    vertex 399.420925893056 -415.0000000000063 54.80000000000274
  endloop
endfacet
facet normal -6.851573457813082e-14 -5.702131061519848e-14 0.9999999999999999
  outer loop
    vertex 397.2662508595558 -408.92154782936717 54.80000000000333
    vertex 397.1929913860765 -409.47800877633784 54.80000000000329
    vertex 399.420925893056 -415.0000000000063 54.80000000000274
  endloop
endfacet
facet normal -6.851573457813082e-14 -5.702131061519848e-14 0.9999999999999999
  outer loop
    vertex 398.683637757463 -387.0033342331058 54.80000000000579
    vertex 397.2662508595558 -408.92154782936717 54.80000000000333
    vertex 399.420925893056 -415.0000000000063 54.80000000000274
  endloop
endfacet
facet normal -6.851573457813082e-14 -5.702131061519848e-14 0.9999999999999999
  outer loop
    vertex 400.124315723564 -396.0000000000069 54.80000000000579
    vertex 398.683637757463 -387.0033342331058 54.80000000000579
    vertex 399.420925893056 -415.0000000000063 54.80000000000274
  endloop
endfacet
facet normal -6.851573457813082e-14 -5.702131061519848e-14 0.9999999999999999
  outer loop
    vertex 399.9385639832609 -414.9318516525845 54.80000000000279
    vertex 400.124315723564 -396.0000000000069 54.80000000000579
    vertex 399.420925893056 -415.0000000000063 54.80000000000274
  endloop
endfacet
facet normal -6.851573457813082e-14 -5.702131061519848e-14 0.9999999999999999
  outer loop
    vertex 400.4209258930552 -414.7320508075755 54.80000000000279
    vertex 400.124315723564 -396.0000000000069 54.80000000000579
    vertex 399.9385639832609 -414.9318516525845 54.80000000000279
  endloop
endfacet
facet normal -6.851573457813082e-14 -5.702131061519848e-14 0.9999999999999999
  outer loop
    vertex 401.42092589305554 -413.00000000000625 54.800000000002925
    vertex 400.124315723564 -396.0000000000069 54.80000000000579
    vertex 400.4209258930552 -414.7320508075755 54.80000000000279
  endloop
endfacet
facet normal -6.851573457813082e-14 -5.702131061519848e-14 0.9999999999999999
  outer loop
    vertex 400.8351394554287 -414.41421356237953 54.800000000002875
    vertex 401.42092589305554 -413.00000000000625 54.800000000002925
    vertex 400.4209258930552 -414.7320508075755 54.80000000000279
  endloop
endfacet
facet normal -6.851573457813082e-14 -5.702131061519848e-14 0.9999999999999999
  outer loop
    vertex 401.15297670062427 -414.00000000000625 54.800000000002875
    vertex 401.42092589305554 -413.00000000000625 54.800000000002925
    vertex 400.8351394554287 -414.41421356237953 54.800000000002875
  endloop
endfacet
facet normal -6.851573457813082e-14 -5.702131061519848e-14 0.9999999999999999
  outer loop
    vertex 401.35277754563305 -413.5176380902112 54.800000000002925
    vertex 401.42092589305554 -413.00000000000625 54.800000000002925
    vertex 401.15297670062427 -414.00000000000625 54.800000000002875
  endloop
endfacet
facet normal -6.851573457813082e-14 -5.702131061519848e-14 0.9999999999999999
  outer loop
    vertex 392.96625085955503 -408.92154782936717 54.800000000003024
    vertex 393.03951033303315 -408.365086882397 54.80000000000306
    vertex 392.6107914721968 -399.099999999984 54.800000000002385
  endloop
endfacet
facet normal -6.851573457813082e-14 -5.702131061519848e-14 0.9999999999999999
  outer loop
    vertex 395.22818254183295 -392.7810589816921 54.80000000000577
    vertex 392.6107914721968 -399.099999999984 54.800000000002385
    vertex 393.03951033303315 -408.365086882397 54.80000000000306
  endloop
endfacet
facet normal -6.851573457813082e-14 -5.702131061519848e-14 0.9999999999999999
  outer loop
    vertex 393.2542962414186 -407.8465478293676 54.800000000003116
    vertex 395.22818254183295 -392.7810589816921 54.80000000000577
    vertex 393.03951033303315 -408.365086882397 54.80000000000306
  endloop
endfacet
facet normal -6.851573457813082e-14 -5.702131061519848e-14 0.9999999999999999
  outer loop
    vertex 393.59597128000496 -407.4012682498158 54.800000000003145
    vertex 395.22818254183295 -392.7810589816921 54.80000000000577
    vertex 393.2542962414186 -407.8465478293676 54.800000000003116
  endloop
endfacet
facet normal -6.851573457813082e-14 -5.702131061519848e-14 0.9999999999999999
  outer loop
    vertex 394.04125085955604 -407.0595932112302 54.8000000000032
    vertex 395.22818254183295 -392.7810589816921 54.80000000000577
    vertex 393.59597128000496 -407.4012682498158 54.800000000003145
  endloop
endfacet
facet normal -6.851573457813082e-14 -5.702131061519848e-14 0.9999999999999999
  outer loop
    vertex 394.5597899125858 -406.84480730284514 54.80000000000326
    vertex 395.22818254183295 -392.7810589816921 54.80000000000577
    vertex 394.04125085955604 -407.0595932112302 54.8000000000032
  endloop
endfacet
facet normal -6.851573457813082e-14 -5.702131061519848e-14 0.9999999999999999
  outer loop
    vertex 395.1162508595571 -406.77154782936674 54.800000000003294
    vertex 395.22818254183295 -392.7810589816921 54.80000000000577
    vertex 394.5597899125858 -406.84480730284514 54.80000000000326
  endloop
endfacet
facet normal -6.851573457813082e-14 -5.702131061519848e-14 0.9999999999999999
  outer loop
    vertex 395.6727118065278 -406.84480730284577 54.80000000000333
    vertex 395.22818254183295 -392.7810589816921 54.80000000000577
    vertex 395.1162508595571 -406.77154782936674 54.800000000003294
  endloop
endfacet
facet normal -6.851573457813082e-14 -5.702131061519848e-14 0.9999999999999999
  outer loop
    vertex 396.12092589305905 -386.0000000000063 54.80000000000577
    vertex 395.22818254183295 -392.7810589816921 54.80000000000577
    vertex 395.6727118065278 -406.84480730284577 54.80000000000333
  endloop
endfacet
facet normal -6.851573457813082e-14 -5.702131061519848e-14 0.9999999999999999
  outer loop
    vertex 396.1912508595564 -407.0595932112307 54.80000000000337
    vertex 396.12092589305905 -386.0000000000063 54.80000000000577
    vertex 395.6727118065278 -406.84480730284577 54.80000000000333
  endloop
endfacet
facet normal -6.851573457813082e-14 -5.702131061519848e-14 0.9999999999999999
  outer loop
    vertex 373.09202866557814 -330.00000000000637 54.80000000000579
    vertex 376.3653715562151 -331.68420370122635 54.80000000000579
    vertex 378.224124911431 -326.6814834742256 54.80000000000579
  endloop
endfacet
facet normal -6.851573457813082e-14 -5.702131061519848e-14 0.9999999999999999
  outer loop
    vertex 381.0920286655775 -331.68420370122635 54.80000000000579
    vertex 378.224124911431 -326.6814834742256 54.80000000000579
    vertex 376.3653715562151 -331.68420370122635 54.80000000000579
  endloop
endfacet
facet normal -6.851573457813082e-14 -5.702131061519848e-14 0.9999999999999999
  outer loop
    vertex 383.00647727931783 -328.6794919243185 54.80000000000579
    vertex 378.224124911431 -326.6814834742256 54.80000000000579
    vertex 381.0920286655775 -331.68420370122635 54.80000000000579
  endloop
endfacet
facet normal -6.851573457813082e-14 -5.702131061519848e-14 0.9999999999999999
  outer loop
    vertex 381.0920286655775 -348.97230530009165 54.80000000000579
    vertex 383.00647727931783 -328.6794919243185 54.80000000000579
    vertex 381.0920286655775 -331.68420370122635 54.80000000000579
  endloop
endfacet
facet normal -0.4575134695306792 -0.8892026907280479 1.376856666886458e-14
  outer loop
    vertex 376.3653715562151 -331.68420370122635 54.80000000000579
    vertex 373.09202866557814 -330.00000000000637 54.80000000000579
    vertex 376.3653715562146 -331.68420370122664 5.000000000000183
  endloop
endfacet
facet normal -0.4575134695306792 -0.8892026907280479 1.376856666886458e-14
  outer loop
    vertex 373.09202866557814 -330.00000000000637 38.700345411909375
    vertex 376.3653715562146 -331.68420370122664 5.000000000000183
    vertex 373.09202866557814 -330.00000000000637 54.80000000000579
  endloop
endfacet
facet normal -0.4575134695306792 -0.8892026907280479 1.376856666886458e-14
  outer loop
    vertex 373.09202866557695 -330.0000000000066 5.000000000000183
    vertex 376.3653715562146 -331.68420370122664 5.000000000000183
    vertex 373.09202866557814 -330.00000000000637 38.700345411909375
  endloop
endfacet
facet normal -0.9238795325111264 -0.38268343236547653 -2.7095178718460563e-14
  outer loop
    vertex 384.7551662693143 -335.1580230723989 5.000000000000205
    vertex 384.7551662693137 -335.1580230723989 15.000000000000215
    vertex 384.68024095243544 -334.9771373562258 5.000000000000205
  endloop
endfacet
facet normal -0.9238795325111264 -0.38268343236547653 -2.7095178718460563e-14
  outer loop
    vertex 384.68024095243544 -334.9771373562258 15.000000000000215
    vertex 384.68024095243544 -334.9771373562258 5.000000000000205
    vertex 384.7551662693137 -335.1580230723989 15.000000000000215
  endloop
endfacet
facet normal 0.7933533402911641 -0.6087614290088132 -1.1812594610678065e-19
  outer loop
    vertex 383.38120284675864 -357.97713735622574 15.000000000000215
    vertex 383.38120284675864 -357.97713735622574 5.000000000000183
    vertex 383.5003918137071 -357.82180727033585 15.000000000000215
  endloop
endfacet
facet normal 0.7933533402911641 -0.6087614290088132 -1.1812594610678065e-19
  outer loop
    vertex 383.5003918137071 -357.82180727033585 5.000000000000205
    vertex 383.5003918137071 -357.82180727033585 15.000000000000215
    vertex 383.38120284675864 -357.97713735622574 5.000000000000183
  endloop
endfacet
facet normal 0.5654622078528402 0.7908176098822759 0.23422211550209376
  outer loop
    vertex 387.9441468793376 -331.85786437627587 33.307492233749464
    vertex 390.52735845559425 -331.85786437627587 27.07106781187122
    vertex 383.94315110438424 -328.6794919243187 32.2354286469303
  endloop
endfacet
facet normal 0.5654622078528402 0.7908176098822759 0.23422211550209376
  outer loop
    vertex 386.9401637795226 -328.6794919243181 25.000000000005763
    vertex 383.94315110438424 -328.6794919243187 32.2354286469303
    vertex 390.52735845559425 -331.85786437627587 27.07106781187122
  endloop
endfacet
facet normal 0.9914448613739877 0.13052619221870576 0.0
  outer loop
    vertex 383.3062775298799 -335.54625164005256 15.000000000000215
    vertex 383.3062775298799 -335.54625164005256 5.000000000000205
    vertex 383.2807218995969 -335.35213735622557 15.000000000000215
  endloop
endfacet
facet normal 0.9914448613739877 0.13052619221870576 0.0
  outer loop
    vertex 383.2807218995969 -335.35213735622557 5.000000000000205
    vertex 383.2807218995969 -335.35213735622557 15.000000000000215
    vertex 383.3062775298799 -335.54625164005256 5.000000000000205
  endloop
endfacet
facet normal 0.9238795325107598 -0.38268343236636193 0.0
  outer loop
    vertex 383.3062775298799 -335.1580230723989 15.000000000000215
    vertex 383.3062775298799 -335.1580230723989 5.000000000000205
    vertex 383.38120284675864 -334.9771373562258 15.000000000000215
  endloop
endfacet
facet normal 0.9238795325107598 -0.38268343236636193 0.0
  outer loop
    vertex 383.38120284675864 -334.9771373562258 5.000000000000205
    vertex 383.38120284675864 -334.9771373562258 15.000000000000215
    vertex 383.3062775298799 -335.1580230723989 5.000000000000205
  endloop
endfacet
facet normal 0.6087614290086347 0.7933533402913012 1.1812594611296076e-19
  outer loop
    vertex 383.5003918137071 -358.8824674421155 15.000000000000215
    vertex 383.6557218995969 -359.00165640906386 15.000000000000215
    vertex 383.5003918137071 -358.8824674421155 5.000000000000183
  endloop
endfacet
facet normal 0.6087614290086347 0.7933533402913012 1.1812594611296076e-19
  outer loop
    vertex 383.6557218995969 -359.00165640906386 5.000000000000205
    vertex 383.5003918137071 -358.8824674421155 5.000000000000183
    vertex 383.6557218995969 -359.00165640906386 15.000000000000215
  endloop
endfacet
facet normal -0.9914448613738057 -0.13052619222008643 9.524501921798916e-20
  outer loop
    vertex 396.12092589305905 -386.0000000000063 5.000000000000205
    vertex 396.12092589305905 -386.0000000000063 54.80000000000577
    vertex 395.2281825418324 -379.2189410183202 5.000000000000205
  endloop
endfacet
facet normal -0.9914448613738057 -0.13052619222008643 9.524501921798916e-20
  outer loop
    vertex 395.2281825418324 -379.2189410183202 54.80000000000579
    vertex 395.2281825418324 -379.2189410183202 5.000000000000205
    vertex 396.12092589305905 -386.0000000000063 54.80000000000577
  endloop
endfacet
facet normal 0.38268343236586727 -0.9238795325109649 0.0
  outer loop
    vertex 383.8366076157698 -334.6276929865089 15.000000000000215
    vertex 383.6557218995969 -334.7026183033875 15.000000000000215
    vertex 383.8366076157698 -334.6276929865089 5.000000000000205
  endloop
endfacet
facet normal 0.38268343236586727 -0.9238795325109649 0.0
  outer loop
    vertex 383.6557218995969 -334.7026183033875 5.000000000000205
    vertex 383.8366076157698 -334.6276929865089 5.000000000000205
    vertex 383.6557218995969 -334.7026183033875 15.000000000000215
  endloop
endfacet
facet normal -0.9878987208882146 -0.13005933396886935 -0.0845025852563299
  outer loop
    vertex 384.76844670219276 -440.10114280142534 5.000000000000227
    vertex 384.59737130049473 -440.10114280142534 7.000000000000224
    vertex 384.69446910181523 -439.53922713911254 5.000000000000227
  endloop
endfacet
facet normal -0.9878987208882146 -0.13005933396886935 -0.0845025852563299
  outer loop
    vertex 384.52922295307286 -439.58350471122037 7.000000000000224
    vertex 384.69446910181523 -439.53922713911254 5.000000000000227
    vertex 384.59737130049473 -440.10114280142534 7.000000000000224
  endloop
endfacet
facet normal -0.7933533402915406 0.6087614290083225 -1.1812594612374664e-19
  outer loop
    vertex 378.1501153362395 -441.6314728873156 5.000000000000205
    vertex 378.1501153362395 -441.6314728873156 15.000000000000215
    vertex 378.26930430318777 -441.47614280142574 5.000000000000183
  endloop
endfacet
facet normal -0.7933533402915406 0.6087614290083225 -1.1812594612374664e-19
  outer loop
    vertex 378.26930430318777 -441.47614280142574 15.000000000000215
    vertex 378.26930430318777 -441.47614280142574 5.000000000000183
    vertex 378.1501153362395 -441.6314728873156 15.000000000000215
  endloop
endfacet
facet normal -0.3826834323651509 0.9238795325112614 0.0
  outer loop
    vertex 377.8138995341762 -441.8255871711426 15.000000000000215
    vertex 377.9947852503495 -441.750661854264 15.000000000000215
    vertex 377.8138995341762 -441.8255871711426 5.000000000000183
  endloop
endfacet
facet normal -0.3826834323651509 0.9238795325112614 0.0
  outer loop
    vertex 377.9947852503495 -441.750661854264 5.000000000000183
    vertex 377.8138995341762 -441.8255871711426 5.000000000000183
    vertex 377.9947852503495 -441.750661854264 15.000000000000215
  endloop
endfacet
facet normal 0.33055231731752704 0.8397381538286873 -0.43078416697970767
  outer loop
    vertex 437.5449431026734 -326.6814834742254 15.375982790388317
    vertex 441.20519714052097 -330.00000000000637 11.715728752541164
    vertex 430.3327354420302 -326.6814834742254 9.841861209468496
  endloop
endfacet
facet normal 0.33055231731752704 0.8397381538286873 -0.43078416697970767
  outer loop
    vertex 432.92092589305764 -330.00000000000637 5.3589838486254395
    vertex 430.3327354420302 -326.6814834742254 9.841861209468496
    vertex 441.20519714052097 -330.00000000000637 11.715728752541164
  endloop
endfacet
facet normal -0.7890610165044304 0.6054678131259473 0.10388185357163124
  outer loop
    vertex 435.5774943925066 -336.00000000000705 39.82587930134571
    vertex 438.72867542753204 -331.85786437627587 39.619339984352465
    vertex 434.8276328698622 -336.0000000000067 34.1301155567452
  endloop
endfacet
facet normal -0.7890610165044304 0.6054678131259473 0.10388185357163124
  outer loop
    vertex 437.897704906774 -331.8578643762765 33.307492233749464
    vertex 434.8276328698622 -336.0000000000067 34.1301155567452
    vertex 438.72867542753204 -331.85786437627587 39.619339984352465
  endloop
endfacet
facet normal -0.6065840476598682 -0.7905157216713341 -0.08450258525643237
  outer loop
    vertex 384.0115848628679 -438.68692923905235 7.000000000000224
    vertex 383.5973713004944 -438.3690919938564 7.000000000000224
    vertex 384.1325534395027 -438.5659606624175 5.000000000000227
  endloop
endfacet
facet normal -0.6065840476598682 -0.7905157216713341 -0.08450258525643237
  outer loop
    vertex 383.6829090013437 -438.2209363500236 5.000000000000205
    vertex 384.1325534395027 -438.5659606624175 5.000000000000227
    vertex 383.5973713004944 -438.3690919938564 7.000000000000224
  endloop
endfacet
facet normal 0.12074119758897751 -0.9171204481621559 0.37988372795847103
  outer loop
    vertex 400.03998300193916 -415.3103525831483 10.523580981328843
    vertex 399.420925893056 -415.39185299768207 10.523580981328802
    vertex 400.33732851945666 -416.4200611619239 7.750000000007836
  endloop
endfacet
facet normal 0.12074119758897751 -0.9171204481621559 0.37988372795847103
  outer loop
    vertex 399.420925893056 -416.540707856485 7.750000000007944
    vertex 400.33732851945666 -416.4200611619239 7.750000000007836
    vertex 399.420925893056 -415.39185299768207 10.523580981328802
  endloop
endfacet
facet normal 0.1305261922194525 0.9914448613738892 -1.509757498437755e-14
  outer loop
    vertex 377.4256709665229 -441.8255871711426 15.000000000000215
    vertex 377.6197852503495 -441.8511428014255 15.000000000000215
    vertex 377.4256709665229 -441.8255871711426 5.000000000000205
  endloop
endfacet
facet normal 0.1305261922194525 0.9914448613738892 -1.509757498437755e-14
  outer loop
    vertex 377.6197852503495 -441.85114280142585 5.000000000000205
    vertex 377.4256709665229 -441.8255871711426 5.000000000000205
    vertex 377.6197852503495 -441.8511428014255 15.000000000000215
  endloop
endfacet
facet normal 0.48557340608032346 -0.3725935791302376 0.7908176098813635
  outer loop
    vertex 403.21686743907355 -416.7959415460248 5.3682720163625435
    vertex 403.5562372829212 -417.1353113898723 5.000000000000183
    vertex 404.0699858336436 -415.68413600818366 5.3682720163625435
  endloop
endfacet
facet normal 0.48557340608032346 -0.3725935791302376 0.7908176098813635
  outer loop
    vertex 404.4856273094006 -415.9241067260983 5.000000000000183
    vertex 404.0699858336436 -415.68413600818366 5.3682720163625435
    vertex 403.5562372829212 -417.1353113898723 5.000000000000183
  endloop
endfacet
facet normal 0.1038818535716355 0.6054678131259714 0.7890610165044115
  outer loop
    vertex 406.22841812679934 -331.85786437627587 15.023220986287598
    vertex 407.0510414497949 -336.00000000000705 18.09329302319919
    vertex 412.92092589305577 -331.85786437627615 14.142135623736767
  endloop
endfacet
facet normal 0.1038818535716355 0.6054678131259714 0.7890610165044115
  outer loop
    vertex 412.92092589305577 -336.0000000000064 17.320508075694672
    vertex 412.92092589305577 -331.85786437627615 14.142135623736767
    vertex 407.0510414497949 -336.00000000000705 18.09329302319919
  endloop
endfacet
facet normal -0.13052619221965944 -0.9914448613738622 -0.0
  outer loop
    vertex 384.2248361834243 -334.6276929865089 15.000000000000215
    vertex 384.0307218995971 -334.60213735622574 15.000000000000215
    vertex 384.2248361834243 -334.6276929865089 5.000000000000183
  endloop
endfacet
facet normal -0.13052619221965944 -0.9914448613738622 -0.0
  outer loop
    vertex 384.0307218995971 -334.60213735622574 5.000000000000183
    vertex 384.2248361834243 -334.6276929865089 5.000000000000183
    vertex 384.0307218995971 -334.60213735622574 15.000000000000215
  endloop
endfacet
facet normal -0.48449483243752695 0.6054678131259194 0.6314059586429711
  outer loop
    vertex 424.26067185521185 -336.0000000000076 20.35898384862843
    vertex 428.9577484266018 -336.0000000000067 23.963177466459786
    vertex 425.8498580811902 -331.85786437627587 17.60643256254392
  endloop
endfacet
facet normal -0.48449483243752695 0.6054678131259194 0.6314059586429711
  outer loop
    vertex 431.2051971405175 -331.8578643762756 21.715728752543722
    vertex 425.8498580811902 -331.85786437627587 17.60643256254392
    vertex 428.9577484266018 -336.0000000000067 23.963177466459786
  endloop
endfacet
facet normal 0.38268343236586727 -0.9238795325109649 0.0
  outer loop
    vertex 383.8366076157698 -357.6276929865089 15.000000000000215
    vertex 383.6557218995969 -357.70261830338745 15.000000000000215
    vertex 383.8366076157698 -357.6276929865089 5.000000000000205
  endloop
endfacet
facet normal 0.38268343236586727 -0.9238795325109649 0.0
  outer loop
    vertex 383.6557218995969 -357.70261830338745 5.000000000000205
    vertex 383.8366076157698 -357.6276929865089 5.000000000000205
    vertex 383.6557218995969 -357.70261830338745 15.000000000000215
  endloop
endfacet
facet normal 0.9845532070526553 0.1177027024766865 0.12961888871617386
  outer loop
    vertex 397.24295979136076 -380.1046591131407 26.525423728818957
    vertex 397.7771735317442 -380.1046591131407 22.46766751322877
    vertex 395.80228182525906 -373.00000000000693 31.016949152547813
  endloop
endfacet
facet normal 0.9845532070526553 0.1177027024766865 0.12961888871617386
  outer loop
    vertex 396.38558547692094 -373.00000000000693 26.58631804147099
    vertex 395.80228182525906 -373.00000000000693 31.016949152547813
    vertex 397.7771735317442 -380.1046591131407 22.46766751322877
  endloop
endfacet
facet normal 0.9914448613741813 -0.13052619221723333 2.90767884760253e-14
  outer loop
    vertex 383.2807218995969 -358.3521373562258 15.000000000000215
    vertex 383.2807218995975 -358.3521373562258 5.000000000000205
    vertex 383.3062775298799 -358.15802307239886 15.000000000000215
  endloop
endfacet
facet normal 0.9914448613741813 -0.13052619221723333 2.90767884760253e-14
  outer loop
    vertex 383.3062775298799 -358.15802307239886 5.000000000000183
    vertex 383.3062775298799 -358.15802307239886 15.000000000000215
    vertex 383.2807218995975 -358.3521373562258 5.000000000000205
  endloop
endfacet
facet normal -0.7933533402912674 -0.6087614290086787 -6.125315136410636e-18
  outer loop
    vertex 392.61079147221125 -372.9000000000064 5.000000000000205
    vertex 392.61079147221125 -372.9000000000064 54.80000000000579
    vertex 388.44712356014713 -367.47380233291904 5.000000000000205
  endloop
endfacet
facet normal -0.7933533402912674 -0.6087614290086787 -6.125315136410636e-18
  outer loop
    vertex 388.44712356014713 -367.47380233291904 54.80000000000577
    vertex 388.44712356014713 -367.47380233291904 5.000000000000205
    vertex 392.61079147221125 -372.9000000000064 54.80000000000579
  endloop
endfacet
facet normal -0.7933533402895038 0.6087614290109771 -9.613829229160464e-15
  outer loop
    vertex 384.5610519854864 -358.8824674421155 5.000000000000205
    vertex 384.5610519854864 -358.8824674421155 15.000000000000215
    vertex 384.68024095243544 -358.72713735622585 5.000000000000183
  endloop
endfacet
facet normal -0.7933533402895038 0.6087614290109771 -9.613829229160464e-15
  outer loop
    vertex 384.68024095243544 -358.72713735622557 15.000000000000215
    vertex 384.68024095243544 -358.72713735622585 5.000000000000183
    vertex 384.5610519854864 -358.8824674421155 15.000000000000215
  endloop
endfacet
facet normal -0.3826834323659486 -0.923879532510931 -0.0
  outer loop
    vertex 384.40572189959715 -357.70261830338745 15.000000000000215
    vertex 384.2248361834243 -357.6276929865089 15.000000000000215
    vertex 384.40572189959715 -357.70261830338745 5.000000000000183
  endloop
endfacet
facet normal -0.3826834323659486 -0.923879532510931 -0.0
  outer loop
    vertex 384.2248361834243 -357.6276929865089 5.000000000000183
    vertex 384.40572189959715 -357.70261830338745 5.000000000000183
    vertex 384.2248361834243 -357.6276929865089 15.000000000000215
  endloop
endfacet
facet normal 0.987419880701914 0.15812014164747618 8.945408883065065e-19
  outer loop
    vertex 400.124315723564 -396.0000000000069 54.80000000000579
    vertex 400.124315723564 -396.0000000000069 17.5423728813613
    vertex 398.683637757463 -387.0033342331058 54.80000000000579
  endloop
endfacet
facet normal 0.987419880701914 0.15812014164747618 8.945408883065065e-19
  outer loop
    vertex 398.683637757463 -387.0033342331058 22.033898305090112
    vertex 398.683637757463 -387.0033342331058 54.80000000000579
    vertex 400.124315723564 -396.0000000000069 17.5423728813613
  endloop
endfacet
facet normal -0.13052619221942263 0.9914448613738933 -1.5097581536150643e-14
  outer loop
    vertex 377.6197852503495 -441.8511428014255 15.000000000000215
    vertex 377.8138995341762 -441.8255871711426 15.000000000000215
    vertex 377.6197852503495 -441.85114280142585 5.000000000000205
  endloop
endfacet
facet normal -0.13052619221942263 0.9914448613738933 -1.5097581536150643e-14
  outer loop
    vertex 377.8138995341762 -441.8255871711426 5.000000000000183
    vertex 377.6197852503495 -441.85114280142585 5.000000000000205
    vertex 377.8138995341762 -441.8255871711426 15.000000000000215
  endloop
endfacet
facet normal 0.920575055639885 -0.38131467322755824 -0.08450258525621078
  outer loop
    vertex 380.66551964791694 -439.58350471122037 7.000000000000224
    vertex 380.5002734991745 -439.53922713911254 5.000000000000205
    vertex 380.86532049292566 -439.10114280142557 7.000000000000224
  endloop
endfacet
facet normal 0.920575055639885 -0.38131467322755824 -0.08450258525621078
  outer loop
    vertex 380.7171648490931 -439.0156051005766 5.000000000000205
    vertex 380.86532049292566 -439.10114280142557 7.000000000000224
    vertex 380.5002734991745 -439.53922713911254 5.000000000000205
  endloop
endfacet
facet normal -0.38268343236448704 -0.9238795325115365 1.302655929920962e-14
  outer loop
    vertex 377.9947852503495 -440.4516237485874 15.000000000000215
    vertex 377.8138995341762 -440.3766984317088 15.000000000000215
    vertex 377.9947852503495 -440.4516237485874 5.000000000000205
  endloop
endfacet
facet normal -0.38268343236448704 -0.9238795325115365 1.302655929920962e-14
  outer loop
    vertex 377.8138995341762 -440.3766984317091 5.000000000000205
    vertex 377.9947852503495 -440.4516237485874 5.000000000000205
    vertex 377.8138995341762 -440.3766984317088 15.000000000000215
  endloop
endfacet
facet normal -0.38131467322846063 0.9205750556395051 -0.08450258525627705
  outer loop
    vertex 383.1150093907001 -442.0329944540036 7.000000000000224
    vertex 383.59737130049496 -441.8331936089943 7.000000000000224
    vertex 383.15928696280764 -442.19824060274624 5.000000000000205
  endloop
endfacet
facet normal -0.38131467322846063 0.9205750556395051 -0.08450258525627705
  outer loop
    vertex 383.6829090013437 -441.98134925282716 5.000000000000205
    vertex 383.15928696280764 -442.19824060274624 5.000000000000205
    vertex 383.59737130049496 -441.8331936089943 7.000000000000224
  endloop
endfacet
facet normal -0.13052619221953587 -0.9914448613738784 1.3979220043412111e-14
  outer loop
    vertex 377.8138995341762 -440.3766984317088 15.000000000000215
    vertex 377.6197852503495 -440.35114280142585 15.000000000000215
    vertex 377.8138995341762 -440.3766984317091 5.000000000000205
  endloop
endfacet
facet normal -0.13052619221953587 -0.9914448613738784 1.3979220043412111e-14
  outer loop
    vertex 377.6197852503495 -440.35114280142585 5.000000000000205
    vertex 377.8138995341762 -440.3766984317091 5.000000000000205
    vertex 377.6197852503495 -440.35114280142585 15.000000000000215
  endloop
endfacet
facet normal 0.793353340291318 0.6087614290086126 0.0
  outer loop
    vertex 377.08945516445954 -441.6314728873156 15.000000000000215
    vertex 377.08945516445954 -441.6314728873156 5.000000000000183
    vertex 376.97026619751114 -441.47614280142574 15.000000000000215
  endloop
endfacet
facet normal 0.793353340291318 0.6087614290086126 0.0
  outer loop
    vertex 376.97026619751114 -441.47614280142574 5.000000000000183
    vertex 376.97026619751114 -441.47614280142574 15.000000000000215
    vertex 377.08945516445954 -441.6314728873156 5.000000000000183
  endloop
endfacet
facet normal 0.9230616174318934 -0.042069300447018364 0.38234464084633796
  outer loop
    vertex 399.16876158656754 -387.0033342331058 18.349016984986577
    vertex 400.5910726866337 -387.0033342331058 14.915254237293619
    vertex 397.7771735317442 -380.1046591131407 22.46766751322877
  endloop
endfacet
facet normal 0.9230616174318934 -0.042069300447018364 0.38234464084633796
  outer loop
    vertex 399.34340896931707 -380.1046591131407 18.68644067797162
    vertex 397.7771735317442 -380.1046591131407 22.46766751322877
    vertex 400.5910726866337 -387.0033342331058 14.915254237293619
  endloop
endfacet
facet normal -0.9914448613735702 -0.13052619222187706 -0.0
  outer loop
    vertex 378.36978525034965 -441.1011428014257 5.000000000000205
    vertex 378.36978525034965 -441.1011428014257 15.000000000000215
    vertex 378.3442296200661 -440.9070285175987 5.000000000000205
  endloop
endfacet
facet normal -0.9914448613735702 -0.13052619222187706 -0.0
  outer loop
    vertex 378.3442296200661 -440.9070285175987 15.000000000000215
    vertex 378.3442296200661 -440.9070285175987 5.000000000000205
    vertex 378.36978525034965 -441.1011428014257 15.000000000000215
  endloop
endfacet
facet normal 0.6087614290071487 0.7933533402924413 1.1812594616431364e-19
  outer loop
    vertex 377.08945516445954 -441.6314728873156 15.000000000000215
    vertex 377.24478525035005 -441.750661854264 15.000000000000215
    vertex 377.08945516445954 -441.6314728873156 5.000000000000183
  endloop
endfacet
facet normal 0.6087614290071487 0.7933533402924413 1.1812594616431364e-19
  outer loop
    vertex 377.24478525035005 -441.750661854264 5.000000000000205
    vertex 377.08945516445954 -441.6314728873156 5.000000000000183
    vertex 377.24478525035005 -441.750661854264 15.000000000000215
  endloop
endfacet
facet normal -0.608761429008373 0.7933533402915017 -1.181259461219953e-19
  outer loop
    vertex 377.9947852503495 -441.750661854264 15.000000000000215
    vertex 378.1501153362395 -441.6314728873156 15.000000000000215
    vertex 377.9947852503495 -441.750661854264 5.000000000000183
  endloop
endfacet
facet normal -0.608761429008373 0.7933533402915017 -1.181259461219953e-19
  outer loop
    vertex 378.1501153362395 -441.6314728873156 5.000000000000205
    vertex 377.9947852503495 -441.750661854264 5.000000000000183
    vertex 378.1501153362395 -441.6314728873156 15.000000000000215
  endloop
endfacet
facet normal 0.7933533402912968 -0.6087614290086405 3.0769285634893126e-19
  outer loop
    vertex 376.97026619751114 -440.7261428014257 15.000000000000215
    vertex 376.97026619751114 -440.7261428014257 5.000000000000183
    vertex 377.08945516445954 -440.57081271553574 15.000000000000215
  endloop
endfacet
facet normal 0.7933533402912968 -0.6087614290086405 3.0769285634893126e-19
  outer loop
    vertex 377.08945516445954 -440.57081271553574 5.000000000000205
    vertex 377.08945516445954 -440.57081271553574 15.000000000000215
    vertex 376.97026619751114 -440.7261428014257 5.000000000000183
  endloop
endfacet
facet normal 0.6087614290086321 -0.7933533402913032 -1.181259461130485e-19
  outer loop
    vertex 377.2447852503494 -440.4516237485874 15.000000000000215
    vertex 377.08945516445954 -440.57081271553574 15.000000000000215
    vertex 377.2447852503494 -440.4516237485874 5.000000000000183
  endloop
endfacet
facet normal 0.6087614290086321 -0.7933533402913032 -1.181259461130485e-19
  outer loop
    vertex 377.08945516445954 -440.57081271553574 5.000000000000205
    vertex 377.2447852503494 -440.4516237485874 5.000000000000183
    vertex 377.08945516445954 -440.57081271553574 15.000000000000215
  endloop
endfacet
facet normal -0.9914448613735702 0.13052619222187706 -6.55177313926101e-21
  outer loop
    vertex 378.3442296200661 -441.2952570852526 5.000000000000183
    vertex 378.3442296200661 -441.2952570852526 15.000000000000215
    vertex 378.36978525034965 -441.1011428014257 5.000000000000205
  endloop
endfacet
facet normal -0.9914448613735702 0.13052619222187706 -6.55177313926101e-21
  outer loop
    vertex 378.36978525034965 -441.1011428014257 15.000000000000215
    vertex 378.36978525034965 -441.1011428014257 5.000000000000205
    vertex 378.3442296200661 -441.2952570852526 15.000000000000215
  endloop
endfacet
facet normal 0.3826834323649386 -0.9238795325113492 0.0
  outer loop
    vertex 377.4256709665229 -440.3766984317088 15.000000000000215
    vertex 377.2447852503494 -440.4516237485874 15.000000000000215
    vertex 377.4256709665229 -440.3766984317088 5.000000000000183
  endloop
endfacet
facet normal 0.3826834323649386 -0.9238795325113492 0.0
  outer loop
    vertex 377.2447852503494 -440.4516237485874 5.000000000000183
    vertex 377.4256709665229 -440.3766984317088 5.000000000000183
    vertex 377.2447852503494 -440.4516237485874 15.000000000000215
  endloop
endfacet
facet normal 0.9914448613736297 -0.130526192221424 8.013568838520875e-20
  outer loop
    vertex 376.86978525034937 -441.1011428014257 15.000000000000215
    vertex 376.86978525034937 -441.1011428014257 5.000000000000205
    vertex 376.8953408806329 -440.9070285175987 15.000000000000215
  endloop
endfacet
facet normal 0.9914448613736297 -0.130526192221424 8.013568838520875e-20
  outer loop
    vertex 376.8953408806329 -440.9070285175987 5.000000000000183
    vertex 376.8953408806329 -440.9070285175987 15.000000000000215
    vertex 376.86978525034937 -441.1011428014257 5.000000000000205
  endloop
endfacet
facet normal 0.9238795325116222 -0.3826834323642797 0.0
  outer loop
    vertex 376.8953408806329 -440.9070285175987 15.000000000000215
    vertex 376.8953408806329 -440.9070285175987 5.000000000000183
    vertex 376.97026619751114 -440.7261428014257 15.000000000000215
  endloop
endfacet
facet normal 0.9238795325116222 -0.3826834323642797 0.0
  outer loop
    vertex 376.97026619751114 -440.7261428014257 5.000000000000183
    vertex 376.97026619751114 -440.7261428014257 15.000000000000215
    vertex 376.8953408806329 -440.9070285175987 5.000000000000183
  endloop
endfacet
facet normal 0.3854966557134927 0.9227092328755104 1.7334945690107902e-14
  outer loop
    vertex 378.224124911431 -326.6814834742256 54.80000000000579
    vertex 383.00647727931783 -328.6794919243185 54.80000000000579
    vertex 378.224124911431 -326.6814834742254 39.03672077136366
  endloop
endfacet
facet normal 0.3854966557134927 0.9227092328755104 1.7334945690107902e-14
  outer loop
    vertex 383.00647727931783 -328.6794919243181 39.35017270595786
    vertex 378.224124911431 -326.6814834742254 39.03672077136366
    vertex 383.00647727931783 -328.6794919243185 54.80000000000579
  endloop
endfacet
facet normal 0.6068156946316318 0.7908176098822839 0.07988880177347785
  outer loop
    vertex 387.113176358579 -331.8578643762756 39.619339984352465
    vertex 387.9441468793376 -331.85786437627587 33.307492233749464
    vertex 383.00647727931783 -328.6794919243181 39.35017270595786
  endloop
endfacet
facet normal 0.6068156946316318 0.7908176098822839 0.07988880177347785
  outer loop
    vertex 383.94315110438424 -328.6794919243187 32.2354286469303
    vertex 383.00647727931783 -328.6794919243181 39.35017270595786
    vertex 387.9441468793376 -331.85786437627587 33.307492233749464
  endloop
endfacet
facet normal -0.9999999999999999 -2.4930188388258493e-13 1.1778173260440373e-14
  outer loop
    vertex 373.29202866557813 -360.21748360011463 5.000000000000205
    vertex 373.29202866557813 -360.21748360011463 54.80000000000579
    vertex 373.2920286655769 -357.864701426009 5.000000000000205
  endloop
endfacet
facet normal -0.9999999999999999 -2.4930188388258493e-13 1.1778173260440373e-14
  outer loop
    vertex 373.29202866557813 -357.86470142600876 54.80000000000579
    vertex 373.2920286655769 -357.864701426009 5.000000000000205
    vertex 373.29202866557813 -360.21748360011463 54.80000000000579
  endloop
endfacet
facet normal 0.3813146732278432 -0.9205750556397461 -0.08450258525643933
  outer loop
    vertex 382.0797332102902 -438.1692911488474 7.000000000000224
    vertex 381.59737130049484 -438.3690919938564 7.000000000000224
    vertex 382.0354556381815 -438.0040450001047 5.000000000000205
  endloop
endfacet
facet normal 0.3813146732278432 -0.9205750556397461 -0.08450258525643933
  outer loop
    vertex 381.5118335996455 -438.2209363500236 5.000000000000205
    vertex 382.0354556381815 -438.0040450001047 5.000000000000205
    vertex 381.59737130049484 -438.3690919938564 7.000000000000224
  endloop
endfacet
facet normal 0.0 0.0 -0.9999999999999999
  outer loop
    vertex 380.59737130049507 -440.10114280142534 7.000000000000224
    vertex 380.66551964791694 -439.58350471122037 7.000000000000224
    vertex 380.66551964791694 -440.6187808916303 7.000000000000224
  endloop
endfacet
facet normal 0.0 0.0 -0.9999999999999999
  outer loop
    vertex 380.86532049292566 -441.1011428014254 7.000000000000224
    vertex 380.66551964791694 -440.6187808916303 7.000000000000224
    vertex 380.66551964791694 -439.58350471122037 7.000000000000224
  endloop
endfacet
facet normal 0.0 0.0 -0.9999999999999999
  outer loop
    vertex 380.86532049292566 -439.10114280142557 7.000000000000224
    vertex 380.86532049292566 -441.1011428014254 7.000000000000224
    vertex 380.66551964791694 -439.58350471122037 7.000000000000224
  endloop
endfacet
facet normal 0.0 0.0 -0.9999999999999999
  outer loop
    vertex 381.18315773812134 -441.5153563637986 7.000000000000224
    vertex 380.86532049292566 -441.1011428014254 7.000000000000224
    vertex 380.86532049292566 -439.10114280142557 7.000000000000224
  endloop
endfacet
facet normal 0.0 0.0 -0.9999999999999999
  outer loop
    vertex 381.18315773812134 -438.68692923905235 7.000000000000224
    vertex 381.18315773812134 -441.5153563637986 7.000000000000224
    vertex 380.86532049292566 -439.10114280142557 7.000000000000224
  endloop
endfacet
facet normal 0.0 0.0 -0.9999999999999999
  outer loop
    vertex 381.59737130049484 -441.8331936089943 7.000000000000224
    vertex 381.18315773812134 -441.5153563637986 7.000000000000224
    vertex 381.18315773812134 -438.68692923905235 7.000000000000224
  endloop
endfacet
facet normal 0.0 0.0 -0.9999999999999999
  outer loop
    vertex 381.59737130049484 -438.3690919938564 7.000000000000224
    vertex 381.59737130049484 -441.8331936089943 7.000000000000224
    vertex 381.18315773812134 -438.68692923905235 7.000000000000224
  endloop
endfacet
facet normal 0.0 0.0 -0.9999999999999999
  outer loop
    vertex 382.0797332102902 -442.0329944540036 7.000000000000224
    vertex 381.59737130049484 -441.8331936089943 7.000000000000224
    vertex 381.59737130049484 -438.3690919938564 7.000000000000224
  endloop
endfacet
facet normal 0.0 0.0 -0.9999999999999999
  outer loop
    vertex 382.0797332102902 -438.1692911488474 7.000000000000224
    vertex 382.0797332102902 -442.0329944540036 7.000000000000224
    vertex 381.59737130049484 -438.3690919938564 7.000000000000224
  endloop
endfacet
facet normal 0.0 0.0 -0.9999999999999999
  outer loop
    vertex 382.5973713004946 -442.10114280142545 7.000000000000224
    vertex 382.0797332102902 -442.0329944540036 7.000000000000224
    vertex 382.0797332102902 -438.1692911488474 7.000000000000224
  endloop
endfacet
facet normal 0.0 0.0 -0.9999999999999999
  outer loop
    vertex 382.5973713004946 -438.1011428014255 7.000000000000224
    vertex 382.5973713004946 -442.10114280142545 7.000000000000224
    vertex 382.0797332102902 -438.1692911488474 7.000000000000224
  endloop
endfacet
facet normal 0.0 0.0 -0.9999999999999999
  outer loop
    vertex 383.1150093907001 -442.0329944540036 7.000000000000224
    vertex 382.5973713004946 -442.10114280142545 7.000000000000224
    vertex 382.5973713004946 -438.1011428014255 7.000000000000224
  endloop
endfacet
facet normal 0.0 0.0 -0.9999999999999999
  outer loop
    vertex 383.1150093907001 -438.1692911488474 7.000000000000224
    vertex 383.1150093907001 -442.0329944540036 7.000000000000224
    vertex 382.5973713004946 -438.1011428014255 7.000000000000224
  endloop
endfacet
facet normal 0.0 0.0 -0.9999999999999999
  outer loop
    vertex 383.59737130049496 -441.8331936089943 7.000000000000224
    vertex 383.1150093907001 -442.0329944540036 7.000000000000224
    vertex 383.1150093907001 -438.1692911488474 7.000000000000224
  endloop
endfacet
facet normal 0.0 0.0 -0.9999999999999999
  outer loop
    vertex 383.5973713004944 -438.3690919938564 7.000000000000224
    vertex 383.59737130049496 -441.8331936089943 7.000000000000224
    vertex 383.1150093907001 -438.1692911488474 7.000000000000224
  endloop
endfacet
facet normal 0.0 0.0 -0.9999999999999999
  outer loop
    vertex 384.0115848628679 -438.68692923905235 7.000000000000224
    vertex 383.59737130049496 -441.8331936089943 7.000000000000224
    vertex 383.5973713004944 -438.3690919938564 7.000000000000224
  endloop
endfacet
facet normal 0.0 0.0 -0.9999999999999999
  outer loop
    vertex 384.0115848628679 -441.5153563637986 7.000000000000224
    vertex 383.59737130049496 -441.8331936089943 7.000000000000224
    vertex 384.0115848628679 -438.68692923905235 7.000000000000224
  endloop
endfacet
facet normal 0.0 0.0 -0.9999999999999999
  outer loop
    vertex 384.32942210806345 -441.1011428014254 7.000000000000224
    vertex 384.0115848628679 -441.5153563637986 7.000000000000224
    vertex 384.0115848628679 -438.68692923905235 7.000000000000224
  endloop
endfacet
facet normal 0.0 0.0 -0.9999999999999999
  outer loop
    vertex 384.32942210806345 -439.1011428014253 7.000000000000224
    vertex 384.32942210806345 -441.1011428014254 7.000000000000224
    vertex 384.0115848628679 -438.68692923905235 7.000000000000224
  endloop
endfacet
facet normal 0.0 0.0 -0.9999999999999999
  outer loop
    vertex 384.52922295307286 -440.6187808916303 7.000000000000224
    vertex 384.32942210806345 -441.1011428014254 7.000000000000224
    vertex 384.32942210806345 -439.1011428014253 7.000000000000224
  endloop
endfacet
facet normal 0.0 0.0 -0.9999999999999999
  outer loop
    vertex 384.52922295307286 -439.58350471122037 7.000000000000224
    vertex 384.52922295307286 -440.6187808916303 7.000000000000224
    vertex 384.32942210806345 -439.1011428014253 7.000000000000224
  endloop
endfacet
facet normal 0.0 0.0 -0.9999999999999999
  outer loop
    vertex 384.59737130049473 -440.10114280142534 7.000000000000224
    vertex 384.52922295307286 -440.6187808916303 7.000000000000224
    vertex 384.52922295307286 -439.58350471122037 7.000000000000224
  endloop
endfacet
facet normal -0.9938799803474806 -0.07114701504254684 -0.08450258525647096
  outer loop
    vertex 430.536874310013 -379.7203913486523 5.000000000000244
    vertex 430.3661009979837 -379.7102292147901 7.000000000000247
    vertex 430.4964059692471 -379.1550735528017 5.000000000000244
  endloop
endfacet
facet normal -0.9938799803474806 -0.07114701504254684 -0.08450258525647096
  outer loop
    vertex 430.32882146293434 -379.18945707080184 7.000000000000247
    vertex 430.4964059692471 -379.1550735528017 5.000000000000244
    vertex 430.3661009979837 -379.7102292147901 7.000000000000247
  endloop
endfacet
facet normal -0.7933533402915193 -0.6087614290083503 -0.0
  outer loop
    vertex 378.26930430318777 -440.7261428014257 5.000000000000183
    vertex 378.26930430318777 -440.7261428014257 15.000000000000215
    vertex 378.1501153362395 -440.57081271553574 5.000000000000183
  endloop
endfacet
facet normal -0.7933533402915193 -0.6087614290083503 -0.0
  outer loop
    vertex 378.1501153362395 -440.57081271553574 15.000000000000215
    vertex 378.1501153362395 -440.57081271553574 5.000000000000183
    vertex 378.26930430318777 -440.7261428014257 15.000000000000215
  endloop
endfacet
facet normal 0.6065840476597042 0.7905157216714841 -0.08450258525620717
  outer loop
    vertex 381.18315773812134 -441.5153563637986 7.000000000000224
    vertex 381.59737130049484 -441.8331936089943 7.000000000000224
    vertex 381.062189161487 -441.63632494043316 5.000000000000205
  endloop
endfacet
facet normal 0.6065840476597042 0.7905157216714841 -0.08450258525620717
  outer loop
    vertex 381.51183359964614 -441.98134925282716 5.000000000000227
    vertex 381.062189161487 -441.63632494043316 5.000000000000205
    vertex 381.59737130049484 -441.8331936089943 7.000000000000224
  endloop
endfacet
facet normal 0.0 -0.9999999999999999 0.0
  outer loop
    vertex 399.420925893056 -415.0000000000063 54.80000000000274
    vertex 371.969139345216 -415.0000000000063 54.80000000000044
    vertex 399.420925893056 -415.0000000000063 13.500000000008255
  endloop
endfacet
facet normal 0.0 -0.9999999999999999 0.0
  outer loop
    vertex 371.96913934521126 -415.0000000000063 13.500000000008164
    vertex 399.420925893056 -415.0000000000063 13.500000000008255
    vertex 371.969139345216 -415.0000000000063 54.80000000000044
  endloop
endfacet
facet normal 0.941600138754116 0.32595780675296143 -0.08450258525648069
  outer loop
    vertex 426.42826376477564 -380.5633599962201 5.000000000000205
    vertex 426.2428593371809 -380.0277789144607 5.000000000000205
    vertex 426.58123885821254 -380.48677400628674 7.000000000000247
  endloop
endfacet
facet normal 0.941600138754116 0.32595780675296143 -0.08450258525648069
  outer loop
    vertex 426.41044384349374 -379.9933953964602 7.000000000000247
    vertex 426.58123885821254 -380.48677400628674 7.000000000000247
    vertex 426.2428593371809 -380.0277789144607 5.000000000000205
  endloop
endfacet
facet normal -0.7905157216716688 0.606584047659457 -0.08450258525625357
  outer loop
    vertex 384.1325534395027 -441.63632494043316 5.000000000000205
    vertex 384.0115848628679 -441.5153563637986 7.000000000000224
    vertex 384.47757775189604 -441.1866805022741 5.000000000000205
  endloop
endfacet
facet normal -0.7905157216716688 0.606584047659457 -0.08450258525625357
  outer loop
    vertex 384.32942210806345 -441.1011428014254 7.000000000000224
    vertex 384.47757775189604 -441.1866805022741 5.000000000000205
    vertex 384.0115848628679 -441.5153563637986 7.000000000000224
  endloop
endfacet
facet normal -0.7905157216713049 -0.6065840476599093 -0.08450258525641184
  outer loop
    vertex 384.32942210806345 -439.1011428014253 7.000000000000224
    vertex 384.0115848628679 -438.68692923905235 7.000000000000224
    vertex 384.47757775189666 -439.0156051005766 5.000000000000227
  endloop
endfacet
facet normal -0.7905157216713049 -0.6065840476599093 -0.08450258525641184
  outer loop
    vertex 384.1325534395027 -438.5659606624175 5.000000000000227
    vertex 384.47757775189666 -439.0156051005766 5.000000000000227
    vertex 384.0115848628679 -438.68692923905235 7.000000000000224
  endloop
endfacet
facet normal 0.9238795325116393 0.3826834323642387 -2.1061040429445692e-19
  outer loop
    vertex 376.97026619751114 -441.47614280142574 15.000000000000215
    vertex 376.97026619751114 -441.47614280142574 5.000000000000183
    vertex 376.8953408806329 -441.2952570852526 15.000000000000215
  endloop
endfacet
facet normal 0.9238795325116393 0.3826834323642387 -2.1061040429445692e-19
  outer loop
    vertex 376.8953408806329 -441.2952570852526 5.000000000000205
    vertex 376.8953408806329 -441.2952570852526 15.000000000000215
    vertex 376.97026619751114 -441.47614280142574 5.000000000000183
  endloop
endfacet
facet normal -0.7338790076440631 0.37988372795850184 0.5631251684765264
  outer loop
    vertex 430.8316159696766 -340.8236190979565 29.659258262896543
    vertex 432.56194204443364 -336.0000000000067 28.660254037850017
    vertex 427.5449431026735 -340.8236190979562 25.375982790388406
  endloop
endfacet
facet normal -0.7338790076440631 0.37988372795850184 0.5631251684765264
  outer loop
    vertex 428.9577484266018 -336.0000000000067 23.963177466459786
    vertex 427.5449431026735 -340.8236190979562 25.375982790388406
    vertex 432.56194204443364 -336.0000000000067 28.660254037850017
  endloop
endfacet
facet normal 0.13005933396833338 0.9878987208882826 -0.08450258525636292
  outer loop
    vertex 382.0797332102902 -442.0329944540036 7.000000000000224
    vertex 382.5973713004946 -442.10114280142545 7.000000000000224
    vertex 382.0354556381815 -442.19824060274624 5.000000000000205
  endloop
endfacet
facet normal 0.13005933396833338 0.9878987208882826 -0.08450258525636292
  outer loop
    vertex 382.5973713004946 -442.2722182031232 5.000000000000183
    vertex 382.0354556381815 -442.19824060274624 5.000000000000205
    vertex 382.5973713004946 -442.10114280142545 7.000000000000224
  endloop
endfacet
facet normal -0.9238795325116393 0.3826834323642387 0.0
  outer loop
    vertex 378.26930430318777 -441.47614280142574 5.000000000000183
    vertex 378.26930430318777 -441.47614280142574 15.000000000000215
    vertex 378.3442296200661 -441.2952570852526 5.000000000000183
  endloop
endfacet
facet normal -0.9238795325116393 0.3826834323642387 0.0
  outer loop
    vertex 378.3442296200661 -441.2952570852526 15.000000000000215
    vertex 378.3442296200661 -441.2952570852526 5.000000000000183
    vertex 378.26930430318777 -441.47614280142574 15.000000000000215
  endloop
endfacet
facet normal 0.12888417703503904 -0.1581191903092613 0.9789725177786883
  outer loop
    vertex 409.608919468439 -396.0000000000069 5.181796629696168
    vertex 409.6307868132372 -397.1077437799769 5.000000000000183
    vertex 410.9898019661312 -396.0000000000069 5.000000000000183
  endloop
endfacet
facet normal 0.9231082987015176 -0.04085165929535609 0.3823639768613229
  outer loop
    vertex 397.7771735317442 -380.1046591131407 22.46766751322877
    vertex 399.34340896931707 -380.1046591131407 18.68644067797162
    vertex 396.38558547692094 -373.00000000000693 26.58631804147099
  endloop
endfacet
facet normal 0.9231082987015176 -0.04085165929535609 0.3823639768613229
  outer loop
    vertex 398.0957452520005 -373.00000000000693 22.457627118649626
    vertex 396.38558547692094 -373.00000000000693 26.58631804147099
    vertex 399.34340896931707 -380.1046591131407 18.68644067797162
  endloop
endfacet
facet normal 0.9971039821919808 0.07605030372650701 1.8117367610679884e-18
  outer loop
    vertex 401.42092589305554 -413.00000000000625 54.800000000002925
    vertex 401.42092589305554 -413.00000000000625 13.500000000007404
    vertex 400.124315723564 -396.0000000000069 54.80000000000579
  endloop
endfacet
facet normal 0.9971039821919808 0.07605030372650701 1.8117367610679884e-18
  outer loop
    vertex 400.124315723564 -396.0000000000069 17.5423728813613
    vertex 400.124315723564 -396.0000000000069 54.80000000000579
    vertex 401.42092589305554 -413.00000000000625 13.500000000007404
  endloop
endfacet
facet normal 0.9878987208882992 -0.1300593339683227 -0.08450258525618537
  outer loop
    vertex 380.59737130049507 -440.10114280142534 7.000000000000224
    vertex 380.4262958987976 -440.10114280142534 5.000000000000205
    vertex 380.66551964791694 -439.58350471122037 7.000000000000224
  endloop
endfacet
facet normal 0.9878987208882992 -0.1300593339683227 -0.08450258525618537
  outer loop
    vertex 380.5002734991745 -439.53922713911254 5.000000000000205
    vertex 380.66551964791694 -439.58350471122037 7.000000000000224
    vertex 380.4262958987976 -440.10114280142534 5.000000000000205
  endloop
endfacet
facet normal 0.7352878122146344 -0.304566184066914 0.6054678131259623
  outer loop
    vertex 404.0699858336436 -415.68413600818366 5.3682720163625435
    vertex 404.6062784761974 -414.38941103712983 5.3682720163625435
    vertex 402.48726884414543 -414.7703539282458 7.750000000007836
  endloop
endfacet
facet normal 0.7352878122146344 -0.304566184066914 0.6054678131259623
  outer loop
    vertex 402.8409870549731 -413.91640262640726 7.750000000007831
    vertex 402.48726884414543 -414.7703539282458 7.750000000007836
    vertex 404.6062784761974 -414.38941103712983 5.3682720163625435
  endloop
endfacet
facet normal -0.9904610834401438 0.04453705463682862 0.1303966753980036
  outer loop
    vertex 424.0290728953804 -413.00000000000676 10.523580981327337
    vertex 424.4209258930555 -413.00000000000676 13.500000000005638
    vertex 425.28150214472134 -396.0000000000069 14.23036645674438
  endloop
endfacet
facet normal -0.9904610834401438 0.04453705463682862 0.1303966753980036
  outer loop
    vertex 425.71753606254754 -396.0000000000069 17.542372881361302
    vertex 425.28150214472134 -396.0000000000069 14.23036645674438
    vertex 424.4209258930555 -413.00000000000676 13.500000000005638
  endloop
endfacet
facet normal 0.3813146732285158 0.9205750556394725 -0.08450258525638417
  outer loop
    vertex 381.59737130049484 -441.8331936089943 7.000000000000224
    vertex 382.0797332102902 -442.0329944540036 7.000000000000224
    vertex 381.51183359964614 -441.98134925282716 5.000000000000227
  endloop
endfacet
facet normal 0.3813146732285158 0.9205750556394725 -0.08450258525638417
  outer loop
    vertex 382.0354556381815 -442.19824060274624 5.000000000000205
    vertex 381.51183359964614 -441.98134925282716 5.000000000000227
    vertex 382.0797332102902 -442.0329944540036 7.000000000000224
  endloop
endfacet
facet normal 0.7914640446172312 -0.06897201655584631 0.607311721449828
  outer loop
    vertex 402.96163374953505 -413.00000000000625 7.750000000007515
    vertex 404.78919790941063 -413.00000000000625 5.3682720163622495
    vertex 401.8387364039499 -396.0000000000069 11.144067796615582
  endloop
endfacet
facet normal 0.7914640446172312 -0.06897201655584631 0.607311721449828
  outer loop
    vertex 403.87235606600757 -396.0000000000069 8.493803054313217
    vertex 401.8387364039499 -396.0000000000069 11.144067796615582
    vertex 404.78919790941063 -413.00000000000625 5.3682720163622495
  endloop
endfacet
facet normal -0.987130154931891 0.09319300609053226 0.12995815034060393
  outer loop
    vertex 425.28150214472134 -396.0000000000069 14.23036645674438
    vertex 425.71753606254754 -396.0000000000069 17.542372881361302
    vertex 426.6730901995446 -387.0033342331058 18.349016984986577
  endloop
endfacet
facet normal -0.987130154931891 0.09319300609053226 0.12995815034060393
  outer loop
    vertex 427.15821402864907 -387.0033342331058 22.033898305090137
    vertex 426.6730901995446 -387.0033342331058 18.349016984986577
    vertex 425.71753606254754 -396.0000000000069 17.542372881361302
  endloop
endfacet
facet normal 0.9878987208883628 0.13005933396773883 -0.08450258525633804
  outer loop
    vertex 380.50027349917394 -440.66305846373854 5.000000000000183
    vertex 380.4262958987976 -440.10114280142534 5.000000000000205
    vertex 380.66551964791694 -440.6187808916303 7.000000000000224
  endloop
endfacet
facet normal 0.9878987208883628 0.13005933396773883 -0.08450258525633804
  outer loop
    vertex 380.59737130049507 -440.10114280142534 7.000000000000224
    vertex 380.66551964791694 -440.6187808916303 7.000000000000224
    vertex 380.4262958987976 -440.10114280142534 5.000000000000205
  endloop
endfacet
facet normal 0.43688750073990484 0.8995161542169432 5.351846416003523e-20
  outer loop
    vertex 428.38373727979945 -384.94048505731786 15.000000000000249
    vertex 428.55985290747464 -385.0260229501679 15.000000000000249
    vertex 428.38373727979945 -384.94048505731786 5.000000000000244
  endloop
endfacet
facet normal 0.43688750073990484 0.8995161542169432 5.351846416003523e-20
  outer loop
    vertex 428.55985290747464 -385.0260229501679 5.000000000000227
    vertex 428.38373727979945 -384.94048505731786 5.000000000000244
    vertex 428.55985290747464 -385.0260229501679 15.000000000000249
  endloop
endfacet
facet normal 0.779509698504005 -0.1859961588763661 0.5981388290534505
  outer loop
    vertex 400.5910726866337 -387.0033342331058 14.915254237293619
    vertex 402.8536429066711 -387.0033342331058 11.966615318705518
    vertex 399.34340896931707 -380.1046591131407 18.68644067797162
  endloop
endfacet
facet normal 0.779509698504005 -0.1859961588763661 0.5981388290534505
  outer loop
    vertex 401.8349297473345 -380.1046591131407 15.439427583097814
    vertex 399.34340896931707 -380.1046591131407 18.68644067797162
    vertex 402.8536429066711 -387.0033342331058 11.966615318705518
  endloop
endfacet
facet normal -0.9205750556393106 0.38131467322892143 -0.08450258525631599
  outer loop
    vertex 384.47757775189604 -441.1866805022741 5.000000000000205
    vertex 384.32942210806345 -441.1011428014254 7.000000000000224
    vertex 384.6944691018158 -440.66305846373814 5.000000000000205
  endloop
endfacet
facet normal -0.9205750556393106 0.38131467322892143 -0.08450258525631599
  outer loop
    vertex 384.52922295307286 -440.6187808916303 7.000000000000224
    vertex 384.6944691018158 -440.66305846373814 5.000000000000205
    vertex 384.32942210806345 -441.1011428014254 7.000000000000224
  endloop
endfacet
facet normal -0.5923113117973453 -0.2308989860403028 0.7719151301551669
  outer loop
    vertex 419.31923097780185 -396.0000000000069 6.460183392255482
    vertex 421.9694957201046 -396.0000000000069 8.493803054313263
    vertex 420.03956996085253 -387.0033342331058 9.704045098667725
  endloop
endfacet
facet normal -0.5923113117973453 -0.2308989860403028 0.7719151301551669
  outer loop
    vertex 422.9882088794405 -387.0033342331058 11.966615318705518
    vertex 420.03956996085253 -387.0033342331058 9.704045098667725
    vertex 421.9694957201046 -396.0000000000069 8.493803054313263
  endloop
endfacet
facet normal 0.8962988188149938 -0.4353248677434518 -0.08450258525626875
  outer loop
    vertex 426.4719407917717 -378.95994733531865 7.000000000000247
    vertex 426.3096165930238 -378.9059320822225 5.000000000000227
    vertex 426.70004183937135 -378.490305661517 7.000000000000247
  endloop
endfacet
facet normal 0.8962988188149938 -0.4353248677434518 -0.08450258525626875
  outer loop
    vertex 426.55722887979744 -378.39611833942115 5.000000000000227
    vertex 426.70004183937135 -378.490305661517 7.000000000000247
    vertex 426.3096165930238 -378.9059320822225 5.000000000000227
  endloop
endfacet
facet normal 0.608761429008371 -0.7933533402915033 -2.708462447093897e-15
  outer loop
    vertex 400.8351394554287 -414.41421356237953 54.800000000002875
    vertex 400.4209258930552 -414.7320508075755 54.80000000000279
    vertex 400.8351394554287 -414.41421356237953 13.500000000007855
  endloop
endfacet
facet normal 0.608761429008371 -0.7933533402915033 -2.708462447093897e-15
  outer loop
    vertex 400.4209258930552 -414.7320508075752 13.500000000007855
    vertex 400.8351394554287 -414.41421356237953 13.500000000007855
    vertex 400.4209258930552 -414.7320508075755 54.80000000000279
  endloop
endfacet
facet normal 0.32595780675310293 -0.9416001387540723 -0.084502585256419
  outer loop
    vertex 427.96766349038467 -377.6322374239105 7.000000000000247
    vertex 427.4742848805587 -377.80303243862926 7.000000000000247
    vertex 427.9332799723841 -377.46465291759785 5.000000000000244
  endloop
endfacet
facet normal 0.32595780675310293 -0.9416001387540723 -0.084502585256419
  outer loop
    vertex 427.3976988906248 -377.6500573451925 5.000000000000244
    vertex 427.9332799723841 -377.46465291759785 5.000000000000244
    vertex 427.4742848805587 -377.80303243862926 7.000000000000247
  endloop
endfacet
facet normal 0.13052619221885786 -0.9914448613739677 -1.1165278083148526e-20
  outer loop
    vertex 377.6197852503495 -440.35114280142585 15.000000000000215
    vertex 377.4256709665229 -440.3766984317088 15.000000000000215
    vertex 377.6197852503495 -440.35114280142585 5.000000000000205
  endloop
endfacet
facet normal 0.13052619221885786 -0.9914448613739677 -1.1165278083148526e-20
  outer loop
    vertex 377.4256709665229 -440.3766984317088 5.000000000000183
    vertex 377.6197852503495 -440.35114280142585 5.000000000000205
    vertex 377.4256709665229 -440.3766984317088 15.000000000000215
  endloop
endfacet
facet normal 0.7557910787645322 -0.6548128322352463 -2.0460760881762505e-14
  outer loop
    vertex 428.1705609391513 -383.9014682875841 15.000000000000249
    vertex 428.1705609391513 -383.9014682875841 5.000000000000244
    vertex 428.29876627756414 -383.75349249014675 15.000000000000249
  endloop
endfacet
facet normal 0.7557910787645322 -0.6548128322352463 -2.0460760881762505e-14
  outer loop
    vertex 428.2987662775636 -383.75349249014675 5.000000000000227
    vertex 428.29876627756414 -383.75349249014675 15.000000000000249
    vertex 428.1705609391513 -383.9014682875841 5.000000000000244
  endloop
endfacet
facet normal -0.10388185357166324 0.7890610165044225 0.6054678131259521
  outer loop
    vertex 399.420925893056 -436.4592921435276 7.750000000005688
    vertex 405.49263748442297 -435.65993614789386 7.750000000005665
    vertex 399.420925893056 -434.63172798365196 5.3682720163604
  endloop
endfacet
facet normal -0.10388185357166324 0.7890610165044225 0.6054678131259521
  outer loop
    vertex 405.01962907370034 -433.89464472666975 5.368272016360355
    vertex 399.420925893056 -434.63172798365196 5.3682720163604
    vertex 405.49263748442297 -435.65993614789386 7.750000000005665
  endloop
endfacet
facet normal -0.7530878105873711 0.6524707369911215 -0.0845025852562091
  outer loop
    vertex 429.8109118178385 -381.2150896129916 5.000000000000244
    vertex 429.69734256462243 -381.0871489322449 7.000000000000247
    vertex 430.1820364266306 -380.78673412784093 5.000000000000244
  endloop
endfacet
facet normal -0.7530878105873711 0.6524707369911215 -0.0845025852562091
  outer loop
    vertex 430.0392234670567 -380.69254680574477 7.000000000000247
    vertex 430.1820364266306 -380.78673412784093 5.000000000000244
    vertex 429.69734256462243 -381.0871489322449 7.000000000000247
  endloop
endfacet
facet normal -0.6548128322350404 -0.7557910787647105 -0.0
  outer loop
    vertex 429.3575535063222 -383.81649728534876 15.000000000000249
    vertex 429.2095777088845 -383.688291946936 15.000000000000249
    vertex 429.3575535063222 -383.81649728534876 5.000000000000244
  endloop
endfacet
facet normal -0.6548128322350404 -0.7557910787647105 -0.0
  outer loop
    vertex 429.2095777088845 -383.688291946936 5.000000000000244
    vertex 429.3575535063222 -383.81649728534876 5.000000000000244
    vertex 429.2095777088845 -383.688291946936 15.000000000000249
  endloop
endfacet
facet normal -0.8962988188151026 0.4353248677432526 -0.08450258525614074
  outer loop
    vertex 430.1820364266306 -380.78673412784093 5.000000000000244
    vertex 430.0392234670567 -380.69254680574477 7.000000000000247
    vertex 430.42964871340365 -380.27692038503955 5.000000000000244
  endloop
endfacet
facet normal -0.8962988188151026 0.4353248677432526 -0.08450258525614074
  outer loop
    vertex 430.2673245146565 -380.22290513194343 7.000000000000247
    vertex 430.42964871340365 -380.27692038503955 5.000000000000244
    vertex 430.0392234670567 -380.69254680574477 7.000000000000247
  endloop
endfacet
facet normal -0.3813146732281656 -0.9205750556396223 -0.08450258525633256
  outer loop
    vertex 383.5973713004944 -438.3690919938564 7.000000000000224
    vertex 383.1150093907001 -438.1692911488474 7.000000000000224
    vertex 383.6829090013437 -438.2209363500236 5.000000000000205
  endloop
endfacet
facet normal -0.3813146732281656 -0.9205750556396223 -0.08450258525633256
  outer loop
    vertex 383.15928696280764 -438.0040450001047 5.000000000000205
    vertex 383.6829090013437 -438.2209363500236 5.000000000000205
    vertex 383.1150093907001 -438.1692911488474 7.000000000000224
  endloop
endfacet
facet normal 0.10388185357162974 -0.7890610165044292 0.6054678131259495
  outer loop
    vertex 399.420925893056 -416.540707856485 7.750000000007944
    vertex 399.420925893056 -418.36827201636095 5.36827201636252
    vertex 400.33732851945666 -416.4200611619239 7.750000000007836
  endloop
endfacet
facet normal 0.10388185357162974 -0.7890610165044292 0.6054678131259495
  outer loop
    vertex 400.8103369301793 -418.18535258314836 5.3682720163625435
    vertex 400.33732851945666 -416.4200611619239 7.750000000007836
    vertex 399.420925893056 -418.36827201636095 5.36827201636252
  endloop
endfacet
facet normal -0.13005933396823097 -0.9878987208882996 -0.0845025852563195
  outer loop
    vertex 383.1150093907001 -438.1692911488474 7.000000000000224
    vertex 382.5973713004946 -438.1011428014255 7.000000000000224
    vertex 383.15928696280764 -438.0040450001047 5.000000000000205
  endloop
endfacet
facet normal -0.13005933396823097 -0.9878987208882996 -0.0845025852563195
  outer loop
    vertex 382.5973713004946 -437.93006739972776 5.000000000000183
    vertex 383.15928696280764 -438.0040450001047 5.000000000000205
    vertex 382.5973713004946 -438.1011428014255 7.000000000000224
  endloop
endfacet
facet normal 0.6068156946326695 -0.07988880177371882 0.7908176098814633
  outer loop
    vertex 404.6062784761974 -414.38941103712983 5.3682720163625435
    vertex 405.0698663041708 -414.51362902125646 5.000000000000183
    vertex 404.78919790941063 -413.00000000000625 5.3682720163622495
  endloop
endfacet
facet normal 0.6068156946326695 -0.07988880177371882 0.7908176098814633
  outer loop
    vertex 405.26913934524015 -413.0000000000065 5.000000000000183
    vertex 404.78919790941063 -413.00000000000625 5.3682720163622495
    vertex 405.0698663041708 -414.51362902125646 5.000000000000183
  endloop
endfacet
facet normal 0.6548128322361151 0.7557910787637795 -1.7726716395783726e-14
  outer loop
    vertex 428.2357614823625 -384.81227971890513 15.000000000000249
    vertex 428.38373727979945 -384.94048505731786 15.000000000000249
    vertex 428.23576148236197 -384.81227971890513 5.000000000000244
  endloop
endfacet
facet normal 0.6548128322361151 0.7557910787637795 -1.7726716395783726e-14
  outer loop
    vertex 428.38373727979945 -384.94048505731786 5.000000000000244
    vertex 428.23576148236197 -384.81227971890513 5.000000000000244
    vertex 428.38373727979945 -384.94048505731786 15.000000000000249
  endloop
endfacet
facet normal -0.9831056027603522 0.12942830799560945 0.12942830799557942
  outer loop
    vertex 423.56907155028216 -419.4704761275696 13.500000000005667
    vertex 424.4209258930555 -413.00000000000676 13.500000000005638
    vertex 423.19057061971836 -419.36905710889044 10.523580981326637
  endloop
endfacet
facet normal -0.9831056027603522 0.12942830799560945 0.12942830799557942
  outer loop
    vertex 424.0290728953804 -413.00000000000676 10.523580981327337
    vertex 423.19057061971836 -419.36905710889044 10.523580981326637
    vertex 424.4209258930555 -413.00000000000676 13.500000000005638
  endloop
endfacet
facet normal -0.4353248677434312 -0.8962988188150021 -0.0845025852562877
  outer loop
    vertex 429.4707532253283 -377.92183541978864 7.000000000000247
    vertex 429.0011115515265 -377.6937343721883 7.000000000000247
    vertex 429.56494054742416 -377.7790224602141 5.000000000000244
  endloop
endfacet
facet normal -0.4353248677434312 -0.8962988188150021 -0.0845025852562877
  outer loop
    vertex 429.0551268046223 -377.5314101734408 5.000000000000227
    vertex 429.56494054742416 -377.7790224602141 5.000000000000244
    vertex 429.0011115515265 -377.6937343721883 7.000000000000247
  endloop
endfacet
facet normal 0.9784285437444257 -0.18851232816752786 -0.08450258525643267
  outer loop
    vertex 426.3731643084443 -379.4726232524719 7.000000000000247
    vertex 426.2023909964152 -379.46246111860944 5.000000000000227
    vertex 426.4719407917717 -378.95994733531865 7.000000000000247
  endloop
endfacet
facet normal 0.9784285437444257 -0.18851232816752786 -0.08450258525643267
  outer loop
    vertex 426.3096165930238 -378.9059320822225 5.000000000000227
    vertex 426.4719407917717 -378.95994733531865 7.000000000000247
    vertex 426.2023909964152 -379.46246111860944 5.000000000000227
  endloop
endfacet
facet normal -0.6524707369917498 -0.7530878105868222 -0.08450258525624965
  outer loop
    vertex 429.8653553518276 -378.2637163222226 7.000000000000247
    vertex 429.4707532253283 -377.92183541978864 7.000000000000247
    vertex 429.99329603257434 -378.1501470690066 5.000000000000227
  endloop
endfacet
facet normal -0.6524707369917498 -0.7530878105868222 -0.08450258525624965
  outer loop
    vertex 429.56494054742416 -377.7790224602141 5.000000000000244
    vertex 429.99329603257434 -378.1501470690066 5.000000000000227
    vertex 429.4707532253283 -377.92183541978864 7.000000000000247
  endloop
endfacet
facet normal 0.9938799803474919 0.07114701504241494 -0.08450258525644778
  outer loop
    vertex 426.2428593371809 -380.0277789144607 5.000000000000205
    vertex 426.2023909964152 -379.46246111860944 5.000000000000227
    vertex 426.41044384349374 -379.9933953964602 7.000000000000247
  endloop
endfacet
facet normal 0.9938799803474919 0.07114701504241494 -0.08450258525644778
  outer loop
    vertex 426.3731643084443 -379.4726232524719 7.000000000000247
    vertex 426.41044384349374 -379.9933953964602 7.000000000000247
    vertex 426.2023909964152 -379.46246111860944 5.000000000000227
  endloop
endfacet
facet normal -0.8281137513438662 -0.5605600902982564 -0.0
  outer loop
    vertex 429.46730516746817 -383.97863308738107 5.000000000000244
    vertex 429.46730516746817 -383.97863308738107 15.000000000000249
    vertex 429.3575535063222 -383.81649728534876 5.000000000000244
  endloop
endfacet
facet normal -0.8281137513438662 -0.5605600902982564 -0.0
  outer loop
    vertex 429.3575535063222 -383.81649728534876 15.000000000000249
    vertex 429.3575535063222 -383.81649728534876 5.000000000000244
    vertex 429.46730516746817 -383.97863308738107 15.000000000000249
  endloop
endfacet
facet normal 0.5585551126041314 -0.8251518037723519 -0.08450258525643059
  outer loop
    vertex 427.4742848805587 -377.80303243862926 7.000000000000247
    vertex 427.04192274180616 -378.09570353501726 7.000000000000247
    vertex 427.3976988906248 -377.6500573451925 5.000000000000244
  endloop
endfacet
facet normal 0.5585551126041314 -0.8251518037723519 -0.08450258525643059
  outer loop
    vertex 426.9283534885896 -377.96776285427046 5.000000000000227
    vertex 427.3976988906248 -377.6500573451925 5.000000000000244
    vertex 427.04192274180616 -378.09570353501726 7.000000000000247
  endloop
endfacet
facet normal -0.9449800868231683 -0.32712785804281075 -2.5582287929005994e-14
  outer loop
    vertex 429.5313532979875 -384.1636500660661 5.000000000000244
    vertex 429.531353297987 -384.1636500660661 15.000000000000249
    vertex 429.46730516746817 -383.97863308738107 5.000000000000244
  endloop
endfacet
facet normal -0.9449800868231683 -0.32712785804281075 -2.5582287929005994e-14
  outer loop
    vertex 429.46730516746817 -383.97863308738107 15.000000000000249
    vertex 429.46730516746817 -383.97863308738107 5.000000000000244
    vertex 429.531353297987 -384.1636500660661 15.000000000000249
  endloop
endfacet
facet normal -0.5585551126035575 0.82515180377275 -0.08450258525633636
  outer loop
    vertex 429.2649804258695 -381.37982002863254 7.000000000000247
    vertex 429.69734256462243 -381.0871489322449 7.000000000000247
    vertex 429.3415664158028 -381.5327951220695 5.000000000000244
  endloop
endfacet
facet normal -0.5585551126035575 0.82515180377275 -0.08450258525633636
  outer loop
    vertex 429.8109118178385 -381.2150896129916 5.000000000000244
    vertex 429.3415664158028 -381.5327951220695 5.000000000000244
    vertex 429.69734256462243 -381.0871489322449 7.000000000000247
  endloop
endfacet
facet normal -0.3826834323651093 0.9238795325112785 5.204273660352204e-13
  outer loop
    vertex 383.0209258930441 -408.68986557913667 54.80000000000148
    vertex 383.02092589302964 -408.6898655791145 5.000000000000205
    vertex 376.70198487473067 -411.3072566487578 54.80000000000089
  endloop
endfacet
facet normal -0.3826834323651093 0.9238795325112785 5.204273660352204e-13
  outer loop
    vertex 376.70198487471555 -411.30725664873614 5.000000000000205
    vertex 376.70198487473067 -411.3072566487578 54.80000000000089
    vertex 383.02092589302964 -408.6898655791145 5.000000000000205
  endloop
endfacet
facet normal -0.8995161542172071 0.43688750073936156 0.0
  outer loop
    vertex 429.4227540495333 -384.7273087166697 5.000000000000244
    vertex 429.4227540495333 -384.7273087166697 15.000000000000249
    vertex 429.5082919423833 -384.55119308899424 5.000000000000244
  endloop
endfacet
facet normal -0.8995161542172071 0.43688750073936156 0.0
  outer loop
    vertex 429.5082919423833 -384.55119308899424 15.000000000000249
    vertex 429.5082919423833 -384.55119308899424 5.000000000000244
    vertex 429.4227540495333 -384.7273087166697 15.000000000000249
  endloop
endfacet
facet normal 0.9819406902806649 -0.18918900806106906 0.0
  outer loop
    vertex 428.0479818650531 -384.2698373841924 15.000000000000249
    vertex 428.0479818650531 -384.2698373841924 5.000000000000244
    vertex 428.0850230463013 -384.07758391526 15.000000000000249
  endloop
endfacet
facet normal 0.9819406902806649 -0.18918900806106906 0.0
  outer loop
    vertex 428.0850230463013 -384.07758391526 5.000000000000244
    vertex 428.0850230463013 -384.07758391526 15.000000000000249
    vertex 428.0479818650531 -384.2698373841924 5.000000000000244
  endloop
endfacet
facet normal 0.9874290251033577 0.15806302661733632 -1.4686637081869838e-14
  outer loop
    vertex 395.8022818252597 -373.00000000000693 54.80000000000579
    vertex 395.80228182525906 -373.00000000000693 31.016949152547813
    vertex 394.3616038591574 -364.0000000000073 54.80000000000579
  endloop
endfacet
facet normal 0.9874290251033577 0.15806302661733632 -1.4686637081869838e-14
  outer loop
    vertex 394.3616038591574 -364.0000000000073 35.50847457627664
    vertex 394.3616038591574 -364.0000000000073 54.80000000000579
    vertex 395.80228182525906 -373.00000000000693 31.016949152547813
  endloop
endfacet
facet normal -0.9416001387542027 -0.32595780675272884 -0.08450258525641144
  outer loop
    vertex 430.32882146293434 -379.18945707080184 7.000000000000247
    vertex 430.1580264482156 -378.69607846097506 7.000000000000247
    vertex 430.4964059692471 -379.1550735528017 5.000000000000244
  endloop
endfacet
facet normal -0.9416001387542027 -0.32595780675272884 -0.08450258525641144
  outer loop
    vertex 430.3110015416525 -378.61949247104207 5.000000000000227
    vertex 430.4964059692471 -379.1550735528017 5.000000000000244
    vertex 430.1580264482156 -378.69607846097506 7.000000000000247
  endloop
endfacet
facet normal 0.7530878105869815 -0.6524707369915665 -0.08450258525624497
  outer loop
    vertex 426.70004183937135 -378.490305661517 7.000000000000247
    vertex 426.55722887979744 -378.39611833942115 5.000000000000227
    vertex 427.04192274180616 -378.09570353501726 7.000000000000247
  endloop
endfacet
facet normal 0.7530878105869815 -0.6524707369915665 -0.08450258525624497
  outer loop
    vertex 426.9283534885896 -377.96776285427046 5.000000000000227
    vertex 427.04192274180616 -378.09570353501726 7.000000000000247
    vertex 426.55722887979744 -378.39611833942115 5.000000000000227
  endloop
endfacet
facet normal -0.7557910787622513 0.6548128322378789 0.0
  outer loop
    vertex 429.29454871111983 -384.8752845141071 5.000000000000244
    vertex 429.29454871111983 -384.8752845141071 15.000000000000249
    vertex 429.4227540495333 -384.7273087166697 5.000000000000244
  endloop
endfacet
facet normal -0.7557910787622513 0.6548128322378789 0.0
  outer loop
    vertex 429.4227540495333 -384.7273087166697 15.000000000000249
    vertex 429.4227540495333 -384.7273087166697 5.000000000000244
    vertex 429.29454871111983 -384.8752845141071 15.000000000000249
  endloop
endfacet
facet normal -0.37946459868718474 0.9161085805910645 0.12942830799558183
  outer loop
    vertex 405.89140202061867 -437.14814565723356 13.500000000005667
    vertex 411.9209258930555 -434.650635094618 13.500000000005643
    vertex 405.7899830019393 -436.76964472666987 10.523580981326637
  endloop
endfacet
facet normal -0.37946459868718474 0.9161085805910645 0.12942830799558183
  outer loop
    vertex 411.72499939421726 -434.31128044408155 10.523580981326676
    vertex 405.7899830019393 -436.76964472666987 10.523580981326637
    vertex 411.9209258930555 -434.650635094618 13.500000000005643
  endloop
endfacet
facet normal -0.32595780675326336 0.9416001387540225 -0.08450258525635536
  outer loop
    vertex 428.7716018160436 -381.55061504335157 7.000000000000247
    vertex 429.2649804258695 -381.37982002863254 7.000000000000247
    vertex 428.80598533404395 -381.71819954966395 5.000000000000244
  endloop
endfacet
facet normal -0.32595780675326336 0.9416001387540225 -0.08450258525635536
  outer loop
    vertex 429.3415664158028 -381.5327951220695 5.000000000000244
    vertex 428.80598533404395 -381.71819954966395 5.000000000000244
    vertex 429.2649804258695 -381.37982002863254 7.000000000000247
  endloop
endfacet
facet normal -0.9784285437443495 0.1885123281679879 -0.0845025852562884
  outer loop
    vertex 430.42964871340365 -380.27692038503955 5.000000000000244
    vertex 430.2673245146565 -380.22290513194343 7.000000000000247
    vertex 430.536874310013 -379.7203913486523 5.000000000000244
  endloop
endfacet
facet normal -0.9784285437443495 0.1885123281679879 -0.0845025852562884
  outer loop
    vertex 430.3661009979837 -379.7102292147901 7.000000000000247
    vertex 430.536874310013 -379.7203913486523 5.000000000000244
    vertex 430.2673245146565 -380.22290513194343 7.000000000000247
  endloop
endfacet
facet normal 0.07114701504192933 -0.9938799803475361 -0.08450258525633775
  outer loop
    vertex 428.48843563437345 -377.5949578888613 7.000000000000247
    vertex 427.96766349038467 -377.6322374239105 7.000000000000247
    vertex 428.4985977682353 -377.4241845768324 5.000000000000227
  endloop
endfacet
facet normal 0.07114701504192933 -0.9938799803475361 -0.08450258525633775
  outer loop
    vertex 427.9332799723841 -377.46465291759785 5.000000000000244
    vertex 428.4985977682353 -377.4241845768324 5.000000000000227
    vertex 427.96766349038467 -377.6322374239105 7.000000000000247
  endloop
endfacet
facet normal -0.13005933396826952 0.9878987208882933 -0.0845025852563335
  outer loop
    vertex 389.0083079497422 -360.35213735622534 7.000000000000224
    vertex 389.52594603994714 -360.2839890088035 7.000000000000224
    vertex 389.0083079497422 -360.5232127579231 5.000000000000205
  endloop
endfacet
facet normal -0.13005933396826952 0.9878987208882933 -0.0845025852563335
  outer loop
    vertex 389.5702236120553 -360.4492351575461 5.000000000000205
    vertex 389.0083079497422 -360.5232127579231 5.000000000000205
    vertex 389.52594603994714 -360.2839890088035 7.000000000000224
  endloop
endfacet
facet normal -0.8251518037723005 -0.5585551126042306 -0.08450258525627613
  outer loop
    vertex 430.1580264482156 -378.69607846097506 7.000000000000247
    vertex 429.8653553518276 -378.2637163222226 7.000000000000247
    vertex 430.3110015416525 -378.61949247104207 5.000000000000227
  endloop
endfacet
facet normal -0.8251518037723005 -0.5585551126042306 -0.08450258525627613
  outer loop
    vertex 429.99329603257434 -378.1501470690066 5.000000000000227
    vertex 430.3110015416525 -378.61949247104207 5.000000000000227
    vertex 429.8653553518276 -378.2637163222226 7.000000000000247
  endloop
endfacet
facet normal 0.18851232816749025 0.9784285437444533 -0.08450258525619744
  outer loop
    vertex 427.7381537549017 -381.4891180950737 7.000000000000247
    vertex 428.25082967205475 -381.58789457840084 7.000000000000247
    vertex 427.6841385018059 -381.65144229382093 5.000000000000227
  endloop
endfacet
facet normal 0.18851232816749025 0.9784285437444533 -0.08450258525619744
  outer loop
    vertex 428.24066753819216 -381.75866789042965 5.000000000000227
    vertex 427.6841385018059 -381.65144229382093 5.000000000000227
    vertex 428.25082967205475 -381.58789457840084 7.000000000000247
  endloop
endfacet
facet normal -0.18851232816707403 -0.9784285437445297 -0.08450258525624038
  outer loop
    vertex 429.0011115515265 -377.6937343721883 7.000000000000247
    vertex 428.48843563437345 -377.5949578888613 7.000000000000247
    vertex 429.0551268046223 -377.5314101734408 5.000000000000227
  endloop
endfacet
facet normal -0.18851232816707403 -0.9784285437445297 -0.08450258525624038
  outer loop
    vertex 428.4985977682353 -377.4241845768324 5.000000000000227
    vertex 429.0551268046223 -377.5314101734408 5.000000000000227
    vertex 428.48843563437345 -377.5949578888613 7.000000000000247
  endloop
endfacet
facet normal -0.3271278580449516 0.9449800868224272 0.0
  outer loop
    vertex 428.9473959304028 -385.0490843057721 15.000000000000249
    vertex 429.1324129090882 -384.98503617525245 15.000000000000249
    vertex 428.9473959304028 -385.0490843057721 5.000000000000244
  endloop
endfacet
facet normal -0.3271278580449516 0.9449800868224272 0.0
  outer loop
    vertex 429.1324129090882 -384.98503617525245 5.000000000000244
    vertex 428.9473959304028 -385.0490843057721 5.000000000000244
    vertex 429.1324129090882 -384.98503617525245 15.000000000000249
  endloop
endfacet
facet normal -0.5605600902977813 0.8281137513441877 0.0
  outer loop
    vertex 429.1324129090882 -384.98503617525245 15.000000000000249
    vertex 429.29454871111983 -384.8752845141071 15.000000000000249
    vertex 429.1324129090882 -384.98503617525245 5.000000000000244
  endloop
endfacet
facet normal -0.5605600902977813 0.8281137513441877 0.0
  outer loop
    vertex 429.29454871111983 -384.8752845141071 5.000000000000244
    vertex 429.1324129090882 -384.98503617525245 5.000000000000244
    vertex 429.29454871111983 -384.8752845141071 15.000000000000249
  endloop
endfacet
facet normal 0.23422211550252803 -0.5654622078539174 0.7908176098813767
  outer loop
    vertex 400.8103369301793 -418.18535258314836 5.3682720163625435
    vertex 400.93455491430564 -418.64894041112217 5.000000000000183
    vertex 402.1050619012327 -417.6490599405947 5.3682720163625435
  endloop
endfacet
facet normal 0.23422211550252803 -0.5654622078539174 0.7908176098813767
  outer loop
    vertex 402.3450326191478 -418.0647014163518 5.000000000000183
    vertex 402.1050619012327 -417.6490599405947 5.3682720163625435
    vertex 400.93455491430564 -418.64894041112217 5.000000000000183
  endloop
endfacet
facet normal 0.18918900805856873 0.9819406902811466 0.0
  outer loop
    vertex 428.55985290747464 -385.0260229501679 15.000000000000249
    vertex 428.75210637640737 -385.0630641314156 15.000000000000249
    vertex 428.55985290747464 -385.0260229501679 5.000000000000227
  endloop
endfacet
facet normal 0.18918900805856873 0.9819406902811466 0.0
  outer loop
    vertex 428.75210637640737 -385.0630641314156 5.000000000000227
    vertex 428.55985290747464 -385.0260229501679 5.000000000000227
    vertex 428.75210637640737 -385.0630641314156 15.000000000000249
  endloop
endfacet
facet normal -0.13005933396821145 0.9878987208883018 -0.08450258525632504
  outer loop
    vertex 382.5973713004946 -442.10114280142545 7.000000000000224
    vertex 383.1150093907001 -442.0329944540036 7.000000000000224
    vertex 382.5973713004946 -442.2722182031232 5.000000000000183
  endloop
endfacet
facet normal -0.13005933396821145 0.9878987208883018 -0.08450258525632504
  outer loop
    vertex 383.15928696280764 -442.19824060274624 5.000000000000205
    vertex 382.5973713004946 -442.2722182031232 5.000000000000183
    vertex 383.1150093907001 -442.0329944540036 7.000000000000224
  endloop
endfacet
facet normal -0.5631251684765036 0.7338790076440981 0.37988372795846764
  outer loop
    vertex 411.72499939421726 -434.31128044408155 10.523580981326676
    vertex 416.8215135108344 -430.4005876177862 10.523580981326637
    vertex 411.1505719648153 -433.31634295109694 7.750000000005665
  endloop
endfacet
facet normal -0.5631251684765036 0.7338790076440981 0.37988372795846764
  outer loop
    vertex 416.0091504495752 -429.58822455652717 7.750000000005665
    vertex 411.1505719648153 -433.31634295109694 7.750000000005665
    vertex 416.8215135108344 -430.4005876177862 10.523580981326637
  endloop
endfacet
facet normal -0.07114701504214328 0.9938799803475288 -0.08450258525624547
  outer loop
    vertex 428.25082967205475 -381.58789457840084 7.000000000000247
    vertex 428.7716018160436 -381.55061504335157 7.000000000000247
    vertex 428.24066753819216 -381.75866789042965 5.000000000000227
  endloop
endfacet
facet normal -0.07114701504214328 0.9938799803475288 -0.08450258525624547
  outer loop
    vertex 428.80598533404395 -381.71819954966395 5.000000000000244
    vertex 428.24066753819216 -381.75866789042965 5.000000000000227
    vertex 428.7716018160436 -381.55061504335157 7.000000000000247
  endloop
endfacet
facet normal 0.32712785804533956 -0.9449800868222928 0.0
  outer loop
    vertex 428.6459190582811 -383.5796926984818 15.000000000000249
    vertex 428.46090207959594 -383.6437408290015 15.000000000000249
    vertex 428.6459190582811 -383.5796926984818 5.000000000000244
  endloop
endfacet
facet normal 0.32712785804533956 -0.9449800868222928 0.0
  outer loop
    vertex 428.46090207959594 -383.6437408290015 5.000000000000244
    vertex 428.6459190582811 -383.5796926984818 5.000000000000244
    vertex 428.46090207959594 -383.6437408290015 15.000000000000249
  endloop
endfacet
facet normal 0.13005933396835073 -0.9878987208882849 -0.08450258525630902
  outer loop
    vertex 389.0083079497422 -356.3521373562254 7.000000000000224
    vertex 388.49066985953715 -356.42028570364727 7.000000000000224
    vertex 389.0083079497422 -356.18106195452765 5.000000000000205
  endloop
endfacet
facet normal 0.13005933396835073 -0.9878987208882849 -0.08450258525630902
  outer loop
    vertex 388.4463922874296 -356.2550395549046 5.000000000000205
    vertex 389.0083079497422 -356.18106195452765 5.000000000000205
    vertex 388.49066985953715 -356.42028570364727 7.000000000000224
  endloop
endfacet
facet normal -0.07140240287269398 0.9974475910362436 -2.1531925836885828e-20
  outer loop
    vertex 428.75210637640737 -385.0630641314156 15.000000000000249
    vertex 428.9473959304028 -385.0490843057721 15.000000000000249
    vertex 428.75210637640737 -385.0630641314156 5.000000000000227
  endloop
endfacet
facet normal -0.07140240287269398 0.9974475910362436 -2.1531925836885828e-20
  outer loop
    vertex 428.9473959304028 -385.0490843057721 5.000000000000244
    vertex 428.75210637640737 -385.0630641314156 5.000000000000227
    vertex 428.9473959304028 -385.0490843057721 15.000000000000249
  endloop
endfacet
facet normal -6.226123689129019e-15 0.9999999999999999 -8.831535215803942e-15
  outer loop
    vertex 373.09202866557814 -330.00000000000637 38.700345411909375
    vertex 374.2838928414866 -330.00000000000637 29.64723819590408
    vertex 373.09202866557695 -330.0000000000066 5.000000000000183
  endloop
endfacet
facet normal -6.226123689129019e-15 0.9999999999999999 -8.831535215803942e-15
  outer loop
    vertex 378.2799097416745 -330.00000000000637 20.000000000002714
    vertex 373.09202866557695 -330.0000000000066 5.000000000000183
    vertex 374.2838928414866 -330.00000000000637 29.64723819590408
  endloop
endfacet
facet normal -6.226123689129019e-15 0.9999999999999999 -8.831535215803942e-15
  outer loop
    vertex 384.6366546455912 -330.00000000000637 11.715728752539494
    vertex 373.09202866557695 -330.0000000000066 5.000000000000183
    vertex 378.2799097416745 -330.00000000000637 20.000000000002714
  endloop
endfacet
facet normal -6.226123689129019e-15 0.9999999999999999 -8.831535215803942e-15
  outer loop
    vertex 392.92092589305287 -330.00000000000637 5.358983848623995
    vertex 373.09202866557695 -330.0000000000066 5.000000000000183
    vertex 384.6366546455912 -330.00000000000637 11.715728752539494
  endloop
endfacet
facet normal -6.226123689129019e-15 0.9999999999999999 -8.831535215803942e-15
  outer loop
    vertex 393.7875895690747 -330.0000000000066 5.000000000000183
    vertex 373.09202866557695 -330.0000000000066 5.000000000000183
    vertex 392.92092589305287 -330.00000000000637 5.358983848623995
  endloop
endfacet
facet normal 0.30456618406694247 -0.7352878122146255 0.605467813125959
  outer loop
    vertex 400.33732851945666 -416.4200611619239 7.750000000007836
    vertex 400.8103369301793 -418.18535258314836 5.3682720163625435
    vertex 401.19127982129527 -416.06634295109626 7.750000000007831
  endloop
endfacet
facet normal 0.30456618406694247 -0.7352878122146255 0.605467813125959
  outer loop
    vertex 402.1050619012327 -417.6490599405947 5.3682720163625435
    vertex 401.19127982129527 -416.06634295109626 7.750000000007831
    vertex 400.8103369301793 -418.18535258314836 5.3682720163625435
  endloop
endfacet
facet normal 0.6065840476602855 0.7905157216710291 -0.08450258525629001
  outer loop
    vertex 387.59409438736947 -359.76635091859845 7.000000000000224
    vertex 388.0083079497424 -360.0841881637944 7.000000000000224
    vertex 387.47312581073464 -359.88731949523304 5.000000000000205
  endloop
endfacet
facet normal 0.6065840476602855 0.7905157216710291 -0.08450258525629001
  outer loop
    vertex 387.92277024889364 -360.2323438076273 5.000000000000183
    vertex 387.47312581073464 -359.88731949523304 5.000000000000205
    vertex 388.0083079497424 -360.0841881637944 7.000000000000224
  endloop
endfacet
facet normal 0.13005933396833116 0.987898720888287 -0.08450258525631456
  outer loop
    vertex 388.49066985953715 -360.2839890088035 7.000000000000224
    vertex 389.0083079497422 -360.35213735622534 7.000000000000224
    vertex 388.4463922874296 -360.4492351575461 5.000000000000205
  endloop
endfacet
facet normal 0.13005933396833116 0.987898720888287 -0.08450258525631456
  outer loop
    vertex 389.0083079497422 -360.5232127579231 5.000000000000205
    vertex 388.4463922874296 -360.4492351575461 5.000000000000205
    vertex 389.0083079497422 -360.35213735622534 7.000000000000224
  endloop
endfacet
facet normal -0.9914448613738127 0.13052619222003317 1.132285617658444e-14
  outer loop
    vertex 380.78441742816284 -351.30884462180074 5.000000000000183
    vertex 380.7844174281634 -351.30884462180074 54.80000000000579
    vertex 381.09202866557695 -348.9723053000919 5.000000000000183
  endloop
endfacet
facet normal -0.9914448613738127 0.13052619222003317 1.132285617658444e-14
  outer loop
    vertex 381.0920286655775 -348.97230530009165 54.80000000000579
    vertex 381.09202866557695 -348.9723053000919 5.000000000000183
    vertex 380.7844174281634 -351.30884462180074 54.80000000000579
  endloop
endfacet
facet normal -0.07988880177345019 0.6068156946314719 0.7908176098824093
  outer loop
    vertex 399.4209258930554 -434.15178654782375 5.000000000000205
    vertex 399.420925893056 -434.63172798365196 5.3682720163604
    vertex 404.89541108957405 -433.4310568986971 5.000000000000183
  endloop
endfacet
facet normal -0.07988880177345019 0.6068156946314719 0.7908176098824093
  outer loop
    vertex 405.01962907370034 -433.89464472666975 5.368272016360355
    vertex 404.89541108957405 -433.4310568986971 5.000000000000183
    vertex 399.420925893056 -434.63172798365196 5.3682720163604
  endloop
endfacet
facet normal -0.9819406902818316 0.18918900805501349 0.0
  outer loop
    vertex 429.5082919423833 -384.55119308899424 5.000000000000244
    vertex 429.5082919423833 -384.55119308899424 15.000000000000249
    vertex 429.5453331236303 -384.3589396200615 5.000000000000244
  endloop
endfacet
facet normal -0.9819406902818316 0.18918900805501349 0.0
  outer loop
    vertex 429.5453331236303 -384.3589396200615 15.000000000000249
    vertex 429.5453331236303 -384.3589396200615 5.000000000000244
    vertex 429.5082919423833 -384.55119308899424 15.000000000000249
  endloop
endfacet
facet normal -0.9878987208883109 -0.13005933396821243 -0.0845025852562173
  outer loop
    vertex 391.17938335143975 -358.3521373562255 5.000000000000205
    vertex 391.00830794974223 -358.3521373562255 7.000000000000224
    vertex 391.1054057510628 -357.79022169391243 5.000000000000205
  endloop
endfacet
facet normal -0.9878987208883109 -0.13005933396821243 -0.0845025852562173
  outer loop
    vertex 390.9401596023204 -357.83449926602054 7.000000000000224
    vertex 391.1054057510628 -357.79022169391243 5.000000000000205
    vertex 391.00830794974223 -358.3521373562255 7.000000000000224
  endloop
endfacet
facet normal -0.3826834323651229 -0.923879532511273 5.232153030579697e-15
  outer loop
    vertex 376.7019848747457 -360.6927433512326 54.80000000000579
    vertex 376.7019848747457 -360.69274335123316 5.000000000000205
    vertex 383.02092589305914 -363.31013442085424 54.80000000000577
  endloop
endfacet
facet normal -0.3826834323651229 -0.923879532511273 5.232153030579697e-15
  outer loop
    vertex 383.02092589305914 -363.31013442085424 5.000000000000205
    vertex 383.02092589305914 -363.31013442085424 54.80000000000577
    vertex 376.7019848747457 -360.69274335123316 5.000000000000205
  endloop
endfacet
facet normal 0.899516154217515 -0.43688750073872745 0.0
  outer loop
    vertex 428.0850230463013 -384.07758391526 15.000000000000249
    vertex 428.0850230463013 -384.07758391526 5.000000000000244
    vertex 428.1705609391513 -383.9014682875841 15.000000000000249
  endloop
endfacet
facet normal 0.899516154217515 -0.43688750073872745 0.0
  outer loop
    vertex 428.1705609391513 -383.9014682875841 5.000000000000244
    vertex 428.1705609391513 -383.9014682875841 15.000000000000249
    vertex 428.0850230463013 -384.07758391526 5.000000000000244
  endloop
endfacet
facet normal -0.5654622078527239 0.23422211550198702 0.7908176098823904
  outer loop
    vertex 417.73891037889126 -423.5758932739157 5.000000000000183
    vertex 418.15455185464765 -423.8158639918293 5.368272016360355
    vertex 419.85198279174557 -418.4744851965249 5.000000000000183
  endloop
endfacet
facet normal -0.5654622078527239 0.23422211550198702 0.7908176098823904
  outer loop
    vertex 420.3155706197183 -418.598703180651 5.368272016360355
    vertex 419.85198279174557 -418.4744851965249 5.000000000000183
    vertex 418.15455185464765 -423.8158639918293 5.368272016360355
  endloop
endfacet
facet normal 0.3662936867672481 -0.28952143380613715 0.8843111864051566
  outer loop
    vertex 405.8022818252597 -387.0033342331058 9.70404509866759
    vertex 406.52262080831025 -396.0000000000069 6.460183392255302
    vertex 409.23604457295215 -387.0033342331058 8.281733998601739
  endloop
endfacet
facet normal 0.3662936867672481 -0.28952143380613715 0.8843111864051566
  outer loop
    vertex 409.608919468439 -396.0000000000069 5.181796629696168
    vertex 409.23604457295215 -387.0033342331058 8.281733998601739
    vertex 406.52262080831025 -396.0000000000069 6.460183392255302
  endloop
endfacet
facet normal 0.8281137513445441 0.5605600902972548 -2.2418508834493256e-14
  outer loop
    vertex 428.2357614823625 -384.81227971890513 15.000000000000249
    vertex 428.23576148236197 -384.81227971890513 5.000000000000244
    vertex 428.12600982121654 -384.65014391687276 15.000000000000249
  endloop
endfacet
facet normal 0.8281137513445441 0.5605600902972548 -2.2418508834493256e-14
  outer loop
    vertex 428.12600982121654 -384.65014391687276 5.000000000000244
    vertex 428.12600982121654 -384.65014391687276 15.000000000000249
    vertex 428.23576148236197 -384.81227971890513 5.000000000000244
  endloop
endfacet
facet normal 0.12372557859977781 -0.31857256694869557 0.939789072498648
  outer loop
    vertex 408.1174198864925 -364.0000000000073 17.581546105318505
    vertex 408.49029478197883 -373.00000000000693 14.481608736412928
    vertex 412.92092589305577 -364.0000000000073 16.94915254237841
  endloop
endfacet
facet normal 0.12372557859977781 -0.31857256694869557 0.939789072498648
  outer loop
    vertex 412.92092589305577 -373.00000000000693 13.898305084751273
    vertex 412.92092589305577 -364.0000000000073 16.94915254237841
    vertex 408.49029478197883 -373.00000000000693 14.481608736412928
  endloop
endfacet
facet normal -0.9974475910363978 -0.07140240287054053 -2.7002589165524156e-14
  outer loop
    vertex 429.5453331236303 -384.3589396200615 5.000000000000244
    vertex 429.5453331236303 -384.3589396200615 15.000000000000249
    vertex 429.5313532979875 -384.1636500660661 5.000000000000244
  endloop
endfacet
facet normal -0.9974475910363978 -0.07140240287054053 -2.7002589165524156e-14
  outer loop
    vertex 429.531353297987 -384.1636500660661 15.000000000000249
    vertex 429.5313532979875 -384.1636500660661 5.000000000000244
    vertex 429.5453331236303 -384.3589396200615 15.000000000000249
  endloop
endfacet
facet normal 0.4353248677432464 0.8962988188150929 -0.08450258525627607
  outer loop
    vertex 427.26851208110025 -381.26101704747344 7.000000000000247
    vertex 427.7381537549017 -381.4891180950737 7.000000000000247
    vertex 427.17432475900387 -381.40383000704793 5.0000000000002505
  endloop
endfacet
facet normal 0.4353248677432464 0.8962988188150929 -0.08450258525627607
  outer loop
    vertex 427.6841385018059 -381.65144229382093 5.000000000000227
    vertex 427.17432475900387 -381.40383000704793 5.0000000000002505
    vertex 427.7381537549017 -381.4891180950737 7.000000000000247
  endloop
endfacet
facet normal -0.1300593339682876 -0.9878987208882916 -0.08450258525632831
  outer loop
    vertex 389.52594603994714 -356.42028570364727 7.000000000000224
    vertex 389.0083079497422 -356.3521373562254 7.000000000000224
    vertex 389.5702236120553 -356.2550395549046 5.000000000000227
  endloop
endfacet
facet normal -0.1300593339682876 -0.9878987208882916 -0.08450258525632831
  outer loop
    vertex 389.0083079497422 -356.18106195452765 5.000000000000205
    vertex 389.5702236120553 -356.2550395549046 5.000000000000227
    vertex 389.0083079497422 -356.3521373562254 7.000000000000224
  endloop
endfacet
facet normal -0.18918900805845765 -0.9819406902811681 -0.0
  outer loop
    vertex 429.0334620812093 -383.60275405408595 15.000000000000249
    vertex 428.84120861227655 -383.5657128728383 15.000000000000249
    vertex 429.0334620812093 -383.60275405408595 5.000000000000227
  endloop
endfacet
facet normal -0.18918900805845765 -0.9819406902811681 -0.0
  outer loop
    vertex 428.84120861227655 -383.5657128728383 5.000000000000227
    vertex 429.0334620812093 -383.60275405408595 5.000000000000227
    vertex 428.84120861227655 -383.5657128728383 15.000000000000249
  endloop
endfacet
facet normal 0.9449800868217256 0.327127858046978 0.0
  outer loop
    vertex 428.12600982121654 -384.65014391687276 15.000000000000249
    vertex 428.12600982121654 -384.65014391687276 5.000000000000244
    vertex 428.06196169069665 -384.465126938188 15.000000000000249
  endloop
endfacet
facet normal 0.9449800868217256 0.327127858046978 0.0
  outer loop
    vertex 428.06196169069665 -384.465126938188 5.000000000000244
    vertex 428.06196169069665 -384.465126938188 15.000000000000249
    vertex 428.12600982121654 -384.65014391687276 5.000000000000244
  endloop
endfacet
facet normal -0.14752318337372072 0.9227092328755038 0.3561524700652554
  outer loop
    vertex 427.9209258930559 -328.6794919243181 14.019237886472611
    vertex 430.3327354420302 -326.6814834742254 9.841861209468496
    vertex 420.6854972461318 -328.6794919243185 11.02222521133384
  endloop
endfacet
facet normal -0.14752318337372072 0.9227092328755038 0.3561524700652554
  outer loop
    vertex 421.93394173500076 -326.6814834742254 6.3629669484431375
    vertex 420.6854972461318 -328.6794919243185 11.02222521133384
    vertex 430.3327354420302 -326.6814834742254 9.841861209468496
  endloop
endfacet
facet normal -0.7914640446172982 -0.0689720165558566 0.6073117214497397
  outer loop
    vertex 421.0526538767015 -413.00000000000676 5.3682720163604
    vertex 422.8802180365764 -413.00000000000676 7.750000000005959
    vertex 421.9694957201046 -396.0000000000069 8.493803054313263
  endloop
endfacet
facet normal -0.7914640446172982 -0.0689720165558566 0.6073117214497397
  outer loop
    vertex 424.0031153821617 -396.0000000000069 11.144067796615634
    vertex 421.9694957201046 -396.0000000000069 8.493803054313263
    vertex 422.8802180365764 -413.00000000000676 7.750000000005959
  endloop
endfacet
facet normal 0.9878987208883022 -0.13005933396829183 -0.08450258525619557
  outer loop
    vertex 387.00830794974206 -358.3521373562255 7.000000000000224
    vertex 386.8372325480446 -358.3521373562255 5.000000000000227
    vertex 387.07645629716393 -357.83449926602054 7.000000000000224
  endloop
endfacet
facet normal 0.9878987208883022 -0.13005933396829183 -0.08450258525619557
  outer loop
    vertex 386.91121014842156 -357.79022169391243 5.000000000000205
    vertex 387.07645629716393 -357.83449926602054 7.000000000000224
    vertex 386.8372325480446 -358.3521373562255 5.000000000000227
  endloop
endfacet
facet normal 0.485573406079361 0.7908176098822722 0.37259357912956337
  outer loop
    vertex 390.52735845559425 -331.85786437627587 27.07106781187122
    vertex 394.6366546455941 -331.85786437627587 21.715728752543722
    vertex 386.9401637795226 -328.6794919243181 25.000000000005763
  endloop
endfacet
facet normal 0.485573406079361 0.7908176098822722 0.37259357912956337
  outer loop
    vertex 391.7077224574592 -328.6794919243181 18.78679656440942
    vertex 386.9401637795226 -328.6794919243181 25.000000000005763
    vertex 394.6366546455941 -331.85786437627587 21.715728752543722
  endloop
endfacet
facet normal -0.9205750556396979 -0.38131467322797846 -0.08450258525635301
  outer loop
    vertex 390.9401596023204 -357.83449926602054 7.000000000000224
    vertex 390.74035875731107 -357.35213735622546 7.000000000000224
    vertex 391.1054057510628 -357.79022169391243 5.000000000000205
  endloop
endfacet
facet normal -0.9205750556396979 -0.38131467322797846 -0.08450258525635301
  outer loop
    vertex 390.8885144011442 -357.26659965537647 5.000000000000205
    vertex 391.1054057510628 -357.79022169391243 5.000000000000205
    vertex 390.74035875731107 -357.35213735622546 7.000000000000224
  endloop
endfacet
facet normal -0.7795096985040005 -0.1859961588763739 0.5981388290534541
  outer loop
    vertex 422.9882088794405 -387.0033342331058 11.966615318705518
    vertex 425.2507790994784 -387.0033342331058 14.915254237293647
    vertex 424.0069220387771 -380.1046591131407 15.439427583097729
  endloop
endfacet
facet normal -0.7795096985040005 -0.1859961588763739 0.5981388290534541
  outer loop
    vertex 426.4984428167951 -380.1046591131407 18.686440677971625
    vertex 424.0069220387771 -380.1046591131407 15.439427583097729
    vertex 425.2507790994784 -387.0033342331058 14.915254237293647
  endloop
endfacet
facet normal 0.9974475910362407 0.07140240287273479 0.0
  outer loop
    vertex 428.06196169069665 -384.465126938188 15.000000000000249
    vertex 428.06196169069665 -384.465126938188 5.000000000000244
    vertex 428.0479818650531 -384.2698373841924 15.000000000000249
  endloop
endfacet
facet normal 0.9974475910362407 0.07140240287273479 0.0
  outer loop
    vertex 428.0479818650531 -384.2698373841924 5.000000000000244
    vertex 428.0479818650531 -384.2698373841924 15.000000000000249
    vertex 428.06196169069665 -384.465126938188 5.000000000000244
  endloop
endfacet
facet normal 0.13005933396835287 -0.9878987208882805 -0.08450258525635737
  outer loop
    vertex 382.5973713004946 -438.1011428014255 7.000000000000224
    vertex 382.0797332102902 -438.1692911488474 7.000000000000224
    vertex 382.5973713004946 -437.93006739972776 5.000000000000183
  endloop
endfacet
facet normal 0.13005933396835287 -0.9878987208882805 -0.08450258525635737
  outer loop
    vertex 382.0354556381815 -438.0040450001047 5.000000000000205
    vertex 382.5973713004946 -437.93006739972776 5.000000000000183
    vertex 382.0797332102902 -438.1692911488474 7.000000000000224
  endloop
endfacet
facet normal 0.5605600902966325 -0.8281137513449655 -1.5175218130574902e-14
  outer loop
    vertex 428.46090207959594 -383.6437408290015 15.000000000000249
    vertex 428.29876627756414 -383.75349249014675 15.000000000000249
    vertex 428.46090207959594 -383.6437408290015 5.000000000000244
  endloop
endfacet
facet normal 0.5605600902966325 -0.8281137513449655 -1.5175218130574902e-14
  outer loop
    vertex 428.2987662775636 -383.75349249014675 5.000000000000227
    vertex 428.46090207959594 -383.6437408290015 5.000000000000244
    vertex 428.29876627756414 -383.75349249014675 15.000000000000249
  endloop
endfacet
facet normal 4.871893095017957e-16 -7.6947666176236e-16 -0.9999999999999999
  outer loop
    vertex 428.0479818650531 -384.2698373841924 15.000000000000249
    vertex 428.0850230463013 -384.07758391526 15.000000000000249
    vertex 428.06196169069665 -384.465126938188 15.000000000000249
  endloop
endfacet
facet normal 4.871893095017957e-16 -7.6947666176236e-16 -0.9999999999999999
  outer loop
    vertex 428.12600982121654 -384.65014391687276 15.000000000000249
    vertex 428.06196169069665 -384.465126938188 15.000000000000249
    vertex 428.0850230463013 -384.07758391526 15.000000000000249
  endloop
endfacet
facet normal 4.871893095017957e-16 -7.6947666176236e-16 -0.9999999999999999
  outer loop
    vertex 428.1705609391513 -383.9014682875841 15.000000000000249
    vertex 428.12600982121654 -384.65014391687276 15.000000000000249
    vertex 428.0850230463013 -384.07758391526 15.000000000000249
  endloop
endfacet
facet normal 4.871893095017957e-16 -7.6947666176236e-16 -0.9999999999999999
  outer loop
    vertex 428.2357614823625 -384.81227971890513 15.000000000000249
    vertex 428.12600982121654 -384.65014391687276 15.000000000000249
    vertex 428.1705609391513 -383.9014682875841 15.000000000000249
  endloop
endfacet
facet normal 4.871893095017957e-16 -7.6947666176236e-16 -0.9999999999999999
  outer loop
    vertex 428.29876627756414 -383.75349249014675 15.000000000000249
    vertex 428.2357614823625 -384.81227971890513 15.000000000000249
    vertex 428.1705609391513 -383.9014682875841 15.000000000000249
  endloop
endfacet
facet normal 4.871893095017957e-16 -7.6947666176236e-16 -0.9999999999999999
  outer loop
    vertex 428.38373727979945 -384.94048505731786 15.000000000000249
    vertex 428.2357614823625 -384.81227971890513 15.000000000000249
    vertex 428.29876627756414 -383.75349249014675 15.000000000000249
  endloop
endfacet
facet normal 4.871893095017957e-16 -7.6947666176236e-16 -0.9999999999999999
  outer loop
    vertex 428.46090207959594 -383.6437408290015 15.000000000000249
    vertex 428.38373727979945 -384.94048505731786 15.000000000000249
    vertex 428.29876627756414 -383.75349249014675 15.000000000000249
  endloop
endfacet
facet normal 4.871893095017957e-16 -7.6947666176236e-16 -0.9999999999999999
  outer loop
    vertex 428.55985290747464 -385.0260229501679 15.000000000000249
    vertex 428.38373727979945 -384.94048505731786 15.000000000000249
    vertex 428.46090207959594 -383.6437408290015 15.000000000000249
  endloop
endfacet
facet normal 4.871893095017957e-16 -7.6947666176236e-16 -0.9999999999999999
  outer loop
    vertex 428.6459190582811 -383.5796926984818 15.000000000000249
    vertex 428.55985290747464 -385.0260229501679 15.000000000000249
    vertex 428.46090207959594 -383.6437408290015 15.000000000000249
  endloop
endfacet
facet normal 4.871893095017957e-16 -7.6947666176236e-16 -0.9999999999999999
  outer loop
    vertex 428.75210637640737 -385.0630641314156 15.000000000000249
    vertex 428.55985290747464 -385.0260229501679 15.000000000000249
    vertex 428.6459190582811 -383.5796926984818 15.000000000000249
  endloop
endfacet
facet normal 4.871893095017957e-16 -7.6947666176236e-16 -0.9999999999999999
  outer loop
    vertex 428.84120861227655 -383.5657128728383 15.000000000000249
    vertex 428.75210637640737 -385.0630641314156 15.000000000000249
    vertex 428.6459190582811 -383.5796926984818 15.000000000000249
  endloop
endfacet
facet normal 4.871893095017957e-16 -7.6947666176236e-16 -0.9999999999999999
  outer loop
    vertex 428.9473959304028 -385.0490843057721 15.000000000000249
    vertex 428.75210637640737 -385.0630641314156 15.000000000000249
    vertex 428.84120861227655 -383.5657128728383 15.000000000000249
  endloop
endfacet
facet normal 4.871893095017957e-16 -7.6947666176236e-16 -0.9999999999999999
  outer loop
    vertex 429.0334620812093 -383.60275405408595 15.000000000000249
    vertex 428.9473959304028 -385.0490843057721 15.000000000000249
    vertex 428.84120861227655 -383.5657128728383 15.000000000000249
  endloop
endfacet
facet normal 4.871893095017957e-16 -7.6947666176236e-16 -0.9999999999999999
  outer loop
    vertex 429.1324129090882 -384.98503617525245 15.000000000000249
    vertex 428.9473959304028 -385.0490843057721 15.000000000000249
    vertex 429.0334620812093 -383.60275405408595 15.000000000000249
  endloop
endfacet
facet normal 4.871893095017957e-16 -7.6947666176236e-16 -0.9999999999999999
  outer loop
    vertex 429.2095777088845 -383.688291946936 15.000000000000249
    vertex 429.1324129090882 -384.98503617525245 15.000000000000249
    vertex 429.0334620812093 -383.60275405408595 15.000000000000249
  endloop
endfacet
facet normal 4.871893095017957e-16 -7.6947666176236e-16 -0.9999999999999999
  outer loop
    vertex 429.29454871111983 -384.8752845141071 15.000000000000249
    vertex 429.1324129090882 -384.98503617525245 15.000000000000249
    vertex 429.2095777088845 -383.688291946936 15.000000000000249
  endloop
endfacet
facet normal 4.871893095017957e-16 -7.6947666176236e-16 -0.9999999999999999
  outer loop
    vertex 429.3575535063222 -383.81649728534876 15.000000000000249
    vertex 429.29454871111983 -384.8752845141071 15.000000000000249
    vertex 429.2095777088845 -383.688291946936 15.000000000000249
  endloop
endfacet
facet normal 4.871893095017957e-16 -7.6947666176236e-16 -0.9999999999999999
  outer loop
    vertex 429.4227540495333 -384.7273087166697 15.000000000000249
    vertex 429.29454871111983 -384.8752845141071 15.000000000000249
    vertex 429.3575535063222 -383.81649728534876 15.000000000000249
  endloop
endfacet
facet normal 4.871893095017957e-16 -7.6947666176236e-16 -0.9999999999999999
  outer loop
    vertex 429.46730516746817 -383.97863308738107 15.000000000000249
    vertex 429.4227540495333 -384.7273087166697 15.000000000000249
    vertex 429.3575535063222 -383.81649728534876 15.000000000000249
  endloop
endfacet
facet normal 4.871893095017957e-16 -7.6947666176236e-16 -0.9999999999999999
  outer loop
    vertex 429.5082919423833 -384.55119308899424 15.000000000000249
    vertex 429.4227540495333 -384.7273087166697 15.000000000000249
    vertex 429.46730516746817 -383.97863308738107 15.000000000000249
  endloop
endfacet
facet normal 4.871893095017957e-16 -7.6947666176236e-16 -0.9999999999999999
  outer loop
    vertex 429.531353297987 -384.1636500660661 15.000000000000249
    vertex 429.5082919423833 -384.55119308899424 15.000000000000249
    vertex 429.46730516746817 -383.97863308738107 15.000000000000249
  endloop
endfacet
facet normal 4.871893095017957e-16 -7.6947666176236e-16 -0.9999999999999999
  outer loop
    vertex 429.5453331236303 -384.3589396200615 15.000000000000249
    vertex 429.5082919423833 -384.55119308899424 15.000000000000249
    vertex 429.531353297987 -384.1636500660661 15.000000000000249
  endloop
endfacet
facet normal 0.8251518037723657 0.5585551126041224 -0.08450258525635396
  outer loop
    vertex 426.7459692738537 -381.0327053982554 5.000000000000227
    vertex 426.42826376477564 -380.5633599962201 5.000000000000205
    vertex 426.87390995460044 -380.9191361450392 7.000000000000247
  endloop
endfacet
facet normal 0.8251518037723657 0.5585551126041224 -0.08450258525635396
  outer loop
    vertex 426.58123885821254 -380.48677400628674 7.000000000000247
    vertex 426.87390995460044 -380.9191361450392 7.000000000000247
    vertex 426.42826376477564 -380.5633599962201 5.000000000000205
  endloop
endfacet
facet normal 0.9914448613739022 -0.1305261922193548 -1.0631983340728548e-14
  outer loop
    vertex 384.14779005713126 -355.69263985679896 54.80000000000546
    vertex 384.14779005713126 -355.6926398567986 53.00000000000554
    vertex 384.22104953060943 -355.1361789098283 54.8000000000055
  endloop
endfacet
facet normal 0.9914448613739022 -0.1305261922193548 -1.0631983340728548e-14
  outer loop
    vertex 384.22104953060943 -355.1361789098283 53.00000000000554
    vertex 384.22104953060943 -355.1361789098283 54.8000000000055
    vertex 384.14779005713126 -355.6926398567986 53.00000000000554
  endloop
endfacet
facet normal 0.3826834323653674 0.9238795325111719 2.0598588441284511e-13
  outer loop
    vertex 385.74132911016153 -357.7693803833212 54.80000000000545
    vertex 385.74132911016045 -357.76938038332037 53.000000000005635
    vertex 385.2227900571324 -357.5545944749362 54.800000000005426
  endloop
endfacet
facet normal 0.3826834323653674 0.9238795325111719 2.0598588441284511e-13
  outer loop
    vertex 385.22279005713125 -357.55459447493536 53.000000000005585
    vertex 385.2227900571324 -357.5545944749362 54.800000000005426
    vertex 385.74132911016045 -357.76938038332037 53.000000000005635
  endloop
endfacet
facet normal -0.13052619221986272 0.9914448613738353 -5.8476172191913e-14
  outer loop
    vertex 386.8542510041029 -357.7693803833201 54.80000000000554
    vertex 386.8542510041018 -357.76938038332037 53.00000000000572
    vertex 386.29779005713283 -357.8426398567985 54.8000000000055
  endloop
endfacet
facet normal -0.13052619221986272 0.9914448613738353 -5.8476172191913e-14
  outer loop
    vertex 386.2977900571311 -357.84263985679877 53.00000000000568
    vertex 386.29779005713283 -357.8426398567985 54.8000000000055
    vertex 386.8542510041018 -357.76938038332037 53.00000000000572
  endloop
endfacet
facet normal 0.7933533402908689 0.6087614290091978 9.15597337309301e-14
  outer loop
    vertex 384.7775104775801 -357.2129194363499 54.800000000005426
    vertex 384.7775104775801 -357.2129194363497 53.00000000000556
    vertex 384.43583543899433 -356.7676398567991 54.800000000005426
  endloop
endfacet
facet normal 0.7933533402908689 0.6087614290091978 9.15597337309301e-14
  outer loop
    vertex 384.43583543899433 -356.76763985679884 53.00000000000554
    vertex 384.43583543899433 -356.7676398567991 54.800000000005426
    vertex 384.7775104775801 -357.2129194363497 53.00000000000556
  endloop
endfacet
facet normal 0.13052619221872003 0.9914448613739857 5.2264627352492426e-14
  outer loop
    vertex 386.29779005713283 -357.8426398567985 54.8000000000055
    vertex 386.2977900571311 -357.84263985679877 53.00000000000568
    vertex 385.74132911016153 -357.7693803833212 54.80000000000545
  endloop
endfacet
facet normal 0.13052619221872003 0.9914448613739857 5.2264627352492426e-14
  outer loop
    vertex 385.74132911016045 -357.76938038332037 53.000000000005635
    vertex 385.74132911016153 -357.7693803833212 54.80000000000545
    vertex 386.2977900571311 -357.84263985679877 53.00000000000568
  endloop
endfacet
facet normal -0.6087614290086802 0.7933533402912661 -1.6199933718247507e-13
  outer loop
    vertex 387.81806963668265 -357.21291943634907 54.80000000000563
    vertex 387.81806963668214 -357.2129194363497 53.00000000000577
    vertex 387.372790057131 -357.5545944749348 54.80000000000558
  endloop
endfacet
facet normal -0.6087614290086802 0.7933533402912661 -1.6199933718247507e-13
  outer loop
    vertex 387.372790057131 -357.55459447493536 53.00000000000572
    vertex 387.372790057131 -357.5545944749348 54.80000000000558
    vertex 387.81806963668214 -357.2129194363497 53.00000000000577
  endloop
endfacet
facet normal -0.7933533402909154 -0.6087614290091374 -1.9455582229157053e-13
  outer loop
    vertex 388.1597446752678 -354.61763985679903 54.80000000000581
    vertex 387.81806963668214 -354.1723602772482 54.80000000000581
    vertex 388.1597446752678 -354.61763985679846 53.00000000000581
  endloop
endfacet
facet normal -0.7933533402909154 -0.6087614290091374 -1.9455582229157053e-13
  outer loop
    vertex 387.81806963668214 -354.1723602772476 53.00000000000581
    vertex 388.1597446752678 -354.61763985679846 53.00000000000581
    vertex 387.81806963668214 -354.1723602772482 54.80000000000581
  endloop
endfacet
facet normal -0.6087614290094566 -0.7933533402906705 -3.0073896990035144e-14
  outer loop
    vertex 387.81806963668214 -354.1723602772482 54.80000000000581
    vertex 387.3727900571316 -353.83068523866194 54.80000000000581
    vertex 387.81806963668214 -354.1723602772476 53.00000000000581
  endloop
endfacet
facet normal -0.6087614290094566 -0.7933533402906705 -3.0073896990035144e-14
  outer loop
    vertex 387.372790057131 -353.83068523866194 53.00000000000581
    vertex 387.81806963668214 -354.1723602772476 53.00000000000581
    vertex 387.3727900571316 -353.83068523866194 54.80000000000581
  endloop
endfacet
facet normal -0.9914448613739124 -0.1305261922192758 -1.0632687511191574e-14
  outer loop
    vertex 388.44779005713093 -355.69263985679896 54.80000000000577
    vertex 388.3745305836528 -355.1361789098283 54.80000000000579
    vertex 388.44779005713093 -355.6926398567986 53.000000000005834
  endloop
endfacet
facet normal -0.9914448613739124 -0.1305261922192758 -1.0632687511191574e-14
  outer loop
    vertex 388.3745305836528 -355.1361789098283 53.000000000005834
    vertex 388.44779005713093 -355.6926398567986 53.000000000005834
    vertex 388.3745305836528 -355.1361789098283 54.80000000000579
  endloop
endfacet
facet normal 0.13052619221972744 -0.991444861373853 -1.0306188537947046e-13
  outer loop
    vertex 386.29779005713283 -353.54263985679853 54.80000000000572
    vertex 385.74132911016153 -353.61589933027693 54.800000000005674
    vertex 386.2977900571311 -353.54263985679853 53.00000000000572
  endloop
endfacet
facet normal 0.13052619221972744 -0.991444861373853 -1.0306188537947046e-13
  outer loop
    vertex 385.74132911016045 -353.61589933027693 53.00000000000568
    vertex 386.2977900571311 -353.54263985679853 53.00000000000572
    vertex 385.74132911016153 -353.61589933027693 54.800000000005674
  endloop
endfacet
facet normal -0.1305261922201393 -0.991444861373799 1.607905801697305e-14
  outer loop
    vertex 386.8542510041029 -353.6158993302773 54.80000000000577
    vertex 386.29779005713283 -353.54263985679853 54.80000000000572
    vertex 386.8542510041018 -353.61589933027693 53.00000000000577
  endloop
endfacet
facet normal -0.1305261922201393 -0.991444861373799 1.607905801697305e-14
  outer loop
    vertex 386.2977900571311 -353.54263985679853 53.00000000000572
    vertex 386.8542510041018 -353.61589933027693 53.00000000000577
    vertex 386.29779005713283 -353.54263985679853 54.80000000000572
  endloop
endfacet
facet normal -0.9914448613739084 0.13052619221930695 2.044852741076666e-14
  outer loop
    vertex 388.3745305836528 -356.2491008037693 54.80000000000572
    vertex 388.44779005713093 -355.69263985679896 54.80000000000577
    vertex 388.3745305836528 -356.24910080376907 53.00000000000581
  endloop
endfacet
facet normal -0.9914448613739084 0.13052619221930695 2.044852741076666e-14
  outer loop
    vertex 388.44779005713093 -355.6926398567986 53.000000000005834
    vertex 388.3745305836528 -356.24910080376907 53.00000000000581
    vertex 388.44779005713093 -355.69263985679896 54.80000000000577
  endloop
endfacet
facet normal -0.7933533402913039 0.608761429008631 -5.57264262476122e-14
  outer loop
    vertex 387.81806963668214 -357.2129194363497 53.00000000000577
    vertex 387.81806963668265 -357.21291943634907 54.80000000000563
    vertex 388.1597446752678 -356.76763985679855 53.00000000000581
  endloop
endfacet
facet normal -0.7933533402913039 0.608761429008631 -5.57264262476122e-14
  outer loop
    vertex 388.1597446752672 -356.76763985679884 54.800000000005674
    vertex 388.1597446752678 -356.76763985679855 53.00000000000581
    vertex 387.81806963668265 -357.21291943634907 54.80000000000563
  endloop
endfacet
facet normal 0.7933533402906155 -0.608761429009528 3.596491333552364e-13
  outer loop
    vertex 384.43583543899433 -354.6176398567988 53.000000000005585
    vertex 384.7775104775801 -354.1723602772476 53.000000000005635
    vertex 384.43583543899325 -354.61763985679846 54.80000000000554
  endloop
endfacet
facet normal 0.7933533402906155 -0.608761429009528 3.596491333552364e-13
  outer loop
    vertex 384.7775104775807 -354.17236027724647 54.80000000000558
    vertex 384.43583543899325 -354.61763985679846 54.80000000000554
    vertex 384.7775104775801 -354.1723602772476 53.000000000005635
  endloop
endfacet
facet normal -0.9238795325110422 0.38268343236568025 -8.81776503624805e-14
  outer loop
    vertex 388.1597446752672 -356.76763985679884 54.800000000005674
    vertex 388.3745305836528 -356.2491008037693 54.80000000000572
    vertex 388.1597446752678 -356.76763985679855 53.00000000000581
  endloop
endfacet
facet normal -0.9238795325110422 0.38268343236568025 -8.81776503624805e-14
  outer loop
    vertex 388.3745305836528 -356.24910080376907 53.00000000000581
    vertex 388.1597446752678 -356.76763985679855 53.00000000000581
    vertex 388.3745305836528 -356.2491008037693 54.80000000000572
  endloop
endfacet
facet normal 0.9238795325116488 -0.3826834323642156 3.206499937720832e-13
  outer loop
    vertex 384.22104953060943 -355.1361789098283 54.8000000000055
    vertex 384.22104953060943 -355.1361789098283 53.00000000000554
    vertex 384.43583543899325 -354.61763985679846 54.80000000000554
  endloop
endfacet
facet normal 0.9238795325116488 -0.3826834323642156 3.206499937720832e-13
  outer loop
    vertex 384.43583543899433 -354.6176398567988 53.000000000005585
    vertex 384.43583543899325 -354.61763985679846 54.80000000000554
    vertex 384.22104953060943 -355.1361789098283 53.00000000000554
  endloop
endfacet
facet normal -0.38268343236594565 0.9238795325109322 -1.0010646696544373e-13
  outer loop
    vertex 387.372790057131 -357.5545944749348 54.80000000000558
    vertex 387.372790057131 -357.55459447493536 53.00000000000572
    vertex 386.8542510041029 -357.7693803833201 54.80000000000554
  endloop
endfacet
facet normal -0.38268343236594565 0.9238795325109322 -1.0010646696544373e-13
  outer loop
    vertex 386.8542510041018 -357.76938038332037 53.00000000000572
    vertex 386.8542510041029 -357.7693803833201 54.80000000000554
    vertex 387.372790057131 -357.55459447493536 53.00000000000572
  endloop
endfacet
facet normal -0.38268343236534913 -0.9238795325111793 1.0120371197748676e-13
  outer loop
    vertex 387.3727900571316 -353.83068523866194 54.80000000000581
    vertex 386.8542510041029 -353.6158993302773 54.80000000000577
    vertex 387.372790057131 -353.83068523866194 53.00000000000581
  endloop
endfacet
facet normal -0.38268343236534913 -0.9238795325111793 1.0120371197748676e-13
  outer loop
    vertex 386.8542510041018 -353.61589933027693 53.00000000000577
    vertex 387.372790057131 -353.83068523866194 53.00000000000581
    vertex 386.8542510041029 -353.6158993302773 54.80000000000577
  endloop
endfacet
facet normal 0.6087614290083386 -0.7933533402915283 8.791928827205868e-14
  outer loop
    vertex 385.2227900571324 -353.83068523866143 54.80000000000564
    vertex 384.7775104775807 -354.17236027724647 54.80000000000558
    vertex 385.22279005713125 -353.83068523866194 53.000000000005635
  endloop
endfacet
facet normal 0.6087614290083386 -0.7933533402915283 8.791928827205868e-14
  outer loop
    vertex 384.7775104775801 -354.1723602772476 53.000000000005635
    vertex 385.22279005713125 -353.83068523866194 53.000000000005635
    vertex 384.7775104775807 -354.17236027724647 54.80000000000558
  endloop
endfacet
facet normal -0.9238795325112298 -0.382683432365227 -5.995143134650386e-14
  outer loop
    vertex 388.3745305836528 -355.1361789098283 53.000000000005834
    vertex 388.3745305836528 -355.1361789098283 54.80000000000579
    vertex 388.1597446752678 -354.61763985679846 53.00000000000581
  endloop
endfacet
facet normal -0.9238795325112298 -0.382683432365227 -5.995143134650386e-14
  outer loop
    vertex 388.1597446752678 -354.61763985679903 54.80000000000581
    vertex 388.1597446752678 -354.61763985679846 53.00000000000581
    vertex 388.3745305836528 -355.1361789098283 54.80000000000579
  endloop
endfacet
facet normal -6.691698782533887e-14 -1.349111161926366e-14 0.9999999999999999
  outer loop
    vertex 384.14779005713126 -355.6926398567986 53.00000000000554
    vertex 384.22104953060943 -356.24910080376907 53.00000000000554
    vertex 384.22104953060943 -355.1361789098283 53.00000000000554
  endloop
endfacet
facet normal -6.691698782533887e-14 -1.349111161926366e-14 0.9999999999999999
  outer loop
    vertex 384.43583543899433 -354.6176398567988 53.000000000005585
    vertex 384.22104953060943 -355.1361789098283 53.00000000000554
    vertex 384.22104953060943 -356.24910080376907 53.00000000000554
  endloop
endfacet
facet normal -6.691698782533887e-14 -1.349111161926366e-14 0.9999999999999999
  outer loop
    vertex 384.43583543899433 -356.76763985679884 53.00000000000554
    vertex 384.43583543899433 -354.6176398567988 53.000000000005585
    vertex 384.22104953060943 -356.24910080376907 53.00000000000554
  endloop
endfacet
facet normal -6.691698782533887e-14 -1.349111161926366e-14 0.9999999999999999
  outer loop
    vertex 384.7775104775801 -354.1723602772476 53.000000000005635
    vertex 384.43583543899433 -354.6176398567988 53.000000000005585
    vertex 384.43583543899433 -356.76763985679884 53.00000000000554
  endloop
endfacet
facet normal -6.691698782533887e-14 -1.349111161926366e-14 0.9999999999999999
  outer loop
    vertex 384.7775104775801 -357.2129194363497 53.00000000000556
    vertex 384.7775104775801 -354.1723602772476 53.000000000005635
    vertex 384.43583543899433 -356.76763985679884 53.00000000000554
  endloop
endfacet
facet normal -6.691698782533887e-14 -1.349111161926366e-14 0.9999999999999999
  outer loop
    vertex 385.22279005713125 -353.83068523866194 53.000000000005635
    vertex 384.7775104775801 -354.1723602772476 53.000000000005635
    vertex 384.7775104775801 -357.2129194363497 53.00000000000556
  endloop
endfacet
facet normal -6.691698782533887e-14 -1.349111161926366e-14 0.9999999999999999
  outer loop
    vertex 385.22279005713125 -357.55459447493536 53.000000000005585
    vertex 385.22279005713125 -353.83068523866194 53.000000000005635
    vertex 384.7775104775801 -357.2129194363497 53.00000000000556
  endloop
endfacet
facet normal -6.691698782533887e-14 -1.349111161926366e-14 0.9999999999999999
  outer loop
    vertex 385.74132911016045 -353.61589933027693 53.00000000000568
    vertex 385.22279005713125 -353.83068523866194 53.000000000005635
    vertex 385.22279005713125 -357.55459447493536 53.000000000005585
  endloop
endfacet
facet normal -6.691698782533887e-14 -1.349111161926366e-14 0.9999999999999999
  outer loop
    vertex 385.74132911016045 -357.76938038332037 53.000000000005635
    vertex 385.74132911016045 -353.61589933027693 53.00000000000568
    vertex 385.22279005713125 -357.55459447493536 53.000000000005585
  endloop
endfacet
facet normal -6.691698782533887e-14 -1.349111161926366e-14 0.9999999999999999
  outer loop
    vertex 386.2977900571311 -353.54263985679853 53.00000000000572
    vertex 385.74132911016045 -353.61589933027693 53.00000000000568
    vertex 385.74132911016045 -357.76938038332037 53.000000000005635
  endloop
endfacet
facet normal -6.691698782533887e-14 -1.349111161926366e-14 0.9999999999999999
  outer loop
    vertex 386.2977900571311 -357.84263985679877 53.00000000000568
    vertex 386.2977900571311 -353.54263985679853 53.00000000000572
    vertex 385.74132911016045 -357.76938038332037 53.000000000005635
  endloop
endfacet
facet normal -6.691698782533887e-14 -1.349111161926366e-14 0.9999999999999999
  outer loop
    vertex 386.8542510041018 -353.61589933027693 53.00000000000577
    vertex 386.2977900571311 -353.54263985679853 53.00000000000572
    vertex 386.2977900571311 -357.84263985679877 53.00000000000568
  endloop
endfacet
facet normal -6.691698782533887e-14 -1.349111161926366e-14 0.9999999999999999
  outer loop
    vertex 386.8542510041018 -357.76938038332037 53.00000000000572
    vertex 386.8542510041018 -353.61589933027693 53.00000000000577
    vertex 386.2977900571311 -357.84263985679877 53.00000000000568
  endloop
endfacet
facet normal -6.691698782533887e-14 -1.349111161926366e-14 0.9999999999999999
  outer loop
    vertex 387.372790057131 -353.83068523866194 53.00000000000581
    vertex 386.8542510041018 -353.61589933027693 53.00000000000577
    vertex 386.8542510041018 -357.76938038332037 53.00000000000572
  endloop
endfacet
facet normal -6.691698782533887e-14 -1.349111161926366e-14 0.9999999999999999
  outer loop
    vertex 387.372790057131 -357.55459447493536 53.00000000000572
    vertex 387.372790057131 -353.83068523866194 53.00000000000581
    vertex 386.8542510041018 -357.76938038332037 53.00000000000572
  endloop
endfacet
facet normal -6.691698782533887e-14 -1.349111161926366e-14 0.9999999999999999
  outer loop
    vertex 387.81806963668214 -354.1723602772476 53.00000000000581
    vertex 387.372790057131 -353.83068523866194 53.00000000000581
    vertex 387.372790057131 -357.55459447493536 53.00000000000572
  endloop
endfacet
facet normal -6.691698782533887e-14 -1.349111161926366e-14 0.9999999999999999
  outer loop
    vertex 387.81806963668214 -357.2129194363497 53.00000000000577
    vertex 387.81806963668214 -354.1723602772476 53.00000000000581
    vertex 387.372790057131 -357.55459447493536 53.00000000000572
  endloop
endfacet
facet normal -6.691698782533887e-14 -1.349111161926366e-14 0.9999999999999999
  outer loop
    vertex 388.1597446752678 -354.61763985679846 53.00000000000581
    vertex 387.81806963668214 -354.1723602772476 53.00000000000581
    vertex 387.81806963668214 -357.2129194363497 53.00000000000577
  endloop
endfacet
facet normal -6.691698782533887e-14 -1.349111161926366e-14 0.9999999999999999
  outer loop
    vertex 388.1597446752678 -356.76763985679855 53.00000000000581
    vertex 388.1597446752678 -354.61763985679846 53.00000000000581
    vertex 387.81806963668214 -357.2129194363497 53.00000000000577
  endloop
endfacet
facet normal -6.691698782533887e-14 -1.349111161926366e-14 0.9999999999999999
  outer loop
    vertex 388.3745305836528 -355.1361789098283 53.000000000005834
    vertex 388.1597446752678 -354.61763985679846 53.00000000000581
    vertex 388.1597446752678 -356.76763985679855 53.00000000000581
  endloop
endfacet
facet normal -6.691698782533887e-14 -1.349111161926366e-14 0.9999999999999999
  outer loop
    vertex 388.3745305836528 -356.24910080376907 53.00000000000581
    vertex 388.3745305836528 -355.1361789098283 53.000000000005834
    vertex 388.1597446752678 -356.76763985679855 53.00000000000581
  endloop
endfacet
facet normal -6.691698782533887e-14 -1.349111161926366e-14 0.9999999999999999
  outer loop
    vertex 388.44779005713093 -355.6926398567986 53.000000000005834
    vertex 388.3745305836528 -355.1361789098283 53.000000000005834
    vertex 388.3745305836528 -356.24910080376907 53.00000000000581
  endloop
endfacet
facet normal 0.382683432364973 -0.9238795325113351 -8.928442857828238e-14
  outer loop
    vertex 385.74132911016153 -353.61589933027693 54.800000000005674
    vertex 385.2227900571324 -353.83068523866143 54.80000000000564
    vertex 385.74132911016045 -353.61589933027693 53.00000000000568
  endloop
endfacet
facet normal 0.382683432364973 -0.9238795325113351 -8.928442857828238e-14
  outer loop
    vertex 385.22279005713125 -353.83068523866194 53.000000000005635
    vertex 385.74132911016045 -353.61589933027693 53.00000000000568
    vertex 385.2227900571324 -353.83068523866143 54.80000000000564
  endloop
endfacet
facet normal 0.99144486137397 0.13052619221883857 1.9261934306483873e-13
  outer loop
    vertex 384.22104953060887 -356.24910080376964 54.80000000000545
    vertex 384.22104953060943 -356.24910080376907 53.00000000000554
    vertex 384.14779005713126 -355.69263985679896 54.80000000000546
  endloop
endfacet
facet normal 0.99144486137397 0.13052619221883857 1.9261934306483873e-13
  outer loop
    vertex 384.14779005713126 -355.6926398567986 53.00000000000554
    vertex 384.14779005713126 -355.69263985679896 54.80000000000546
    vertex 384.22104953060943 -356.24910080376907 53.00000000000554
  endloop
endfacet
facet normal 0.6087614290087568 0.7933533402912074 6.281221624418355e-14
  outer loop
    vertex 384.7775104775801 -357.2129194363499 54.800000000005426
    vertex 385.2227900571324 -357.5545944749362 54.800000000005426
    vertex 384.7775104775801 -357.2129194363497 53.00000000000556
  endloop
endfacet
facet normal 0.6087614290087568 0.7933533402912074 6.281221624418355e-14
  outer loop
    vertex 385.22279005713125 -357.55459447493536 53.000000000005585
    vertex 384.7775104775801 -357.2129194363497 53.00000000000556
    vertex 385.2227900571324 -357.5545944749362 54.800000000005426
  endloop
endfacet
facet normal 0.9238795325111089 0.38268343236551905 2.392519085117245e-13
  outer loop
    vertex 384.43583543899433 -356.7676398567991 54.800000000005426
    vertex 384.43583543899433 -356.76763985679884 53.00000000000554
    vertex 384.22104953060887 -356.24910080376964 54.80000000000545
  endloop
endfacet
facet normal 0.9238795325111089 0.38268343236551905 2.392519085117245e-13
  outer loop
    vertex 384.22104953060943 -356.24910080376907 53.00000000000554
    vertex 384.22104953060887 -356.24910080376964 54.80000000000545
    vertex 384.43583543899433 -356.76763985679884 53.00000000000554
  endloop
endfacet
facet normal -0.9915887822527113 0.12942830799552715 4.602492584093725e-19
  outer loop
    vertex 432.92092589305594 -346.00000000000705 40.00000000000557
    vertex 432.92092589305594 -346.00000000000705 54.80000000000579
    vertex 433.59657918168085 -340.8236190979568 39.95571534380698
  endloop
endfacet
facet normal -0.9915887822527113 0.12942830799552715 4.602492584093725e-19
  outer loop
    vertex 433.59657918168085 -340.8236190979568 54.80000000000579
    vertex 433.59657918168085 -340.8236190979568 39.95571534380698
    vertex 432.92092589305594 -346.00000000000705 54.80000000000579
  endloop
endfacet
facet normal -0.1305261922200349 0.9914448613738125 -4.311689178071652e-15
  outer loop
    vertex 405.89140202061867 -437.1481456572333 54.80000000000306
    vertex 405.89140202061867 -437.14814565723356 13.500000000005667
    vertex 399.4209258930554 -438.0000000000066 54.8000000000027
  endloop
endfacet
facet normal -0.1305261922200349 0.9914448613738125 -4.311689178071652e-15
  outer loop
    vertex 399.420925893056 -438.0000000000066 13.500000000005643
    vertex 399.4209258930554 -438.0000000000066 54.8000000000027
    vertex 405.89140202061867 -437.14814565723356 13.500000000005667
  endloop
endfacet
facet normal 0.11496680963598174 -0.9933693334717575 3.6822232610083375e-14
  outer loop
    vertex 399.4209258930554 -442.6711027725275 54.800000000002335
    vertex 371.9691393452275 -445.8482134521793 54.80000000000035
    vertex 399.4209258930589 -442.6711027725289 5.000000000000205
  endloop
endfacet
facet normal 0.11496680963598174 -0.9933693334717575 3.6822232610083375e-14
  outer loop
    vertex 371.969139345231 -445.84821345218074 5.000000000000205
    vertex 399.4209258930589 -442.6711027725289 5.000000000000205
    vertex 371.9691393452275 -445.8482134521793 54.80000000000035
  endloop
endfacet
facet normal 0.13052619222003012 -0.9914448613738134 3.9887024929134265e-14
  outer loop
    vertex 407.1003723797788 -441.6600844624617 54.80000000000297
    vertex 399.4209258930554 -442.6711027725275 54.800000000002335
    vertex 407.1003723797817 -441.66008446246343 5.000000000000205
  endloop
endfacet
facet normal 0.13052619222003012 -0.9914448613738134 3.9887024929134265e-14
  outer loop
    vertex 399.4209258930589 -442.6711027725289 5.000000000000205
    vertex 407.1003723797817 -441.66008446246343 5.000000000000205
    vertex 399.4209258930554 -442.6711027725275 54.800000000002335
  endloop
endfacet
facet normal 0.6087614290086909 -0.7933533402912579 6.546842559877491e-14
  outer loop
    vertex 420.40156386878874 -433.9806379757393 54.80000000000419
    vertex 414.2564772793161 -438.6959287593087 54.8000000000036
    vertex 420.40156386879204 -433.9806379757407 5.000000000000205
  endloop
endfacet
facet normal 0.6087614290086909 -0.7933533402912579 6.546842559877491e-14
  outer loop
    vertex 414.2564772793197 -438.6959287593101 5.000000000000205
    vertex 420.40156386879204 -433.9806379757407 5.000000000000205
    vertex 414.2564772793161 -438.6959287593087 54.8000000000036
  endloop
endfacet
facet normal 0.9914448613738058 -0.13052619222008635 7.370425360302044e-14
  outer loop
    vertex 428.0810103555143 -420.679446486731 5.000000000000205
    vertex 429.0920286655805 -413.00000000000824 5.000000000000205
    vertex 428.0810103555109 -420.6794464867292 54.800000000005
  endloop
endfacet
facet normal 0.9914448613738058 -0.13052619222008635 7.370425360302044e-14
  outer loop
    vertex 429.09202866557695 -413.0000000000065 54.80000000000518
    vertex 428.0810103555109 -420.6794464867292 54.800000000005
    vertex 429.0920286655805 -413.00000000000824 5.000000000000205
  endloop
endfacet
facet normal -0.38549665571348707 0.9227092328755128 -1.1678554569779898e-18
  outer loop
    vertex 442.83537450679376 -328.6794919243185 54.80000000000579
    vertex 447.6177268746807 -326.6814834742256 54.80000000000579
    vertex 442.83537450679376 -328.6794919243185 39.350172705957675
  endloop
endfacet
facet normal -0.38549665571348707 0.9227092328755128 -1.1678554569779898e-18
  outer loop
    vertex 447.6177268746807 -326.6814834742256 39.03672077136366
    vertex 442.83537450679376 -328.6794919243185 39.350172705957675
    vertex 447.6177268746807 -326.6814834742256 54.80000000000579
  endloop
endfacet
facet normal -0.6120518833399937 0.7908176098823083 -7.047650898731914e-18
  outer loop
    vertex 438.72867542753204 -331.85786437627587 54.80000000000579
    vertex 442.83537450679376 -328.6794919243185 54.80000000000579
    vertex 438.72867542753204 -331.85786437627587 39.619339984352465
  endloop
endfacet
facet normal -0.6120518833399937 0.7908176098823083 -7.047650898731914e-18
  outer loop
    vertex 442.83537450679376 -328.6794919243185 39.350172705957675
    vertex 438.72867542753204 -331.85786437627587 39.619339984352465
    vertex 442.83537450679376 -328.6794919243185 54.80000000000579
  endloop
endfacet
facet normal -0.7933533402912079 0.6087614290087563 4.1543167103114666e-15
  outer loop
    vertex 417.0985954227188 -430.6776695296711 54.80000000000351
    vertex 421.07156098766694 -425.5000000000068 54.8000000000036
    vertex 417.0985954227188 -430.6776695296708 13.500000000005643
  endloop
endfacet
facet normal -0.7933533402912079 0.6087614290087563 4.1543167103114666e-15
  outer loop
    vertex 421.07156098766694 -425.50000000000654 13.500000000005643
    vertex 417.0985954227188 -430.6776695296708 13.500000000005643
    vertex 421.07156098766694 -425.5000000000068 54.8000000000036
  endloop
endfacet
facet normal -0.6087614290087227 0.7933533402912338 2.706458890623547e-15
  outer loop
    vertex 417.0985954227188 -430.6776695296711 54.80000000000351
    vertex 417.0985954227188 -430.6776695296708 13.500000000005643
    vertex 411.9209258930555 -434.650635094618 54.80000000000333
  endloop
endfacet
facet normal -0.6087614290087227 0.7933533402912338 2.706458890623547e-15
  outer loop
    vertex 411.9209258930555 -434.650635094618 13.500000000005643
    vertex 411.9209258930555 -434.650635094618 54.80000000000333
    vertex 417.0985954227188 -430.6776695296708 13.500000000005643
  endloop
endfacet
facet normal 0.942798701810341 -0.3333625771809663 -1.0507434243128713e-14
  outer loop
    vertex 452.749823120537 -330.000000000007 38.700345411909375
    vertex 429.09202866557587 -396.9077437799108 5.000000000000882
    vertex 452.749823120537 -330.00000000000637 5.000000000000205
  endloop
endfacet
facet normal 0.942798701810341 -0.3333625771809663 -1.0507434243128713e-14
  outer loop
    vertex 429.09202866557695 -396.9077437799108 54.800000000006484
    vertex 429.09202866557587 -396.9077437799108 5.000000000000882
    vertex 452.749823120537 -330.00000000000637 54.80000000000579
  endloop
endfacet
facet normal 0.942798701810341 -0.3333625771809663 -1.0507434243128713e-14
  outer loop
    vertex 452.749823120537 -330.000000000007 38.700345411909375
    vertex 452.749823120537 -330.00000000000637 54.80000000000579
    vertex 429.09202866557587 -396.9077437799108 5.000000000000882
  endloop
endfacet
facet normal 0.9238795325113035 -0.3826834323650491 7.771616901097421e-14
  outer loop
    vertex 425.11685465236167 -427.8355513862687 5.000000000000205
    vertex 428.0810103555143 -420.679446486731 5.000000000000205
    vertex 425.11685465235814 -427.835551386267 54.80000000000464
  endloop
endfacet
facet normal 0.9238795325113035 -0.3826834323650491 7.771616901097421e-14
  outer loop
    vertex 428.0810103555109 -420.6794464867292 54.800000000005
    vertex 425.11685465235814 -427.835551386267 54.80000000000464
    vertex 428.0810103555143 -420.679446486731 5.000000000000205
  endloop
endfacet
facet normal 0.3826834323650944 -0.9238795325112849 5.401718060580604e-14
  outer loop
    vertex 414.2564772793161 -438.6959287593087 54.8000000000036
    vertex 407.1003723797788 -441.6600844624617 54.80000000000297
    vertex 414.2564772793197 -438.6959287593101 5.000000000000205
  endloop
endfacet
facet normal 0.3826834323650944 -0.9238795325112849 5.401718060580604e-14
  outer loop
    vertex 407.1003723797817 -441.66008446246343 5.000000000000205
    vertex 414.2564772793197 -438.6959287593101 5.000000000000205
    vertex 407.1003723797788 -441.6600844624617 54.80000000000297
  endloop
endfacet
facet normal 0.7933533402912385 -0.6087614290087163 7.471990383104163e-14
  outer loop
    vertex 420.40156386879204 -433.9806379757407 5.000000000000205
    vertex 425.11685465236167 -427.8355513862687 5.000000000000205
    vertex 420.40156386878874 -433.9806379757393 54.80000000000419
  endloop
endfacet
facet normal 0.7933533402912385 -0.6087614290087163 7.471990383104163e-14
  outer loop
    vertex 425.11685465235814 -427.835551386267 54.80000000000464
    vertex 420.40156386878874 -433.9806379757393 54.80000000000419
    vertex 425.11685465236167 -427.8355513862687 5.000000000000205
  endloop
endfacet
facet normal -0.38268343236505736 0.9238795325113002 -3.15252823177357e-15
  outer loop
    vertex 411.9209258930555 -434.650635094618 54.80000000000333
    vertex 411.9209258930555 -434.650635094618 13.500000000005643
    vertex 405.89140202061867 -437.1481456572333 54.80000000000306
  endloop
endfacet
facet normal -0.38268343236505736 0.9238795325113002 -3.15252823177357e-15
  outer loop
    vertex 405.89140202061867 -437.14814565723356 13.500000000005667
    vertex 405.89140202061867 -437.1481456572333 54.80000000000306
    vertex 411.9209258930555 -434.650635094618 13.500000000005643
  endloop
endfacet
facet normal -0.9971039821919783 0.07605030372653859 3.019561268446247e-18
  outer loop
    vertex 424.4209258930555 -413.00000000000676 13.500000000005638
    vertex 424.4209258930555 -413.00000000000676 54.800000000003465
    vertex 425.71753606254754 -396.0000000000069 17.542372881361302
  endloop
endfacet
facet normal -0.9971039821919783 0.07605030372653859 3.019561268446247e-18
  outer loop
    vertex 425.71753606254754 -396.0000000000069 54.80000000000579
    vertex 425.71753606254754 -396.0000000000069 17.542372881361302
    vertex 424.4209258930555 -413.00000000000676 54.800000000003465
  endloop
endfacet
facet normal -0.923879532511314 0.38268343236502383 2.6149845640917045e-15
  outer loop
    vertex 421.07156098766694 -425.5000000000068 54.8000000000036
    vertex 423.56907155028216 -419.47047612756984 54.8000000000036
    vertex 421.07156098766694 -425.50000000000654 13.500000000005643
  endloop
endfacet
facet normal -0.923879532511314 0.38268343236502383 2.6149845640917045e-15
  outer loop
    vertex 423.56907155028216 -419.4704761275696 13.500000000005667
    vertex 421.07156098766694 -425.50000000000654 13.500000000005643
    vertex 423.56907155028216 -419.47047612756984 54.8000000000036
  endloop
endfacet
facet normal -0.7958697929112168 0.6054678131258974 5.85586297725529e-15
  outer loop
    vertex 435.5774943925066 -336.00000000000733 54.80000000000579
    vertex 438.72867542753204 -331.85786437627587 54.80000000000579
    vertex 435.5774943925066 -336.00000000000705 39.82587930134571
  endloop
endfacet
facet normal -0.7958697929112168 0.6054678131258974 5.85586297725529e-15
  outer loop
    vertex 438.72867542753204 -331.85786437627587 39.619339984352465
    vertex 435.5774943925066 -336.00000000000705 39.82587930134571
    vertex 438.72867542753204 -331.85786437627587 54.80000000000579
  endloop
endfacet
facet normal 0.9999999999999999 1.4299378647013448e-13 2.4462359848602893e-14
  outer loop
    vertex 429.0920286655805 -413.00000000000824 5.000000000000205
    vertex 429.09202866557587 -396.9077437799108 5.000000000000882
    vertex 429.09202866557695 -413.0000000000065 54.80000000000518
  endloop
endfacet
facet normal 0.9999999999999999 1.4299378647013448e-13 2.4462359848602893e-14
  outer loop
    vertex 429.09202866557695 -396.9077437799108 54.800000000006484
    vertex 429.09202866557695 -413.0000000000065 54.80000000000518
    vertex 429.09202866557587 -396.9077437799108 5.000000000000882
  endloop
endfacet
facet normal -0.9788824500777087 0.20442394412069828 0.0
  outer loop
    vertex 427.15821402864907 -387.0033342331058 22.033898305090137
    vertex 427.15821402864907 -387.0033342331058 54.80000000000579
    vertex 428.5988919947509 -380.1046591131407 26.525423728819007
  endloop
endfacet
facet normal -0.9788824500777087 0.20442394412069828 0.0
  outer loop
    vertex 428.5988919947509 -380.1046591131407 54.80000000000579
    vertex 428.5988919947509 -380.1046591131407 26.525423728819007
    vertex 427.15821402864907 -387.0033342331058 54.80000000000579
  endloop
endfacet
facet normal 0.5429915588702191 0.8397381538287334 -1.5622418542121822e-14
  outer loop
    vertex 447.6177268746807 -326.6814834742256 54.80000000000579
    vertex 452.749823120537 -330.00000000000637 54.80000000000579
    vertex 447.6177268746807 -326.6814834742256 39.03672077136366
  endloop
endfacet
facet normal 0.5429915588702191 0.8397381538287334 -1.5622418542121822e-14
  outer loop
    vertex 452.749823120537 -330.000000000007 38.700345411909375
    vertex 447.6177268746807 -326.6814834742256 39.03672077136366
    vertex 452.749823120537 -330.00000000000637 54.80000000000579
  endloop
endfacet
facet normal -0.9914448613738096 0.13052619222005893 4.460540360411537e-16
  outer loop
    vertex 423.56907155028216 -419.47047612756984 54.8000000000036
    vertex 424.4209258930555 -413.00000000000676 54.800000000003465
    vertex 423.56907155028216 -419.4704761275696 13.500000000005667
  endloop
endfacet
facet normal -0.9914448613738096 0.13052619222005893 4.460540360411537e-16
  outer loop
    vertex 424.4209258930555 -413.00000000000676 13.500000000005638
    vertex 423.56907155028216 -419.4704761275696 13.500000000005667
    vertex 424.4209258930555 -413.00000000000676 54.800000000003465
  endloop
endfacet
facet normal -0.9874198807019047 0.15812014164753418 1.789081776612999e-18
  outer loop
    vertex 425.71753606254754 -396.0000000000069 17.542372881361302
    vertex 425.71753606254754 -396.0000000000069 54.80000000000579
    vertex 427.15821402864907 -387.0033342331058 22.033898305090137
  endloop
endfacet
facet normal -0.9874198807019047 0.15812014164753418 1.789081776612999e-18
  outer loop
    vertex 427.15821402864907 -387.0033342331058 54.80000000000579
    vertex 427.15821402864907 -387.0033342331058 22.033898305090137
    vertex 425.71753606254754 -396.0000000000069 54.80000000000579
  endloop
endfacet
facet normal 0.0 0.9999999999999999 0.0
  outer loop
    vertex 399.4209258930554 -438.0000000000066 54.8000000000027
    vertex 399.420925893056 -438.0000000000066 13.500000000005643
    vertex 371.9691393452275 -438.0000000000066 54.80000000000107
  endloop
endfacet
facet normal 0.0 0.9999999999999999 0.0
  outer loop
    vertex 371.9691393452304 -438.0000000000066 13.500000000005688
    vertex 371.9691393452275 -438.0000000000066 54.80000000000107
    vertex 399.420925893056 -438.0000000000066 13.500000000005643
  endloop
endfacet
facet normal -0.9999999999999999 0.0 0.0
  outer loop
    vertex 432.92092589305594 -350.00000000000705 40.00000000000557
    vertex 432.92092589305594 -350.00000000000705 54.80000000000579
    vertex 432.92092589305594 -346.00000000000705 40.00000000000557
  endloop
endfacet
facet normal -0.9999999999999999 0.0 0.0
  outer loop
    vertex 432.92092589305594 -346.00000000000705 54.80000000000579
    vertex 432.92092589305594 -346.00000000000705 40.00000000000557
    vertex 432.92092589305594 -350.00000000000705 54.80000000000579
  endloop
endfacet
facet normal -0.9874290251033624 0.1580630266173062 1.1732414987913403e-18
  outer loop
    vertex 430.0395699608525 -373.00000000000693 31.016949152547856
    vertex 430.0395699608525 -373.00000000000693 54.80000000000579
    vertex 431.48024792695423 -364.0000000000073 35.508474576276704
  endloop
endfacet
facet normal -0.9874290251033624 0.1580630266173062 1.1732414987913403e-18
  outer loop
    vertex 431.48024792695423 -364.0000000000073 54.80000000000579
    vertex 431.48024792695423 -364.0000000000073 35.508474576276704
    vertex 430.0395699608525 -373.00000000000693 54.80000000000579
  endloop
endfacet
facet normal -0.9947469062583957 0.10236499640673433 -1.5496194613958742e-18
  outer loop
    vertex 431.48024792695423 -364.0000000000073 35.508474576276704
    vertex 431.48024792695423 -364.0000000000073 54.80000000000579
    vertex 432.92092589305594 -350.00000000000705 40.00000000000557
  endloop
endfacet
facet normal -0.9947469062583957 0.10236499640673433 -1.5496194613958742e-18
  outer loop
    vertex 432.92092589305594 -350.00000000000705 54.80000000000579
    vertex 432.92092589305594 -350.00000000000705 40.00000000000557
    vertex 431.48024792695423 -364.0000000000073 54.80000000000579
  endloop
endfacet
facet normal -0.925034244356609 0.3798837279584339 3.753501531434979e-15
  outer loop
    vertex 433.59657918168085 -340.8236190979568 39.95571534380698
    vertex 433.59657918168085 -340.8236190979568 54.80000000000579
    vertex 435.5774943925066 -336.00000000000705 39.82587930134571
  endloop
endfacet
facet normal -0.925034244356609 0.3798837279584339 3.753501531434979e-15
  outer loop
    vertex 435.5774943925066 -336.00000000000733 54.80000000000579
    vertex 435.5774943925066 -336.00000000000705 39.82587930134571
    vertex 433.59657918168085 -340.8236190979568 54.80000000000579
  endloop
endfacet
facet normal -0.9999999999999999 1.7972006388008505e-15 -6.987638219121162e-14
  outer loop
    vertex 371.9691393452275 -445.8482134521793 54.80000000000035
    vertex 371.9691393452304 -437.60814700233084 10.523580981326727
    vertex 371.969139345231 -445.84821345218074 5.000000000000205
  endloop
endfacet
facet normal -0.9999999999999999 1.7972006388008505e-15 -6.987638219121162e-14
  outer loop
    vertex 371.969139345231 -436.4592921435276 7.75000000000571
    vertex 371.969139345231 -445.84821345218074 5.000000000000205
    vertex 371.9691393452304 -437.60814700233084 10.523580981326727
  endloop
endfacet
facet normal -0.9999999999999999 1.7972006388008505e-15 -6.987638219121162e-14
  outer loop
    vertex 371.969139345231 -434.63172798365196 5.3682720163605575
    vertex 371.969139345231 -445.84821345218074 5.000000000000205
    vertex 371.969139345231 -436.4592921435276 7.75000000000571
  endloop
endfacet
facet normal -0.9999999999999999 1.7972006388008505e-15 -6.987638219121162e-14
  outer loop
    vertex 371.969139345231 -434.15178654782403 5.000000000000205
    vertex 371.969139345231 -445.84821345218074 5.000000000000205
    vertex 371.969139345231 -434.63172798365196 5.3682720163605575
  endloop
endfacet
facet normal -0.9999999999999999 1.7972006388008505e-15 -6.987638219121162e-14
  outer loop
    vertex 371.9691393452304 -438.0000000000066 13.500000000005688
    vertex 371.9691393452304 -437.60814700233084 10.523580981326727
    vertex 371.9691393452275 -445.8482134521793 54.80000000000035
  endloop
endfacet
facet normal -0.9999999999999999 1.7972006388008505e-15 -6.987638219121162e-14
  outer loop
    vertex 371.9691393452304 -438.0000000000066 13.500000000005688
    vertex 371.9691393452275 -445.8482134521793 54.80000000000035
    vertex 371.9691393452275 -438.0000000000066 54.80000000000107
  endloop
endfacet
facet normal -0.3826834323658374 0.9238795325109771 -6.357563475499995e-14
  outer loop
    vertex 442.0011863900492 -346.64953183646986 54.80000000000613
    vertex 442.0011863900475 -346.649531836471 53.00000000000608
    vertex 441.4826473370194 -346.86431774485567 54.800000000006094
  endloop
endfacet
facet normal -0.3826834323658374 0.9238795325109771 -6.357563475499995e-14
  outer loop
    vertex 441.48264733701825 -346.864317744856 53.00000000000604
    vertex 441.4826473370194 -346.86431774485567 54.800000000006094
    vertex 442.0011863900475 -346.649531836471 53.00000000000608
  endloop
endfacet
facet normal 0.9238795325114925 -0.38268343236459285 1.3093628580781063e-13
  outer loop
    vertex 438.8494458635259 -344.2311162713642 54.800000000005944
    vertex 438.8494458635259 -344.2311162713639 53.000000000005905
    vertex 439.0642317719102 -343.7125772183344 54.800000000005944
  endloop
endfacet
facet normal 0.9238795325114925 -0.38268343236459285 1.3093628580781063e-13
  outer loop
    vertex 439.0642317719109 -343.7125772183344 53.000000000005926
    vertex 439.0642317719102 -343.7125772183344 54.800000000005944
    vertex 438.8494458635259 -344.2311162713639 53.000000000005905
  endloop
endfacet
facet normal -0.793353340291059 0.6087614290089503 8.960356560856729e-14
  outer loop
    vertex 442.44646596959853 -346.30785679788534 53.00000000000613
    vertex 442.44646596959916 -346.3078567978847 54.80000000000617
    vertex 442.78814100818414 -345.8625772183342 53.00000000000614
  endloop
endfacet
facet normal -0.793353340291059 0.6087614290089503 8.960356560856729e-14
  outer loop
    vertex 442.78814100818414 -345.8625772183345 54.800000000006214
    vertex 442.78814100818414 -345.8625772183342 53.00000000000614
    vertex 442.44646596959916 -346.3078567978847 54.80000000000617
  endloop
endfacet
facet normal -0.7933533402909659 -0.6087614290090714 -1.4877580759233208e-13
  outer loop
    vertex 442.78814100818414 -343.71257721833473 54.800000000006214
    vertex 442.44646596959853 -343.2672976387836 54.800000000006186
    vertex 442.78814100818414 -343.7125772183341 53.000000000006175
  endloop
endfacet
facet normal -0.7933533402909659 -0.6087614290090714 -1.4877580759233208e-13
  outer loop
    vertex 442.44646596959853 -343.2672976387833 53.000000000006175
    vertex 442.78814100818414 -343.7125772183341 53.000000000006175
    vertex 442.44646596959853 -343.2672976387836 54.800000000006186
  endloop
endfacet
facet normal 0.6087614290086105 -0.7933533402913197 -6.91148787780912e-14
  outer loop
    vertex 439.85118639004827 -342.9256226001976 54.80000000000604
    vertex 439.40590681049713 -343.2672976387827 54.800000000005994
    vertex 439.85118639004764 -342.9256226001976 53.000000000006
  endloop
endfacet
facet normal 0.6087614290086105 -0.7933533402913197 -6.91148787780912e-14
  outer loop
    vertex 439.40590681049656 -343.2672976387833 53.00000000000595
    vertex 439.85118639004764 -342.9256226001976 53.000000000006
    vertex 439.40590681049713 -343.2672976387827 54.800000000005994
  endloop
endfacet
facet normal 0.9914448613738296 -0.1305261922199053 1.428821849000121e-13
  outer loop
    vertex 438.77618639004714 -344.7875772183349 54.800000000005944
    vertex 438.77618639004777 -344.78757721833426 53.000000000005905
    vertex 438.8494458635259 -344.2311162713642 54.800000000005944
  endloop
endfacet
facet normal 0.9914448613738296 -0.1305261922199053 1.428821849000121e-13
  outer loop
    vertex 438.8494458635259 -344.2311162713639 53.000000000005905
    vertex 438.8494458635259 -344.2311162713642 54.800000000005944
    vertex 438.77618639004777 -344.78757721833426 53.000000000005905
  endloop
endfacet
facet normal 0.1305261922193439 -0.9914448613739035 5.6839729609485e-14
  outer loop
    vertex 440.9261863900487 -342.63757721833423 54.80000000000608
    vertex 440.3697254430785 -342.710836691812 54.80000000000606
    vertex 440.9261863900476 -342.63757721833423 53.00000000000608
  endloop
endfacet
facet normal 0.1305261922193439 -0.9914448613739035 5.6839729609485e-14
  outer loop
    vertex 440.3697254430769 -342.71083669181263 53.00000000000604
    vertex 440.9261863900476 -342.63757721833423 53.00000000000608
    vertex 440.3697254430785 -342.710836691812 54.80000000000606
  endloop
endfacet
facet normal -0.6087614290089909 -0.793353340291028 -1.2429406672428594e-13
  outer loop
    vertex 442.44646596959853 -343.2672976387836 54.800000000006186
    vertex 442.0011863900475 -342.92562260019787 54.80000000000617
    vertex 442.44646596959853 -343.2672976387833 53.000000000006175
  endloop
endfacet
facet normal -0.6087614290089909 -0.793353340291028 -1.2429406672428594e-13
  outer loop
    vertex 442.0011863900475 -342.9256226001976 53.00000000000613
    vertex 442.44646596959853 -343.2672976387833 53.000000000006175
    vertex 442.0011863900475 -342.92562260019787 54.80000000000617
  endloop
endfacet
facet normal 0.7933533402909808 0.608761429009052 2.479605550198141e-13
  outer loop
    vertex 439.40590681049656 -346.3078567978862 54.800000000005966
    vertex 439.40590681049656 -346.30785679788534 53.000000000005905
    vertex 439.0642317719109 -345.86257721833505 54.800000000005944
  endloop
endfacet
facet normal 0.7933533402909808 0.608761429009052 2.479605550198141e-13
  outer loop
    vertex 439.0642317719109 -345.8625772183345 53.000000000005905
    vertex 439.0642317719109 -345.86257721833505 54.800000000005944
    vertex 439.40590681049656 -346.30785679788534 53.000000000005905
  endloop
endfacet
facet normal 0.3826834323653671 0.9238795325111719 -7.884784220493454e-14
  outer loop
    vertex 440.3697254430785 -346.8643177448566 54.80000000000604
    vertex 440.3697254430769 -346.864317744856 53.000000000006
    vertex 439.8511863900494 -346.6495318364716 54.800000000005994
  endloop
endfacet
facet normal 0.3826834323653671 0.9238795325111719 -7.884784220493454e-14
  outer loop
    vertex 439.85118639004764 -346.649531836471 53.00000000000595
    vertex 439.8511863900494 -346.6495318364716 54.800000000005994
    vertex 440.3697254430769 -346.864317744856 53.000000000006
  endloop
endfacet
facet normal 0.9238795325111683 0.3826834323653758 2.580310069706806e-13
  outer loop
    vertex 439.0642317719109 -345.86257721833505 54.800000000005944
    vertex 439.0642317719109 -345.8625772183345 53.000000000005905
    vertex 438.84944586352515 -345.34403816530494 54.800000000005944
  endloop
endfacet
facet normal 0.9238795325111683 0.3826834323653758 2.580310069706806e-13
  outer loop
    vertex 438.8494458635259 -345.3440381653047 53.000000000005905
    vertex 438.84944586352515 -345.34403816530494 54.800000000005944
    vertex 439.0642317719109 -345.8625772183345 53.000000000005905
  endloop
endfacet
facet normal -0.9914448613738935 -0.13052619221941977 -3.108177965852174e-14
  outer loop
    vertex 443.07618639004727 -344.78757721833455 54.800000000006214
    vertex 443.0029269165692 -344.2311162713645 54.800000000006214
    vertex 443.07618639004727 -344.78757721833426 53.000000000006175
  endloop
endfacet
facet normal -0.9914448613738935 -0.13052619221941977 -3.108177965852174e-14
  outer loop
    vertex 443.0029269165692 -344.2311162713639 53.000000000006175
    vertex 443.07618639004727 -344.78757721833426 53.000000000006175
    vertex 443.0029269165692 -344.2311162713645 54.800000000006214
  endloop
endfacet
facet normal -0.6087614290091157 0.7933533402909321 1.8903276556204156e-14
  outer loop
    vertex 442.44646596959916 -346.3078567978847 54.80000000000617
    vertex 442.44646596959853 -346.30785679788534 53.00000000000613
    vertex 442.0011863900492 -346.64953183646986 54.80000000000613
  endloop
endfacet
facet normal -0.6087614290091157 0.7933533402909321 1.8903276556204156e-14
  outer loop
    vertex 442.0011863900475 -346.649531836471 53.00000000000608
    vertex 442.0011863900492 -346.64953183646986 54.80000000000613
    vertex 442.44646596959853 -346.30785679788534 53.00000000000613
  endloop
endfacet
facet normal 0.6087614290080374 0.7933533402917593 1.7963221523700396e-14
  outer loop
    vertex 439.8511863900494 -346.6495318364716 54.800000000005994
    vertex 439.85118639004764 -346.649531836471 53.00000000000595
    vertex 439.40590681049656 -346.3078567978862 54.800000000005966
  endloop
endfacet
facet normal 0.6087614290080374 0.7933533402917593 1.7963221523700396e-14
  outer loop
    vertex 439.40590681049656 -346.30785679788534 53.000000000005905
    vertex 439.40590681049656 -346.3078567978862 54.800000000005966
    vertex 439.85118639004764 -346.649531836471 53.00000000000595
  endloop
endfacet
facet normal -0.3826834323659314 -0.9238795325109381 5.522749113971286e-14
  outer loop
    vertex 442.0011863900475 -342.92562260019787 54.80000000000617
    vertex 441.4826473370194 -342.71083669181263 54.80000000000613
    vertex 442.0011863900475 -342.9256226001976 53.00000000000613
  endloop
endfacet
facet normal -0.3826834323659314 -0.9238795325109381 5.522749113971286e-14
  outer loop
    vertex 441.48264733701825 -342.71083669181263 53.00000000000608
    vertex 442.0011863900475 -342.9256226001976 53.00000000000613
    vertex 441.4826473370194 -342.71083669181263 54.80000000000613
  endloop
endfacet
facet normal 0.9914448613738933 0.1305261922194224 3.7982472507752445e-13
  outer loop
    vertex 438.84944586352515 -345.34403816530494 54.800000000005944
    vertex 438.8494458635259 -345.3440381653047 53.000000000005905
    vertex 438.77618639004714 -344.7875772183349 54.800000000005944
  endloop
endfacet
facet normal 0.9914448613738933 0.1305261922194224 3.7982472507752445e-13
  outer loop
    vertex 438.77618639004777 -344.78757721833426 53.000000000005905
    vertex 438.77618639004714 -344.7875772183349 54.800000000005944
    vertex 438.8494458635259 -345.3440381653047 53.000000000005905
  endloop
endfacet
facet normal -0.9238795325113318 -0.3826834323649808 -1.247008878362596e-13
  outer loop
    vertex 443.0029269165692 -344.2311162713645 54.800000000006214
    vertex 442.78814100818414 -343.71257721833473 54.800000000006214
    vertex 443.0029269165692 -344.2311162713639 53.000000000006175
  endloop
endfacet
facet normal -0.9238795325113318 -0.3826834323649808 -1.247008878362596e-13
  outer loop
    vertex 442.78814100818414 -343.7125772183341 53.000000000006175
    vertex 443.0029269165692 -344.2311162713639 53.000000000006175
    vertex 442.78814100818414 -343.71257721833473 54.800000000006214
  endloop
endfacet
facet normal -0.13052619221979508 0.9914448613738441 -7.646978981279497e-14
  outer loop
    vertex 441.4826473370194 -346.86431774485567 54.800000000006094
    vertex 441.48264733701825 -346.864317744856 53.00000000000604
    vertex 440.9261863900487 -346.93757721833407 54.80000000000606
  endloop
endfacet
facet normal -0.13052619221979508 0.9914448613738441 -7.646978981279497e-14
  outer loop
    vertex 440.9261863900476 -346.9375772183344 53.000000000006
    vertex 440.9261863900487 -346.93757721833407 54.80000000000606
    vertex 441.48264733701825 -346.864317744856 53.00000000000604
  endloop
endfacet
facet normal -0.9914448613738979 0.13052619221938855 2.126551678993455e-14
  outer loop
    vertex 443.0029269165692 -345.34403816530494 54.800000000006214
    vertex 443.07618639004727 -344.78757721833455 54.800000000006214
    vertex 443.0029269165692 -345.3440381653047 53.000000000006175
  endloop
endfacet
facet normal -0.9914448613738979 0.13052619221938855 2.126551678993455e-14
  outer loop
    vertex 443.07618639004727 -344.78757721833426 53.000000000006175
    vertex 443.0029269165692 -345.3440381653047 53.000000000006175
    vertex 443.07618639004727 -344.78757721833455 54.800000000006214
  endloop
endfacet
facet normal -0.9238795325112553 0.38268343236516533 6.2345931692586e-14
  outer loop
    vertex 442.78814100818414 -345.8625772183345 54.800000000006214
    vertex 443.0029269165692 -345.34403816530494 54.800000000006214
    vertex 442.78814100818414 -345.8625772183342 53.00000000000614
  endloop
endfacet
facet normal -0.9238795325112553 0.38268343236516533 6.2345931692586e-14
  outer loop
    vertex 443.0029269165692 -345.3440381653047 53.000000000006175
    vertex 442.78814100818414 -345.8625772183342 53.00000000000614
    vertex 443.0029269165692 -345.34403816530494 54.800000000006214
  endloop
endfacet
facet normal 0.13052619221910677 0.9914448613739347 -3.0141759983683766e-14
  outer loop
    vertex 440.9261863900487 -346.93757721833407 54.80000000000606
    vertex 440.9261863900476 -346.9375772183344 53.000000000006
    vertex 440.3697254430785 -346.8643177448566 54.80000000000604
  endloop
endfacet
facet normal 0.13052619221910677 0.9914448613739347 -3.0141759983683766e-14
  outer loop
    vertex 440.3697254430769 -346.864317744856 53.000000000006
    vertex 440.3697254430785 -346.8643177448566 54.80000000000604
    vertex 440.9261863900476 -346.9375772183344 53.000000000006
  endloop
endfacet
facet normal -0.13052619221979508 -0.9914448613738441 8.506826775867863e-14
  outer loop
    vertex 441.4826473370194 -342.71083669181263 54.80000000000613
    vertex 440.9261863900487 -342.63757721833423 54.80000000000608
    vertex 441.48264733701825 -342.71083669181263 53.00000000000608
  endloop
endfacet
facet normal -0.13052619221979508 -0.9914448613738441 8.506826775867863e-14
  outer loop
    vertex 440.9261863900476 -342.63757721833423 53.00000000000608
    vertex 441.48264733701825 -342.71083669181263 53.00000000000608
    vertex 440.9261863900487 -342.63757721833423 54.80000000000608
  endloop
endfacet
facet normal 0.38268343236546104 -0.923879532511133 -9.887427211664634e-14
  outer loop
    vertex 440.3697254430785 -342.710836691812 54.80000000000606
    vertex 439.85118639004827 -342.9256226001976 54.80000000000604
    vertex 440.3697254430769 -342.71083669181263 53.00000000000604
  endloop
endfacet
facet normal 0.38268343236546104 -0.923879532511133 -9.887427211664634e-14
  outer loop
    vertex 439.85118639004764 -342.9256226001976 53.000000000006
    vertex 440.3697254430769 -342.71083669181263 53.00000000000604
    vertex 439.85118639004827 -342.9256226001976 54.80000000000604
  endloop
endfacet
facet normal 0.7933533402907517 -0.6087614290093506 1.1907633870734459e-13
  outer loop
    vertex 439.0642317719102 -343.7125772183344 54.800000000005944
    vertex 439.0642317719109 -343.7125772183344 53.000000000005926
    vertex 439.40590681049713 -343.2672976387827 54.800000000005994
  endloop
endfacet
facet normal 0.7933533402907517 -0.6087614290093506 1.1907633870734459e-13
  outer loop
    vertex 439.40590681049656 -343.2672976387833 53.00000000000595
    vertex 439.40590681049713 -343.2672976387827 54.800000000005994
    vertex 439.0642317719109 -343.7125772183344 53.000000000005926
  endloop
endfacet
facet normal -0.9800533538324895 0.19873455573122936 0.0
  outer loop
    vertex 428.5988919947509 -380.1046591131407 26.525423728819007
    vertex 428.5988919947509 -380.1046591131407 54.80000000000579
    vertex 430.0395699608525 -373.00000000000693 31.016949152547856
  endloop
endfacet
facet normal -0.9800533538324895 0.19873455573122936 0.0
  outer loop
    vertex 430.0395699608525 -373.00000000000693 54.80000000000579
    vertex 430.0395699608525 -373.00000000000693 31.016949152547856
    vertex 428.5988919947509 -380.1046591131407 54.80000000000579
  endloop
endfacet
facet normal 8.018792930512275e-16 -3.8536538103456216e-17 -0.9999999999999999
  outer loop
    vertex 383.2807218995969 -335.35213735622557 5.000000000000205
    vertex 383.2807218995975 -358.3521373562258 5.000000000000205
    vertex 383.02092589305914 -363.31013442085424 5.000000000000205
  endloop
endfacet
facet normal 8.018792930512275e-16 -3.8536538103456216e-17 -0.9999999999999999
  outer loop
    vertex 383.3062775298799 -358.54625164005245 5.000000000000183
    vertex 383.02092589305914 -363.31013442085424 5.000000000000205
    vertex 383.2807218995975 -358.3521373562258 5.000000000000205
  endloop
endfacet
facet normal 8.018792930512275e-16 -3.8536538103456216e-17 -0.9999999999999999
  outer loop
    vertex 383.38120284675864 -358.72713735622557 5.000000000000183
    vertex 383.02092589305914 -363.31013442085424 5.000000000000205
    vertex 383.3062775298799 -358.54625164005245 5.000000000000183
  endloop
endfacet
facet normal 8.018792930512275e-16 -3.8536538103456216e-17 -0.9999999999999999
  outer loop
    vertex 388.44712356014713 -367.47380233291904 5.000000000000205
    vertex 383.02092589305914 -363.31013442085424 5.000000000000205
    vertex 383.38120284675864 -358.72713735622557 5.000000000000183
  endloop
endfacet
facet normal 8.018792930512275e-16 -3.8536538103456216e-17 -0.9999999999999999
  outer loop
    vertex 383.5003918137071 -358.8824674421155 5.000000000000183
    vertex 388.44712356014713 -367.47380233291904 5.000000000000205
    vertex 383.38120284675864 -358.72713735622557 5.000000000000183
  endloop
endfacet
facet normal 8.018792930512275e-16 -3.8536538103456216e-17 -0.9999999999999999
  outer loop
    vertex 383.6557218995969 -359.00165640906386 5.000000000000205
    vertex 388.44712356014713 -367.47380233291904 5.000000000000205
    vertex 383.5003918137071 -358.8824674421155 5.000000000000183
  endloop
endfacet
facet normal 8.018792930512275e-16 -3.8536538103456216e-17 -0.9999999999999999
  outer loop
    vertex 383.8366076157698 -359.07658172594245 5.000000000000205
    vertex 388.44712356014713 -367.47380233291904 5.000000000000205
    vertex 383.6557218995969 -359.00165640906386 5.000000000000205
  endloop
endfacet
facet normal 8.018792930512275e-16 -3.8536538103456216e-17 -0.9999999999999999
  outer loop
    vertex 384.0307218995971 -359.1021373562256 5.000000000000205
    vertex 388.44712356014713 -367.47380233291904 5.000000000000205
    vertex 383.8366076157698 -359.07658172594245 5.000000000000205
  endloop
endfacet
facet normal 8.018792930512275e-16 -3.8536538103456216e-17 -0.9999999999999999
  outer loop
    vertex 384.2248361834243 -359.07658172594245 5.000000000000205
    vertex 388.44712356014713 -367.47380233291904 5.000000000000205
    vertex 384.0307218995971 -359.1021373562256 5.000000000000205
  endloop
endfacet
facet normal 8.018792930512275e-16 -3.8536538103456216e-17 -0.9999999999999999
  outer loop
    vertex 384.40572189959715 -359.00165640906386 5.000000000000205
    vertex 388.44712356014713 -367.47380233291904 5.000000000000205
    vertex 384.2248361834243 -359.07658172594245 5.000000000000205
  endloop
endfacet
facet normal 8.018792930512275e-16 -3.8536538103456216e-17 -0.9999999999999999
  outer loop
    vertex 384.5610519854864 -358.8824674421155 5.000000000000205
    vertex 388.44712356014713 -367.47380233291904 5.000000000000205
    vertex 384.40572189959715 -359.00165640906386 5.000000000000205
  endloop
endfacet
facet normal 8.018792930512275e-16 -3.8536538103456216e-17 -0.9999999999999999
  outer loop
    vertex 384.68024095243544 -358.72713735622585 5.000000000000183
    vertex 388.44712356014713 -367.47380233291904 5.000000000000205
    vertex 384.5610519854864 -358.8824674421155 5.000000000000205
  endloop
endfacet
facet normal 8.018792930512275e-16 -3.8536538103456216e-17 -0.9999999999999999
  outer loop
    vertex 384.7551662693143 -358.54625164005245 5.000000000000183
    vertex 388.44712356014713 -367.47380233291904 5.000000000000205
    vertex 384.68024095243544 -358.72713735622585 5.000000000000183
  endloop
endfacet
facet normal 8.018792930512275e-16 -3.8536538103456216e-17 -0.9999999999999999
  outer loop
    vertex 384.7807218995966 -358.3521373562258 5.000000000000205
    vertex 388.44712356014713 -367.47380233291904 5.000000000000205
    vertex 384.7551662693143 -358.54625164005245 5.000000000000183
  endloop
endfacet
facet normal 8.018792930512275e-16 -3.8536538103456216e-17 -0.9999999999999999
  outer loop
    vertex 386.91121014842156 -358.9140530185384 5.000000000000183
    vertex 388.44712356014713 -367.47380233291904 5.000000000000205
    vertex 384.7807218995966 -358.3521373562258 5.000000000000205
  endloop
endfacet
facet normal 8.018792930512275e-16 -3.8536538103456216e-17 -0.9999999999999999
  outer loop
    vertex 386.8372325480446 -358.3521373562255 5.000000000000227
    vertex 386.91121014842156 -358.9140530185384 5.000000000000183
    vertex 384.7807218995966 -358.3521373562258 5.000000000000205
  endloop
endfacet
facet normal 8.018792930512275e-16 -3.8536538103456216e-17 -0.9999999999999999
  outer loop
    vertex 384.78072189959715 -335.35213735622557 5.000000000000205
    vertex 386.8372325480446 -358.3521373562255 5.000000000000227
    vertex 384.7807218995966 -358.3521373562258 5.000000000000205
  endloop
endfacet
facet normal 8.018792930512275e-16 -3.8536538103456216e-17 -0.9999999999999999
  outer loop
    vertex 387.12810149834013 -359.4376750570743 5.000000000000183
    vertex 388.44712356014713 -367.47380233291904 5.000000000000205
    vertex 386.91121014842156 -358.9140530185384 5.000000000000183
  endloop
endfacet
facet normal 8.018792930512275e-16 -3.8536538103456216e-17 -0.9999999999999999
  outer loop
    vertex 387.47312581073464 -359.88731949523304 5.000000000000205
    vertex 388.44712356014713 -367.47380233291904 5.000000000000205
    vertex 387.12810149834013 -359.4376750570743 5.000000000000183
  endloop
endfacet
facet normal 8.018792930512275e-16 -3.8536538103456216e-17 -0.9999999999999999
  outer loop
    vertex 387.92277024889364 -360.2323438076273 5.000000000000183
    vertex 388.44712356014713 -367.47380233291904 5.000000000000205
    vertex 387.47312581073464 -359.88731949523304 5.000000000000205
  endloop
endfacet
facet normal 8.018792930512275e-16 -3.8536538103456216e-17 -0.9999999999999999
  outer loop
    vertex 388.4463922874296 -360.4492351575461 5.000000000000205
    vertex 388.44712356014713 -367.47380233291904 5.000000000000205
    vertex 387.92277024889364 -360.2323438076273 5.000000000000183
  endloop
endfacet
facet normal 8.018792930512275e-16 -3.8536538103456216e-17 -0.9999999999999999
  outer loop
    vertex 389.0083079497422 -360.5232127579231 5.000000000000205
    vertex 388.44712356014713 -367.47380233291904 5.000000000000205
    vertex 388.4463922874296 -360.4492351575461 5.000000000000205
  endloop
endfacet
facet normal 8.018792930512275e-16 -3.8536538103456216e-17 -0.9999999999999999
  outer loop
    vertex 392.61079147221125 -372.9000000000064 5.000000000000205
    vertex 388.44712356014713 -367.47380233291904 5.000000000000205
    vertex 389.0083079497422 -360.5232127579231 5.000000000000205
  endloop
endfacet
facet normal 8.018792930512275e-16 -3.8536538103456216e-17 -0.9999999999999999
  outer loop
    vertex 389.5702236120553 -360.4492351575461 5.000000000000205
    vertex 392.61079147221125 -372.9000000000064 5.000000000000205
    vertex 389.0083079497422 -360.5232127579231 5.000000000000205
  endloop
endfacet
facet normal 8.018792930512275e-16 -3.8536538103456216e-17 -0.9999999999999999
  outer loop
    vertex 390.09384565059065 -360.2323438076273 5.000000000000205
    vertex 392.61079147221125 -372.9000000000064 5.000000000000205
    vertex 389.5702236120553 -360.4492351575461 5.000000000000205
  endloop
endfacet
facet normal 8.018792930512275e-16 -3.8536538103456216e-17 -0.9999999999999999
  outer loop
    vertex 390.5434900887496 -359.88731949523304 5.000000000000205
    vertex 392.61079147221125 -372.9000000000064 5.000000000000205
    vertex 390.09384565059065 -360.2323438076273 5.000000000000205
  endloop
endfacet
facet normal 8.018792930512275e-16 -3.8536538103456216e-17 -0.9999999999999999
  outer loop
    vertex 390.8885144011442 -359.43767505707405 5.000000000000205
    vertex 392.61079147221125 -372.9000000000064 5.000000000000205
    vertex 390.5434900887496 -359.88731949523304 5.000000000000205
  endloop
endfacet
facet normal 8.018792930512275e-16 -3.8536538103456216e-17 -0.9999999999999999
  outer loop
    vertex 391.1054057510628 -358.9140530185384 5.000000000000205
    vertex 392.61079147221125 -372.9000000000064 5.000000000000205
    vertex 390.8885144011442 -359.43767505707405 5.000000000000205
  endloop
endfacet
facet normal 8.018792930512275e-16 -3.8536538103456216e-17 -0.9999999999999999
  outer loop
    vertex 391.17938335143975 -358.3521373562255 5.000000000000205
    vertex 392.61079147221125 -372.9000000000064 5.000000000000205
    vertex 391.1054057510628 -358.9140530185384 5.000000000000205
  endloop
endfacet
facet normal 8.018792930512275e-16 -3.8536538103456216e-17 -0.9999999999999999
  outer loop
    vertex 391.17938335143975 -335.35213735622534 5.000000000000227
    vertex 392.61079147221125 -372.9000000000064 5.000000000000205
    vertex 391.17938335143975 -358.3521373562255 5.000000000000205
  endloop
endfacet
facet normal 8.018792930512275e-16 -3.8536538103456216e-17 -0.9999999999999999
  outer loop
    vertex 371.96913934519745 -411.95667808290983 5.000000000000205
    vertex 376.70198487471555 -411.30725664873614 5.000000000000205
    vertex 371.96913934522405 -418.8482134521889 5.000000000000205
  endloop
endfacet
facet normal 8.018792930512275e-16 -3.8536538103456216e-17 -0.9999999999999999
  outer loop
    vertex 376.86978525034937 -413.5190635262301 5.000000000000183
    vertex 371.96913934522405 -418.8482134521889 5.000000000000205
    vertex 376.70198487471555 -411.30725664873614 5.000000000000205
  endloop
endfacet
facet normal 8.018792930512275e-16 -3.8536538103456216e-17 -0.9999999999999999
  outer loop
    vertex 376.8953408806329 -413.7131778100568 5.000000000000183
    vertex 371.96913934522405 -418.8482134521889 5.000000000000205
    vertex 376.86978525034937 -413.5190635262301 5.000000000000183
  endloop
endfacet
facet normal 8.018792930512275e-16 -3.8536538103456216e-17 -0.9999999999999999
  outer loop
    vertex 376.97026619751114 -413.89406352622984 5.000000000000205
    vertex 371.96913934522405 -418.8482134521889 5.000000000000205
    vertex 376.8953408806329 -413.7131778100568 5.000000000000183
  endloop
endfacet
facet normal 8.018792930512275e-16 -3.8536538103456216e-17 -0.9999999999999999
  outer loop
    vertex 377.08945516445954 -414.04939361212007 5.000000000000183
    vertex 371.96913934522405 -418.8482134521889 5.000000000000205
    vertex 376.97026619751114 -413.89406352622984 5.000000000000205
  endloop
endfacet
facet normal 8.018792930512275e-16 -3.8536538103456216e-17 -0.9999999999999999
  outer loop
    vertex 377.2447852503494 -414.16858257906813 5.000000000000205
    vertex 371.96913934522405 -418.8482134521889 5.000000000000205
    vertex 377.08945516445954 -414.04939361212007 5.000000000000183
  endloop
endfacet
facet normal 8.018792930512275e-16 -3.8536538103456216e-17 -0.9999999999999999
  outer loop
    vertex 377.4256709665229 -414.24350789594666 5.000000000000205
    vertex 371.96913934522405 -418.8482134521889 5.000000000000205
    vertex 377.2447852503494 -414.16858257906813 5.000000000000205
  endloop
endfacet
facet normal 8.018792930512275e-16 -3.8536538103456216e-17 -0.9999999999999999
  outer loop
    vertex 382.0354556381815 -416.11616132755034 5.000000000000227
    vertex 371.96913934522405 -418.8482134521889 5.000000000000205
    vertex 377.4256709665229 -414.24350789594666 5.000000000000205
  endloop
endfacet
facet normal 8.018792930512275e-16 -3.8536538103456216e-17 -0.9999999999999999
  outer loop
    vertex 399.4209258930554 -418.8482134521889 5.000000000000205
    vertex 371.96913934522405 -418.8482134521889 5.000000000000205
    vertex 382.0354556381815 -416.11616132755034 5.000000000000227
  endloop
endfacet
facet normal 8.018792930512275e-16 -3.8536538103456216e-17 -0.9999999999999999
  outer loop
    vertex 381.5118335996455 -415.89926997763143 5.000000000000227
    vertex 382.0354556381815 -416.11616132755034 5.000000000000227
    vertex 377.4256709665229 -414.24350789594666 5.000000000000205
  endloop
endfacet
facet normal 8.018792930512275e-16 -3.8536538103456216e-17 -0.9999999999999999
  outer loop
    vertex 377.6197852503495 -414.26906352622996 5.000000000000183
    vertex 381.5118335996455 -415.89926997763143 5.000000000000227
    vertex 377.4256709665229 -414.24350789594666 5.000000000000205
  endloop
endfacet
facet normal 8.018792930512275e-16 -3.8536538103456216e-17 -0.9999999999999999
  outer loop
    vertex 377.8138995341762 -414.24350789594666 5.000000000000183
    vertex 381.5118335996455 -415.89926997763143 5.000000000000227
    vertex 377.6197852503495 -414.26906352622996 5.000000000000183
  endloop
endfacet
facet normal 8.018792930512275e-16 -3.8536538103456216e-17 -0.9999999999999999
  outer loop
    vertex 377.9947852503495 -414.1685825790684 5.000000000000183
    vertex 381.5118335996455 -415.89926997763143 5.000000000000227
    vertex 377.8138995341762 -414.24350789594666 5.000000000000183
  endloop
endfacet
facet normal 8.018792930512275e-16 -3.8536538103456216e-17 -0.9999999999999999
  outer loop
    vertex 378.1501153362395 -414.04939361212007 5.000000000000205
    vertex 381.5118335996455 -415.89926997763143 5.000000000000227
    vertex 377.9947852503495 -414.1685825790684 5.000000000000183
  endloop
endfacet
facet normal 8.018792930512275e-16 -3.8536538103456216e-17 -0.9999999999999999
  outer loop
    vertex 378.26930430318777 -413.8940635262301 5.000000000000205
    vertex 381.5118335996455 -415.89926997763143 5.000000000000227
    vertex 378.1501153362395 -414.04939361212007 5.000000000000205
  endloop
endfacet
facet normal 8.018792930512275e-16 -3.8536538103456216e-17 -0.9999999999999999
  outer loop
    vertex 378.3442296200661 -413.7131778100568 5.000000000000183
    vertex 381.5118335996455 -415.89926997763143 5.000000000000227
    vertex 378.26930430318777 -413.8940635262301 5.000000000000205
  endloop
endfacet
facet normal 8.018792930512275e-16 -3.8536538103456216e-17 -0.9999999999999999
  outer loop
    vertex 378.36978525034965 -413.5190635262301 5.000000000000183
    vertex 381.5118335996455 -415.89926997763143 5.000000000000227
    vertex 378.3442296200661 -413.7131778100568 5.000000000000183
  endloop
endfacet
facet normal 8.018792930512275e-16 -3.8536538103456216e-17 -0.9999999999999999
  outer loop
    vertex 381.0621891614865 -415.55424566523743 5.000000000000183
    vertex 381.5118335996455 -415.89926997763143 5.000000000000227
    vertex 378.36978525034965 -413.5190635262301 5.000000000000183
  endloop
endfacet
facet normal 8.018792930512275e-16 -3.8536538103456216e-17 -0.9999999999999999
  outer loop
    vertex 380.7171648490931 -415.1046012270785 5.000000000000183
    vertex 381.0621891614865 -415.55424566523743 5.000000000000183
    vertex 378.36978525034965 -413.5190635262301 5.000000000000183
  endloop
endfacet
facet normal 8.018792930512275e-16 -3.8536538103456216e-17 -0.9999999999999999
  outer loop
    vertex 380.5002734991745 -414.5809791885425 5.000000000000183
    vertex 380.7171648490931 -415.1046012270785 5.000000000000183
    vertex 378.36978525034965 -413.5190635262301 5.000000000000183
  endloop
endfacet
facet normal 8.018792930512275e-16 -3.8536538103456216e-17 -0.9999999999999999
  outer loop
    vertex 380.42629589879704 -414.01906352622973 5.000000000000205
    vertex 380.5002734991745 -414.5809791885425 5.000000000000183
    vertex 378.36978525034965 -413.5190635262301 5.000000000000183
  endloop
endfacet
facet normal 8.018792930512275e-16 -3.8536538103456216e-17 -0.9999999999999999
  outer loop
    vertex 382.5973713004946 -416.1901389279273 5.000000000000183
    vertex 399.4209258930554 -418.8482134521889 5.000000000000205
    vertex 382.0354556381815 -416.11616132755034 5.000000000000227
  endloop
endfacet
facet normal 8.018792930512275e-16 -3.8536538103456216e-17 -0.9999999999999999
  outer loop
    vertex 383.15928696280764 -416.11616132755034 5.000000000000205
    vertex 399.4209258930554 -418.8482134521889 5.000000000000205
    vertex 382.5973713004946 -416.1901389279273 5.000000000000183
  endloop
endfacet
facet normal 8.018792930512275e-16 -3.8536538103456216e-17 -0.9999999999999999
  outer loop
    vertex 383.6829090013437 -415.89926997763143 5.000000000000205
    vertex 399.4209258930554 -418.8482134521889 5.000000000000205
    vertex 383.15928696280764 -416.11616132755034 5.000000000000205
  endloop
endfacet
facet normal 8.018792930512275e-16 -3.8536538103456216e-17 -0.9999999999999999
  outer loop
    vertex 384.1325534395027 -415.55424566523743 5.000000000000205
    vertex 399.4209258930554 -418.8482134521889 5.000000000000205
    vertex 383.6829090013437 -415.89926997763143 5.000000000000205
  endloop
endfacet
facet normal 8.018792930512275e-16 -3.8536538103456216e-17 -0.9999999999999999
  outer loop
    vertex 384.47757775189604 -415.1046012270785 5.000000000000205
    vertex 399.4209258930554 -418.8482134521889 5.000000000000205
    vertex 384.1325534395027 -415.55424566523743 5.000000000000205
  endloop
endfacet
facet normal 8.018792930512275e-16 -3.8536538103456216e-17 -0.9999999999999999
  outer loop
    vertex 384.69446910181523 -414.5809791885425 5.000000000000205
    vertex 399.4209258930554 -418.8482134521889 5.000000000000205
    vertex 384.47757775189604 -415.1046012270785 5.000000000000205
  endloop
endfacet
facet normal 8.018792930512275e-16 -3.8536538103456216e-17 -0.9999999999999999
  outer loop
    vertex 384.76844670219276 -414.01906352622973 5.000000000000183
    vertex 399.4209258930554 -418.8482134521889 5.000000000000205
    vertex 384.69446910181523 -414.5809791885425 5.000000000000205
  endloop
endfacet
facet normal 8.018792930512275e-16 -3.8536538103456216e-17 -0.9999999999999999
  outer loop
    vertex 388.44712356011706 -404.52619766704913 5.000000000000205
    vertex 399.4209258930554 -418.8482134521889 5.000000000000205
    vertex 384.76844670219276 -414.01906352622973 5.000000000000183
  endloop
endfacet
facet normal 8.018792930512275e-16 -3.8536538103456216e-17 -0.9999999999999999
  outer loop
    vertex 392.61079147218186 -399.0999999999614 5.000000000000205
    vertex 399.4209258930554 -418.8482134521889 5.000000000000205
    vertex 388.44712356011706 -404.52619766704913 5.000000000000205
  endloop
endfacet
facet normal 8.018792930512275e-16 -3.8536538103456216e-17 -0.9999999999999999
  outer loop
    vertex 395.22818254183346 -392.7810589816921 5.000000000000205
    vertex 399.4209258930554 -418.8482134521889 5.000000000000205
    vertex 392.61079147218186 -399.0999999999614 5.000000000000205
  endloop
endfacet
facet normal 8.018792930512275e-16 -3.8536538103456216e-17 -0.9999999999999999
  outer loop
    vertex 396.12092589305905 -386.0000000000063 5.000000000000205
    vertex 399.4209258930554 -418.8482134521889 5.000000000000205
    vertex 395.22818254183346 -392.7810589816921 5.000000000000205
  endloop
endfacet
facet normal 8.018792930512275e-16 -3.8536538103456216e-17 -0.9999999999999999
  outer loop
    vertex 373.09202866557695 -330.0000000000066 5.000000000000183
    vertex 393.7875895690747 -330.0000000000066 5.000000000000183
    vertex 376.3653715562146 -331.68420370122664 5.000000000000183
  endloop
endfacet
facet normal 8.018792930512275e-16 -3.8536538103456216e-17 -0.9999999999999999
  outer loop
    vertex 381.09202866557695 -331.68420370122635 5.000000000000183
    vertex 376.3653715562146 -331.68420370122664 5.000000000000183
    vertex 393.7875895690747 -330.0000000000066 5.000000000000183
  endloop
endfacet
facet normal 8.018792930512275e-16 -3.8536538103456216e-17 -0.9999999999999999
  outer loop
    vertex 383.6557218995969 -334.7026183033875 5.000000000000205
    vertex 381.09202866557695 -331.68420370122635 5.000000000000183
    vertex 393.7875895690747 -330.0000000000066 5.000000000000183
  endloop
endfacet
facet normal 8.018792930512275e-16 -3.8536538103456216e-17 -0.9999999999999999
  outer loop
    vertex 383.5003918137071 -334.82180727033585 5.000000000000183
    vertex 381.09202866557695 -331.68420370122635 5.000000000000183
    vertex 383.6557218995969 -334.7026183033875 5.000000000000205
  endloop
endfacet
facet normal 8.018792930512275e-16 -3.8536538103456216e-17 -0.9999999999999999
  outer loop
    vertex 383.38120284675864 -334.9771373562258 5.000000000000205
    vertex 381.09202866557695 -331.68420370122635 5.000000000000183
    vertex 383.5003918137071 -334.82180727033585 5.000000000000183
  endloop
endfacet
facet normal 8.018792930512275e-16 -3.8536538103456216e-17 -0.9999999999999999
  outer loop
    vertex 383.3062775298799 -335.1580230723989 5.000000000000205
    vertex 381.09202866557695 -331.68420370122635 5.000000000000183
    vertex 383.38120284675864 -334.9771373562258 5.000000000000205
  endloop
endfacet
facet normal 8.018792930512275e-16 -3.8536538103456216e-17 -0.9999999999999999
  outer loop
    vertex 383.2807218995969 -335.35213735622557 5.000000000000205
    vertex 381.09202866557695 -331.68420370122635 5.000000000000183
    vertex 383.3062775298799 -335.1580230723989 5.000000000000205
  endloop
endfacet
facet normal 8.018792930512275e-16 -3.8536538103456216e-17 -0.9999999999999999
  outer loop
    vertex 383.02092589305914 -363.31013442085424 5.000000000000205
    vertex 381.09202866557695 -331.68420370122635 5.000000000000183
    vertex 383.2807218995969 -335.35213735622557 5.000000000000205
  endloop
endfacet
facet normal 8.018792930512275e-16 -3.8536538103456216e-17 -0.9999999999999999
  outer loop
    vertex 383.8366076157698 -334.6276929865089 5.000000000000205
    vertex 383.6557218995969 -334.7026183033875 5.000000000000205
    vertex 393.7875895690747 -330.0000000000066 5.000000000000183
  endloop
endfacet
facet normal 8.018792930512275e-16 -3.8536538103456216e-17 -0.9999999999999999
  outer loop
    vertex 384.0307218995971 -334.60213735622574 5.000000000000183
    vertex 383.8366076157698 -334.6276929865089 5.000000000000205
    vertex 393.7875895690747 -330.0000000000066 5.000000000000183
  endloop
endfacet
facet normal 8.018792930512275e-16 -3.8536538103456216e-17 -0.9999999999999999
  outer loop
    vertex 384.2248361834243 -334.6276929865089 5.000000000000183
    vertex 384.0307218995971 -334.60213735622574 5.000000000000183
    vertex 393.7875895690747 -330.0000000000066 5.000000000000183
  endloop
endfacet
facet normal 8.018792930512275e-16 -3.8536538103456216e-17 -0.9999999999999999
  outer loop
    vertex 384.40572189959715 -334.7026183033872 5.000000000000183
    vertex 384.2248361834243 -334.6276929865089 5.000000000000183
    vertex 393.7875895690747 -330.0000000000066 5.000000000000183
  endloop
endfacet
facet normal 8.018792930512275e-16 -3.8536538103456216e-17 -0.9999999999999999
  outer loop
    vertex 384.5610519854864 -334.82180727033585 5.000000000000183
    vertex 384.40572189959715 -334.7026183033872 5.000000000000183
    vertex 393.7875895690747 -330.0000000000066 5.000000000000183
  endloop
endfacet
facet normal 8.018792930512275e-16 -3.8536538103456216e-17 -0.9999999999999999
  outer loop
    vertex 384.68024095243544 -334.9771373562258 5.000000000000205
    vertex 384.5610519854864 -334.82180727033585 5.000000000000183
    vertex 393.7875895690747 -330.0000000000066 5.000000000000183
  endloop
endfacet
facet normal 8.018792930512275e-16 -3.8536538103456216e-17 -0.9999999999999999
  outer loop
    vertex 384.7551662693143 -335.1580230723989 5.000000000000205
    vertex 384.68024095243544 -334.9771373562258 5.000000000000205
    vertex 393.7875895690747 -330.0000000000066 5.000000000000183
  endloop
endfacet
facet normal 8.018792930512275e-16 -3.8536538103456216e-17 -0.9999999999999999
  outer loop
    vertex 387.92277024889364 -333.4719309048238 5.000000000000183
    vertex 384.7551662693143 -335.1580230723989 5.000000000000205
    vertex 393.7875895690747 -330.0000000000066 5.000000000000183
  endloop
endfacet
facet normal 8.018792930512275e-16 -3.8536538103456216e-17 -0.9999999999999999
  outer loop
    vertex 384.78072189959715 -335.35213735622557 5.000000000000205
    vertex 384.7551662693143 -335.1580230723989 5.000000000000205
    vertex 387.92277024889364 -333.4719309048238 5.000000000000183
  endloop
endfacet
facet normal 8.018792930512275e-16 -3.8536538103456216e-17 -0.9999999999999999
  outer loop
    vertex 387.47312581073464 -333.81695521721775 5.000000000000183
    vertex 384.78072189959715 -335.35213735622557 5.000000000000205
    vertex 387.92277024889364 -333.4719309048238 5.000000000000183
  endloop
endfacet
facet normal 8.018792930512275e-16 -3.8536538103456216e-17 -0.9999999999999999
  outer loop
    vertex 387.12810149834013 -334.2665996553768 5.000000000000183
    vertex 384.78072189959715 -335.35213735622557 5.000000000000205
    vertex 387.47312581073464 -333.81695521721775 5.000000000000183
  endloop
endfacet
facet normal 8.018792930512275e-16 -3.8536538103456216e-17 -0.9999999999999999
  outer loop
    vertex 386.91121014842156 -334.79022169391243 5.000000000000227
    vertex 384.78072189959715 -335.35213735622557 5.000000000000205
    vertex 387.12810149834013 -334.2665996553768 5.000000000000183
  endloop
endfacet
facet normal 8.018792930512275e-16 -3.8536538103456216e-17 -0.9999999999999999
  outer loop
    vertex 386.8372325480446 -335.35213735622534 5.000000000000227
    vertex 384.78072189959715 -335.35213735622557 5.000000000000205
    vertex 386.91121014842156 -334.79022169391243 5.000000000000227
  endloop
endfacet
facet normal 8.018792930512275e-16 -3.8536538103456216e-17 -0.9999999999999999
  outer loop
    vertex 386.8372325480446 -358.3521373562255 5.000000000000227
    vertex 384.78072189959715 -335.35213735622557 5.000000000000205
    vertex 386.8372325480446 -335.35213735622534 5.000000000000227
  endloop
endfacet
facet normal 8.018792930512275e-16 -3.8536538103456216e-17 -0.9999999999999999
  outer loop
    vertex 388.4463922874296 -333.25503955490467 5.000000000000205
    vertex 387.92277024889364 -333.4719309048238 5.000000000000183
    vertex 393.7875895690747 -330.0000000000066 5.000000000000183
  endloop
endfacet
facet normal 8.018792930512275e-16 -3.8536538103456216e-17 -0.9999999999999999
  outer loop
    vertex 389.0083079497422 -333.18106195452776 5.000000000000205
    vertex 388.4463922874296 -333.25503955490467 5.000000000000205
    vertex 393.7875895690747 -330.0000000000066 5.000000000000183
  endloop
endfacet
facet normal 8.018792930512275e-16 -3.8536538103456216e-17 -0.9999999999999999
  outer loop
    vertex 389.5702236120553 -333.25503955490467 5.000000000000205
    vertex 389.0083079497422 -333.18106195452776 5.000000000000205
    vertex 393.7875895690747 -330.0000000000066 5.000000000000183
  endloop
endfacet
facet normal 8.018792930512275e-16 -3.8536538103456216e-17 -0.9999999999999999
  outer loop
    vertex 390.09384565059065 -333.4719309048235 5.000000000000205
    vertex 389.5702236120553 -333.25503955490467 5.000000000000205
    vertex 393.7875895690747 -330.0000000000066 5.000000000000183
  endloop
endfacet
facet normal 8.018792930512275e-16 -3.8536538103456216e-17 -0.9999999999999999
  outer loop
    vertex 390.5434900887496 -333.81695521721747 5.000000000000227
    vertex 390.09384565059065 -333.4719309048235 5.000000000000205
    vertex 393.7875895690747 -330.0000000000066 5.000000000000183
  endloop
endfacet
facet normal 8.018792930512275e-16 -3.8536538103456216e-17 -0.9999999999999999
  outer loop
    vertex 390.8885144011442 -334.2665996553765 5.000000000000227
    vertex 390.5434900887496 -333.81695521721747 5.000000000000227
    vertex 393.7875895690747 -330.0000000000066 5.000000000000183
  endloop
endfacet
facet normal 8.018792930512275e-16 -3.8536538103456216e-17 -0.9999999999999999
  outer loop
    vertex 391.1054057510628 -334.79022169391243 5.000000000000227
    vertex 390.8885144011442 -334.2665996553765 5.000000000000227
    vertex 393.7875895690747 -330.0000000000066 5.000000000000183
  endloop
endfacet
facet normal 8.018792930512275e-16 -3.8536538103456216e-17 -0.9999999999999999
  outer loop
    vertex 391.17938335143975 -335.35213735622534 5.000000000000227
    vertex 391.1054057510628 -334.79022169391243 5.000000000000227
    vertex 393.7875895690747 -330.0000000000066 5.000000000000183
  endloop
endfacet
facet normal 8.018792930512275e-16 -3.8536538103456216e-17 -0.9999999999999999
  outer loop
    vertex 392.61079147221125 -372.9000000000064 5.000000000000205
    vertex 391.17938335143975 -335.35213735622534 5.000000000000227
    vertex 393.7875895690747 -330.0000000000066 5.000000000000183
  endloop
endfacet
facet normal 8.018792930512275e-16 -3.8536538103456216e-17 -0.9999999999999999
  outer loop
    vertex 395.2281825418324 -379.2189410183202 5.000000000000205
    vertex 392.61079147221125 -372.9000000000064 5.000000000000205
    vertex 393.7875895690747 -330.0000000000066 5.000000000000183
  endloop
endfacet
facet normal 8.018792930512275e-16 -3.8536538103456216e-17 -0.9999999999999999
  outer loop
    vertex 403.54270415796486 -327.5860891427256 5.000000000000183
    vertex 395.2281825418324 -379.2189410183202 5.000000000000205
    vertex 393.7875895690747 -330.0000000000066 5.000000000000183
  endloop
endfacet
facet normal 8.018792930512275e-16 -3.8536538103456216e-17 -0.9999999999999999
  outer loop
    vertex 396.12092589305905 -386.0000000000063 5.000000000000205
    vertex 395.2281825418324 -379.2189410183202 5.000000000000205
    vertex 403.54270415796486 -327.5860891427256 5.000000000000183
  endloop
endfacet
facet normal 8.018792930512275e-16 -3.8536538103456216e-17 -0.9999999999999999
  outer loop
    vertex 399.4209258930554 -418.8482134521889 5.000000000000205
    vertex 396.12092589305905 -386.0000000000063 5.000000000000205
    vertex 403.54270415796486 -327.5860891427256 5.000000000000183
  endloop
endfacet
facet normal 8.018792930512275e-16 -3.8536538103456216e-17 -0.9999999999999999
  outer loop
    vertex 400.93455491430564 -418.64894041112217 5.000000000000183
    vertex 399.4209258930554 -418.8482134521889 5.000000000000205
    vertex 403.54270415796486 -327.5860891427256 5.000000000000183
  endloop
endfacet
facet normal 8.018792930512275e-16 -3.8536538103456216e-17 -0.9999999999999999
  outer loop
    vertex 402.3450326191478 -418.0647014163518 5.000000000000183
    vertex 400.93455491430564 -418.64894041112217 5.000000000000183
    vertex 403.54270415796486 -327.5860891427256 5.000000000000183
  endloop
endfacet
facet normal 8.018792930512275e-16 -3.8536538103456216e-17 -0.9999999999999999
  outer loop
    vertex 403.5562372829212 -417.1353113898723 5.000000000000183
    vertex 402.3450326191478 -418.0647014163518 5.000000000000183
    vertex 403.54270415796486 -327.5860891427256 5.000000000000183
  endloop
endfacet
facet normal 8.018792930512275e-16 -3.8536538103456216e-17 -0.9999999999999999
  outer loop
    vertex 412.9209258930564 -326.7945591827915 5.000000000000183
    vertex 403.5562372829212 -417.1353113898723 5.000000000000183
    vertex 403.54270415796486 -327.5860891427256 5.000000000000183
  endloop
endfacet
facet normal 8.018792930512275e-16 -3.8536538103456216e-17 -0.9999999999999999
  outer loop
    vertex 404.4856273094006 -415.9241067260983 5.000000000000183
    vertex 403.5562372829212 -417.1353113898723 5.000000000000183
    vertex 412.9209258930564 -326.7945591827915 5.000000000000183
  endloop
endfacet
facet normal 8.018792930512275e-16 -3.8536538103456216e-17 -0.9999999999999999
  outer loop
    vertex 405.0698663041708 -414.51362902125646 5.000000000000183
    vertex 404.4856273094006 -415.9241067260983 5.000000000000183
    vertex 412.9209258930564 -326.7945591827915 5.000000000000183
  endloop
endfacet
facet normal 8.018792930512275e-16 -3.8536538103456216e-17 -0.9999999999999999
  outer loop
    vertex 405.26913934524015 -413.0000000000065 5.000000000000183
    vertex 405.0698663041708 -414.51362902125646 5.000000000000183
    vertex 412.9209258930564 -326.7945591827915 5.000000000000183
  endloop
endfacet
facet normal 8.018792930512275e-16 -3.8536538103456216e-17 -0.9999999999999999
  outer loop
    vertex 406.84687230699967 -404.50259485452784 5.000000000000183
    vertex 405.26913934524015 -413.0000000000065 5.000000000000183
    vertex 412.9209258930564 -326.7945591827915 5.000000000000183
  endloop
endfacet
facet normal 8.018792930512275e-16 -3.8536538103456216e-17 -0.9999999999999999
  outer loop
    vertex 409.6307868132372 -397.1077437799769 5.000000000000183
    vertex 406.84687230699967 -404.50259485452784 5.000000000000183
    vertex 412.9209258930564 -326.7945591827915 5.000000000000183
  endloop
endfacet
facet normal 8.018792930512275e-16 -3.8536538103456216e-17 -0.9999999999999999
  outer loop
    vertex 410.9898019661312 -396.0000000000069 5.000000000000183
    vertex 409.6307868132372 -397.1077437799769 5.000000000000183
    vertex 412.9209258930564 -326.7945591827915 5.000000000000183
  endloop
endfacet
facet normal 8.018792930512275e-16 -3.8536538103456216e-17 -0.9999999999999999
  outer loop
    vertex 412.92092589305526 -395.2502778527807 5.000000000000183
    vertex 410.9898019661312 -396.0000000000069 5.000000000000183
    vertex 412.9209258930564 -326.7945591827915 5.000000000000183
  endloop
endfacet
facet normal 8.018792930512275e-16 -3.8536538103456216e-17 -0.9999999999999999
  outer loop
    vertex 414.8520498199827 -396.0000000000069 5.000000000000183
    vertex 412.92092589305526 -395.2502778527807 5.000000000000183
    vertex 412.9209258930564 -326.7945591827915 5.000000000000183
  endloop
endfacet
facet normal 8.018792930512275e-16 -3.8536538103456216e-17 -0.9999999999999999
  outer loop
    vertex 422.2991476281467 -327.58608914272475 5.000000000000183
    vertex 414.8520498199827 -396.0000000000069 5.000000000000183
    vertex 412.9209258930564 -326.7945591827915 5.000000000000183
  endloop
endfacet
facet normal 8.018792930512275e-16 -3.8536538103456216e-17 -0.9999999999999999
  outer loop
    vertex 416.21106497287565 -397.1077437799752 5.000000000000183
    vertex 414.8520498199827 -396.0000000000069 5.000000000000183
    vertex 422.2991476281467 -327.58608914272475 5.000000000000183
  endloop
endfacet
facet normal 8.018792930512275e-16 -3.8536538103456216e-17 -0.9999999999999999
  outer loop
    vertex 418.99497947911243 -404.5025948545276 5.000000000000183
    vertex 416.21106497287565 -397.1077437799752 5.000000000000183
    vertex 422.2991476281467 -327.58608914272475 5.000000000000183
  endloop
endfacet
facet normal 8.018792930512275e-16 -3.8536538103456216e-17 -0.9999999999999999
  outer loop
    vertex 420.57271244087264 -413.0000000000065 5.000000000000183
    vertex 418.99497947911243 -404.5025948545276 5.000000000000183
    vertex 422.2991476281467 -327.58608914272475 5.000000000000183
  endloop
endfacet
facet normal 8.018792930512275e-16 -3.8536538103456216e-17 -0.9999999999999999
  outer loop
    vertex 386.8372325480446 -358.3521373562255 5.000000000000227
    vertex 386.8372325480446 -335.35213735622534 5.000000000000227
    vertex 386.91121014842156 -357.79022169391243 5.000000000000205
  endloop
endfacet
facet normal 8.018792930512275e-16 -3.8536538103456216e-17 -0.9999999999999999
  outer loop
    vertex 386.91121014842156 -335.9140530185384 5.000000000000205
    vertex 386.91121014842156 -357.79022169391243 5.000000000000205
    vertex 386.8372325480446 -335.35213735622534 5.000000000000227
  endloop
endfacet
facet normal 8.018792930512275e-16 -3.8536538103456216e-17 -0.9999999999999999
  outer loop
    vertex 387.12810149834013 -357.26659965537675 5.000000000000205
    vertex 386.91121014842156 -357.79022169391243 5.000000000000205
    vertex 386.91121014842156 -335.9140530185384 5.000000000000205
  endloop
endfacet
facet normal 8.018792930512275e-16 -3.8536538103456216e-17 -0.9999999999999999
  outer loop
    vertex 387.12810149834013 -336.4376750570744 5.000000000000183
    vertex 387.12810149834013 -357.26659965537675 5.000000000000205
    vertex 386.91121014842156 -335.9140530185384 5.000000000000205
  endloop
endfacet
facet normal 8.018792930512275e-16 -3.8536538103456216e-17 -0.9999999999999999
  outer loop
    vertex 387.47312581073464 -356.81695521721775 5.000000000000183
    vertex 387.12810149834013 -357.26659965537675 5.000000000000205
    vertex 387.12810149834013 -336.4376750570744 5.000000000000183
  endloop
endfacet
facet normal 8.018792930512275e-16 -3.8536538103456216e-17 -0.9999999999999999
  outer loop
    vertex 387.47312581073464 -336.88731949523304 5.000000000000227
    vertex 387.47312581073464 -356.81695521721775 5.000000000000183
    vertex 387.12810149834013 -336.4376750570744 5.000000000000183
  endloop
endfacet
facet normal 8.018792930512275e-16 -3.8536538103456216e-17 -0.9999999999999999
  outer loop
    vertex 387.92277024889364 -356.4719309048238 5.000000000000183
    vertex 387.47312581073464 -356.81695521721775 5.000000000000183
    vertex 387.47312581073464 -336.88731949523304 5.000000000000227
  endloop
endfacet
facet normal 8.018792930512275e-16 -3.8536538103456216e-17 -0.9999999999999999
  outer loop
    vertex 387.92277024889364 -337.2323438076273 5.000000000000183
    vertex 387.92277024889364 -356.4719309048238 5.000000000000183
    vertex 387.47312581073464 -336.88731949523304 5.000000000000227
  endloop
endfacet
facet normal 8.018792930512275e-16 -3.8536538103456216e-17 -0.9999999999999999
  outer loop
    vertex 388.4463922874296 -356.2550395549046 5.000000000000205
    vertex 387.92277024889364 -356.4719309048238 5.000000000000183
    vertex 387.92277024889364 -337.2323438076273 5.000000000000183
  endloop
endfacet
facet normal 8.018792930512275e-16 -3.8536538103456216e-17 -0.9999999999999999
  outer loop
    vertex 388.4463922874296 -337.44923515754624 5.000000000000183
    vertex 388.4463922874296 -356.2550395549046 5.000000000000205
    vertex 387.92277024889364 -337.2323438076273 5.000000000000183
  endloop
endfacet
facet normal 8.018792930512275e-16 -3.8536538103456216e-17 -0.9999999999999999
  outer loop
    vertex 389.0083079497422 -356.18106195452765 5.000000000000205
    vertex 388.4463922874296 -356.2550395549046 5.000000000000205
    vertex 388.4463922874296 -337.44923515754624 5.000000000000183
  endloop
endfacet
facet normal 8.018792930512275e-16 -3.8536538103456216e-17 -0.9999999999999999
  outer loop
    vertex 389.0083079497422 -337.52321275792315 5.000000000000205
    vertex 389.0083079497422 -356.18106195452765 5.000000000000205
    vertex 388.4463922874296 -337.44923515754624 5.000000000000183
  endloop
endfacet
facet normal 8.018792930512275e-16 -3.8536538103456216e-17 -0.9999999999999999
  outer loop
    vertex 389.5702236120553 -356.2550395549046 5.000000000000227
    vertex 389.0083079497422 -356.18106195452765 5.000000000000205
    vertex 389.0083079497422 -337.52321275792315 5.000000000000205
  endloop
endfacet
facet normal 8.018792930512275e-16 -3.8536538103456216e-17 -0.9999999999999999
  outer loop
    vertex 389.5702236120553 -337.44923515754624 5.000000000000205
    vertex 389.5702236120553 -356.2550395549046 5.000000000000227
    vertex 389.0083079497422 -337.52321275792315 5.000000000000205
  endloop
endfacet
facet normal 8.018792930512275e-16 -3.8536538103456216e-17 -0.9999999999999999
  outer loop
    vertex 390.09384565059065 -356.47193090482347 5.000000000000205
    vertex 389.5702236120553 -356.2550395549046 5.000000000000227
    vertex 389.5702236120553 -337.44923515754624 5.000000000000205
  endloop
endfacet
facet normal 8.018792930512275e-16 -3.8536538103456216e-17 -0.9999999999999999
  outer loop
    vertex 390.09384565059065 -337.23234380762705 5.000000000000205
    vertex 390.09384565059065 -356.47193090482347 5.000000000000205
    vertex 389.5702236120553 -337.44923515754624 5.000000000000205
  endloop
endfacet
facet normal 8.018792930512275e-16 -3.8536538103456216e-17 -0.9999999999999999
  outer loop
    vertex 390.5434900887496 -356.81695521721775 5.000000000000205
    vertex 390.09384565059065 -356.47193090482347 5.000000000000205
    vertex 390.09384565059065 -337.23234380762705 5.000000000000205
  endloop
endfacet
facet normal 8.018792930512275e-16 -3.8536538103456216e-17 -0.9999999999999999
  outer loop
    vertex 390.5434900887496 -336.88731949523304 5.000000000000205
    vertex 390.5434900887496 -356.81695521721775 5.000000000000205
    vertex 390.09384565059065 -337.23234380762705 5.000000000000205
  endloop
endfacet
facet normal 8.018792930512275e-16 -3.8536538103456216e-17 -0.9999999999999999
  outer loop
    vertex 390.8885144011442 -357.26659965537647 5.000000000000205
    vertex 390.5434900887496 -356.81695521721775 5.000000000000205
    vertex 390.5434900887496 -336.88731949523304 5.000000000000205
  endloop
endfacet
facet normal 8.018792930512275e-16 -3.8536538103456216e-17 -0.9999999999999999
  outer loop
    vertex 390.8885144011442 -336.4376750570741 5.000000000000227
    vertex 390.8885144011442 -357.26659965537647 5.000000000000205
    vertex 390.5434900887496 -336.88731949523304 5.000000000000205
  endloop
endfacet
facet normal 8.018792930512275e-16 -3.8536538103456216e-17 -0.9999999999999999
  outer loop
    vertex 391.1054057510628 -357.79022169391243 5.000000000000205
    vertex 390.8885144011442 -357.26659965537647 5.000000000000205
    vertex 390.8885144011442 -336.4376750570741 5.000000000000227
  endloop
endfacet
facet normal 8.018792930512275e-16 -3.8536538103456216e-17 -0.9999999999999999
  outer loop
    vertex 391.1054057510628 -335.9140530185384 5.000000000000205
    vertex 391.1054057510628 -357.79022169391243 5.000000000000205
    vertex 390.8885144011442 -336.4376750570741 5.000000000000227
  endloop
endfacet
facet normal 8.018792930512275e-16 -3.8536538103456216e-17 -0.9999999999999999
  outer loop
    vertex 391.17938335143975 -358.3521373562255 5.000000000000205
    vertex 391.1054057510628 -357.79022169391243 5.000000000000205
    vertex 391.1054057510628 -335.9140530185384 5.000000000000205
  endloop
endfacet
facet normal 8.018792930512275e-16 -3.8536538103456216e-17 -0.9999999999999999
  outer loop
    vertex 391.17938335143975 -335.35213735622534 5.000000000000227
    vertex 391.17938335143975 -358.3521373562255 5.000000000000205
    vertex 391.1054057510628 -335.9140530185384 5.000000000000205
  endloop
endfacet
facet normal 8.018792930512275e-16 -3.8536538103456216e-17 -0.9999999999999999
  outer loop
    vertex 383.2807218995969 -335.35213735622557 5.000000000000205
    vertex 383.3062775298799 -335.54625164005256 5.000000000000205
    vertex 383.2807218995975 -358.3521373562258 5.000000000000205
  endloop
endfacet
facet normal 8.018792930512275e-16 -3.8536538103456216e-17 -0.9999999999999999
  outer loop
    vertex 383.3062775298799 -358.15802307239886 5.000000000000183
    vertex 383.2807218995975 -358.3521373562258 5.000000000000205
    vertex 383.3062775298799 -335.54625164005256 5.000000000000205
  endloop
endfacet
facet normal 8.018792930512275e-16 -3.8536538103456216e-17 -0.9999999999999999
  outer loop
    vertex 383.38120284675864 -357.97713735622574 5.000000000000183
    vertex 383.3062775298799 -358.15802307239886 5.000000000000183
    vertex 383.3062775298799 -335.54625164005256 5.000000000000205
  endloop
endfacet
facet normal 8.018792930512275e-16 -3.8536538103456216e-17 -0.9999999999999999
  outer loop
    vertex 383.38120284675864 -335.7271373562256 5.000000000000205
    vertex 383.38120284675864 -357.97713735622574 5.000000000000183
    vertex 383.3062775298799 -335.54625164005256 5.000000000000205
  endloop
endfacet
facet normal 8.018792930512275e-16 -3.8536538103456216e-17 -0.9999999999999999
  outer loop
    vertex 383.5003918137071 -357.82180727033585 5.000000000000205
    vertex 383.38120284675864 -357.97713735622574 5.000000000000183
    vertex 383.38120284675864 -335.7271373562256 5.000000000000205
  endloop
endfacet
facet normal 8.018792930512275e-16 -3.8536538103456216e-17 -0.9999999999999999
  outer loop
    vertex 383.5003918137071 -335.88246744211557 5.000000000000183
    vertex 383.5003918137071 -357.82180727033585 5.000000000000205
    vertex 383.38120284675864 -335.7271373562256 5.000000000000205
  endloop
endfacet
facet normal 8.018792930512275e-16 -3.8536538103456216e-17 -0.9999999999999999
  outer loop
    vertex 383.6557218995969 -357.70261830338745 5.000000000000205
    vertex 383.5003918137071 -357.82180727033585 5.000000000000205
    vertex 383.5003918137071 -335.88246744211557 5.000000000000183
  endloop
endfacet
facet normal 8.018792930512275e-16 -3.8536538103456216e-17 -0.9999999999999999
  outer loop
    vertex 383.6557218995969 -336.0016564090639 5.000000000000183
    vertex 383.6557218995969 -357.70261830338745 5.000000000000205
    vertex 383.5003918137071 -335.88246744211557 5.000000000000183
  endloop
endfacet
facet normal 8.018792930512275e-16 -3.8536538103456216e-17 -0.9999999999999999
  outer loop
    vertex 383.8366076157698 -357.6276929865089 5.000000000000205
    vertex 383.6557218995969 -357.70261830338745 5.000000000000205
    vertex 383.6557218995969 -336.0016564090639 5.000000000000183
  endloop
endfacet
facet normal 8.018792930512275e-16 -3.8536538103456216e-17 -0.9999999999999999
  outer loop
    vertex 383.8366076157698 -336.07658172594256 5.000000000000183
    vertex 383.8366076157698 -357.6276929865089 5.000000000000205
    vertex 383.6557218995969 -336.0016564090639 5.000000000000183
  endloop
endfacet
facet normal 8.018792930512275e-16 -3.8536538103456216e-17 -0.9999999999999999
  outer loop
    vertex 384.0307218995971 -357.6021373562257 5.000000000000205
    vertex 383.8366076157698 -357.6276929865089 5.000000000000205
    vertex 383.8366076157698 -336.07658172594256 5.000000000000183
  endloop
endfacet
facet normal 8.018792930512275e-16 -3.8536538103456216e-17 -0.9999999999999999
  outer loop
    vertex 384.0307218995971 -336.1021373562257 5.000000000000183
    vertex 384.0307218995971 -357.6021373562257 5.000000000000205
    vertex 383.8366076157698 -336.07658172594256 5.000000000000183
  endloop
endfacet
facet normal 8.018792930512275e-16 -3.8536538103456216e-17 -0.9999999999999999
  outer loop
    vertex 384.2248361834243 -357.6276929865089 5.000000000000183
    vertex 384.0307218995971 -357.6021373562257 5.000000000000205
    vertex 384.0307218995971 -336.1021373562257 5.000000000000183
  endloop
endfacet
facet normal 8.018792930512275e-16 -3.8536538103456216e-17 -0.9999999999999999
  outer loop
    vertex 384.2248361834243 -336.07658172594256 5.000000000000205
    vertex 384.2248361834243 -357.6276929865089 5.000000000000183
    vertex 384.0307218995971 -336.1021373562257 5.000000000000183
  endloop
endfacet
facet normal 8.018792930512275e-16 -3.8536538103456216e-17 -0.9999999999999999
  outer loop
    vertex 384.40572189959715 -357.70261830338745 5.000000000000183
    vertex 384.2248361834243 -357.6276929865089 5.000000000000183
    vertex 384.2248361834243 -336.07658172594256 5.000000000000205
  endloop
endfacet
facet normal 8.018792930512275e-16 -3.8536538103456216e-17 -0.9999999999999999
  outer loop
    vertex 384.40572189959715 -336.0016564090639 5.000000000000205
    vertex 384.40572189959715 -357.70261830338745 5.000000000000183
    vertex 384.2248361834243 -336.07658172594256 5.000000000000205
  endloop
endfacet
facet normal 8.018792930512275e-16 -3.8536538103456216e-17 -0.9999999999999999
  outer loop
    vertex 384.5610519854864 -357.82180727033585 5.000000000000183
    vertex 384.40572189959715 -357.70261830338745 5.000000000000183
    vertex 384.40572189959715 -336.0016564090639 5.000000000000205
  endloop
endfacet
facet normal 8.018792930512275e-16 -3.8536538103456216e-17 -0.9999999999999999
  outer loop
    vertex 384.5610519854864 -335.88246744211557 5.000000000000205
    vertex 384.5610519854864 -357.82180727033585 5.000000000000183
    vertex 384.40572189959715 -336.0016564090639 5.000000000000205
  endloop
endfacet
facet normal 8.018792930512275e-16 -3.8536538103456216e-17 -0.9999999999999999
  outer loop
    vertex 384.68024095243544 -357.97713735622574 5.000000000000183
    vertex 384.5610519854864 -357.82180727033585 5.000000000000183
    vertex 384.5610519854864 -335.88246744211557 5.000000000000205
  endloop
endfacet
facet normal 8.018792930512275e-16 -3.8536538103456216e-17 -0.9999999999999999
  outer loop
    vertex 384.68024095243544 -335.7271373562256 5.000000000000183
    vertex 384.68024095243544 -357.97713735622574 5.000000000000183
    vertex 384.5610519854864 -335.88246744211557 5.000000000000205
  endloop
endfacet
facet normal 8.018792930512275e-16 -3.8536538103456216e-17 -0.9999999999999999
  outer loop
    vertex 384.7551662693143 -358.15802307239886 5.000000000000205
    vertex 384.68024095243544 -357.97713735622574 5.000000000000183
    vertex 384.68024095243544 -335.7271373562256 5.000000000000183
  endloop
endfacet
facet normal 8.018792930512275e-16 -3.8536538103456216e-17 -0.9999999999999999
  outer loop
    vertex 384.7551662693137 -335.54625164005256 5.000000000000205
    vertex 384.7551662693143 -358.15802307239886 5.000000000000205
    vertex 384.68024095243544 -335.7271373562256 5.000000000000183
  endloop
endfacet
facet normal 8.018792930512275e-16 -3.8536538103456216e-17 -0.9999999999999999
  outer loop
    vertex 384.78072189959715 -335.35213735622557 5.000000000000205
    vertex 384.7551662693143 -358.15802307239886 5.000000000000205
    vertex 384.7551662693137 -335.54625164005256 5.000000000000205
  endloop
endfacet
facet normal 8.018792930512275e-16 -3.8536538103456216e-17 -0.9999999999999999
  outer loop
    vertex 384.7807218995966 -358.3521373562258 5.000000000000205
    vertex 384.7551662693143 -358.15802307239886 5.000000000000205
    vertex 384.78072189959715 -335.35213735622557 5.000000000000205
  endloop
endfacet
facet normal 8.018792930512275e-16 -3.8536538103456216e-17 -0.9999999999999999
  outer loop
    vertex 383.02092589302964 -408.6898655791145 5.000000000000205
    vertex 377.2447852503494 -412.8695444733917 5.000000000000205
    vertex 376.70198487471555 -411.30725664873614 5.000000000000205
  endloop
endfacet
facet normal 8.018792930512275e-16 -3.8536538103456216e-17 -0.9999999999999999
  outer loop
    vertex 377.08945516445954 -412.9887334403401 5.000000000000205
    vertex 376.70198487471555 -411.30725664873614 5.000000000000205
    vertex 377.2447852503494 -412.8695444733917 5.000000000000205
  endloop
endfacet
facet normal 8.018792930512275e-16 -3.8536538103456216e-17 -0.9999999999999999
  outer loop
    vertex 376.97026619751114 -413.14406352623 5.000000000000205
    vertex 376.70198487471555 -411.30725664873614 5.000000000000205
    vertex 377.08945516445954 -412.9887334403401 5.000000000000205
  endloop
endfacet
facet normal 8.018792930512275e-16 -3.8536538103456216e-17 -0.9999999999999999
  outer loop
    vertex 376.8953408806329 -413.32494924240314 5.000000000000183
    vertex 376.70198487471555 -411.30725664873614 5.000000000000205
    vertex 376.97026619751114 -413.14406352623 5.000000000000205
  endloop
endfacet
facet normal 8.018792930512275e-16 -3.8536538103456216e-17 -0.9999999999999999
  outer loop
    vertex 376.86978525034937 -413.5190635262301 5.000000000000183
    vertex 376.70198487471555 -411.30725664873614 5.000000000000205
    vertex 376.8953408806329 -413.32494924240314 5.000000000000183
  endloop
endfacet
facet normal 8.018792930512275e-16 -3.8536538103456216e-17 -0.9999999999999999
  outer loop
    vertex 377.4256709665229 -412.7946191565132 5.000000000000183
    vertex 377.2447852503494 -412.8695444733917 5.000000000000205
    vertex 383.02092589302964 -408.6898655791145 5.000000000000205
  endloop
endfacet
facet normal 8.018792930512275e-16 -3.8536538103456216e-17 -0.9999999999999999
  outer loop
    vertex 377.6197852503495 -412.76906352623 5.000000000000183
    vertex 377.4256709665229 -412.7946191565132 5.000000000000183
    vertex 383.02092589302964 -408.6898655791145 5.000000000000205
  endloop
endfacet
facet normal 8.018792930512275e-16 -3.8536538103456216e-17 -0.9999999999999999
  outer loop
    vertex 377.8138995341762 -412.7946191565132 5.000000000000205
    vertex 377.6197852503495 -412.76906352623 5.000000000000183
    vertex 383.02092589302964 -408.6898655791145 5.000000000000205
  endloop
endfacet
facet normal 8.018792930512275e-16 -3.8536538103456216e-17 -0.9999999999999999
  outer loop
    vertex 377.994785250349 -412.8695444733917 5.000000000000205
    vertex 377.8138995341762 -412.7946191565132 5.000000000000205
    vertex 383.02092589302964 -408.6898655791145 5.000000000000205
  endloop
endfacet
facet normal 8.018792930512275e-16 -3.8536538103456216e-17 -0.9999999999999999
  outer loop
    vertex 378.1501153362395 -412.9887334403401 5.000000000000205
    vertex 377.994785250349 -412.8695444733917 5.000000000000205
    vertex 383.02092589302964 -408.6898655791145 5.000000000000205
  endloop
endfacet
facet normal 8.018792930512275e-16 -3.8536538103456216e-17 -0.9999999999999999
  outer loop
    vertex 378.26930430318777 -413.14406352623 5.000000000000183
    vertex 378.1501153362395 -412.9887334403401 5.000000000000205
    vertex 383.02092589302964 -408.6898655791145 5.000000000000205
  endloop
endfacet
facet normal 8.018792930512275e-16 -3.8536538103456216e-17 -0.9999999999999999
  outer loop
    vertex 378.3442296200661 -413.32494924240314 5.000000000000205
    vertex 378.26930430318777 -413.14406352623 5.000000000000183
    vertex 383.02092589302964 -408.6898655791145 5.000000000000205
  endloop
endfacet
facet normal 8.018792930512275e-16 -3.8536538103456216e-17 -0.9999999999999999
  outer loop
    vertex 378.36978525034965 -413.5190635262301 5.000000000000183
    vertex 378.3442296200661 -413.32494924240314 5.000000000000205
    vertex 383.02092589302964 -408.6898655791145 5.000000000000205
  endloop
endfacet
facet normal 8.018792930512275e-16 -3.8536538103456216e-17 -0.9999999999999999
  outer loop
    vertex 380.7171648490931 -412.9335258253809 5.000000000000205
    vertex 378.36978525034965 -413.5190635262301 5.000000000000183
    vertex 383.02092589302964 -408.6898655791145 5.000000000000205
  endloop
endfacet
facet normal 8.018792930512275e-16 -3.8536538103456216e-17 -0.9999999999999999
  outer loop
    vertex 380.50027349917394 -413.4571478639168 5.000000000000205
    vertex 378.36978525034965 -413.5190635262301 5.000000000000183
    vertex 380.7171648490931 -412.9335258253809 5.000000000000205
  endloop
endfacet
facet normal 8.018792930512275e-16 -3.8536538103456216e-17 -0.9999999999999999
  outer loop
    vertex 380.42629589879704 -414.01906352622973 5.000000000000205
    vertex 378.36978525034965 -413.5190635262301 5.000000000000183
    vertex 380.50027349917394 -413.4571478639168 5.000000000000205
  endloop
endfacet
facet normal 8.018792930512275e-16 -3.8536538103456216e-17 -0.9999999999999999
  outer loop
    vertex 381.0621891614865 -412.4838813872219 5.000000000000205
    vertex 380.7171648490931 -412.9335258253809 5.000000000000205
    vertex 383.02092589302964 -408.6898655791145 5.000000000000205
  endloop
endfacet
facet normal 8.018792930512275e-16 -3.8536538103456216e-17 -0.9999999999999999
  outer loop
    vertex 381.5118335996455 -412.1388570748279 5.000000000000205
    vertex 381.0621891614865 -412.4838813872219 5.000000000000205
    vertex 383.02092589302964 -408.6898655791145 5.000000000000205
  endloop
endfacet
facet normal 8.018792930512275e-16 -3.8536538103456216e-17 -0.9999999999999999
  outer loop
    vertex 382.0354556381815 -411.92196572490906 5.000000000000183
    vertex 381.5118335996455 -412.1388570748279 5.000000000000205
    vertex 383.02092589302964 -408.6898655791145 5.000000000000205
  endloop
endfacet
facet normal 8.018792930512275e-16 -3.8536538103456216e-17 -0.9999999999999999
  outer loop
    vertex 382.5973713004946 -411.84798812453215 5.000000000000205
    vertex 382.0354556381815 -411.92196572490906 5.000000000000183
    vertex 383.02092589302964 -408.6898655791145 5.000000000000205
  endloop
endfacet
facet normal 8.018792930512275e-16 -3.8536538103456216e-17 -0.9999999999999999
  outer loop
    vertex 383.15928696280764 -411.92196572490906 5.000000000000205
    vertex 382.5973713004946 -411.84798812453215 5.000000000000205
    vertex 383.02092589302964 -408.6898655791145 5.000000000000205
  endloop
endfacet
facet normal 8.018792930512275e-16 -3.8536538103456216e-17 -0.9999999999999999
  outer loop
    vertex 388.44712356011706 -404.52619766704913 5.000000000000205
    vertex 383.15928696280764 -411.92196572490906 5.000000000000205
    vertex 383.02092589302964 -408.6898655791145 5.000000000000205
  endloop
endfacet
facet normal 8.018792930512275e-16 -3.8536538103456216e-17 -0.9999999999999999
  outer loop
    vertex 383.6829090013431 -412.1388570748279 5.000000000000205
    vertex 383.15928696280764 -411.92196572490906 5.000000000000205
    vertex 388.44712356011706 -404.52619766704913 5.000000000000205
  endloop
endfacet
facet normal 8.018792930512275e-16 -3.8536538103456216e-17 -0.9999999999999999
  outer loop
    vertex 384.1325534395027 -412.4838813872219 5.000000000000205
    vertex 383.6829090013431 -412.1388570748279 5.000000000000205
    vertex 388.44712356011706 -404.52619766704913 5.000000000000205
  endloop
endfacet
facet normal 8.018792930512275e-16 -3.8536538103456216e-17 -0.9999999999999999
  outer loop
    vertex 384.47757775189604 -412.9335258253809 5.000000000000205
    vertex 384.1325534395027 -412.4838813872219 5.000000000000205
    vertex 388.44712356011706 -404.52619766704913 5.000000000000205
  endloop
endfacet
facet normal 8.018792930512275e-16 -3.8536538103456216e-17 -0.9999999999999999
  outer loop
    vertex 384.69446910181523 -413.4571478639168 5.000000000000227
    vertex 384.47757775189604 -412.9335258253809 5.000000000000205
    vertex 388.44712356011706 -404.52619766704913 5.000000000000205
  endloop
endfacet
facet normal 8.018792930512275e-16 -3.8536538103456216e-17 -0.9999999999999999
  outer loop
    vertex 384.76844670219276 -414.01906352622973 5.000000000000183
    vertex 384.69446910181523 -413.4571478639168 5.000000000000227
    vertex 388.44712356011706 -404.52619766704913 5.000000000000205
  endloop
endfacet
facet normal 8.018792930512275e-16 -3.8536538103456216e-17 -0.9999999999999999
  outer loop
    vertex 399.4209258930554 -434.15178654782375 5.000000000000205
    vertex 382.0354556381815 -438.0040450001047 5.000000000000205
    vertex 371.969139345231 -434.15178654782403 5.000000000000205
  endloop
endfacet
facet normal 8.018792930512275e-16 -3.8536538103456216e-17 -0.9999999999999999
  outer loop
    vertex 381.5118335996455 -438.2209363500236 5.000000000000205
    vertex 371.969139345231 -434.15178654782403 5.000000000000205
    vertex 382.0354556381815 -438.0040450001047 5.000000000000205
  endloop
endfacet
facet normal 8.018792930512275e-16 -3.8536538103456216e-17 -0.9999999999999999
  outer loop
    vertex 377.2447852503494 -440.4516237485874 5.000000000000183
    vertex 371.969139345231 -434.15178654782403 5.000000000000205
    vertex 381.5118335996455 -438.2209363500236 5.000000000000205
  endloop
endfacet
facet normal 8.018792930512275e-16 -3.8536538103456216e-17 -0.9999999999999999
  outer loop
    vertex 377.08945516445954 -440.57081271553574 5.000000000000205
    vertex 371.969139345231 -434.15178654782403 5.000000000000205
    vertex 377.2447852503494 -440.4516237485874 5.000000000000183
  endloop
endfacet
facet normal 8.018792930512275e-16 -3.8536538103456216e-17 -0.9999999999999999
  outer loop
    vertex 376.97026619751114 -440.7261428014257 5.000000000000183
    vertex 371.969139345231 -434.15178654782403 5.000000000000205
    vertex 377.08945516445954 -440.57081271553574 5.000000000000205
  endloop
endfacet
facet normal 8.018792930512275e-16 -3.8536538103456216e-17 -0.9999999999999999
  outer loop
    vertex 376.8953408806329 -440.9070285175987 5.000000000000183
    vertex 371.969139345231 -434.15178654782403 5.000000000000205
    vertex 376.97026619751114 -440.7261428014257 5.000000000000183
  endloop
endfacet
facet normal 8.018792930512275e-16 -3.8536538103456216e-17 -0.9999999999999999
  outer loop
    vertex 376.86978525034937 -441.1011428014257 5.000000000000205
    vertex 371.969139345231 -434.15178654782403 5.000000000000205
    vertex 376.8953408806329 -440.9070285175987 5.000000000000183
  endloop
endfacet
facet normal 8.018792930512275e-16 -3.8536538103456216e-17 -0.9999999999999999
  outer loop
    vertex 377.4256709665229 -440.3766984317088 5.000000000000183
    vertex 377.2447852503494 -440.4516237485874 5.000000000000183
    vertex 381.5118335996455 -438.2209363500236 5.000000000000205
  endloop
endfacet
facet normal 8.018792930512275e-16 -3.8536538103456216e-17 -0.9999999999999999
  outer loop
    vertex 377.6197852503495 -440.35114280142585 5.000000000000205
    vertex 377.4256709665229 -440.3766984317088 5.000000000000183
    vertex 381.5118335996455 -438.2209363500236 5.000000000000205
  endloop
endfacet
facet normal 8.018792930512275e-16 -3.8536538103456216e-17 -0.9999999999999999
  outer loop
    vertex 377.8138995341762 -440.3766984317091 5.000000000000205
    vertex 377.6197852503495 -440.35114280142585 5.000000000000205
    vertex 381.5118335996455 -438.2209363500236 5.000000000000205
  endloop
endfacet
facet normal 8.018792930512275e-16 -3.8536538103456216e-17 -0.9999999999999999
  outer loop
    vertex 377.9947852503495 -440.4516237485874 5.000000000000205
    vertex 377.8138995341762 -440.3766984317091 5.000000000000205
    vertex 381.5118335996455 -438.2209363500236 5.000000000000205
  endloop
endfacet
facet normal 8.018792930512275e-16 -3.8536538103456216e-17 -0.9999999999999999
  outer loop
    vertex 378.1501153362395 -440.57081271553574 5.000000000000183
    vertex 377.9947852503495 -440.4516237485874 5.000000000000205
    vertex 381.5118335996455 -438.2209363500236 5.000000000000205
  endloop
endfacet
facet normal 8.018792930512275e-16 -3.8536538103456216e-17 -0.9999999999999999
  outer loop
    vertex 381.0621891614865 -438.5659606624175 5.000000000000183
    vertex 378.1501153362395 -440.57081271553574 5.000000000000183
    vertex 381.5118335996455 -438.2209363500236 5.000000000000205
  endloop
endfacet
facet normal 8.018792930512275e-16 -3.8536538103456216e-17 -0.9999999999999999
  outer loop
    vertex 378.26930430318777 -440.7261428014257 5.000000000000183
    vertex 378.1501153362395 -440.57081271553574 5.000000000000183
    vertex 381.0621891614865 -438.5659606624175 5.000000000000183
  endloop
endfacet
facet normal 8.018792930512275e-16 -3.8536538103456216e-17 -0.9999999999999999
  outer loop
    vertex 378.3442296200661 -440.9070285175987 5.000000000000205
    vertex 378.26930430318777 -440.7261428014257 5.000000000000183
    vertex 381.0621891614865 -438.5659606624175 5.000000000000183
  endloop
endfacet
facet normal 8.018792930512275e-16 -3.8536538103456216e-17 -0.9999999999999999
  outer loop
    vertex 378.36978525034965 -441.1011428014257 5.000000000000205
    vertex 378.3442296200661 -440.9070285175987 5.000000000000205
    vertex 381.0621891614865 -438.5659606624175 5.000000000000183
  endloop
endfacet
facet normal 8.018792930512275e-16 -3.8536538103456216e-17 -0.9999999999999999
  outer loop
    vertex 380.7171648490931 -439.0156051005766 5.000000000000205
    vertex 378.36978525034965 -441.1011428014257 5.000000000000205
    vertex 381.0621891614865 -438.5659606624175 5.000000000000183
  endloop
endfacet
facet normal 8.018792930512275e-16 -3.8536538103456216e-17 -0.9999999999999999
  outer loop
    vertex 380.5002734991745 -439.53922713911254 5.000000000000205
    vertex 378.36978525034965 -441.1011428014257 5.000000000000205
    vertex 380.7171648490931 -439.0156051005766 5.000000000000205
  endloop
endfacet
facet normal 8.018792930512275e-16 -3.8536538103456216e-17 -0.9999999999999999
  outer loop
    vertex 380.4262958987976 -440.10114280142534 5.000000000000205
    vertex 378.36978525034965 -441.1011428014257 5.000000000000205
    vertex 380.5002734991745 -439.53922713911254 5.000000000000205
  endloop
endfacet
facet normal 8.018792930512275e-16 -3.8536538103456216e-17 -0.9999999999999999
  outer loop
    vertex 382.5973713004946 -437.93006739972776 5.000000000000183
    vertex 382.0354556381815 -438.0040450001047 5.000000000000205
    vertex 399.4209258930554 -434.15178654782375 5.000000000000205
  endloop
endfacet
facet normal 8.018792930512275e-16 -3.8536538103456216e-17 -0.9999999999999999
  outer loop
    vertex 383.15928696280764 -438.0040450001047 5.000000000000205
    vertex 382.5973713004946 -437.93006739972776 5.000000000000183
    vertex 399.4209258930554 -434.15178654782375 5.000000000000205
  endloop
endfacet
facet normal 8.018792930512275e-16 -3.8536538103456216e-17 -0.9999999999999999
  outer loop
    vertex 383.6829090013437 -438.2209363500236 5.000000000000205
    vertex 383.15928696280764 -438.0040450001047 5.000000000000205
    vertex 399.4209258930554 -434.15178654782375 5.000000000000205
  endloop
endfacet
facet normal 8.018792930512275e-16 -3.8536538103456216e-17 -0.9999999999999999
  outer loop
    vertex 384.1325534395027 -438.5659606624175 5.000000000000227
    vertex 383.6829090013437 -438.2209363500236 5.000000000000205
    vertex 399.4209258930554 -434.15178654782375 5.000000000000205
  endloop
endfacet
facet normal 8.018792930512275e-16 -3.8536538103456216e-17 -0.9999999999999999
  outer loop
    vertex 384.47757775189666 -439.0156051005766 5.000000000000227
    vertex 384.1325534395027 -438.5659606624175 5.000000000000227
    vertex 399.4209258930554 -434.15178654782375 5.000000000000205
  endloop
endfacet
facet normal 8.018792930512275e-16 -3.8536538103456216e-17 -0.9999999999999999
  outer loop
    vertex 384.69446910181523 -439.53922713911254 5.000000000000227
    vertex 384.47757775189666 -439.0156051005766 5.000000000000227
    vertex 399.4209258930554 -434.15178654782375 5.000000000000205
  endloop
endfacet
facet normal 8.018792930512275e-16 -3.8536538103456216e-17 -0.9999999999999999
  outer loop
    vertex 384.76844670219276 -440.10114280142534 5.000000000000227
    vertex 384.69446910181523 -439.53922713911254 5.000000000000227
    vertex 399.4209258930554 -434.15178654782375 5.000000000000205
  endloop
endfacet
facet normal 8.018792930512275e-16 -3.8536538103456216e-17 -0.9999999999999999
  outer loop
    vertex 428.9473959304028 -385.0490843057721 5.000000000000244
    vertex 429.1324129090882 -384.98503617525245 5.000000000000244
    vertex 429.09202866557587 -396.9077437799108 5.000000000000882
  endloop
endfacet
facet normal 8.018792930512275e-16 -3.8536538103456216e-17 -0.9999999999999999
  outer loop
    vertex 429.29454871111983 -384.8752845141071 5.000000000000244
    vertex 429.09202866557587 -396.9077437799108 5.000000000000882
    vertex 429.1324129090882 -384.98503617525245 5.000000000000244
  endloop
endfacet
facet normal 8.018792930512275e-16 -3.8536538103456216e-17 -0.9999999999999999
  outer loop
    vertex 429.4227540495333 -384.7273087166697 5.000000000000244
    vertex 429.09202866557587 -396.9077437799108 5.000000000000882
    vertex 429.29454871111983 -384.8752845141071 5.000000000000244
  endloop
endfacet
facet normal 8.018792930512275e-16 -3.8536538103456216e-17 -0.9999999999999999
  outer loop
    vertex 429.5082919423833 -384.55119308899424 5.000000000000244
    vertex 429.09202866557587 -396.9077437799108 5.000000000000882
    vertex 429.4227540495333 -384.7273087166697 5.000000000000244
  endloop
endfacet
facet normal 8.018792930512275e-16 -3.8536538103456216e-17 -0.9999999999999999
  outer loop
    vertex 452.749823120537 -330.00000000000637 5.000000000000205
    vertex 429.09202866557587 -396.9077437799108 5.000000000000882
    vertex 429.5082919423833 -384.55119308899424 5.000000000000244
  endloop
endfacet
facet normal 8.018792930512275e-16 -3.8536538103456216e-17 -0.9999999999999999
  outer loop
    vertex 429.5453331236303 -384.3589396200615 5.000000000000244
    vertex 452.749823120537 -330.00000000000637 5.000000000000205
    vertex 429.5082919423833 -384.55119308899424 5.000000000000244
  endloop
endfacet
facet normal 8.018792930512275e-16 -3.8536538103456216e-17 -0.9999999999999999
  outer loop
    vertex 430.42964871340365 -380.27692038503955 5.000000000000244
    vertex 452.749823120537 -330.00000000000637 5.000000000000205
    vertex 429.5453331236303 -384.3589396200615 5.000000000000244
  endloop
endfacet
facet normal 8.018792930512275e-16 -3.8536538103456216e-17 -0.9999999999999999
  outer loop
    vertex 430.1820364266306 -380.78673412784093 5.000000000000244
    vertex 430.42964871340365 -380.27692038503955 5.000000000000244
    vertex 429.5453331236303 -384.3589396200615 5.000000000000244
  endloop
endfacet
facet normal 8.018792930512275e-16 -3.8536538103456216e-17 -0.9999999999999999
  outer loop
    vertex 429.8109118178385 -381.2150896129916 5.000000000000244
    vertex 430.1820364266306 -380.78673412784093 5.000000000000244
    vertex 429.5453331236303 -384.3589396200615 5.000000000000244
  endloop
endfacet
facet normal 8.018792930512275e-16 -3.8536538103456216e-17 -0.9999999999999999
  outer loop
    vertex 430.536874310013 -379.7203913486523 5.000000000000244
    vertex 452.749823120537 -330.00000000000637 5.000000000000205
    vertex 430.42964871340365 -380.27692038503955 5.000000000000244
  endloop
endfacet
facet normal 8.018792930512275e-16 -3.8536538103456216e-17 -0.9999999999999999
  outer loop
    vertex 444.2717967773819 -336.00165640906334 5.000000000000244
    vertex 452.749823120537 -330.00000000000637 5.000000000000205
    vertex 430.536874310013 -379.7203913486523 5.000000000000244
  endloop
endfacet
facet normal 8.018792930512275e-16 -3.8536538103456216e-17 -0.9999999999999999
  outer loop
    vertex 444.0909110612091 -336.0765817259419 5.000000000000244
    vertex 444.2717967773819 -336.00165640906334 5.000000000000244
    vertex 430.536874310013 -379.7203913486523 5.000000000000244
  endloop
endfacet
facet normal 8.018792930512275e-16 -3.8536538103456216e-17 -0.9999999999999999
  outer loop
    vertex 439.4811263895499 -337.44923515754624 5.000000000000244
    vertex 444.0909110612091 -336.0765817259419 5.000000000000244
    vertex 430.536874310013 -379.7203913486523 5.000000000000244
  endloop
endfacet
facet normal 8.018792930512275e-16 -3.8536538103456216e-17 -0.9999999999999999
  outer loop
    vertex 438.9192107272374 -337.52321275792315 5.000000000000244
    vertex 439.4811263895499 -337.44923515754624 5.000000000000244
    vertex 430.536874310013 -379.7203913486523 5.000000000000244
  endloop
endfacet
facet normal 8.018792930512275e-16 -3.8536538103456216e-17 -0.9999999999999999
  outer loop
    vertex 438.3572950649241 -337.4492351575459 5.000000000000244
    vertex 438.9192107272374 -337.52321275792315 5.000000000000244
    vertex 430.536874310013 -379.7203913486523 5.000000000000244
  endloop
endfacet
facet normal 8.018792930512275e-16 -3.8536538103456216e-17 -0.9999999999999999
  outer loop
    vertex 437.8336730263883 -337.2323438076273 5.000000000000244
    vertex 438.3572950649241 -337.4492351575459 5.000000000000244
    vertex 430.536874310013 -379.7203913486523 5.000000000000244
  endloop
endfacet
facet normal 8.018792930512275e-16 -3.8536538103456216e-17 -0.9999999999999999
  outer loop
    vertex 437.3840285882292 -336.8873194952333 5.000000000000227
    vertex 437.8336730263883 -337.2323438076273 5.000000000000244
    vertex 430.536874310013 -379.7203913486523 5.000000000000244
  endloop
endfacet
facet normal 8.018792930512275e-16 -3.8536538103456216e-17 -0.9999999999999999
  outer loop
    vertex 432.05426221703385 -330.00000000000637 5.000000000000183
    vertex 437.3840285882292 -336.8873194952333 5.000000000000227
    vertex 430.536874310013 -379.7203913486523 5.000000000000244
  endloop
endfacet
facet normal 8.018792930512275e-16 -3.8536538103456216e-17 -0.9999999999999999
  outer loop
    vertex 437.0390042758353 -336.4376750570744 5.000000000000227
    vertex 437.3840285882292 -336.8873194952333 5.000000000000227
    vertex 432.05426221703385 -330.00000000000637 5.000000000000183
  endloop
endfacet
facet normal 8.018792930512275e-16 -3.8536538103456216e-17 -0.9999999999999999
  outer loop
    vertex 436.8221129259161 -335.9140530185384 5.000000000000227
    vertex 437.0390042758353 -336.4376750570744 5.000000000000227
    vertex 432.05426221703385 -330.00000000000637 5.000000000000183
  endloop
endfacet
facet normal 8.018792930512275e-16 -3.8536538103456216e-17 -0.9999999999999999
  outer loop
    vertex 436.7481353255392 -335.35213735622534 5.000000000000244
    vertex 436.8221129259161 -335.9140530185384 5.000000000000227
    vertex 432.05426221703385 -330.00000000000637 5.000000000000183
  endloop
endfacet
facet normal 8.018792930512275e-16 -3.8536538103456216e-17 -0.9999999999999999
  outer loop
    vertex 440.00474842808643 -337.23234380762705 5.000000000000244
    vertex 444.0909110612091 -336.0765817259419 5.000000000000244
    vertex 439.4811263895499 -337.44923515754624 5.000000000000244
  endloop
endfacet
facet normal 8.018792930512275e-16 -3.8536538103456216e-17 -0.9999999999999999
  outer loop
    vertex 440.45439286624475 -336.88731949523304 5.000000000000244
    vertex 444.0909110612091 -336.0765817259419 5.000000000000244
    vertex 440.00474842808643 -337.23234380762705 5.000000000000244
  endloop
endfacet
facet normal 8.018792930512275e-16 -3.8536538103456216e-17 -0.9999999999999999
  outer loop
    vertex 443.89679677738246 -336.10213735622517 5.000000000000244
    vertex 444.0909110612091 -336.0765817259419 5.000000000000244
    vertex 440.45439286624475 -336.88731949523304 5.000000000000244
  endloop
endfacet
facet normal 8.018792930512275e-16 -3.8536538103456216e-17 -0.9999999999999999
  outer loop
    vertex 440.7994171786387 -336.4376750570744 5.000000000000244
    vertex 443.89679677738246 -336.10213735622517 5.000000000000244
    vertex 440.45439286624475 -336.88731949523304 5.000000000000244
  endloop
endfacet
facet normal 8.018792930512275e-16 -3.8536538103456216e-17 -0.9999999999999999
  outer loop
    vertex 441.0163085285574 -335.9140530185384 5.000000000000244
    vertex 443.89679677738246 -336.10213735622517 5.000000000000244
    vertex 440.7994171786387 -336.4376750570744 5.000000000000244
  endloop
endfacet
facet normal 8.018792930512275e-16 -3.8536538103456216e-17 -0.9999999999999999
  outer loop
    vertex 443.70268249355524 -336.0765817259419 5.000000000000244
    vertex 443.89679677738246 -336.10213735622517 5.000000000000244
    vertex 441.0163085285574 -335.9140530185384 5.000000000000244
  endloop
endfacet
facet normal 8.018792930512275e-16 -3.8536538103456216e-17 -0.9999999999999999
  outer loop
    vertex 441.0902861289343 -335.35213735622534 5.000000000000244
    vertex 443.70268249355524 -336.0765817259419 5.000000000000244
    vertex 441.0163085285574 -335.9140530185384 5.000000000000244
  endloop
endfacet
facet normal 8.018792930512275e-16 -3.8536538103456216e-17 -0.9999999999999999
  outer loop
    vertex 443.5217967773823 -336.00165640906334 5.000000000000244
    vertex 443.70268249355524 -336.0765817259419 5.000000000000244
    vertex 441.0902861289343 -335.35213735622534 5.000000000000244
  endloop
endfacet
facet normal 8.018792930512275e-16 -3.8536538103456216e-17 -0.9999999999999999
  outer loop
    vertex 443.36646669149246 -335.88246744211494 5.000000000000244
    vertex 443.5217967773823 -336.00165640906334 5.000000000000244
    vertex 441.0902861289343 -335.35213735622534 5.000000000000244
  endloop
endfacet
facet normal 8.018792930512275e-16 -3.8536538103456216e-17 -0.9999999999999999
  outer loop
    vertex 443.24727772454355 -335.72713735622506 5.000000000000244
    vertex 443.36646669149246 -335.88246744211494 5.000000000000244
    vertex 441.0902861289343 -335.35213735622534 5.000000000000244
  endloop
endfacet
facet normal 8.018792930512275e-16 -3.8536538103456216e-17 -0.9999999999999999
  outer loop
    vertex 443.1723524076657 -335.54625164005193 5.0000000000002505
    vertex 443.24727772454355 -335.72713735622506 5.000000000000244
    vertex 441.0902861289343 -335.35213735622534 5.000000000000244
  endloop
endfacet
facet normal 8.018792930512275e-16 -3.8536538103456216e-17 -0.9999999999999999
  outer loop
    vertex 443.14679677738235 -335.35213735622494 5.0000000000002505
    vertex 443.1723524076657 -335.54625164005193 5.0000000000002505
    vertex 441.0902861289343 -335.35213735622534 5.000000000000244
  endloop
endfacet
facet normal 8.018792930512275e-16 -3.8536538103456216e-17 -0.9999999999999999
  outer loop
    vertex 444.42712686327246 -335.88246744211494 5.000000000000244
    vertex 452.749823120537 -330.00000000000637 5.000000000000205
    vertex 444.2717967773819 -336.00165640906334 5.000000000000244
  endloop
endfacet
facet normal 8.018792930512275e-16 -3.8536538103456216e-17 -0.9999999999999999
  outer loop
    vertex 444.5463158302202 -335.72713735622506 5.0000000000002505
    vertex 452.749823120537 -330.00000000000637 5.000000000000205
    vertex 444.42712686327246 -335.88246744211494 5.000000000000244
  endloop
endfacet
facet normal 8.018792930512275e-16 -3.8536538103456216e-17 -0.9999999999999999
  outer loop
    vertex 444.62124114709906 -335.54625164005193 5.0000000000002505
    vertex 452.749823120537 -330.00000000000637 5.000000000000205
    vertex 444.5463158302202 -335.72713735622506 5.0000000000002505
  endloop
endfacet
facet normal 8.018792930512275e-16 -3.8536538103456216e-17 -0.9999999999999999
  outer loop
    vertex 444.6467967773826 -335.35213735622494 5.0000000000002505
    vertex 452.749823120537 -330.00000000000637 5.000000000000205
    vertex 444.62124114709906 -335.54625164005193 5.0000000000002505
  endloop
endfacet
facet normal 8.018792930512275e-16 -3.8536538103456216e-17 -0.9999999999999999
  outer loop
    vertex 452.749823120537 -330.00000000000637 5.000000000000205
    vertex 438.3572950649241 -333.25503955490467 5.000000000000244
    vertex 432.05426221703385 -330.00000000000637 5.000000000000183
  endloop
endfacet
facet normal 8.018792930512275e-16 -3.8536538103456216e-17 -0.9999999999999999
  outer loop
    vertex 437.8336730263883 -333.4719309048235 5.000000000000227
    vertex 432.05426221703385 -330.00000000000637 5.000000000000183
    vertex 438.3572950649241 -333.25503955490467 5.000000000000244
  endloop
endfacet
facet normal 8.018792930512275e-16 -3.8536538103456216e-17 -0.9999999999999999
  outer loop
    vertex 437.3840285882292 -333.81695521721775 5.000000000000227
    vertex 432.05426221703385 -330.00000000000637 5.000000000000183
    vertex 437.8336730263883 -333.4719309048235 5.000000000000227
  endloop
endfacet
facet normal 8.018792930512275e-16 -3.8536538103456216e-17 -0.9999999999999999
  outer loop
    vertex 437.0390042758353 -334.2665996553768 5.000000000000244
    vertex 432.05426221703385 -330.00000000000637 5.000000000000183
    vertex 437.3840285882292 -333.81695521721775 5.000000000000227
  endloop
endfacet
facet normal 8.018792930512275e-16 -3.8536538103456216e-17 -0.9999999999999999
  outer loop
    vertex 436.8221129259161 -334.79022169391243 5.000000000000244
    vertex 432.05426221703385 -330.00000000000637 5.000000000000183
    vertex 437.0390042758353 -334.2665996553768 5.000000000000244
  endloop
endfacet
facet normal 8.018792930512275e-16 -3.8536538103456216e-17 -0.9999999999999999
  outer loop
    vertex 436.7481353255392 -335.35213735622534 5.000000000000244
    vertex 432.05426221703385 -330.00000000000637 5.000000000000183
    vertex 436.8221129259161 -334.79022169391243 5.000000000000244
  endloop
endfacet
facet normal 8.018792930512275e-16 -3.8536538103456216e-17 -0.9999999999999999
  outer loop
    vertex 438.9192107272374 -333.18106195452776 5.000000000000244
    vertex 438.3572950649241 -333.25503955490467 5.000000000000244
    vertex 452.749823120537 -330.00000000000637 5.000000000000205
  endloop
endfacet
facet normal 8.018792930512275e-16 -3.8536538103456216e-17 -0.9999999999999999
  outer loop
    vertex 439.4811263895499 -333.25503955490467 5.000000000000244
    vertex 438.9192107272374 -333.18106195452776 5.000000000000244
    vertex 452.749823120537 -330.00000000000637 5.000000000000205
  endloop
endfacet
facet normal 8.018792930512275e-16 -3.8536538103456216e-17 -0.9999999999999999
  outer loop
    vertex 440.00474842808586 -333.4719309048235 5.000000000000244
    vertex 439.4811263895499 -333.25503955490467 5.000000000000244
    vertex 452.749823120537 -330.00000000000637 5.000000000000205
  endloop
endfacet
facet normal 8.018792930512275e-16 -3.8536538103456216e-17 -0.9999999999999999
  outer loop
    vertex 440.45439286624475 -333.81695521721775 5.000000000000244
    vertex 440.00474842808586 -333.4719309048235 5.000000000000244
    vertex 452.749823120537 -330.00000000000637 5.000000000000205
  endloop
endfacet
facet normal 8.018792930512275e-16 -3.8536538103456216e-17 -0.9999999999999999
  outer loop
    vertex 440.7994171786387 -334.2665996553765 5.000000000000244
    vertex 440.45439286624475 -333.81695521721775 5.000000000000244
    vertex 452.749823120537 -330.00000000000637 5.000000000000205
  endloop
endfacet
facet normal 8.018792930512275e-16 -3.8536538103456216e-17 -0.9999999999999999
  outer loop
    vertex 441.0163085285574 -334.79022169391243 5.0000000000002505
    vertex 440.7994171786387 -334.2665996553765 5.000000000000244
    vertex 452.749823120537 -330.00000000000637 5.000000000000205
  endloop
endfacet
facet normal 8.018792930512275e-16 -3.8536538103456216e-17 -0.9999999999999999
  outer loop
    vertex 441.0902861289343 -335.35213735622534 5.000000000000244
    vertex 441.0163085285574 -334.79022169391243 5.0000000000002505
    vertex 452.749823120537 -330.00000000000637 5.000000000000205
  endloop
endfacet
facet normal 8.018792930512275e-16 -3.8536538103456216e-17 -0.9999999999999999
  outer loop
    vertex 443.52179677738184 -334.70261830338694 5.000000000000244
    vertex 441.0902861289343 -335.35213735622534 5.000000000000244
    vertex 452.749823120537 -330.00000000000637 5.000000000000205
  endloop
endfacet
facet normal 8.018792930512275e-16 -3.8536538103456216e-17 -0.9999999999999999
  outer loop
    vertex 443.36646669149246 -334.82180727033534 5.000000000000244
    vertex 441.0902861289343 -335.35213735622534 5.000000000000244
    vertex 443.52179677738184 -334.70261830338694 5.000000000000244
  endloop
endfacet
facet normal 8.018792930512275e-16 -3.8536538103456216e-17 -0.9999999999999999
  outer loop
    vertex 443.24727772454355 -334.9771373562252 5.000000000000244
    vertex 441.0902861289343 -335.35213735622534 5.000000000000244
    vertex 443.36646669149246 -334.82180727033534 5.000000000000244
  endloop
endfacet
facet normal 8.018792930512275e-16 -3.8536538103456216e-17 -0.9999999999999999
  outer loop
    vertex 443.1723524076657 -335.1580230723984 5.0000000000002505
    vertex 441.0902861289343 -335.35213735622534 5.000000000000244
    vertex 443.24727772454355 -334.9771373562252 5.000000000000244
  endloop
endfacet
facet normal 8.018792930512275e-16 -3.8536538103456216e-17 -0.9999999999999999
  outer loop
    vertex 443.14679677738235 -335.35213735622494 5.0000000000002505
    vertex 441.0902861289343 -335.35213735622534 5.000000000000244
    vertex 443.1723524076657 -335.1580230723984 5.0000000000002505
  endloop
endfacet
facet normal 8.018792930512275e-16 -3.8536538103456216e-17 -0.9999999999999999
  outer loop
    vertex 443.70268249355524 -334.6276929865084 5.000000000000244
    vertex 443.52179677738184 -334.70261830338694 5.000000000000244
    vertex 452.749823120537 -330.00000000000637 5.000000000000205
  endloop
endfacet
facet normal 8.018792930512275e-16 -3.8536538103456216e-17 -0.9999999999999999
  outer loop
    vertex 443.89679677738246 -334.6021373562251 5.000000000000244
    vertex 443.70268249355524 -334.6276929865084 5.000000000000244
    vertex 452.749823120537 -330.00000000000637 5.000000000000205
  endloop
endfacet
facet normal 8.018792930512275e-16 -3.8536538103456216e-17 -0.9999999999999999
  outer loop
    vertex 444.0909110612091 -334.6276929865084 5.000000000000244
    vertex 443.89679677738246 -334.6021373562251 5.000000000000244
    vertex 452.749823120537 -330.00000000000637 5.000000000000205
  endloop
endfacet
facet normal 8.018792930512275e-16 -3.8536538103456216e-17 -0.9999999999999999
  outer loop
    vertex 444.2717967773819 -334.70261830338694 5.000000000000244
    vertex 444.0909110612091 -334.6276929865084 5.000000000000244
    vertex 452.749823120537 -330.00000000000637 5.000000000000205
  endloop
endfacet
facet normal 8.018792930512275e-16 -3.8536538103456216e-17 -0.9999999999999999
  outer loop
    vertex 444.42712686327246 -334.82180727033534 5.000000000000244
    vertex 444.2717967773819 -334.70261830338694 5.000000000000244
    vertex 452.749823120537 -330.00000000000637 5.000000000000205
  endloop
endfacet
facet normal 8.018792930512275e-16 -3.8536538103456216e-17 -0.9999999999999999
  outer loop
    vertex 444.5463158302202 -334.9771373562252 5.0000000000002505
    vertex 444.42712686327246 -334.82180727033534 5.000000000000244
    vertex 452.749823120537 -330.00000000000637 5.000000000000205
  endloop
endfacet
facet normal 8.018792930512275e-16 -3.8536538103456216e-17 -0.9999999999999999
  outer loop
    vertex 444.62124114709906 -335.1580230723984 5.0000000000002505
    vertex 444.5463158302202 -334.9771373562252 5.0000000000002505
    vertex 452.749823120537 -330.00000000000637 5.000000000000205
  endloop
endfacet
facet normal 8.018792930512275e-16 -3.8536538103456216e-17 -0.9999999999999999
  outer loop
    vertex 444.6467967773826 -335.35213735622494 5.0000000000002505
    vertex 444.62124114709906 -335.1580230723984 5.0000000000002505
    vertex 452.749823120537 -330.00000000000637 5.000000000000205
  endloop
endfacet
facet normal 8.018792930512275e-16 -3.8536538103456216e-17 -0.9999999999999999
  outer loop
    vertex 373.2920286655769 -357.864701426009 5.000000000000205
    vertex 374.4008732873725 -357.69238876259396 5.000000000000205
    vertex 373.29202866557813 -360.21748360011463 5.000000000000205
  endloop
endfacet
facet normal 8.018792930512275e-16 -3.8536538103456216e-17 -0.9999999999999999
  outer loop
    vertex 376.7019848747457 -360.69274335123316 5.000000000000205
    vertex 373.29202866557813 -360.21748360011463 5.000000000000205
    vertex 374.4008732873725 -357.69238876259396 5.000000000000205
  endloop
endfacet
facet normal 8.018792930512275e-16 -3.8536538103456216e-17 -0.9999999999999999
  outer loop
    vertex 376.57818131562016 -356.79051824782783 5.000000000000183
    vertex 376.7019848747457 -360.69274335123316 5.000000000000205
    vertex 374.4008732873725 -357.69238876259396 5.000000000000205
  endloop
endfacet
facet normal 8.018792930512275e-16 -3.8536538103456216e-17 -0.9999999999999999
  outer loop
    vertex 378.4478781064536 -355.35584944088276 5.000000000000183
    vertex 376.7019848747457 -360.69274335123316 5.000000000000205
    vertex 376.57818131562016 -356.79051824782783 5.000000000000183
  endloop
endfacet
facet normal 8.018792930512275e-16 -3.8536538103456216e-17 -0.9999999999999999
  outer loop
    vertex 383.02092589305914 -363.31013442085424 5.000000000000205
    vertex 376.7019848747457 -360.69274335123316 5.000000000000205
    vertex 378.4478781064536 -355.35584944088276 5.000000000000183
  endloop
endfacet
facet normal 8.018792930512275e-16 -3.8536538103456216e-17 -0.9999999999999999
  outer loop
    vertex 379.8825469133981 -353.48615265004895 5.000000000000183
    vertex 383.02092589305914 -363.31013442085424 5.000000000000205
    vertex 378.4478781064536 -355.35584944088276 5.000000000000183
  endloop
endfacet
facet normal 8.018792930512275e-16 -3.8536538103456216e-17 -0.9999999999999999
  outer loop
    vertex 380.78441742816284 -351.30884462180074 5.000000000000183
    vertex 383.02092589305914 -363.31013442085424 5.000000000000205
    vertex 379.8825469133981 -353.48615265004895 5.000000000000183
  endloop
endfacet
facet normal 8.018792930512275e-16 -3.8536538103456216e-17 -0.9999999999999999
  outer loop
    vertex 381.09202866557695 -348.9723053000919 5.000000000000183
    vertex 383.02092589305914 -363.31013442085424 5.000000000000205
    vertex 380.78441742816284 -351.30884462180074 5.000000000000183
  endloop
endfacet
facet normal 8.018792930512275e-16 -3.8536538103456216e-17 -0.9999999999999999
  outer loop
    vertex 381.09202866557695 -331.68420370122635 5.000000000000183
    vertex 383.02092589305914 -363.31013442085424 5.000000000000205
    vertex 381.09202866557695 -348.9723053000919 5.000000000000183
  endloop
endfacet
facet normal 8.018792930512275e-16 -3.8536538103456216e-17 -0.9999999999999999
  outer loop
    vertex 425.11685465236167 -427.8355513862687 5.000000000000205
    vertex 426.2023909964152 -379.46246111860944 5.000000000000227
    vertex 428.0810103555143 -420.679446486731 5.000000000000205
  endloop
endfacet
facet normal 8.018792930512275e-16 -3.8536538103456216e-17 -0.9999999999999999
  outer loop
    vertex 426.2428593371809 -380.0277789144607 5.000000000000205
    vertex 428.0810103555143 -420.679446486731 5.000000000000205
    vertex 426.2023909964152 -379.46246111860944 5.000000000000227
  endloop
endfacet
facet normal 8.018792930512275e-16 -3.8536538103456216e-17 -0.9999999999999999
  outer loop
    vertex 426.42826376477564 -380.5633599962201 5.000000000000205
    vertex 428.0810103555143 -420.679446486731 5.000000000000205
    vertex 426.2428593371809 -380.0277789144607 5.000000000000205
  endloop
endfacet
facet normal 8.018792930512275e-16 -3.8536538103456216e-17 -0.9999999999999999
  outer loop
    vertex 426.7459692738537 -381.0327053982554 5.000000000000227
    vertex 428.0810103555143 -420.679446486731 5.000000000000205
    vertex 426.42826376477564 -380.5633599962201 5.000000000000205
  endloop
endfacet
facet normal 8.018792930512275e-16 -3.8536538103456216e-17 -0.9999999999999999
  outer loop
    vertex 427.17432475900387 -381.40383000704793 5.0000000000002505
    vertex 428.0810103555143 -420.679446486731 5.000000000000205
    vertex 426.7459692738537 -381.0327053982554 5.000000000000227
  endloop
endfacet
facet normal 8.018792930512275e-16 -3.8536538103456216e-17 -0.9999999999999999
  outer loop
    vertex 427.6841385018059 -381.65144229382093 5.000000000000227
    vertex 428.0810103555143 -420.679446486731 5.000000000000205
    vertex 427.17432475900387 -381.40383000704793 5.0000000000002505
  endloop
endfacet
facet normal 8.018792930512275e-16 -3.8536538103456216e-17 -0.9999999999999999
  outer loop
    vertex 428.0479818650531 -384.2698373841924 5.000000000000244
    vertex 428.0810103555143 -420.679446486731 5.000000000000205
    vertex 427.6841385018059 -381.65144229382093 5.000000000000227
  endloop
endfacet
facet normal 8.018792930512275e-16 -3.8536538103456216e-17 -0.9999999999999999
  outer loop
    vertex 428.06196169069665 -384.465126938188 5.000000000000244
    vertex 428.0810103555143 -420.679446486731 5.000000000000205
    vertex 428.0479818650531 -384.2698373841924 5.000000000000244
  endloop
endfacet
facet normal 8.018792930512275e-16 -3.8536538103456216e-17 -0.9999999999999999
  outer loop
    vertex 428.12600982121654 -384.65014391687276 5.000000000000244
    vertex 428.0810103555143 -420.679446486731 5.000000000000205
    vertex 428.06196169069665 -384.465126938188 5.000000000000244
  endloop
endfacet
facet normal 8.018792930512275e-16 -3.8536538103456216e-17 -0.9999999999999999
  outer loop
    vertex 429.0920286655805 -413.00000000000824 5.000000000000205
    vertex 428.0810103555143 -420.679446486731 5.000000000000205
    vertex 428.12600982121654 -384.65014391687276 5.000000000000244
  endloop
endfacet
facet normal 8.018792930512275e-16 -3.8536538103456216e-17 -0.9999999999999999
  outer loop
    vertex 428.23576148236197 -384.81227971890513 5.000000000000244
    vertex 429.0920286655805 -413.00000000000824 5.000000000000205
    vertex 428.12600982121654 -384.65014391687276 5.000000000000244
  endloop
endfacet
facet normal 8.018792930512275e-16 -3.8536538103456216e-17 -0.9999999999999999
  outer loop
    vertex 428.38373727979945 -384.94048505731786 5.000000000000244
    vertex 429.0920286655805 -413.00000000000824 5.000000000000205
    vertex 428.23576148236197 -384.81227971890513 5.000000000000244
  endloop
endfacet
facet normal 8.018792930512275e-16 -3.8536538103456216e-17 -0.9999999999999999
  outer loop
    vertex 428.55985290747464 -385.0260229501679 5.000000000000227
    vertex 429.0920286655805 -413.00000000000824 5.000000000000205
    vertex 428.38373727979945 -384.94048505731786 5.000000000000244
  endloop
endfacet
facet normal 8.018792930512275e-16 -3.8536538103456216e-17 -0.9999999999999999
  outer loop
    vertex 428.75210637640737 -385.0630641314156 5.000000000000227
    vertex 429.0920286655805 -413.00000000000824 5.000000000000205
    vertex 428.55985290747464 -385.0260229501679 5.000000000000227
  endloop
endfacet
facet normal 8.018792930512275e-16 -3.8536538103456216e-17 -0.9999999999999999
  outer loop
    vertex 428.9473959304028 -385.0490843057721 5.000000000000244
    vertex 429.0920286655805 -413.00000000000824 5.000000000000205
    vertex 428.75210637640737 -385.0630641314156 5.000000000000227
  endloop
endfacet
facet normal 8.018792930512275e-16 -3.8536538103456216e-17 -0.9999999999999999
  outer loop
    vertex 429.09202866557587 -396.9077437799108 5.000000000000882
    vertex 429.0920286655805 -413.00000000000824 5.000000000000205
    vertex 428.9473959304028 -385.0490843057721 5.000000000000244
  endloop
endfacet
facet normal 8.018792930512275e-16 -3.8536538103456216e-17 -0.9999999999999999
  outer loop
    vertex 371.969139345231 -434.15178654782403 5.000000000000205
    vertex 376.97026619751114 -441.47614280142574 5.000000000000183
    vertex 371.969139345231 -445.84821345218074 5.000000000000205
  endloop
endfacet
facet normal 8.018792930512275e-16 -3.8536538103456216e-17 -0.9999999999999999
  outer loop
    vertex 377.08945516445954 -441.6314728873156 5.000000000000183
    vertex 371.969139345231 -445.84821345218074 5.000000000000205
    vertex 376.97026619751114 -441.47614280142574 5.000000000000183
  endloop
endfacet
facet normal 8.018792930512275e-16 -3.8536538103456216e-17 -0.9999999999999999
  outer loop
    vertex 377.24478525035005 -441.750661854264 5.000000000000205
    vertex 371.969139345231 -445.84821345218074 5.000000000000205
    vertex 377.08945516445954 -441.6314728873156 5.000000000000183
  endloop
endfacet
facet normal 8.018792930512275e-16 -3.8536538103456216e-17 -0.9999999999999999
  outer loop
    vertex 377.4256709665229 -441.8255871711426 5.000000000000205
    vertex 371.969139345231 -445.84821345218074 5.000000000000205
    vertex 377.24478525035005 -441.750661854264 5.000000000000205
  endloop
endfacet
facet normal 8.018792930512275e-16 -3.8536538103456216e-17 -0.9999999999999999
  outer loop
    vertex 377.6197852503495 -441.85114280142585 5.000000000000205
    vertex 371.969139345231 -445.84821345218074 5.000000000000205
    vertex 377.4256709665229 -441.8255871711426 5.000000000000205
  endloop
endfacet
facet normal 8.018792930512275e-16 -3.8536538103456216e-17 -0.9999999999999999
  outer loop
    vertex 382.5973713004946 -442.2722182031232 5.000000000000183
    vertex 371.969139345231 -445.84821345218074 5.000000000000205
    vertex 377.6197852503495 -441.85114280142585 5.000000000000205
  endloop
endfacet
facet normal 8.018792930512275e-16 -3.8536538103456216e-17 -0.9999999999999999
  outer loop
    vertex 399.4209258930589 -442.6711027725289 5.000000000000205
    vertex 371.969139345231 -445.84821345218074 5.000000000000205
    vertex 382.5973713004946 -442.2722182031232 5.000000000000183
  endloop
endfacet
facet normal 8.018792930512275e-16 -3.8536538103456216e-17 -0.9999999999999999
  outer loop
    vertex 376.8953408806329 -441.2952570852526 5.000000000000205
    vertex 376.97026619751114 -441.47614280142574 5.000000000000183
    vertex 371.969139345231 -434.15178654782403 5.000000000000205
  endloop
endfacet
facet normal 8.018792930512275e-16 -3.8536538103456216e-17 -0.9999999999999999
  outer loop
    vertex 376.86978525034937 -441.1011428014257 5.000000000000205
    vertex 376.8953408806329 -441.2952570852526 5.000000000000205
    vertex 371.969139345231 -434.15178654782403 5.000000000000205
  endloop
endfacet
facet normal 8.018792930512275e-16 -3.8536538103456216e-17 -0.9999999999999999
  outer loop
    vertex 377.8138995341762 -441.8255871711426 5.000000000000183
    vertex 382.5973713004946 -442.2722182031232 5.000000000000183
    vertex 377.6197852503495 -441.85114280142585 5.000000000000205
  endloop
endfacet
facet normal 8.018792930512275e-16 -3.8536538103456216e-17 -0.9999999999999999
  outer loop
    vertex 377.9947852503495 -441.750661854264 5.000000000000183
    vertex 382.5973713004946 -442.2722182031232 5.000000000000183
    vertex 377.8138995341762 -441.8255871711426 5.000000000000183
  endloop
endfacet
facet normal 8.018792930512275e-16 -3.8536538103456216e-17 -0.9999999999999999
  outer loop
    vertex 382.0354556381815 -442.19824060274624 5.000000000000205
    vertex 382.5973713004946 -442.2722182031232 5.000000000000183
    vertex 377.9947852503495 -441.750661854264 5.000000000000183
  endloop
endfacet
facet normal 8.018792930512275e-16 -3.8536538103456216e-17 -0.9999999999999999
  outer loop
    vertex 378.1501153362395 -441.6314728873156 5.000000000000205
    vertex 382.0354556381815 -442.19824060274624 5.000000000000205
    vertex 377.9947852503495 -441.750661854264 5.000000000000183
  endloop
endfacet
facet normal 8.018792930512275e-16 -3.8536538103456216e-17 -0.9999999999999999
  outer loop
    vertex 378.26930430318777 -441.47614280142574 5.000000000000183
    vertex 382.0354556381815 -442.19824060274624 5.000000000000205
    vertex 378.1501153362395 -441.6314728873156 5.000000000000205
  endloop
endfacet
facet normal 8.018792930512275e-16 -3.8536538103456216e-17 -0.9999999999999999
  outer loop
    vertex 378.3442296200661 -441.2952570852526 5.000000000000183
    vertex 382.0354556381815 -442.19824060274624 5.000000000000205
    vertex 378.26930430318777 -441.47614280142574 5.000000000000183
  endloop
endfacet
facet normal 8.018792930512275e-16 -3.8536538103456216e-17 -0.9999999999999999
  outer loop
    vertex 378.36978525034965 -441.1011428014257 5.000000000000205
    vertex 382.0354556381815 -442.19824060274624 5.000000000000205
    vertex 378.3442296200661 -441.2952570852526 5.000000000000183
  endloop
endfacet
facet normal 8.018792930512275e-16 -3.8536538103456216e-17 -0.9999999999999999
  outer loop
    vertex 381.51183359964614 -441.98134925282716 5.000000000000227
    vertex 382.0354556381815 -442.19824060274624 5.000000000000205
    vertex 378.36978525034965 -441.1011428014257 5.000000000000205
  endloop
endfacet
facet normal 8.018792930512275e-16 -3.8536538103456216e-17 -0.9999999999999999
  outer loop
    vertex 381.062189161487 -441.63632494043316 5.000000000000205
    vertex 381.51183359964614 -441.98134925282716 5.000000000000227
    vertex 378.36978525034965 -441.1011428014257 5.000000000000205
  endloop
endfacet
facet normal 8.018792930512275e-16 -3.8536538103456216e-17 -0.9999999999999999
  outer loop
    vertex 380.7171648490931 -441.1866805022744 5.000000000000205
    vertex 381.062189161487 -441.63632494043316 5.000000000000205
    vertex 378.36978525034965 -441.1011428014257 5.000000000000205
  endloop
endfacet
facet normal 8.018792930512275e-16 -3.8536538103456216e-17 -0.9999999999999999
  outer loop
    vertex 380.50027349917394 -440.66305846373854 5.000000000000183
    vertex 380.7171648490931 -441.1866805022744 5.000000000000205
    vertex 378.36978525034965 -441.1011428014257 5.000000000000205
  endloop
endfacet
facet normal 8.018792930512275e-16 -3.8536538103456216e-17 -0.9999999999999999
  outer loop
    vertex 380.4262958987976 -440.10114280142534 5.000000000000205
    vertex 380.50027349917394 -440.66305846373854 5.000000000000183
    vertex 378.36978525034965 -441.1011428014257 5.000000000000205
  endloop
endfacet
facet normal 8.018792930512275e-16 -3.8536538103456216e-17 -0.9999999999999999
  outer loop
    vertex 383.15928696280764 -442.19824060274624 5.000000000000205
    vertex 399.4209258930589 -442.6711027725289 5.000000000000205
    vertex 382.5973713004946 -442.2722182031232 5.000000000000183
  endloop
endfacet
facet normal 8.018792930512275e-16 -3.8536538103456216e-17 -0.9999999999999999
  outer loop
    vertex 383.6829090013437 -441.98134925282716 5.000000000000205
    vertex 399.4209258930589 -442.6711027725289 5.000000000000205
    vertex 383.15928696280764 -442.19824060274624 5.000000000000205
  endloop
endfacet
facet normal 8.018792930512275e-16 -3.8536538103456216e-17 -0.9999999999999999
  outer loop
    vertex 384.1325534395027 -441.63632494043316 5.000000000000205
    vertex 399.4209258930589 -442.6711027725289 5.000000000000205
    vertex 383.6829090013437 -441.98134925282716 5.000000000000205
  endloop
endfacet
facet normal 8.018792930512275e-16 -3.8536538103456216e-17 -0.9999999999999999
  outer loop
    vertex 384.47757775189604 -441.1866805022741 5.000000000000205
    vertex 399.4209258930589 -442.6711027725289 5.000000000000205
    vertex 384.1325534395027 -441.63632494043316 5.000000000000205
  endloop
endfacet
facet normal 8.018792930512275e-16 -3.8536538103456216e-17 -0.9999999999999999
  outer loop
    vertex 384.6944691018158 -440.66305846373814 5.000000000000205
    vertex 399.4209258930589 -442.6711027725289 5.000000000000205
    vertex 384.47757775189604 -441.1866805022741 5.000000000000205
  endloop
endfacet
facet normal 8.018792930512275e-16 -3.8536538103456216e-17 -0.9999999999999999
  outer loop
    vertex 384.76844670219276 -440.10114280142534 5.000000000000227
    vertex 399.4209258930589 -442.6711027725289 5.000000000000205
    vertex 384.6944691018158 -440.66305846373814 5.000000000000205
  endloop
endfacet
facet normal 8.018792930512275e-16 -3.8536538103456216e-17 -0.9999999999999999
  outer loop
    vertex 399.4209258930554 -434.15178654782375 5.000000000000205
    vertex 399.4209258930589 -442.6711027725289 5.000000000000205
    vertex 384.76844670219276 -440.10114280142534 5.000000000000227
  endloop
endfacet
facet normal 8.018792930512275e-16 -3.8536538103456216e-17 -0.9999999999999999
  outer loop
    vertex 404.89541108957405 -433.4310568986971 5.000000000000183
    vertex 399.4209258930589 -442.6711027725289 5.000000000000205
    vertex 399.4209258930554 -434.15178654782375 5.000000000000205
  endloop
endfacet
facet normal 8.018792930512275e-16 -3.8536538103456216e-17 -0.9999999999999999
  outer loop
    vertex 407.1003723797817 -441.66008446246343 5.000000000000205
    vertex 399.4209258930589 -442.6711027725289 5.000000000000205
    vertex 404.89541108957405 -433.4310568986971 5.000000000000183
  endloop
endfacet
facet normal 8.018792930512275e-16 -3.8536538103456216e-17 -0.9999999999999999
  outer loop
    vertex 409.996819166964 -431.3179844858424 5.000000000000183
    vertex 407.1003723797817 -441.66008446246343 5.000000000000205
    vertex 404.89541108957405 -433.4310568986971 5.000000000000183
  endloop
endfacet
facet normal 8.018792930512275e-16 -3.8536538103456216e-17 -0.9999999999999999
  outer loop
    vertex 414.2564772793197 -438.6959287593101 5.000000000000205
    vertex 407.1003723797817 -441.66008446246343 5.000000000000205
    vertex 409.996819166964 -431.3179844858424 5.000000000000183
  endloop
endfacet
facet normal 8.018792930512275e-16 -3.8536538103456216e-17 -0.9999999999999999
  outer loop
    vertex 414.3774975952268 -427.9565717021792 5.000000000000183
    vertex 414.2564772793197 -438.6959287593101 5.000000000000205
    vertex 409.996819166964 -431.3179844858424 5.000000000000183
  endloop
endfacet
facet normal 8.018792930512275e-16 -3.8536538103456216e-17 -0.9999999999999999
  outer loop
    vertex 420.40156386879204 -433.9806379757407 5.000000000000205
    vertex 414.2564772793197 -438.6959287593101 5.000000000000205
    vertex 414.3774975952268 -427.9565717021792 5.000000000000183
  endloop
endfacet
facet normal 8.018792930512275e-16 -3.8536538103456216e-17 -0.9999999999999999
  outer loop
    vertex 417.73891037889126 -423.5758932739157 5.000000000000183
    vertex 420.40156386879204 -433.9806379757407 5.000000000000205
    vertex 414.3774975952268 -427.9565717021792 5.000000000000183
  endloop
endfacet
facet normal 8.018792930512275e-16 -3.8536538103456216e-17 -0.9999999999999999
  outer loop
    vertex 419.85198279174557 -418.4744851965249 5.000000000000183
    vertex 420.40156386879204 -433.9806379757407 5.000000000000205
    vertex 417.73891037889126 -423.5758932739157 5.000000000000183
  endloop
endfacet
facet normal 8.018792930512275e-16 -3.8536538103456216e-17 -0.9999999999999999
  outer loop
    vertex 420.57271244087264 -413.0000000000065 5.000000000000183
    vertex 420.40156386879204 -433.9806379757407 5.000000000000205
    vertex 419.85198279174557 -418.4744851965249 5.000000000000183
  endloop
endfacet
facet normal 8.018792930512275e-16 -3.8536538103456216e-17 -0.9999999999999999
  outer loop
    vertex 425.11685465236167 -427.8355513862687 5.000000000000205
    vertex 420.40156386879204 -433.9806379757407 5.000000000000205
    vertex 420.57271244087264 -413.0000000000065 5.000000000000183
  endloop
endfacet
facet normal 8.018792930512275e-16 -3.8536538103456216e-17 -0.9999999999999999
  outer loop
    vertex 422.2991476281467 -327.58608914272475 5.000000000000183
    vertex 425.11685465236167 -427.8355513862687 5.000000000000205
    vertex 420.57271244087264 -413.0000000000065 5.000000000000183
  endloop
endfacet
facet normal 8.018792930512275e-16 -3.8536538103456216e-17 -0.9999999999999999
  outer loop
    vertex 426.2023909964152 -379.46246111860944 5.000000000000227
    vertex 425.11685465236167 -427.8355513862687 5.000000000000205
    vertex 422.2991476281467 -327.58608914272475 5.000000000000183
  endloop
endfacet
facet normal 8.018792930512275e-16 -3.8536538103456216e-17 -0.9999999999999999
  outer loop
    vertex 432.05426221703385 -330.00000000000637 5.000000000000183
    vertex 426.2023909964152 -379.46246111860944 5.000000000000227
    vertex 422.2991476281467 -327.58608914272475 5.000000000000183
  endloop
endfacet
facet normal 8.018792930512275e-16 -3.8536538103456216e-17 -0.9999999999999999
  outer loop
    vertex 426.3096165930238 -378.9059320822225 5.000000000000227
    vertex 426.2023909964152 -379.46246111860944 5.000000000000227
    vertex 432.05426221703385 -330.00000000000637 5.000000000000183
  endloop
endfacet
facet normal 8.018792930512275e-16 -3.8536538103456216e-17 -0.9999999999999999
  outer loop
    vertex 426.55722887979744 -378.39611833942115 5.000000000000227
    vertex 426.3096165930238 -378.9059320822225 5.000000000000227
    vertex 432.05426221703385 -330.00000000000637 5.000000000000183
  endloop
endfacet
facet normal 8.018792930512275e-16 -3.8536538103456216e-17 -0.9999999999999999
  outer loop
    vertex 426.9283534885896 -377.96776285427046 5.000000000000227
    vertex 426.55722887979744 -378.39611833942115 5.000000000000227
    vertex 432.05426221703385 -330.00000000000637 5.000000000000183
  endloop
endfacet
facet normal 8.018792930512275e-16 -3.8536538103456216e-17 -0.9999999999999999
  outer loop
    vertex 427.3976988906248 -377.6500573451925 5.000000000000244
    vertex 426.9283534885896 -377.96776285427046 5.000000000000227
    vertex 432.05426221703385 -330.00000000000637 5.000000000000183
  endloop
endfacet
facet normal 8.018792930512275e-16 -3.8536538103456216e-17 -0.9999999999999999
  outer loop
    vertex 427.9332799723841 -377.46465291759785 5.000000000000244
    vertex 427.3976988906248 -377.6500573451925 5.000000000000244
    vertex 432.05426221703385 -330.00000000000637 5.000000000000183
  endloop
endfacet
facet normal 8.018792930512275e-16 -3.8536538103456216e-17 -0.9999999999999999
  outer loop
    vertex 428.4985977682353 -377.4241845768324 5.000000000000227
    vertex 427.9332799723841 -377.46465291759785 5.000000000000244
    vertex 432.05426221703385 -330.00000000000637 5.000000000000183
  endloop
endfacet
facet normal 8.018792930512275e-16 -3.8536538103456216e-17 -0.9999999999999999
  outer loop
    vertex 429.0551268046223 -377.5314101734408 5.000000000000227
    vertex 428.4985977682353 -377.4241845768324 5.000000000000227
    vertex 432.05426221703385 -330.00000000000637 5.000000000000183
  endloop
endfacet
facet normal 8.018792930512275e-16 -3.8536538103456216e-17 -0.9999999999999999
  outer loop
    vertex 429.56494054742416 -377.7790224602141 5.000000000000244
    vertex 429.0551268046223 -377.5314101734408 5.000000000000227
    vertex 432.05426221703385 -330.00000000000637 5.000000000000183
  endloop
endfacet
facet normal 8.018792930512275e-16 -3.8536538103456216e-17 -0.9999999999999999
  outer loop
    vertex 429.99329603257434 -378.1501470690066 5.000000000000227
    vertex 429.56494054742416 -377.7790224602141 5.000000000000244
    vertex 432.05426221703385 -330.00000000000637 5.000000000000183
  endloop
endfacet
facet normal 8.018792930512275e-16 -3.8536538103456216e-17 -0.9999999999999999
  outer loop
    vertex 430.3110015416525 -378.61949247104207 5.000000000000227
    vertex 429.99329603257434 -378.1501470690066 5.000000000000227
    vertex 432.05426221703385 -330.00000000000637 5.000000000000183
  endloop
endfacet
facet normal 8.018792930512275e-16 -3.8536538103456216e-17 -0.9999999999999999
  outer loop
    vertex 430.4964059692471 -379.1550735528017 5.000000000000244
    vertex 430.3110015416525 -378.61949247104207 5.000000000000227
    vertex 432.05426221703385 -330.00000000000637 5.000000000000183
  endloop
endfacet
facet normal 8.018792930512275e-16 -3.8536538103456216e-17 -0.9999999999999999
  outer loop
    vertex 430.536874310013 -379.7203913486523 5.000000000000244
    vertex 430.4964059692471 -379.1550735528017 5.000000000000244
    vertex 432.05426221703385 -330.00000000000637 5.000000000000183
  endloop
endfacet
facet normal 8.018792930512275e-16 -3.8536538103456216e-17 -0.9999999999999999
  outer loop
    vertex 427.6841385018059 -381.65144229382093 5.000000000000227
    vertex 428.24066753819216 -381.75866789042965 5.000000000000227
    vertex 428.0479818650531 -384.2698373841924 5.000000000000244
  endloop
endfacet
facet normal 8.018792930512275e-16 -3.8536538103456216e-17 -0.9999999999999999
  outer loop
    vertex 428.0850230463013 -384.07758391526 5.000000000000244
    vertex 428.0479818650531 -384.2698373841924 5.000000000000244
    vertex 428.24066753819216 -381.75866789042965 5.000000000000227
  endloop
endfacet
facet normal 8.018792930512275e-16 -3.8536538103456216e-17 -0.9999999999999999
  outer loop
    vertex 428.1705609391513 -383.9014682875841 5.000000000000244
    vertex 428.0850230463013 -384.07758391526 5.000000000000244
    vertex 428.24066753819216 -381.75866789042965 5.000000000000227
  endloop
endfacet
facet normal 8.018792930512275e-16 -3.8536538103456216e-17 -0.9999999999999999
  outer loop
    vertex 428.2987662775636 -383.75349249014675 5.000000000000227
    vertex 428.1705609391513 -383.9014682875841 5.000000000000244
    vertex 428.24066753819216 -381.75866789042965 5.000000000000227
  endloop
endfacet
facet normal 8.018792930512275e-16 -3.8536538103456216e-17 -0.9999999999999999
  outer loop
    vertex 428.80598533404395 -381.71819954966395 5.000000000000244
    vertex 428.2987662775636 -383.75349249014675 5.000000000000227
    vertex 428.24066753819216 -381.75866789042965 5.000000000000227
  endloop
endfacet
facet normal 8.018792930512275e-16 -3.8536538103456216e-17 -0.9999999999999999
  outer loop
    vertex 428.46090207959594 -383.6437408290015 5.000000000000244
    vertex 428.2987662775636 -383.75349249014675 5.000000000000227
    vertex 428.80598533404395 -381.71819954966395 5.000000000000244
  endloop
endfacet
facet normal 8.018792930512275e-16 -3.8536538103456216e-17 -0.9999999999999999
  outer loop
    vertex 428.6459190582811 -383.5796926984818 5.000000000000244
    vertex 428.46090207959594 -383.6437408290015 5.000000000000244
    vertex 428.80598533404395 -381.71819954966395 5.000000000000244
  endloop
endfacet
facet normal 8.018792930512275e-16 -3.8536538103456216e-17 -0.9999999999999999
  outer loop
    vertex 428.84120861227655 -383.5657128728383 5.000000000000227
    vertex 428.6459190582811 -383.5796926984818 5.000000000000244
    vertex 428.80598533404395 -381.71819954966395 5.000000000000244
  endloop
endfacet
facet normal 8.018792930512275e-16 -3.8536538103456216e-17 -0.9999999999999999
  outer loop
    vertex 429.3415664158028 -381.5327951220695 5.000000000000244
    vertex 428.84120861227655 -383.5657128728383 5.000000000000227
    vertex 428.80598533404395 -381.71819954966395 5.000000000000244
  endloop
endfacet
facet normal 8.018792930512275e-16 -3.8536538103456216e-17 -0.9999999999999999
  outer loop
    vertex 429.0334620812093 -383.60275405408595 5.000000000000227
    vertex 428.84120861227655 -383.5657128728383 5.000000000000227
    vertex 429.3415664158028 -381.5327951220695 5.000000000000244
  endloop
endfacet
facet normal 8.018792930512275e-16 -3.8536538103456216e-17 -0.9999999999999999
  outer loop
    vertex 429.2095777088845 -383.688291946936 5.000000000000244
    vertex 429.0334620812093 -383.60275405408595 5.000000000000227
    vertex 429.3415664158028 -381.5327951220695 5.000000000000244
  endloop
endfacet
facet normal 8.018792930512275e-16 -3.8536538103456216e-17 -0.9999999999999999
  outer loop
    vertex 429.3575535063222 -383.81649728534876 5.000000000000244
    vertex 429.2095777088845 -383.688291946936 5.000000000000244
    vertex 429.3415664158028 -381.5327951220695 5.000000000000244
  endloop
endfacet
facet normal 8.018792930512275e-16 -3.8536538103456216e-17 -0.9999999999999999
  outer loop
    vertex 429.8109118178385 -381.2150896129916 5.000000000000244
    vertex 429.3575535063222 -383.81649728534876 5.000000000000244
    vertex 429.3415664158028 -381.5327951220695 5.000000000000244
  endloop
endfacet
facet normal 8.018792930512275e-16 -3.8536538103456216e-17 -0.9999999999999999
  outer loop
    vertex 429.46730516746817 -383.97863308738107 5.000000000000244
    vertex 429.3575535063222 -383.81649728534876 5.000000000000244
    vertex 429.8109118178385 -381.2150896129916 5.000000000000244
  endloop
endfacet
facet normal 8.018792930512275e-16 -3.8536538103456216e-17 -0.9999999999999999
  outer loop
    vertex 429.5313532979875 -384.1636500660661 5.000000000000244
    vertex 429.46730516746817 -383.97863308738107 5.000000000000244
    vertex 429.8109118178385 -381.2150896129916 5.000000000000244
  endloop
endfacet
facet normal 8.018792930512275e-16 -3.8536538103456216e-17 -0.9999999999999999
  outer loop
    vertex 429.5453331236303 -384.3589396200615 5.000000000000244
    vertex 429.5313532979875 -384.1636500660661 5.000000000000244
    vertex 429.8109118178385 -381.2150896129916 5.000000000000244
  endloop
endfacet
endsolid DIY Perks 3D Printed Speaker - Sketchup Model
