solid DIY Perks 3D Printed Speaker - Sketchup Model
facet normal -0.10169330136790931 0.04950135525278308 0.9935834581377819
  outer loop
    vertex 253.047782175833 -468.17322514719626 13.513837146117385
    vertex 253.2039605902039 -450.50438420094196 12.649542086661342
    vertex 244.50090586451537 -451.0355432546876 11.785247027205425
  endloop
endfacet
facet normal -0.10169330136790931 0.04950135525278308 0.9935834581377819
  outer loop
    vertex 253.2039605902039 -450.50438420094196 12.649542086661342
    vertex 253.047782175833 -468.17322514719626 13.513837146117385
    vertex 261.90701531589116 -449.97322514719633 13.51383714611724
  endloop
endfacet
facet normal -0.2581265884149081 0.002162376606638779 0.9661086835758655
  outer loop
    vertex 237.41807958436348 -443.5984863680351 10.317451315607007
    vertex 230.49337504501833 -438.40763750198056 8.455678453757143
    vertex 236.15407395704625 -445.7878083356014 9.984632320005462
  endloop
endfacet
facet normal -0.7144588687171758 -0.34664560425471774 0.607770803808685
  outer loop
    vertex 230.49862908313736 -428.1001166529538 11.45440000000554
    vertex 229.03999710561556 -428.94225821782464 9.259399490278032
    vertex 234.86188019965272 -434.0391323473469 13.196224000005525
  endloop
endfacet
facet normal 0.7866802725955111 -0.12942830799551253 0.6036410040731753
  outer loop
    vertex 142.71935617294565 -447.64340997492616 25.881740945523543
    vertex 135.90954429042247 -449.9732251471972 34.256918573061604
    vertex 142.5024681480344 -449.9732251471972 25.66485292061189
  endloop
endfacet
facet normal 0.7866802725955111 -0.12942830799551253 0.6036410040731753
  outer loop
    vertex 135.90954429042247 -449.9732251471972 34.256918573061604
    vertex 142.71935617294565 -447.64340997492616 25.881740945523543
    vertex 136.1751767865997 -447.64340997492616 34.4102815662348
  endloop
endfacet
facet normal 0.23467549501023197 -0.9227092328755091 0.3058350594814013
  outer loop
    vertex 154.4304835051011 -441.27823655203883 24.849963442890942
    vertex 145.68505485947833 -442.1775116419971 28.847439632055654
    vertex 153.34496244586035 -442.1775116419971 22.969785815599923
  endloop
endfacet
facet normal 0.23467549501023197 -0.9227092328755091 0.3058350594814013
  outer loop
    vertex 145.68505485947833 -442.1775116419971 28.847439632055654
    vertex 154.4304835051011 -441.27823655203883 24.849963442890942
    vertex 147.2202134636983 -441.27823655203883 30.382598236275538
  endloop
endfacet
facet normal 0.14752318337370546 -0.9227092328755098 0.35615247006524675
  outer loop
    vertex 162.827020806735 -441.27823655203883 21.37200381558244
    vertex 153.34496244586035 -442.1775116419971 22.969785815599923
    vertex 162.2651137587523 -442.1775116419971 19.274938163379744
  endloop
endfacet
facet normal 0.14752318337370546 -0.9227092328755098 0.35615247006524675
  outer loop
    vertex 153.34496244586035 -442.1775116419971 22.969785815599923
    vertex 162.827020806735 -441.27823655203883 21.37200381558244
    vertex 154.4304835051011 -441.27823655203883 24.849963442890942
  endloop
endfacet
facet normal 0.18682549335280796 -0.9737280892476469 0.13019156364222143
  outer loop
    vertex 180.69684836748473 -440.97151056569146 22.515551727621393
    vertex 186.89952817320219 -440.28688279286234 18.735142245157157
    vertex 186.81683387435385 -439.9782634680646 21.162033049605387
  endloop
endfacet
facet normal 0.43247894328731185 -0.8921951133969883 0.13019156364229356
  outer loop
    vertex 186.81683387435385 -439.9782634680646 21.162033049605387
    vertex 192.873223364073 -437.6171475185194 17.224106505371836
    vertex 192.7068138662723 -437.3289178134666 19.75211776000541
  endloop
endfacet
facet normal 0.25422202519482995 -0.5589009094308018 0.7893040829384211
  outer loop
    vertex 188.03027927657925 -444.5069033613756 13.041498148356174
    vertex 187.5276537337782 -442.63107929846245 14.531644067431142
    vertex 180.69684836748587 -445.4723678564435 14.719838222422144
  endloop
endfacet
facet normal 0.7798327573952913 -0.1499183795508281 0.6077708038118567
  outer loop
    vertex 203.4295321937741 -427.6294774899516 11.335003318035858
    vertex 203.24600146018204 -428.1001166529538 11.454400000005526
    vertex 203.56105361392127 -427.6294774899516 11.166247742600754
  endloop
endfacet
facet normal 0.3045661840669477 -0.6054678131259477 0.7352878122146325
  outer loop
    vertex 161.41234221957887 -445.4723678564443 16.092351451935976
    vertex 152.4128043797927 -443.608051724309 21.355240684485512
    vertex 151.69753433863627 -445.4723678564443 20.116356632071497
  endloop
endfacet
facet normal 0.3045661840669477 -0.6054678131259477 0.7352878122146325
  outer loop
    vertex 152.4128043797927 -443.608051724309 21.355240684485512
    vertex 161.41234221957887 -445.4723678564443 16.092351451935976
    vertex 161.7825932376638 -443.608051724309 17.47414706298276
  endloop
endfacet
facet normal 0.39021381943301797 -0.47405932095072567 0.7893040829384028
  outer loop
    vertex 195.14868522627245 -441.5583630745336 11.293227237870811
    vertex 194.13722899138966 -439.8064694860851 12.845462570240576
    vertex 188.03027927657925 -444.5069033613756 13.041498148356174
  endloop
endfacet
facet normal 0.23422211550209943 -0.7908176098822484 0.565462207852876
  outer loop
    vertex 162.2651137587523 -442.1775116419971 19.274938163379744
    vertex 152.4128043797927 -443.608051724309 21.355240684485512
    vertex 161.7825932376638 -443.608051724309 17.47414706298276
  endloop
endfacet
facet normal 0.23422211550209943 -0.7908176098822484 0.565462207852876
  outer loop
    vertex 152.4128043797927 -443.608051724309 21.355240684485512
    vertex 162.2651137587523 -442.1775116419971 19.274938163379744
    vertex 153.34496244586035 -442.1775116419971 22.969785815599923
  endloop
endfacet
facet normal 0.45191070945507994 -0.8104687340163514 0.37271589966318713
  outer loop
    vertex 186.89952817320219 -440.28688279286234 18.735142245157157
    vertex 187.1419755899395 -441.19170887028855 16.473640038405424
    vertex 193.3611113252048 -438.4621942556012 14.868375040005443
  endloop
endfacet
facet normal 0.4315120654973151 -0.8929433086856186 0.1282559347703687
  outer loop
    vertex 186.81683387435385 -439.9782634680646 21.162033049605387
    vertex 186.89952817320219 -440.28688279286234 18.735142245157157
    vertex 192.873223364073 -437.6171475185194 17.224106505371836
  endloop
endfacet
facet normal 0.3144567496008873 -0.25569675240325557 0.9141860442168613
  outer loop
    vertex 196.32655095895595 -443.5984863680351 10.317451315606988
    vertex 195.14868522627245 -441.5583630745336 11.293227237870811
    vertex 188.6155991182281 -446.69134674908673 12.104753262982895
  endloop
endfacet
facet normal 0.353995279685625 -0.37988372795852343 0.8546202052330794
  outer loop
    vertex 161.17959269951155 -447.64340997492616 15.223718417606616
    vertex 151.69753433863627 -445.4723678564443 20.116356632071497
    vertex 151.24789679365716 -447.64340997492616 19.33756155917691
  endloop
endfacet
facet normal 0.353995279685625 -0.37988372795852343 0.8546202052330794
  outer loop
    vertex 151.69753433863627 -445.4723678564443 20.116356632071497
    vertex 161.17959269951155 -447.64340997492616 15.223718417606616
    vertex 161.41234221957887 -445.4723678564443 16.092351451935976
  endloop
endfacet
facet normal 0.5631251684765116 -0.3798837279585285 0.7338790076440604
  outer loop
    vertex 151.24789679365716 -447.64340997492616 19.33756155917691
    vertex 143.35523968720787 -445.4723678564443 26.517624459785328
    vertex 142.71935617294565 -447.64340997492616 25.881740945523543
  endloop
endfacet
facet normal 0.5631251684765116 -0.3798837279585285 0.7338790076440604
  outer loop
    vertex 143.35523968720787 -445.4723678564443 26.517624459785328
    vertex 151.24789679365716 -447.64340997492616 19.33756155917691
    vertex 151.69753433863627 -445.4723678564443 20.116356632071497
  endloop
endfacet
facet normal 0.6068156946316793 -0.7908176098822463 0.07988880177348764
  outer loop
    vertex 136.11255339080236 -442.1775116419971 45.427498531329846
    vertex 132.9879935321565 -443.608051724309 55.00000000000563
    vertex 134.31176229040523 -443.608051724309 44.94497801024134
  endloop
endfacet
facet normal 0.6068156946316793 -0.7908176098822463 0.07988880177348764
  outer loop
    vertex 132.9879935321565 -443.608051724309 55.00000000000563
    vertex 136.11255339080236 -442.1775116419971 45.427498531329846
    vertex 134.85230966429236 -442.1775116419971 55.00000000000563
  endloop
endfacet
facet normal 0.38219867838393706 -0.9227092328755083 0.050317410583839116
  outer loop
    vertex 138.20961904300498 -441.27823655203883 45.9894055793126
    vertex 134.85230966429236 -442.1775116419971 55.00000000000563
    vertex 136.11255339080236 -442.1775116419971 45.427498531329846
  endloop
endfacet
facet normal 0.38219867838393706 -0.9227092328755083 0.050317410583839116
  outer loop
    vertex 134.85230966429236 -442.1775116419971 55.00000000000563
    vertex 138.20961904300498 -441.27823655203883 45.9894055793126
    vertex 137.0233517827739 -441.27823655203883 55.00000000000563
  endloop
endfacet
facet normal 0.36992108498321574 -0.16559670118683464 0.9141860442168642
  outer loop
    vertex 203.25125549830167 -438.40763750198056 8.455678453757123
    vertex 201.51609540057757 -436.6724774042568 9.472111706115273
    vertex 196.32655095895595 -443.5984863680351 10.317451315606988
  endloop
endfacet
facet normal 0.6003957888330137 -0.5197495038856064 0.6077708038086803
  outer loop
    vertex 200.02607964524614 -435.1824616489262 11.089023510667111
    vertex 198.8827503436673 -434.0391323473469 13.196224000005511
    vertex 193.3611113252048 -438.4621942556012 14.868375040005443
  endloop
endfacet
facet normal 0.2224629946562322 0.1309359672813125 0.9661086835758637
  outer loop
    vertex 211.19480146018307 -432.68935847268875 6.155200000005506
    vertex 210.395819713909 -427.6294774899516 5.653417387870372
    vertex 208.81923508912556 -431.31782458888097 6.516331722663441
  endloop
endfacet
facet normal 0.2224629946562322 0.1309359672813125 0.9661086835758637
  outer loop
    vertex 210.395819713909 -427.6294774899516 5.653417387870372
    vertex 211.19480146018307 -432.68935847268875 6.155200000005506
    vertex 211.85993524339844 -427.6294774899519 5.316279826900055
  endloop
endfacet
facet normal 0.1856979139345127 -0.9742005440136707 0.12825593477043612
  outer loop
    vertex 180.69684836748473 -440.97151056569146 22.515551727621393
    vertex 180.69684836748473 -441.2782365520379 20.185736555351088
    vertex 186.89952817320219 -440.28688279286234 18.735142245157157
  endloop
endfacet
facet normal 0.7338790076440667 -0.37988372795852415 0.5631251684765067
  outer loop
    vertex 143.35523968720787 -445.4723678564443 26.517624459785328
    vertex 136.1751767865997 -447.64340997492616 34.4102815662348
    vertex 142.71935617294565 -447.64340997492616 25.881740945523543
  endloop
endfacet
facet normal 0.7338790076440667 -0.37988372795852415 0.5631251684765067
  outer loop
    vertex 136.1751767865997 -447.64340997492616 34.4102815662348
    vertex 143.35523968720787 -445.4723678564443 26.517624459785328
    vertex 136.95397185949423 -445.4723678564443 34.85991911121401
  endloop
endfacet
facet normal 0.10169330136790931 0.04950135525278308 0.9935834581377819
  outer loop
    vertex 180.69684836748644 -468.17322514719626 13.513837146117364
    vertex 180.54066995311618 -450.50438420094196 12.649542086661304
    vertex 171.8376152274277 -449.97322514719633 13.51383714611722
  endloop
endfacet
facet normal 0.10169330136790931 0.04950135525278308 0.9935834581377819
  outer loop
    vertex 180.54066995311618 -450.50438420094196 12.649542086661304
    vertex 180.69684836748644 -468.17322514719626 13.513837146117364
    vertex 189.24372467880406 -451.0355432546876 11.785247027205411
  endloop
endfacet
facet normal 0.2226191572960842 -0.019645039254258357 0.9747075372836099
  outer loop
    vertex 197.59055658627375 -445.7878083356014 9.984632320005442
    vertex 196.32655095895595 -443.5984863680351 10.317451315606988
    vertex 189.24372467880406 -451.0355432546876 11.785247027205411
  endloop
endfacet
facet normal 0.5749647410120861 -0.21544050512767765 0.7893040829384046
  outer loop
    vertex 206.6055596404475 -430.0397584726883 7.575116360536524
    vertex 204.70463343770388 -428.94225821782464 9.259399490278016
    vertex 201.51609540057757 -436.6724774042568 9.472111706115273
  endloop
endfacet
facet normal -0.6087614290087605 0.7933533402912046 -9.0091087114561e-16
  outer loop
    vertex 189.7223152716572 -436.1228782810407 55.00000000000554
    vertex 195.25206632933825 -431.8797510576761 5.000000000000182
    vertex 189.72231527165667 -436.122878281041 5.000000000000182
  endloop
endfacet
facet normal -0.6087614290087605 0.7933533402912046 -9.0091087114561e-16
  outer loop
    vertex 195.25206632933825 -431.8797510576761 5.000000000000182
    vertex 189.7223152716572 -436.1228782810407 55.00000000000554
    vertex 195.25206632933825 -431.8797510576767 55.000000000005514
  endloop
endfacet
facet normal 0.6409333712416259 -0.06379097645793334 0.7649412558826906
  outer loop
    vertex 206.6055596404475 -430.0397584726883 7.575116360536524
    vertex 205.23131694616936 -427.6294774899516 8.927576006840813
    vertex 204.70463343770388 -428.94225821782464 9.259399490278016
  endloop
endfacet
facet normal 0.6409333712416259 -0.06379097645793334 0.7649412558826906
  outer loop
    vertex 205.23131694616936 -427.6294774899516 8.927576006840813
    vertex 206.6055596404475 -430.0397584726883 7.575116360536524
    vertex 206.9192431838939 -427.6294774899516 7.5132866798736195
  endloop
endfacet
facet normal 0.40445297313757117 -0.19396471679392316 0.8937535908510984
  outer loop
    vertex 201.51609540057757 -436.6724774042568 9.472111706115273
    vertex 195.14868522627245 -441.5583630745336 11.293227237870811
    vertex 196.32655095895595 -443.5984863680351 10.317451315606988
  endloop
endfacet
facet normal 0.5231690933996289 -0.3757112917653949 0.7649412558826912
  outer loop
    vertex 200.02607964524614 -435.1824616489262 11.089023510667111
    vertex 194.13722899138966 -439.8064694860851 12.845462570240576
    vertex 195.14868522627245 -441.5583630745336 11.293227237870811
  endloop
endfacet
facet normal 0.6322792092533897 -0.7747406027477249 -2.177688340794329e-14
  outer loop
    vertex 197.91887915590846 -433.0752611595883 55.00000000000549
    vertex 192.7068138662723 -437.3289178134666 19.75211776000541
    vertex 197.9188791559079 -433.0752611595877 18.283456000005476
  endloop
endfacet
facet normal 0.6322792092533897 -0.7747406027477249 -2.177688340794329e-14
  outer loop
    vertex 192.7068138662723 -437.3289178134666 19.75211776000541
    vertex 197.91887915590846 -433.0752611595883 55.00000000000549
    vertex 192.7068138662723 -437.3289178134672 55.000000000005514
  endloop
endfacet
facet normal 0.7197094736523846 -0.36675738936654023 0.5894974901388874
  outer loop
    vertex 204.70463343770388 -428.94225821782464 9.259399490278016
    vertex 198.8827503436673 -434.0391323473469 13.196224000005511
    vertex 200.02607964524614 -435.1824616489262 11.089023510667111
  endloop
endfacet
facet normal 0.7966005216384807 -0.4759311579037024 0.37271589966319046
  outer loop
    vertex 203.24600146018204 -428.1001166529538 11.454400000005526
    vertex 198.16402349830108 -433.3204055019809 15.650110943095505
    vertex 198.8827503436673 -434.0391323473469 13.196224000005511
  endloop
endfacet
facet normal 0.6483576464017732 -0.658173843735123 0.38267421362731924
  outer loop
    vertex 192.873223364073 -437.6171475185194 17.224106505371836
    vertex 198.8827503436673 -434.0391323473469 13.196224000005511
    vertex 198.16402349830108 -433.3204055019809 15.650110943095505
  endloop
endfacet
facet normal 0.44541672814086464 -0.6574333337533453 0.6077708038086805
  outer loop
    vertex 187.1419755899395 -441.19170887028855 16.473640038405424
    vertex 194.13722899138966 -439.8064694860851 12.845462570240576
    vertex 193.3611113252048 -438.4621942556012 14.868375040005443
  endloop
endfacet
facet normal 0.23959967422902392 -0.03671083238049247 0.9701774636092496
  outer loop
    vertex 196.32655095895595 -443.5984863680351 10.317451315606988
    vertex 188.6155991182281 -446.69134674908673 12.104753262982895
    vertex 189.24372467880406 -451.0355432546876 11.785247027205411
  endloop
endfacet
facet normal 0.3058350594814036 -0.9227092328755087 0.23467549501023027
  outer loop
    vertex 147.2202134636983 -441.27823655203883 30.382598236275538
    vertex 139.80740104302282 -442.1775116419971 36.50734721843767
    vertex 145.68505485947833 -442.1775116419971 28.847439632055654
  endloop
endfacet
facet normal 0.3058350594814036 -0.9227092328755087 0.23467549501023027
  outer loop
    vertex 139.80740104302282 -442.1775116419971 36.50734721843767
    vertex 147.2202134636983 -441.27823655203883 30.382598236275538
    vertex 141.68757867031357 -441.27823655203883 37.59286827767843
  endloop
endfacet
facet normal 0.811252440648852 -0.5846960556915711 -3.28852531423487e-14
  outer loop
    vertex 197.9188791559079 -433.0752611595877 18.283456000005476
    vertex 201.84383281058098 -427.6294774899516 55.00000000000549
    vertex 197.91887915590846 -433.0752611595883 55.00000000000549
  endloop
endfacet
facet normal 0.811252440648852 -0.5846960556915711 -3.28852531423487e-14
  outer loop
    vertex 201.84383281058098 -427.6294774899516 55.00000000000549
    vertex 197.9188791559079 -433.0752611595877 18.283456000005476
    vertex 201.84383281057865 -427.6294774899516 16.818000531471565
  endloop
endfacet
facet normal 0.6002621707256248 -0.5405349530934235 0.5894974901388904
  outer loop
    vertex 200.02607964524614 -435.1824616489262 11.089023510667111
    vertex 193.3611113252048 -438.4621942556012 14.868375040005443
    vertex 194.13722899138966 -439.8064694860851 12.845462570240576
  endloop
endfacet
facet normal 0.820635308187198 -0.5564241616903339 0.1301915636426251
  outer loop
    vertex 201.84383281057865 -427.6294774899516 16.818000531471565
    vertex 197.9188791559079 -433.0752611595877 18.283456000005476
    vertex 202.28199453970598 -427.6294774899516 14.056139658477708
  endloop
endfacet
facet normal 0.7352878122146324 -0.6054678131259532 0.3045661840669369
  outer loop
    vertex 138.1928559119081 -443.608051724309 35.57518915236998
    vertex 132.92996667935842 -445.4723678564443 44.57472699215651
    vertex 136.95397185949423 -445.4723678564443 34.85991911121401
  endloop
endfacet
facet normal 0.7352878122146324 -0.6054678131259532 0.3045661840669369
  outer loop
    vertex 132.92996667935842 -445.4723678564443 44.57472699215651
    vertex 138.1928559119081 -443.608051724309 35.57518915236998
    vertex 134.31176229040523 -443.608051724309 44.94497801024134
  endloop
endfacet
facet normal 0.6479193829038608 -0.750833462529234 0.12825593477044883
  outer loop
    vertex 192.7068138662723 -437.3289178134666 19.75211776000541
    vertex 192.873223364073 -437.6171475185194 17.224106505371836
    vertex 198.16402349830108 -433.3204055019809 15.650110943095505
  endloop
endfacet
facet normal 0.21715400607987945 0.03553256702431197 0.9754904275922559
  outer loop
    vertex 205.11331164524725 -440.26969364892614 8.108992000005507
    vertex 203.25125549830167 -438.40763750198056 8.455678453757123
    vertex 197.59055658627375 -445.7878083356014 9.984632320005442
  endloop
endfacet
facet normal 0.24877147395337607 0.0688967725396317 0.966108683575863
  outer loop
    vertex 208.81923508912556 -431.31782458888097 6.516331722663441
    vertex 203.25125549830167 -438.40763750198056 8.455678453757123
    vertex 205.11331164524725 -440.26969364892614 8.108992000005507
  endloop
endfacet
facet normal 0.16019955612434922 -0.9870846479494865 -1.8074829974462213e-14
  outer loop
    vertex 186.81683387435385 -439.9782634680651 55.000000000005514
    vertex 180.69684836748473 -440.97151056569146 22.515551727621393
    vertex 186.81683387435385 -439.9782634680646 21.162033049605387
  endloop
endfacet
facet normal 0.16019955612434922 -0.9870846479494865 -1.8074829974462213e-14
  outer loop
    vertex 180.69684836748473 -440.97151056569146 22.515551727621393
    vertex 186.81683387435385 -439.9782634680651 55.000000000005514
    vertex 180.69684836748527 -440.971510565692 55.000000000005514
  endloop
endfacet
facet normal 0.1044315308929057 -0.9912985102900174 0.08013313205008477
  outer loop
    vertex 148.86764157092173 -440.97151056569226 32.030026343499166
    vertex 141.68757867031357 -441.27823655203883 37.59286827767843
    vertex 147.2202134636983 -441.27823655203883 30.382598236275538
  endloop
endfacet
facet normal 0.1044315308929057 -0.9912985102900174 0.08013313205008477
  outer loop
    vertex 141.68757867031357 -441.27823655203883 37.59286827767843
    vertex 148.86764157092173 -440.97151056569226 32.030026343499166
    vertex 143.70525779562197 -440.97151056569226 38.75777586381356
  endloop
endfacet
facet normal 0.4559174695845342 -0.8035544207783001 0.3826742136273178
  outer loop
    vertex 186.89952817320219 -440.28688279286234 18.735142245157157
    vertex 193.3611113252048 -438.4621942556012 14.868375040005443
    vertex 192.873223364073 -437.6171475185194 17.224106505371836
  endloop
endfacet
facet normal 0.09506228370513514 -0.059339549691443574 0.9937011522883431
  outer loop
    vertex 189.24372467880406 -451.0355432546876 11.785247027205411
    vertex 188.6155991182281 -446.69134674908673 12.104753262982895
    vertex 180.54066995311618 -450.50438420094196 12.649542086661304
  endloop
endfacet
facet normal 0.23756270639757263 -0.3283714925022723 0.914186044216871
  outer loop
    vertex 188.6155991182281 -446.69134674908673 12.104753262982895
    vertex 188.03027927657925 -444.5069033613756 13.041498148356174
    vertex 180.69684836748587 -447.64340997492525 13.820563132463791
  endloop
endfacet
facet normal 0.26522207947630394 -0.586960069857292 0.7649412558826907
  outer loop
    vertex 187.5276537337782 -442.63107929846245 14.531644067431142
    vertex 180.69684836748527 -443.60805172430844 16.150378304734115
    vertex 180.69684836748587 -445.4723678564435 14.719838222422144
  endloop
endfacet
facet normal 0.12942830799557992 -0.12942830799552038 0.9831056027603637
  outer loop
    vertex 171.8376152274277 -449.97322514719633 13.51383714611722
    vertex 161.17959269951155 -447.64340997492616 15.223718417606616
    vertex 161.10020617261733 -449.9732251471972 14.927443865800633
  endloop
endfacet
facet normal 0.12942830799557992 -0.12942830799552038 0.9831056027603637
  outer loop
    vertex 161.17959269951155 -447.64340997492616 15.223718417606616
    vertex 171.8376152274277 -449.97322514719633 13.51383714611722
    vertex 171.8376152274277 -447.64340997492525 13.820563132463647
  endloop
endfacet
facet normal 0.7933533402912388 1.007007661921338e-14 0.608761429008716
  outer loop
    vertex 142.5024681480344 -449.9732251471972 25.66485292061189
    vertex 135.90954429042364 -483.49999999999625 34.256918573061405
    vertex 142.502468148035 -483.49999999999625 25.664852920611686
  endloop
endfacet
facet normal 0.7933533402912388 1.007007661921338e-14 0.608761429008716
  outer loop
    vertex 135.90954429042364 -483.49999999999625 34.256918573061405
    vertex 142.5024681480344 -449.9732251471972 25.66485292061189
    vertex 135.90954429042247 -449.9732251471972 34.256918573061604
  endloop
endfacet
facet normal 0.2495748122325257 -0.7682480863751295 0.5894974901388904
  outer loop
    vertex 180.69684836748473 -442.1775116419963 18.014694436869416
    vertex 180.69684836748527 -443.60805172430844 16.150378304734115
    vertex 187.5276537337782 -442.63107929846245 14.531644067431142
  endloop
endfacet
facet normal -0.13052619222006343 0.9914448613738089 1.2426920041074843e-15
  outer loop
    vertex 176.37231527165707 -439.69999999999584 55.000000000005514
    vertex 183.28278377589405 -438.7902195619137 5.000000000000182
    vertex 176.37231527165707 -439.69999999999555 5.000000000000182
  endloop
endfacet
facet normal -0.13052619222006343 0.9914448613738089 1.2426920041074843e-15
  outer loop
    vertex 183.28278377589405 -438.7902195619137 5.000000000000182
    vertex 176.37231527165707 -439.69999999999584 55.000000000005514
    vertex 183.28278377589405 -438.7902195619137 55.00000000000554
  endloop
endfacet
facet normal 0.4031594075875078 0.04154959247919774 0.9141860442155646
  outer loop
    vertex 210.395819713909 -427.6294774899516 5.653417387870372
    vertex 209.26189177171375 -427.6294774899516 6.153483780608427
    vertex 208.81923508912556 -431.31782458888097 6.516331722663441
  endloop
endfacet
facet normal -0.38268343236498165 0.9238795325113315 -2.113819799616736e-15
  outer loop
    vertex 183.28278377589405 -438.7902195619137 55.00000000000554
    vertex 189.72231527165667 -436.122878281041 5.000000000000182
    vertex 183.28278377589405 -438.7902195619137 5.000000000000182
  endloop
endfacet
facet normal -0.38268343236498165 0.9238795325113315 -2.113819799616736e-15
  outer loop
    vertex 189.72231527165667 -436.122878281041 5.000000000000182
    vertex 183.28278377589405 -438.7902195619137 55.00000000000554
    vertex 189.7223152716572 -436.1228782810407 55.00000000000554
  endloop
endfacet
facet normal 0.17029460228668067 0.13934910874462686 0.9754904275922442
  outer loop
    vertex 213.42005267194614 -427.6294774899519 5.043924948266485
    vertex 211.85993524339844 -427.6294774899519 5.316279826900055
    vertex 211.19480146018307 -432.68935847268875 6.155200000005506
  endloop
endfacet
facet normal -3.417064092801126e-15 -0.7933533402912236 0.6087614290087356
  outer loop
    vertex 180.69684836748527 -443.60805172430844 16.150378304734115
    vertex 171.8376152274277 -442.1775116419963 18.014694436869398
    vertex 171.8376152274277 -443.60805172430844 16.150378304734048
  endloop
endfacet
facet normal -3.417064092801126e-15 -0.7933533402912236 0.6087614290087356
  outer loop
    vertex 171.8376152274277 -442.1775116419963 18.014694436869398
    vertex 180.69684836748527 -443.60805172430844 16.150378304734115
    vertex 180.69684836748473 -442.1775116419963 18.014694436869416
  endloop
endfacet
facet normal 0.603641004073184 -0.12942830799550978 0.7866802725955048
  outer loop
    vertex 151.09453380048402 -449.9732251471972 19.071929063000137
    vertex 142.71935617294565 -447.64340997492616 25.881740945523543
    vertex 142.5024681480344 -449.9732251471972 25.66485292061189
  endloop
endfacet
facet normal 0.603641004073184 -0.12942830799550978 0.7866802725955048
  outer loop
    vertex 142.71935617294565 -447.64340997492616 25.881740945523543
    vertex 151.09453380048402 -449.9732251471972 19.071929063000137
    vertex 151.24789679365716 -447.64340997492616 19.33756155917691
  endloop
endfacet
facet normal 0.20055815768742655 0.09052541665691116 0.9754904275922537
  outer loop
    vertex 211.19480146018307 -432.68935847268875 6.155200000005506
    vertex 208.81923508912556 -431.31782458888097 6.516331722663441
    vertex 205.11331164524725 -440.26969364892614 8.108992000005507
  endloop
endfacet
facet normal 0.2581265884149081 0.002162376606638779 0.9661086835758655
  outer loop
    vertex 203.25125549830167 -438.40763750198056 8.455678453757123
    vertex 196.32655095895595 -443.5984863680351 10.317451315606988
    vertex 197.59055658627375 -445.7878083356014 9.984632320005442
  endloop
endfacet
facet normal 1.1423826505172016e-14 -0.9999999999999999 -6.250490330887607e-15
  outer loop
    vertex 180.69684836748527 -440.971510565692 55.000000000005514
    vertex 171.8376152274277 -440.97151056569146 22.515551727621393
    vertex 180.69684836748473 -440.97151056569146 22.515551727621393
  endloop
endfacet
facet normal 1.1423826505172016e-14 -0.9999999999999999 -6.250490330887607e-15
  outer loop
    vertex 171.8376152274277 -440.97151056569146 22.515551727621393
    vertex 180.69684836748527 -440.971510565692 55.000000000005514
    vertex 163.43002134488725 -440.97151056569226 23.622432460958418
  endloop
endfacet
facet normal 1.1423826505172016e-14 -0.9999999999999999 -6.250490330887607e-15
  outer loop
    vertex 163.43002134488725 -440.97151056569226 23.622432460958418
    vertex 180.69684836748527 -440.971510565692 55.000000000005514
    vertex 155.59539109123602 -440.97151056569226 26.867642568199418
  endloop
endfacet
facet normal 1.1423826505172016e-14 -0.9999999999999999 -6.250490330887607e-15
  outer loop
    vertex 155.59539109123602 -440.97151056569226 26.867642568199418
    vertex 180.69684836748527 -440.971510565692 55.000000000005514
    vertex 148.86764157092173 -440.97151056569226 32.030026343499166
  endloop
endfacet
facet normal 1.1423826505172016e-14 -0.9999999999999999 -6.250490330887607e-15
  outer loop
    vertex 148.86764157092173 -440.97151056569226 32.030026343499166
    vertex 180.69684836748527 -440.971510565692 55.000000000005514
    vertex 143.70525779562197 -440.97151056569226 38.75777586381356
  endloop
endfacet
facet normal 1.1423826505172016e-14 -0.9999999999999999 -6.250490330887607e-15
  outer loop
    vertex 143.70525779562197 -440.97151056569226 38.75777586381356
    vertex 180.69684836748527 -440.971510565692 55.000000000005514
    vertex 140.46004768838128 -440.97151056569226 46.592406117464954
  endloop
endfacet
facet normal 1.1423826505172016e-14 -0.9999999999999999 -6.250490330887607e-15
  outer loop
    vertex 140.46004768838128 -440.97151056569226 46.592406117464954
    vertex 180.69684836748527 -440.971510565692 55.000000000005514
    vertex 139.3531669550444 -440.97151056569226 55.00000000000563
  endloop
endfacet
facet normal -0.40017590974746714 -0.06421150844599935 0.914186044216863
  outer loop
    vertex 230.49337504501833 -438.40763750198056 8.455678453757143
    vertex 227.1390709028714 -430.0397584726883 7.575116360536524
    vertex 224.92539545419388 -431.31782458888097 6.51633172266346
  endloop
endfacet
facet normal -0.7933533402912456 0.6087614290087071 2.10684854986992e-15
  outer loop
    vertex 198.51341594414723 -427.6294774899516 55.000000000005514
    vertex 195.25206632933825 -431.8797510576761 5.000000000000182
    vertex 195.25206632933825 -431.8797510576767 55.000000000005514
  endloop
endfacet
facet normal -0.7933533402912456 0.6087614290087071 2.10684854986992e-15
  outer loop
    vertex 195.25206632933825 -431.8797510576761 5.000000000000182
    vertex 198.51341594414723 -427.6294774899516 55.000000000005514
    vertex 198.51341594414723 -427.62947748995134 5.000000000000182
  endloop
endfacet
facet normal -7.478794493276546e-15 -0.6087614290087379 0.793353340291222
  outer loop
    vertex 180.69684836748587 -445.4723678564435 14.719838222422144
    vertex 171.8376152274277 -443.60805172430844 16.150378304734048
    vertex 171.8376152274277 -445.4723678564435 14.719838222422037
  endloop
endfacet
facet normal -7.478794493276546e-15 -0.6087614290087379 0.793353340291222
  outer loop
    vertex 171.8376152274277 -443.60805172430844 16.150378304734048
    vertex 180.69684836748587 -445.4723678564435 14.719838222422144
    vertex 180.69684836748527 -443.60805172430844 16.150378304734115
  endloop
endfacet
facet normal 0.40017590974746714 -0.06421150844599935 0.914186044216863
  outer loop
    vertex 208.81923508912556 -431.31782458888097 6.516331722663441
    vertex 206.6055596404475 -430.0397584726883 7.575116360536524
    vertex 203.25125549830167 -438.40763750198056 8.455678453757123
  endloop
endfacet
facet normal 0.253284190976353 -0.3702048587501622 0.8937535908510951
  outer loop
    vertex 188.03027927657925 -444.5069033613756 13.041498148356174
    vertex 180.69684836748587 -445.4723678564435 14.719838222422144
    vertex 180.69684836748587 -447.64340997492525 13.820563132463791
  endloop
endfacet
facet normal -8.296893223169528e-17 -0.9914448613738068 0.13052619222007933
  outer loop
    vertex 180.69684836748473 -441.2782365520379 20.185736555351088
    vertex 171.8376152274277 -440.97151056569146 22.515551727621393
    vertex 171.8376152274277 -441.2782365520379 20.185736555351074
  endloop
endfacet
facet normal -8.296893223169528e-17 -0.9914448613738068 0.13052619222007933
  outer loop
    vertex 171.8376152274277 -440.97151056569146 22.515551727621393
    vertex 180.69684836748473 -441.2782365520379 20.185736555351088
    vertex 180.69684836748473 -440.97151056569146 22.515551727621393
  endloop
endfacet
facet normal -9.249529804152215e-16 -0.9238795325112931 0.3826834323650745
  outer loop
    vertex 180.69684836748473 -442.1775116419963 18.014694436869416
    vertex 171.8376152274277 -441.2782365520379 20.185736555351074
    vertex 171.8376152274277 -442.1775116419963 18.014694436869398
  endloop
endfacet
facet normal -9.249529804152215e-16 -0.9238795325112931 0.3826834323650745
  outer loop
    vertex 171.8376152274277 -441.2782365520379 20.185736555351074
    vertex 180.69684836748473 -442.1775116419963 18.014694436869416
    vertex 180.69684836748473 -441.2782365520379 20.185736555351088
  endloop
endfacet
facet normal 0.4408733350571669 -0.08267539704376313 0.8937535908510953
  outer loop
    vertex 206.6055596404475 -430.0397584726883 7.575116360536524
    vertex 201.51609540057757 -436.6724774042568 9.472111706115273
    vertex 203.25125549830167 -438.40763750198056 8.455678453757123
  endloop
endfacet
facet normal 0.23925995433887054 -0.3789614898828378 0.8939479086812283
  outer loop
    vertex 188.6155991182281 -446.69134674908673 12.104753262982895
    vertex 180.69684836748587 -447.64340997492525 13.820563132463791
    vertex 180.54066995311618 -450.50438420094196 12.649542086661304
  endloop
endfacet
facet normal 0.820172065102923 -0.5575555567124992 0.12825593477037078
  outer loop
    vertex 202.28650654075156 -427.6294774899516 14.02728627854455
    vertex 197.9188791559079 -433.0752611595877 18.283456000005476
    vertex 198.16402349830108 -433.3204055019809 15.650110943095505
  endloop
endfacet
facet normal 0.820172065102923 -0.5575555567124992 0.12825593477037078
  outer loop
    vertex 197.9188791559079 -433.0752611595877 18.283456000005476
    vertex 202.28650654075156 -427.6294774899516 14.02728627854455
    vertex 202.28199453970598 -427.6294774899516 14.056139658477708
  endloop
endfacet
facet normal 0.7966133210784255 -0.4679398069251109 0.3826742136273245
  outer loop
    vertex 203.24600146018204 -428.1001166529538 11.454400000005526
    vertex 202.28650654075156 -427.6294774899516 14.02728627854455
    vertex 198.16402349830108 -433.3204055019809 15.650110943095505
  endloop
endfacet
facet normal 0.7966133210784255 -0.4679398069251109 0.3826742136273245
  outer loop
    vertex 202.28650654075156 -427.6294774899516 14.02728627854455
    vertex 203.24600146018204 -428.1001166529538 11.454400000005526
    vertex 202.4308305178305 -427.6294774899516 13.726846900613307
  endloop
endfacet
facet normal -1.6413611117058842e-14 -0.13052619222001696 0.991444861373815
  outer loop
    vertex 180.69684836748587 -447.64340997492525 13.820563132463791
    vertex 171.8376152274277 -447.64340997492525 13.820563132463647
    vertex 171.8376152274277 -449.97322514719633 13.51383714611722
  endloop
endfacet
facet normal 0.410217194638239 -0.9119878580458917 -1.9205693413970184e-14
  outer loop
    vertex 192.7068138662723 -437.3289178134672 55.000000000005514
    vertex 186.81683387435385 -439.9782634680646 21.162033049605387
    vertex 192.7068138662723 -437.3289178134666 19.75211776000541
  endloop
endfacet
facet normal 0.410217194638239 -0.9119878580458917 -1.9205693413970184e-14
  outer loop
    vertex 186.81683387435385 -439.9782634680646 21.162033049605387
    vertex 192.7068138662723 -437.3289178134672 55.000000000005514
    vertex 186.81683387435385 -439.9782634680651 55.000000000005514
  endloop
endfacet
facet normal 0.9914448613738099 2.5513424518429528e-14 0.13052619222005454
  outer loop
    vertex 131.76505909322347 -449.9732251471972 44.2625909451947
    vertex 130.35145237354092 -483.49999999999625 55.00000000000563
    vertex 131.76505909322404 -483.49999999999625 44.26259094519468
  endloop
endfacet
facet normal 0.9914448613738099 2.5513424518429528e-14 0.13052619222005454
  outer loop
    vertex 130.35145237354092 -483.49999999999625 55.00000000000563
    vertex 131.76505909322347 -449.9732251471972 44.2625909451947
    vertex 130.35145237354033 -449.9732251471972 55.00000000000566
  endloop
endfacet
facet normal -6.44757412450379e-16 0.32182295963456037 0.9467998640959198
  outer loop
    vertex 236.15407395704625 -445.7878083356014 9.984632320005462
    vertex 205.11331164524725 -440.26969364892614 8.108992000005507
    vertex 197.59055658627375 -445.7878083356014 9.984632320005442
  endloop
endfacet
facet normal -6.44757412450379e-16 0.32182295963456037 0.9467998640959198
  outer loop
    vertex 205.11331164524725 -440.26969364892614 8.108992000005507
    vertex 236.15407395704625 -445.7878083356014 9.984632320005462
    vertex 228.6313188980722 -440.26969364892614 8.108992000005523
  endloop
endfacet
facet normal 5.4313050338221995e-15 0.9999999999999999 1.443822839064377e-15
  outer loop
    vertex 128.85145237354126 -439.6999999999952 55.000000000005514
    vertex 176.37231527165707 -439.69999999999555 5.000000000000182
    vertex 128.85145237354126 -439.6999999999952 5.000000000000182
  endloop
endfacet
facet normal 5.4313050338221995e-15 0.9999999999999999 1.443822839064377e-15
  outer loop
    vertex 176.37231527165707 -439.69999999999555 5.000000000000182
    vertex 128.85145237354126 -439.6999999999952 55.000000000005514
    vertex 176.37231527165707 -439.69999999999584 55.000000000005514
  endloop
endfacet
facet normal 0.26008325351183964 -0.7503141683857804 0.6077708038086816
  outer loop
    vertex 180.69684836748473 -442.1775116419963 18.014694436869416
    vertex 187.5276537337782 -442.63107929846245 14.531644067431142
    vertex 187.1419755899395 -441.19170887028855 16.473640038405424
  endloop
endfacet
facet normal -0.8112524406486448 -0.5846960556918586 -2.0873050007580976e-14
  outer loop
    vertex 231.90079773273675 -427.6294774899516 55.00000000000563
    vertex 235.82575138741217 -433.0752611595877 18.28345600000551
    vertex 235.82575138741095 -433.07526115958797 55.00000000000563
  endloop
endfacet
facet normal -0.8112524406486448 -0.5846960556918586 -2.0873050007580976e-14
  outer loop
    vertex 235.82575138741217 -433.0752611595877 18.28345600000551
    vertex 231.90079773273675 -427.6294774899516 55.00000000000563
    vertex 231.90079773273794 -427.6294774899516 16.818000531471114
  endloop
endfacet
facet normal -0.34046980948881983 -0.2920356616363981 0.8937535908511014
  outer loop
    vertex 245.71435126674078 -444.5069033613756 13.041498148356188
    vertex 238.59594531704698 -441.5583630745336 11.293227237870832
    vertex 245.12903142509197 -446.69134674908673 12.104753262982909
  endloop
endfacet
facet normal -0.23467549501023197 -0.9227092328755091 0.3058350594814013
  outer loop
    vertex 288.0595756838417 -442.1775116419971 28.84743963205569
    vertex 279.31414703821895 -441.27823655203883 24.84996344289096
    vertex 280.39966809745965 -442.1775116419971 22.969785815599923
  endloop
endfacet
facet normal -0.23467549501023197 -0.9227092328755091 0.3058350594814013
  outer loop
    vertex 279.31414703821895 -441.27823655203883 24.84996344289096
    vertex 288.0595756838417 -442.1775116419971 28.84743963205569
    vertex 286.52441707962174 -441.27823655203883 30.382598236275577
  endloop
endfacet
facet normal -0.7798327573978174 -0.1499183795536019 0.6077708038079315
  outer loop
    vertex 230.18357692939932 -427.6294774899516 11.166247742600556
    vertex 230.49862908313736 -428.1001166529538 11.45440000000554
    vertex 230.31509834954537 -427.6294774899516 11.335003318036021
  endloop
endfacet
facet normal -0.3826834323650982 6.9009125940739584e-15 0.9238795325112834
  outer loop
    vertex 282.6500967428348 -483.49999999999625 19.07192906300005
    vertex 272.64442437070267 -449.9732251471972 14.927443865800656
    vertex 272.64442437070153 -483.49999999999625 14.927443865800543
  endloop
endfacet
facet normal -0.3826834323650982 6.9009125940739584e-15 0.9238795325112834
  outer loop
    vertex 272.64442437070267 -449.9732251471972 14.927443865800656
    vertex 282.6500967428348 -483.49999999999625 19.07192906300005
    vertex 282.65009674283596 -449.9732251471972 19.07192906300016
  endloop
endfacet
facet normal -0.45191070945507994 -0.8104687340163514 0.37271589966318713
  outer loop
    vertex 246.84510237011722 -440.28688279286234 18.73514224515717
    vertex 240.38351921811463 -438.4621942556012 14.868375040005459
    vertex 246.60265495338058 -441.19170887028855 16.473640038405424
  endloop
endfacet
facet normal -0.6111333983661691 -0.059287722695758036 0.7893040829357012
  outer loop
    vertex 227.1390709028714 -430.0397584726883 7.575116360536524
    vertex 226.8253873594261 -427.6294774899516 7.513286679873222
    vertex 226.14069983069376 -427.6294774899516 6.983154598588781
  endloop
endfacet
facet normal -0.9171204481621493 -0.3798837279584744 0.12074119758901745
  outer loop
    vertex 302.18717709347516 -445.4723678564443 55.00000000000566
    vertex 301.68329689829 -447.64340997492616 44.34197747208901
    vertex 303.08645218343344 -447.64340997492616 55.00000000000566
  endloop
endfacet
facet normal -0.9171204481621493 -0.3798837279584744 0.12074119758901745
  outer loop
    vertex 301.68329689829 -447.64340997492616 44.34197747208901
    vertex 302.18717709347516 -445.4723678564443 55.00000000000566
    vertex 300.814663863961 -445.4723678564443 44.57472699215651
  endloop
endfacet
facet normal -0.8201720651029192 -0.5575555567124856 0.12825593477045513
  outer loop
    vertex 235.82575138741217 -433.0752611595877 18.28345600000551
    vertex 231.45812400256787 -427.6294774899516 14.02728627854451
    vertex 235.58060704501838 -433.3204055019809 15.650110943095505
  endloop
endfacet
facet normal -0.8201720651029192 -0.5575555567124856 0.12825593477045513
  outer loop
    vertex 231.45812400256787 -427.6294774899516 14.02728627854451
    vertex 235.82575138741217 -433.0752611595877 18.28345600000551
    vertex 231.46263600361291 -427.6294774899516 14.056139658477528
  endloop
endfacet
facet normal -0.6486596679418976 -0.7498605149905436 0.13019156364228812
  outer loop
    vertex 241.03781667704772 -437.3289178134666 19.752117760005447
    vertex 235.82575138741217 -433.0752611595877 18.28345600000551
    vertex 235.58060704501838 -433.3204055019809 15.650110943095505
  endloop
endfacet
facet normal -0.12942830799557992 -0.12942830799552038 0.9831056027603637
  outer loop
    vertex 272.64442437070267 -449.9732251471972 14.927443865800656
    vertex 261.9070153158917 -447.64340997492525 13.820563132463663
    vertex 261.90701531589116 -449.97322514719633 13.51383714611724
  endloop
endfacet
facet normal -0.12942830799557992 -0.12942830799552038 0.9831056027603637
  outer loop
    vertex 261.9070153158917 -447.64340997492525 13.820563132463663
    vertex 272.64442437070267 -449.9732251471972 14.927443865800656
    vertex 272.56503784380794 -447.64340997492616 15.223718417606634
  endloop
endfacet
facet normal -1.1186599642452464e-15 0.24958774408897585 0.9683521869653499
  outer loop
    vertex 228.6313188980722 -440.26969364892614 8.108992000005523
    vertex 211.19480146018307 -432.68935847268875 6.155200000005506
    vertex 205.11331164524725 -440.26969364892614 8.108992000005507
  endloop
endfacet
facet normal -1.1186599642452464e-15 0.24958774408897585 0.9683521869653499
  outer loop
    vertex 211.19480146018307 -432.68935847268875 6.155200000005506
    vertex 228.6313188980722 -440.26969364892614 8.108992000005523
    vertex 222.54982908313642 -432.68935847268875 6.1552000000055225
  endloop
endfacet
facet normal -0.9238795325112874 2.263616327459209e-14 0.3826834323650885
  outer loop
    vertex 301.979571450096 -449.9732251471972 44.2625909451947
    vertex 297.83508625289636 -483.49999999999625 34.25691857306143
    vertex 301.9795714500954 -483.49999999999625 44.26259094519468
  endloop
endfacet
facet normal -0.9238795325112874 2.263616327459209e-14 0.3826834323650885
  outer loop
    vertex 297.83508625289636 -483.49999999999625 34.25691857306143
    vertex 301.979571450096 -449.9732251471972 44.2625909451947
    vertex 297.835086252897 -449.9732251471972 34.25691857306162
  endloop
endfacet
facet normal -0.37259357912958313 -0.7908176098822484 0.4855734060793848
  outer loop
    vertex 289.37784626315033 -443.608051724309 27.529169052747257
    vertex 280.39966809745965 -442.1775116419971 22.969785815599923
    vertex 281.33182616352735 -443.608051724309 21.35524068448553
  endloop
endfacet
facet normal -0.37259357912958313 -0.7908176098822484 0.4855734060793848
  outer loop
    vertex 280.39966809745965 -442.1775116419971 22.969785815599923
    vertex 289.37784626315033 -443.608051724309 27.529169052747257
    vertex 288.0595756838417 -442.1775116419971 28.84743963205569
  endloop
endfacet
facet normal 9.284453891208484e-16 -0.9238795325112931 0.3826834323650745
  outer loop
    vertex 261.90701531589116 -441.2782365520379 20.185736555351088
    vertex 253.0477821758342 -442.1775116419963 18.014694436869437
    vertex 261.9070153158917 -442.1775116419963 18.014694436869398
  endloop
endfacet
facet normal 9.284453891208484e-16 -0.9238795325112931 0.3826834323650745
  outer loop
    vertex 253.0477821758342 -442.1775116419963 18.014694436869437
    vertex 261.90701531589116 -441.2782365520379 20.185736555351088
    vertex 253.04778217583475 -441.2782365520379 20.185736555351106
  endloop
endfacet
facet normal -0.4472489077706008 0.03424811438849529 0.8937535908508771
  outer loop
    vertex 224.92539545419388 -431.31782458888097 6.51633172266346
    vertex 226.14069983069376 -427.6294774899516 6.983154598588781
    vertex 224.4827387716097 -427.6294774899516 6.15348378060092
  endloop
endfacet
facet normal -0.4472489077706008 0.03424811438849529 0.8937535908508771
  outer loop
    vertex 226.14069983069376 -427.6294774899516 6.983154598588781
    vertex 224.92539545419388 -431.31782458888097 6.51633172266346
    vertex 227.1390709028714 -430.0397584726883 7.575116360536524
  endloop
endfacet
facet normal -0.23756270639757268 -0.3283714925022723 0.9141860442168709
  outer loop
    vertex 253.0477821758342 -447.64340997492525 13.820563132463827
    vertex 245.71435126674078 -444.5069033613756 13.041498148356188
    vertex 245.12903142509197 -446.69134674908673 12.104753262982909
  endloop
endfacet
facet normal -0.36992108498321574 -0.16559670118683464 0.9141860442168642
  outer loop
    vertex 237.41807958436348 -443.5984863680351 10.317451315607007
    vertex 232.22853514274243 -436.6724774042568 9.472111706115292
    vertex 230.49337504501833 -438.40763750198056 8.455678453757143
  endloop
endfacet
facet normal -0.12161309348663886 -0.9912985102900175 0.05037379268431195
  outer loop
    vertex 295.53501150031445 -441.27823655203883 45.98940557931262
    vertex 290.039372747698 -440.97151056569226 38.757775863813606
    vertex 292.0570518730064 -441.27823655203883 37.592868277678456
  endloop
endfacet
facet normal -0.12161309348663886 -0.9912985102900175 0.05037379268431195
  outer loop
    vertex 290.039372747698 -440.97151056569226 38.757775863813606
    vertex 295.53501150031445 -441.27823655203883 45.98940557931262
    vertex 293.28458285493815 -440.97151056569226 46.592406117464954
  endloop
endfacet
facet normal -0.7890610165043994 -0.6054678131259853 0.10388185357164535
  outer loop
    vertex 300.75663701116235 -443.608051724309 55.00000000000566
    vertex 300.814663863961 -445.4723678564443 44.57472699215651
    vertex 302.18717709347516 -445.4723678564443 55.00000000000566
  endloop
endfacet
facet normal -0.7890610165043994 -0.6054678131259853 0.10388185357164535
  outer loop
    vertex 300.814663863961 -445.4723678564443 44.57472699215651
    vertex 300.75663701116235 -443.608051724309 55.00000000000566
    vertex 299.4328682529142 -443.608051724309 44.944978010241364
  endloop
endfacet
facet normal -0.05031741058392766 -0.9227092328755176 0.38219867838390315
  outer loop
    vertex 271.4795167845671 -442.1775116419971 19.274938163379762
    vertex 261.90701531589116 -441.2782365520379 20.185736555351088
    vertex 261.9070153158917 -442.1775116419963 18.014694436869398
  endloop
endfacet
facet normal -0.05031741058392766 -0.9227092328755176 0.38219867838390315
  outer loop
    vertex 261.90701531589116 -441.2782365520379 20.185736555351088
    vertex 271.4795167845671 -442.1775116419971 19.274938163379762
    vertex 270.91760973658506 -441.27823655203883 21.372003815582456
  endloop
endfacet
facet normal -0.8206353081869472 -0.5564241616909076 0.13019156364175372
  outer loop
    vertex 231.46263600361291 -427.6294774899516 14.056139658477528
    vertex 235.82575138741217 -433.0752611595877 18.28345600000551
    vertex 231.90079773273794 -427.6294774899516 16.818000531471114
  endloop
endfacet
facet normal -3.453209074825074e-16 0.10035567012487698 0.9949516267004075
  outer loop
    vertex 253.047782175833 -468.17322514719626 13.513837146117385
    vertex 189.24372467880406 -451.0355432546876 11.785247027205411
    vertex 180.69684836748644 -468.17322514719626 13.513837146117364
  endloop
endfacet
facet normal -3.453209074825074e-16 0.10035567012487698 0.9949516267004075
  outer loop
    vertex 189.24372467880406 -451.0355432546876 11.785247027205411
    vertex 253.047782175833 -468.17322514719626 13.513837146117385
    vertex 244.50090586451537 -451.0355432546876 11.785247027205425
  endloop
endfacet
facet normal -2.6543305014079925e-16 -2.8844887637499957e-15 0.9999999999999999
  outer loop
    vertex 171.8376152274277 -483.49999999999534 13.513837146117115
    vertex 180.69684836748644 -468.17322514719626 13.513837146117364
    vertex 171.8376152274277 -449.97322514719633 13.51383714611722
  endloop
endfacet
facet normal -2.6543305014079925e-16 -2.8844887637499957e-15 0.9999999999999999
  outer loop
    vertex 180.69684836748644 -468.17322514719626 13.513837146117364
    vertex 171.8376152274277 -483.49999999999534 13.513837146117115
    vertex 261.90701531589116 -483.49999999999534 13.51383714611713
  endloop
endfacet
facet normal -2.6543305014079925e-16 -2.8844887637499957e-15 0.9999999999999999
  outer loop
    vertex 180.69684836748644 -468.17322514719626 13.513837146117364
    vertex 261.90701531589116 -483.49999999999534 13.51383714611713
    vertex 253.047782175833 -468.17322514719626 13.513837146117385
  endloop
endfacet
facet normal -2.6543305014079925e-16 -2.8844887637499957e-15 0.9999999999999999
  outer loop
    vertex 253.047782175833 -468.17322514719626 13.513837146117385
    vertex 261.90701531589116 -483.49999999999534 13.51383714611713
    vertex 261.90701531589116 -449.97322514719633 13.51383714611724
  endloop
endfacet
facet normal -0.0950622837051352 -0.059339549691443595 0.9937011522883431
  outer loop
    vertex 253.2039605902039 -450.50438420094196 12.649542086661342
    vertex 245.12903142509197 -446.69134674908673 12.104753262982909
    vertex 244.50090586451537 -451.0355432546876 11.785247027205425
  endloop
endfacet
facet normal -0.631405958642981 -0.605467813125944 0.48449483243748337
  outer loop
    vertex 295.5517746314119 -443.608051724309 35.575189152369994
    vertex 290.38939085611156 -445.4723678564443 26.517624459785345
    vertex 296.7906586838258 -445.4723678564443 34.85991911121403
  endloop
endfacet
facet normal -0.631405958642981 -0.605467813125944 0.48449483243748337
  outer loop
    vertex 290.38939085611156 -445.4723678564443 26.517624459785345
    vertex 295.5517746314119 -443.608051724309 35.575189152369994
    vertex 289.37784626315033 -443.608051724309 27.529169052747257
  endloop
endfacet
facet normal -0.5654622078528814 -0.7908176098822464 0.23422211550209354
  outer loop
    vertex 299.4328682529142 -443.608051724309 44.944978010241364
    vertex 293.93722950029724 -442.1775116419971 36.507347218437694
    vertex 295.5517746314119 -443.608051724309 35.575189152369994
  endloop
endfacet
facet normal -0.5654622078528814 -0.7908176098822464 0.23422211550209354
  outer loop
    vertex 293.93722950029724 -442.1775116419971 36.507347218437694
    vertex 299.4328682529142 -443.608051724309 44.944978010241364
    vertex 297.63207715251707 -442.1775116419971 45.42749853132986
  endloop
endfacet
facet normal -0.21715400607987945 0.03553256702431197 0.9754904275922559
  outer loop
    vertex 236.15407395704625 -445.7878083356014 9.984632320005462
    vertex 230.49337504501833 -438.40763750198056 8.455678453757143
    vertex 228.6313188980722 -440.26969364892614 8.108992000005523
  endloop
endfacet
facet normal -0.6322792092534012 -0.7747406027477155 -2.3767884840123616e-14
  outer loop
    vertex 241.03781667704772 -437.3289178134666 19.752117760005447
    vertex 235.82575138741095 -433.07526115958797 55.00000000000563
    vertex 235.82575138741217 -433.0752611595877 18.28345600000551
  endloop
endfacet
facet normal -0.6322792092534012 -0.7747406027477155 -2.3767884840123616e-14
  outer loop
    vertex 235.82575138741095 -433.07526115958797 55.00000000000563
    vertex 241.03781667704772 -437.3289178134666 19.752117760005447
    vertex 241.03781667704712 -437.3289178134672 55.00000000000563
  endloop
endfacet
facet normal -0.06830371053963712 -0.3811120170327986 0.922002295875509
  outer loop
    vertex 261.90701531589116 -449.97322514719633 13.51383714611724
    vertex 253.0477821758342 -447.64340997492525 13.820563132463827
    vertex 253.2039605902039 -450.50438420094196 12.649542086661342
  endloop
endfacet
facet normal -0.17029460228846305 0.13934910874447465 0.9754904275919549
  outer loop
    vertex 222.54982908313642 -432.68935847268875 6.1552000000055225
    vertex 221.88469529992102 -427.6294774899516 5.31627982689944
    vertex 220.3245778713727 -427.6294774899516 5.043924948262822
  endloop
endfacet
facet normal 0.6087614290087239 0.7933533402912325 2.252482172340083e-15
  outer loop
    vertex 238.49256421398175 -431.8797510576767 55.00000000000563
    vertex 244.02231527166225 -436.12287828104013 5.000000000000182
    vertex 238.49256421398115 -431.8797510576764 5.000000000000182
  endloop
endfacet
facet normal 0.6087614290087239 0.7933533402912325 2.252482172340083e-15
  outer loop
    vertex 244.02231527166225 -436.12287828104013 5.000000000000182
    vertex 238.49256421398175 -431.8797510576767 55.00000000000563
    vertex 244.02231527166225 -436.1228782810404 55.00000000000563
  endloop
endfacet
facet normal -0.6409333712416256 -0.06379097645774151 0.7649412558827065
  outer loop
    vertex 227.1390709028714 -430.0397584726883 7.575116360536524
    vertex 228.51331359715005 -427.6294774899516 8.927576006840505
    vertex 226.8253873594261 -427.6294774899516 7.513286679873222
  endloop
endfacet
facet normal -0.6409333712416256 -0.06379097645774151 0.7649412558827065
  outer loop
    vertex 228.51331359715005 -427.6294774899516 8.927576006840505
    vertex 227.1390709028714 -430.0397584726883 7.575116360536524
    vertex 229.03999710561556 -428.94225821782464 9.259399490278032
  endloop
endfacet
facet normal 7.7925083252455225e-16 0.9999999999999999 1.4438228390643663e-15
  outer loop
    vertex 257.37231527166176 -439.69999999999584 55.00000000000563
    vertex 304.89317816977876 -439.69999999999584 5.000000000000182
    vertex 257.37231527166176 -439.69999999999584 5.000000000000182
  endloop
endfacet
facet normal 7.7925083252455225e-16 0.9999999999999999 1.4438228390643663e-15
  outer loop
    vertex 304.89317816977876 -439.69999999999584 5.000000000000182
    vertex 257.37231527166176 -439.69999999999584 55.00000000000563
    vertex 304.89317816977876 -439.69999999999584 55.00000000000563
  endloop
endfacet
facet normal -0.10388185357171599 -0.6054678131259627 0.7890610165044075
  outer loop
    vertex 272.33228832374056 -445.4723678564443 16.092351451935993
    vertex 261.9070153158917 -443.60805172430844 16.150378304734062
    vertex 261.9070153158917 -445.4723678564435 14.719838222422055
  endloop
endfacet
facet normal -0.10388185357171599 -0.6054678131259627 0.7890610165044075
  outer loop
    vertex 261.9070153158917 -443.60805172430844 16.150378304734062
    vertex 272.33228832374056 -445.4723678564443 16.092351451935993
    vertex 271.9620373056556 -443.608051724309 17.474147062982794
  endloop
endfacet
facet normal -0.4315120654973151 -0.8929433086856186 0.1282559347703687
  outer loop
    vertex 246.92779666896558 -439.9782634680646 21.162033049605423
    vertex 240.8714071792465 -437.6171475185194 17.224106505371854
    vertex 246.84510237011722 -440.28688279286234 18.73514224515717
  endloop
endfacet
facet normal -0.4044529731375712 -0.19396471679392313 0.8937535908510983
  outer loop
    vertex 238.59594531704698 -441.5583630745336 11.293227237870832
    vertex 232.22853514274243 -436.6724774042568 9.472111706115292
    vertex 237.41807958436348 -443.5984863680351 10.317451315607007
  endloop
endfacet
facet normal -0.4559174695845342 -0.8035544207783001 0.3826742136273178
  outer loop
    vertex 246.84510237011722 -440.28688279286234 18.73514224515717
    vertex 240.8714071792465 -437.6171475185194 17.224106505371854
    vertex 240.38351921811463 -438.4621942556012 14.868375040005459
  endloop
endfacet
facet normal 0.38268343236509955 0.9238795325112826 2.782616627784695e-15
  outer loop
    vertex 244.02231527166225 -436.1228782810404 55.00000000000563
    vertex 250.46184676742482 -438.790219561914 5.000000000000182
    vertex 244.02231527166225 -436.12287828104013 5.000000000000182
  endloop
endfacet
facet normal 0.38268343236509955 0.9238795325112826 2.782616627784695e-15
  outer loop
    vertex 250.46184676742482 -438.790219561914 5.000000000000182
    vertex 244.02231527166225 -436.1228782810404 55.00000000000563
    vertex 250.46184676742482 -438.790219561914 55.00000000000563
  endloop
endfacet
facet normal -0.4844948324374892 -0.6054678131259449 0.6314059586429754
  outer loop
    vertex 282.04709620468316 -445.4723678564443 20.11635663207152
    vertex 289.37784626315033 -443.608051724309 27.529169052747257
    vertex 281.33182616352735 -443.608051724309 21.35524068448553
  endloop
endfacet
facet normal -0.4844948324374892 -0.6054678131259449 0.6314059586429754
  outer loop
    vertex 289.37784626315033 -443.608051724309 27.529169052747257
    vertex 282.04709620468316 -445.4723678564443 20.11635663207152
    vertex 290.38939085611156 -445.4723678564443 26.517624459785345
  endloop
endfacet
facet normal 7.478794493276547e-15 -0.6087614290087379 0.793353340291222
  outer loop
    vertex 261.9070153158917 -445.4723678564435 14.719838222422055
    vertex 253.0477821758342 -443.60805172430844 16.150378304734136
    vertex 253.0477821758342 -445.4723678564435 14.719838222422144
  endloop
endfacet
facet normal 7.478794493276547e-15 -0.6087614290087379 0.793353340291222
  outer loop
    vertex 253.0477821758342 -443.60805172430844 16.150378304734136
    vertex 261.9070153158917 -445.4723678564435 14.719838222422055
    vertex 261.9070153158917 -443.60805172430844 16.150378304734062
  endloop
endfacet
facet normal -0.22246299465622835 0.13093596728148493 0.9661086835758411
  outer loop
    vertex 222.54982908313642 -432.68935847268875 6.1552000000055225
    vertex 223.3488108294116 -427.6294774899516 5.653417387869577
    vertex 221.88469529992102 -427.6294774899516 5.31627982689944
  endloop
endfacet
facet normal -0.22246299465622835 0.13093596728148493 0.9661086835758411
  outer loop
    vertex 223.3488108294116 -427.6294774899516 5.653417387869577
    vertex 222.54982908313642 -432.68935847268875 6.1552000000055225
    vertex 224.92539545419388 -431.31782458888097 6.51633172266346
  endloop
endfacet
facet normal 8.296893223169528e-17 -0.9914448613738068 0.13052619222007933
  outer loop
    vertex 261.90701531589116 -440.97151056569146 22.51555172762141
    vertex 253.04778217583475 -441.2782365520379 20.185736555351106
    vertex 261.90701531589116 -441.2782365520379 20.185736555351088
  endloop
endfacet
facet normal 8.296893223169528e-17 -0.9914448613738068 0.13052619222007933
  outer loop
    vertex 253.04778217583475 -441.2782365520379 20.185736555351106
    vertex 261.90701531589116 -440.97151056569146 22.51555172762141
    vertex 253.04778217583475 -440.97151056569146 22.51555172762141
  endloop
endfacet
facet normal -0.6025837765998867 -0.22750311476379345 0.764941255882692
  outer loop
    vertex 233.7185508980728 -435.1824616489262 11.089023510667126
    vertex 229.03999710561556 -428.94225821782464 9.259399490278032
    vertex 232.22853514274243 -436.6724774042568 9.472111706115292
  endloop
endfacet
facet normal -0.8926370649090326 -0.2535388106166594 0.37271589966310414
  outer loop
    vertex 230.31509834954537 -427.6294774899516 11.335003318036021
    vertex 230.49862908313736 -428.1001166529538 11.45440000000554
    vertex 231.31380002548894 -427.6294774899516 13.72684690061448
  endloop
endfacet
facet normal 1.640957828877455e-14 -0.13052619222001705 0.991444861373815
  outer loop
    vertex 261.9070153158917 -447.64340997492525 13.820563132463663
    vertex 253.0477821758342 -447.64340997492525 13.820563132463827
    vertex 261.90701531589116 -449.97322514719633 13.51383714611724
  endloop
endfacet
facet normal -0.8546202052330909 -0.379883727958505 0.3539952796856165
  outer loop
    vertex 300.814663863961 -445.4723678564443 44.57472699215651
    vertex 297.5694537567203 -447.64340997492616 34.410281566234815
    vertex 301.68329689829 -447.64340997492616 44.34197747208901
  endloop
endfacet
facet normal -0.8546202052330909 -0.379883727958505 0.3539952796856165
  outer loop
    vertex 297.5694537567203 -447.64340997492616 34.410281566234815
    vertex 300.814663863961 -445.4723678564443 44.57472699215651
    vertex 296.7906586838258 -445.4723678564443 34.85991911121403
  endloop
endfacet
facet normal -0.9831056027603706 -0.1294283079954962 0.1294283079955513
  outer loop
    vertex 303.08645218343344 -447.64340997492616 55.00000000000566
    vertex 301.979571450096 -449.9732251471972 44.2625909451947
    vertex 303.3931781697797 -449.9732251471972 55.00000000000566
  endloop
endfacet
facet normal -0.9831056027603706 -0.1294283079954962 0.1294283079955513
  outer loop
    vertex 301.979571450096 -449.9732251471972 44.2625909451947
    vertex 303.08645218343344 -447.64340997492616 55.00000000000566
    vertex 301.68329689829 -447.64340997492616 44.34197747208901
  endloop
endfacet
facet normal -0.13052619222005962 -1.5141095403066688e-15 0.9914448613738093
  outer loop
    vertex 272.64442437070153 -483.49999999999625 14.927443865800543
    vertex 261.90701531589116 -449.97322514719633 13.51383714611724
    vertex 261.90701531589116 -483.49999999999534 13.51383714611713
  endloop
endfacet
facet normal -0.13052619222005962 -1.5141095403066688e-15 0.9914448613738093
  outer loop
    vertex 261.90701531589116 -449.97322514719633 13.51383714611724
    vertex 272.64442437070153 -483.49999999999625 14.927443865800543
    vertex 272.64442437070267 -449.9732251471972 14.927443865800656
  endloop
endfacet
facet normal 1.726124505429693e-17 0.9999999999999999 6.887928641233685e-16
  outer loop
    vertex 198.51341594414723 -427.62947748995134 5.000000000000182
    vertex 213.42005267194614 -427.6294774899519 5.043924948266485
    vertex 235.23121459917218 -427.6294774899516 5.000000000000182
  endloop
endfacet
facet normal 1.726124505429693e-17 0.9999999999999999 6.887928641233685e-16
  outer loop
    vertex 213.42005267194614 -427.6294774899519 5.043924948266485
    vertex 198.51341594414723 -427.62947748995134 5.000000000000182
    vertex 211.85993524339844 -427.6294774899519 5.316279826900055
  endloop
endfacet
facet normal 1.726124505429693e-17 0.9999999999999999 6.887928641233685e-16
  outer loop
    vertex 211.85993524339844 -427.6294774899519 5.316279826900055
    vertex 198.51341594414723 -427.62947748995134 5.000000000000182
    vertex 210.395819713909 -427.6294774899516 5.653417387870372
  endloop
endfacet
facet normal 1.726124505429693e-17 0.9999999999999999 6.887928641233685e-16
  outer loop
    vertex 210.395819713909 -427.6294774899516 5.653417387870372
    vertex 198.51341594414723 -427.62947748995134 5.000000000000182
    vertex 209.26189177171375 -427.6294774899516 6.153483780608427
  endloop
endfacet
facet normal 1.726124505429693e-17 0.9999999999999999 6.887928641233685e-16
  outer loop
    vertex 209.26189177171375 -427.6294774899516 6.153483780608427
    vertex 198.51341594414723 -427.62947748995134 5.000000000000182
    vertex 207.60393071262914 -427.6294774899516 6.983154598596291
  endloop
endfacet
facet normal 1.726124505429693e-17 0.9999999999999999 6.887928641233685e-16
  outer loop
    vertex 207.60393071262914 -427.6294774899516 6.983154598596291
    vertex 198.51341594414723 -427.62947748995134 5.000000000000182
    vertex 206.9192431838939 -427.6294774899516 7.5132866798736195
  endloop
endfacet
facet normal 1.726124505429693e-17 0.9999999999999999 6.887928641233685e-16
  outer loop
    vertex 206.9192431838939 -427.6294774899516 7.5132866798736195
    vertex 198.51341594414723 -427.62947748995134 5.000000000000182
    vertex 205.23131694616936 -427.6294774899516 8.927576006840813
  endloop
endfacet
facet normal 1.726124505429693e-17 0.9999999999999999 6.887928641233685e-16
  outer loop
    vertex 205.23131694616936 -427.6294774899516 8.927576006840813
    vertex 198.51341594414723 -427.62947748995134 5.000000000000182
    vertex 203.4295321937741 -427.6294774899516 11.335003318035858
  endloop
endfacet
facet normal 1.726124505429693e-17 0.9999999999999999 6.887928641233685e-16
  outer loop
    vertex 203.4295321937741 -427.6294774899516 11.335003318035858
    vertex 198.51341594414723 -427.62947748995134 5.000000000000182
    vertex 202.28650654075156 -427.6294774899516 14.02728627854455
  endloop
endfacet
facet normal 1.726124505429693e-17 0.9999999999999999 6.887928641233685e-16
  outer loop
    vertex 202.28650654075156 -427.6294774899516 14.02728627854455
    vertex 198.51341594414723 -427.62947748995134 5.000000000000182
    vertex 201.84383281057865 -427.6294774899516 16.818000531471565
  endloop
endfacet
facet normal 1.726124505429693e-17 0.9999999999999999 6.887928641233685e-16
  outer loop
    vertex 201.84383281057865 -427.6294774899516 16.818000531471565
    vertex 198.51341594414723 -427.62947748995134 5.000000000000182
    vertex 198.51341594414723 -427.6294774899516 55.000000000005514
  endloop
endfacet
facet normal 1.726124505429693e-17 0.9999999999999999 6.887928641233685e-16
  outer loop
    vertex 235.23121459917218 -427.6294774899516 5.000000000000182
    vertex 213.42005267194614 -427.6294774899519 5.043924948266485
    vertex 220.3245778713727 -427.6294774899516 5.043924948262822
  endloop
endfacet
facet normal 1.726124505429693e-17 0.9999999999999999 6.887928641233685e-16
  outer loop
    vertex 205.23131694616936 -427.6294774899516 8.927576006840813
    vertex 203.4295321937741 -427.6294774899516 11.335003318035858
    vertex 203.56105361392127 -427.6294774899516 11.166247742600754
  endloop
endfacet
facet normal 1.726124505429693e-17 0.9999999999999999 6.887928641233685e-16
  outer loop
    vertex 203.4295321937741 -427.6294774899516 11.335003318035858
    vertex 202.28650654075156 -427.6294774899516 14.02728627854455
    vertex 202.4308305178305 -427.6294774899516 13.726846900613307
  endloop
endfacet
facet normal 1.726124505429693e-17 0.9999999999999999 6.887928641233685e-16
  outer loop
    vertex 202.28650654075156 -427.6294774899516 14.02728627854455
    vertex 201.84383281057865 -427.6294774899516 16.818000531471565
    vertex 202.28199453970598 -427.6294774899516 14.056139658477708
  endloop
endfacet
facet normal 1.726124505429693e-17 0.9999999999999999 6.887928641233685e-16
  outer loop
    vertex 201.84383281057865 -427.6294774899516 16.818000531471565
    vertex 198.51341594414723 -427.6294774899516 55.000000000005514
    vertex 201.84383281058098 -427.6294774899516 55.00000000000549
  endloop
endfacet
facet normal 1.726124505429693e-17 0.9999999999999999 6.887928641233685e-16
  outer loop
    vertex 235.23121459917218 -427.6294774899516 5.000000000000182
    vertex 231.90079773273794 -427.6294774899516 16.818000531471114
    vertex 235.23121459917218 -427.6294774899516 55.00000000000563
  endloop
endfacet
facet normal 1.726124505429693e-17 0.9999999999999999 6.887928641233685e-16
  outer loop
    vertex 231.90079773273794 -427.6294774899516 16.818000531471114
    vertex 235.23121459917218 -427.6294774899516 5.000000000000182
    vertex 231.45812400256787 -427.6294774899516 14.02728627854451
  endloop
endfacet
facet normal 1.726124505429693e-17 0.9999999999999999 6.887928641233685e-16
  outer loop
    vertex 231.45812400256787 -427.6294774899516 14.02728627854451
    vertex 235.23121459917218 -427.6294774899516 5.000000000000182
    vertex 230.31509834954537 -427.6294774899516 11.335003318036021
  endloop
endfacet
facet normal 1.726124505429693e-17 0.9999999999999999 6.887928641233685e-16
  outer loop
    vertex 230.31509834954537 -427.6294774899516 11.335003318036021
    vertex 235.23121459917218 -427.6294774899516 5.000000000000182
    vertex 228.51331359715005 -427.6294774899516 8.927576006840505
  endloop
endfacet
facet normal 1.726124505429693e-17 0.9999999999999999 6.887928641233685e-16
  outer loop
    vertex 228.51331359715005 -427.6294774899516 8.927576006840505
    vertex 235.23121459917218 -427.6294774899516 5.000000000000182
    vertex 226.8253873594261 -427.6294774899516 7.513286679873222
  endloop
endfacet
facet normal 1.726124505429693e-17 0.9999999999999999 6.887928641233685e-16
  outer loop
    vertex 226.8253873594261 -427.6294774899516 7.513286679873222
    vertex 235.23121459917218 -427.6294774899516 5.000000000000182
    vertex 226.14069983069376 -427.6294774899516 6.983154598588781
  endloop
endfacet
facet normal 1.726124505429693e-17 0.9999999999999999 6.887928641233685e-16
  outer loop
    vertex 226.14069983069376 -427.6294774899516 6.983154598588781
    vertex 235.23121459917218 -427.6294774899516 5.000000000000182
    vertex 224.4827387716097 -427.6294774899516 6.15348378060092
  endloop
endfacet
facet normal 1.726124505429693e-17 0.9999999999999999 6.887928641233685e-16
  outer loop
    vertex 224.4827387716097 -427.6294774899516 6.15348378060092
    vertex 235.23121459917218 -427.6294774899516 5.000000000000182
    vertex 223.3488108294116 -427.6294774899516 5.653417387869577
  endloop
endfacet
facet normal 1.726124505429693e-17 0.9999999999999999 6.887928641233685e-16
  outer loop
    vertex 223.3488108294116 -427.6294774899516 5.653417387869577
    vertex 235.23121459917218 -427.6294774899516 5.000000000000182
    vertex 221.88469529992102 -427.6294774899516 5.31627982689944
  endloop
endfacet
facet normal 1.726124505429693e-17 0.9999999999999999 6.887928641233685e-16
  outer loop
    vertex 221.88469529992102 -427.6294774899516 5.31627982689944
    vertex 235.23121459917218 -427.6294774899516 5.000000000000182
    vertex 220.3245778713727 -427.6294774899516 5.043924948262822
  endloop
endfacet
facet normal 1.726124505429693e-17 0.9999999999999999 6.887928641233685e-16
  outer loop
    vertex 230.31509834954537 -427.6294774899516 11.335003318036021
    vertex 228.51331359715005 -427.6294774899516 8.927576006840505
    vertex 230.18357692939932 -427.6294774899516 11.166247742600556
  endloop
endfacet
facet normal 1.726124505429693e-17 0.9999999999999999 6.887928641233685e-16
  outer loop
    vertex 231.45812400256787 -427.6294774899516 14.02728627854451
    vertex 230.31509834954537 -427.6294774899516 11.335003318036021
    vertex 231.31380002548894 -427.6294774899516 13.72684690061448
  endloop
endfacet
facet normal 1.726124505429693e-17 0.9999999999999999 6.887928641233685e-16
  outer loop
    vertex 231.90079773273794 -427.6294774899516 16.818000531471114
    vertex 231.45812400256787 -427.6294774899516 14.02728627854451
    vertex 231.46263600361291 -427.6294774899516 14.056139658477528
  endloop
endfacet
facet normal 1.726124505429693e-17 0.9999999999999999 6.887928641233685e-16
  outer loop
    vertex 235.23121459917218 -427.6294774899516 55.00000000000563
    vertex 231.90079773273794 -427.6294774899516 16.818000531471114
    vertex 231.90079773273675 -427.6294774899516 55.00000000000563
  endloop
endfacet
facet normal 0.6486596679418976 -0.7498605149905436 0.13019156364228812
  outer loop
    vertex 192.7068138662723 -437.3289178134666 19.75211776000541
    vertex 198.16402349830108 -433.3204055019809 15.650110943095505
    vertex 197.9188791559079 -433.0752611595877 18.283456000005476
  endloop
endfacet
facet normal -0.4031594075821068 0.041549592482304075 0.9141860442178052
  outer loop
    vertex 224.92539545419388 -431.31782458888097 6.51633172266346
    vertex 224.4827387716097 -427.6294774899516 6.15348378060092
    vertex 223.3488108294116 -427.6294774899516 5.653417387869577
  endloop
endfacet
facet normal 0.3826834323650927 5.009487767559609e-15 0.9238795325112856
  outer loop
    vertex 151.0945338004846 -483.49999999999625 19.071929063000013
    vertex 161.10020617261733 -449.9732251471972 14.927443865800633
    vertex 151.09453380048402 -449.9732251471972 19.071929063000137
  endloop
endfacet
facet normal 0.3826834323650927 5.009487767559609e-15 0.9238795325112856
  outer loop
    vertex 161.10020617261733 -449.9732251471972 14.927443865800633
    vertex 151.0945338004846 -483.49999999999625 19.071929063000013
    vertex 161.10020617261847 -483.49999999999625 14.927443865800527
  endloop
endfacet
facet normal 0.9831056027603613 -0.1294283079955557 0.1294283079955632
  outer loop
    vertex 132.0613336450295 -447.64340997492616 44.34197747208899
    vertex 130.35145237354033 -449.9732251471972 55.00000000000566
    vertex 131.76505909322347 -449.9732251471972 44.2625909451947
  endloop
endfacet
facet normal 0.9831056027603613 -0.1294283079955557 0.1294283079955632
  outer loop
    vertex 130.35145237354033 -449.9732251471972 55.00000000000566
    vertex 132.0613336450295 -447.64340997492616 44.34197747208899
    vertex 130.6581783598866 -447.64340997492616 55.00000000000566
  endloop
endfacet
facet normal -0.3058350594814036 -0.9227092328755087 0.23467549501023027
  outer loop
    vertex 293.93722950029724 -442.1775116419971 36.507347218437694
    vertex 286.52441707962174 -441.27823655203883 30.382598236275577
    vertex 288.0595756838417 -442.1775116419971 28.84743963205569
  endloop
endfacet
facet normal -0.3058350594814036 -0.9227092328755087 0.23467549501023027
  outer loop
    vertex 286.52441707962174 -441.27823655203883 30.382598236275577
    vertex 293.93722950029724 -442.1775116419971 36.507347218437694
    vertex 292.0570518730064 -441.27823655203883 37.592868277678456
  endloop
endfacet
facet normal 0.9238795325112923 1.865331636750526e-14 0.3826834323650768
  outer loop
    vertex 135.90954429042247 -449.9732251471972 34.256918573061604
    vertex 131.76505909322404 -483.49999999999625 44.26259094519468
    vertex 135.90954429042364 -483.49999999999625 34.256918573061405
  endloop
endfacet
facet normal 0.9238795325112923 1.865331636750526e-14 0.3826834323650768
  outer loop
    vertex 131.76505909322404 -483.49999999999625 44.26259094519468
    vertex 135.90954429042247 -449.9732251471972 34.256918573061604
    vertex 131.76505909322347 -449.9732251471972 44.2625909451947
  endloop
endfacet
facet normal -0.5231690933996289 -0.3757112917653949 0.7649412558826912
  outer loop
    vertex 239.6074015519298 -439.8064694860851 12.845462570240596
    vertex 233.7185508980728 -435.1824616489262 11.089023510667126
    vertex 238.59594531704698 -441.5583630745336 11.293227237870832
  endloop
endfacet
facet normal 0.7933533402912285 0.6087614290087293 6.152928366364603e-16
  outer loop
    vertex 238.49256421398115 -431.8797510576764 5.000000000000182
    vertex 235.23121459917218 -427.6294774899516 55.00000000000563
    vertex 238.49256421398175 -431.8797510576767 55.00000000000563
  endloop
endfacet
facet normal 0.7933533402912285 0.6087614290087293 6.152928366364603e-16
  outer loop
    vertex 235.23121459917218 -427.6294774899516 55.00000000000563
    vertex 238.49256421398115 -431.8797510576764 5.000000000000182
    vertex 235.23121459917218 -427.6294774899516 5.000000000000182
  endloop
endfacet
facet normal -0.01718156259381688 -0.9912985102900189 0.1305069247343751
  outer loop
    vertex 270.91760973658506 -441.27823655203883 21.372003815582456
    vertex 261.90701531589116 -440.97151056569146 22.51555172762141
    vertex 261.90701531589116 -441.2782365520379 20.185736555351088
  endloop
endfacet
facet normal -0.01718156259381688 -0.9912985102900189 0.1305069247343751
  outer loop
    vertex 261.90701531589116 -440.97151056569146 22.51555172762141
    vertex 270.91760973658506 -441.27823655203883 21.372003815582456
    vertex 270.31460919843215 -440.97151056569226 23.622432460958454
  endloop
endfacet
facet normal -0.7197094736523846 -0.36675738936654023 0.5894974901388874
  outer loop
    vertex 229.03999710561556 -428.94225821782464 9.259399490278032
    vertex 233.7185508980728 -435.1824616489262 11.089023510667126
    vertex 234.86188019965272 -434.0391323473469 13.196224000005525
  endloop
endfacet
facet normal 0.10388185357171599 -0.6054678131259627 0.7890610165044075
  outer loop
    vertex 171.8376152274277 -445.4723678564435 14.719838222422037
    vertex 161.7825932376638 -443.608051724309 17.47414706298276
    vertex 161.41234221957887 -445.4723678564443 16.092351451935976
  endloop
endfacet
facet normal 0.10388185357171599 -0.6054678131259627 0.7890610165044075
  outer loop
    vertex 161.7825932376638 -443.608051724309 17.47414706298276
    vertex 171.8376152274277 -445.4723678564435 14.719838222422037
    vertex 171.8376152274277 -443.60805172430844 16.150378304734048
  endloop
endfacet
facet normal 0.916108580591075 -0.12942830799552132 0.37946459868717974
  outer loop
    vertex 136.1751767865997 -447.64340997492616 34.4102815662348
    vertex 131.76505909322347 -449.9732251471972 44.2625909451947
    vertex 135.90954429042247 -449.9732251471972 34.256918573061604
  endloop
endfacet
facet normal 0.916108580591075 -0.12942830799552132 0.37946459868717974
  outer loop
    vertex 131.76505909322347 -449.9732251471972 44.2625909451947
    vertex 136.1751767865997 -447.64340997492616 34.4102815662348
    vertex 132.0613336450295 -447.64340997492616 44.34197747208899
  endloop
endfacet
facet normal -1.1423826505172047e-14 -0.9999999999999999 -6.250490330887583e-15
  outer loop
    vertex 270.31460919843215 -440.97151056569226 23.622432460958454
    vertex 253.04778217583475 -440.97151056569146 22.51555172762141
    vertex 261.90701531589116 -440.97151056569146 22.51555172762141
  endloop
endfacet
facet normal -1.1423826505172047e-14 -0.9999999999999999 -6.250490330887583e-15
  outer loop
    vertex 253.04778217583475 -440.97151056569146 22.51555172762141
    vertex 270.31460919843215 -440.97151056569226 23.622432460958454
    vertex 253.04778217583475 -440.971510565692 55.00000000000563
  endloop
endfacet
facet normal -1.1423826505172047e-14 -0.9999999999999999 -6.250490330887583e-15
  outer loop
    vertex 253.04778217583475 -440.971510565692 55.00000000000563
    vertex 270.31460919843215 -440.97151056569226 23.622432460958454
    vertex 278.1492394520834 -440.97151056569226 26.86764256819944
  endloop
endfacet
facet normal -1.1423826505172047e-14 -0.9999999999999999 -6.250490330887583e-15
  outer loop
    vertex 253.04778217583475 -440.971510565692 55.00000000000563
    vertex 278.1492394520834 -440.97151056569226 26.86764256819944
    vertex 284.8769889723977 -440.97151056569226 32.03002634349918
  endloop
endfacet
facet normal -1.1423826505172047e-14 -0.9999999999999999 -6.250490330887583e-15
  outer loop
    vertex 253.04778217583475 -440.971510565692 55.00000000000563
    vertex 284.8769889723977 -440.97151056569226 32.03002634349918
    vertex 290.039372747698 -440.97151056569226 38.757775863813606
  endloop
endfacet
facet normal -1.1423826505172047e-14 -0.9999999999999999 -6.250490330887583e-15
  outer loop
    vertex 253.04778217583475 -440.971510565692 55.00000000000563
    vertex 290.039372747698 -440.97151056569226 38.757775863813606
    vertex 293.28458285493815 -440.97151056569226 46.592406117464954
  endloop
endfacet
facet normal -1.1423826505172047e-14 -0.9999999999999999 -6.250490330887583e-15
  outer loop
    vertex 253.04778217583475 -440.971510565692 55.00000000000563
    vertex 293.28458285493815 -440.97151056569226 46.592406117464954
    vertex 294.39146358827566 -440.97151056569226 55.00000000000563
  endloop
endfacet
facet normal 0.05037379268431414 -0.9912985102900173 0.12161309348663966
  outer loop
    vertex 163.43002134488725 -440.97151056569226 23.622432460958418
    vertex 154.4304835051011 -441.27823655203883 24.849963442890942
    vertex 162.827020806735 -441.27823655203883 21.37200381558244
  endloop
endfacet
facet normal 0.05037379268431414 -0.9912985102900173 0.12161309348663966
  outer loop
    vertex 154.4304835051011 -441.27823655203883 24.849963442890942
    vertex 163.43002134488725 -440.97151056569226 23.622432460958418
    vertex 155.59539109123602 -440.97151056569226 26.867642568199418
  endloop
endfacet
facet normal 0.13052619222004896 0.9914448613738107 2.1474745025492574e-15
  outer loop
    vertex 250.46184676742482 -438.790219561914 55.00000000000563
    vertex 257.37231527166176 -439.69999999999584 5.000000000000182
    vertex 250.46184676742482 -438.790219561914 5.000000000000182
  endloop
endfacet
facet normal 0.13052619222004896 0.9914448613738107 2.1474745025492574e-15
  outer loop
    vertex 257.37231527166176 -439.69999999999584 5.000000000000182
    vertex 250.46184676742482 -438.790219561914 55.00000000000563
    vertex 257.37231527166176 -439.69999999999584 55.00000000000563
  endloop
endfacet
facet normal 0.12074119758905688 -0.3798837279585132 0.917120448162128
  outer loop
    vertex 171.8376152274277 -447.64340997492525 13.820563132463647
    vertex 161.41234221957887 -445.4723678564443 16.092351451935976
    vertex 161.17959269951155 -447.64340997492616 15.223718417606616
  endloop
endfacet
facet normal 0.12074119758905688 -0.3798837279585132 0.917120448162128
  outer loop
    vertex 161.41234221957887 -445.4723678564443 16.092351451935976
    vertex 171.8376152274277 -447.64340997492525 13.820563132463647
    vertex 171.8376152274277 -445.4723678564435 14.719838222422037
  endloop
endfacet
facet normal 0.6462769692627999 -0.6658895832934691 0.3727158996631886
  outer loop
    vertex 192.873223364073 -437.6171475185194 17.224106505371836
    vertex 193.3611113252048 -438.4621942556012 14.868375040005443
    vertex 198.8827503436673 -434.0391323473469 13.196224000005511
  endloop
endfacet
facet normal -0.20055815768742655 0.09052541665691116 0.9754904275922537
  outer loop
    vertex 228.6313188980722 -440.26969364892614 8.108992000005523
    vertex 224.92539545419388 -431.31782458888097 6.51633172266346
    vertex 222.54982908313642 -432.68935847268875 6.1552000000055225
  endloop
endfacet
facet normal 1.3705569553778657e-13 0.2145121664757088 0.9767213166681159
  outer loop
    vertex 222.54982908313642 -432.68935847268875 6.1552000000055225
    vertex 213.42005267194614 -427.6294774899519 5.043924948266485
    vertex 211.19480146018307 -432.68935847268875 6.155200000005506
  endloop
endfacet
facet normal 1.3705569553778657e-13 0.2145121664757088 0.9767213166681159
  outer loop
    vertex 213.42005267194614 -427.6294774899519 5.043924948266485
    vertex 222.54982908313642 -432.68935847268875 6.1552000000055225
    vertex 220.3245778713727 -427.6294774899516 5.043924948262822
  endloop
endfacet
facet normal -0.6462769692627999 -0.6658895832934691 0.3727158996631886
  outer loop
    vertex 240.8714071792465 -437.6171475185194 17.224106505371854
    vertex 234.86188019965272 -434.0391323473469 13.196224000005525
    vertex 240.38351921811463 -438.4621942556012 14.868375040005459
  endloop
endfacet
facet normal -0.6483576464017732 -0.658173843735123 0.38267421362731924
  outer loop
    vertex 240.8714071792465 -437.6171475185194 17.224106505371854
    vertex 235.58060704501838 -433.3204055019809 15.650110943095505
    vertex 234.86188019965272 -434.0391323473469 13.196224000005525
  endloop
endfacet
facet normal -0.916108580591075 -0.12942830799552132 0.37946459868717974
  outer loop
    vertex 301.68329689829 -447.64340997492616 44.34197747208901
    vertex 297.835086252897 -449.9732251471972 34.25691857306162
    vertex 301.979571450096 -449.9732251471972 44.2625909451947
  endloop
endfacet
facet normal -0.916108580591075 -0.12942830799552132 0.37946459868717974
  outer loop
    vertex 297.835086252897 -449.9732251471972 34.25691857306162
    vertex 301.68329689829 -447.64340997492616 44.34197747208901
    vertex 297.5694537567203 -447.64340997492616 34.410281566234815
  endloop
endfacet
facet normal -0.7338790076440667 -0.37988372795852415 0.5631251684765067
  outer loop
    vertex 296.7906586838258 -445.4723678564443 34.85991911121403
    vertex 291.0252743703738 -447.64340997492616 25.88174094552356
    vertex 297.5694537567203 -447.64340997492616 34.410281566234815
  endloop
endfacet
facet normal -0.7338790076440667 -0.37988372795852415 0.5631251684765067
  outer loop
    vertex 291.0252743703738 -447.64340997492616 25.88174094552356
    vertex 296.7906586838258 -445.4723678564443 34.85991911121403
    vertex 290.38939085611156 -445.4723678564443 26.517624459785345
  endloop
endfacet
facet normal -0.6068156946316794 -0.7908176098822465 0.07988880177348717
  outer loop
    vertex 300.75663701116235 -443.608051724309 55.00000000000566
    vertex 297.63207715251707 -442.1775116419971 45.42749853132986
    vertex 299.4328682529142 -443.608051724309 44.944978010241364
  endloop
endfacet
facet normal -0.6068156946316794 -0.7908176098822465 0.07988880177348717
  outer loop
    vertex 297.63207715251707 -442.1775116419971 45.42749853132986
    vertex 300.75663701116235 -443.608051724309 55.00000000000566
    vertex 298.8923208790271 -442.1775116419971 55.00000000000566
  endloop
endfacet
facet normal -0.23959967422902392 -0.03671083238049247 0.9701774636092496
  outer loop
    vertex 245.12903142509197 -446.69134674908673 12.104753262982909
    vertex 237.41807958436348 -443.5984863680351 10.317451315607007
    vertex 244.50090586451537 -451.0355432546876 11.785247027205425
  endloop
endfacet
facet normal -0.4081013010620113 -0.4983153651254171 0.764941255882709
  outer loop
    vertex 246.21697680954182 -442.63107929846245 14.531644067431161
    vertex 239.6074015519298 -439.8064694860851 12.845462570240596
    vertex 245.71435126674078 -444.5069033613756 13.041498148356188
  endloop
endfacet
facet normal -0.26008325351183964 -0.7503141683857804 0.6077708038086816
  outer loop
    vertex 253.0477821758342 -442.1775116419963 18.014694436869437
    vertex 246.60265495338058 -441.19170887028855 16.473640038405424
    vertex 246.21697680954182 -442.63107929846245 14.531644067431161
  endloop
endfacet
facet normal 0.13050692473439932 -0.9912985102900173 0.01718156259373361
  outer loop
    vertex 140.46004768838128 -440.97151056569226 46.592406117464954
    vertex 137.0233517827739 -441.27823655203883 55.00000000000563
    vertex 138.20961904300498 -441.27823655203883 45.9894055793126
  endloop
endfacet
facet normal 0.13050692473439932 -0.9912985102900173 0.01718156259373361
  outer loop
    vertex 137.0233517827739 -441.27823655203883 55.00000000000563
    vertex 140.46004768838128 -440.97151056569226 46.592406117464954
    vertex 139.3531669550444 -440.97151056569226 55.00000000000563
  endloop
endfacet
facet normal -0.25422202519482995 -0.5589009094308018 0.7893040829384211
  outer loop
    vertex 253.0477821758342 -445.4723678564435 14.719838222422144
    vertex 246.21697680954182 -442.63107929846245 14.531644067431161
    vertex 245.71435126674078 -444.5069033613756 13.041498148356188
  endloop
endfacet
facet normal -0.08013313205008588 -0.9912985102900173 0.10443153089290556
  outer loop
    vertex 286.52441707962174 -441.27823655203883 30.382598236275577
    vertex 278.1492394520834 -440.97151056569226 26.86764256819944
    vertex 279.31414703821895 -441.27823655203883 24.84996344289096
  endloop
endfacet
facet normal -0.08013313205008588 -0.9912985102900173 0.10443153089290556
  outer loop
    vertex 278.1492394520834 -440.97151056569226 26.86764256819944
    vertex 286.52441707962174 -441.27823655203883 30.382598236275577
    vertex 284.8769889723977 -440.97151056569226 32.03002634349918
  endloop
endfacet
facet normal -0.22261915729608447 -0.01964503925425891 0.9747075372836099
  outer loop
    vertex 244.50090586451537 -451.0355432546876 11.785247027205425
    vertex 237.41807958436348 -443.5984863680351 10.317451315607007
    vertex 236.15407395704625 -445.7878083356014 9.984632320005462
  endloop
endfacet
facet normal -0.1044315308929057 -0.9912985102900174 0.08013313205008477
  outer loop
    vertex 292.0570518730064 -441.27823655203883 37.592868277678456
    vertex 284.8769889723977 -440.97151056569226 32.03002634349918
    vertex 286.52441707962174 -441.27823655203883 30.382598236275577
  endloop
endfacet
facet normal -0.1044315308929057 -0.9912985102900174 0.08013313205008477
  outer loop
    vertex 284.8769889723977 -440.97151056569226 32.03002634349918
    vertex 292.0570518730064 -441.27823655203883 37.592868277678456
    vertex 290.039372747698 -440.97151056569226 38.757775863813606
  endloop
endfacet
facet normal -0.23422211550209943 -0.7908176098822484 0.565462207852876
  outer loop
    vertex 281.33182616352735 -443.608051724309 21.35524068448553
    vertex 271.4795167845671 -442.1775116419971 19.274938163379762
    vertex 271.9620373056556 -443.608051724309 17.474147062982794
  endloop
endfacet
facet normal -0.23422211550209943 -0.7908176098822484 0.565462207852876
  outer loop
    vertex 271.4795167845671 -442.1775116419971 19.274938163379762
    vertex 281.33182616352735 -443.608051724309 21.35524068448553
    vertex 280.39966809745965 -442.1775116419971 22.969785815599923
  endloop
endfacet
facet normal -0.6479193829038608 -0.750833462529234 0.12825593477044883
  outer loop
    vertex 241.03781667704772 -437.3289178134666 19.752117760005447
    vertex 235.58060704501838 -433.3204055019809 15.650110943095505
    vertex 240.8714071792465 -437.6171475185194 17.224106505371854
  endloop
endfacet
facet normal 0.6087614290087249 6.626681701951133e-15 0.7933533402912318
  outer loop
    vertex 142.502468148035 -483.49999999999625 25.664852920611686
    vertex 151.09453380048402 -449.9732251471972 19.071929063000137
    vertex 142.5024681480344 -449.9732251471972 25.66485292061189
  endloop
endfacet
facet normal 0.6087614290087249 6.626681701951133e-15 0.7933533402912318
  outer loop
    vertex 151.09453380048402 -449.9732251471972 19.071929063000137
    vertex 142.502468148035 -483.49999999999625 25.664852920611686
    vertex 151.0945338004846 -483.49999999999625 19.071929063000013
  endloop
endfacet
facet normal -0.6002621707256248 -0.5405349530934235 0.5894974901388904
  outer loop
    vertex 233.7185508980728 -435.1824616489262 11.089023510667126
    vertex 239.6074015519298 -439.8064694860851 12.845462570240596
    vertex 240.38351921811463 -438.4621942556012 14.868375040005459
  endloop
endfacet
facet normal -0.43247894328731185 -0.8921951133969883 0.13019156364229356
  outer loop
    vertex 246.92779666896558 -439.9782634680646 21.162033049605423
    vertex 241.03781667704772 -437.3289178134666 19.752117760005447
    vertex 240.8714071792465 -437.6171475185194 17.224106505371854
  endloop
endfacet
facet normal -0.4454167281408646 -0.6574333337533452 0.6077708038086806
  outer loop
    vertex 246.60265495338058 -441.19170887028855 16.473640038405424
    vertex 240.38351921811463 -438.4621942556012 14.868375040005459
    vertex 239.6074015519298 -439.8064694860851 12.845462570240596
  endloop
endfacet
facet normal -0.253284190976353 -0.37020485875016224 0.8937535908510951
  outer loop
    vertex 253.0477821758342 -445.4723678564435 14.719838222422144
    vertex 245.71435126674078 -444.5069033613756 13.041498148356188
    vertex 253.0477821758342 -447.64340997492525 13.820563132463827
  endloop
endfacet
facet normal -0.23240727065431704 -0.8941740919819413 0.38267421362731235
  outer loop
    vertex 253.04778217583475 -441.2782365520379 20.185736555351106
    vertex 246.84510237011722 -440.28688279286234 18.73514224515717
    vertex 246.60265495338058 -441.19170887028855 16.473640038405424
  endloop
endfacet
facet normal -0.2267474816157216 -0.8998157798789648 0.3727158996631863
  outer loop
    vertex 253.04778217583475 -441.2782365520379 20.185736555351106
    vertex 246.60265495338058 -441.19170887028855 16.473640038405424
    vertex 253.0477821758342 -442.1775116419963 18.014694436869437
  endloop
endfacet
facet normal -0.3144567496008873 -0.25569675240325557 0.9141860442168613
  outer loop
    vertex 245.12903142509197 -446.69134674908673 12.104753262982909
    vertex 238.59594531704698 -441.5583630745336 11.293227237870832
    vertex 237.41807958436348 -443.5984863680351 10.317451315607007
  endloop
endfacet
facet normal -0.39021381943301797 -0.47405932095072567 0.7893040829384028
  outer loop
    vertex 245.71435126674078 -444.5069033613756 13.041498148356188
    vertex 239.6074015519298 -439.8064694860851 12.845462570240596
    vertex 238.59594531704698 -441.5583630745336 11.293227237870832
  endloop
endfacet
facet normal -0.6003957888330137 -0.5197495038856064 0.6077708038086803
  outer loop
    vertex 240.38351921811463 -438.4621942556012 14.868375040005459
    vertex 234.86188019965272 -434.0391323473469 13.196224000005525
    vertex 233.7185508980728 -435.1824616489262 11.089023510667126
  endloop
endfacet
facet normal -0.38219867838393595 -0.9227092328755082 0.050317410583850884
  outer loop
    vertex 298.8923208790271 -442.1775116419971 55.00000000000566
    vertex 295.53501150031445 -441.27823655203883 45.98940557931262
    vertex 297.63207715251707 -442.1775116419971 45.42749853132986
  endloop
endfacet
facet normal -0.38219867838393595 -0.9227092328755082 0.050317410583850884
  outer loop
    vertex 295.53501150031445 -441.27823655203883 45.98940557931262
    vertex 298.8923208790271 -442.1775116419971 55.00000000000566
    vertex 296.72127876054554 -441.27823655203883 55.00000000000563
  endloop
endfacet
facet normal -0.5749647410120861 -0.21544050512767765 0.7893040829384046
  outer loop
    vertex 232.22853514274243 -436.6724774042568 9.472111706115292
    vertex 229.03999710561556 -428.94225821782464 9.259399490278032
    vertex 227.1390709028714 -430.0397584726883 7.575116360536524
  endloop
endfacet
facet normal -0.1601995561243483 -0.9870846479494865 -1.8238337476404504e-14
  outer loop
    vertex 253.04778217583475 -440.97151056569146 22.51555172762141
    vertex 246.927796668965 -439.9782634680651 55.000000000005606
    vertex 246.92779666896558 -439.9782634680646 21.162033049605423
  endloop
endfacet
facet normal -0.1601995561243483 -0.9870846479494865 -1.8238337476404504e-14
  outer loop
    vertex 246.927796668965 -439.9782634680651 55.000000000005606
    vertex 253.04778217583475 -440.97151056569146 22.51555172762141
    vertex 253.04778217583475 -440.971510565692 55.00000000000563
  endloop
endfacet
facet normal 0.7901097653257947 -0.16798591565001336 0.5894974901388847
  outer loop
    vertex 205.23131694616936 -427.6294774899516 8.927576006840813
    vertex 203.24600146018204 -428.1001166529538 11.454400000005526
    vertex 204.70463343770388 -428.94225821782464 9.259399490278016
  endloop
endfacet
facet normal 0.7901097653257947 -0.16798591565001336 0.5894974901388847
  outer loop
    vertex 203.24600146018204 -428.1001166529538 11.454400000005526
    vertex 205.23131694616936 -427.6294774899516 8.927576006840813
    vertex 203.56105361392127 -427.6294774899516 11.166247742600754
  endloop
endfacet
facet normal -0.7966005216384807 -0.4759311579037024 0.37271589966319046
  outer loop
    vertex 230.49862908313736 -428.1001166529538 11.45440000000554
    vertex 234.86188019965272 -434.0391323473469 13.196224000005525
    vertex 235.58060704501838 -433.3204055019809 15.650110943095505
  endloop
endfacet
facet normal 0.2267474816157216 -0.899815779878965 0.37271589966318625
  outer loop
    vertex 180.69684836748473 -441.2782365520379 20.185736555351088
    vertex 180.69684836748473 -442.1775116419963 18.014694436869416
    vertex 187.1419755899395 -441.19170887028855 16.473640038405424
  endloop
endfacet
facet normal -0.14752318337370546 -0.9227092328755098 0.35615247006524675
  outer loop
    vertex 280.39966809745965 -442.1775116419971 22.969785815599923
    vertex 270.91760973658506 -441.27823655203883 21.372003815582456
    vertex 271.4795167845671 -442.1775116419971 19.274938163379762
  endloop
endfacet
facet normal -0.14752318337370546 -0.9227092328755098 0.35615247006524675
  outer loop
    vertex 270.91760973658506 -441.27823655203883 21.372003815582456
    vertex 280.39966809745965 -442.1775116419971 22.969785815599923
    vertex 279.31414703821895 -441.27823655203883 24.84996344289096
  endloop
endfacet
facet normal -4.400303258469794e-16 0.3245487108882711 0.945868983665688
  outer loop
    vertex 244.50090586451537 -451.0355432546876 11.785247027205425
    vertex 197.59055658627375 -445.7878083356014 9.984632320005442
    vertex 189.24372467880406 -451.0355432546876 11.785247027205411
  endloop
endfacet
facet normal -4.400303258469794e-16 0.3245487108882711 0.945868983665688
  outer loop
    vertex 197.59055658627375 -445.7878083356014 9.984632320005442
    vertex 244.50090586451537 -451.0355432546876 11.785247027205425
    vertex 236.15407395704625 -445.7878083356014 9.984632320005462
  endloop
endfacet
facet normal -0.7933533402912452 1.3483523865236873e-14 0.6087614290087076
  outer loop
    vertex 297.835086252897 -449.9732251471972 34.25691857306162
    vertex 291.2421623952844 -483.49999999999625 25.664852920611708
    vertex 297.83508625289636 -483.49999999999625 34.25691857306143
  endloop
endfacet
facet normal -0.7933533402912452 1.3483523865236873e-14 0.6087614290087076
  outer loop
    vertex 291.2421623952844 -483.49999999999625 25.664852920611708
    vertex 297.835086252897 -449.9732251471972 34.25691857306162
    vertex 291.2421623952856 -449.9732251471972 25.664852920611906
  endloop
endfacet
facet normal -0.3045661840669477 -0.6054678131259477 0.7352878122146325
  outer loop
    vertex 272.33228832374056 -445.4723678564443 16.092351451935993
    vertex 281.33182616352735 -443.608051724309 21.35524068448553
    vertex 271.9620373056556 -443.608051724309 17.474147062982794
  endloop
endfacet
facet normal -0.3045661840669477 -0.6054678131259477 0.7352878122146325
  outer loop
    vertex 281.33182616352735 -443.608051724309 21.35524068448553
    vertex 272.33228832374056 -445.4723678564443 16.092351451935993
    vertex 282.04709620468316 -445.4723678564443 20.11635663207152
  endloop
endfacet
facet normal -0.1856979139345127 -0.9742005440136707 0.12825593477043612
  outer loop
    vertex 253.04778217583475 -440.97151056569146 22.51555172762141
    vertex 246.84510237011722 -440.28688279286234 18.73514224515717
    vertex 253.04778217583475 -441.2782365520379 20.185736555351106
  endloop
endfacet
facet normal -0.485573406079386 -0.7908176098822505 0.372593579129577
  outer loop
    vertex 295.5517746314119 -443.608051724309 35.575189152369994
    vertex 288.0595756838417 -442.1775116419971 28.84743963205569
    vertex 289.37784626315033 -443.608051724309 27.529169052747257
  endloop
endfacet
facet normal -0.485573406079386 -0.7908176098822505 0.372593579129577
  outer loop
    vertex 288.0595756838417 -442.1775116419971 28.84743963205569
    vertex 295.5517746314119 -443.608051724309 35.575189152369994
    vertex 293.93722950029724 -442.1775116419971 36.507347218437694
  endloop
endfacet
facet normal -0.603641004073184 -0.12942830799550978 0.7866802725955048
  outer loop
    vertex 282.65009674283596 -449.9732251471972 19.07192906300016
    vertex 291.0252743703738 -447.64340997492616 25.88174094552356
    vertex 282.4967337496629 -447.64340997492616 19.337561559176926
  endloop
endfacet
facet normal -0.603641004073184 -0.12942830799550978 0.7866802725955048
  outer loop
    vertex 291.0252743703738 -447.64340997492616 25.88174094552356
    vertex 282.65009674283596 -449.9732251471972 19.07192906300016
    vertex 291.2421623952856 -449.9732251471972 25.664852920611906
  endloop
endfacet
facet normal 0.4844948324374892 -0.6054678131259449 0.6314059586429754
  outer loop
    vertex 151.69753433863627 -445.4723678564443 20.116356632071497
    vertex 144.36678428016972 -443.608051724309 27.52916905274724
    vertex 143.35523968720787 -445.4723678564443 26.517624459785328
  endloop
endfacet
facet normal 0.4844948324374892 -0.6054678131259449 0.6314059586429754
  outer loop
    vertex 144.36678428016972 -443.608051724309 27.52916905274724
    vertex 151.69753433863627 -445.4723678564443 20.116356632071497
    vertex 152.4128043797927 -443.608051724309 21.355240684485512
  endloop
endfacet
facet normal -0.7966133210784393 -0.46793980692517134 0.3826742136272221
  outer loop
    vertex 231.45812400256787 -427.6294774899516 14.02728627854451
    vertex 230.49862908313736 -428.1001166529538 11.45440000000554
    vertex 235.58060704501838 -433.3204055019809 15.650110943095505
  endloop
endfacet
facet normal -0.7966133210784393 -0.46793980692517134 0.3826742136272221
  outer loop
    vertex 230.49862908313736 -428.1001166529538 11.45440000000554
    vertex 231.45812400256787 -427.6294774899516 14.02728627854451
    vertex 231.31380002548894 -427.6294774899516 13.72684690061448
  endloop
endfacet
facet normal -0.26522207947630394 -0.586960069857292 0.7649412558826907
  outer loop
    vertex 253.0477821758342 -443.60805172430844 16.150378304734136
    vertex 246.21697680954182 -442.63107929846245 14.531644067431161
    vertex 253.0477821758342 -445.4723678564435 14.719838222422144
  endloop
endfacet
facet normal -0.05037379268431414 -0.9912985102900173 0.12161309348663966
  outer loop
    vertex 279.31414703821895 -441.27823655203883 24.84996344289096
    vertex 270.31460919843215 -440.97151056569226 23.622432460958454
    vertex 270.91760973658506 -441.27823655203883 21.372003815582456
  endloop
endfacet
facet normal -0.05037379268431414 -0.9912985102900173 0.12161309348663966
  outer loop
    vertex 270.31460919843215 -440.97151056569226 23.622432460958454
    vertex 279.31414703821895 -441.27823655203883 24.84996344289096
    vertex 278.1492394520834 -440.97151056569226 26.86764256819944
  endloop
endfacet
facet normal -0.12074119758905688 -0.3798837279585132 0.917120448162128
  outer loop
    vertex 272.56503784380794 -447.64340997492616 15.223718417606634
    vertex 261.9070153158917 -445.4723678564435 14.719838222422055
    vertex 261.9070153158917 -447.64340997492525 13.820563132463663
  endloop
endfacet
facet normal -0.12074119758905688 -0.3798837279585132 0.917120448162128
  outer loop
    vertex 261.9070153158917 -445.4723678564435 14.719838222422055
    vertex 272.56503784380794 -447.64340997492616 15.223718417606634
    vertex 272.33228832374056 -445.4723678564443 16.092351451935993
  endloop
endfacet
facet normal -0.7901097653258454 -0.1679859156496609 0.5894974901389171
  outer loop
    vertex 230.49862908313736 -428.1001166529538 11.45440000000554
    vertex 228.51331359715005 -427.6294774899516 8.927576006840505
    vertex 229.03999710561556 -428.94225821782464 9.259399490278032
  endloop
endfacet
facet normal -0.7901097653258454 -0.1679859156496609 0.5894974901389171
  outer loop
    vertex 228.51331359715005 -427.6294774899516 8.927576006840505
    vertex 230.49862908313736 -428.1001166529538 11.45440000000554
    vertex 230.18357692939932 -427.6294774899516 11.166247742600556
  endloop
endfacet
facet normal 0.12161309348663886 -0.9912985102900175 0.05037379268431195
  outer loop
    vertex 143.70525779562197 -440.97151056569226 38.75777586381356
    vertex 138.20961904300498 -441.27823655203883 45.9894055793126
    vertex 141.68757867031357 -441.27823655203883 37.59286827767843
  endloop
endfacet
facet normal 0.12161309348663886 -0.9912985102900175 0.05037379268431195
  outer loop
    vertex 138.20961904300498 -441.27823655203883 45.9894055793126
    vertex 143.70525779562197 -440.97151056569226 38.75777586381356
    vertex 140.46004768838128 -440.97151056569226 46.592406117464954
  endloop
endfacet
facet normal -0.4102171946382337 -0.9119878580458939 -2.2751463223158545e-14
  outer loop
    vertex 246.92779666896558 -439.9782634680646 21.162033049605423
    vertex 241.03781667704712 -437.3289178134672 55.00000000000563
    vertex 241.03781667704772 -437.3289178134666 19.752117760005447
  endloop
endfacet
facet normal -0.4102171946382337 -0.9119878580458939 -2.2751463223158545e-14
  outer loop
    vertex 241.03781667704712 -437.3289178134672 55.00000000000563
    vertex 246.92779666896558 -439.9782634680646 21.162033049605423
    vertex 246.927796668965 -439.9782634680651 55.000000000005606
  endloop
endfacet
facet normal -0.24877147395337607 0.0688967725396317 0.966108683575863
  outer loop
    vertex 230.49337504501833 -438.40763750198056 8.455678453757143
    vertex 224.92539545419388 -431.31782458888097 6.51633172266346
    vertex 228.6313188980722 -440.26969364892614 8.108992000005523
  endloop
endfacet
facet normal 0.49961318673563565 -0.35691137316793903 0.7893040829384066
  outer loop
    vertex 201.51609540057757 -436.6724774042568 9.472111706115273
    vertex 200.02607964524614 -435.1824616489262 11.089023510667111
    vertex 195.14868522627245 -441.5583630745336 11.293227237870811
  endloop
endfacet
facet normal -0.5631251684765116 -0.3798837279585285 0.7338790076440604
  outer loop
    vertex 282.4967337496629 -447.64340997492616 19.337561559176926
    vertex 290.38939085611156 -445.4723678564443 26.517624459785345
    vertex 282.04709620468316 -445.4723678564443 20.11635663207152
  endloop
endfacet
facet normal -0.5631251684765116 -0.3798837279585285 0.7338790076440604
  outer loop
    vertex 290.38939085611156 -445.4723678564443 26.517624459785345
    vertex 282.4967337496629 -447.64340997492616 19.337561559176926
    vertex 291.0252743703738 -447.64340997492616 25.88174094552356
  endloop
endfacet
facet normal 0.37946459868719334 -0.12942830799550392 0.9161085805910717
  outer loop
    vertex 161.10020617261733 -449.9732251471972 14.927443865800633
    vertex 151.24789679365716 -447.64340997492616 19.33756155917691
    vertex 151.09453380048402 -449.9732251471972 19.071929063000137
  endloop
endfacet
facet normal 0.37946459868719334 -0.12942830799550392 0.9161085805910717
  outer loop
    vertex 151.24789679365716 -447.64340997492616 19.33756155917691
    vertex 161.10020617261733 -449.9732251471972 14.927443865800633
    vertex 161.17959269951155 -447.64340997492616 15.223718417606616
  endloop
endfacet
facet normal -0.0798888017735657 -0.7908176098822484 0.6068156946316665
  outer loop
    vertex 271.9620373056556 -443.608051724309 17.474147062982794
    vertex 261.9070153158917 -442.1775116419963 18.014694436869398
    vertex 261.9070153158917 -443.60805172430844 16.150378304734062
  endloop
endfacet
facet normal -0.0798888017735657 -0.7908176098822484 0.6068156946316665
  outer loop
    vertex 261.9070153158917 -442.1775116419963 18.014694436869398
    vertex 271.9620373056556 -443.608051724309 17.474147062982794
    vertex 271.4795167845671 -442.1775116419971 19.274938163379762
  endloop
endfacet
facet normal -0.49961318673563565 -0.35691137316793903 0.7893040829384066
  outer loop
    vertex 238.59594531704698 -441.5583630745336 11.293227237870832
    vertex 233.7185508980728 -435.1824616489262 11.089023510667126
    vertex 232.22853514274243 -436.6724774042568 9.472111706115292
  endloop
endfacet
facet normal -0.4399079928440831 -0.6774759530432378 0.5894974901388865
  outer loop
    vertex 246.60265495338058 -441.19170887028855 16.473640038405424
    vertex 239.6074015519298 -439.8064694860851 12.845462570240596
    vertex 246.21697680954182 -442.63107929846245 14.531644067431161
  endloop
endfacet
facet normal 0.37259357912958313 -0.7908176098822484 0.4855734060793848
  outer loop
    vertex 153.34496244586035 -442.1775116419971 22.969785815599923
    vertex 144.36678428016972 -443.608051724309 27.52916905274724
    vertex 152.4128043797927 -443.608051724309 21.355240684485512
  endloop
endfacet
facet normal 0.37259357912958313 -0.7908176098822484 0.4855734060793848
  outer loop
    vertex 144.36678428016972 -443.608051724309 27.52916905274724
    vertex 153.34496244586035 -442.1775116419971 22.969785815599923
    vertex 145.68505485947833 -442.1775116419971 28.847439632055654
  endloop
endfacet
facet normal -0.13050692473439932 -0.9912985102900173 0.017181562593733768
  outer loop
    vertex 296.72127876054554 -441.27823655203883 55.00000000000563
    vertex 293.28458285493815 -440.97151056569226 46.592406117464954
    vertex 295.53501150031445 -441.27823655203883 45.98940557931262
  endloop
endfacet
facet normal -0.13050692473439932 -0.9912985102900173 0.017181562593733768
  outer loop
    vertex 293.28458285493815 -440.97151056569226 46.592406117464954
    vertex 296.72127876054554 -441.27823655203883 55.00000000000563
    vertex 294.39146358827566 -440.97151056569226 55.00000000000563
  endloop
endfacet
facet normal -0.793353340291354 1.5471664317204943e-13 0.6087614290085657
  outer loop
    vertex 135.30097142638115 -473.4999999999968 9.625000000000192
    vertex 135.18178245943105 -483.4999999999968 9.46966991411028
    vertex 135.30097142637945 -483.4999999999968 9.625000000000192
  endloop
endfacet
facet normal -0.793353340291354 1.5471664317204943e-13 0.6087614290085657
  outer loop
    vertex 135.18178245943105 -483.4999999999968 9.46966991411028
    vertex 135.30097142638115 -473.4999999999968 9.625000000000192
    vertex 135.18178245943338 -473.4999999999968 9.46966991411028
  endloop
endfacet
facet normal -0.99144486137381 1.9334767127293017e-13 0.13052619222005538
  outer loop
    vertex 135.40145237354352 -473.4999999999968 10.000000000000181
    vertex 135.37589674325773 -483.4999999999968 9.80588571617329
    vertex 135.40145237354122 -483.4999999999968 10.000000000000181
  endloop
endfacet
facet normal -0.99144486137381 1.9334767127293017e-13 0.13052619222005538
  outer loop
    vertex 135.37589674325773 -483.4999999999968 9.80588571617329
    vertex 135.40145237354352 -473.4999999999968 10.000000000000181
    vertex 135.37589674326003 -473.4999999999968 9.80588571617329
  endloop
endfacet
facet normal -0.99144486137381 1.9334767127293017e-13 -0.13052619222005538
  outer loop
    vertex 135.37589674326003 -473.4999999999968 10.194114283827071
    vertex 135.40145237354122 -483.4999999999968 10.000000000000181
    vertex 135.37589674325773 -483.4999999999968 10.194114283827071
  endloop
endfacet
facet normal -0.99144486137381 1.9334767127293017e-13 -0.13052619222005538
  outer loop
    vertex 135.40145237354122 -483.4999999999968 10.000000000000181
    vertex 135.37589674326003 -473.4999999999968 10.194114283827071
    vertex 135.40145237354352 -473.4999999999968 10.000000000000181
  endloop
endfacet
facet normal 0.13052619222001957 -2.545470382578172e-14 -0.9914448613738146
  outer loop
    vertex 134.45733808971616 -473.4999999999965 10.724444369716972
    vertex 134.65145237354108 -483.49999999999653 10.750000000000174
    vertex 134.45733808971443 -483.49999999999653 10.724444369716972
  endloop
endfacet
facet normal 0.13052619222001957 -2.545470382578172e-14 -0.9914448613738146
  outer loop
    vertex 134.65145237354108 -483.49999999999653 10.750000000000174
    vertex 134.45733808971616 -473.4999999999965 10.724444369716972
    vertex 134.6514523735434 -473.4999999999965 10.750000000000174
  endloop
endfacet
facet normal -0.60876142900874 1.1871825579541036e-13 -0.7933533402912205
  outer loop
    vertex 135.02645237354287 -473.4999999999965 10.649519052838507
    vertex 135.18178245943105 -483.4999999999968 10.530330085890082
    vertex 135.02645237354116 -483.49999999999653 10.649519052838507
  endloop
endfacet
facet normal -0.60876142900874 1.1871825579541036e-13 -0.7933533402912205
  outer loop
    vertex 135.18178245943105 -483.4999999999968 10.530330085890082
    vertex 135.02645237354287 -473.4999999999965 10.649519052838507
    vertex 135.18178245943338 -473.4999999999968 10.530330085890082
  endloop
endfacet
facet normal 0.793353340291354 -1.5471664317204943e-13 -0.6087614290085657
  outer loop
    vertex 134.0019333207045 -473.4999999999962 10.375000000000169
    vertex 134.1211222876511 -483.49999999999625 10.530330085890082
    vertex 134.00193332070276 -483.49999999999625 10.375000000000169
  endloop
endfacet
facet normal 0.793353340291354 -1.5471664317204943e-13 -0.6087614290085657
  outer loop
    vertex 134.1211222876511 -483.49999999999625 10.530330085890082
    vertex 134.0019333207045 -473.4999999999962 10.375000000000169
    vertex 134.1211222876534 -473.4999999999962 10.530330085890082
  endloop
endfacet
facet normal -0.9238795325110942 1.8017134699777677e-13 0.3826834323655548
  outer loop
    vertex 135.37589674326003 -473.4999999999968 9.80588571617329
    vertex 135.30097142637945 -483.4999999999968 9.625000000000192
    vertex 135.37589674325773 -483.4999999999968 9.80588571617329
  endloop
endfacet
facet normal -0.9238795325110942 1.8017134699777677e-13 0.3826834323655548
  outer loop
    vertex 135.30097142637945 -483.4999999999968 9.625000000000192
    vertex 135.37589674326003 -473.4999999999968 9.80588571617329
    vertex 135.30097142638115 -473.4999999999968 9.625000000000192
  endloop
endfacet
facet normal 0.9238795325110942 -1.8017134699777677e-13 -0.3826834323655548
  outer loop
    vertex 133.9270080038262 -473.4999999999962 10.194114283827071
    vertex 134.00193332070276 -483.49999999999625 10.375000000000169
    vertex 133.92700800382445 -483.49999999999625 10.194114283827071
  endloop
endfacet
facet normal 0.9238795325110942 -1.8017134699777677e-13 -0.3826834323655548
  outer loop
    vertex 134.00193332070276 -483.49999999999625 10.375000000000169
    vertex 133.9270080038262 -473.4999999999962 10.194114283827071
    vertex 134.0019333207045 -473.4999999999962 10.375000000000169
  endloop
endfacet
facet normal 0.99144486137381 -1.9334767127293017e-13 0.13052619222005538
  outer loop
    vertex 133.9270080038262 -473.4999999999962 9.80588571617329
    vertex 133.90145237354096 -483.49999999999625 10.000000000000181
    vertex 133.92700800382445 -483.49999999999625 9.80588571617329
  endloop
endfacet
facet normal 0.99144486137381 -1.9334767127293017e-13 0.13052619222005538
  outer loop
    vertex 133.90145237354096 -483.49999999999625 10.000000000000181
    vertex 133.9270080038262 -473.4999999999962 9.80588571617329
    vertex 133.9014523735433 -473.4999999999962 10.000000000000181
  endloop
endfacet
facet normal 0.99144486137381 -1.9334767127293017e-13 -0.13052619222005538
  outer loop
    vertex 133.9014523735433 -473.4999999999962 10.000000000000181
    vertex 133.92700800382445 -483.49999999999625 10.194114283827071
    vertex 133.90145237354096 -483.49999999999625 10.000000000000181
  endloop
endfacet
facet normal 0.99144486137381 -1.9334767127293017e-13 -0.13052619222005538
  outer loop
    vertex 133.92700800382445 -483.49999999999625 10.194114283827071
    vertex 133.9014523735433 -473.4999999999962 10.000000000000181
    vertex 133.9270080038262 -473.4999999999962 10.194114283827071
  endloop
endfacet
facet normal 0.13052619222001957 -2.5454703825781906e-14 0.9914448613738146
  outer loop
    vertex 134.65145237354108 -483.49999999999653 9.250000000000188
    vertex 134.45733808971616 -473.4999999999965 9.275555630283389
    vertex 134.45733808971443 -483.49999999999653 9.275555630283389
  endloop
endfacet
facet normal 0.13052619222001957 -2.5454703825781906e-14 0.9914448613738146
  outer loop
    vertex 134.45733808971616 -473.4999999999965 9.275555630283389
    vertex 134.65145237354108 -483.49999999999653 9.250000000000188
    vertex 134.6514523735434 -473.4999999999965 9.250000000000188
  endloop
endfacet
facet normal -0.13052619222001957 2.545470382578172e-14 0.9914448613738146
  outer loop
    vertex 134.84556665736773 -483.49999999999653 9.275555630283389
    vertex 134.6514523735434 -473.4999999999965 9.250000000000188
    vertex 134.65145237354108 -483.49999999999653 9.250000000000188
  endloop
endfacet
facet normal -0.13052619222001957 2.545470382578172e-14 0.9914448613738146
  outer loop
    vertex 134.6514523735434 -473.4999999999965 9.250000000000188
    vertex 134.84556665736773 -483.49999999999653 9.275555630283389
    vertex 134.84556665737006 -473.4999999999965 9.275555630283389
  endloop
endfacet
facet normal -0.3826834323650502 7.462941547751591e-14 0.9238795325113031
  outer loop
    vertex 135.02645237354116 -483.49999999999653 9.350480947161854
    vertex 134.84556665737006 -473.4999999999965 9.275555630283389
    vertex 134.84556665736773 -483.49999999999653 9.275555630283389
  endloop
endfacet
facet normal -0.3826834323650502 7.462941547751591e-14 0.9238795325113031
  outer loop
    vertex 134.84556665737006 -473.4999999999965 9.275555630283389
    vertex 135.02645237354116 -483.49999999999653 9.350480947161854
    vertex 135.02645237354287 -473.4999999999965 9.350480947161854
  endloop
endfacet
facet normal 0.9238795325111077 -1.8017134699777952e-13 0.38268343236552227
  outer loop
    vertex 134.0019333207045 -473.4999999999962 9.625000000000178
    vertex 133.92700800382445 -483.49999999999625 9.80588571617329
    vertex 134.00193332070276 -483.49999999999625 9.625000000000178
  endloop
endfacet
facet normal 0.9238795325111077 -1.8017134699777952e-13 0.38268343236552227
  outer loop
    vertex 133.92700800382445 -483.49999999999625 9.80588571617329
    vertex 134.0019333207045 -473.4999999999962 9.625000000000178
    vertex 133.9270080038262 -473.4999999999962 9.80588571617329
  endloop
endfacet
facet normal -0.13052619222001957 2.5454703825781906e-14 -0.9914448613738146
  outer loop
    vertex 134.6514523735434 -473.4999999999965 10.750000000000174
    vertex 134.84556665736773 -483.49999999999653 10.724444369716972
    vertex 134.65145237354108 -483.49999999999653 10.750000000000174
  endloop
endfacet
facet normal -0.13052619222001957 2.5454703825781906e-14 -0.9914448613738146
  outer loop
    vertex 134.84556665736773 -483.49999999999653 10.724444369716972
    vertex 134.6514523735434 -473.4999999999965 10.750000000000174
    vertex 134.84556665737006 -473.4999999999965 10.724444369716972
  endloop
endfacet
facet normal 0.3826834323650502 -7.46294154775161e-14 0.9238795325113031
  outer loop
    vertex 134.45733808971443 -483.49999999999653 9.275555630283389
    vertex 134.27645237354278 -473.4999999999965 9.350480947161854
    vertex 134.27645237354105 -483.49999999999653 9.350480947161854
  endloop
endfacet
facet normal 0.3826834323650502 -7.46294154775161e-14 0.9238795325113031
  outer loop
    vertex 134.27645237354278 -473.4999999999965 9.350480947161854
    vertex 134.45733808971443 -483.49999999999653 9.275555630283389
    vertex 134.45733808971616 -473.4999999999965 9.275555630283389
  endloop
endfacet
facet normal 0.79335334029132 -1.5471664317204292e-13 0.6087614290086103
  outer loop
    vertex 134.1211222876534 -473.4999999999962 9.46966991411028
    vertex 134.00193332070276 -483.49999999999625 9.625000000000178
    vertex 134.1211222876511 -483.49999999999625 9.46966991411028
  endloop
endfacet
facet normal 0.79335334029132 -1.5471664317204292e-13 0.6087614290086103
  outer loop
    vertex 134.00193332070276 -483.49999999999625 9.625000000000178
    vertex 134.1211222876534 -473.4999999999962 9.46966991411028
    vertex 134.0019333207045 -473.4999999999962 9.625000000000178
  endloop
endfacet
facet normal -0.9238795325111077 1.8017134699777952e-13 -0.38268343236552227
  outer loop
    vertex 135.30097142638115 -473.4999999999968 10.375000000000187
    vertex 135.37589674325773 -483.4999999999968 10.194114283827071
    vertex 135.30097142637945 -483.4999999999968 10.375000000000187
  endloop
endfacet
facet normal -0.9238795325111077 1.8017134699777952e-13 -0.38268343236552227
  outer loop
    vertex 135.37589674325773 -483.4999999999968 10.194114283827071
    vertex 135.30097142638115 -473.4999999999968 10.375000000000187
    vertex 135.37589674326003 -473.4999999999968 10.194114283827071
  endloop
endfacet
facet normal -0.79335334029132 1.5471664317204292e-13 -0.6087614290086103
  outer loop
    vertex 135.18178245943338 -473.4999999999968 10.530330085890082
    vertex 135.30097142637945 -483.4999999999968 10.375000000000187
    vertex 135.18178245943105 -483.4999999999968 10.530330085890082
  endloop
endfacet
facet normal -0.79335334029132 1.5471664317204292e-13 -0.6087614290086103
  outer loop
    vertex 135.30097142637945 -483.4999999999968 10.375000000000187
    vertex 135.18178245943338 -473.4999999999968 10.530330085890082
    vertex 135.30097142638115 -473.4999999999968 10.375000000000187
  endloop
endfacet
facet normal 0.3826834323650502 -7.462941547751591e-14 -0.9238795325113031
  outer loop
    vertex 134.27645237354278 -473.4999999999965 10.649519052838507
    vertex 134.45733808971443 -483.49999999999653 10.724444369716972
    vertex 134.27645237354105 -483.49999999999653 10.649519052838507
  endloop
endfacet
facet normal 0.3826834323650502 -7.462941547751591e-14 -0.9238795325113031
  outer loop
    vertex 134.45733808971443 -483.49999999999653 10.724444369716972
    vertex 134.27645237354278 -473.4999999999965 10.649519052838507
    vertex 134.45733808971616 -473.4999999999965 10.724444369716972
  endloop
endfacet
facet normal -0.3826834323650502 7.46294154775161e-14 -0.9238795325113031
  outer loop
    vertex 134.84556665737006 -473.4999999999965 10.724444369716972
    vertex 135.02645237354116 -483.49999999999653 10.649519052838507
    vertex 134.84556665736773 -483.49999999999653 10.724444369716972
  endloop
endfacet
facet normal -0.3826834323650502 7.46294154775161e-14 -0.9238795325113031
  outer loop
    vertex 135.02645237354116 -483.49999999999653 10.649519052838507
    vertex 134.84556665737006 -473.4999999999965 10.724444369716972
    vertex 135.02645237354287 -473.4999999999965 10.649519052838507
  endloop
endfacet
facet normal 0.60876142900874 -1.1871825579541018e-13 -0.7933533402912205
  outer loop
    vertex 134.1211222876534 -473.4999999999962 10.530330085890082
    vertex 134.27645237354105 -483.49999999999653 10.649519052838507
    vertex 134.1211222876511 -483.49999999999625 10.530330085890082
  endloop
endfacet
facet normal 0.60876142900874 -1.1871825579541018e-13 -0.7933533402912205
  outer loop
    vertex 134.27645237354105 -483.49999999999653 10.649519052838507
    vertex 134.1211222876534 -473.4999999999962 10.530330085890082
    vertex 134.27645237354278 -473.4999999999965 10.649519052838507
  endloop
endfacet
facet normal 0.60876142900874 -1.1871825579541036e-13 0.7933533402912205
  outer loop
    vertex 134.27645237354105 -483.49999999999653 9.350480947161854
    vertex 134.1211222876534 -473.4999999999962 9.46966991411028
    vertex 134.1211222876511 -483.49999999999625 9.46966991411028
  endloop
endfacet
facet normal 0.60876142900874 -1.1871825579541036e-13 0.7933533402912205
  outer loop
    vertex 134.1211222876534 -473.4999999999962 9.46966991411028
    vertex 134.27645237354105 -483.49999999999653 9.350480947161854
    vertex 134.27645237354278 -473.4999999999965 9.350480947161854
  endloop
endfacet
facet normal -0.60876142900874 1.1871825579541018e-13 0.7933533402912205
  outer loop
    vertex 135.18178245943105 -483.4999999999968 9.46966991411028
    vertex 135.02645237354287 -473.4999999999965 9.350480947161854
    vertex 135.02645237354116 -483.49999999999653 9.350480947161854
  endloop
endfacet
facet normal -0.60876142900874 1.1871825579541018e-13 0.7933533402912205
  outer loop
    vertex 135.02645237354287 -473.4999999999965 9.350480947161854
    vertex 135.18178245943105 -483.4999999999968 9.46966991411028
    vertex 135.18178245943338 -473.4999999999968 9.46966991411028
  endloop
endfacet
facet normal 0.8546202052330909 -0.379883727958505 0.3539952796856165
  outer loop
    vertex 136.95397185949423 -445.4723678564443 34.85991911121401
    vertex 132.0613336450295 -447.64340997492616 44.34197747208899
    vertex 136.1751767865997 -447.64340997492616 34.4102815662348
  endloop
endfacet
facet normal 0.8546202052330909 -0.379883727958505 0.3539952796856165
  outer loop
    vertex 132.0613336450295 -447.64340997492616 44.34197747208899
    vertex 136.95397185949423 -445.4723678564443 34.85991911121401
    vertex 132.92996667935842 -445.4723678564443 44.57472699215651
  endloop
endfacet
facet normal 0.5654622078528814 -0.7908176098822464 0.23422211550209354
  outer loop
    vertex 139.80740104302282 -442.1775116419971 36.50734721843767
    vertex 134.31176229040523 -443.608051724309 44.94497801024134
    vertex 138.1928559119081 -443.608051724309 35.57518915236998
  endloop
endfacet
facet normal 0.5654622078528814 -0.7908176098822464 0.23422211550209354
  outer loop
    vertex 134.31176229040523 -443.608051724309 44.94497801024134
    vertex 139.80740104302282 -442.1775116419971 36.50734721843767
    vertex 136.11255339080236 -442.1775116419971 45.427498531329846
  endloop
endfacet
facet normal 0.4399079928440831 -0.6774759530432378 0.5894974901388865
  outer loop
    vertex 187.1419755899395 -441.19170887028855 16.473640038405424
    vertex 187.5276537337782 -442.63107929846245 14.531644067431142
    vertex 194.13722899138966 -439.8064694860851 12.845462570240576
  endloop
endfacet
facet normal -0.24957481223252598 -0.768248086375129 0.5894974901388907
  outer loop
    vertex 253.0477821758342 -442.1775116419963 18.014694436869437
    vertex 246.21697680954182 -442.63107929846245 14.531644067431161
    vertex 253.0477821758342 -443.60805172430844 16.150378304734136
  endloop
endfacet
facet normal -0.18682549335280796 -0.9737280892476469 0.13019156364222143
  outer loop
    vertex 253.04778217583475 -440.97151056569146 22.51555172762141
    vertex 246.92779666896558 -439.9782634680646 21.162033049605423
    vertex 246.84510237011722 -440.28688279286234 18.73514224515717
  endloop
endfacet
facet normal 0.631405958642981 -0.605467813125944 0.48449483243748337
  outer loop
    vertex 144.36678428016972 -443.608051724309 27.52916905274724
    vertex 136.95397185949423 -445.4723678564443 34.85991911121401
    vertex 143.35523968720787 -445.4723678564443 26.517624459785328
  endloop
endfacet
facet normal 0.631405958642981 -0.605467813125944 0.48449483243748337
  outer loop
    vertex 136.95397185949423 -445.4723678564443 34.85991911121401
    vertex 144.36678428016972 -443.608051724309 27.52916905274724
    vertex 138.1928559119081 -443.608051724309 35.57518915236998
  endloop
endfacet
facet normal 0.7890610165044274 -0.6054678131259463 0.10388185357166012
  outer loop
    vertex 134.31176229040523 -443.608051724309 44.94497801024134
    vertex 131.5574534498449 -445.4723678564443 55.00000000000563
    vertex 132.92996667935842 -445.4723678564443 44.57472699215651
  endloop
endfacet
facet normal 0.7890610165044274 -0.6054678131259463 0.10388185357166012
  outer loop
    vertex 131.5574534498449 -445.4723678564443 55.00000000000563
    vertex 134.31176229040523 -443.608051724309 44.94497801024134
    vertex 132.9879935321565 -443.608051724309 55.00000000000563
  endloop
endfacet
facet normal -0.23925995433887065 -0.3789614898828378 0.8939479086812283
  outer loop
    vertex 253.2039605902039 -450.50438420094196 12.649542086661342
    vertex 253.0477821758342 -447.64340997492525 13.820563132463827
    vertex 245.12903142509197 -446.69134674908673 12.104753262982909
  endloop
endfacet
facet normal 0.4081013010620113 -0.4983153651254171 0.764941255882709
  outer loop
    vertex 194.13722899138966 -439.8064694860851 12.845462570240576
    vertex 187.5276537337782 -442.63107929846245 14.531644067431142
    vertex 188.03027927657925 -444.5069033613756 13.041498148356174
  endloop
endfacet
facet normal 0.8926370649091931 -0.25353881061585115 0.3727158996632695
  outer loop
    vertex 202.4308305178305 -427.6294774899516 13.726846900613307
    vertex 203.24600146018204 -428.1001166529538 11.454400000005526
    vertex 203.4295321937741 -427.6294774899516 11.335003318035858
  endloop
endfacet
facet normal 0.05031741058392766 -0.9227092328755176 0.38219867838390315
  outer loop
    vertex 171.8376152274277 -441.2782365520379 20.185736555351074
    vertex 162.2651137587523 -442.1775116419971 19.274938163379744
    vertex 171.8376152274277 -442.1775116419963 18.014694436869398
  endloop
endfacet
facet normal 0.05031741058392766 -0.9227092328755176 0.38219867838390315
  outer loop
    vertex 162.2651137587523 -442.1775116419971 19.274938163379744
    vertex 171.8376152274277 -441.2782365520379 20.185736555351074
    vertex 162.827020806735 -441.27823655203883 21.37200381558244
  endloop
endfacet
facet normal 0.485573406079386 -0.7908176098822505 0.372593579129577
  outer loop
    vertex 145.68505485947833 -442.1775116419971 28.847439632055654
    vertex 138.1928559119081 -443.608051724309 35.57518915236998
    vertex 144.36678428016972 -443.608051724309 27.52916905274724
  endloop
endfacet
facet normal 0.485573406079386 -0.7908176098822505 0.372593579129577
  outer loop
    vertex 138.1928559119081 -443.608051724309 35.57518915236998
    vertex 145.68505485947833 -442.1775116419971 28.847439632055654
    vertex 139.80740104302282 -442.1775116419971 36.50734721843767
  endloop
endfacet
facet normal 0.9171204481621495 -0.379883727958474 0.1207411975890174
  outer loop
    vertex 132.92996667935842 -445.4723678564443 44.57472699215651
    vertex 130.6581783598866 -447.64340997492616 55.00000000000566
    vertex 132.0613336450295 -447.64340997492616 44.34197747208899
  endloop
endfacet
facet normal 0.9171204481621495 -0.379883727958474 0.1207411975890174
  outer loop
    vertex 130.6581783598866 -447.64340997492616 55.00000000000566
    vertex 132.92996667935842 -445.4723678564443 44.57472699215651
    vertex 131.5574534498449 -445.4723678564443 55.00000000000563
  endloop
endfacet
facet normal 0.01718156259381688 -0.9912985102900189 0.1305069247343751
  outer loop
    vertex 171.8376152274277 -440.97151056569146 22.515551727621393
    vertex 162.827020806735 -441.27823655203883 21.37200381558244
    vertex 171.8376152274277 -441.2782365520379 20.185736555351074
  endloop
endfacet
facet normal 0.01718156259381688 -0.9912985102900189 0.1305069247343751
  outer loop
    vertex 162.827020806735 -441.27823655203883 21.37200381558244
    vertex 171.8376152274277 -440.97151056569146 22.515551727621393
    vertex 163.43002134488725 -440.97151056569226 23.622432460958418
  endloop
endfacet
facet normal -0.35615247006524936 -0.9227092328755094 0.14752318337370085
  outer loop
    vertex 297.63207715251707 -442.1775116419971 45.42749853132986
    vertex 292.0570518730064 -441.27823655203883 37.592868277678456
    vertex 293.93722950029724 -442.1775116419971 36.507347218437694
  endloop
endfacet
facet normal -0.35615247006524936 -0.9227092328755094 0.14752318337370085
  outer loop
    vertex 292.0570518730064 -441.27823655203883 37.592868277678456
    vertex 297.63207715251707 -442.1775116419971 45.42749853132986
    vertex 295.53501150031445 -441.27823655203883 45.98940557931262
  endloop
endfacet
facet normal -0.7866802725955111 -0.12942830799551253 0.6036410040731753
  outer loop
    vertex 297.5694537567203 -447.64340997492616 34.410281566234815
    vertex 291.2421623952856 -449.9732251471972 25.664852920611906
    vertex 297.835086252897 -449.9732251471972 34.25691857306162
  endloop
endfacet
facet normal -0.7866802725955111 -0.12942830799551253 0.6036410040731753
  outer loop
    vertex 291.2421623952856 -449.9732251471972 25.664852920611906
    vertex 297.5694537567203 -447.64340997492616 34.410281566234815
    vertex 291.0252743703738 -447.64340997492616 25.88174094552356
  endloop
endfacet
facet normal -0.9914448613738116 2.1242555943037515e-14 0.1305261922200415
  outer loop
    vertex 303.3931781697797 -449.9732251471972 55.00000000000566
    vertex 301.9795714500954 -483.49999999999625 44.26259094519468
    vertex 303.39317816977854 -483.49999999999625 55.00000000000563
  endloop
endfacet
facet normal -0.9914448613738116 2.1242555943037515e-14 0.1305261922200415
  outer loop
    vertex 301.9795714500954 -483.49999999999625 44.26259094519468
    vertex 303.3931781697797 -449.9732251471972 55.00000000000566
    vertex 301.979571450096 -449.9732251471972 44.2625909451947
  endloop
endfacet
facet normal 0.0798888017735657 -0.7908176098822484 0.6068156946316665
  outer loop
    vertex 171.8376152274277 -442.1775116419963 18.014694436869398
    vertex 161.7825932376638 -443.608051724309 17.47414706298276
    vertex 171.8376152274277 -443.60805172430844 16.150378304734048
  endloop
endfacet
facet normal 0.0798888017735657 -0.7908176098822484 0.6068156946316665
  outer loop
    vertex 161.7825932376638 -443.608051724309 17.47414706298276
    vertex 171.8376152274277 -442.1775116419963 18.014694436869398
    vertex 162.2651137587523 -442.1775116419971 19.274938163379744
  endloop
endfacet
facet normal -0.37946459868719334 -0.12942830799550392 0.9161085805910717
  outer loop
    vertex 272.64442437070267 -449.9732251471972 14.927443865800656
    vertex 282.4967337496629 -447.64340997492616 19.337561559176926
    vertex 272.56503784380794 -447.64340997492616 15.223718417606634
  endloop
endfacet
facet normal -0.37946459868719334 -0.12942830799550392 0.9161085805910717
  outer loop
    vertex 282.4967337496629 -447.64340997492616 19.337561559176926
    vertex 272.64442437070267 -449.9732251471972 14.927443865800656
    vertex 282.65009674283596 -449.9732251471972 19.07192906300016
  endloop
endfacet
facet normal -1.2825938240957363e-14 -0.3826834323651182 0.9238795325112751
  outer loop
    vertex 180.69684836748587 -447.64340997492525 13.820563132463791
    vertex 171.8376152274277 -445.4723678564435 14.719838222422037
    vertex 171.8376152274277 -447.64340997492525 13.820563132463647
  endloop
endfacet
facet normal -1.2825938240957363e-14 -0.3826834323651182 0.9238795325112751
  outer loop
    vertex 171.8376152274277 -445.4723678564435 14.719838222422037
    vertex 180.69684836748587 -447.64340997492525 13.820563132463791
    vertex 180.69684836748587 -445.4723678564435 14.719838222422144
  endloop
endfacet
facet normal 0.1305261922200631 -1.5154403371390689e-15 0.9914448613738089
  outer loop
    vertex 161.10020617261847 -483.49999999999625 14.927443865800527
    vertex 171.8376152274277 -449.97322514719633 13.51383714611722
    vertex 161.10020617261733 -449.9732251471972 14.927443865800633
  endloop
endfacet
facet normal 0.1305261922200631 -1.5154403371390689e-15 0.9914448613738089
  outer loop
    vertex 171.8376152274277 -449.97322514719633 13.51383714611722
    vertex 161.10020617261847 -483.49999999999625 14.927443865800527
    vertex 171.8376152274277 -483.49999999999534 13.513837146117115
  endloop
endfacet
facet normal 1.2825938240957368e-14 -0.38268343236511815 0.9238795325112752
  outer loop
    vertex 261.9070153158917 -447.64340997492525 13.820563132463663
    vertex 253.0477821758342 -445.4723678564435 14.719838222422144
    vertex 253.0477821758342 -447.64340997492525 13.820563132463827
  endloop
endfacet
facet normal 1.2825938240957368e-14 -0.38268343236511815 0.9238795325112752
  outer loop
    vertex 253.0477821758342 -445.4723678564435 14.719838222422144
    vertex 261.9070153158917 -447.64340997492525 13.820563132463663
    vertex 261.9070153158917 -445.4723678564435 14.719838222422055
  endloop
endfacet
facet normal -0.7352878122146324 -0.6054678131259532 0.3045661840669369
  outer loop
    vertex 299.4328682529142 -443.608051724309 44.944978010241364
    vertex 296.7906586838258 -445.4723678564443 34.85991911121403
    vertex 300.814663863961 -445.4723678564443 44.57472699215651
  endloop
endfacet
facet normal -0.7352878122146324 -0.6054678131259532 0.3045661840669369
  outer loop
    vertex 296.7906586838258 -445.4723678564443 34.85991911121403
    vertex 299.4328682529142 -443.608051724309 44.944978010241364
    vertex 295.5517746314119 -443.608051724309 35.575189152369994
  endloop
endfacet
facet normal 0.7144588687171758 -0.34664560425471774 0.607770803808685
  outer loop
    vertex 203.24600146018204 -428.1001166529538 11.454400000005526
    vertex 198.8827503436673 -434.0391323473469 13.196224000005511
    vertex 204.70463343770388 -428.94225821782464 9.259399490278016
  endloop
endfacet
facet normal -0.6087614290087181 9.478603253882672e-15 0.7933533402912372
  outer loop
    vertex 291.2421623952844 -483.49999999999625 25.664852920611708
    vertex 282.65009674283596 -449.9732251471972 19.07192906300016
    vertex 282.6500967428348 -483.49999999999625 19.07192906300005
  endloop
endfacet
facet normal -0.6087614290087181 9.478603253882672e-15 0.7933533402912372
  outer loop
    vertex 282.65009674283596 -449.9732251471972 19.07192906300016
    vertex 291.2421623952844 -483.49999999999625 25.664852920611708
    vertex 291.2421623952856 -449.9732251471972 25.664852920611906
  endloop
endfacet
facet normal 0.35615247006524936 -0.9227092328755094 0.14752318337370085
  outer loop
    vertex 141.68757867031357 -441.27823655203883 37.59286827767843
    vertex 136.11255339080236 -442.1775116419971 45.427498531329846
    vertex 139.80740104302282 -442.1775116419971 36.50734721843767
  endloop
endfacet
facet normal 0.35615247006524936 -0.9227092328755094 0.14752318337370085
  outer loop
    vertex 136.11255339080236 -442.1775116419971 45.427498531329846
    vertex 141.68757867031357 -441.27823655203883 37.59286827767843
    vertex 138.20961904300498 -441.27823655203883 45.9894055793126
  endloop
endfacet
facet normal -0.4408733350571669 -0.08267539704376313 0.8937535908510953
  outer loop
    vertex 232.22853514274243 -436.6724774042568 9.472111706115292
    vertex 227.1390709028714 -430.0397584726883 7.575116360536524
    vertex 230.49337504501833 -438.40763750198056 8.455678453757143
  endloop
endfacet
facet normal -0.353995279685625 -0.37988372795852343 0.8546202052330794
  outer loop
    vertex 272.56503784380794 -447.64340997492616 15.223718417606634
    vertex 282.04709620468316 -445.4723678564443 20.11635663207152
    vertex 272.33228832374056 -445.4723678564443 16.092351451935993
  endloop
endfacet
facet normal -0.353995279685625 -0.37988372795852343 0.8546202052330794
  outer loop
    vertex 282.04709620468316 -445.4723678564443 20.11635663207152
    vertex 272.56503784380794 -447.64340997492616 15.223718417606634
    vertex 282.4967337496629 -447.64340997492616 19.337561559176926
  endloop
endfacet
facet normal 3.4115084728434463e-15 -0.7933533402912236 0.6087614290087356
  outer loop
    vertex 261.9070153158917 -442.1775116419963 18.014694436869398
    vertex 253.0477821758342 -443.60805172430844 16.150378304734136
    vertex 261.9070153158917 -443.60805172430844 16.150378304734062
  endloop
endfacet
facet normal 3.4115084728434463e-15 -0.7933533402912236 0.6087614290087356
  outer loop
    vertex 253.0477821758342 -443.60805172430844 16.150378304734136
    vertex 261.9070153158917 -442.1775116419963 18.014694436869398
    vertex 253.0477821758342 -442.1775116419963 18.014694436869437
  endloop
endfacet
facet normal 0.23240727065431704 -0.8941740919819413 0.38267421362731235
  outer loop
    vertex 180.69684836748473 -441.2782365520379 20.185736555351088
    vertex 187.1419755899395 -441.19170887028855 16.473640038405424
    vertex 186.89952817320219 -440.28688279286234 18.735142245157157
  endloop
endfacet
facet normal 0.6025837765998866 -0.22750311476379337 0.764941255882692
  outer loop
    vertex 204.70463343770388 -428.94225821782464 9.259399490278016
    vertex 200.02607964524614 -435.1824616489262 11.089023510667111
    vertex 201.51609540057757 -436.6724774042568 9.472111706115273
  endloop
endfacet
facet normal -1.9094073279461995e-15 -0.9999999999999999 -4.537175696009478e-15
  outer loop
    vertex 298.893178169779 -483.49999999999625 9.250000000000243
    vertex 134.84556665736773 -483.49999999999653 9.275555630283389
    vertex 134.65145237354108 -483.49999999999653 9.250000000000188
  endloop
endfacet
facet normal -1.9094073279461995e-15 -0.9999999999999999 -4.537175696009478e-15
  outer loop
    vertex 134.84556665736773 -483.49999999999653 9.275555630283389
    vertex 298.893178169779 -483.49999999999625 9.250000000000243
    vertex 298.69906388595234 -483.49999999999625 9.275555630283442
  endloop
endfacet
facet normal -1.9094073279461995e-15 -0.9999999999999999 -4.537175696009478e-15
  outer loop
    vertex 134.84556665736773 -483.49999999999653 9.275555630283389
    vertex 298.69906388595234 -483.49999999999625 9.275555630283442
    vertex 135.02645237354116 -483.49999999999653 9.350480947161854
  endloop
endfacet
facet normal -1.9094073279461995e-15 -0.9999999999999999 -4.537175696009478e-15
  outer loop
    vertex 135.02645237354116 -483.49999999999653 9.350480947161854
    vertex 298.69906388595234 -483.49999999999625 9.275555630283442
    vertex 298.5181781697795 -483.49999999999625 9.350480947161905
  endloop
endfacet
facet normal -1.9094073279461995e-15 -0.9999999999999999 -4.537175696009478e-15
  outer loop
    vertex 135.02645237354116 -483.49999999999653 9.350480947161854
    vertex 298.5181781697795 -483.49999999999625 9.350480947161905
    vertex 135.18178245943105 -483.4999999999968 9.46966991411028
  endloop
endfacet
facet normal -1.9094073279461995e-15 -0.9999999999999999 -4.537175696009478e-15
  outer loop
    vertex 135.18178245943105 -483.4999999999968 9.46966991411028
    vertex 298.5181781697795 -483.49999999999625 9.350480947161905
    vertex 298.362848083889 -483.49999999999625 9.469669914110336
  endloop
endfacet
facet normal -1.9094073279461995e-15 -0.9999999999999999 -4.537175696009478e-15
  outer loop
    vertex 135.18178245943105 -483.4999999999968 9.46966991411028
    vertex 298.362848083889 -483.49999999999625 9.469669914110336
    vertex 135.30097142637945 -483.4999999999968 9.625000000000192
  endloop
endfacet
facet normal -1.9094073279461995e-15 -0.9999999999999999 -4.537175696009478e-15
  outer loop
    vertex 135.30097142637945 -483.4999999999968 9.625000000000192
    vertex 298.362848083889 -483.49999999999625 9.469669914110336
    vertex 298.2436591169412 -483.49999999999625 9.625000000000231
  endloop
endfacet
facet normal -1.9094073279461995e-15 -0.9999999999999999 -4.537175696009478e-15
  outer loop
    vertex 135.30097142637945 -483.4999999999968 9.625000000000192
    vertex 298.2436591169412 -483.49999999999625 9.625000000000231
    vertex 135.37589674325773 -483.4999999999968 9.80588571617329
  endloop
endfacet
facet normal -1.9094073279461995e-15 -0.9999999999999999 -4.537175696009478e-15
  outer loop
    vertex 135.37589674325773 -483.4999999999968 9.80588571617329
    vertex 298.2436591169412 -483.49999999999625 9.625000000000231
    vertex 298.16873380006234 -483.49999999999625 9.805885716173343
  endloop
endfacet
facet normal -1.9094073279461995e-15 -0.9999999999999999 -4.537175696009478e-15
  outer loop
    vertex 135.37589674325773 -483.4999999999968 9.80588571617329
    vertex 298.16873380006234 -483.49999999999625 9.805885716173343
    vertex 135.40145237354122 -483.4999999999968 10.000000000000181
  endloop
endfacet
facet normal -1.9094073279461995e-15 -0.9999999999999999 -4.537175696009478e-15
  outer loop
    vertex 135.40145237354122 -483.4999999999968 10.000000000000181
    vertex 298.16873380006234 -483.49999999999625 9.805885716173343
    vertex 298.1431781697789 -483.49999999999625 10.000000000000236
  endloop
endfacet
facet normal -1.9094073279461995e-15 -0.9999999999999999 -4.537175696009478e-15
  outer loop
    vertex 135.40145237354122 -483.4999999999968 10.000000000000181
    vertex 298.1431781697789 -483.49999999999625 10.000000000000236
    vertex 135.37589674325773 -483.4999999999968 10.194114283827071
  endloop
endfacet
facet normal -1.9094073279461995e-15 -0.9999999999999999 -4.537175696009478e-15
  outer loop
    vertex 135.37589674325773 -483.4999999999968 10.194114283827071
    vertex 298.1431781697789 -483.49999999999625 10.000000000000236
    vertex 298.16873380006234 -483.49999999999625 10.194114283827128
  endloop
endfacet
facet normal -1.9094073279461995e-15 -0.9999999999999999 -4.537175696009478e-15
  outer loop
    vertex 135.37589674325773 -483.4999999999968 10.194114283827071
    vertex 298.16873380006234 -483.49999999999625 10.194114283827128
    vertex 135.30097142637945 -483.4999999999968 10.375000000000187
  endloop
endfacet
facet normal -1.9094073279461995e-15 -0.9999999999999999 -4.537175696009478e-15
  outer loop
    vertex 135.30097142637945 -483.4999999999968 10.375000000000187
    vertex 298.16873380006234 -483.49999999999625 10.194114283827128
    vertex 298.2436591169412 -483.49999999999625 10.37500000000022
  endloop
endfacet
facet normal -1.9094073279461995e-15 -0.9999999999999999 -4.537175696009478e-15
  outer loop
    vertex 135.30097142637945 -483.4999999999968 10.375000000000187
    vertex 298.2436591169412 -483.49999999999625 10.37500000000022
    vertex 135.18178245943105 -483.4999999999968 10.530330085890082
  endloop
endfacet
facet normal -1.9094073279461995e-15 -0.9999999999999999 -4.537175696009478e-15
  outer loop
    vertex 135.18178245943105 -483.4999999999968 10.530330085890082
    vertex 298.2436591169412 -483.49999999999625 10.37500000000022
    vertex 298.362848083889 -483.49999999999625 10.530330085890133
  endloop
endfacet
facet normal -1.9094073279461995e-15 -0.9999999999999999 -4.537175696009478e-15
  outer loop
    vertex 135.18178245943105 -483.4999999999968 10.530330085890082
    vertex 298.362848083889 -483.49999999999625 10.530330085890133
    vertex 135.02645237354116 -483.49999999999653 10.649519052838507
  endloop
endfacet
facet normal -1.9094073279461995e-15 -0.9999999999999999 -4.537175696009478e-15
  outer loop
    vertex 135.02645237354116 -483.49999999999653 10.649519052838507
    vertex 298.362848083889 -483.49999999999625 10.530330085890133
    vertex 298.5181781697795 -483.49999999999625 10.649519052838563
  endloop
endfacet
facet normal -1.9094073279461995e-15 -0.9999999999999999 -4.537175696009478e-15
  outer loop
    vertex 135.02645237354116 -483.49999999999653 10.649519052838507
    vertex 298.5181781697795 -483.49999999999625 10.649519052838563
    vertex 134.84556665736773 -483.49999999999653 10.724444369716972
  endloop
endfacet
facet normal -1.9094073279461995e-15 -0.9999999999999999 -4.537175696009478e-15
  outer loop
    vertex 134.84556665736773 -483.49999999999653 10.724444369716972
    vertex 298.5181781697795 -483.49999999999625 10.649519052838563
    vertex 298.69906388595234 -483.49999999999625 10.724444369717029
  endloop
endfacet
facet normal -1.9094073279461995e-15 -0.9999999999999999 -4.537175696009478e-15
  outer loop
    vertex 134.84556665736773 -483.49999999999653 10.724444369716972
    vertex 298.69906388595234 -483.49999999999625 10.724444369717029
    vertex 134.65145237354108 -483.49999999999653 10.750000000000174
  endloop
endfacet
facet normal -1.9094073279461995e-15 -0.9999999999999999 -4.537175696009478e-15
  outer loop
    vertex 134.65145237354108 -483.49999999999653 10.750000000000174
    vertex 298.69906388595234 -483.49999999999625 10.724444369717029
    vertex 298.893178169779 -483.49999999999625 10.750000000000226
  endloop
endfacet
facet normal -1.9094073279461995e-15 -0.9999999999999999 -4.537175696009478e-15
  outer loop
    vertex 128.85145237354126 -483.4999999999956 5.000000000000182
    vertex 133.90145237354096 -483.49999999999625 10.000000000000181
    vertex 128.85145237354126 -483.49999999999596 55.000000000005514
  endloop
endfacet
facet normal -1.9094073279461995e-15 -0.9999999999999999 -4.537175696009478e-15
  outer loop
    vertex 133.90145237354096 -483.49999999999625 10.000000000000181
    vertex 128.85145237354126 -483.4999999999956 5.000000000000182
    vertex 133.92700800382445 -483.49999999999625 9.80588571617329
  endloop
endfacet
facet normal -1.9094073279461995e-15 -0.9999999999999999 -4.537175696009478e-15
  outer loop
    vertex 133.92700800382445 -483.49999999999625 9.80588571617329
    vertex 128.85145237354126 -483.4999999999956 5.000000000000182
    vertex 134.00193332070276 -483.49999999999625 9.625000000000178
  endloop
endfacet
facet normal -1.9094073279461995e-15 -0.9999999999999999 -4.537175696009478e-15
  outer loop
    vertex 134.00193332070276 -483.49999999999625 9.625000000000178
    vertex 128.85145237354126 -483.4999999999956 5.000000000000182
    vertex 134.1211222876511 -483.49999999999625 9.46966991411028
  endloop
endfacet
facet normal -1.9094073279461995e-15 -0.9999999999999999 -4.537175696009478e-15
  outer loop
    vertex 134.1211222876511 -483.49999999999625 9.46966991411028
    vertex 128.85145237354126 -483.4999999999956 5.000000000000182
    vertex 134.27645237354105 -483.49999999999653 9.350480947161854
  endloop
endfacet
facet normal -1.9094073279461995e-15 -0.9999999999999999 -4.537175696009478e-15
  outer loop
    vertex 134.27645237354105 -483.49999999999653 9.350480947161854
    vertex 128.85145237354126 -483.4999999999956 5.000000000000182
    vertex 134.45733808971443 -483.49999999999653 9.275555630283389
  endloop
endfacet
facet normal -1.9094073279461995e-15 -0.9999999999999999 -4.537175696009478e-15
  outer loop
    vertex 134.45733808971443 -483.49999999999653 9.275555630283389
    vertex 128.85145237354126 -483.4999999999956 5.000000000000182
    vertex 134.65145237354108 -483.49999999999653 9.250000000000188
  endloop
endfacet
facet normal -1.9094073279461995e-15 -0.9999999999999999 -4.537175696009478e-15
  outer loop
    vertex 128.85145237354126 -483.49999999999596 55.000000000005514
    vertex 133.90145237354096 -483.49999999999625 10.000000000000181
    vertex 133.92700800382445 -483.49999999999625 10.194114283827071
  endloop
endfacet
facet normal -1.9094073279461995e-15 -0.9999999999999999 -4.537175696009478e-15
  outer loop
    vertex 128.85145237354126 -483.49999999999596 55.000000000005514
    vertex 133.92700800382445 -483.49999999999625 10.194114283827071
    vertex 134.00193332070276 -483.49999999999625 10.375000000000169
  endloop
endfacet
facet normal -1.9094073279461995e-15 -0.9999999999999999 -4.537175696009478e-15
  outer loop
    vertex 128.85145237354126 -483.49999999999596 55.000000000005514
    vertex 134.00193332070276 -483.49999999999625 10.375000000000169
    vertex 134.1211222876511 -483.49999999999625 10.530330085890082
  endloop
endfacet
facet normal -1.9094073279461995e-15 -0.9999999999999999 -4.537175696009478e-15
  outer loop
    vertex 128.85145237354126 -483.49999999999596 55.000000000005514
    vertex 134.1211222876511 -483.49999999999625 10.530330085890082
    vertex 134.27645237354105 -483.49999999999653 10.649519052838507
  endloop
endfacet
facet normal -1.9094073279461995e-15 -0.9999999999999999 -4.537175696009478e-15
  outer loop
    vertex 128.85145237354126 -483.49999999999596 55.000000000005514
    vertex 134.27645237354105 -483.49999999999653 10.649519052838507
    vertex 134.45733808971443 -483.49999999999653 10.724444369716972
  endloop
endfacet
facet normal -1.9094073279461995e-15 -0.9999999999999999 -4.537175696009478e-15
  outer loop
    vertex 128.85145237354126 -483.49999999999596 55.000000000005514
    vertex 134.45733808971443 -483.49999999999653 10.724444369716972
    vertex 134.65145237354108 -483.49999999999653 10.750000000000174
  endloop
endfacet
facet normal -1.9094073279461995e-15 -0.9999999999999999 -4.537175696009478e-15
  outer loop
    vertex 128.85145237354126 -483.49999999999596 55.000000000005514
    vertex 134.65145237354108 -483.49999999999653 10.750000000000174
    vertex 131.76505909322404 -483.49999999999625 44.26259094519468
  endloop
endfacet
facet normal -1.9094073279461995e-15 -0.9999999999999999 -4.537175696009478e-15
  outer loop
    vertex 131.76505909322404 -483.49999999999625 44.26259094519468
    vertex 134.65145237354108 -483.49999999999653 10.750000000000174
    vertex 135.90954429042364 -483.49999999999625 34.256918573061405
  endloop
endfacet
facet normal -1.9094073279461995e-15 -0.9999999999999999 -4.537175696009478e-15
  outer loop
    vertex 135.90954429042364 -483.49999999999625 34.256918573061405
    vertex 134.65145237354108 -483.49999999999653 10.750000000000174
    vertex 142.502468148035 -483.49999999999625 25.664852920611686
  endloop
endfacet
facet normal -1.9094073279461995e-15 -0.9999999999999999 -4.537175696009478e-15
  outer loop
    vertex 142.502468148035 -483.49999999999625 25.664852920611686
    vertex 134.65145237354108 -483.49999999999653 10.750000000000174
    vertex 151.0945338004846 -483.49999999999625 19.071929063000013
  endloop
endfacet
facet normal -1.9094073279461995e-15 -0.9999999999999999 -4.537175696009478e-15
  outer loop
    vertex 151.0945338004846 -483.49999999999625 19.071929063000013
    vertex 134.65145237354108 -483.49999999999653 10.750000000000174
    vertex 161.10020617261847 -483.49999999999625 14.927443865800527
  endloop
endfacet
facet normal -1.9094073279461995e-15 -0.9999999999999999 -4.537175696009478e-15
  outer loop
    vertex 161.10020617261847 -483.49999999999625 14.927443865800527
    vertex 134.65145237354108 -483.49999999999653 10.750000000000174
    vertex 171.8376152274277 -483.49999999999534 13.513837146117115
  endloop
endfacet
facet normal -1.9094073279461995e-15 -0.9999999999999999 -4.537175696009478e-15
  outer loop
    vertex 171.8376152274277 -483.49999999999534 13.513837146117115
    vertex 134.65145237354108 -483.49999999999653 10.750000000000174
    vertex 298.893178169779 -483.49999999999625 10.750000000000226
  endloop
endfacet
facet normal -1.9094073279461995e-15 -0.9999999999999999 -4.537175696009478e-15
  outer loop
    vertex 128.85145237354126 -483.49999999999596 55.000000000005514
    vertex 131.76505909322404 -483.49999999999625 44.26259094519468
    vertex 130.35145237354092 -483.49999999999625 55.00000000000563
  endloop
endfacet
facet normal -1.9094073279461995e-15 -0.9999999999999999 -4.537175696009478e-15
  outer loop
    vertex 304.89317816977876 -483.49999999999653 5.000000000000182
    vertex 298.893178169779 -483.49999999999625 9.250000000000243
    vertex 128.85145237354126 -483.4999999999956 5.000000000000182
  endloop
endfacet
facet normal -1.9094073279461995e-15 -0.9999999999999999 -4.537175696009478e-15
  outer loop
    vertex 298.893178169779 -483.49999999999625 9.250000000000243
    vertex 304.89317816977876 -483.49999999999653 5.000000000000182
    vertex 299.0872924536062 -483.49999999999625 9.275555630283442
  endloop
endfacet
facet normal -1.9094073279461995e-15 -0.9999999999999999 -4.537175696009478e-15
  outer loop
    vertex 299.0872924536062 -483.49999999999625 9.275555630283442
    vertex 304.89317816977876 -483.49999999999653 5.000000000000182
    vertex 299.2681781697797 -483.49999999999625 9.350480947161905
  endloop
endfacet
facet normal -1.9094073279461995e-15 -0.9999999999999999 -4.537175696009478e-15
  outer loop
    vertex 299.2681781697797 -483.49999999999625 9.350480947161905
    vertex 304.89317816977876 -483.49999999999653 5.000000000000182
    vertex 299.42350825566893 -483.49999999999625 9.469669914110336
  endloop
endfacet
facet normal -1.9094073279461995e-15 -0.9999999999999999 -4.537175696009478e-15
  outer loop
    vertex 299.42350825566893 -483.49999999999625 9.469669914110336
    vertex 304.89317816977876 -483.49999999999653 5.000000000000182
    vertex 299.54269722261796 -483.49999999999625 9.625000000000247
  endloop
endfacet
facet normal -1.9094073279461995e-15 -0.9999999999999999 -4.537175696009478e-15
  outer loop
    vertex 299.54269722261796 -483.49999999999625 9.625000000000247
    vertex 304.89317816977876 -483.49999999999653 5.000000000000182
    vertex 299.6176225394962 -483.49999999999625 9.805885716173343
  endloop
endfacet
facet normal -1.9094073279461995e-15 -0.9999999999999999 -4.537175696009478e-15
  outer loop
    vertex 299.6176225394962 -483.49999999999625 9.805885716173343
    vertex 304.89317816977876 -483.49999999999653 5.000000000000182
    vertex 299.6431781697791 -483.49999999999625 10.000000000000236
  endloop
endfacet
facet normal -1.9094073279461995e-15 -0.9999999999999999 -4.537175696009478e-15
  outer loop
    vertex 299.6431781697791 -483.49999999999625 10.000000000000236
    vertex 304.89317816977876 -483.49999999999653 5.000000000000182
    vertex 304.89317816977876 -483.49999999999653 55.00000000000563
  endloop
endfacet
facet normal -1.9094073279461995e-15 -0.9999999999999999 -4.537175696009478e-15
  outer loop
    vertex 128.85145237354126 -483.4999999999956 5.000000000000182
    vertex 298.893178169779 -483.49999999999625 9.250000000000243
    vertex 134.65145237354108 -483.49999999999653 9.250000000000188
  endloop
endfacet
facet normal -1.9094073279461995e-15 -0.9999999999999999 -4.537175696009478e-15
  outer loop
    vertex 299.6431781697791 -483.49999999999625 10.000000000000236
    vertex 304.89317816977876 -483.49999999999653 55.00000000000563
    vertex 299.6176225394962 -483.49999999999625 10.194114283827128
  endloop
endfacet
facet normal -1.9094073279461995e-15 -0.9999999999999999 -4.537175696009478e-15
  outer loop
    vertex 299.6176225394962 -483.49999999999625 10.194114283827128
    vertex 304.89317816977876 -483.49999999999653 55.00000000000563
    vertex 299.54269722261796 -483.49999999999625 10.375000000000238
  endloop
endfacet
facet normal -1.9094073279461995e-15 -0.9999999999999999 -4.537175696009478e-15
  outer loop
    vertex 299.54269722261796 -483.49999999999625 10.375000000000238
    vertex 304.89317816977876 -483.49999999999653 55.00000000000563
    vertex 299.42350825566893 -483.49999999999625 10.530330085890133
  endloop
endfacet
facet normal -1.9094073279461995e-15 -0.9999999999999999 -4.537175696009478e-15
  outer loop
    vertex 299.42350825566893 -483.49999999999625 10.530330085890133
    vertex 304.89317816977876 -483.49999999999653 55.00000000000563
    vertex 299.2681781697797 -483.49999999999625 10.649519052838563
  endloop
endfacet
facet normal -1.9094073279461995e-15 -0.9999999999999999 -4.537175696009478e-15
  outer loop
    vertex 299.2681781697797 -483.49999999999625 10.649519052838563
    vertex 304.89317816977876 -483.49999999999653 55.00000000000563
    vertex 299.0872924536062 -483.49999999999625 10.724444369717029
  endloop
endfacet
facet normal -1.9094073279461995e-15 -0.9999999999999999 -4.537175696009478e-15
  outer loop
    vertex 299.0872924536062 -483.49999999999625 10.724444369717029
    vertex 304.89317816977876 -483.49999999999653 55.00000000000563
    vertex 298.893178169779 -483.49999999999625 10.750000000000226
  endloop
endfacet
facet normal -1.9094073279461995e-15 -0.9999999999999999 -4.537175696009478e-15
  outer loop
    vertex 298.893178169779 -483.49999999999625 10.750000000000226
    vertex 304.89317816977876 -483.49999999999653 55.00000000000563
    vertex 301.9795714500954 -483.49999999999625 44.26259094519468
  endloop
endfacet
facet normal -1.9094073279461995e-15 -0.9999999999999999 -4.537175696009478e-15
  outer loop
    vertex 298.893178169779 -483.49999999999625 10.750000000000226
    vertex 301.9795714500954 -483.49999999999625 44.26259094519468
    vertex 297.83508625289636 -483.49999999999625 34.25691857306143
  endloop
endfacet
facet normal -1.9094073279461995e-15 -0.9999999999999999 -4.537175696009478e-15
  outer loop
    vertex 298.893178169779 -483.49999999999625 10.750000000000226
    vertex 297.83508625289636 -483.49999999999625 34.25691857306143
    vertex 291.2421623952844 -483.49999999999625 25.664852920611708
  endloop
endfacet
facet normal -1.9094073279461995e-15 -0.9999999999999999 -4.537175696009478e-15
  outer loop
    vertex 298.893178169779 -483.49999999999625 10.750000000000226
    vertex 291.2421623952844 -483.49999999999625 25.664852920611708
    vertex 282.6500967428348 -483.49999999999625 19.07192906300005
  endloop
endfacet
facet normal -1.9094073279461995e-15 -0.9999999999999999 -4.537175696009478e-15
  outer loop
    vertex 298.893178169779 -483.49999999999625 10.750000000000226
    vertex 282.6500967428348 -483.49999999999625 19.07192906300005
    vertex 272.64442437070153 -483.49999999999625 14.927443865800543
  endloop
endfacet
facet normal -1.9094073279461995e-15 -0.9999999999999999 -4.537175696009478e-15
  outer loop
    vertex 298.893178169779 -483.49999999999625 10.750000000000226
    vertex 272.64442437070153 -483.49999999999625 14.927443865800543
    vertex 261.90701531589116 -483.49999999999534 13.51383714611713
  endloop
endfacet
facet normal -1.9094073279461995e-15 -0.9999999999999999 -4.537175696009478e-15
  outer loop
    vertex 298.893178169779 -483.49999999999625 10.750000000000226
    vertex 261.90701531589116 -483.49999999999534 13.51383714611713
    vertex 171.8376152274277 -483.49999999999534 13.513837146117115
  endloop
endfacet
facet normal -1.9094073279461995e-15 -0.9999999999999999 -4.537175696009478e-15
  outer loop
    vertex 301.9795714500954 -483.49999999999625 44.26259094519468
    vertex 304.89317816977876 -483.49999999999653 55.00000000000563
    vertex 303.39317816977854 -483.49999999999625 55.00000000000563
  endloop
endfacet
facet normal 0.44724890776985454 0.034248114386101654 0.8937535908513423
  outer loop
    vertex 208.81923508912556 -431.31782458888097 6.516331722663441
    vertex 207.60393071262914 -427.6294774899516 6.983154598596291
    vertex 206.6055596404475 -430.0397584726883 7.575116360536524
  endloop
endfacet
facet normal 0.44724890776985454 0.034248114386101654 0.8937535908513423
  outer loop
    vertex 207.60393071262914 -427.6294774899516 6.983154598596291
    vertex 208.81923508912556 -431.31782458888097 6.516331722663441
    vertex 209.26189177171375 -427.6294774899516 6.153483780608427
  endloop
endfacet
facet normal 0.08013313205008588 -0.9912985102900173 0.10443153089290556
  outer loop
    vertex 155.59539109123602 -440.97151056569226 26.867642568199418
    vertex 147.2202134636983 -441.27823655203883 30.382598236275538
    vertex 154.4304835051011 -441.27823655203883 24.849963442890942
  endloop
endfacet
facet normal 0.08013313205008588 -0.9912985102900173 0.10443153089290556
  outer loop
    vertex 147.2202134636983 -441.27823655203883 30.382598236275538
    vertex 155.59539109123602 -440.97151056569226 26.867642568199418
    vertex 148.86764157092173 -440.97151056569226 32.030026343499166
  endloop
endfacet
facet normal 0.6111333983591826 -0.05928772269487857 0.7893040829411767
  outer loop
    vertex 207.60393071262914 -427.6294774899516 6.983154598596291
    vertex 206.9192431838939 -427.6294774899516 7.5132866798736195
    vertex 206.6055596404475 -430.0397584726883 7.575116360536524
  endloop
endfacet
facet normal 0.9999999999999999 0.0 0.0
  outer loop
    vertex 304.89317816977876 -439.69999999999584 5.000000000000182
    vertex 304.89317816977876 -483.49999999999653 55.00000000000563
    vertex 304.89317816977876 -483.49999999999653 5.000000000000182
  endloop
endfacet
facet normal 0.9999999999999999 0.0 0.0
  outer loop
    vertex 304.89317816977876 -483.49999999999653 55.00000000000563
    vertex 304.89317816977876 -439.69999999999584 5.000000000000182
    vertex 304.89317816977876 -439.69999999999584 55.00000000000563
  endloop
endfacet
facet normal -7.910331892492382e-16 -2.9233835472000857e-15 -0.9999999999999999
  outer loop
    vertex 139.33381428333664 -457.4965903975524 5.0000000000002
    vertex 139.10145237354152 -473.4999999999956 5.000000000000182
    vertex 138.85145237354186 -457.296789552543 5.0000000000002
  endloop
endfacet
facet normal -7.910331892492382e-16 -2.9233835472000857e-15 -0.9999999999999999
  outer loop
    vertex 139.10145237354152 -473.4999999999956 5.000000000000182
    vertex 139.33381428333664 -457.4965903975524 5.0000000000002
    vertex 139.12700800382385 -473.30588571616926 5.000000000000182
  endloop
endfacet
facet normal -7.910331892492382e-16 -2.9233835472000857e-15 -0.9999999999999999
  outer loop
    vertex 139.12700800382385 -473.30588571616926 5.000000000000182
    vertex 139.33381428333664 -457.4965903975524 5.0000000000002
    vertex 139.20193332070212 -473.1249999999962 5.000000000000182
  endloop
endfacet
facet normal -7.910331892492382e-16 -2.9233835472000857e-15 -0.9999999999999999
  outer loop
    vertex 139.20193332070212 -473.1249999999962 5.000000000000182
    vertex 139.33381428333664 -457.4965903975524 5.0000000000002
    vertex 139.32112228765166 -472.9696699141051 5.0000000000002
  endloop
endfacet
facet normal -7.910331892492382e-16 -2.9233835472000857e-15 -0.9999999999999999
  outer loop
    vertex 139.32112228765166 -472.9696699141051 5.0000000000002
    vertex 139.33381428333664 -457.4965903975524 5.0000000000002
    vertex 139.47645237354158 -472.850480947157 5.0000000000002
  endloop
endfacet
facet normal -7.910331892492382e-16 -2.9233835472000857e-15 -0.9999999999999999
  outer loop
    vertex 139.47645237354158 -472.850480947157 5.0000000000002
    vertex 139.33381428333664 -457.4965903975524 5.0000000000002
    vertex 139.85145237354223 -457.5647387449739 5.000000000000182
  endloop
endfacet
facet normal -7.910331892492382e-16 -2.9233835472000857e-15 -0.9999999999999999
  outer loop
    vertex 139.47645237354158 -472.850480947157 5.0000000000002
    vertex 139.85145237354223 -457.5647387449739 5.000000000000182
    vertex 139.6573380897144 -472.7755556302787 5.0000000000002
  endloop
endfacet
facet normal -7.910331892492382e-16 -2.9233835472000857e-15 -0.9999999999999999
  outer loop
    vertex 139.6573380897144 -472.7755556302787 5.0000000000002
    vertex 139.85145237354223 -457.5647387449739 5.000000000000182
    vertex 139.85145237354106 -472.7499999999955 5.0000000000002
  endloop
endfacet
facet normal -7.910331892492382e-16 -2.9233835472000857e-15 -0.9999999999999999
  outer loop
    vertex 139.85145237354106 -472.7499999999955 5.0000000000002
    vertex 139.85145237354223 -457.5647387449739 5.000000000000182
    vertex 140.04556665736828 -472.775555630279 5.0000000000002
  endloop
endfacet
facet normal -7.910331892492382e-16 -2.9233835472000857e-15 -0.9999999999999999
  outer loop
    vertex 140.04556665736828 -472.775555630279 5.0000000000002
    vertex 139.85145237354223 -457.5647387449739 5.000000000000182
    vertex 140.3690904637472 -457.4965903975524 5.000000000000182
  endloop
endfacet
facet normal -7.910331892492382e-16 -2.9233835472000857e-15 -0.9999999999999999
  outer loop
    vertex 140.04556665736828 -472.775555630279 5.0000000000002
    vertex 140.3690904637472 -457.4965903975524 5.000000000000182
    vertex 140.2264523735423 -472.8504809471579 5.000000000000182
  endloop
endfacet
facet normal -7.910331892492382e-16 -2.9233835472000857e-15 -0.9999999999999999
  outer loop
    vertex 140.2264523735423 -472.8504809471579 5.000000000000182
    vertex 140.3690904637472 -457.4965903975524 5.000000000000182
    vertex 140.3817824594322 -472.9696699141062 5.000000000000182
  endloop
endfacet
facet normal -7.910331892492382e-16 -2.9233835472000857e-15 -0.9999999999999999
  outer loop
    vertex 140.3817824594322 -472.9696699141062 5.000000000000182
    vertex 140.3690904637472 -457.4965903975524 5.000000000000182
    vertex 140.8514523735414 -457.29678955254246 5.0000000000002
  endloop
endfacet
facet normal -7.910331892492382e-16 -2.9233835472000857e-15 -0.9999999999999999
  outer loop
    vertex 140.3817824594322 -472.9696699141062 5.000000000000182
    vertex 140.8514523735414 -457.29678955254246 5.0000000000002
    vertex 140.5009714263794 -473.1249999999964 5.000000000000182
  endloop
endfacet
facet normal -7.910331892492382e-16 -2.9233835472000857e-15 -0.9999999999999999
  outer loop
    vertex 140.5009714263794 -473.1249999999964 5.000000000000182
    vertex 140.8514523735414 -457.29678955254246 5.0000000000002
    vertex 140.5758967432577 -473.305885716169 5.000000000000182
  endloop
endfacet
facet normal -7.910331892492382e-16 -2.9233835472000857e-15 -0.9999999999999999
  outer loop
    vertex 140.5758967432577 -473.305885716169 5.000000000000182
    vertex 140.8514523735414 -457.29678955254246 5.0000000000002
    vertex 140.60145237354118 -473.4999999999959 5.000000000000182
  endloop
endfacet
facet normal -7.910331892492382e-16 -2.9233835472000857e-15 -0.9999999999999999
  outer loop
    vertex 128.85145237354126 -439.6999999999952 5.000000000000182
    vertex 129.8514523734508 -461.32551480348735 4.999999999999483
    vertex 128.8514523734508 -461.32551480348735 5.000000000000205
  endloop
endfacet
facet normal -7.910331892492382e-16 -2.9233835472000857e-15 -0.9999999999999999
  outer loop
    vertex 129.8514523734508 -461.32551480348735 4.999999999999483
    vertex 128.85145237354126 -439.6999999999952 5.000000000000182
    vertex 139.20193332070212 -447.2544774899522 5.000000000000182
  endloop
endfacet
facet normal -7.910331892492382e-16 -2.9233835472000857e-15 -0.9999999999999999
  outer loop
    vertex 139.20193332070212 -447.2544774899522 5.000000000000182
    vertex 128.85145237354126 -439.6999999999952 5.000000000000182
    vertex 139.32112228765166 -447.0991474040618 5.0000000000002
  endloop
endfacet
facet normal -7.910331892492382e-16 -2.9233835472000857e-15 -0.9999999999999999
  outer loop
    vertex 139.32112228765166 -447.0991474040618 5.0000000000002
    vertex 128.85145237354126 -439.6999999999952 5.000000000000182
    vertex 139.47645237354158 -446.9799584371137 5.0000000000002
  endloop
endfacet
facet normal -7.910331892492382e-16 -2.9233835472000857e-15 -0.9999999999999999
  outer loop
    vertex 139.47645237354158 -446.9799584371137 5.0000000000002
    vertex 128.85145237354126 -439.6999999999952 5.000000000000182
    vertex 139.65733808971385 -446.9050331202346 5.000000000000182
  endloop
endfacet
facet normal -7.910331892492382e-16 -2.9233835472000857e-15 -0.9999999999999999
  outer loop
    vertex 139.65733808971385 -446.9050331202346 5.000000000000182
    vertex 128.85145237354126 -439.6999999999952 5.000000000000182
    vertex 176.37231527165707 -439.69999999999555 5.000000000000182
  endloop
endfacet
facet normal -7.910331892492382e-16 -2.9233835472000857e-15 -0.9999999999999999
  outer loop
    vertex 129.8514523734508 -461.32551480348735 4.999999999999483
    vertex 139.20193332070212 -447.2544774899522 5.000000000000182
    vertex 139.12700800382385 -447.4353632061251 5.000000000000182
  endloop
endfacet
facet normal -7.910331892492382e-16 -2.9233835472000857e-15 -0.9999999999999999
  outer loop
    vertex 129.8514523734508 -461.32551480348735 4.999999999999483
    vertex 139.12700800382385 -447.4353632061251 5.000000000000182
    vertex 137.9196007209628 -455.0471006547685 5.000000000000182
  endloop
endfacet
facet normal -7.910331892492382e-16 -2.9233835472000857e-15 -0.9999999999999999
  outer loop
    vertex 129.8514523734508 -461.32551480348735 4.999999999999483
    vertex 137.9196007209628 -455.0471006547685 5.000000000000182
    vertex 137.85145237354095 -455.5647387449735 5.000000000000182
  endloop
endfacet
facet normal -7.910331892492382e-16 -2.9233835472000857e-15 -0.9999999999999999
  outer loop
    vertex 137.9196007209628 -455.0471006547685 5.000000000000182
    vertex 139.12700800382385 -447.4353632061251 5.000000000000182
    vertex 138.11940156597214 -454.56473874497345 5.000000000000182
  endloop
endfacet
facet normal -7.910331892492382e-16 -2.9233835472000857e-15 -0.9999999999999999
  outer loop
    vertex 138.11940156597214 -454.56473874497345 5.000000000000182
    vertex 139.12700800382385 -447.4353632061251 5.000000000000182
    vertex 139.10145237354095 -447.6294774899518 5.000000000000182
  endloop
endfacet
facet normal -7.910331892492382e-16 -2.9233835472000857e-15 -0.9999999999999999
  outer loop
    vertex 138.11940156597214 -454.56473874497345 5.000000000000182
    vertex 139.10145237354095 -447.6294774899518 5.000000000000182
    vertex 138.4372388111678 -454.15052518259995 5.000000000000217
  endloop
endfacet
facet normal -7.910331892492382e-16 -2.9233835472000857e-15 -0.9999999999999999
  outer loop
    vertex 138.4372388111678 -454.15052518259995 5.000000000000217
    vertex 139.10145237354095 -447.6294774899518 5.000000000000182
    vertex 138.85145237354072 -453.8326879374043 5.000000000000163
  endloop
endfacet
facet normal -7.910331892492382e-16 -2.9233835472000857e-15 -0.9999999999999999
  outer loop
    vertex 139.65733808971385 -446.9050331202346 5.000000000000182
    vertex 176.37231527165707 -439.69999999999555 5.000000000000182
    vertex 139.85145237354106 -446.87947748995157 5.000000000000182
  endloop
endfacet
facet normal -7.910331892492382e-16 -2.9233835472000857e-15 -0.9999999999999999
  outer loop
    vertex 139.85145237354106 -446.87947748995157 5.000000000000182
    vertex 176.37231527165707 -439.69999999999555 5.000000000000182
    vertex 140.04556665736828 -446.9050331202348 5.000000000000182
  endloop
endfacet
facet normal -7.910331892492382e-16 -2.9233835472000857e-15 -0.9999999999999999
  outer loop
    vertex 140.04556665736828 -446.9050331202348 5.000000000000182
    vertex 176.37231527165707 -439.69999999999555 5.000000000000182
    vertex 140.2264523735417 -446.9799584371137 5.000000000000182
  endloop
endfacet
facet normal -7.910331892492382e-16 -2.9233835472000857e-15 -0.9999999999999999
  outer loop
    vertex 140.2264523735417 -446.9799584371137 5.000000000000182
    vertex 176.37231527165707 -439.69999999999555 5.000000000000182
    vertex 140.38178245943104 -447.0991474040623 5.0000000000002
  endloop
endfacet
facet normal -7.910331892492382e-16 -2.9233835472000857e-15 -0.9999999999999999
  outer loop
    vertex 140.38178245943104 -447.0991474040623 5.0000000000002
    vertex 176.37231527165707 -439.69999999999555 5.000000000000182
    vertex 140.5009714263794 -447.2544774899522 5.0000000000002
  endloop
endfacet
facet normal -7.910331892492382e-16 -2.9233835472000857e-15 -0.9999999999999999
  outer loop
    vertex 140.5009714263794 -447.2544774899522 5.0000000000002
    vertex 176.37231527165707 -439.69999999999555 5.000000000000182
    vertex 140.5758967432577 -447.4353632061251 5.000000000000182
  endloop
endfacet
facet normal -7.910331892492382e-16 -2.9233835472000857e-15 -0.9999999999999999
  outer loop
    vertex 140.5758967432577 -447.4353632061251 5.000000000000182
    vertex 176.37231527165707 -439.69999999999555 5.000000000000182
    vertex 140.60145237354118 -447.629477489952 5.000000000000182
  endloop
endfacet
facet normal -7.910331892492382e-16 -2.9233835472000857e-15 -0.9999999999999999
  outer loop
    vertex 140.60145237354118 -447.629477489952 5.000000000000182
    vertex 176.37231527165707 -439.69999999999555 5.000000000000182
    vertex 140.851452373542 -453.8326879374052 5.000000000000182
  endloop
endfacet
facet normal -7.910331892492382e-16 -2.9233835472000857e-15 -0.9999999999999999
  outer loop
    vertex 140.851452373542 -453.8326879374052 5.000000000000182
    vertex 176.37231527165707 -439.69999999999555 5.000000000000182
    vertex 141.26566593591548 -454.1505251826006 5.000000000000182
  endloop
endfacet
facet normal -7.910331892492382e-16 -2.9233835472000857e-15 -0.9999999999999999
  outer loop
    vertex 141.26566593591548 -454.1505251826006 5.000000000000182
    vertex 176.37231527165707 -439.69999999999555 5.000000000000182
    vertex 141.58350318111056 -454.56473874497397 5.000000000000182
  endloop
endfacet
facet normal -7.910331892492382e-16 -2.9233835472000857e-15 -0.9999999999999999
  outer loop
    vertex 141.58350318111056 -454.56473874497397 5.000000000000182
    vertex 176.37231527165707 -439.69999999999555 5.000000000000182
    vertex 141.7833040261193 -455.04710065476905 5.000000000000182
  endloop
endfacet
facet normal -7.910331892492382e-16 -2.9233835472000857e-15 -0.9999999999999999
  outer loop
    vertex 141.7833040261193 -455.04710065476905 5.000000000000182
    vertex 176.37231527165707 -439.69999999999555 5.000000000000182
    vertex 141.85145237354118 -455.5647387449735 5.000000000000182
  endloop
endfacet
facet normal -7.910331892492382e-16 -2.9233835472000857e-15 -0.9999999999999999
  outer loop
    vertex 139.10145237354095 -447.6294774899518 5.000000000000182
    vertex 139.33381428333607 -453.6328870923952 5.000000000000163
    vertex 138.85145237354072 -453.8326879374043 5.000000000000163
  endloop
endfacet
facet normal -7.910331892492382e-16 -2.9233835472000857e-15 -0.9999999999999999
  outer loop
    vertex 139.33381428333607 -453.6328870923952 5.000000000000163
    vertex 139.10145237354095 -447.6294774899518 5.000000000000182
    vertex 139.12700800382444 -447.82359177377896 5.000000000000182
  endloop
endfacet
facet normal -7.910331892492382e-16 -2.9233835472000857e-15 -0.9999999999999999
  outer loop
    vertex 139.33381428333607 -453.6328870923952 5.000000000000163
    vertex 139.12700800382444 -447.82359177377896 5.000000000000182
    vertex 139.2019333207033 -448.0044774899518 5.0000000000002
  endloop
endfacet
facet normal -7.910331892492382e-16 -2.9233835472000857e-15 -0.9999999999999999
  outer loop
    vertex 139.33381428333607 -453.6328870923952 5.000000000000163
    vertex 139.2019333207033 -448.0044774899518 5.0000000000002
    vertex 139.32112228765166 -448.1598075758417 5.000000000000182
  endloop
endfacet
facet normal -7.910331892492382e-16 -2.9233835472000857e-15 -0.9999999999999999
  outer loop
    vertex 139.33381428333607 -453.6328870923952 5.000000000000163
    vertex 139.32112228765166 -448.1598075758417 5.000000000000182
    vertex 139.47645237354158 -448.2789965427901 5.000000000000182
  endloop
endfacet
facet normal -7.910331892492382e-16 -2.9233835472000857e-15 -0.9999999999999999
  outer loop
    vertex 139.33381428333607 -453.6328870923952 5.000000000000163
    vertex 139.47645237354158 -448.2789965427901 5.000000000000182
    vertex 139.85145237354106 -453.5647387449734 5.0000000000002
  endloop
endfacet
facet normal -7.910331892492382e-16 -2.9233835472000857e-15 -0.9999999999999999
  outer loop
    vertex 139.85145237354106 -453.5647387449734 5.0000000000002
    vertex 139.47645237354158 -448.2789965427901 5.000000000000182
    vertex 139.65733808971498 -448.3539218596686 5.000000000000182
  endloop
endfacet
facet normal -7.910331892492382e-16 -2.9233835472000857e-15 -0.9999999999999999
  outer loop
    vertex 139.85145237354106 -453.5647387449734 5.0000000000002
    vertex 139.65733808971498 -448.3539218596686 5.000000000000182
    vertex 139.85145237354106 -448.37947748995185 5.000000000000182
  endloop
endfacet
facet normal -7.910331892492382e-16 -2.9233835472000857e-15 -0.9999999999999999
  outer loop
    vertex 139.85145237354106 -453.5647387449734 5.0000000000002
    vertex 139.85145237354106 -448.37947748995185 5.000000000000182
    vertex 140.04556665736828 -448.35392185966805 5.000000000000182
  endloop
endfacet
facet normal -7.910331892492382e-16 -2.9233835472000857e-15 -0.9999999999999999
  outer loop
    vertex 139.85145237354106 -453.5647387449734 5.0000000000002
    vertex 140.04556665736828 -448.35392185966805 5.000000000000182
    vertex 140.36909046374663 -453.6328870923952 5.0000000000002
  endloop
endfacet
facet normal -7.910331892492382e-16 -2.9233835472000857e-15 -0.9999999999999999
  outer loop
    vertex 140.36909046374663 -453.6328870923952 5.0000000000002
    vertex 140.04556665736828 -448.35392185966805 5.000000000000182
    vertex 140.22645237354112 -448.2789965427898 5.0000000000002
  endloop
endfacet
facet normal -7.910331892492382e-16 -2.9233835472000857e-15 -0.9999999999999999
  outer loop
    vertex 140.36909046374663 -453.6328870923952 5.0000000000002
    vertex 140.22645237354112 -448.2789965427898 5.0000000000002
    vertex 140.3817824594316 -448.15980757584083 5.0000000000002
  endloop
endfacet
facet normal -7.910331892492382e-16 -2.9233835472000857e-15 -0.9999999999999999
  outer loop
    vertex 140.36909046374663 -453.6328870923952 5.0000000000002
    vertex 140.3817824594316 -448.15980757584083 5.0000000000002
    vertex 140.851452373542 -453.8326879374052 5.000000000000182
  endloop
endfacet
facet normal -7.910331892492382e-16 -2.9233835472000857e-15 -0.9999999999999999
  outer loop
    vertex 140.851452373542 -453.8326879374052 5.000000000000182
    vertex 140.3817824594316 -448.15980757584083 5.0000000000002
    vertex 140.5009714263794 -448.00447748995265 5.000000000000182
  endloop
endfacet
facet normal -7.910331892492382e-16 -2.9233835472000857e-15 -0.9999999999999999
  outer loop
    vertex 140.851452373542 -453.8326879374052 5.000000000000182
    vertex 140.5009714263794 -448.00447748995265 5.000000000000182
    vertex 140.5758967432577 -447.82359177377896 5.000000000000182
  endloop
endfacet
facet normal -7.910331892492382e-16 -2.9233835472000857e-15 -0.9999999999999999
  outer loop
    vertex 140.851452373542 -453.8326879374052 5.000000000000182
    vertex 140.5758967432577 -447.82359177377896 5.000000000000182
    vertex 140.60145237354118 -447.629477489952 5.000000000000182
  endloop
endfacet
facet normal -7.910331892492382e-16 -2.9233835472000857e-15 -0.9999999999999999
  outer loop
    vertex 293.37554007956936 -457.49659039755204 5.0000000000002
    vertex 293.1431781697742 -473.4999999999959 5.0000000000002
    vertex 292.8931781697751 -457.29678955254326 5.0000000000002
  endloop
endfacet
facet normal -7.910331892492382e-16 -2.9233835472000857e-15 -0.9999999999999999
  outer loop
    vertex 293.1431781697742 -473.4999999999959 5.0000000000002
    vertex 293.37554007956936 -457.49659039755204 5.0000000000002
    vertex 293.16873380005717 -473.305885716169 5.0000000000002
  endloop
endfacet
facet normal -7.910331892492382e-16 -2.9233835472000857e-15 -0.9999999999999999
  outer loop
    vertex 293.16873380005717 -473.305885716169 5.0000000000002
    vertex 293.37554007956936 -457.49659039755204 5.0000000000002
    vertex 293.24365911693485 -473.12499999999557 5.0000000000002
  endloop
endfacet
facet normal -7.910331892492382e-16 -2.9233835472000857e-15 -0.9999999999999999
  outer loop
    vertex 293.24365911693485 -473.12499999999557 5.0000000000002
    vertex 293.37554007956936 -457.49659039755204 5.0000000000002
    vertex 293.3628480838832 -472.9696699141056 5.0000000000002
  endloop
endfacet
facet normal -7.910331892492382e-16 -2.9233835472000857e-15 -0.9999999999999999
  outer loop
    vertex 293.3628480838832 -472.9696699141056 5.0000000000002
    vertex 293.37554007956936 -457.49659039755204 5.0000000000002
    vertex 293.5181781697743 -472.8504809471567 5.0000000000002
  endloop
endfacet
facet normal -7.910331892492382e-16 -2.9233835472000857e-15 -0.9999999999999999
  outer loop
    vertex 293.5181781697743 -472.8504809471567 5.0000000000002
    vertex 293.37554007956936 -457.49659039755204 5.0000000000002
    vertex 293.8931781697749 -457.5647387449739 5.0000000000002
  endloop
endfacet
facet normal -7.910331892492382e-16 -2.9233835472000857e-15 -0.9999999999999999
  outer loop
    vertex 293.5181781697743 -472.8504809471567 5.0000000000002
    vertex 293.8931781697749 -457.5647387449739 5.0000000000002
    vertex 293.6990638859483 -472.7755556302782 5.0000000000002
  endloop
endfacet
facet normal -7.910331892492382e-16 -2.9233835472000857e-15 -0.9999999999999999
  outer loop
    vertex 293.6990638859483 -472.7755556302782 5.0000000000002
    vertex 293.8931781697749 -457.5647387449739 5.0000000000002
    vertex 293.8931781697755 -472.7499999999958 5.0000000000002
  endloop
endfacet
facet normal -7.910331892492382e-16 -2.9233835472000857e-15 -0.9999999999999999
  outer loop
    vertex 293.8931781697755 -472.7499999999958 5.0000000000002
    vertex 293.8931781697749 -457.5647387449739 5.0000000000002
    vertex 294.4108162599788 -457.49659039755176 5.0000000000002
  endloop
endfacet
facet normal -7.910331892492382e-16 -2.9233835472000857e-15 -0.9999999999999999
  outer loop
    vertex 293.8931781697755 -472.7499999999958 5.0000000000002
    vertex 294.4108162599788 -457.49659039755176 5.0000000000002
    vertex 294.0872924536016 -472.7755556302787 5.0000000000002
  endloop
endfacet
facet normal -7.910331892492382e-16 -2.9233835472000857e-15 -0.9999999999999999
  outer loop
    vertex 294.0872924536016 -472.7755556302787 5.0000000000002
    vertex 294.4108162599788 -457.49659039755176 5.0000000000002
    vertex 294.2681781697755 -472.8504809471575 5.0000000000002
  endloop
endfacet
facet normal -7.910331892492382e-16 -2.9233835472000857e-15 -0.9999999999999999
  outer loop
    vertex 294.2681781697755 -472.8504809471575 5.0000000000002
    vertex 294.4108162599788 -457.49659039755176 5.0000000000002
    vertex 294.4235082556649 -472.9696699141062 5.000000000000217
  endloop
endfacet
facet normal -7.910331892492382e-16 -2.9233835472000857e-15 -0.9999999999999999
  outer loop
    vertex 294.4235082556649 -472.9696699141062 5.000000000000217
    vertex 294.4108162599788 -457.49659039755176 5.0000000000002
    vertex 294.8931781697753 -457.29678955254127 5.000000000000182
  endloop
endfacet
facet normal -7.910331892492382e-16 -2.9233835472000857e-15 -0.9999999999999999
  outer loop
    vertex 294.4235082556649 -472.9696699141062 5.000000000000217
    vertex 294.8931781697753 -457.29678955254127 5.000000000000182
    vertex 294.5426972226121 -473.1249999999958 5.0000000000002
  endloop
endfacet
facet normal -7.910331892492382e-16 -2.9233835472000857e-15 -0.9999999999999999
  outer loop
    vertex 294.5426972226121 -473.1249999999958 5.0000000000002
    vertex 294.8931781697753 -457.29678955254127 5.000000000000182
    vertex 294.6176225394904 -473.305885716169 5.0000000000002
  endloop
endfacet
facet normal -7.910331892492382e-16 -2.9233835472000857e-15 -0.9999999999999999
  outer loop
    vertex 294.6176225394904 -473.305885716169 5.0000000000002
    vertex 294.8931781697753 -457.29678955254127 5.000000000000182
    vertex 294.6431781697733 -473.4999999999959 5.0000000000002
  endloop
endfacet
facet normal -7.910331892492382e-16 -2.9233835472000857e-15 -0.9999999999999999
  outer loop
    vertex 257.37231527166176 -439.69999999999584 5.000000000000182
    vertex 291.96132651719495 -455.04710065476826 5.000000000000182
    vertex 291.8931781697742 -455.5647387449735 5.000000000000217
  endloop
endfacet
facet normal -7.910331892492382e-16 -2.9233835472000857e-15 -0.9999999999999999
  outer loop
    vertex 291.96132651719495 -455.04710065476826 5.000000000000182
    vertex 257.37231527166176 -439.69999999999584 5.000000000000182
    vertex 293.1687338000566 -447.4353632061251 5.0000000000002
  endloop
endfacet
facet normal -7.910331892492382e-16 -2.9233835472000857e-15 -0.9999999999999999
  outer loop
    vertex 293.1687338000566 -447.4353632061251 5.0000000000002
    vertex 257.37231527166176 -439.69999999999584 5.000000000000182
    vertex 293.2436591169355 -447.2544774899522 5.0000000000002
  endloop
endfacet
facet normal -7.910331892492382e-16 -2.9233835472000857e-15 -0.9999999999999999
  outer loop
    vertex 293.2436591169355 -447.2544774899522 5.0000000000002
    vertex 257.37231527166176 -439.69999999999584 5.000000000000182
    vertex 293.3628480838838 -447.0991474040623 5.0000000000002
  endloop
endfacet
facet normal -7.910331892492382e-16 -2.9233835472000857e-15 -0.9999999999999999
  outer loop
    vertex 293.3628480838838 -447.0991474040623 5.0000000000002
    vertex 257.37231527166176 -439.69999999999584 5.000000000000182
    vertex 293.5181781697743 -446.9799584371131 5.0000000000002
  endloop
endfacet
facet normal -7.910331892492382e-16 -2.9233835472000857e-15 -0.9999999999999999
  outer loop
    vertex 293.5181781697743 -446.9799584371131 5.0000000000002
    vertex 257.37231527166176 -439.69999999999584 5.000000000000182
    vertex 304.89317816977876 -439.69999999999584 5.000000000000182
  endloop
endfacet
facet normal -7.910331892492382e-16 -2.9233835472000857e-15 -0.9999999999999999
  outer loop
    vertex 291.96132651719495 -455.04710065476826 5.000000000000182
    vertex 293.1687338000566 -447.4353632061251 5.0000000000002
    vertex 292.1611273622043 -454.56473874497345 5.000000000000182
  endloop
endfacet
facet normal -7.910331892492382e-16 -2.9233835472000857e-15 -0.9999999999999999
  outer loop
    vertex 292.1611273622043 -454.56473874497345 5.000000000000182
    vertex 293.1687338000566 -447.4353632061251 5.0000000000002
    vertex 293.14317816977365 -447.6294774899518 5.0000000000002
  endloop
endfacet
facet normal -7.910331892492382e-16 -2.9233835472000857e-15 -0.9999999999999999
  outer loop
    vertex 292.1611273622043 -454.56473874497345 5.000000000000182
    vertex 293.14317816977365 -447.6294774899518 5.0000000000002
    vertex 292.4789646074017 -454.15052518259967 5.0000000000002
  endloop
endfacet
facet normal -7.910331892492382e-16 -2.9233835472000857e-15 -0.9999999999999999
  outer loop
    vertex 292.4789646074017 -454.15052518259967 5.0000000000002
    vertex 293.14317816977365 -447.6294774899518 5.0000000000002
    vertex 292.8931781697746 -453.832687937404 5.0000000000002
  endloop
endfacet
facet normal -7.910331892492382e-16 -2.9233835472000857e-15 -0.9999999999999999
  outer loop
    vertex 293.5181781697743 -446.9799584371131 5.0000000000002
    vertex 304.89317816977876 -439.69999999999584 5.000000000000182
    vertex 293.69906388594654 -446.9050331202348 5.0000000000002
  endloop
endfacet
facet normal -7.910331892492382e-16 -2.9233835472000857e-15 -0.9999999999999999
  outer loop
    vertex 293.69906388594654 -446.9050331202348 5.0000000000002
    vertex 304.89317816977876 -439.69999999999584 5.000000000000182
    vertex 293.89317816977376 -446.87947748995157 5.0000000000002
  endloop
endfacet
facet normal -7.910331892492382e-16 -2.9233835472000857e-15 -0.9999999999999999
  outer loop
    vertex 293.89317816977376 -446.87947748995157 5.0000000000002
    vertex 304.89317816977876 -439.69999999999584 5.000000000000182
    vertex 294.087292453601 -446.9050331202351 5.0000000000002
  endloop
endfacet
facet normal -7.910331892492382e-16 -2.9233835472000857e-15 -0.9999999999999999
  outer loop
    vertex 294.087292453601 -446.9050331202351 5.0000000000002
    vertex 304.89317816977876 -439.69999999999584 5.000000000000182
    vertex 294.2681781697738 -446.9799584371134 5.0000000000002
  endloop
endfacet
facet normal -7.910331892492382e-16 -2.9233835472000857e-15 -0.9999999999999999
  outer loop
    vertex 294.2681781697738 -446.9799584371134 5.0000000000002
    vertex 304.89317816977876 -439.69999999999584 5.000000000000182
    vertex 294.42350825566433 -447.0991474040618 5.000000000000217
  endloop
endfacet
facet normal -7.910331892492382e-16 -2.9233835472000857e-15 -0.9999999999999999
  outer loop
    vertex 294.42350825566433 -447.0991474040618 5.000000000000217
    vertex 304.89317816977876 -439.69999999999584 5.000000000000182
    vertex 294.5426972226121 -447.2544774899522 5.0000000000002
  endloop
endfacet
facet normal -7.910331892492382e-16 -2.9233835472000857e-15 -0.9999999999999999
  outer loop
    vertex 294.5426972226121 -447.2544774899522 5.0000000000002
    vertex 304.89317816977876 -439.69999999999584 5.000000000000182
    vertex 294.6176225394904 -447.4353632061251 5.0000000000002
  endloop
endfacet
facet normal -7.910331892492382e-16 -2.9233835472000857e-15 -0.9999999999999999
  outer loop
    vertex 294.6176225394904 -447.4353632061251 5.0000000000002
    vertex 304.89317816977876 -439.69999999999584 5.000000000000182
    vertex 294.64317816977444 -447.629477489952 5.0000000000002
  endloop
endfacet
facet normal -7.910331892492382e-16 -2.9233835472000857e-15 -0.9999999999999999
  outer loop
    vertex 294.64317816977444 -447.629477489952 5.0000000000002
    vertex 304.89317816977876 -439.69999999999584 5.000000000000182
    vertex 294.89317816977353 -453.8326879374046 5.000000000000182
  endloop
endfacet
facet normal -7.910331892492382e-16 -2.9233835472000857e-15 -0.9999999999999999
  outer loop
    vertex 294.89317816977353 -453.8326879374046 5.000000000000182
    vertex 304.89317816977876 -439.69999999999584 5.000000000000182
    vertex 295.30739173214704 -454.15052518260023 5.000000000000182
  endloop
endfacet
facet normal -7.910331892492382e-16 -2.9233835472000857e-15 -0.9999999999999999
  outer loop
    vertex 295.30739173214704 -454.15052518260023 5.000000000000182
    vertex 304.89317816977876 -439.69999999999584 5.000000000000182
    vertex 295.6252289773427 -454.56473874497345 5.000000000000217
  endloop
endfacet
facet normal -7.910331892492382e-16 -2.9233835472000857e-15 -0.9999999999999999
  outer loop
    vertex 295.6252289773427 -454.56473874497345 5.000000000000217
    vertex 304.89317816977876 -439.69999999999584 5.000000000000182
    vertex 295.82502982235206 -455.04710065476877 5.0000000000002
  endloop
endfacet
facet normal -7.910331892492382e-16 -2.9233835472000857e-15 -0.9999999999999999
  outer loop
    vertex 295.82502982235206 -455.04710065476877 5.0000000000002
    vertex 304.89317816977876 -439.69999999999584 5.000000000000182
    vertex 295.89317816977444 -455.5647387449732 5.0000000000002
  endloop
endfacet
facet normal -7.910331892492382e-16 -2.9233835472000857e-15 -0.9999999999999999
  outer loop
    vertex 129.8514523734508 -472.67448519652993 4.999999999999483
    vertex 128.85145237354126 -483.4999999999956 5.000000000000182
    vertex 128.85145237345083 -472.67448519652993 5.000000000000848
  endloop
endfacet
facet normal -7.910331892492382e-16 -2.9233835472000857e-15 -0.9999999999999999
  outer loop
    vertex 128.85145237354126 -483.4999999999956 5.000000000000182
    vertex 129.8514523734508 -472.67448519652993 4.999999999999483
    vertex 139.65733808971555 -474.22444436971256 5.000000000000182
  endloop
endfacet
facet normal -7.910331892492382e-16 -2.9233835472000857e-15 -0.9999999999999999
  outer loop
    vertex 128.85145237354126 -483.4999999999956 5.000000000000182
    vertex 139.65733808971555 -474.22444436971256 5.000000000000182
    vertex 139.85145237354106 -474.24999999999545 5.0000000000002
  endloop
endfacet
facet normal -7.910331892492382e-16 -2.9233835472000857e-15 -0.9999999999999999
  outer loop
    vertex 128.85145237354126 -483.4999999999956 5.000000000000182
    vertex 139.85145237354106 -474.24999999999545 5.0000000000002
    vertex 304.89317816977876 -483.49999999999653 5.000000000000182
  endloop
endfacet
facet normal -7.910331892492382e-16 -2.9233835472000857e-15 -0.9999999999999999
  outer loop
    vertex 139.65733808971555 -474.22444436971256 5.000000000000182
    vertex 129.8514523734508 -472.67448519652993 4.999999999999483
    vertex 139.47645237354214 -474.1495190528339 5.000000000000182
  endloop
endfacet
facet normal -7.910331892492382e-16 -2.9233835472000857e-15 -0.9999999999999999
  outer loop
    vertex 139.47645237354214 -474.1495190528339 5.000000000000182
    vertex 129.8514523734508 -472.67448519652993 4.999999999999483
    vertex 139.32112228765166 -474.0303300858862 5.000000000000182
  endloop
endfacet
facet normal -7.910331892492382e-16 -2.9233835472000857e-15 -0.9999999999999999
  outer loop
    vertex 139.32112228765166 -474.0303300858862 5.000000000000182
    vertex 129.8514523734508 -472.67448519652993 4.999999999999483
    vertex 139.2019333207033 -473.87499999999625 5.000000000000182
  endloop
endfacet
facet normal -7.910331892492382e-16 -2.9233835472000857e-15 -0.9999999999999999
  outer loop
    vertex 139.2019333207033 -473.87499999999625 5.000000000000182
    vertex 129.8514523734508 -472.67448519652993 4.999999999999483
    vertex 129.8514523734508 -461.32551480348735 4.999999999999483
  endloop
endfacet
facet normal -7.910331892492382e-16 -2.9233835472000857e-15 -0.9999999999999999
  outer loop
    vertex 139.2019333207033 -473.87499999999625 5.000000000000182
    vertex 129.8514523734508 -461.32551480348735 4.999999999999483
    vertex 139.12700800382444 -473.6941142838231 5.000000000000182
  endloop
endfacet
facet normal -7.910331892492382e-16 -2.9233835472000857e-15 -0.9999999999999999
  outer loop
    vertex 139.12700800382444 -473.6941142838231 5.000000000000182
    vertex 129.8514523734508 -461.32551480348735 4.999999999999483
    vertex 139.10145237354152 -473.4999999999956 5.000000000000182
  endloop
endfacet
facet normal -7.910331892492382e-16 -2.9233835472000857e-15 -0.9999999999999999
  outer loop
    vertex 139.10145237354152 -473.4999999999956 5.000000000000182
    vertex 129.8514523734508 -461.32551480348735 4.999999999999483
    vertex 137.85145237354095 -455.5647387449735 5.000000000000182
  endloop
endfacet
facet normal -7.910331892492382e-16 -2.9233835472000857e-15 -0.9999999999999999
  outer loop
    vertex 139.10145237354152 -473.4999999999956 5.000000000000182
    vertex 137.85145237354095 -455.5647387449735 5.000000000000182
    vertex 137.9196007209628 -456.0823768351788 5.000000000000182
  endloop
endfacet
facet normal -7.910331892492382e-16 -2.9233835472000857e-15 -0.9999999999999999
  outer loop
    vertex 139.10145237354152 -473.4999999999956 5.000000000000182
    vertex 137.9196007209628 -456.0823768351788 5.000000000000182
    vertex 138.11940156597214 -456.5647387449735 5.000000000000163
  endloop
endfacet
facet normal -7.910331892492382e-16 -2.9233835472000857e-15 -0.9999999999999999
  outer loop
    vertex 139.10145237354152 -473.4999999999956 5.000000000000182
    vertex 138.11940156597214 -456.5647387449735 5.000000000000163
    vertex 138.4372388111678 -456.9789523073473 5.000000000000182
  endloop
endfacet
facet normal -7.910331892492382e-16 -2.9233835472000857e-15 -0.9999999999999999
  outer loop
    vertex 139.10145237354152 -473.4999999999956 5.000000000000182
    vertex 138.4372388111678 -456.9789523073473 5.000000000000182
    vertex 138.85145237354186 -457.296789552543 5.0000000000002
  endloop
endfacet
facet normal -7.910331892492382e-16 -2.9233835472000857e-15 -0.9999999999999999
  outer loop
    vertex 304.89317816977876 -483.49999999999653 5.000000000000182
    vertex 139.85145237354106 -474.24999999999545 5.0000000000002
    vertex 140.04556665736828 -474.22444436971165 5.0000000000002
  endloop
endfacet
facet normal -7.910331892492382e-16 -2.9233835472000857e-15 -0.9999999999999999
  outer loop
    vertex 304.89317816977876 -483.49999999999653 5.000000000000182
    vertex 140.04556665736828 -474.22444436971165 5.0000000000002
    vertex 140.2264523735423 -474.1495190528334 5.0000000000002
  endloop
endfacet
facet normal -7.910331892492382e-16 -2.9233835472000857e-15 -0.9999999999999999
  outer loop
    vertex 304.89317816977876 -483.49999999999653 5.000000000000182
    vertex 140.2264523735423 -474.1495190528334 5.0000000000002
    vertex 140.3817824594322 -474.030330085885 5.0000000000002
  endloop
endfacet
facet normal -7.910331892492382e-16 -2.9233835472000857e-15 -0.9999999999999999
  outer loop
    vertex 304.89317816977876 -483.49999999999653 5.000000000000182
    vertex 140.3817824594322 -474.030330085885 5.0000000000002
    vertex 140.5009714263788 -473.87499999999625 5.000000000000182
  endloop
endfacet
facet normal -7.910331892492382e-16 -2.9233835472000857e-15 -0.9999999999999999
  outer loop
    vertex 304.89317816977876 -483.49999999999653 5.000000000000182
    vertex 140.5009714263788 -473.87499999999625 5.000000000000182
    vertex 140.5758967432577 -473.6941142838231 5.000000000000182
  endloop
endfacet
facet normal -7.910331892492382e-16 -2.9233835472000857e-15 -0.9999999999999999
  outer loop
    vertex 304.89317816977876 -483.49999999999653 5.000000000000182
    vertex 140.5758967432577 -473.6941142838231 5.000000000000182
    vertex 140.60145237354118 -473.4999999999959 5.000000000000182
  endloop
endfacet
facet normal -7.910331892492382e-16 -2.9233835472000857e-15 -0.9999999999999999
  outer loop
    vertex 304.89317816977876 -483.49999999999653 5.000000000000182
    vertex 140.60145237354118 -473.4999999999959 5.000000000000182
    vertex 140.8514523735414 -457.29678955254246 5.0000000000002
  endloop
endfacet
facet normal -7.910331892492382e-16 -2.9233835472000857e-15 -0.9999999999999999
  outer loop
    vertex 304.89317816977876 -483.49999999999653 5.000000000000182
    vertex 140.8514523735414 -457.29678955254246 5.0000000000002
    vertex 141.26566593591434 -456.9789523073473 5.0000000000002
  endloop
endfacet
facet normal -7.910331892492382e-16 -2.9233835472000857e-15 -0.9999999999999999
  outer loop
    vertex 304.89317816977876 -483.49999999999653 5.000000000000182
    vertex 141.26566593591434 -456.9789523073473 5.0000000000002
    vertex 141.58350318111 -456.56473874497414 5.0000000000002
  endloop
endfacet
facet normal -7.910331892492382e-16 -2.9233835472000857e-15 -0.9999999999999999
  outer loop
    vertex 304.89317816977876 -483.49999999999653 5.000000000000182
    vertex 141.58350318111 -456.56473874497414 5.0000000000002
    vertex 141.78330402611874 -456.0823768351782 5.000000000000182
  endloop
endfacet
facet normal -7.910331892492382e-16 -2.9233835472000857e-15 -0.9999999999999999
  outer loop
    vertex 304.89317816977876 -483.49999999999653 5.000000000000182
    vertex 141.78330402611874 -456.0823768351782 5.000000000000182
    vertex 141.85145237354118 -455.5647387449735 5.000000000000182
  endloop
endfacet
facet normal -7.910331892492382e-16 -2.9233835472000857e-15 -0.9999999999999999
  outer loop
    vertex 304.89317816977876 -483.49999999999653 5.000000000000182
    vertex 141.85145237354118 -455.5647387449735 5.000000000000182
    vertex 176.37231527165707 -439.69999999999555 5.000000000000182
  endloop
endfacet
facet normal -7.910331892492382e-16 -2.9233835472000857e-15 -0.9999999999999999
  outer loop
    vertex 304.89317816977876 -483.49999999999653 5.000000000000182
    vertex 176.37231527165707 -439.69999999999555 5.000000000000182
    vertex 183.28278377589405 -438.7902195619137 5.000000000000182
  endloop
endfacet
facet normal -7.910331892492382e-16 -2.9233835472000857e-15 -0.9999999999999999
  outer loop
    vertex 304.89317816977876 -483.49999999999653 5.000000000000182
    vertex 183.28278377589405 -438.7902195619137 5.000000000000182
    vertex 189.72231527165667 -436.122878281041 5.000000000000182
  endloop
endfacet
facet normal -7.910331892492382e-16 -2.9233835472000857e-15 -0.9999999999999999
  outer loop
    vertex 304.89317816977876 -483.49999999999653 5.000000000000182
    vertex 189.72231527165667 -436.122878281041 5.000000000000182
    vertex 195.25206632933825 -431.8797510576761 5.000000000000182
  endloop
endfacet
facet normal -7.910331892492382e-16 -2.9233835472000857e-15 -0.9999999999999999
  outer loop
    vertex 304.89317816977876 -483.49999999999653 5.000000000000182
    vertex 195.25206632933825 -431.8797510576761 5.000000000000182
    vertex 198.51341594414723 -427.62947748995134 5.000000000000182
  endloop
endfacet
facet normal -7.910331892492382e-16 -2.9233835472000857e-15 -0.9999999999999999
  outer loop
    vertex 304.89317816977876 -483.49999999999653 5.000000000000182
    vertex 198.51341594414723 -427.62947748995134 5.000000000000182
    vertex 238.49256421398115 -431.8797510576764 5.000000000000182
  endloop
endfacet
facet normal -7.910331892492382e-16 -2.9233835472000857e-15 -0.9999999999999999
  outer loop
    vertex 238.49256421398115 -431.8797510576764 5.000000000000182
    vertex 198.51341594414723 -427.62947748995134 5.000000000000182
    vertex 235.23121459917218 -427.6294774899516 5.000000000000182
  endloop
endfacet
facet normal -7.910331892492382e-16 -2.9233835472000857e-15 -0.9999999999999999
  outer loop
    vertex 304.89317816977876 -483.49999999999653 5.000000000000182
    vertex 238.49256421398115 -431.8797510576764 5.000000000000182
    vertex 244.02231527166225 -436.12287828104013 5.000000000000182
  endloop
endfacet
facet normal -7.910331892492382e-16 -2.9233835472000857e-15 -0.9999999999999999
  outer loop
    vertex 304.89317816977876 -483.49999999999653 5.000000000000182
    vertex 244.02231527166225 -436.12287828104013 5.000000000000182
    vertex 293.3628480838844 -474.0303300858862 5.000000000000217
  endloop
endfacet
facet normal -7.910331892492382e-16 -2.9233835472000857e-15 -0.9999999999999999
  outer loop
    vertex 293.3628480838844 -474.0303300858862 5.000000000000217
    vertex 244.02231527166225 -436.12287828104013 5.000000000000182
    vertex 250.46184676742482 -438.790219561914 5.000000000000182
  endloop
endfacet
facet normal -7.910331892492382e-16 -2.9233835472000857e-15 -0.9999999999999999
  outer loop
    vertex 293.3628480838844 -474.0303300858862 5.000000000000217
    vertex 250.46184676742482 -438.790219561914 5.000000000000182
    vertex 257.37231527166176 -439.69999999999584 5.000000000000182
  endloop
endfacet
facet normal -7.910331892492382e-16 -2.9233835472000857e-15 -0.9999999999999999
  outer loop
    vertex 293.3628480838844 -474.0303300858862 5.000000000000217
    vertex 257.37231527166176 -439.69999999999584 5.000000000000182
    vertex 293.243659116936 -473.87499999999625 5.0000000000002
  endloop
endfacet
facet normal -7.910331892492382e-16 -2.9233835472000857e-15 -0.9999999999999999
  outer loop
    vertex 293.243659116936 -473.87499999999625 5.0000000000002
    vertex 257.37231527166176 -439.69999999999584 5.000000000000182
    vertex 293.16873380005717 -473.6941142838231 5.0000000000002
  endloop
endfacet
facet normal -7.910331892492382e-16 -2.9233835472000857e-15 -0.9999999999999999
  outer loop
    vertex 293.16873380005717 -473.6941142838231 5.0000000000002
    vertex 257.37231527166176 -439.69999999999584 5.000000000000182
    vertex 293.1431781697742 -473.4999999999959 5.0000000000002
  endloop
endfacet
facet normal -7.910331892492382e-16 -2.9233835472000857e-15 -0.9999999999999999
  outer loop
    vertex 293.1431781697742 -473.4999999999959 5.0000000000002
    vertex 257.37231527166176 -439.69999999999584 5.000000000000182
    vertex 291.8931781697742 -455.5647387449735 5.000000000000217
  endloop
endfacet
facet normal -7.910331892492382e-16 -2.9233835472000857e-15 -0.9999999999999999
  outer loop
    vertex 293.1431781697742 -473.4999999999959 5.0000000000002
    vertex 291.8931781697742 -455.5647387449735 5.000000000000217
    vertex 291.9613265171955 -456.0823768351785 5.000000000000217
  endloop
endfacet
facet normal -7.910331892492382e-16 -2.9233835472000857e-15 -0.9999999999999999
  outer loop
    vertex 293.1431781697742 -473.4999999999959 5.0000000000002
    vertex 291.9613265171955 -456.0823768351785 5.000000000000217
    vertex 292.1611273622048 -456.56473874497414 5.0000000000002
  endloop
endfacet
facet normal -7.910331892492382e-16 -2.9233835472000857e-15 -0.9999999999999999
  outer loop
    vertex 293.1431781697742 -473.4999999999959 5.0000000000002
    vertex 292.1611273622048 -456.56473874497414 5.0000000000002
    vertex 292.4789646074005 -456.9789523073473 5.0000000000002
  endloop
endfacet
facet normal -7.910331892492382e-16 -2.9233835472000857e-15 -0.9999999999999999
  outer loop
    vertex 293.1431781697742 -473.4999999999959 5.0000000000002
    vertex 292.4789646074005 -456.9789523073473 5.0000000000002
    vertex 292.8931781697751 -457.29678955254326 5.0000000000002
  endloop
endfacet
facet normal -7.910331892492382e-16 -2.9233835472000857e-15 -0.9999999999999999
  outer loop
    vertex 304.89317816977876 -483.49999999999653 5.000000000000182
    vertex 293.3628480838844 -474.0303300858862 5.000000000000217
    vertex 293.5181781697743 -474.14951905283453 5.000000000000217
  endloop
endfacet
facet normal -7.910331892492382e-16 -2.9233835472000857e-15 -0.9999999999999999
  outer loop
    vertex 304.89317816977876 -483.49999999999653 5.000000000000182
    vertex 293.5181781697743 -474.14951905283453 5.000000000000217
    vertex 293.6990638859489 -474.22444436971284 5.0000000000002
  endloop
endfacet
facet normal -7.910331892492382e-16 -2.9233835472000857e-15 -0.9999999999999999
  outer loop
    vertex 304.89317816977876 -483.49999999999653 5.000000000000182
    vertex 293.6990638859489 -474.22444436971284 5.0000000000002
    vertex 293.89317816977376 -474.24999999999574 5.0000000000002
  endloop
endfacet
facet normal -7.910331892492382e-16 -2.9233835472000857e-15 -0.9999999999999999
  outer loop
    vertex 304.89317816977876 -483.49999999999653 5.000000000000182
    vertex 293.89317816977376 -474.24999999999574 5.0000000000002
    vertex 294.087292453601 -474.22444436971165 5.0000000000002
  endloop
endfacet
facet normal -7.910331892492382e-16 -2.9233835472000857e-15 -0.9999999999999999
  outer loop
    vertex 304.89317816977876 -483.49999999999653 5.000000000000182
    vertex 294.087292453601 -474.22444436971165 5.0000000000002
    vertex 294.26817816977444 -474.1495190528337 5.0000000000002
  endloop
endfacet
facet normal -7.910331892492382e-16 -2.9233835472000857e-15 -0.9999999999999999
  outer loop
    vertex 304.89317816977876 -483.49999999999653 5.000000000000182
    vertex 294.26817816977444 -474.1495190528337 5.0000000000002
    vertex 294.4235082556632 -474.0303300858856 5.0000000000002
  endloop
endfacet
facet normal -7.910331892492382e-16 -2.9233835472000857e-15 -0.9999999999999999
  outer loop
    vertex 304.89317816977876 -483.49999999999653 5.000000000000182
    vertex 294.4235082556632 -474.0303300858856 5.0000000000002
    vertex 294.54269722261154 -473.874999999996 5.0000000000002
  endloop
endfacet
facet normal -7.910331892492382e-16 -2.9233835472000857e-15 -0.9999999999999999
  outer loop
    vertex 304.89317816977876 -483.49999999999653 5.000000000000182
    vertex 294.54269722261154 -473.874999999996 5.0000000000002
    vertex 294.6176225394904 -473.6941142838234 5.000000000000182
  endloop
endfacet
facet normal -7.910331892492382e-16 -2.9233835472000857e-15 -0.9999999999999999
  outer loop
    vertex 304.89317816977876 -483.49999999999653 5.000000000000182
    vertex 294.6176225394904 -473.6941142838234 5.000000000000182
    vertex 294.6431781697733 -473.4999999999959 5.0000000000002
  endloop
endfacet
facet normal -7.910331892492382e-16 -2.9233835472000857e-15 -0.9999999999999999
  outer loop
    vertex 304.89317816977876 -483.49999999999653 5.000000000000182
    vertex 294.6431781697733 -473.4999999999959 5.0000000000002
    vertex 294.8931781697753 -457.29678955254127 5.000000000000182
  endloop
endfacet
facet normal -7.910331892492382e-16 -2.9233835472000857e-15 -0.9999999999999999
  outer loop
    vertex 304.89317816977876 -483.49999999999653 5.000000000000182
    vertex 294.8931781697753 -457.29678955254127 5.000000000000182
    vertex 295.30739173214704 -456.9789523073468 5.0000000000002
  endloop
endfacet
facet normal -7.910331892492382e-16 -2.9233835472000857e-15 -0.9999999999999999
  outer loop
    vertex 304.89317816977876 -483.49999999999653 5.000000000000182
    vertex 295.30739173214704 -456.9789523073468 5.0000000000002
    vertex 295.6252289773421 -456.5647387449735 5.000000000000182
  endloop
endfacet
facet normal -7.910331892492382e-16 -2.9233835472000857e-15 -0.9999999999999999
  outer loop
    vertex 304.89317816977876 -483.49999999999653 5.000000000000182
    vertex 295.6252289773421 -456.5647387449735 5.000000000000182
    vertex 295.82502982235206 -456.0823768351788 5.0000000000002
  endloop
endfacet
facet normal -7.910331892492382e-16 -2.9233835472000857e-15 -0.9999999999999999
  outer loop
    vertex 304.89317816977876 -483.49999999999653 5.000000000000182
    vertex 295.82502982235206 -456.0823768351788 5.0000000000002
    vertex 295.89317816977444 -455.5647387449732 5.0000000000002
  endloop
endfacet
facet normal -7.910331892492382e-16 -2.9233835472000857e-15 -0.9999999999999999
  outer loop
    vertex 304.89317816977876 -483.49999999999653 5.000000000000182
    vertex 295.89317816977444 -455.5647387449732 5.0000000000002
    vertex 304.89317816977876 -439.69999999999584 5.000000000000182
  endloop
endfacet
facet normal -7.910331892492382e-16 -2.9233835472000857e-15 -0.9999999999999999
  outer loop
    vertex 293.14317816977365 -447.6294774899518 5.0000000000002
    vertex 293.37554007956936 -453.6328870923955 5.000000000000182
    vertex 292.8931781697746 -453.832687937404 5.0000000000002
  endloop
endfacet
facet normal -7.910331892492382e-16 -2.9233835472000857e-15 -0.9999999999999999
  outer loop
    vertex 293.37554007956936 -453.6328870923955 5.000000000000182
    vertex 293.14317816977365 -447.6294774899518 5.0000000000002
    vertex 293.1687338000577 -447.82359177377896 5.0000000000002
  endloop
endfacet
facet normal -7.910331892492382e-16 -2.9233835472000857e-15 -0.9999999999999999
  outer loop
    vertex 293.37554007956936 -453.6328870923955 5.000000000000182
    vertex 293.1687338000577 -447.82359177377896 5.0000000000002
    vertex 293.243659116936 -448.0044774899524 5.0000000000002
  endloop
endfacet
facet normal -7.910331892492382e-16 -2.9233835472000857e-15 -0.9999999999999999
  outer loop
    vertex 293.37554007956936 -453.6328870923955 5.000000000000182
    vertex 293.243659116936 -448.0044774899524 5.0000000000002
    vertex 293.3628480838844 -448.159807575842 5.0000000000002
  endloop
endfacet
facet normal -7.910331892492382e-16 -2.9233835472000857e-15 -0.9999999999999999
  outer loop
    vertex 293.37554007956936 -453.6328870923955 5.000000000000182
    vertex 293.3628480838844 -448.159807575842 5.0000000000002
    vertex 293.5181781697743 -448.2789965427903 5.0000000000002
  endloop
endfacet
facet normal -7.910331892492382e-16 -2.9233835472000857e-15 -0.9999999999999999
  outer loop
    vertex 293.37554007956936 -453.6328870923955 5.000000000000182
    vertex 293.5181781697743 -448.2789965427903 5.0000000000002
    vertex 293.89317816977376 -453.5647387449734 5.0000000000002
  endloop
endfacet
facet normal -7.910331892492382e-16 -2.9233835472000857e-15 -0.9999999999999999
  outer loop
    vertex 293.89317816977376 -453.5647387449734 5.0000000000002
    vertex 293.5181781697743 -448.2789965427903 5.0000000000002
    vertex 293.6990638859471 -448.35392185966896 5.0000000000002
  endloop
endfacet
facet normal -7.910331892492382e-16 -2.9233835472000857e-15 -0.9999999999999999
  outer loop
    vertex 293.89317816977376 -453.5647387449734 5.0000000000002
    vertex 293.6990638859471 -448.35392185966896 5.0000000000002
    vertex 293.89317816977376 -448.37947748995185 5.0000000000002
  endloop
endfacet
facet normal -7.910331892492382e-16 -2.9233835472000857e-15 -0.9999999999999999
  outer loop
    vertex 293.89317816977376 -453.5647387449734 5.0000000000002
    vertex 293.89317816977376 -448.37947748995185 5.0000000000002
    vertex 294.0872924536016 -448.3539218596686 5.000000000000182
  endloop
endfacet
facet normal -7.910331892492382e-16 -2.9233835472000857e-15 -0.9999999999999999
  outer loop
    vertex 293.89317816977376 -453.5647387449734 5.0000000000002
    vertex 294.0872924536016 -448.3539218596686 5.000000000000182
    vertex 294.4108162599788 -453.6328870923952 5.000000000000182
  endloop
endfacet
facet normal -7.910331892492382e-16 -2.9233835472000857e-15 -0.9999999999999999
  outer loop
    vertex 294.4108162599788 -453.6328870923952 5.000000000000182
    vertex 294.0872924536016 -448.3539218596686 5.000000000000182
    vertex 294.26817816977444 -448.2789965427901 5.000000000000182
  endloop
endfacet
facet normal -7.910331892492382e-16 -2.9233835472000857e-15 -0.9999999999999999
  outer loop
    vertex 294.4108162599788 -453.6328870923952 5.000000000000182
    vertex 294.26817816977444 -448.2789965427901 5.000000000000182
    vertex 294.4235082556637 -448.159807575842 5.0000000000002
  endloop
endfacet
facet normal -7.910331892492382e-16 -2.9233835472000857e-15 -0.9999999999999999
  outer loop
    vertex 294.4108162599788 -453.6328870923952 5.000000000000182
    vertex 294.4235082556637 -448.159807575842 5.0000000000002
    vertex 294.89317816977353 -453.8326879374046 5.000000000000182
  endloop
endfacet
facet normal -7.910331892492382e-16 -2.9233835472000857e-15 -0.9999999999999999
  outer loop
    vertex 294.89317816977353 -453.8326879374046 5.000000000000182
    vertex 294.4235082556637 -448.159807575842 5.0000000000002
    vertex 294.54269722261154 -448.0044774899518 5.0000000000002
  endloop
endfacet
facet normal -7.910331892492382e-16 -2.9233835472000857e-15 -0.9999999999999999
  outer loop
    vertex 294.89317816977353 -453.8326879374046 5.000000000000182
    vertex 294.54269722261154 -448.0044774899518 5.0000000000002
    vertex 294.617622539491 -447.82359177377896 5.0000000000002
  endloop
endfacet
facet normal -7.910331892492382e-16 -2.9233835472000857e-15 -0.9999999999999999
  outer loop
    vertex 294.89317816977353 -453.8326879374046 5.000000000000182
    vertex 294.617622539491 -447.82359177377896 5.0000000000002
    vertex 294.64317816977444 -447.629477489952 5.0000000000002
  endloop
endfacet
facet normal 1.866517021022186e-15 5.6081684263931134e-15 0.9999999999999999
  outer loop
    vertex 128.85145237354126 -483.49999999999596 55.000000000005514
    vertex 129.8514523735028 -472.67448519652845 55.00000000000554
    vertex 128.85145237350287 -472.67448519652845 55.00000000000691
  endloop
endfacet
facet normal 1.866517021022186e-15 5.6081684263931134e-15 0.9999999999999999
  outer loop
    vertex 129.8514523735028 -472.67448519652845 55.00000000000554
    vertex 128.85145237354126 -483.49999999999596 55.000000000005514
    vertex 130.35145237354092 -483.49999999999625 55.00000000000563
  endloop
endfacet
facet normal 1.866517021022186e-15 5.6081684263931134e-15 0.9999999999999999
  outer loop
    vertex 129.8514523735028 -472.67448519652845 55.00000000000554
    vertex 130.35145237354092 -483.49999999999625 55.00000000000563
    vertex 129.85145237350284 -461.3255148034859 55.00000000000554
  endloop
endfacet
facet normal 1.866517021022186e-15 5.6081684263931134e-15 0.9999999999999999
  outer loop
    vertex 129.85145237350284 -461.3255148034859 55.00000000000554
    vertex 130.35145237354092 -483.49999999999625 55.00000000000563
    vertex 130.35145237354033 -449.9732251471972 55.00000000000566
  endloop
endfacet
facet normal 1.866517021022186e-15 5.6081684263931134e-15 0.9999999999999999
  outer loop
    vertex 129.85145237350284 -461.3255148034859 55.00000000000554
    vertex 128.85145237354126 -439.6999999999952 55.000000000005514
    vertex 128.85145237350284 -461.3255148034859 55.00000000000626
  endloop
endfacet
facet normal 1.866517021022186e-15 5.6081684263931134e-15 0.9999999999999999
  outer loop
    vertex 128.85145237354126 -439.6999999999952 55.000000000005514
    vertex 129.85145237350284 -461.3255148034859 55.00000000000554
    vertex 130.35145237354033 -449.9732251471972 55.00000000000566
  endloop
endfacet
facet normal 1.866517021022186e-15 5.6081684263931134e-15 0.9999999999999999
  outer loop
    vertex 128.85145237354126 -439.6999999999952 55.000000000005514
    vertex 130.35145237354033 -449.9732251471972 55.00000000000566
    vertex 130.6581783598866 -447.64340997492616 55.00000000000566
  endloop
endfacet
facet normal 1.866517021022186e-15 5.6081684263931134e-15 0.9999999999999999
  outer loop
    vertex 128.85145237354126 -439.6999999999952 55.000000000005514
    vertex 130.6581783598866 -447.64340997492616 55.00000000000566
    vertex 131.5574534498449 -445.4723678564443 55.00000000000563
  endloop
endfacet
facet normal 1.866517021022186e-15 5.6081684263931134e-15 0.9999999999999999
  outer loop
    vertex 128.85145237354126 -439.6999999999952 55.000000000005514
    vertex 131.5574534498449 -445.4723678564443 55.00000000000563
    vertex 132.9879935321565 -443.608051724309 55.00000000000563
  endloop
endfacet
facet normal 1.866517021022186e-15 5.6081684263931134e-15 0.9999999999999999
  outer loop
    vertex 128.85145237354126 -439.6999999999952 55.000000000005514
    vertex 132.9879935321565 -443.608051724309 55.00000000000563
    vertex 134.85230966429236 -442.1775116419971 55.00000000000563
  endloop
endfacet
facet normal 1.866517021022186e-15 5.6081684263931134e-15 0.9999999999999999
  outer loop
    vertex 128.85145237354126 -439.6999999999952 55.000000000005514
    vertex 134.85230966429236 -442.1775116419971 55.00000000000563
    vertex 137.0233517827739 -441.27823655203883 55.00000000000563
  endloop
endfacet
facet normal 1.866517021022186e-15 5.6081684263931134e-15 0.9999999999999999
  outer loop
    vertex 128.85145237354126 -439.6999999999952 55.000000000005514
    vertex 137.0233517827739 -441.27823655203883 55.00000000000563
    vertex 139.3531669550444 -440.97151056569226 55.00000000000563
  endloop
endfacet
facet normal 1.866517021022186e-15 5.6081684263931134e-15 0.9999999999999999
  outer loop
    vertex 128.85145237354126 -439.6999999999952 55.000000000005514
    vertex 139.3531669550444 -440.97151056569226 55.00000000000563
    vertex 176.37231527165707 -439.69999999999584 55.000000000005514
  endloop
endfacet
facet normal 1.866517021022186e-15 5.6081684263931134e-15 0.9999999999999999
  outer loop
    vertex 176.37231527165707 -439.69999999999584 55.000000000005514
    vertex 139.3531669550444 -440.97151056569226 55.00000000000563
    vertex 180.69684836748527 -440.971510565692 55.000000000005514
  endloop
endfacet
facet normal 1.866517021022186e-15 5.6081684263931134e-15 0.9999999999999999
  outer loop
    vertex 176.37231527165707 -439.69999999999584 55.000000000005514
    vertex 180.69684836748527 -440.971510565692 55.000000000005514
    vertex 183.28278377589405 -438.7902195619137 55.00000000000554
  endloop
endfacet
facet normal 1.866517021022186e-15 5.6081684263931134e-15 0.9999999999999999
  outer loop
    vertex 183.28278377589405 -438.7902195619137 55.00000000000554
    vertex 180.69684836748527 -440.971510565692 55.000000000005514
    vertex 186.81683387435385 -439.9782634680651 55.000000000005514
  endloop
endfacet
facet normal 1.866517021022186e-15 5.6081684263931134e-15 0.9999999999999999
  outer loop
    vertex 183.28278377589405 -438.7902195619137 55.00000000000554
    vertex 186.81683387435385 -439.9782634680651 55.000000000005514
    vertex 189.7223152716572 -436.1228782810407 55.00000000000554
  endloop
endfacet
facet normal 1.866517021022186e-15 5.6081684263931134e-15 0.9999999999999999
  outer loop
    vertex 189.7223152716572 -436.1228782810407 55.00000000000554
    vertex 186.81683387435385 -439.9782634680651 55.000000000005514
    vertex 192.7068138662723 -437.3289178134672 55.000000000005514
  endloop
endfacet
facet normal 1.866517021022186e-15 5.6081684263931134e-15 0.9999999999999999
  outer loop
    vertex 189.7223152716572 -436.1228782810407 55.00000000000554
    vertex 192.7068138662723 -437.3289178134672 55.000000000005514
    vertex 195.25206632933825 -431.8797510576767 55.000000000005514
  endloop
endfacet
facet normal 1.866517021022186e-15 5.6081684263931134e-15 0.9999999999999999
  outer loop
    vertex 195.25206632933825 -431.8797510576767 55.000000000005514
    vertex 192.7068138662723 -437.3289178134672 55.000000000005514
    vertex 197.91887915590846 -433.0752611595883 55.00000000000549
  endloop
endfacet
facet normal 1.866517021022186e-15 5.6081684263931134e-15 0.9999999999999999
  outer loop
    vertex 195.25206632933825 -431.8797510576767 55.000000000005514
    vertex 197.91887915590846 -433.0752611595883 55.00000000000549
    vertex 198.51341594414723 -427.6294774899516 55.000000000005514
  endloop
endfacet
facet normal 1.866517021022186e-15 5.6081684263931134e-15 0.9999999999999999
  outer loop
    vertex 198.51341594414723 -427.6294774899516 55.000000000005514
    vertex 197.91887915590846 -433.0752611595883 55.00000000000549
    vertex 201.84383281058098 -427.6294774899516 55.00000000000549
  endloop
endfacet
facet normal 0.34046980948881983 -0.2920356616363981 0.8937535908511014
  outer loop
    vertex 195.14868522627245 -441.5583630745336 11.293227237870811
    vertex 188.03027927657925 -444.5069033613756 13.041498148356174
    vertex 188.6155991182281 -446.69134674908673 12.104753262982895
  endloop
endfacet
facet normal -0.9999999999999999 2.979378515551141e-12 5.202274167003384e-13
  outer loop
    vertex 128.85145237350284 -461.3255148034859 55.00000000000626
    vertex 128.85145237354126 -439.6999999999952 5.000000000000182
    vertex 128.8514523734508 -461.32551480348735 5.000000000000205
  endloop
endfacet
facet normal -0.9999999999999999 2.979378515551141e-12 5.202274167003384e-13
  outer loop
    vertex 128.85145237354126 -439.6999999999952 5.000000000000182
    vertex 128.85145237350284 -461.3255148034859 55.00000000000626
    vertex 128.85145237354126 -439.6999999999952 55.000000000005514
  endloop
endfacet
facet normal 0.06830371053963712 -0.3811120170327986 0.922002295875509
  outer loop
    vertex 180.69684836748587 -447.64340997492525 13.820563132463791
    vertex 171.8376152274277 -449.97322514719633 13.51383714611722
    vertex 180.54066995311618 -450.50438420094196 12.649542086661304
  endloop
endfacet
facet normal -4.911672726073663e-16 -5.13664669843795e-16 0.9999999999999999
  outer loop
    vertex 304.89317816977876 -483.49999999999653 55.00000000000563
    vertex 303.3931781697797 -449.9732251471972 55.00000000000566
    vertex 303.39317816977854 -483.49999999999625 55.00000000000563
  endloop
endfacet
facet normal -4.911672726073663e-16 -5.13664669843795e-16 0.9999999999999999
  outer loop
    vertex 235.82575138741095 -433.07526115958797 55.00000000000563
    vertex 235.23121459917218 -427.6294774899516 55.00000000000563
    vertex 231.90079773273675 -427.6294774899516 55.00000000000563
  endloop
endfacet
facet normal -4.911672726073663e-16 -5.13664669843795e-16 0.9999999999999999
  outer loop
    vertex 235.23121459917218 -427.6294774899516 55.00000000000563
    vertex 235.82575138741095 -433.07526115958797 55.00000000000563
    vertex 238.49256421398175 -431.8797510576767 55.00000000000563
  endloop
endfacet
facet normal -4.911672726073663e-16 -5.13664669843795e-16 0.9999999999999999
  outer loop
    vertex 238.49256421398175 -431.8797510576767 55.00000000000563
    vertex 235.82575138741095 -433.07526115958797 55.00000000000563
    vertex 241.03781667704712 -437.3289178134672 55.00000000000563
  endloop
endfacet
facet normal -4.911672726073663e-16 -5.13664669843795e-16 0.9999999999999999
  outer loop
    vertex 238.49256421398175 -431.8797510576767 55.00000000000563
    vertex 241.03781667704712 -437.3289178134672 55.00000000000563
    vertex 244.02231527166225 -436.1228782810404 55.00000000000563
  endloop
endfacet
facet normal -4.911672726073663e-16 -5.13664669843795e-16 0.9999999999999999
  outer loop
    vertex 244.02231527166225 -436.1228782810404 55.00000000000563
    vertex 241.03781667704712 -437.3289178134672 55.00000000000563
    vertex 246.927796668965 -439.9782634680651 55.000000000005606
  endloop
endfacet
facet normal -4.911672726073663e-16 -5.13664669843795e-16 0.9999999999999999
  outer loop
    vertex 244.02231527166225 -436.1228782810404 55.00000000000563
    vertex 246.927796668965 -439.9782634680651 55.000000000005606
    vertex 250.46184676742482 -438.790219561914 55.00000000000563
  endloop
endfacet
facet normal -4.911672726073663e-16 -5.13664669843795e-16 0.9999999999999999
  outer loop
    vertex 250.46184676742482 -438.790219561914 55.00000000000563
    vertex 246.927796668965 -439.9782634680651 55.000000000005606
    vertex 253.04778217583475 -440.971510565692 55.00000000000563
  endloop
endfacet
facet normal -4.911672726073663e-16 -5.13664669843795e-16 0.9999999999999999
  outer loop
    vertex 250.46184676742482 -438.790219561914 55.00000000000563
    vertex 253.04778217583475 -440.971510565692 55.00000000000563
    vertex 257.37231527166176 -439.69999999999584 55.00000000000563
  endloop
endfacet
facet normal -4.911672726073663e-16 -5.13664669843795e-16 0.9999999999999999
  outer loop
    vertex 257.37231527166176 -439.69999999999584 55.00000000000563
    vertex 253.04778217583475 -440.971510565692 55.00000000000563
    vertex 294.39146358827566 -440.97151056569226 55.00000000000563
  endloop
endfacet
facet normal -4.911672726073663e-16 -5.13664669843795e-16 0.9999999999999999
  outer loop
    vertex 257.37231527166176 -439.69999999999584 55.00000000000563
    vertex 294.39146358827566 -440.97151056569226 55.00000000000563
    vertex 304.89317816977876 -439.69999999999584 55.00000000000563
  endloop
endfacet
facet normal -4.911672726073663e-16 -5.13664669843795e-16 0.9999999999999999
  outer loop
    vertex 304.89317816977876 -439.69999999999584 55.00000000000563
    vertex 294.39146358827566 -440.97151056569226 55.00000000000563
    vertex 296.72127876054554 -441.27823655203883 55.00000000000563
  endloop
endfacet
facet normal -4.911672726073663e-16 -5.13664669843795e-16 0.9999999999999999
  outer loop
    vertex 304.89317816977876 -439.69999999999584 55.00000000000563
    vertex 296.72127876054554 -441.27823655203883 55.00000000000563
    vertex 298.8923208790271 -442.1775116419971 55.00000000000566
  endloop
endfacet
facet normal -4.911672726073663e-16 -5.13664669843795e-16 0.9999999999999999
  outer loop
    vertex 304.89317816977876 -439.69999999999584 55.00000000000563
    vertex 298.8923208790271 -442.1775116419971 55.00000000000566
    vertex 300.75663701116235 -443.608051724309 55.00000000000566
  endloop
endfacet
facet normal -4.911672726073663e-16 -5.13664669843795e-16 0.9999999999999999
  outer loop
    vertex 304.89317816977876 -439.69999999999584 55.00000000000563
    vertex 300.75663701116235 -443.608051724309 55.00000000000566
    vertex 302.18717709347516 -445.4723678564443 55.00000000000566
  endloop
endfacet
facet normal -4.911672726073663e-16 -5.13664669843795e-16 0.9999999999999999
  outer loop
    vertex 304.89317816977876 -439.69999999999584 55.00000000000563
    vertex 302.18717709347516 -445.4723678564443 55.00000000000566
    vertex 303.08645218343344 -447.64340997492616 55.00000000000566
  endloop
endfacet
facet normal -4.911672726073663e-16 -5.13664669843795e-16 0.9999999999999999
  outer loop
    vertex 304.89317816977876 -439.69999999999584 55.00000000000563
    vertex 303.08645218343344 -447.64340997492616 55.00000000000566
    vertex 303.3931781697797 -449.9732251471972 55.00000000000566
  endloop
endfacet
facet normal -4.911672726073663e-16 -5.13664669843795e-16 0.9999999999999999
  outer loop
    vertex 304.89317816977876 -439.69999999999584 55.00000000000563
    vertex 303.3931781697797 -449.9732251471972 55.00000000000566
    vertex 304.89317816977876 -483.49999999999653 55.00000000000563
  endloop
endfacet
facet normal 0.0 -0.9999999999999999 0.0
  outer loop
    vertex 299.0872924536062 -473.4999999999962 9.275555630283442
    vertex 298.69906388595234 -473.4999999999962 9.275555630283442
    vertex 298.893178169779 -473.4999999999962 9.250000000000243
  endloop
endfacet
facet normal 0.0 -0.9999999999999999 0.0
  outer loop
    vertex 298.69906388595234 -473.4999999999962 9.275555630283442
    vertex 299.0872924536062 -473.4999999999962 9.275555630283442
    vertex 299.2681781697797 -473.4999999999962 9.350480947161905
  endloop
endfacet
facet normal 0.0 -0.9999999999999999 0.0
  outer loop
    vertex 298.69906388595234 -473.4999999999962 9.275555630283442
    vertex 299.2681781697797 -473.4999999999962 9.350480947161905
    vertex 298.5181781697795 -473.4999999999962 9.350480947161905
  endloop
endfacet
facet normal 0.0 -0.9999999999999999 0.0
  outer loop
    vertex 298.5181781697795 -473.4999999999962 9.350480947161905
    vertex 299.2681781697797 -473.4999999999962 9.350480947161905
    vertex 299.42350825566893 -473.4999999999962 9.469669914110336
  endloop
endfacet
facet normal 0.0 -0.9999999999999999 0.0
  outer loop
    vertex 298.5181781697795 -473.4999999999962 9.350480947161905
    vertex 299.42350825566893 -473.4999999999962 9.469669914110336
    vertex 298.362848083889 -473.4999999999962 9.469669914110336
  endloop
endfacet
facet normal 0.0 -0.9999999999999999 0.0
  outer loop
    vertex 298.362848083889 -473.4999999999962 9.469669914110336
    vertex 299.42350825566893 -473.4999999999962 9.469669914110336
    vertex 299.54269722261796 -473.4999999999962 9.625000000000247
  endloop
endfacet
facet normal 0.0 -0.9999999999999999 0.0
  outer loop
    vertex 298.362848083889 -473.4999999999962 9.469669914110336
    vertex 299.54269722261796 -473.4999999999962 9.625000000000247
    vertex 298.2436591169412 -473.4999999999962 9.625000000000231
  endloop
endfacet
facet normal 0.0 -0.9999999999999999 0.0
  outer loop
    vertex 298.2436591169412 -473.4999999999962 9.625000000000231
    vertex 299.54269722261796 -473.4999999999962 9.625000000000247
    vertex 298.16873380006234 -473.4999999999962 9.805885716173343
  endloop
endfacet
facet normal 0.0 -0.9999999999999999 0.0
  outer loop
    vertex 298.16873380006234 -473.4999999999962 9.805885716173343
    vertex 299.54269722261796 -473.4999999999962 9.625000000000247
    vertex 299.6176225394962 -473.4999999999962 9.805885716173343
  endloop
endfacet
facet normal 0.0 -0.9999999999999999 0.0
  outer loop
    vertex 298.16873380006234 -473.4999999999962 9.805885716173343
    vertex 299.6176225394962 -473.4999999999962 9.805885716173343
    vertex 299.6431781697791 -473.4999999999962 10.000000000000236
  endloop
endfacet
facet normal 0.0 -0.9999999999999999 0.0
  outer loop
    vertex 298.16873380006234 -473.4999999999962 9.805885716173343
    vertex 299.6431781697791 -473.4999999999962 10.000000000000236
    vertex 298.1431781697789 -473.4999999999962 10.000000000000236
  endloop
endfacet
facet normal 0.0 -0.9999999999999999 0.0
  outer loop
    vertex 298.1431781697789 -473.4999999999962 10.000000000000236
    vertex 299.6431781697791 -473.4999999999962 10.000000000000236
    vertex 299.6176225394962 -473.4999999999962 10.194114283827128
  endloop
endfacet
facet normal 0.0 -0.9999999999999999 0.0
  outer loop
    vertex 298.1431781697789 -473.4999999999962 10.000000000000236
    vertex 299.6176225394962 -473.4999999999962 10.194114283827128
    vertex 298.16873380006234 -473.4999999999962 10.194114283827128
  endloop
endfacet
facet normal 0.0 -0.9999999999999999 0.0
  outer loop
    vertex 298.16873380006234 -473.4999999999962 10.194114283827128
    vertex 299.6176225394962 -473.4999999999962 10.194114283827128
    vertex 299.54269722261796 -473.4999999999962 10.375000000000238
  endloop
endfacet
facet normal 0.0 -0.9999999999999999 0.0
  outer loop
    vertex 298.16873380006234 -473.4999999999962 10.194114283827128
    vertex 299.54269722261796 -473.4999999999962 10.375000000000238
    vertex 298.2436591169412 -473.4999999999962 10.37500000000022
  endloop
endfacet
facet normal 0.0 -0.9999999999999999 0.0
  outer loop
    vertex 298.2436591169412 -473.4999999999962 10.37500000000022
    vertex 299.54269722261796 -473.4999999999962 10.375000000000238
    vertex 298.362848083889 -473.4999999999962 10.530330085890133
  endloop
endfacet
facet normal 0.0 -0.9999999999999999 0.0
  outer loop
    vertex 298.362848083889 -473.4999999999962 10.530330085890133
    vertex 299.54269722261796 -473.4999999999962 10.375000000000238
    vertex 299.42350825566893 -473.4999999999962 10.530330085890133
  endloop
endfacet
facet normal 0.0 -0.9999999999999999 0.0
  outer loop
    vertex 298.362848083889 -473.4999999999962 10.530330085890133
    vertex 299.42350825566893 -473.4999999999962 10.530330085890133
    vertex 299.2681781697797 -473.4999999999962 10.649519052838563
  endloop
endfacet
facet normal 0.0 -0.9999999999999999 0.0
  outer loop
    vertex 298.362848083889 -473.4999999999962 10.530330085890133
    vertex 299.2681781697797 -473.4999999999962 10.649519052838563
    vertex 298.5181781697795 -473.4999999999962 10.649519052838563
  endloop
endfacet
facet normal 0.0 -0.9999999999999999 0.0
  outer loop
    vertex 298.5181781697795 -473.4999999999962 10.649519052838563
    vertex 299.2681781697797 -473.4999999999962 10.649519052838563
    vertex 299.0872924536062 -473.4999999999962 10.724444369717029
  endloop
endfacet
facet normal 0.0 -0.9999999999999999 0.0
  outer loop
    vertex 298.5181781697795 -473.4999999999962 10.649519052838563
    vertex 299.0872924536062 -473.4999999999962 10.724444369717029
    vertex 298.69906388595234 -473.4999999999962 10.724444369717029
  endloop
endfacet
facet normal 0.0 -0.9999999999999999 0.0
  outer loop
    vertex 298.69906388595234 -473.4999999999962 10.724444369717029
    vertex 299.0872924536062 -473.4999999999962 10.724444369717029
    vertex 298.893178169779 -473.4999999999962 10.750000000000226
  endloop
endfacet
facet normal -0.99144486137381 0.0 -0.13052619222005538
  outer loop
    vertex 299.6176225394962 -473.4999999999962 10.194114283827128
    vertex 299.6431781697791 -483.49999999999625 10.000000000000236
    vertex 299.6176225394962 -483.49999999999625 10.194114283827128
  endloop
endfacet
facet normal -0.99144486137381 0.0 -0.13052619222005538
  outer loop
    vertex 299.6431781697791 -483.49999999999625 10.000000000000236
    vertex 299.6176225394962 -473.4999999999962 10.194114283827128
    vertex 299.6431781697791 -473.4999999999962 10.000000000000236
  endloop
endfacet
facet normal -0.9238795325111077 0.0 -0.38268343236552227
  outer loop
    vertex 299.54269722261796 -473.4999999999962 10.375000000000238
    vertex 299.6176225394962 -483.49999999999625 10.194114283827128
    vertex 299.54269722261796 -483.49999999999625 10.375000000000238
  endloop
endfacet
facet normal -0.9238795325111077 0.0 -0.38268343236552227
  outer loop
    vertex 299.6176225394962 -483.49999999999625 10.194114283827128
    vertex 299.54269722261796 -473.4999999999962 10.375000000000238
    vertex 299.6176225394962 -473.4999999999962 10.194114283827128
  endloop
endfacet
facet normal -0.79335334029132 0.0 -0.6087614290086103
  outer loop
    vertex 299.42350825566893 -473.4999999999962 10.530330085890133
    vertex 299.54269722261796 -483.49999999999625 10.375000000000238
    vertex 299.42350825566893 -483.49999999999625 10.530330085890133
  endloop
endfacet
facet normal -0.79335334029132 0.0 -0.6087614290086103
  outer loop
    vertex 299.54269722261796 -483.49999999999625 10.375000000000238
    vertex 299.42350825566893 -473.4999999999962 10.530330085890133
    vertex 299.54269722261796 -473.4999999999962 10.375000000000238
  endloop
endfacet
facet normal -0.99144486137381 0.0 0.13052619222005538
  outer loop
    vertex 299.6431781697791 -473.4999999999962 10.000000000000236
    vertex 299.6176225394962 -483.49999999999625 9.805885716173343
    vertex 299.6431781697791 -483.49999999999625 10.000000000000236
  endloop
endfacet
facet normal -0.99144486137381 0.0 0.13052619222005538
  outer loop
    vertex 299.6176225394962 -483.49999999999625 9.805885716173343
    vertex 299.6431781697791 -473.4999999999962 10.000000000000236
    vertex 299.6176225394962 -473.4999999999962 9.805885716173343
  endloop
endfacet
facet normal -0.60876142900874 0.0 -0.7933533402912205
  outer loop
    vertex 299.42350825566893 -473.4999999999962 10.530330085890133
    vertex 299.2681781697797 -483.49999999999625 10.649519052838563
    vertex 299.2681781697797 -473.4999999999962 10.649519052838563
  endloop
endfacet
facet normal -0.60876142900874 0.0 -0.7933533402912205
  outer loop
    vertex 299.2681781697797 -483.49999999999625 10.649519052838563
    vertex 299.42350825566893 -473.4999999999962 10.530330085890133
    vertex 299.42350825566893 -483.49999999999625 10.530330085890133
  endloop
endfacet
facet normal -0.3826834323650502 0.0 -0.9238795325113031
  outer loop
    vertex 299.2681781697797 -473.4999999999962 10.649519052838563
    vertex 299.0872924536062 -483.49999999999625 10.724444369717029
    vertex 299.0872924536062 -473.4999999999962 10.724444369717029
  endloop
endfacet
facet normal -0.3826834323650502 0.0 -0.9238795325113031
  outer loop
    vertex 299.0872924536062 -483.49999999999625 10.724444369717029
    vertex 299.2681781697797 -473.4999999999962 10.649519052838563
    vertex 299.2681781697797 -483.49999999999625 10.649519052838563
  endloop
endfacet
facet normal 0.13052619222001957 0.0 -0.9914448613738146
  outer loop
    vertex 298.893178169779 -473.4999999999962 10.750000000000226
    vertex 298.69906388595234 -483.49999999999625 10.724444369717029
    vertex 298.69906388595234 -473.4999999999962 10.724444369717029
  endloop
endfacet
facet normal 0.13052619222001957 0.0 -0.9914448613738146
  outer loop
    vertex 298.69906388595234 -483.49999999999625 10.724444369717029
    vertex 298.893178169779 -473.4999999999962 10.750000000000226
    vertex 298.893178169779 -483.49999999999625 10.750000000000226
  endloop
endfacet
facet normal -0.13052619222001957 0.0 -0.9914448613738146
  outer loop
    vertex 299.0872924536062 -473.4999999999962 10.724444369717029
    vertex 298.893178169779 -483.49999999999625 10.750000000000226
    vertex 298.893178169779 -473.4999999999962 10.750000000000226
  endloop
endfacet
facet normal -0.13052619222001957 0.0 -0.9914448613738146
  outer loop
    vertex 298.893178169779 -483.49999999999625 10.750000000000226
    vertex 299.0872924536062 -473.4999999999962 10.724444369717029
    vertex 299.0872924536062 -483.49999999999625 10.724444369717029
  endloop
endfacet
facet normal 0.9238795325110942 0.0 -0.3826834323655548
  outer loop
    vertex 298.16873380006234 -473.4999999999962 10.194114283827128
    vertex 298.2436591169412 -483.49999999999625 10.37500000000022
    vertex 298.16873380006234 -483.49999999999625 10.194114283827128
  endloop
endfacet
facet normal 0.9238795325110942 0.0 -0.3826834323655548
  outer loop
    vertex 298.2436591169412 -483.49999999999625 10.37500000000022
    vertex 298.16873380006234 -473.4999999999962 10.194114283827128
    vertex 298.2436591169412 -473.4999999999962 10.37500000000022
  endloop
endfacet
facet normal -0.60876142900874 0.0 0.7933533402912205
  outer loop
    vertex 299.42350825566893 -483.49999999999625 9.469669914110336
    vertex 299.2681781697797 -473.4999999999962 9.350480947161905
    vertex 299.2681781697797 -483.49999999999625 9.350480947161905
  endloop
endfacet
facet normal -0.60876142900874 0.0 0.7933533402912205
  outer loop
    vertex 299.2681781697797 -473.4999999999962 9.350480947161905
    vertex 299.42350825566893 -483.49999999999625 9.469669914110336
    vertex 299.42350825566893 -473.4999999999962 9.469669914110336
  endloop
endfacet
facet normal 0.13052619222001957 0.0 0.9914448613738146
  outer loop
    vertex 298.893178169779 -483.49999999999625 9.250000000000243
    vertex 298.69906388595234 -473.4999999999962 9.275555630283442
    vertex 298.69906388595234 -483.49999999999625 9.275555630283442
  endloop
endfacet
facet normal 0.13052619222001957 0.0 0.9914448613738146
  outer loop
    vertex 298.69906388595234 -473.4999999999962 9.275555630283442
    vertex 298.893178169779 -483.49999999999625 9.250000000000243
    vertex 298.893178169779 -473.4999999999962 9.250000000000243
  endloop
endfacet
facet normal 0.60876142900874 0.0 -0.7933533402912205
  outer loop
    vertex 298.5181781697795 -473.4999999999962 10.649519052838563
    vertex 298.362848083889 -483.49999999999625 10.530330085890133
    vertex 298.362848083889 -473.4999999999962 10.530330085890133
  endloop
endfacet
facet normal 0.60876142900874 0.0 -0.7933533402912205
  outer loop
    vertex 298.362848083889 -483.49999999999625 10.530330085890133
    vertex 298.5181781697795 -473.4999999999962 10.649519052838563
    vertex 298.5181781697795 -483.49999999999625 10.649519052838563
  endloop
endfacet
facet normal 0.99144486137381 0.0 -0.13052619222005538
  outer loop
    vertex 298.1431781697789 -473.4999999999962 10.000000000000236
    vertex 298.16873380006234 -483.49999999999625 10.194114283827128
    vertex 298.1431781697789 -483.49999999999625 10.000000000000236
  endloop
endfacet
facet normal 0.99144486137381 0.0 -0.13052619222005538
  outer loop
    vertex 298.16873380006234 -483.49999999999625 10.194114283827128
    vertex 298.1431781697789 -473.4999999999962 10.000000000000236
    vertex 298.16873380006234 -473.4999999999962 10.194114283827128
  endloop
endfacet
facet normal 0.99144486137381 0.0 0.13052619222005538
  outer loop
    vertex 298.16873380006234 -473.4999999999962 9.805885716173343
    vertex 298.1431781697789 -483.49999999999625 10.000000000000236
    vertex 298.16873380006234 -483.49999999999625 9.805885716173343
  endloop
endfacet
facet normal 0.99144486137381 0.0 0.13052619222005538
  outer loop
    vertex 298.1431781697789 -483.49999999999625 10.000000000000236
    vertex 298.16873380006234 -473.4999999999962 9.805885716173343
    vertex 298.1431781697789 -473.4999999999962 10.000000000000236
  endloop
endfacet
facet normal -0.3826834323650502 0.0 0.9238795325113031
  outer loop
    vertex 299.2681781697797 -483.49999999999625 9.350480947161905
    vertex 299.0872924536062 -473.4999999999962 9.275555630283442
    vertex 299.0872924536062 -483.49999999999625 9.275555630283442
  endloop
endfacet
facet normal -0.3826834323650502 0.0 0.9238795325113031
  outer loop
    vertex 299.0872924536062 -473.4999999999962 9.275555630283442
    vertex 299.2681781697797 -483.49999999999625 9.350480947161905
    vertex 299.2681781697797 -473.4999999999962 9.350480947161905
  endloop
endfacet
facet normal 0.60876142900874 0.0 0.7933533402912205
  outer loop
    vertex 298.5181781697795 -483.49999999999625 9.350480947161905
    vertex 298.362848083889 -473.4999999999962 9.469669914110336
    vertex 298.362848083889 -483.49999999999625 9.469669914110336
  endloop
endfacet
facet normal 0.60876142900874 0.0 0.7933533402912205
  outer loop
    vertex 298.362848083889 -473.4999999999962 9.469669914110336
    vertex 298.5181781697795 -483.49999999999625 9.350480947161905
    vertex 298.5181781697795 -473.4999999999962 9.350480947161905
  endloop
endfacet
facet normal -1.9501606070660875e-13 -0.9999999999999999 -9.435488075752874e-29
  outer loop
    vertex 134.84556665737006 -473.4999999999965 9.275555630283389
    vertex 134.45733808971616 -473.4999999999965 9.275555630283389
    vertex 134.6514523735434 -473.4999999999965 9.250000000000188
  endloop
endfacet
facet normal -1.9501606070660875e-13 -0.9999999999999999 -9.435488075752874e-29
  outer loop
    vertex 134.45733808971616 -473.4999999999965 9.275555630283389
    vertex 134.84556665737006 -473.4999999999965 9.275555630283389
    vertex 135.02645237354287 -473.4999999999965 9.350480947161854
  endloop
endfacet
facet normal -1.9501606070660875e-13 -0.9999999999999999 -9.435488075752874e-29
  outer loop
    vertex 134.45733808971616 -473.4999999999965 9.275555630283389
    vertex 135.02645237354287 -473.4999999999965 9.350480947161854
    vertex 134.27645237354278 -473.4999999999965 9.350480947161854
  endloop
endfacet
facet normal -1.9501606070660875e-13 -0.9999999999999999 -9.435488075752874e-29
  outer loop
    vertex 134.27645237354278 -473.4999999999965 9.350480947161854
    vertex 135.02645237354287 -473.4999999999965 9.350480947161854
    vertex 135.18178245943338 -473.4999999999968 9.46966991411028
  endloop
endfacet
facet normal -1.9501606070660875e-13 -0.9999999999999999 -9.435488075752874e-29
  outer loop
    vertex 134.27645237354278 -473.4999999999965 9.350480947161854
    vertex 135.18178245943338 -473.4999999999968 9.46966991411028
    vertex 134.1211222876534 -473.4999999999962 9.46966991411028
  endloop
endfacet
facet normal -1.9501606070660875e-13 -0.9999999999999999 -9.435488075752874e-29
  outer loop
    vertex 134.1211222876534 -473.4999999999962 9.46966991411028
    vertex 135.18178245943338 -473.4999999999968 9.46966991411028
    vertex 135.30097142638115 -473.4999999999968 9.625000000000192
  endloop
endfacet
facet normal -1.9501606070660875e-13 -0.9999999999999999 -9.435488075752874e-29
  outer loop
    vertex 134.1211222876534 -473.4999999999962 9.46966991411028
    vertex 135.30097142638115 -473.4999999999968 9.625000000000192
    vertex 134.0019333207045 -473.4999999999962 9.625000000000178
  endloop
endfacet
facet normal -1.9501606070660875e-13 -0.9999999999999999 -9.435488075752874e-29
  outer loop
    vertex 134.0019333207045 -473.4999999999962 9.625000000000178
    vertex 135.30097142638115 -473.4999999999968 9.625000000000192
    vertex 133.9270080038262 -473.4999999999962 9.80588571617329
  endloop
endfacet
facet normal -1.9501606070660875e-13 -0.9999999999999999 -9.435488075752874e-29
  outer loop
    vertex 133.9270080038262 -473.4999999999962 9.80588571617329
    vertex 135.30097142638115 -473.4999999999968 9.625000000000192
    vertex 135.37589674326003 -473.4999999999968 9.80588571617329
  endloop
endfacet
facet normal -1.9501606070660875e-13 -0.9999999999999999 -9.435488075752874e-29
  outer loop
    vertex 133.9270080038262 -473.4999999999962 9.80588571617329
    vertex 135.37589674326003 -473.4999999999968 9.80588571617329
    vertex 135.40145237354352 -473.4999999999968 10.000000000000181
  endloop
endfacet
facet normal -1.9501606070660875e-13 -0.9999999999999999 -9.435488075752874e-29
  outer loop
    vertex 133.9270080038262 -473.4999999999962 9.80588571617329
    vertex 135.40145237354352 -473.4999999999968 10.000000000000181
    vertex 133.9014523735433 -473.4999999999962 10.000000000000181
  endloop
endfacet
facet normal -1.9501606070660875e-13 -0.9999999999999999 -9.435488075752874e-29
  outer loop
    vertex 133.9014523735433 -473.4999999999962 10.000000000000181
    vertex 135.40145237354352 -473.4999999999968 10.000000000000181
    vertex 135.37589674326003 -473.4999999999968 10.194114283827071
  endloop
endfacet
facet normal -1.9501606070660875e-13 -0.9999999999999999 -9.435488075752874e-29
  outer loop
    vertex 133.9014523735433 -473.4999999999962 10.000000000000181
    vertex 135.37589674326003 -473.4999999999968 10.194114283827071
    vertex 133.9270080038262 -473.4999999999962 10.194114283827071
  endloop
endfacet
facet normal -1.9501606070660875e-13 -0.9999999999999999 -9.435488075752874e-29
  outer loop
    vertex 133.9270080038262 -473.4999999999962 10.194114283827071
    vertex 135.37589674326003 -473.4999999999968 10.194114283827071
    vertex 135.30097142638115 -473.4999999999968 10.375000000000187
  endloop
endfacet
facet normal -1.9501606070660875e-13 -0.9999999999999999 -9.435488075752874e-29
  outer loop
    vertex 133.9270080038262 -473.4999999999962 10.194114283827071
    vertex 135.30097142638115 -473.4999999999968 10.375000000000187
    vertex 134.0019333207045 -473.4999999999962 10.375000000000169
  endloop
endfacet
facet normal -1.9501606070660875e-13 -0.9999999999999999 -9.435488075752874e-29
  outer loop
    vertex 134.0019333207045 -473.4999999999962 10.375000000000169
    vertex 135.30097142638115 -473.4999999999968 10.375000000000187
    vertex 134.1211222876534 -473.4999999999962 10.530330085890082
  endloop
endfacet
facet normal -1.9501606070660875e-13 -0.9999999999999999 -9.435488075752874e-29
  outer loop
    vertex 134.1211222876534 -473.4999999999962 10.530330085890082
    vertex 135.30097142638115 -473.4999999999968 10.375000000000187
    vertex 135.18178245943338 -473.4999999999968 10.530330085890082
  endloop
endfacet
facet normal -1.9501606070660875e-13 -0.9999999999999999 -9.435488075752874e-29
  outer loop
    vertex 134.1211222876534 -473.4999999999962 10.530330085890082
    vertex 135.18178245943338 -473.4999999999968 10.530330085890082
    vertex 135.02645237354287 -473.4999999999965 10.649519052838507
  endloop
endfacet
facet normal -1.9501606070660875e-13 -0.9999999999999999 -9.435488075752874e-29
  outer loop
    vertex 134.1211222876534 -473.4999999999962 10.530330085890082
    vertex 135.02645237354287 -473.4999999999965 10.649519052838507
    vertex 134.27645237354278 -473.4999999999965 10.649519052838507
  endloop
endfacet
facet normal -1.9501606070660875e-13 -0.9999999999999999 -9.435488075752874e-29
  outer loop
    vertex 134.27645237354278 -473.4999999999965 10.649519052838507
    vertex 135.02645237354287 -473.4999999999965 10.649519052838507
    vertex 134.84556665737006 -473.4999999999965 10.724444369716972
  endloop
endfacet
facet normal -1.9501606070660875e-13 -0.9999999999999999 -9.435488075752874e-29
  outer loop
    vertex 134.27645237354278 -473.4999999999965 10.649519052838507
    vertex 134.84556665737006 -473.4999999999965 10.724444369716972
    vertex 134.45733808971616 -473.4999999999965 10.724444369716972
  endloop
endfacet
facet normal -1.9501606070660875e-13 -0.9999999999999999 -9.435488075752874e-29
  outer loop
    vertex 134.45733808971616 -473.4999999999965 10.724444369716972
    vertex 134.84556665737006 -473.4999999999965 10.724444369716972
    vertex 134.6514523735434 -473.4999999999965 10.750000000000174
  endloop
endfacet
facet normal -0.793353340291354 0.0 0.6087614290085657
  outer loop
    vertex 299.54269722261796 -473.4999999999962 9.625000000000247
    vertex 299.42350825566893 -483.49999999999625 9.469669914110336
    vertex 299.54269722261796 -483.49999999999625 9.625000000000247
  endloop
endfacet
facet normal -0.793353340291354 0.0 0.6087614290085657
  outer loop
    vertex 299.42350825566893 -483.49999999999625 9.469669914110336
    vertex 299.54269722261796 -473.4999999999962 9.625000000000247
    vertex 299.42350825566893 -473.4999999999962 9.469669914110336
  endloop
endfacet
facet normal 0.9238795325111077 0.0 0.38268343236552227
  outer loop
    vertex 298.2436591169412 -473.4999999999962 9.625000000000231
    vertex 298.16873380006234 -483.49999999999625 9.805885716173343
    vertex 298.2436591169412 -483.49999999999625 9.625000000000231
  endloop
endfacet
facet normal 0.9238795325111077 0.0 0.38268343236552227
  outer loop
    vertex 298.16873380006234 -483.49999999999625 9.805885716173343
    vertex 298.2436591169412 -473.4999999999962 9.625000000000231
    vertex 298.16873380006234 -473.4999999999962 9.805885716173343
  endloop
endfacet
facet normal 0.79335334029132 0.0 0.6087614290086103
  outer loop
    vertex 298.362848083889 -473.4999999999962 9.469669914110336
    vertex 298.2436591169412 -483.49999999999625 9.625000000000231
    vertex 298.362848083889 -483.49999999999625 9.469669914110336
  endloop
endfacet
facet normal 0.79335334029132 0.0 0.6087614290086103
  outer loop
    vertex 298.2436591169412 -483.49999999999625 9.625000000000231
    vertex 298.362848083889 -473.4999999999962 9.469669914110336
    vertex 298.2436591169412 -473.4999999999962 9.625000000000231
  endloop
endfacet
facet normal 0.3826834323650502 0.0 0.9238795325113031
  outer loop
    vertex 298.69906388595234 -483.49999999999625 9.275555630283442
    vertex 298.5181781697795 -473.4999999999962 9.350480947161905
    vertex 298.5181781697795 -483.49999999999625 9.350480947161905
  endloop
endfacet
facet normal 0.3826834323650502 0.0 0.9238795325113031
  outer loop
    vertex 298.5181781697795 -473.4999999999962 9.350480947161905
    vertex 298.69906388595234 -483.49999999999625 9.275555630283442
    vertex 298.69906388595234 -473.4999999999962 9.275555630283442
  endloop
endfacet
facet normal -0.13052619222001957 0.0 0.9914448613738146
  outer loop
    vertex 299.0872924536062 -483.49999999999625 9.275555630283442
    vertex 298.893178169779 -473.4999999999962 9.250000000000243
    vertex 298.893178169779 -483.49999999999625 9.250000000000243
  endloop
endfacet
facet normal -0.13052619222001957 0.0 0.9914448613738146
  outer loop
    vertex 298.893178169779 -473.4999999999962 9.250000000000243
    vertex 299.0872924536062 -483.49999999999625 9.275555630283442
    vertex 299.0872924536062 -473.4999999999962 9.275555630283442
  endloop
endfacet
facet normal 0.3826834323650502 0.0 -0.9238795325113031
  outer loop
    vertex 298.69906388595234 -473.4999999999962 10.724444369717029
    vertex 298.5181781697795 -483.49999999999625 10.649519052838563
    vertex 298.5181781697795 -473.4999999999962 10.649519052838563
  endloop
endfacet
facet normal 0.3826834323650502 0.0 -0.9238795325113031
  outer loop
    vertex 298.5181781697795 -483.49999999999625 10.649519052838563
    vertex 298.69906388595234 -473.4999999999962 10.724444369717029
    vertex 298.69906388595234 -483.49999999999625 10.724444369717029
  endloop
endfacet
facet normal -0.9238795325110942 0.0 0.3826834323655548
  outer loop
    vertex 299.6176225394962 -473.4999999999962 9.805885716173343
    vertex 299.54269722261796 -483.49999999999625 9.625000000000247
    vertex 299.6176225394962 -483.49999999999625 9.805885716173343
  endloop
endfacet
facet normal -0.9238795325110942 0.0 0.3826834323655548
  outer loop
    vertex 299.54269722261796 -483.49999999999625 9.625000000000247
    vertex 299.6176225394962 -473.4999999999962 9.805885716173343
    vertex 299.54269722261796 -473.4999999999962 9.625000000000247
  endloop
endfacet
facet normal 0.793353340291354 0.0 -0.6087614290085657
  outer loop
    vertex 298.2436591169412 -473.4999999999962 10.37500000000022
    vertex 298.362848083889 -483.49999999999625 10.530330085890133
    vertex 298.2436591169412 -483.49999999999625 10.37500000000022
  endloop
endfacet
facet normal 0.793353340291354 0.0 -0.6087614290085657
  outer loop
    vertex 298.362848083889 -483.49999999999625 10.530330085890133
    vertex 298.2436591169412 -473.4999999999962 10.37500000000022
    vertex 298.362848083889 -473.4999999999962 10.530330085890133
  endloop
endfacet
facet normal -0.6087614290088138 0.7933533402911636 -2.903359377011654e-14
  outer loop
    vertex 294.2681781697738 -448.2789965427901 15.000000000000377
    vertex 294.4235082556637 -448.159807575842 5.0000000000002
    vertex 294.26817816977444 -448.2789965427901 5.000000000000182
  endloop
endfacet
facet normal -0.6087614290088138 0.7933533402911636 -2.903359377011654e-14
  outer loop
    vertex 294.4235082556637 -448.159807575842 5.0000000000002
    vertex 294.2681781697738 -448.2789965427901 15.000000000000377
    vertex 294.4235082556637 -448.1598075758417 15.000000000000377
  endloop
endfacet
facet normal -0.3826834323655223 0.9238795325111075 -3.315165716148902e-14
  outer loop
    vertex 294.0872924536004 -448.3539218596686 15.000000000000377
    vertex 294.26817816977444 -448.2789965427901 5.000000000000182
    vertex 294.0872924536016 -448.3539218596686 5.000000000000182
  endloop
endfacet
facet normal -0.3826834323655223 0.9238795325111075 -3.315165716148902e-14
  outer loop
    vertex 294.26817816977444 -448.2789965427901 5.000000000000182
    vertex 294.0872924536004 -448.3539218596686 15.000000000000377
    vertex 294.2681781697738 -448.2789965427901 15.000000000000377
  endloop
endfacet
facet normal 0.0 0.0 -0.9999999999999999
  outer loop
    vertex 292.1351931659258 -455.0936880828865 7.000000000000377
    vertex 292.1351931659258 -456.0357894070594 7.000000000000377
    vertex 292.07317816977303 -455.56473874497294 7.000000000000377
  endloop
endfacet
facet normal 0.0 0.0 -0.9999999999999999
  outer loop
    vertex 292.1351931659258 -456.0357894070594 7.000000000000377
    vertex 292.1351931659258 -455.0936880828865 7.000000000000377
    vertex 292.31701193488453 -454.65473874497286 7.000000000000377
  endloop
endfacet
facet normal 0.0 0.0 -0.9999999999999999
  outer loop
    vertex 292.1351931659258 -456.0357894070594 7.000000000000377
    vertex 292.31701193488453 -454.65473874497286 7.000000000000377
    vertex 292.31701193488453 -456.474738744973 7.000000000000377
  endloop
endfacet
facet normal 0.0 0.0 -0.9999999999999999
  outer loop
    vertex 292.31701193488453 -456.474738744973 7.000000000000377
    vertex 292.31701193488453 -454.65473874497286 7.000000000000377
    vertex 292.60624382801336 -454.27780440321305 7.000000000000377
  endloop
endfacet
facet normal 0.0 0.0 -0.9999999999999999
  outer loop
    vertex 292.31701193488453 -456.474738744973 7.000000000000377
    vertex 292.60624382801336 -454.27780440321305 7.000000000000377
    vertex 292.60624382801336 -456.8516730867327 7.000000000000377
  endloop
endfacet
facet normal 0.0 0.0 -0.9999999999999999
  outer loop
    vertex 292.60624382801336 -456.8516730867327 7.000000000000377
    vertex 292.60624382801336 -454.27780440321305 7.000000000000377
    vertex 292.9831781697719 -453.9885725100854 7.000000000000377
  endloop
endfacet
facet normal 0.0 0.0 -0.9999999999999999
  outer loop
    vertex 292.60624382801336 -456.8516730867327 7.000000000000377
    vertex 292.9831781697719 -453.9885725100854 7.000000000000377
    vertex 292.98317816977254 -457.14090497986064 7.000000000000377
  endloop
endfacet
facet normal 0.0 0.0 -0.9999999999999999
  outer loop
    vertex 292.98317816977254 -457.14090497986064 7.000000000000377
    vertex 292.9831781697719 -453.9885725100854 7.000000000000377
    vertex 293.4221275076856 -453.8067537411267 7.000000000000377
  endloop
endfacet
facet normal 0.0 0.0 -0.9999999999999999
  outer loop
    vertex 292.98317816977254 -457.14090497986064 7.000000000000377
    vertex 293.4221275076856 -453.8067537411267 7.000000000000377
    vertex 293.4221275076856 -457.32272374881916 7.000000000000377
  endloop
endfacet
facet normal 0.0 0.0 -0.9999999999999999
  outer loop
    vertex 293.4221275076856 -457.32272374881916 7.000000000000377
    vertex 293.4221275076856 -453.8067537411267 7.000000000000377
    vertex 293.8931781697732 -453.7447387449728 7.000000000000377
  endloop
endfacet
facet normal 0.0 0.0 -0.9999999999999999
  outer loop
    vertex 293.4221275076856 -457.32272374881916 7.000000000000377
    vertex 293.8931781697732 -453.7447387449728 7.000000000000377
    vertex 293.8931781697732 -457.3847387449731 7.000000000000377
  endloop
endfacet
facet normal 0.0 0.0 -0.9999999999999999
  outer loop
    vertex 293.8931781697732 -457.3847387449731 7.000000000000377
    vertex 293.8931781697732 -453.7447387449728 7.000000000000377
    vertex 294.36422883185907 -453.8067537411267 7.000000000000377
  endloop
endfacet
facet normal 0.0 0.0 -0.9999999999999999
  outer loop
    vertex 293.8931781697732 -457.3847387449731 7.000000000000377
    vertex 294.36422883185907 -453.8067537411267 7.000000000000377
    vertex 294.36422883185907 -457.32272374881916 7.000000000000377
  endloop
endfacet
facet normal 0.0 0.0 -0.9999999999999999
  outer loop
    vertex 294.36422883185907 -457.32272374881916 7.000000000000377
    vertex 294.36422883185907 -453.8067537411267 7.000000000000377
    vertex 294.8031781697721 -453.9885725100854 7.000000000000377
  endloop
endfacet
facet normal 0.0 0.0 -0.9999999999999999
  outer loop
    vertex 294.36422883185907 -457.32272374881916 7.000000000000377
    vertex 294.8031781697721 -453.9885725100854 7.000000000000377
    vertex 294.8031781697727 -457.14090497986064 7.000000000000377
  endloop
endfacet
facet normal 0.0 0.0 -0.9999999999999999
  outer loop
    vertex 294.8031781697727 -457.14090497986064 7.000000000000377
    vertex 294.8031781697721 -453.9885725100854 7.000000000000377
    vertex 295.18011251153246 -454.27780440321305 7.000000000000377
  endloop
endfacet
facet normal 0.0 0.0 -0.9999999999999999
  outer loop
    vertex 294.8031781697727 -457.14090497986064 7.000000000000377
    vertex 295.18011251153246 -454.27780440321305 7.000000000000377
    vertex 295.18011251153246 -456.8516730867327 7.000000000000377
  endloop
endfacet
facet normal 0.0 0.0 -0.9999999999999999
  outer loop
    vertex 295.18011251153246 -456.8516730867327 7.000000000000377
    vertex 295.18011251153246 -454.27780440321305 7.000000000000377
    vertex 295.46934440466066 -454.65473874497286 7.000000000000377
  endloop
endfacet
facet normal 0.0 0.0 -0.9999999999999999
  outer loop
    vertex 295.18011251153246 -456.8516730867327 7.000000000000377
    vertex 295.46934440466066 -454.65473874497286 7.000000000000377
    vertex 295.46934440466066 -456.474738744973 7.000000000000377
  endloop
endfacet
facet normal 0.0 0.0 -0.9999999999999999
  outer loop
    vertex 295.46934440466066 -456.474738744973 7.000000000000377
    vertex 295.46934440466066 -454.65473874497286 7.000000000000377
    vertex 295.6511631736183 -455.0936880828865 7.000000000000377
  endloop
endfacet
facet normal 0.0 0.0 -0.9999999999999999
  outer loop
    vertex 295.46934440466066 -456.474738744973 7.000000000000377
    vertex 295.6511631736183 -455.0936880828865 7.000000000000377
    vertex 295.6511631736183 -456.0357894070594 7.000000000000377
  endloop
endfacet
facet normal 0.0 0.0 -0.9999999999999999
  outer loop
    vertex 295.6511631736183 -456.0357894070594 7.000000000000377
    vertex 295.6511631736183 -455.0936880828865 7.000000000000377
    vertex 295.71317816977336 -455.56473874497294 7.000000000000377
  endloop
endfacet
facet normal 0.793353340291354 -0.6087614290085657 3.515778052350019e-14
  outer loop
    vertex 293.3628480838838 -447.0991474040623 5.0000000000002
    vertex 293.2436591169355 -447.2544774899517 15.000000000000377
    vertex 293.2436591169355 -447.2544774899522 5.0000000000002
  endloop
endfacet
facet normal 0.793353340291354 -0.6087614290085657 3.515778052350019e-14
  outer loop
    vertex 293.2436591169355 -447.2544774899517 15.000000000000377
    vertex 293.3628480838838 -447.0991474040623 5.0000000000002
    vertex 293.3628480838838 -447.0991474040618 15.000000000000377
  endloop
endfacet
facet normal -0.9914448613736238 0.13052619222146933 -6.102791196715314e-14
  outer loop
    vertex 294.6176225394904 -447.82359177377873 15.000000000000377
    vertex 294.64317816977444 -447.629477489952 5.0000000000002
    vertex 294.617622539491 -447.82359177377896 5.0000000000002
  endloop
endfacet
facet normal -0.9914448613736238 0.13052619222146933 -6.102791196715314e-14
  outer loop
    vertex 294.64317816977444 -447.629477489952 5.0000000000002
    vertex 294.6176225394904 -447.82359177377873 15.000000000000377
    vertex 294.6431781697739 -447.6294774899518 15.000000000000377
  endloop
endfacet
facet normal -0.7933533402923396 0.6087614290072811 1.4119810684685127e-14
  outer loop
    vertex 294.4235082556637 -448.1598075758417 15.000000000000377
    vertex 294.54269722261154 -448.0044774899518 5.0000000000002
    vertex 294.4235082556637 -448.159807575842 5.0000000000002
  endloop
endfacet
facet normal -0.7933533402923396 0.6087614290072811 1.4119810684685127e-14
  outer loop
    vertex 294.54269722261154 -448.0044774899518 5.0000000000002
    vertex 294.4235082556637 -448.1598075758417 15.000000000000377
    vertex 294.5426972226121 -448.0044774899518 15.000000000000377
  endloop
endfacet
facet normal 0.9914448613738019 -0.13052619222011502 -2.6744762874321485e-14
  outer loop
    vertex 293.1687338000566 -447.4353632061251 5.0000000000002
    vertex 293.14317816977365 -447.6294774899518 15.000000000000377
    vertex 293.14317816977365 -447.6294774899518 5.0000000000002
  endloop
endfacet
facet normal 0.9914448613738019 -0.13052619222011502 -2.6744762874321485e-14
  outer loop
    vertex 293.14317816977365 -447.6294774899518 15.000000000000377
    vertex 293.1687338000566 -447.4353632061251 5.0000000000002
    vertex 293.16873380005717 -447.4353632061248 15.000000000000377
  endloop
endfacet
facet normal -0.991444861373433 -0.13052619222291909 -2.4860194059597205e-14
  outer loop
    vertex 294.6431781697739 -447.6294774899518 15.000000000000377
    vertex 294.6176225394904 -447.4353632061251 5.0000000000002
    vertex 294.64317816977444 -447.629477489952 5.0000000000002
  endloop
endfacet
facet normal -0.991444861373433 -0.13052619222291909 -2.4860194059597205e-14
  outer loop
    vertex 294.6176225394904 -447.4353632061251 5.0000000000002
    vertex 294.6431781697739 -447.6294774899518 15.000000000000377
    vertex 294.6176225394904 -447.4353632061248 15.000000000000377
  endloop
endfacet
facet normal -0.9238795325115211 -0.38268343236452396 1.6575828580701304e-14
  outer loop
    vertex 294.6176225394904 -447.4353632061248 15.000000000000377
    vertex 294.5426972226121 -447.2544774899522 5.0000000000002
    vertex 294.6176225394904 -447.4353632061251 5.0000000000002
  endloop
endfacet
facet normal -0.9238795325115211 -0.38268343236452396 1.6575828580701304e-14
  outer loop
    vertex 294.5426972226121 -447.2544774899522 5.0000000000002
    vertex 294.6176225394904 -447.4353632061248 15.000000000000377
    vertex 294.5426972226121 -447.2544774899517 15.000000000000377
  endloop
endfacet
facet normal 0.13052619221948555 0.9914448613738851 -1.4314610364502895e-14
  outer loop
    vertex 293.6990638859471 -448.3539218596686 15.000000000000377
    vertex 293.89317816977376 -448.37947748995185 5.0000000000002
    vertex 293.6990638859471 -448.35392185966896 5.0000000000002
  endloop
endfacet
facet normal 0.13052619221948555 0.9914448613738851 -1.4314610364502895e-14
  outer loop
    vertex 293.89317816977376 -448.37947748995185 5.0000000000002
    vertex 293.6990638859471 -448.3539218596686 15.000000000000377
    vertex 293.89317816977376 -448.37947748995185 15.000000000000377
  endloop
endfacet
facet normal 0.38268343236541436 -0.9238795325111524 -1.3339196722384669e-14
  outer loop
    vertex 293.6990638859471 -446.9050331202348 15.000000000000377
    vertex 293.5181781697743 -446.9799584371131 5.0000000000002
    vertex 293.69906388594654 -446.9050331202348 5.0000000000002
  endloop
endfacet
facet normal 0.38268343236541436 -0.9238795325111524 -1.3339196722384669e-14
  outer loop
    vertex 293.5181781697743 -446.9799584371131 5.0000000000002
    vertex 293.6990638859471 -446.9050331202348 15.000000000000377
    vertex 293.51817816977376 -446.9799584371134 15.000000000000377
  endloop
endfacet
facet normal -0.9238795325104782 0.38268343236704194 -5.525276193603454e-15
  outer loop
    vertex 294.6176225394904 -447.82359177377873 15.000000000000377
    vertex 294.54269722261154 -448.0044774899518 5.0000000000002
    vertex 294.5426972226121 -448.0044774899518 15.000000000000377
  endloop
endfacet
facet normal -0.9238795325104782 0.38268343236704194 -5.525276193603454e-15
  outer loop
    vertex 294.54269722261154 -448.0044774899518 5.0000000000002
    vertex 294.6176225394904 -447.82359177377873 15.000000000000377
    vertex 294.617622539491 -447.82359177377896 5.0000000000002
  endloop
endfacet
facet normal 0.9238795325109997 -0.3826834323657829 -1.0102564864009089e-14
  outer loop
    vertex 293.2436591169355 -447.2544774899522 5.0000000000002
    vertex 293.16873380005717 -447.4353632061248 15.000000000000377
    vertex 293.1687338000566 -447.4353632061251 5.0000000000002
  endloop
endfacet
facet normal 0.9238795325109997 -0.3826834323657829 -1.0102564864009089e-14
  outer loop
    vertex 293.16873380005717 -447.4353632061248 15.000000000000377
    vertex 293.2436591169355 -447.2544774899522 5.0000000000002
    vertex 293.2436591169355 -447.2544774899517 15.000000000000377
  endloop
endfacet
facet normal 0.6087614290092459 -0.7933533402908322 2.90335181695188e-14
  outer loop
    vertex 293.51817816977376 -446.9799584371134 15.000000000000377
    vertex 293.3628480838838 -447.0991474040623 5.0000000000002
    vertex 293.5181781697743 -446.9799584371131 5.0000000000002
  endloop
endfacet
facet normal 0.6087614290092459 -0.7933533402908322 2.90335181695188e-14
  outer loop
    vertex 293.3628480838838 -447.0991474040623 5.0000000000002
    vertex 293.51817816977376 -446.9799584371134 15.000000000000377
    vertex 293.3628480838838 -447.0991474040618 15.000000000000377
  endloop
endfacet
facet normal -0.13052619221975784 0.991444861373849 -4.132620938762995e-15
  outer loop
    vertex 293.89317816977376 -448.37947748995185 5.0000000000002
    vertex 294.0872924536004 -448.3539218596686 15.000000000000377
    vertex 294.0872924536016 -448.3539218596686 5.000000000000182
  endloop
endfacet
facet normal -0.13052619221975784 0.991444861373849 -4.132620938762995e-15
  outer loop
    vertex 294.0872924536004 -448.3539218596686 15.000000000000377
    vertex 293.89317816977376 -448.37947748995185 5.0000000000002
    vertex 293.89317816977376 -448.37947748995185 15.000000000000377
  endloop
endfacet
facet normal 0.13052619222001957 -0.9914448613738146 -3.769137629262545e-15
  outer loop
    vertex 293.89317816977376 -446.87947748995157 15.000000000000377
    vertex 293.69906388594654 -446.9050331202348 5.0000000000002
    vertex 293.89317816977376 -446.87947748995157 5.0000000000002
  endloop
endfacet
facet normal 0.13052619222001957 -0.9914448613738146 -3.769137629262545e-15
  outer loop
    vertex 293.69906388594654 -446.9050331202348 5.0000000000002
    vertex 293.89317816977376 -446.87947748995157 15.000000000000377
    vertex 293.6990638859471 -446.9050331202348 15.000000000000377
  endloop
endfacet
facet normal 0.6087614290085657 0.793353340291354 1.2248524707987015e-14
  outer loop
    vertex 293.3628480838838 -448.1598075758417 15.000000000000377
    vertex 293.5181781697743 -448.2789965427903 5.0000000000002
    vertex 293.3628480838844 -448.159807575842 5.0000000000002
  endloop
endfacet
facet normal 0.6087614290085657 0.793353340291354 1.2248524707987015e-14
  outer loop
    vertex 293.5181781697743 -448.2789965427903 5.0000000000002
    vertex 293.3628480838838 -448.1598075758417 15.000000000000377
    vertex 293.51817816977376 -448.2789965427901 15.000000000000377
  endloop
endfacet
facet normal 0.3826834323655221 0.9238795325111077 -1.5627841057605014e-14
  outer loop
    vertex 293.51817816977376 -448.2789965427901 15.000000000000377
    vertex 293.6990638859471 -448.35392185966896 5.0000000000002
    vertex 293.5181781697743 -448.2789965427903 5.0000000000002
  endloop
endfacet
facet normal 0.3826834323655221 0.9238795325111077 -1.5627841057605014e-14
  outer loop
    vertex 293.6990638859471 -448.35392185966896 5.0000000000002
    vertex 293.51817816977376 -448.2789965427901 15.000000000000377
    vertex 293.6990638859471 -448.3539218596686 15.000000000000377
  endloop
endfacet
facet normal 0.6063523263314597 -0.7902137365561974 -0.08887692000918783
  outer loop
    vertex 292.9831781697719 -453.9885725100854 7.000000000000377
    vertex 292.4789646074017 -454.15052518259967 5.0000000000002
    vertex 292.8931781697746 -453.832687937404 5.0000000000002
  endloop
endfacet
facet normal 0.6063523263314597 -0.7902137365561974 -0.08887692000918783
  outer loop
    vertex 292.4789646074017 -454.15052518259967 5.0000000000002
    vertex 292.9831781697719 -453.9885725100854 7.000000000000377
    vertex 292.60624382801336 -454.27780440321305 7.000000000000377
  endloop
endfacet
facet normal 0.6063523263306498 0.7902137365567484 -0.08887692000981433
  outer loop
    vertex 292.60624382801336 -456.8516730867327 7.000000000000377
    vertex 292.8931781697751 -457.29678955254326 5.0000000000002
    vertex 292.4789646074005 -456.9789523073473 5.0000000000002
  endloop
endfacet
facet normal 0.6063523263306498 0.7902137365567484 -0.08887692000981433
  outer loop
    vertex 292.8931781697751 -457.29678955254326 5.0000000000002
    vertex 292.60624382801336 -456.8516730867327 7.000000000000377
    vertex 292.98317816977254 -457.14090497986064 7.000000000000377
  endloop
endfacet
facet normal -0.38116900711200746 -0.9202233865245995 -0.0888769200098889
  outer loop
    vertex 294.8031781697721 -453.9885725100854 7.000000000000377
    vertex 294.4108162599788 -453.6328870923952 5.000000000000182
    vertex 294.89317816977353 -453.8326879374046 5.000000000000182
  endloop
endfacet
facet normal -0.38116900711200746 -0.9202233865245995 -0.0888769200098889
  outer loop
    vertex 294.4108162599788 -453.6328870923952 5.000000000000182
    vertex 294.8031781697721 -453.9885725100854 7.000000000000377
    vertex 294.36422883185907 -453.8067537411267 7.000000000000377
  endloop
endfacet
facet normal 0.9202233865248616 0.3811690071115162 -0.08887692000928094
  outer loop
    vertex 291.9613265171955 -456.0823768351785 5.000000000000217
    vertex 292.31701193488453 -456.474738744973 7.000000000000377
    vertex 292.1611273622048 -456.56473874497414 5.0000000000002
  endloop
endfacet
facet normal 0.9202233865248616 0.3811690071115162 -0.08887692000928094
  outer loop
    vertex 292.31701193488453 -456.474738744973 7.000000000000377
    vertex 291.9613265171955 -456.0823768351785 5.000000000000217
    vertex 292.1351931659258 -456.0357894070594 7.000000000000377
  endloop
endfacet
facet normal -0.13000964996867823 -0.9875213334427918 -0.08887692000959609
  outer loop
    vertex 294.36422883185907 -453.8067537411267 7.000000000000377
    vertex 293.89317816977376 -453.5647387449734 5.0000000000002
    vertex 294.4108162599788 -453.6328870923952 5.000000000000182
  endloop
endfacet
facet normal -0.13000964996867823 -0.9875213334427918 -0.08887692000959609
  outer loop
    vertex 293.89317816977376 -453.5647387449734 5.0000000000002
    vertex 294.36422883185907 -453.8067537411267 7.000000000000377
    vertex 293.8931781697732 -453.7447387449728 7.000000000000377
  endloop
endfacet
facet normal 0.7902137365555372 -0.6063523263323205 -0.08887692000918607
  outer loop
    vertex 292.1611273622043 -454.56473874497345 5.000000000000182
    vertex 292.60624382801336 -454.27780440321305 7.000000000000377
    vertex 292.31701193488453 -454.65473874497286 7.000000000000377
  endloop
endfacet
facet normal 0.7902137365555372 -0.6063523263323205 -0.08887692000918607
  outer loop
    vertex 292.60624382801336 -454.27780440321305 7.000000000000377
    vertex 292.1611273622043 -454.56473874497345 5.000000000000182
    vertex 292.4789646074017 -454.15052518259967 5.0000000000002
  endloop
endfacet
facet normal 0.1300096499684082 0.9875213334427796 -0.08887692001012625
  outer loop
    vertex 293.4221275076856 -457.32272374881916 7.000000000000377
    vertex 293.8931781697749 -457.5647387449739 5.0000000000002
    vertex 293.37554007956936 -457.49659039755204 5.0000000000002
  endloop
endfacet
facet normal 0.1300096499684082 0.9875213334427796 -0.08887692001012625
  outer loop
    vertex 293.8931781697749 -457.5647387449739 5.0000000000002
    vertex 293.4221275076856 -457.32272374881916 7.000000000000377
    vertex 293.8931781697732 -457.3847387449731 7.000000000000377
  endloop
endfacet
facet normal -0.9875213334425013 0.1300096499702155 -0.08887692001057684
  outer loop
    vertex 295.6511631736183 -456.0357894070594 7.000000000000377
    vertex 295.89317816977444 -455.5647387449732 5.0000000000002
    vertex 295.82502982235206 -456.0823768351788 5.0000000000002
  endloop
endfacet
facet normal -0.9875213334425013 0.1300096499702155 -0.08887692001057684
  outer loop
    vertex 295.89317816977444 -455.5647387449732 5.0000000000002
    vertex 295.6511631736183 -456.0357894070594 7.000000000000377
    vertex 295.71317816977336 -455.56473874497294 7.000000000000377
  endloop
endfacet
facet normal -0.13000964996897035 0.9875213334426968 -0.08887692001022399
  outer loop
    vertex 293.8931781697732 -457.3847387449731 7.000000000000377
    vertex 294.4108162599788 -457.49659039755176 5.0000000000002
    vertex 293.8931781697749 -457.5647387449739 5.0000000000002
  endloop
endfacet
facet normal -0.13000964996897035 0.9875213334426968 -0.08887692001022399
  outer loop
    vertex 294.4108162599788 -457.49659039755176 5.0000000000002
    vertex 293.8931781697732 -457.3847387449731 7.000000000000377
    vertex 294.36422883185907 -457.32272374881916 7.000000000000377
  endloop
endfacet
facet normal -0.9202233865251225 -0.38116900711064877 -0.08887692001029876
  outer loop
    vertex 295.46934440466066 -454.65473874497286 7.000000000000377
    vertex 295.82502982235206 -455.04710065476877 5.0000000000002
    vertex 295.6511631736183 -455.0936880828865 7.000000000000377
  endloop
endfacet
facet normal -0.9202233865251225 -0.38116900711064877 -0.08887692001029876
  outer loop
    vertex 295.82502982235206 -455.04710065476877 5.0000000000002
    vertex 295.46934440466066 -454.65473874497286 7.000000000000377
    vertex 295.6252289773427 -454.56473874497345 5.000000000000217
  endloop
endfacet
facet normal 0.987521333443132 -0.1300096499663397 -0.08887692000923852
  outer loop
    vertex 291.96132651719495 -455.04710065476826 5.000000000000182
    vertex 292.07317816977303 -455.56473874497294 7.000000000000377
    vertex 291.8931781697742 -455.5647387449735 5.000000000000217
  endloop
endfacet
facet normal 0.987521333443132 -0.1300096499663397 -0.08887692000923852
  outer loop
    vertex 292.07317816977303 -455.56473874497294 7.000000000000377
    vertex 291.96132651719495 -455.04710065476826 5.000000000000182
    vertex 292.1351931659258 -455.0936880828865 7.000000000000377
  endloop
endfacet
facet normal 0.9202233865247285 -0.3811690071118339 -0.08887692000929766
  outer loop
    vertex 291.96132651719495 -455.04710065476826 5.000000000000182
    vertex 292.31701193488453 -454.65473874497286 7.000000000000377
    vertex 292.1351931659258 -455.0936880828865 7.000000000000377
  endloop
endfacet
facet normal 0.9202233865247285 -0.3811690071118339 -0.08887692000929766
  outer loop
    vertex 292.31701193488453 -454.65473874497286 7.000000000000377
    vertex 291.96132651719495 -455.04710065476826 5.000000000000182
    vertex 292.1611273622043 -454.56473874497345 5.000000000000182
  endloop
endfacet
facet normal -0.7902137365563909 -0.6063523263310878 -0.08887692001000513
  outer loop
    vertex 295.18011251153246 -454.27780440321305 7.000000000000377
    vertex 295.6252289773427 -454.56473874497345 5.000000000000217
    vertex 295.46934440466066 -454.65473874497286 7.000000000000377
  endloop
endfacet
facet normal -0.7902137365563909 -0.6063523263310878 -0.08887692001000513
  outer loop
    vertex 295.6252289773427 -454.56473874497345 5.000000000000217
    vertex 295.18011251153246 -454.27780440321305 7.000000000000377
    vertex 295.30739173214704 -454.15052518260023 5.000000000000182
  endloop
endfacet
facet normal 0.9875213334430559 0.1300096499669687 -0.08887692000916306
  outer loop
    vertex 291.8931781697742 -455.5647387449735 5.000000000000217
    vertex 292.1351931659258 -456.0357894070594 7.000000000000377
    vertex 291.9613265171955 -456.0823768351785 5.000000000000217
  endloop
endfacet
facet normal 0.9875213334430559 0.1300096499669687 -0.08887692000916306
  outer loop
    vertex 292.1351931659258 -456.0357894070594 7.000000000000377
    vertex 291.8931781697742 -455.5647387449735 5.000000000000217
    vertex 292.07317816977303 -455.56473874497294 7.000000000000377
  endloop
endfacet
facet normal 0.7902137365561474 0.6063523263314451 -0.0888769200097339
  outer loop
    vertex 292.1611273622048 -456.56473874497414 5.0000000000002
    vertex 292.60624382801336 -456.8516730867327 7.000000000000377
    vertex 292.4789646074005 -456.9789523073473 5.0000000000002
  endloop
endfacet
facet normal 0.7902137365561474 0.6063523263314451 -0.0888769200097339
  outer loop
    vertex 292.60624382801336 -456.8516730867327 7.000000000000377
    vertex 292.1611273622048 -456.56473874497414 5.0000000000002
    vertex 292.31701193488453 -456.474738744973 7.000000000000377
  endloop
endfacet
facet normal -0.9875213334424872 -0.13000964997037237 -0.08887692001050233
  outer loop
    vertex 295.71317816977336 -455.56473874497294 7.000000000000377
    vertex 295.82502982235206 -455.04710065476877 5.0000000000002
    vertex 295.89317816977444 -455.5647387449732 5.0000000000002
  endloop
endfacet
facet normal -0.9875213334424872 -0.13000964997037237 -0.08887692001050233
  outer loop
    vertex 295.82502982235206 -455.04710065476877 5.0000000000002
    vertex 295.71317816977336 -455.56473874497294 7.000000000000377
    vertex 295.6511631736183 -455.0936880828865 7.000000000000377
  endloop
endfacet
facet normal 0.38116900711147145 0.9202233865248198 -0.08887692000990487
  outer loop
    vertex 292.98317816977254 -457.14090497986064 7.000000000000377
    vertex 293.37554007956936 -457.49659039755204 5.0000000000002
    vertex 292.8931781697751 -457.29678955254326 5.0000000000002
  endloop
endfacet
facet normal 0.38116900711147145 0.9202233865248198 -0.08887692000990487
  outer loop
    vertex 293.37554007956936 -457.49659039755204 5.0000000000002
    vertex 292.98317816977254 -457.14090497986064 7.000000000000377
    vertex 293.4221275076856 -457.32272374881916 7.000000000000377
  endloop
endfacet
facet normal -0.6063523263303296 -0.7902137365569728 -0.08887692001000293
  outer loop
    vertex 295.18011251153246 -454.27780440321305 7.000000000000377
    vertex 294.89317816977353 -453.8326879374046 5.000000000000182
    vertex 295.30739173214704 -454.15052518260023 5.000000000000182
  endloop
endfacet
facet normal -0.6063523263303296 -0.7902137365569728 -0.08887692001000293
  outer loop
    vertex 294.89317816977353 -453.8326879374046 5.000000000000182
    vertex 295.18011251153246 -454.27780440321305 7.000000000000377
    vertex 294.8031781697721 -453.9885725100854 7.000000000000377
  endloop
endfacet
facet normal -0.9914448613736238 -0.13052619222146933 3.769137629304529e-15
  outer loop
    vertex 140.60145237354118 -473.4999999999956 15.000000000000195
    vertex 140.5758967432577 -473.305885716169 5.000000000000182
    vertex 140.60145237354118 -473.4999999999959 5.000000000000182
  endloop
endfacet
facet normal -0.9914448613736238 -0.13052619222146933 3.769137629304529e-15
  outer loop
    vertex 140.5758967432577 -473.305885716169 5.000000000000182
    vertex 140.60145237354118 -473.4999999999956 15.000000000000195
    vertex 140.5758967432577 -473.3058857161687 15.000000000000195
  endloop
endfacet
facet normal -0.9238795325111077 0.38268343236552227 4.577288670442161e-15
  outer loop
    vertex 140.5009714263794 -473.8749999999956 15.000000000000195
    vertex 140.5758967432577 -473.6941142838231 5.000000000000182
    vertex 140.5009714263788 -473.87499999999625 5.000000000000182
  endloop
endfacet
facet normal -0.9238795325111077 0.38268343236552227 4.577288670442161e-15
  outer loop
    vertex 140.5758967432577 -473.6941142838231 5.000000000000182
    vertex 140.5009714263794 -473.8749999999956 15.000000000000195
    vertex 140.5758967432577 -473.69411428382256 15.000000000000195
  endloop
endfacet
facet normal -0.13052619222068237 -0.9914448613737274 7.997609995476462e-15
  outer loop
    vertex 140.04556665736771 -472.7755556302787 15.000000000000195
    vertex 139.85145237354106 -472.7499999999955 5.0000000000002
    vertex 140.04556665736828 -472.775555630279 5.0000000000002
  endloop
endfacet
facet normal -0.13052619222068237 -0.9914448613737274 7.997609995476462e-15
  outer loop
    vertex 139.85145237354106 -472.7499999999955 5.0000000000002
    vertex 140.04556665736771 -472.7755556302787 15.000000000000195
    vertex 139.85145237354106 -472.7499999999955 15.000000000000195
  endloop
endfacet
facet normal -0.6087614290085657 0.793353340291354 -2.449704941597492e-14
  outer loop
    vertex 140.22645237354112 -474.1495190528339 15.000000000000195
    vertex 140.3817824594322 -474.030330085885 5.0000000000002
    vertex 140.2264523735423 -474.1495190528334 5.0000000000002
  endloop
endfacet
facet normal -0.6087614290085657 0.793353340291354 -2.449704941597492e-14
  outer loop
    vertex 140.3817824594322 -474.030330085885 5.0000000000002
    vertex 140.22645237354112 -474.1495190528339 15.000000000000195
    vertex 140.38178245943104 -474.0303300858856 15.000000000000195
  endloop
endfacet
facet normal -0.7902137365566685 0.6063523263306918 -0.08887692001023892
  outer loop
    vertex 295.18011251153246 -456.8516730867327 7.000000000000377
    vertex 295.6252289773421 -456.5647387449735 5.000000000000182
    vertex 295.30739173214704 -456.9789523073468 5.0000000000002
  endloop
endfacet
facet normal -0.7902137365566685 0.6063523263306918 -0.08887692001023892
  outer loop
    vertex 295.6252289773421 -456.5647387449735 5.000000000000182
    vertex 295.18011251153246 -456.8516730867327 7.000000000000377
    vertex 295.46934440466066 -456.474738744973 7.000000000000377
  endloop
endfacet
facet normal -0.6063523263308617 0.7902137365565259 -0.0888769200103468
  outer loop
    vertex 294.8031781697727 -457.14090497986064 7.000000000000377
    vertex 295.30739173214704 -456.9789523073468 5.0000000000002
    vertex 294.8931781697753 -457.29678955254127 5.000000000000182
  endloop
endfacet
facet normal -0.6063523263308617 0.7902137365565259 -0.0888769200103468
  outer loop
    vertex 295.30739173214704 -456.9789523073468 5.0000000000002
    vertex 294.8031781697727 -457.14090497986064 7.000000000000377
    vertex 295.18011251153246 -456.8516730867327 7.000000000000377
  endloop
endfacet
facet normal -0.3811690071119601 0.9202233865245895 -0.08887692001019619
  outer loop
    vertex 294.4108162599788 -457.49659039755176 5.0000000000002
    vertex 294.8031781697727 -457.14090497986064 7.000000000000377
    vertex 294.8931781697753 -457.29678955254127 5.000000000000182
  endloop
endfacet
facet normal -0.3811690071119601 0.9202233865245895 -0.08887692001019619
  outer loop
    vertex 294.8031781697727 -457.14090497986064 7.000000000000377
    vertex 294.4108162599788 -457.49659039755176 5.0000000000002
    vertex 294.36422883185907 -457.32272374881916 7.000000000000377
  endloop
endfacet
facet normal -0.9202233865248084 0.38116900711137447 -0.08887692001043912
  outer loop
    vertex 295.46934440466066 -456.474738744973 7.000000000000377
    vertex 295.82502982235206 -456.0823768351788 5.0000000000002
    vertex 295.6252289773421 -456.5647387449735 5.000000000000182
  endloop
endfacet
facet normal -0.9202233865248084 0.38116900711137447 -0.08887692001043912
  outer loop
    vertex 295.82502982235206 -456.0823768351788 5.0000000000002
    vertex 295.46934440466066 -456.474738744973 7.000000000000377
    vertex 295.6511631736183 -456.0357894070594 7.000000000000377
  endloop
endfacet
facet normal -0.923879532511413 -0.3826834323647848 2.2100762142745372e-14
  outer loop
    vertex 140.5758967432577 -473.3058857161687 15.000000000000195
    vertex 140.5009714263794 -473.1249999999964 5.000000000000182
    vertex 140.5758967432577 -473.305885716169 5.000000000000182
  endloop
endfacet
facet normal -0.923879532511413 -0.3826834323647848 2.2100762142745372e-14
  outer loop
    vertex 140.5009714263794 -473.1249999999964 5.000000000000182
    vertex 140.5758967432577 -473.3058857161687 15.000000000000195
    vertex 140.5009714263794 -473.12499999999557 15.000000000000195
  endloop
endfacet
facet normal 0.3811690071110624 -0.920223386525053 -0.08887692000924541
  outer loop
    vertex 293.4221275076856 -453.8067537411267 7.000000000000377
    vertex 292.8931781697746 -453.832687937404 5.0000000000002
    vertex 293.37554007956936 -453.6328870923955 5.000000000000182
  endloop
endfacet
facet normal 0.3811690071110624 -0.920223386525053 -0.08887692000924541
  outer loop
    vertex 292.8931781697746 -453.832687937404 5.0000000000002
    vertex 293.4221275076856 -453.8067537411267 7.000000000000377
    vertex 292.9831781697719 -453.9885725100854 7.000000000000377
  endloop
endfacet
facet normal -0.3826834323651087 -0.9238795325112787 6.86596953081705e-15
  outer loop
    vertex 140.22645237354112 -472.8504809471573 15.000000000000195
    vertex 140.04556665736828 -472.775555630279 5.0000000000002
    vertex 140.2264523735423 -472.8504809471579 5.000000000000182
  endloop
endfacet
facet normal -0.3826834323651087 -0.9238795325112787 6.86596953081705e-15
  outer loop
    vertex 140.04556665736828 -472.775555630279 5.0000000000002
    vertex 140.22645237354112 -472.8504809471573 15.000000000000195
    vertex 140.04556665736771 -472.7755556302787 15.000000000000195
  endloop
endfacet
facet normal -0.38268343236385 0.9238795325118003 3.35443264506271e-14
  outer loop
    vertex 140.04556665736771 -474.22444436971256 15.000000000000195
    vertex 140.2264523735423 -474.1495190528334 5.0000000000002
    vertex 140.04556665736828 -474.22444436971165 5.0000000000002
  endloop
endfacet
facet normal -0.38268343236385 0.9238795325118003 3.35443264506271e-14
  outer loop
    vertex 140.2264523735423 -474.1495190528334 5.0000000000002
    vertex 140.04556665736771 -474.22444436971256 15.000000000000195
    vertex 140.22645237354112 -474.1495190528339 15.000000000000195
  endloop
endfacet
facet normal -0.6087614290085657 -0.793353340291354 -2.4497049415974775e-14
  outer loop
    vertex 140.38178245943104 -472.9696699141056 15.000000000000195
    vertex 140.2264523735423 -472.8504809471579 5.000000000000182
    vertex 140.3817824594322 -472.9696699141062 5.000000000000182
  endloop
endfacet
facet normal -0.6087614290085657 -0.793353340291354 -2.4497049415974775e-14
  outer loop
    vertex 140.2264523735423 -472.8504809471579 5.000000000000182
    vertex 140.38178245943104 -472.9696699141056 15.000000000000195
    vertex 140.22645237354112 -472.8504809471573 15.000000000000195
  endloop
endfacet
facet normal 0.3826834323650008 0.9238795325113236 4.420220954859328e-14
  outer loop
    vertex 139.476452373541 -474.1495190528339 15.000000000000195
    vertex 139.65733808971555 -474.22444436971256 5.000000000000182
    vertex 139.47645237354214 -474.1495190528339 5.000000000000182
  endloop
endfacet
facet normal 0.3826834323650008 0.9238795325113236 4.420220954859328e-14
  outer loop
    vertex 139.65733808971555 -474.22444436971256 5.000000000000182
    vertex 139.476452373541 -474.1495190528339 15.000000000000195
    vertex 139.6573380897144 -474.22444436971256 15.000000000000195
  endloop
endfacet
facet normal -0.9914448613736362 0.13052619222137385 -5.653706443952658e-15
  outer loop
    vertex 140.5758967432577 -473.69411428382256 15.000000000000195
    vertex 140.60145237354118 -473.4999999999959 5.000000000000182
    vertex 140.5758967432577 -473.6941142838231 5.000000000000182
  endloop
endfacet
facet normal -0.9914448613736362 0.13052619222137385 -5.653706443952658e-15
  outer loop
    vertex 140.60145237354118 -473.4999999999959 5.000000000000182
    vertex 140.5758967432577 -473.69411428382256 15.000000000000195
    vertex 140.60145237354118 -473.4999999999956 15.000000000000195
  endloop
endfacet
facet normal 0.13052619221986728 0.9914448613738346 2.1852884382527653e-14
  outer loop
    vertex 139.6573380897144 -474.22444436971256 15.000000000000195
    vertex 139.85145237354106 -474.24999999999545 5.0000000000002
    vertex 139.65733808971555 -474.22444436971256 5.000000000000182
  endloop
endfacet
facet normal 0.13052619221986728 0.9914448613738346 2.1852884382527653e-14
  outer loop
    vertex 139.85145237354106 -474.24999999999545 5.0000000000002
    vertex 139.6573380897144 -474.22444436971256 15.000000000000195
    vertex 139.85145237354106 -474.24999999999574 15.000000000000195
  endloop
endfacet
facet normal 0.9914448613734455 0.1305261922228237 2.6744762874272083e-14
  outer loop
    vertex 293.14317816977365 -447.6294774899518 5.0000000000002
    vertex 293.16873380005717 -447.82359177377873 15.000000000000377
    vertex 293.1687338000577 -447.82359177377896 5.0000000000002
  endloop
endfacet
facet normal 0.9914448613734455 0.1305261922228237 2.6744762874272083e-14
  outer loop
    vertex 293.16873380005717 -447.82359177377873 15.000000000000377
    vertex 293.14317816977365 -447.6294774899518 5.0000000000002
    vertex 293.14317816977365 -447.6294774899518 15.000000000000377
  endloop
endfacet
facet normal 0.7933533402910807 0.6087614290089218 1.9450176238369985e-14
  outer loop
    vertex 293.243659116936 -448.0044774899524 5.0000000000002
    vertex 293.3628480838838 -448.1598075758417 15.000000000000377
    vertex 293.3628480838844 -448.159807575842 5.0000000000002
  endloop
endfacet
facet normal 0.7933533402910807 0.6087614290089218 1.9450176238369985e-14
  outer loop
    vertex 293.3628480838838 -448.1598075758417 15.000000000000377
    vertex 293.243659116936 -448.0044774899524 5.0000000000002
    vertex 293.2436591169355 -448.0044774899518 15.000000000000377
  endloop
endfacet
facet normal -0.38268343236489283 -0.9238795325113685 2.2886443352429353e-15
  outer loop
    vertex 294.2681781697738 -446.9799584371134 15.000000000000377
    vertex 294.087292453601 -446.9050331202351 5.0000000000002
    vertex 294.2681781697738 -446.9799584371134 5.0000000000002
  endloop
endfacet
facet normal -0.38268343236489283 -0.9238795325113685 2.2886443352429353e-15
  outer loop
    vertex 294.087292453601 -446.9050331202351 5.0000000000002
    vertex 294.2681781697738 -446.9799584371134 15.000000000000377
    vertex 294.0872924536004 -446.9050331202348 15.000000000000377
  endloop
endfacet
facet normal -0.13052619222077055 -0.9914448613737158 9.29448751858858e-15
  outer loop
    vertex 294.0872924536004 -446.9050331202348 15.000000000000377
    vertex 293.89317816977376 -446.87947748995157 5.0000000000002
    vertex 294.087292453601 -446.9050331202351 5.0000000000002
  endloop
endfacet
facet normal -0.13052619222077055 -0.9914448613737158 9.29448751858858e-15
  outer loop
    vertex 293.89317816977376 -446.87947748995157 5.0000000000002
    vertex 294.0872924536004 -446.9050331202348 15.000000000000377
    vertex 293.89317816977376 -446.87947748995157 15.000000000000377
  endloop
endfacet
facet normal 0.923879532511737 0.38268343236400265 3.678095830889371e-14
  outer loop
    vertex 293.1687338000577 -447.82359177377896 5.0000000000002
    vertex 293.2436591169355 -448.0044774899518 15.000000000000377
    vertex 293.243659116936 -448.0044774899524 5.0000000000002
  endloop
endfacet
facet normal 0.923879532511737 0.38268343236400265 3.678095830889371e-14
  outer loop
    vertex 293.2436591169355 -448.0044774899518 15.000000000000377
    vertex 293.1687338000577 -447.82359177377896 5.0000000000002
    vertex 293.16873380005717 -447.82359177377873 15.000000000000377
  endloop
endfacet
facet normal -0.6087614290078535 -0.7933533402919006 -1.757896586233507e-14
  outer loop
    vertex 294.42350825566433 -447.0991474040618 5.000000000000217
    vertex 294.2681781697738 -446.9799584371134 15.000000000000377
    vertex 294.2681781697738 -446.9799584371134 5.0000000000002
  endloop
endfacet
facet normal -0.6087614290078535 -0.7933533402919006 -1.757896586233507e-14
  outer loop
    vertex 294.2681781697738 -446.9799584371134 15.000000000000377
    vertex 294.42350825566433 -447.0991474040618 5.000000000000217
    vertex 294.4235082556637 -447.0991474040618 15.000000000000377
  endloop
endfacet
facet normal 0.1300096499688707 -0.9875213334427856 -0.08887692000938514
  outer loop
    vertex 293.89317816977376 -453.5647387449734 5.0000000000002
    vertex 293.4221275076856 -453.8067537411267 7.000000000000377
    vertex 293.37554007956936 -453.6328870923955 5.000000000000182
  endloop
endfacet
facet normal 0.1300096499688707 -0.9875213334427856 -0.08887692000938514
  outer loop
    vertex 293.4221275076856 -453.8067537411267 7.000000000000377
    vertex 293.89317816977376 -453.5647387449734 5.0000000000002
    vertex 293.8931781697732 -453.7447387449728 7.000000000000377
  endloop
endfacet
facet normal -0.793353340292613 -0.6087614290069252 -5.3304411544523235e-15
  outer loop
    vertex 294.5426972226121 -447.2544774899517 15.000000000000377
    vertex 294.42350825566433 -447.0991474040618 5.000000000000217
    vertex 294.5426972226121 -447.2544774899522 5.0000000000002
  endloop
endfacet
facet normal -0.793353340292613 -0.6087614290069252 -5.3304411544523235e-15
  outer loop
    vertex 294.42350825566433 -447.0991474040618 5.000000000000217
    vertex 294.5426972226121 -447.2544774899517 15.000000000000377
    vertex 294.4235082556637 -447.0991474040618 15.000000000000377
  endloop
endfacet
facet normal 0.0 0.0 -0.9999999999999999
  outer loop
    vertex 293.16873380005717 -447.4353632061248 15.000000000000377
    vertex 293.16873380005717 -447.82359177377873 15.000000000000377
    vertex 293.14317816977365 -447.6294774899518 15.000000000000377
  endloop
endfacet
facet normal 0.0 0.0 -0.9999999999999999
  outer loop
    vertex 293.16873380005717 -447.82359177377873 15.000000000000377
    vertex 293.16873380005717 -447.4353632061248 15.000000000000377
    vertex 293.2436591169355 -447.2544774899517 15.000000000000377
  endloop
endfacet
facet normal 0.0 0.0 -0.9999999999999999
  outer loop
    vertex 293.16873380005717 -447.82359177377873 15.000000000000377
    vertex 293.2436591169355 -447.2544774899517 15.000000000000377
    vertex 293.2436591169355 -448.0044774899518 15.000000000000377
  endloop
endfacet
facet normal 0.0 0.0 -0.9999999999999999
  outer loop
    vertex 293.2436591169355 -448.0044774899518 15.000000000000377
    vertex 293.2436591169355 -447.2544774899517 15.000000000000377
    vertex 293.3628480838838 -447.0991474040618 15.000000000000377
  endloop
endfacet
facet normal 0.0 0.0 -0.9999999999999999
  outer loop
    vertex 293.2436591169355 -448.0044774899518 15.000000000000377
    vertex 293.3628480838838 -447.0991474040618 15.000000000000377
    vertex 293.3628480838838 -448.1598075758417 15.000000000000377
  endloop
endfacet
facet normal 0.0 0.0 -0.9999999999999999
  outer loop
    vertex 293.3628480838838 -448.1598075758417 15.000000000000377
    vertex 293.3628480838838 -447.0991474040618 15.000000000000377
    vertex 293.51817816977376 -446.9799584371134 15.000000000000377
  endloop
endfacet
facet normal 0.0 0.0 -0.9999999999999999
  outer loop
    vertex 293.3628480838838 -448.1598075758417 15.000000000000377
    vertex 293.51817816977376 -446.9799584371134 15.000000000000377
    vertex 293.51817816977376 -448.2789965427901 15.000000000000377
  endloop
endfacet
facet normal 0.0 0.0 -0.9999999999999999
  outer loop
    vertex 293.51817816977376 -448.2789965427901 15.000000000000377
    vertex 293.51817816977376 -446.9799584371134 15.000000000000377
    vertex 293.6990638859471 -446.9050331202348 15.000000000000377
  endloop
endfacet
facet normal 0.0 0.0 -0.9999999999999999
  outer loop
    vertex 293.51817816977376 -448.2789965427901 15.000000000000377
    vertex 293.6990638859471 -446.9050331202348 15.000000000000377
    vertex 293.6990638859471 -448.3539218596686 15.000000000000377
  endloop
endfacet
facet normal 0.0 0.0 -0.9999999999999999
  outer loop
    vertex 293.6990638859471 -448.3539218596686 15.000000000000377
    vertex 293.6990638859471 -446.9050331202348 15.000000000000377
    vertex 293.89317816977376 -446.87947748995157 15.000000000000377
  endloop
endfacet
facet normal 0.0 0.0 -0.9999999999999999
  outer loop
    vertex 293.6990638859471 -448.3539218596686 15.000000000000377
    vertex 293.89317816977376 -446.87947748995157 15.000000000000377
    vertex 293.89317816977376 -448.37947748995185 15.000000000000377
  endloop
endfacet
facet normal 0.0 0.0 -0.9999999999999999
  outer loop
    vertex 293.89317816977376 -448.37947748995185 15.000000000000377
    vertex 293.89317816977376 -446.87947748995157 15.000000000000377
    vertex 294.0872924536004 -446.9050331202348 15.000000000000377
  endloop
endfacet
facet normal 0.0 0.0 -0.9999999999999999
  outer loop
    vertex 293.89317816977376 -448.37947748995185 15.000000000000377
    vertex 294.0872924536004 -446.9050331202348 15.000000000000377
    vertex 294.0872924536004 -448.3539218596686 15.000000000000377
  endloop
endfacet
facet normal 0.0 0.0 -0.9999999999999999
  outer loop
    vertex 294.0872924536004 -448.3539218596686 15.000000000000377
    vertex 294.0872924536004 -446.9050331202348 15.000000000000377
    vertex 294.2681781697738 -446.9799584371134 15.000000000000377
  endloop
endfacet
facet normal 0.0 0.0 -0.9999999999999999
  outer loop
    vertex 294.0872924536004 -448.3539218596686 15.000000000000377
    vertex 294.2681781697738 -446.9799584371134 15.000000000000377
    vertex 294.2681781697738 -448.2789965427901 15.000000000000377
  endloop
endfacet
facet normal 0.0 0.0 -0.9999999999999999
  outer loop
    vertex 294.2681781697738 -448.2789965427901 15.000000000000377
    vertex 294.2681781697738 -446.9799584371134 15.000000000000377
    vertex 294.4235082556637 -447.0991474040618 15.000000000000377
  endloop
endfacet
facet normal 0.0 0.0 -0.9999999999999999
  outer loop
    vertex 294.2681781697738 -448.2789965427901 15.000000000000377
    vertex 294.4235082556637 -447.0991474040618 15.000000000000377
    vertex 294.4235082556637 -448.1598075758417 15.000000000000377
  endloop
endfacet
facet normal 0.0 0.0 -0.9999999999999999
  outer loop
    vertex 294.4235082556637 -448.1598075758417 15.000000000000377
    vertex 294.4235082556637 -447.0991474040618 15.000000000000377
    vertex 294.5426972226121 -447.2544774899517 15.000000000000377
  endloop
endfacet
facet normal 0.0 0.0 -0.9999999999999999
  outer loop
    vertex 294.4235082556637 -448.1598075758417 15.000000000000377
    vertex 294.5426972226121 -447.2544774899517 15.000000000000377
    vertex 294.5426972226121 -448.0044774899518 15.000000000000377
  endloop
endfacet
facet normal 0.0 0.0 -0.9999999999999999
  outer loop
    vertex 294.5426972226121 -448.0044774899518 15.000000000000377
    vertex 294.5426972226121 -447.2544774899517 15.000000000000377
    vertex 294.6176225394904 -447.4353632061248 15.000000000000377
  endloop
endfacet
facet normal 0.0 0.0 -0.9999999999999999
  outer loop
    vertex 294.5426972226121 -448.0044774899518 15.000000000000377
    vertex 294.6176225394904 -447.4353632061248 15.000000000000377
    vertex 294.6176225394904 -447.82359177377873 15.000000000000377
  endloop
endfacet
facet normal 0.0 0.0 -0.9999999999999999
  outer loop
    vertex 294.6176225394904 -447.82359177377873 15.000000000000377
    vertex 294.6176225394904 -447.4353632061248 15.000000000000377
    vertex 294.6431781697739 -447.6294774899518 15.000000000000377
  endloop
endfacet
facet normal 0.7933533402904759 -0.60876142900971 1.7579087185211802e-14
  outer loop
    vertex 139.32112228765166 -447.0991474040618 5.0000000000002
    vertex 139.20193332070272 -447.2544774899517 15.000000000000195
    vertex 139.20193332070212 -447.2544774899522 5.000000000000182
  endloop
endfacet
facet normal 0.7933533402904759 -0.60876142900971 1.7579087185211802e-14
  outer loop
    vertex 139.20193332070272 -447.2544774899517 15.000000000000195
    vertex 139.32112228765166 -447.0991474040618 5.0000000000002
    vertex 139.3211222876511 -447.0991474040618 15.000000000000195
  endloop
endfacet
facet normal -0.9914448613736238 0.13052619222146933 -3.769137629304529e-15
  outer loop
    vertex 140.5758967432577 -447.82359177377873 15.000000000000195
    vertex 140.60145237354118 -447.629477489952 5.000000000000182
    vertex 140.5758967432577 -447.82359177377896 5.000000000000182
  endloop
endfacet
facet normal -0.9914448613736238 0.13052619222146933 -3.769137629304529e-15
  outer loop
    vertex 140.60145237354118 -447.629477489952 5.000000000000182
    vertex 140.5758967432577 -447.82359177377873 15.000000000000195
    vertex 140.60145237354118 -447.6294774899518 15.000000000000195
  endloop
endfacet
facet normal 0.0 0.0 -0.9999999999999999
  outer loop
    vertex 139.12700800382444 -447.4353632061248 15.000000000000195
    vertex 139.12700800382444 -447.82359177377873 15.000000000000195
    vertex 139.10145237354095 -447.6294774899518 15.000000000000195
  endloop
endfacet
facet normal 0.0 0.0 -0.9999999999999999
  outer loop
    vertex 139.12700800382444 -447.82359177377873 15.000000000000195
    vertex 139.12700800382444 -447.4353632061248 15.000000000000195
    vertex 139.20193332070272 -447.2544774899517 15.000000000000195
  endloop
endfacet
facet normal 0.0 0.0 -0.9999999999999999
  outer loop
    vertex 139.12700800382444 -447.82359177377873 15.000000000000195
    vertex 139.20193332070272 -447.2544774899517 15.000000000000195
    vertex 139.20193332070272 -448.0044774899518 15.000000000000195
  endloop
endfacet
facet normal 0.0 0.0 -0.9999999999999999
  outer loop
    vertex 139.20193332070272 -448.0044774899518 15.000000000000195
    vertex 139.20193332070272 -447.2544774899517 15.000000000000195
    vertex 139.3211222876511 -447.0991474040618 15.000000000000195
  endloop
endfacet
facet normal 0.0 0.0 -0.9999999999999999
  outer loop
    vertex 139.20193332070272 -448.0044774899518 15.000000000000195
    vertex 139.3211222876511 -447.0991474040618 15.000000000000195
    vertex 139.3211222876511 -448.1598075758417 15.000000000000195
  endloop
endfacet
facet normal 0.0 0.0 -0.9999999999999999
  outer loop
    vertex 139.3211222876511 -448.1598075758417 15.000000000000195
    vertex 139.3211222876511 -447.0991474040618 15.000000000000195
    vertex 139.476452373541 -446.9799584371134 15.000000000000195
  endloop
endfacet
facet normal 0.0 0.0 -0.9999999999999999
  outer loop
    vertex 139.3211222876511 -448.1598075758417 15.000000000000195
    vertex 139.476452373541 -446.9799584371134 15.000000000000195
    vertex 139.476452373541 -448.2789965427901 15.000000000000195
  endloop
endfacet
facet normal 0.0 0.0 -0.9999999999999999
  outer loop
    vertex 139.476452373541 -448.2789965427901 15.000000000000195
    vertex 139.476452373541 -446.9799584371134 15.000000000000195
    vertex 139.6573380897144 -446.9050331202348 15.000000000000195
  endloop
endfacet
facet normal 0.0 0.0 -0.9999999999999999
  outer loop
    vertex 139.476452373541 -448.2789965427901 15.000000000000195
    vertex 139.6573380897144 -446.9050331202348 15.000000000000195
    vertex 139.6573380897144 -448.3539218596686 15.000000000000195
  endloop
endfacet
facet normal 0.0 0.0 -0.9999999999999999
  outer loop
    vertex 139.6573380897144 -448.3539218596686 15.000000000000195
    vertex 139.6573380897144 -446.9050331202348 15.000000000000195
    vertex 139.85145237354106 -446.87947748995157 15.000000000000195
  endloop
endfacet
facet normal 0.0 0.0 -0.9999999999999999
  outer loop
    vertex 139.6573380897144 -448.3539218596686 15.000000000000195
    vertex 139.85145237354106 -446.87947748995157 15.000000000000195
    vertex 139.85145237354106 -448.37947748995185 15.000000000000195
  endloop
endfacet
facet normal 0.0 0.0 -0.9999999999999999
  outer loop
    vertex 139.85145237354106 -448.37947748995185 15.000000000000195
    vertex 139.85145237354106 -446.87947748995157 15.000000000000195
    vertex 140.04556665736771 -446.9050331202348 15.000000000000195
  endloop
endfacet
facet normal 0.0 0.0 -0.9999999999999999
  outer loop
    vertex 139.85145237354106 -448.37947748995185 15.000000000000195
    vertex 140.04556665736771 -446.9050331202348 15.000000000000195
    vertex 140.04556665736771 -448.3539218596686 15.000000000000195
  endloop
endfacet
facet normal 0.0 0.0 -0.9999999999999999
  outer loop
    vertex 140.04556665736771 -448.3539218596686 15.000000000000195
    vertex 140.04556665736771 -446.9050331202348 15.000000000000195
    vertex 140.22645237354112 -446.9799584371134 15.000000000000195
  endloop
endfacet
facet normal 0.0 0.0 -0.9999999999999999
  outer loop
    vertex 140.04556665736771 -448.3539218596686 15.000000000000195
    vertex 140.22645237354112 -446.9799584371134 15.000000000000195
    vertex 140.22645237354112 -448.2789965427901 15.000000000000195
  endloop
endfacet
facet normal 0.0 0.0 -0.9999999999999999
  outer loop
    vertex 140.22645237354112 -448.2789965427901 15.000000000000195
    vertex 140.22645237354112 -446.9799584371134 15.000000000000195
    vertex 140.38178245943104 -447.0991474040618 15.000000000000195
  endloop
endfacet
facet normal 0.0 0.0 -0.9999999999999999
  outer loop
    vertex 140.22645237354112 -448.2789965427901 15.000000000000195
    vertex 140.38178245943104 -447.0991474040618 15.000000000000195
    vertex 140.38178245943104 -448.1598075758417 15.000000000000195
  endloop
endfacet
facet normal 0.0 0.0 -0.9999999999999999
  outer loop
    vertex 140.38178245943104 -448.1598075758417 15.000000000000195
    vertex 140.38178245943104 -447.0991474040618 15.000000000000195
    vertex 140.5009714263794 -447.2544774899517 15.000000000000195
  endloop
endfacet
facet normal 0.0 0.0 -0.9999999999999999
  outer loop
    vertex 140.38178245943104 -448.1598075758417 15.000000000000195
    vertex 140.5009714263794 -447.2544774899517 15.000000000000195
    vertex 140.5009714263794 -448.0044774899518 15.000000000000195
  endloop
endfacet
facet normal 0.0 0.0 -0.9999999999999999
  outer loop
    vertex 140.5009714263794 -448.0044774899518 15.000000000000195
    vertex 140.5009714263794 -447.2544774899517 15.000000000000195
    vertex 140.5758967432577 -447.4353632061248 15.000000000000195
  endloop
endfacet
facet normal 0.0 0.0 -0.9999999999999999
  outer loop
    vertex 140.5009714263794 -448.0044774899518 15.000000000000195
    vertex 140.5758967432577 -447.4353632061248 15.000000000000195
    vertex 140.5758967432577 -447.82359177377873 15.000000000000195
  endloop
endfacet
facet normal 0.0 0.0 -0.9999999999999999
  outer loop
    vertex 140.5758967432577 -447.82359177377873 15.000000000000195
    vertex 140.5758967432577 -447.4353632061248 15.000000000000195
    vertex 140.60145237354118 -447.6294774899518 15.000000000000195
  endloop
endfacet
facet normal 0.3826834323650008 0.9238795325113236 2.210110477429677e-14
  outer loop
    vertex 139.476452373541 -448.2789965427901 15.000000000000195
    vertex 139.65733808971498 -448.3539218596686 5.000000000000182
    vertex 139.47645237354158 -448.2789965427901 5.000000000000182
  endloop
endfacet
facet normal 0.3826834323650008 0.9238795325113236 2.210110477429677e-14
  outer loop
    vertex 139.65733808971498 -448.3539218596686 5.000000000000182
    vertex 139.476452373541 -448.2789965427901 15.000000000000195
    vertex 139.6573380897144 -448.3539218596686 15.000000000000195
  endloop
endfacet
facet normal 0.6087614290085657 0.793353340291354 3.5157780523501325e-14
  outer loop
    vertex 139.3211222876511 -448.1598075758417 15.000000000000195
    vertex 139.47645237354158 -448.2789965427901 5.000000000000182
    vertex 139.32112228765166 -448.1598075758417 5.000000000000182
  endloop
endfacet
facet normal 0.6087614290085657 0.793353340291354 3.5157780523501325e-14
  outer loop
    vertex 139.47645237354158 -448.2789965427901 5.000000000000182
    vertex 139.3211222876511 -448.1598075758417 15.000000000000195
    vertex 139.476452373541 -448.2789965427901 15.000000000000195
  endloop
endfacet
facet normal 0.9238795325115211 -0.382683432364524 -3.67813009403986e-14
  outer loop
    vertex 139.20193332070212 -447.2544774899522 5.000000000000182
    vertex 139.12700800382444 -447.4353632061248 15.000000000000195
    vertex 139.12700800382385 -447.4353632061251 5.000000000000182
  endloop
endfacet
facet normal 0.9238795325115211 -0.382683432364524 -3.67813009403986e-14
  outer loop
    vertex 139.12700800382444 -447.4353632061248 15.000000000000195
    vertex 139.20193332070212 -447.2544774899522 5.000000000000182
    vertex 139.20193332070272 -447.2544774899517 15.000000000000195
  endloop
endfacet
facet normal -0.13052619222009626 -0.9914448613738045 -6.1798590261366e-16
  outer loop
    vertex 140.04556665736771 -446.9050331202348 15.000000000000195
    vertex 139.85145237354106 -446.87947748995157 5.000000000000182
    vertex 140.04556665736828 -446.9050331202348 5.000000000000182
  endloop
endfacet
facet normal -0.13052619222009626 -0.9914448613738045 -6.1798590261366e-16
  outer loop
    vertex 139.85145237354106 -446.87947748995157 5.000000000000182
    vertex 140.04556665736771 -446.9050331202348 15.000000000000195
    vertex 139.85145237354106 -446.87947748995157 15.000000000000195
  endloop
endfacet
facet normal -0.6087614290087816 0.7933533402911884 2.8239621369261457e-14
  outer loop
    vertex 140.22645237354112 -448.2789965427901 15.000000000000195
    vertex 140.3817824594316 -448.15980757584083 5.0000000000002
    vertex 140.22645237354112 -448.2789965427898 5.0000000000002
  endloop
endfacet
facet normal -0.6087614290087816 0.7933533402911884 2.8239621369261457e-14
  outer loop
    vertex 140.3817824594316 -448.15980757584083 5.0000000000002
    vertex 140.22645237354112 -448.2789965427901 15.000000000000195
    vertex 140.38178245943104 -448.1598075758417 15.000000000000195
  endloop
endfacet
facet normal 0.6087614290081017 -0.7933533402917101 4.661240843123681e-14
  outer loop
    vertex 139.476452373541 -446.9799584371134 15.000000000000195
    vertex 139.32112228765166 -447.0991474040618 5.0000000000002
    vertex 139.47645237354158 -446.9799584371137 5.0000000000002
  endloop
endfacet
facet normal 0.6087614290081017 -0.7933533402917101 4.661240843123681e-14
  outer loop
    vertex 139.32112228765166 -447.0991474040618 5.0000000000002
    vertex 139.476452373541 -446.9799584371134 15.000000000000195
    vertex 139.3211222876511 -447.0991474040618 15.000000000000195
  endloop
endfacet
facet normal -0.38268343236489283 0.9238795325113685 2.896700125490887e-14
  outer loop
    vertex 140.04556665736771 -448.3539218596686 15.000000000000195
    vertex 140.22645237354112 -448.2789965427898 5.0000000000002
    vertex 140.04556665736828 -448.35392185966805 5.000000000000182
  endloop
endfacet
facet normal -0.38268343236489283 0.9238795325113685 2.896700125490887e-14
  outer loop
    vertex 140.22645237354112 -448.2789965427898 5.0000000000002
    vertex 140.04556665736771 -448.3539218596686 15.000000000000195
    vertex 140.22645237354112 -448.2789965427901 15.000000000000195
  endloop
endfacet
facet normal -0.9238795325118452 0.38268343236374186 -2.2101104774224066e-14
  outer loop
    vertex 140.5009714263794 -448.0044774899518 15.000000000000195
    vertex 140.5758967432577 -447.82359177377896 5.000000000000182
    vertex 140.5009714263794 -448.00447748995265 5.000000000000182
  endloop
endfacet
facet normal -0.9238795325118452 0.38268343236374186 -2.2101104774224066e-14
  outer loop
    vertex 140.5758967432577 -447.82359177377896 5.000000000000182
    vertex 140.5009714263794 -448.0044774899518 15.000000000000195
    vertex 140.5758967432577 -447.82359177377873 15.000000000000195
  endloop
endfacet
facet normal -0.9238795325115211 -0.382683432364524 1.657579205559121e-14
  outer loop
    vertex 140.5758967432577 -447.4353632061248 15.000000000000195
    vertex 140.5009714263794 -447.2544774899522 5.0000000000002
    vertex 140.5758967432577 -447.4353632061251 5.000000000000182
  endloop
endfacet
facet normal -0.9238795325115211 -0.382683432364524 1.657579205559121e-14
  outer loop
    vertex 140.5009714263794 -447.2544774899522 5.0000000000002
    vertex 140.5758967432577 -447.4353632061248 15.000000000000195
    vertex 140.5009714263794 -447.2544774899517 15.000000000000195
  endloop
endfacet
facet normal 0.38268343236730257 -0.9238795325103702 -3.6525110554619395e-20
  outer loop
    vertex 139.6573380897144 -446.9050331202348 15.000000000000195
    vertex 139.47645237354158 -446.9799584371137 5.0000000000002
    vertex 139.65733808971385 -446.9050331202346 5.000000000000182
  endloop
endfacet
facet normal 0.38268343236730257 -0.9238795325103702 -3.6525110554619395e-20
  outer loop
    vertex 139.47645237354158 -446.9799584371137 5.0000000000002
    vertex 139.6573380897144 -446.9050331202348 15.000000000000195
    vertex 139.476452373541 -446.9799584371134 15.000000000000195
  endloop
endfacet
facet normal -0.9914448613736238 -0.13052619222146933 3.769137629304529e-15
  outer loop
    vertex 140.60145237354118 -447.6294774899518 15.000000000000195
    vertex 140.5758967432577 -447.4353632061251 5.000000000000182
    vertex 140.60145237354118 -447.629477489952 5.000000000000182
  endloop
endfacet
facet normal -0.9914448613736238 -0.13052619222146933 3.769137629304529e-15
  outer loop
    vertex 140.5758967432577 -447.4353632061251 5.000000000000182
    vertex 140.60145237354118 -447.6294774899518 15.000000000000195
    vertex 140.5758967432577 -447.4353632061248 15.000000000000195
  endloop
endfacet
facet normal -0.6087614290097422 -0.7933533402904513 1.678519038487524e-14
  outer loop
    vertex 140.38178245943104 -447.0991474040623 5.0000000000002
    vertex 140.22645237354112 -446.9799584371134 15.000000000000195
    vertex 140.2264523735417 -446.9799584371137 5.000000000000182
  endloop
endfacet
facet normal -0.6087614290097422 -0.7933533402904513 1.678519038487524e-14
  outer loop
    vertex 140.22645237354112 -446.9799584371134 15.000000000000195
    vertex 140.38178245943104 -447.0991474040623 5.0000000000002
    vertex 140.38178245943104 -447.0991474040618 15.000000000000195
  endloop
endfacet
facet normal -0.793353340291354 -0.6087614290085657 3.515778052350146e-14
  outer loop
    vertex 140.5009714263794 -447.2544774899517 15.000000000000195
    vertex 140.38178245943104 -447.0991474040623 5.0000000000002
    vertex 140.5009714263794 -447.2544774899522 5.0000000000002
  endloop
endfacet
facet normal -0.793353340291354 -0.6087614290085657 3.515778052350146e-14
  outer loop
    vertex 140.38178245943104 -447.0991474040623 5.0000000000002
    vertex 140.5009714263794 -447.2544774899517 15.000000000000195
    vertex 140.38178245943104 -447.0991474040618 15.000000000000195
  endloop
endfacet
facet normal -0.38268343236563024 -0.9238795325110628 -8.761908051949178e-15
  outer loop
    vertex 140.22645237354112 -446.9799584371134 15.000000000000195
    vertex 140.04556665736828 -446.9050331202348 5.000000000000182
    vertex 140.2264523735417 -446.9799584371137 5.000000000000182
  endloop
endfacet
facet normal -0.38268343236563024 -0.9238795325110628 -8.761908051949178e-15
  outer loop
    vertex 140.04556665736828 -446.9050331202348 5.000000000000182
    vertex 140.22645237354112 -446.9799584371134 15.000000000000195
    vertex 140.04556665736771 -446.9050331202348 15.000000000000195
  endloop
endfacet
facet normal -0.7933533402904267 0.6087614290097741 -2.2909058892059117e-14
  outer loop
    vertex 140.5009714263794 -448.0044774899518 15.000000000000195
    vertex 140.3817824594316 -448.15980757584083 5.0000000000002
    vertex 140.38178245943104 -448.1598075758417 15.000000000000195
  endloop
endfacet
facet normal -0.7933533402904267 0.6087614290097741 -2.2909058892059117e-14
  outer loop
    vertex 140.3817824594316 -448.15980757584083 5.0000000000002
    vertex 140.5009714263794 -448.0044774899518 15.000000000000195
    vertex 140.5009714263794 -448.00447748995265 5.000000000000182
  endloop
endfacet
facet normal -0.13052619222126857 0.9914448613736503 1.6613444095792175e-14
  outer loop
    vertex 139.85145237354106 -448.37947748995185 15.000000000000195
    vertex 140.04556665736828 -448.35392185966805 5.000000000000182
    vertex 139.85145237354106 -448.37947748995185 5.000000000000182
  endloop
endfacet
facet normal -0.13052619222126857 0.9914448613736503 1.6613444095792175e-14
  outer loop
    vertex 140.04556665736828 -448.35392185966805 5.000000000000182
    vertex 139.85145237354106 -448.37947748995185 15.000000000000195
    vertex 140.04556665736771 -448.3539218596686 15.000000000000195
  endloop
endfacet
facet normal 0.13052619221929468 -0.9914448613739101 -1.808374799374548e-14
  outer loop
    vertex 139.85145237354106 -446.87947748995157 15.000000000000195
    vertex 139.65733808971385 -446.9050331202346 5.000000000000182
    vertex 139.85145237354106 -446.87947748995157 5.000000000000182
  endloop
endfacet
facet normal 0.13052619221929468 -0.9914448613739101 -1.808374799374548e-14
  outer loop
    vertex 139.65733808971385 -446.9050331202346 5.000000000000182
    vertex 139.85145237354106 -446.87947748995157 15.000000000000195
    vertex 139.6573380897144 -446.9050331202348 15.000000000000195
  endloop
endfacet
facet normal 0.1305261922204013 0.9914448613737645 3.769248589224366e-15
  outer loop
    vertex 139.6573380897144 -448.3539218596686 15.000000000000195
    vertex 139.85145237354106 -448.37947748995185 5.000000000000182
    vertex 139.65733808971498 -448.3539218596686 5.000000000000182
  endloop
endfacet
facet normal 0.1305261922204013 0.9914448613737645 3.769248589224366e-15
  outer loop
    vertex 139.85145237354106 -448.37947748995185 5.000000000000182
    vertex 139.6573380897144 -448.3539218596686 15.000000000000195
    vertex 139.85145237354106 -448.37947748995185 15.000000000000195
  endloop
endfacet
facet normal 0.793353340291354 0.6087614290085657 4.581831470759986e-14
  outer loop
    vertex 139.2019333207033 -448.0044774899518 5.0000000000002
    vertex 139.3211222876511 -448.1598075758417 15.000000000000195
    vertex 139.32112228765166 -448.1598075758417 5.000000000000182
  endloop
endfacet
facet normal 0.793353340291354 0.6087614290085657 4.581831470759986e-14
  outer loop
    vertex 139.3211222876511 -448.1598075758417 15.000000000000195
    vertex 139.2019333207033 -448.0044774899518 5.0000000000002
    vertex 139.20193332070272 -448.0044774899518 15.000000000000195
  endloop
endfacet
facet normal 0.6087614290081016 -0.7933533402917102 7.93896800188234e-16
  outer loop
    vertex 139.476452373541 -472.8504809471573 15.000000000000195
    vertex 139.32112228765166 -472.9696699141051 5.0000000000002
    vertex 139.47645237354158 -472.850480947157 5.0000000000002
  endloop
endfacet
facet normal 0.6087614290081016 -0.7933533402917102 7.93896800188234e-16
  outer loop
    vertex 139.32112228765166 -472.9696699141051 5.0000000000002
    vertex 139.476452373541 -472.8504809471573 15.000000000000195
    vertex 139.3211222876511 -472.9696699141056 15.000000000000195
  endloop
endfacet
facet normal 0.13052619222021045 -0.9914448613737896 0.0
  outer loop
    vertex 139.85145237354106 -472.7499999999955 15.000000000000195
    vertex 139.6573380897144 -472.7755556302787 5.0000000000002
    vertex 139.85145237354106 -472.7499999999955 5.0000000000002
  endloop
endfacet
facet normal 0.13052619222021045 -0.9914448613737896 0.0
  outer loop
    vertex 139.6573380897144 -472.7755556302787 5.0000000000002
    vertex 139.85145237354106 -472.7499999999955 15.000000000000195
    vertex 139.6573380897144 -472.7755556302787 15.000000000000195
  endloop
endfacet
facet normal 0.9914448613738019 -0.13052619222011502 -2.6744873834273032e-14
  outer loop
    vertex 139.12700800382385 -447.4353632061251 5.000000000000182
    vertex 139.10145237354095 -447.6294774899518 15.000000000000195
    vertex 139.10145237354095 -447.6294774899518 5.000000000000182
  endloop
endfacet
facet normal 0.9914448613738019 -0.13052619222011502 -2.6744873834273032e-14
  outer loop
    vertex 139.10145237354095 -447.6294774899518 15.000000000000195
    vertex 139.12700800382385 -447.4353632061251 5.000000000000182
    vertex 139.12700800382444 -447.4353632061248 15.000000000000195
  endloop
endfacet
facet normal 0.9238795325109995 0.382683432365783 2.1153080726069796e-14
  outer loop
    vertex 139.12700800382444 -447.82359177377896 5.000000000000182
    vertex 139.20193332070272 -448.0044774899518 15.000000000000195
    vertex 139.2019333207033 -448.0044774899518 5.0000000000002
  endloop
endfacet
facet normal 0.9238795325109995 0.382683432365783 2.1153080726069796e-14
  outer loop
    vertex 139.20193332070272 -448.0044774899518 15.000000000000195
    vertex 139.12700800382444 -447.82359177377896 5.000000000000182
    vertex 139.12700800382444 -447.82359177377873 15.000000000000195
  endloop
endfacet
facet normal 0.923879532511629 -0.3826834323642634 -3.125602474685261e-14
  outer loop
    vertex 139.20193332070212 -473.1249999999962 5.000000000000182
    vertex 139.12700800382444 -473.3058857161687 15.000000000000195
    vertex 139.12700800382385 -473.30588571616926 5.000000000000182
  endloop
endfacet
facet normal 0.923879532511629 -0.3826834323642634 -3.125602474685261e-14
  outer loop
    vertex 139.12700800382444 -473.3058857161687 15.000000000000195
    vertex 139.20193332070212 -473.1249999999962 5.000000000000182
    vertex 139.20193332070272 -473.12499999999557 15.000000000000195
  endloop
endfacet
facet normal 0.9914448613738397 0.1305261922198287 2.4860305019649676e-14
  outer loop
    vertex 139.10145237354152 -473.4999999999956 5.000000000000182
    vertex 139.12700800382444 -473.69411428382256 15.000000000000195
    vertex 139.12700800382444 -473.6941142838231 5.000000000000182
  endloop
endfacet
facet normal 0.9914448613738397 0.1305261922198287 2.4860305019649676e-14
  outer loop
    vertex 139.12700800382444 -473.69411428382256 15.000000000000195
    vertex 139.10145237354152 -473.4999999999956 5.000000000000182
    vertex 139.10145237354095 -473.4999999999956 15.000000000000195
  endloop
endfacet
facet normal 0.793353340291354 0.6087614290085657 1.0660731107526496e-14
  outer loop
    vertex 139.2019333207033 -473.87499999999625 5.000000000000182
    vertex 139.3211222876511 -474.0303300858856 15.000000000000195
    vertex 139.32112228765166 -474.0303300858862 5.000000000000182
  endloop
endfacet
facet normal 0.793353340291354 0.6087614290085657 1.0660731107526496e-14
  outer loop
    vertex 139.3211222876511 -474.0303300858856 15.000000000000195
    vertex 139.2019333207033 -473.87499999999625 5.000000000000182
    vertex 139.20193332070272 -473.8749999999956 15.000000000000195
  endloop
endfacet
facet normal -0.7933533402930519 -0.608761429006353 -1.8712859769089775e-15
  outer loop
    vertex 140.5009714263794 -473.12499999999557 15.000000000000195
    vertex 140.3817824594322 -472.9696699141062 5.000000000000182
    vertex 140.5009714263794 -473.1249999999964 5.000000000000182
  endloop
endfacet
facet normal -0.7933533402930519 -0.608761429006353 -1.8712859769089775e-15
  outer loop
    vertex 140.3817824594322 -472.9696699141062 5.000000000000182
    vertex 140.5009714263794 -473.12499999999557 15.000000000000195
    vertex 140.38178245943104 -472.9696699141056 15.000000000000195
  endloop
endfacet
facet normal 0.6087614290069252 0.7933533402926128 2.982741496955953e-14
  outer loop
    vertex 139.3211222876511 -474.0303300858856 15.000000000000195
    vertex 139.47645237354214 -474.1495190528339 5.000000000000182
    vertex 139.32112228765166 -474.0303300858862 5.000000000000182
  endloop
endfacet
facet normal 0.6087614290069252 0.7933533402926128 2.982741496955953e-14
  outer loop
    vertex 139.47645237354214 -474.1495190528339 5.000000000000182
    vertex 139.3211222876511 -474.0303300858856 15.000000000000195
    vertex 139.476452373541 -474.1495190528339 15.000000000000195
  endloop
endfacet
facet normal -0.7933533402923977 0.6087614290072055 -2.2909058892116086e-14
  outer loop
    vertex 140.5009714263794 -473.8749999999956 15.000000000000195
    vertex 140.3817824594322 -474.030330085885 5.0000000000002
    vertex 140.38178245943104 -474.0303300858856 15.000000000000195
  endloop
endfacet
facet normal -0.7933533402923977 0.6087614290072055 -2.2909058892116086e-14
  outer loop
    vertex 140.3817824594322 -474.030330085885 5.0000000000002
    vertex 140.5009714263794 -473.8749999999956 15.000000000000195
    vertex 140.5009714263788 -473.87499999999625 5.000000000000182
  endloop
endfacet
facet normal 0.9238795325111077 0.3826834323655221 4.577631301980941e-15
  outer loop
    vertex 139.12700800382444 -473.6941142838231 5.000000000000182
    vertex 139.20193332070272 -473.8749999999956 15.000000000000195
    vertex 139.2019333207033 -473.87499999999625 5.000000000000182
  endloop
endfacet
facet normal 0.9238795325111077 0.3826834323655221 4.577631301980941e-15
  outer loop
    vertex 139.20193332070272 -473.8749999999956 15.000000000000195
    vertex 139.12700800382444 -473.6941142838231 5.000000000000182
    vertex 139.12700800382444 -473.69411428382256 15.000000000000195
  endloop
endfacet
facet normal 0.38268343236489283 -0.9238795325113685 -2.288644335243017e-15
  outer loop
    vertex 139.6573380897144 -472.7755556302787 15.000000000000195
    vertex 139.47645237354158 -472.850480947157 5.0000000000002
    vertex 139.6573380897144 -472.7755556302787 5.0000000000002
  endloop
endfacet
facet normal 0.38268343236489283 -0.9238795325113685 -2.288644335243017e-15
  outer loop
    vertex 139.47645237354158 -472.850480947157 5.0000000000002
    vertex 139.6573380897144 -472.7755556302787 15.000000000000195
    vertex 139.476452373541 -472.8504809471573 15.000000000000195
  endloop
endfacet
facet normal 0.0 0.0 -0.9999999999999999
  outer loop
    vertex 139.12700800382444 -473.3058857161687 15.000000000000195
    vertex 139.12700800382444 -473.69411428382256 15.000000000000195
    vertex 139.10145237354095 -473.4999999999956 15.000000000000195
  endloop
endfacet
facet normal 0.0 0.0 -0.9999999999999999
  outer loop
    vertex 139.12700800382444 -473.69411428382256 15.000000000000195
    vertex 139.12700800382444 -473.3058857161687 15.000000000000195
    vertex 139.20193332070272 -473.12499999999557 15.000000000000195
  endloop
endfacet
facet normal 0.0 0.0 -0.9999999999999999
  outer loop
    vertex 139.12700800382444 -473.69411428382256 15.000000000000195
    vertex 139.20193332070272 -473.12499999999557 15.000000000000195
    vertex 139.20193332070272 -473.8749999999956 15.000000000000195
  endloop
endfacet
facet normal 0.0 0.0 -0.9999999999999999
  outer loop
    vertex 139.20193332070272 -473.8749999999956 15.000000000000195
    vertex 139.20193332070272 -473.12499999999557 15.000000000000195
    vertex 139.3211222876511 -472.9696699141056 15.000000000000195
  endloop
endfacet
facet normal 0.0 0.0 -0.9999999999999999
  outer loop
    vertex 139.20193332070272 -473.8749999999956 15.000000000000195
    vertex 139.3211222876511 -472.9696699141056 15.000000000000195
    vertex 139.3211222876511 -474.0303300858856 15.000000000000195
  endloop
endfacet
facet normal 0.0 0.0 -0.9999999999999999
  outer loop
    vertex 139.3211222876511 -474.0303300858856 15.000000000000195
    vertex 139.3211222876511 -472.9696699141056 15.000000000000195
    vertex 139.476452373541 -472.8504809471573 15.000000000000195
  endloop
endfacet
facet normal 0.0 0.0 -0.9999999999999999
  outer loop
    vertex 139.3211222876511 -474.0303300858856 15.000000000000195
    vertex 139.476452373541 -472.8504809471573 15.000000000000195
    vertex 139.476452373541 -474.1495190528339 15.000000000000195
  endloop
endfacet
facet normal 0.0 0.0 -0.9999999999999999
  outer loop
    vertex 139.476452373541 -474.1495190528339 15.000000000000195
    vertex 139.476452373541 -472.8504809471573 15.000000000000195
    vertex 139.6573380897144 -472.7755556302787 15.000000000000195
  endloop
endfacet
facet normal 0.0 0.0 -0.9999999999999999
  outer loop
    vertex 139.476452373541 -474.1495190528339 15.000000000000195
    vertex 139.6573380897144 -472.7755556302787 15.000000000000195
    vertex 139.6573380897144 -474.22444436971256 15.000000000000195
  endloop
endfacet
facet normal 0.0 0.0 -0.9999999999999999
  outer loop
    vertex 139.6573380897144 -474.22444436971256 15.000000000000195
    vertex 139.6573380897144 -472.7755556302787 15.000000000000195
    vertex 139.85145237354106 -472.7499999999955 15.000000000000195
  endloop
endfacet
facet normal 0.0 0.0 -0.9999999999999999
  outer loop
    vertex 139.6573380897144 -474.22444436971256 15.000000000000195
    vertex 139.85145237354106 -472.7499999999955 15.000000000000195
    vertex 139.85145237354106 -474.24999999999574 15.000000000000195
  endloop
endfacet
facet normal 0.0 0.0 -0.9999999999999999
  outer loop
    vertex 139.85145237354106 -474.24999999999574 15.000000000000195
    vertex 139.85145237354106 -472.7499999999955 15.000000000000195
    vertex 140.04556665736771 -472.7755556302787 15.000000000000195
  endloop
endfacet
facet normal 0.0 0.0 -0.9999999999999999
  outer loop
    vertex 139.85145237354106 -474.24999999999574 15.000000000000195
    vertex 140.04556665736771 -472.7755556302787 15.000000000000195
    vertex 140.04556665736771 -474.22444436971256 15.000000000000195
  endloop
endfacet
facet normal 0.0 0.0 -0.9999999999999999
  outer loop
    vertex 140.04556665736771 -474.22444436971256 15.000000000000195
    vertex 140.04556665736771 -472.7755556302787 15.000000000000195
    vertex 140.22645237354112 -472.8504809471573 15.000000000000195
  endloop
endfacet
facet normal 0.0 0.0 -0.9999999999999999
  outer loop
    vertex 140.04556665736771 -474.22444436971256 15.000000000000195
    vertex 140.22645237354112 -472.8504809471573 15.000000000000195
    vertex 140.22645237354112 -474.1495190528339 15.000000000000195
  endloop
endfacet
facet normal 0.0 0.0 -0.9999999999999999
  outer loop
    vertex 140.22645237354112 -474.1495190528339 15.000000000000195
    vertex 140.22645237354112 -472.8504809471573 15.000000000000195
    vertex 140.38178245943104 -472.9696699141056 15.000000000000195
  endloop
endfacet
facet normal 0.0 0.0 -0.9999999999999999
  outer loop
    vertex 140.22645237354112 -474.1495190528339 15.000000000000195
    vertex 140.38178245943104 -472.9696699141056 15.000000000000195
    vertex 140.38178245943104 -474.0303300858856 15.000000000000195
  endloop
endfacet
facet normal 0.0 0.0 -0.9999999999999999
  outer loop
    vertex 140.38178245943104 -474.0303300858856 15.000000000000195
    vertex 140.38178245943104 -472.9696699141056 15.000000000000195
    vertex 140.5009714263794 -473.12499999999557 15.000000000000195
  endloop
endfacet
facet normal 0.0 0.0 -0.9999999999999999
  outer loop
    vertex 140.38178245943104 -474.0303300858856 15.000000000000195
    vertex 140.5009714263794 -473.12499999999557 15.000000000000195
    vertex 140.5009714263794 -473.8749999999956 15.000000000000195
  endloop
endfacet
facet normal 0.0 0.0 -0.9999999999999999
  outer loop
    vertex 140.5009714263794 -473.8749999999956 15.000000000000195
    vertex 140.5009714263794 -473.12499999999557 15.000000000000195
    vertex 140.5758967432577 -473.3058857161687 15.000000000000195
  endloop
endfacet
facet normal 0.0 0.0 -0.9999999999999999
  outer loop
    vertex 140.5009714263794 -473.8749999999956 15.000000000000195
    vertex 140.5758967432577 -473.3058857161687 15.000000000000195
    vertex 140.5758967432577 -473.69411428382256 15.000000000000195
  endloop
endfacet
facet normal 0.0 0.0 -0.9999999999999999
  outer loop
    vertex 140.5758967432577 -473.69411428382256 15.000000000000195
    vertex 140.5758967432577 -473.3058857161687 15.000000000000195
    vertex 140.60145237354118 -473.4999999999956 15.000000000000195
  endloop
endfacet
facet normal -0.13052619222104486 0.9914448613736797 3.6053663794400455e-14
  outer loop
    vertex 139.85145237354106 -474.24999999999574 15.000000000000195
    vertex 140.04556665736828 -474.22444436971165 5.0000000000002
    vertex 139.85145237354106 -474.24999999999545 5.0000000000002
  endloop
endfacet
facet normal -0.13052619222104486 0.9914448613736797 3.6053663794400455e-14
  outer loop
    vertex 140.04556665736828 -474.22444436971165 5.0000000000002
    vertex 139.85145237354106 -474.24999999999574 15.000000000000195
    vertex 140.04556665736771 -474.22444436971256 15.000000000000195
  endloop
endfacet
facet normal 0.9914448613736362 0.13052619222137385 -1.88456881465089e-15
  outer loop
    vertex 139.10145237354095 -447.6294774899518 5.000000000000182
    vertex 139.12700800382444 -447.82359177377873 15.000000000000195
    vertex 139.12700800382444 -447.82359177377896 5.000000000000182
  endloop
endfacet
facet normal 0.9914448613736362 0.13052619222137385 -1.88456881465089e-15
  outer loop
    vertex 139.12700800382444 -447.82359177377873 15.000000000000195
    vertex 139.10145237354095 -447.6294774899518 5.000000000000182
    vertex 139.10145237354095 -447.6294774899518 15.000000000000195
  endloop
endfacet
facet normal 0.7933533402910226 -0.6087614290089978 1.969234280300351e-19
  outer loop
    vertex 139.32112228765166 -472.9696699141051 5.0000000000002
    vertex 139.20193332070272 -473.12499999999557 15.000000000000195
    vertex 139.20193332070212 -473.1249999999962 5.000000000000182
  endloop
endfacet
facet normal 0.7933533402910226 -0.6087614290089978 1.969234280300351e-19
  outer loop
    vertex 139.20193332070272 -473.12499999999557 15.000000000000195
    vertex 139.32112228765166 -472.9696699141051 5.0000000000002
    vertex 139.3211222876511 -472.9696699141056 15.000000000000195
  endloop
endfacet
facet normal 0.9914448613739804 -0.13052619221876066 3.769137629226313e-15
  outer loop
    vertex 139.12700800382385 -473.30588571616926 5.000000000000182
    vertex 139.10145237354095 -473.4999999999956 15.000000000000195
    vertex 139.10145237354152 -473.4999999999956 5.000000000000182
  endloop
endfacet
facet normal 0.9914448613739804 -0.13052619221876066 3.769137629226313e-15
  outer loop
    vertex 139.10145237354095 -473.4999999999956 15.000000000000195
    vertex 139.12700800382385 -473.30588571616926 5.000000000000182
    vertex 139.12700800382444 -473.3058857161687 15.000000000000195
  endloop
endfacet
facet normal 0.3811690071113921 -0.920223386524993 -0.08887692000845268
  outer loop
    vertex 139.38040171145062 -453.80675374112553 7.0000000000001785
    vertex 138.85145237354072 -453.8326879374043 5.000000000000163
    vertex 139.33381428333607 -453.6328870923952 5.000000000000163
  endloop
endfacet
facet normal 0.3811690071113921 -0.920223386524993 -0.08887692000845268
  outer loop
    vertex 138.85145237354072 -453.8326879374043 5.000000000000163
    vertex 139.38040171145062 -453.80675374112553 7.0000000000001785
    vertex 138.94145237353692 -453.98857251008434 7.0000000000001785
  endloop
endfacet
facet normal -0.1300096499683916 -0.9875213334428601 -0.08887692000925734
  outer loop
    vertex 140.322503035624 -453.80675374112553 7.0000000000001785
    vertex 139.85145237354106 -453.5647387449734 5.0000000000002
    vertex 140.36909046374663 -453.6328870923952 5.0000000000002
  endloop
endfacet
facet normal -0.1300096499683916 -0.9875213334428601 -0.08887692000925734
  outer loop
    vertex 139.85145237354106 -453.5647387449734 5.0000000000002
    vertex 140.322503035624 -453.80675374112553 7.0000000000001785
    vertex 139.85145237353646 -453.7447387449716 7.0000000000001785
  endloop
endfacet
facet normal 0.13000964996871892 -0.9875213334428661 -0.08887692000871215
  outer loop
    vertex 139.85145237354106 -453.5647387449734 5.0000000000002
    vertex 139.38040171145062 -453.80675374112553 7.0000000000001785
    vertex 139.33381428333607 -453.6328870923952 5.000000000000163
  endloop
endfacet
facet normal 0.13000964996871892 -0.9875213334428661 -0.08887692000871215
  outer loop
    vertex 139.38040171145062 -453.80675374112553 7.0000000000001785
    vertex 139.85145237354106 -453.5647387449734 5.0000000000002
    vertex 139.85145237353646 -453.7447387449716 7.0000000000001785
  endloop
endfacet
facet normal -0.9202233865251237 0.38116900711034524 -0.088876920011589
  outer loop
    vertex 141.42761860842563 -456.47473874497183 7.0000000000001785
    vertex 141.78330402611874 -456.0823768351782 5.000000000000182
    vertex 141.58350318111 -456.56473874497414 5.0000000000002
  endloop
endfacet
facet normal -0.9202233865251237 0.38116900711034524 -0.088876920011589
  outer loop
    vertex 141.78330402611874 -456.0823768351782 5.000000000000182
    vertex 141.42761860842563 -456.47473874497183 7.0000000000001785
    vertex 141.60943737738384 -456.0357894070582 7.0000000000001785
  endloop
endfacet
facet normal 0.0 0.0 -0.9999999999999999
  outer loop
    vertex 138.09346736969135 -455.09368808288536 7.0000000000001785
    vertex 138.09346736969135 -456.0357894070582 7.0000000000001785
    vertex 138.0314523735363 -455.56473874497175 7.0000000000001785
  endloop
endfacet
facet normal 0.0 0.0 -0.9999999999999999
  outer loop
    vertex 138.09346736969135 -456.0357894070582 7.0000000000001785
    vertex 138.09346736969135 -455.09368808288536 7.0000000000001785
    vertex 138.27528613864897 -454.65473874497167 7.0000000000001785
  endloop
endfacet
facet normal 0.0 0.0 -0.9999999999999999
  outer loop
    vertex 138.09346736969135 -456.0357894070582 7.0000000000001785
    vertex 138.27528613864897 -454.65473874497167 7.0000000000001785
    vertex 138.27528613864897 -456.47473874497183 7.0000000000001785
  endloop
endfacet
facet normal 0.0 0.0 -0.9999999999999999
  outer loop
    vertex 138.27528613864897 -456.47473874497183 7.0000000000001785
    vertex 138.27528613864897 -454.65473874497167 7.0000000000001785
    vertex 138.5645180317772 -454.277804403212 7.0000000000001785
  endloop
endfacet
facet normal 0.0 0.0 -0.9999999999999999
  outer loop
    vertex 138.27528613864897 -456.47473874497183 7.0000000000001785
    vertex 138.5645180317772 -454.277804403212 7.0000000000001785
    vertex 138.5645180317772 -456.8516730867319 7.0000000000001785
  endloop
endfacet
facet normal 0.0 0.0 -0.9999999999999999
  outer loop
    vertex 138.5645180317772 -456.8516730867319 7.0000000000001785
    vertex 138.5645180317772 -454.277804403212 7.0000000000001785
    vertex 138.94145237353692 -453.98857251008434 7.0000000000001785
  endloop
endfacet
facet normal 0.0 0.0 -0.9999999999999999
  outer loop
    vertex 138.5645180317772 -456.8516730867319 7.0000000000001785
    vertex 138.94145237353692 -453.98857251008434 7.0000000000001785
    vertex 138.94145237353752 -457.1409049798601 7.0000000000001785
  endloop
endfacet
facet normal 0.0 0.0 -0.9999999999999999
  outer loop
    vertex 138.94145237353752 -457.1409049798601 7.0000000000001785
    vertex 138.94145237353692 -453.98857251008434 7.0000000000001785
    vertex 139.38040171145062 -453.80675374112553 7.0000000000001785
  endloop
endfacet
facet normal 0.0 0.0 -0.9999999999999999
  outer loop
    vertex 138.94145237353752 -457.1409049798601 7.0000000000001785
    vertex 139.38040171145062 -453.80675374112553 7.0000000000001785
    vertex 139.38040171145062 -457.32272374881825 7.0000000000001785
  endloop
endfacet
facet normal 0.0 0.0 -0.9999999999999999
  outer loop
    vertex 139.38040171145062 -457.32272374881825 7.0000000000001785
    vertex 139.38040171145062 -453.80675374112553 7.0000000000001785
    vertex 139.85145237353646 -453.7447387449716 7.0000000000001785
  endloop
endfacet
facet normal 0.0 0.0 -0.9999999999999999
  outer loop
    vertex 139.38040171145062 -457.32272374881825 7.0000000000001785
    vertex 139.85145237353646 -453.7447387449716 7.0000000000001785
    vertex 139.85145237353646 -457.3847387449719 7.0000000000001785
  endloop
endfacet
facet normal 0.0 0.0 -0.9999999999999999
  outer loop
    vertex 139.85145237353646 -457.3847387449719 7.0000000000001785
    vertex 139.85145237353646 -453.7447387449716 7.0000000000001785
    vertex 140.322503035624 -453.80675374112553 7.0000000000001785
  endloop
endfacet
facet normal 0.0 0.0 -0.9999999999999999
  outer loop
    vertex 139.85145237353646 -457.3847387449719 7.0000000000001785
    vertex 140.322503035624 -453.80675374112553 7.0000000000001785
    vertex 140.322503035624 -457.32272374881825 7.0000000000001785
  endloop
endfacet
facet normal 0.0 0.0 -0.9999999999999999
  outer loop
    vertex 140.322503035624 -457.32272374881825 7.0000000000001785
    vertex 140.322503035624 -453.80675374112553 7.0000000000001785
    vertex 140.76145237353708 -453.98857251008434 7.0000000000001785
  endloop
endfacet
facet normal 0.0 0.0 -0.9999999999999999
  outer loop
    vertex 140.322503035624 -457.32272374881825 7.0000000000001785
    vertex 140.76145237353708 -453.98857251008434 7.0000000000001785
    vertex 140.76145237353768 -457.1409049798601 7.0000000000001785
  endloop
endfacet
facet normal 0.0 0.0 -0.9999999999999999
  outer loop
    vertex 140.76145237353768 -457.1409049798601 7.0000000000001785
    vertex 140.76145237353708 -453.98857251008434 7.0000000000001785
    vertex 141.13838671529686 -454.277804403212 7.0000000000001785
  endloop
endfacet
facet normal 0.0 0.0 -0.9999999999999999
  outer loop
    vertex 140.76145237353768 -457.1409049798601 7.0000000000001785
    vertex 141.13838671529686 -454.277804403212 7.0000000000001785
    vertex 141.13838671529686 -456.8516730867319 7.0000000000001785
  endloop
endfacet
facet normal 0.0 0.0 -0.9999999999999999
  outer loop
    vertex 141.13838671529686 -456.8516730867319 7.0000000000001785
    vertex 141.13838671529686 -454.277804403212 7.0000000000001785
    vertex 141.42761860842563 -454.65473874497167 7.0000000000001785
  endloop
endfacet
facet normal 0.0 0.0 -0.9999999999999999
  outer loop
    vertex 141.13838671529686 -456.8516730867319 7.0000000000001785
    vertex 141.42761860842563 -454.65473874497167 7.0000000000001785
    vertex 141.42761860842563 -456.47473874497183 7.0000000000001785
  endloop
endfacet
facet normal 0.0 0.0 -0.9999999999999999
  outer loop
    vertex 141.42761860842563 -456.47473874497183 7.0000000000001785
    vertex 141.42761860842563 -454.65473874497167 7.0000000000001785
    vertex 141.60943737738384 -455.09368808288536 7.0000000000001785
  endloop
endfacet
facet normal 0.0 0.0 -0.9999999999999999
  outer loop
    vertex 141.42761860842563 -456.47473874497183 7.0000000000001785
    vertex 141.60943737738384 -455.09368808288536 7.0000000000001785
    vertex 141.60943737738384 -456.0357894070582 7.0000000000001785
  endloop
endfacet
facet normal 0.0 0.0 -0.9999999999999999
  outer loop
    vertex 141.60943737738384 -456.0357894070582 7.0000000000001785
    vertex 141.60943737738384 -455.09368808288536 7.0000000000001785
    vertex 141.67145237353662 -455.56473874497175 7.0000000000001785
  endloop
endfacet
facet normal -0.9202233865250341 -0.3811690071106844 -0.08887692001106054
  outer loop
    vertex 141.42761860842563 -454.65473874497167 7.0000000000001785
    vertex 141.7833040261193 -455.04710065476905 5.000000000000182
    vertex 141.60943737738384 -455.09368808288536 7.0000000000001785
  endloop
endfacet
facet normal -0.9202233865250341 -0.3811690071106844 -0.08887692001106054
  outer loop
    vertex 141.7833040261193 -455.04710065476905 5.000000000000182
    vertex 141.42761860842563 -454.65473874497167 7.0000000000001785
    vertex 141.58350318111056 -454.56473874497397 5.000000000000182
  endloop
endfacet
facet normal -0.7902137365564678 -0.6063523263308572 -0.08887692001089366
  outer loop
    vertex 141.13838671529686 -454.277804403212 7.0000000000001785
    vertex 141.58350318111056 -454.56473874497397 5.000000000000182
    vertex 141.42761860842563 -454.65473874497167 7.0000000000001785
  endloop
endfacet
facet normal -0.7902137365564678 -0.6063523263308572 -0.08887692001089366
  outer loop
    vertex 141.58350318111056 -454.56473874497397 5.000000000000182
    vertex 141.13838671529686 -454.277804403212 7.0000000000001785
    vertex 141.26566593591548 -454.1505251826006 5.000000000000182
  endloop
endfacet
facet normal -0.6063523263303771 -0.7902137365568785 -0.08887692001051825
  outer loop
    vertex 141.13838671529686 -454.277804403212 7.0000000000001785
    vertex 140.851452373542 -453.8326879374052 5.000000000000182
    vertex 141.26566593591548 -454.1505251826006 5.000000000000182
  endloop
endfacet
facet normal -0.6063523263303771 -0.7902137365568785 -0.08887692001051825
  outer loop
    vertex 140.851452373542 -453.8326879374052 5.000000000000182
    vertex 141.13838671529686 -454.277804403212 7.0000000000001785
    vertex 140.76145237353708 -453.98857251008434 7.0000000000001785
  endloop
endfacet
facet normal -0.38116900711231216 -0.9202233865244779 -0.08887692000983957
  outer loop
    vertex 140.76145237353708 -453.98857251008434 7.0000000000001785
    vertex 140.36909046374663 -453.6328870923952 5.0000000000002
    vertex 140.851452373542 -453.8326879374052 5.000000000000182
  endloop
endfacet
facet normal -0.38116900711231216 -0.9202233865244779 -0.08887692000983957
  outer loop
    vertex 140.36909046374663 -453.6328870923952 5.0000000000002
    vertex 140.76145237353708 -453.98857251008434 7.0000000000001785
    vertex 140.322503035624 -453.80675374112553 7.0000000000001785
  endloop
endfacet
facet normal -0.9875213334427441 -0.1300096499676097 -0.08887692001169027
  outer loop
    vertex 141.67145237353662 -455.56473874497175 7.0000000000001785
    vertex 141.7833040261193 -455.04710065476905 5.000000000000182
    vertex 141.85145237354118 -455.5647387449735 5.000000000000182
  endloop
endfacet
facet normal -0.9875213334427441 -0.1300096499676097 -0.08887692001169027
  outer loop
    vertex 141.7833040261193 -455.04710065476905 5.000000000000182
    vertex 141.67145237353662 -455.56473874497175 7.0000000000001785
    vertex 141.60943737738384 -455.09368808288536 7.0000000000001785
  endloop
endfacet
facet normal -0.987521333442663 0.1300096499681621 -0.08887692001178163
  outer loop
    vertex 141.60943737738384 -456.0357894070582 7.0000000000001785
    vertex 141.85145237354118 -455.5647387449735 5.000000000000182
    vertex 141.78330402611874 -456.0823768351782 5.000000000000182
  endloop
endfacet
facet normal -0.987521333442663 0.1300096499681621 -0.08887692001178163
  outer loop
    vertex 141.85145237354118 -455.5647387449735 5.000000000000182
    vertex 141.60943737738384 -456.0357894070582 7.0000000000001785
    vertex 141.67145237353662 -455.56473874497175 7.0000000000001785
  endloop
endfacet
facet normal 0.6063523263309846 -0.7902137365566831 -0.08887692000810908
  outer loop
    vertex 138.94145237353692 -453.98857251008434 7.0000000000001785
    vertex 138.4372388111678 -454.15052518259995 5.000000000000217
    vertex 138.85145237354072 -453.8326879374043 5.000000000000163
  endloop
endfacet
facet normal 0.6063523263309846 -0.7902137365566831 -0.08887692000810908
  outer loop
    vertex 138.4372388111678 -454.15052518259995 5.000000000000217
    vertex 138.94145237353692 -453.98857251008434 7.0000000000001785
    vertex 138.5645180317772 -454.277804403212 7.0000000000001785
  endloop
endfacet
facet normal 0.38116900711154034 0.9202233865247955 -0.08887692000986096
  outer loop
    vertex 138.94145237353752 -457.1409049798601 7.0000000000001785
    vertex 139.33381428333664 -457.4965903975524 5.0000000000002
    vertex 138.85145237354186 -457.296789552543 5.0000000000002
  endloop
endfacet
facet normal 0.38116900711154034 0.9202233865247955 -0.08887692000986096
  outer loop
    vertex 139.33381428333664 -457.4965903975524 5.0000000000002
    vertex 138.94145237353752 -457.1409049798601 7.0000000000001785
    vertex 139.38040171145062 -457.32272374881825 7.0000000000001785
  endloop
endfacet
facet normal -0.13000964996773945 0.9875213334427824 -0.08887692001107445
  outer loop
    vertex 139.85145237353646 -457.3847387449719 7.0000000000001785
    vertex 140.3690904637472 -457.4965903975524 5.000000000000182
    vertex 139.85145237354223 -457.5647387449739 5.000000000000182
  endloop
endfacet
facet normal -0.13000964996773945 0.9875213334427824 -0.08887692001107445
  outer loop
    vertex 140.3690904637472 -457.4965903975524 5.000000000000182
    vertex 139.85145237353646 -457.3847387449719 7.0000000000001785
    vertex 140.322503035624 -457.32272374881825 7.0000000000001785
  endloop
endfacet
facet normal -0.6063523263310304 0.7902137365562572 -0.08887692001158652
  outer loop
    vertex 140.76145237353768 -457.1409049798601 7.0000000000001785
    vertex 141.26566593591434 -456.9789523073473 5.0000000000002
    vertex 140.8514523735414 -457.29678955254246 5.0000000000002
  endloop
endfacet
facet normal -0.6063523263310304 0.7902137365562572 -0.08887692001158652
  outer loop
    vertex 141.26566593591434 -456.9789523073473 5.0000000000002
    vertex 140.76145237353768 -457.1409049798601 7.0000000000001785
    vertex 141.13838671529686 -456.8516730867319 7.0000000000001785
  endloop
endfacet
facet normal 0.9202233865251874 0.3811690071109289 -0.08887692000842466
  outer loop
    vertex 137.9196007209628 -456.0823768351788 5.000000000000182
    vertex 138.27528613864897 -456.47473874497183 7.0000000000001785
    vertex 138.11940156597214 -456.5647387449735 5.000000000000163
  endloop
endfacet
facet normal 0.9202233865251874 0.3811690071109289 -0.08887692000842466
  outer loop
    vertex 138.27528613864897 -456.47473874497183 7.0000000000001785
    vertex 137.9196007209628 -456.0823768351788 5.000000000000182
    vertex 138.09346736969135 -456.0357894070582 7.0000000000001785
  endloop
endfacet
facet normal 0.13000964996804942 0.9875213334427937 -0.08887692001049564
  outer loop
    vertex 139.33381428333664 -457.4965903975524 5.0000000000002
    vertex 139.85145237353646 -457.3847387449719 7.0000000000001785
    vertex 139.85145237354223 -457.5647387449739 5.000000000000182
  endloop
endfacet
facet normal 0.13000964996804942 0.9875213334427937 -0.08887692001049564
  outer loop
    vertex 139.85145237353646 -457.3847387449719 7.0000000000001785
    vertex 139.33381428333664 -457.4965903975524 5.0000000000002
    vertex 139.38040171145062 -457.32272374881825 7.0000000000001785
  endloop
endfacet
facet normal 0.9875213334428036 0.1300096499696923 -0.08887692000798093
  outer loop
    vertex 137.85145237354095 -455.5647387449735 5.000000000000182
    vertex 138.09346736969135 -456.0357894070582 7.0000000000001785
    vertex 137.9196007209628 -456.0823768351788 5.000000000000182
  endloop
endfacet
facet normal 0.9875213334428036 0.1300096499696923 -0.08887692000798093
  outer loop
    vertex 138.09346736969135 -456.0357894070582 7.0000000000001785
    vertex 137.85145237354095 -455.5647387449735 5.000000000000182
    vertex 138.0314523735363 -455.56473874497175 7.0000000000001785
  endloop
endfacet
facet normal 0.9202233865252886 -0.38116900711084395 -0.08887692000774257
  outer loop
    vertex 137.9196007209628 -455.0471006547685 5.000000000000182
    vertex 138.27528613864897 -454.65473874497167 7.0000000000001785
    vertex 138.09346736969135 -455.09368808288536 7.0000000000001785
  endloop
endfacet
facet normal 0.9202233865252886 -0.38116900711084395 -0.08887692000774257
  outer loop
    vertex 138.27528613864897 -454.65473874497167 7.0000000000001785
    vertex 137.9196007209628 -455.0471006547685 5.000000000000182
    vertex 138.11940156597214 -454.56473874497345 5.000000000000182
  endloop
endfacet
facet normal -0.9914448613738397 0.1305261922198287 2.1091049284663233e-14
  outer loop
    vertex 294.6176225394904 -473.69411428382256 15.000000000000359
    vertex 294.6431781697733 -473.4999999999959 5.0000000000002
    vertex 294.6176225394904 -473.6941142838234 5.000000000000182
  endloop
endfacet
facet normal -0.9914448613738397 0.1305261922198287 2.1091049284663233e-14
  outer loop
    vertex 294.6431781697733 -473.4999999999959 5.0000000000002
    vertex 294.6176225394904 -473.69411428382256 15.000000000000359
    vertex 294.6431781697739 -473.4999999999956 15.000000000000359
  endloop
endfacet
facet normal 0.0 0.0 -0.9999999999999999
  outer loop
    vertex 293.16873380005717 -473.3058857161687 15.000000000000359
    vertex 293.16873380005717 -473.69411428382256 15.000000000000359
    vertex 293.14317816977365 -473.4999999999956 15.000000000000359
  endloop
endfacet
facet normal 0.0 0.0 -0.9999999999999999
  outer loop
    vertex 293.16873380005717 -473.69411428382256 15.000000000000359
    vertex 293.16873380005717 -473.3058857161687 15.000000000000359
    vertex 293.2436591169355 -473.12499999999557 15.000000000000359
  endloop
endfacet
facet normal 0.0 0.0 -0.9999999999999999
  outer loop
    vertex 293.16873380005717 -473.69411428382256 15.000000000000359
    vertex 293.2436591169355 -473.12499999999557 15.000000000000359
    vertex 293.2436591169355 -473.8749999999956 15.000000000000359
  endloop
endfacet
facet normal 0.0 0.0 -0.9999999999999999
  outer loop
    vertex 293.2436591169355 -473.8749999999956 15.000000000000359
    vertex 293.2436591169355 -473.12499999999557 15.000000000000359
    vertex 293.3628480838838 -472.9696699141056 15.000000000000359
  endloop
endfacet
facet normal 0.0 0.0 -0.9999999999999999
  outer loop
    vertex 293.2436591169355 -473.8749999999956 15.000000000000359
    vertex 293.3628480838838 -472.9696699141056 15.000000000000359
    vertex 293.3628480838838 -474.0303300858856 15.000000000000359
  endloop
endfacet
facet normal 0.0 0.0 -0.9999999999999999
  outer loop
    vertex 293.3628480838838 -474.0303300858856 15.000000000000359
    vertex 293.3628480838838 -472.9696699141056 15.000000000000359
    vertex 293.51817816977376 -472.8504809471573 15.000000000000359
  endloop
endfacet
facet normal 0.0 0.0 -0.9999999999999999
  outer loop
    vertex 293.3628480838838 -474.0303300858856 15.000000000000359
    vertex 293.51817816977376 -472.8504809471573 15.000000000000359
    vertex 293.51817816977376 -474.1495190528339 15.000000000000359
  endloop
endfacet
facet normal 0.0 0.0 -0.9999999999999999
  outer loop
    vertex 293.51817816977376 -474.1495190528339 15.000000000000359
    vertex 293.51817816977376 -472.8504809471573 15.000000000000359
    vertex 293.6990638859471 -472.7755556302787 15.000000000000359
  endloop
endfacet
facet normal 0.0 0.0 -0.9999999999999999
  outer loop
    vertex 293.51817816977376 -474.1495190528339 15.000000000000359
    vertex 293.6990638859471 -472.7755556302787 15.000000000000359
    vertex 293.6990638859471 -474.22444436971256 15.000000000000359
  endloop
endfacet
facet normal 0.0 0.0 -0.9999999999999999
  outer loop
    vertex 293.6990638859471 -474.22444436971256 15.000000000000359
    vertex 293.6990638859471 -472.7755556302787 15.000000000000359
    vertex 293.89317816977376 -472.7499999999955 15.000000000000359
  endloop
endfacet
facet normal 0.0 0.0 -0.9999999999999999
  outer loop
    vertex 293.6990638859471 -474.22444436971256 15.000000000000359
    vertex 293.89317816977376 -472.7499999999955 15.000000000000359
    vertex 293.89317816977376 -474.24999999999574 15.000000000000359
  endloop
endfacet
facet normal 0.0 0.0 -0.9999999999999999
  outer loop
    vertex 293.89317816977376 -474.24999999999574 15.000000000000359
    vertex 293.89317816977376 -472.7499999999955 15.000000000000359
    vertex 294.0872924536004 -472.7755556302787 15.000000000000359
  endloop
endfacet
facet normal 0.0 0.0 -0.9999999999999999
  outer loop
    vertex 293.89317816977376 -474.24999999999574 15.000000000000359
    vertex 294.0872924536004 -472.7755556302787 15.000000000000359
    vertex 294.0872924536004 -474.22444436971256 15.000000000000359
  endloop
endfacet
facet normal 0.0 0.0 -0.9999999999999999
  outer loop
    vertex 294.0872924536004 -474.22444436971256 15.000000000000359
    vertex 294.0872924536004 -472.7755556302787 15.000000000000359
    vertex 294.2681781697738 -472.8504809471573 15.000000000000359
  endloop
endfacet
facet normal 0.0 0.0 -0.9999999999999999
  outer loop
    vertex 294.0872924536004 -474.22444436971256 15.000000000000359
    vertex 294.2681781697738 -472.8504809471573 15.000000000000359
    vertex 294.2681781697738 -474.1495190528339 15.000000000000359
  endloop
endfacet
facet normal 0.0 0.0 -0.9999999999999999
  outer loop
    vertex 294.2681781697738 -474.1495190528339 15.000000000000359
    vertex 294.2681781697738 -472.8504809471573 15.000000000000359
    vertex 294.4235082556637 -472.9696699141056 15.000000000000359
  endloop
endfacet
facet normal 0.0 0.0 -0.9999999999999999
  outer loop
    vertex 294.2681781697738 -474.1495190528339 15.000000000000359
    vertex 294.4235082556637 -472.9696699141056 15.000000000000359
    vertex 294.4235082556637 -474.0303300858856 15.000000000000359
  endloop
endfacet
facet normal 0.0 0.0 -0.9999999999999999
  outer loop
    vertex 294.4235082556637 -474.0303300858856 15.000000000000359
    vertex 294.4235082556637 -472.9696699141056 15.000000000000359
    vertex 294.5426972226121 -473.12499999999557 15.000000000000359
  endloop
endfacet
facet normal 0.0 0.0 -0.9999999999999999
  outer loop
    vertex 294.4235082556637 -474.0303300858856 15.000000000000359
    vertex 294.5426972226121 -473.12499999999557 15.000000000000359
    vertex 294.5426972226121 -473.8749999999956 15.000000000000359
  endloop
endfacet
facet normal 0.0 0.0 -0.9999999999999999
  outer loop
    vertex 294.5426972226121 -473.8749999999956 15.000000000000359
    vertex 294.5426972226121 -473.12499999999557 15.000000000000359
    vertex 294.6176225394904 -473.3058857161687 15.000000000000359
  endloop
endfacet
facet normal 0.0 0.0 -0.9999999999999999
  outer loop
    vertex 294.5426972226121 -473.8749999999956 15.000000000000359
    vertex 294.6176225394904 -473.3058857161687 15.000000000000359
    vertex 294.6176225394904 -473.69411428382256 15.000000000000359
  endloop
endfacet
facet normal 0.0 0.0 -0.9999999999999999
  outer loop
    vertex 294.6176225394904 -473.69411428382256 15.000000000000359
    vertex 294.6176225394904 -473.3058857161687 15.000000000000359
    vertex 294.6431781697739 -473.4999999999956 15.000000000000359
  endloop
endfacet
facet normal -0.6087614290097422 -0.7933533402904513 -5.353064318629547e-14
  outer loop
    vertex 294.4235082556649 -472.9696699141062 5.000000000000217
    vertex 294.2681781697738 -472.8504809471573 15.000000000000359
    vertex 294.2681781697755 -472.8504809471575 5.0000000000002
  endloop
endfacet
facet normal -0.6087614290097422 -0.7933533402904513 -5.353064318629547e-14
  outer loop
    vertex 294.2681781697738 -472.8504809471573 15.000000000000359
    vertex 294.4235082556649 -472.9696699141062 5.000000000000217
    vertex 294.4235082556637 -472.9696699141056 15.000000000000359
  endloop
endfacet
facet normal 0.793353340291354 0.6087614290085657 1.0660655506920689e-14
  outer loop
    vertex 293.243659116936 -473.87499999999625 5.0000000000002
    vertex 293.3628480838838 -474.0303300858856 15.000000000000359
    vertex 293.3628480838844 -474.0303300858862 5.000000000000217
  endloop
endfacet
facet normal 0.793353340291354 0.6087614290085657 1.0660655506920689e-14
  outer loop
    vertex 293.3628480838838 -474.0303300858856 15.000000000000359
    vertex 293.243659116936 -473.87499999999625 5.0000000000002
    vertex 293.2436591169355 -473.8749999999956 15.000000000000359
  endloop
endfacet
facet normal -0.38116900711202095 0.9202233865244511 -0.08887692001136675
  outer loop
    vertex 140.322503035624 -457.32272374881825 7.0000000000001785
    vertex 140.8514523735414 -457.29678955254246 5.0000000000002
    vertex 140.3690904637472 -457.4965903975524 5.000000000000182
  endloop
endfacet
facet normal -0.38116900711202095 0.9202233865244511 -0.08887692001136675
  outer loop
    vertex 140.8514523735414 -457.29678955254246 5.0000000000002
    vertex 140.322503035624 -457.32272374881825 7.0000000000001785
    vertex 140.76145237353768 -457.1409049798601 7.0000000000001785
  endloop
endfacet
facet normal 0.3826834323644793 -0.9238795325115395 -2.0205129728162397e-14
  outer loop
    vertex 293.6990638859471 -472.7755556302787 15.000000000000359
    vertex 293.5181781697743 -472.8504809471567 5.0000000000002
    vertex 293.6990638859483 -472.7755556302782 5.0000000000002
  endloop
endfacet
facet normal 0.3826834323644793 -0.9238795325115395 -2.0205129728162397e-14
  outer loop
    vertex 293.5181781697743 -472.8504809471567 5.0000000000002
    vertex 293.6990638859471 -472.7755556302787 15.000000000000359
    vertex 293.51817816977376 -472.8504809471573 15.000000000000359
  endloop
endfacet
facet normal -0.7933533402925053 -0.6087614290070652 -1.945025183913832e-14
  outer loop
    vertex 294.5426972226121 -473.12499999999557 15.000000000000359
    vertex 294.4235082556649 -472.9696699141062 5.000000000000217
    vertex 294.5426972226121 -473.1249999999958 5.0000000000002
  endloop
endfacet
facet normal -0.7933533402925053 -0.6087614290070652 -1.945025183913832e-14
  outer loop
    vertex 294.4235082556649 -472.9696699141062 5.000000000000217
    vertex 294.5426972226121 -473.12499999999557 15.000000000000359
    vertex 294.4235082556637 -472.9696699141056 15.000000000000359
  endloop
endfacet
facet normal -0.923879532511629 -0.3826834323642634 1.1050552387126578e-14
  outer loop
    vertex 294.6176225394904 -473.3058857161687 15.000000000000359
    vertex 294.5426972226121 -473.1249999999958 5.0000000000002
    vertex 294.6176225394904 -473.305885716169 5.0000000000002
  endloop
endfacet
facet normal -0.923879532511629 -0.3826834323642634 1.1050552387126578e-14
  outer loop
    vertex 294.5426972226121 -473.1249999999958 5.0000000000002
    vertex 294.6176225394904 -473.3058857161687 15.000000000000359
    vertex 294.5426972226121 -473.12499999999557 15.000000000000359
  endloop
endfacet
facet normal 0.7902137365568105 0.6063523263307304 -0.08887692000871347
  outer loop
    vertex 138.11940156597214 -456.5647387449735 5.000000000000163
    vertex 138.5645180317772 -456.8516730867319 7.0000000000001785
    vertex 138.4372388111678 -456.9789523073473 5.000000000000182
  endloop
endfacet
facet normal 0.7902137365568105 0.6063523263307304 -0.08887692000871347
  outer loop
    vertex 138.5645180317772 -456.8516730867319 7.0000000000001785
    vertex 138.11940156597214 -456.5647387449735 5.000000000000163
    vertex 138.27528613864897 -456.47473874497183 7.0000000000001785
  endloop
endfacet
facet normal 0.7902137365566718 -0.6063523263310637 -0.08887692000767243
  outer loop
    vertex 138.11940156597214 -454.56473874497345 5.000000000000182
    vertex 138.5645180317772 -454.277804403212 7.0000000000001785
    vertex 138.27528613864897 -454.65473874497167 7.0000000000001785
  endloop
endfacet
facet normal 0.7902137365566718 -0.6063523263310637 -0.08887692000767243
  outer loop
    vertex 138.5645180317772 -454.277804403212 7.0000000000001785
    vertex 138.11940156597214 -454.56473874497345 5.000000000000182
    vertex 138.4372388111678 -454.15052518259995 5.000000000000217
  endloop
endfacet
facet normal -0.7902137365560985 0.6063523263311974 -0.08887692001185775
  outer loop
    vertex 141.13838671529686 -456.8516730867319 7.0000000000001785
    vertex 141.58350318111 -456.56473874497414 5.0000000000002
    vertex 141.26566593591434 -456.9789523073473 5.0000000000002
  endloop
endfacet
facet normal -0.7902137365560985 0.6063523263311974 -0.08887692001185775
  outer loop
    vertex 141.58350318111 -456.56473874497414 5.0000000000002
    vertex 141.13838671529686 -456.8516730867319 7.0000000000001785
    vertex 141.42761860842563 -456.47473874497183 7.0000000000001785
  endloop
endfacet
facet normal -0.9914448613738146 -0.13052619222001957 3.2398580278167946e-14
  outer loop
    vertex 294.6431781697739 -473.4999999999956 15.000000000000359
    vertex 294.6176225394904 -473.305885716169 5.0000000000002
    vertex 294.6431781697733 -473.4999999999959 5.0000000000002
  endloop
endfacet
facet normal -0.9914448613738146 -0.13052619222001957 3.2398580278167946e-14
  outer loop
    vertex 294.6176225394904 -473.305885716169 5.0000000000002
    vertex 294.6431781697739 -473.4999999999956 15.000000000000359
    vertex 294.6176225394904 -473.3058857161687 15.000000000000359
  endloop
endfacet
facet normal 0.6063523263304251 0.7902137365569822 -0.08887692000926739
  outer loop
    vertex 138.5645180317772 -456.8516730867319 7.0000000000001785
    vertex 138.85145237354186 -457.296789552543 5.0000000000002
    vertex 138.4372388111678 -456.9789523073473 5.000000000000182
  endloop
endfacet
facet normal 0.6063523263304251 0.7902137365569822 -0.08887692000926739
  outer loop
    vertex 138.85145237354186 -457.296789552543 5.0000000000002
    vertex 138.5645180317772 -456.8516730867319 7.0000000000001785
    vertex 138.94145237353752 -457.1409049798601 7.0000000000001785
  endloop
endfacet
facet normal 0.987521333442819 -0.13000964996973402 -0.08887692000774813
  outer loop
    vertex 137.9196007209628 -455.0471006547685 5.000000000000182
    vertex 138.0314523735363 -455.56473874497175 7.0000000000001785
    vertex 137.85145237354095 -455.5647387449735 5.000000000000182
  endloop
endfacet
facet normal 0.987521333442819 -0.13000964996973402 -0.08887692000774813
  outer loop
    vertex 138.0314523735363 -455.56473874497175 7.0000000000001785
    vertex 137.9196007209628 -455.0471006547685 5.000000000000182
    vertex 138.09346736969135 -455.09368808288536 7.0000000000001785
  endloop
endfacet
facet normal 0.793353340291354 -0.6087614290085657 -4.5818511631026515e-14
  outer loop
    vertex 293.3628480838832 -472.9696699141056 5.0000000000002
    vertex 293.2436591169355 -473.12499999999557 15.000000000000359
    vertex 293.24365911693485 -473.12499999999557 5.0000000000002
  endloop
endfacet
facet normal 0.793353340291354 -0.6087614290085657 -4.5818511631026515e-14
  outer loop
    vertex 293.2436591169355 -473.12499999999557 15.000000000000359
    vertex 293.3628480838832 -472.9696699141056 5.0000000000002
    vertex 293.3628480838838 -472.9696699141056 15.000000000000359
  endloop
endfacet
facet normal -0.3826834323651087 -0.9238795325112787 -4.191356521336908e-14
  outer loop
    vertex 294.2681781697738 -472.8504809471573 15.000000000000359
    vertex 294.0872924536016 -472.7755556302787 5.0000000000002
    vertex 294.2681781697755 -472.8504809471575 5.0000000000002
  endloop
endfacet
facet normal -0.3826834323651087 -0.9238795325112787 -4.191356521336908e-14
  outer loop
    vertex 294.0872924536016 -472.7755556302787 5.0000000000002
    vertex 294.2681781697738 -472.8504809471573 15.000000000000359
    vertex 294.0872924536004 -472.7755556302787 15.000000000000359
  endloop
endfacet
facet normal -0.7933533402910807 0.6087614290089218 3.702906650013055e-14
  outer loop
    vertex 294.5426972226121 -473.8749999999956 15.000000000000359
    vertex 294.4235082556632 -474.0303300858856 5.0000000000002
    vertex 294.4235082556637 -474.0303300858856 15.000000000000359
  endloop
endfacet
facet normal -0.7933533402910807 0.6087614290089218 3.702906650013055e-14
  outer loop
    vertex 294.4235082556632 -474.0303300858856 5.0000000000002
    vertex 294.5426972226121 -473.8749999999956 15.000000000000359
    vertex 294.54269722261154 -473.874999999996 5.0000000000002
  endloop
endfacet
facet normal -0.9238795325108916 0.3826834323660438 4.5772521452950486e-15
  outer loop
    vertex 294.5426972226121 -473.8749999999956 15.000000000000359
    vertex 294.6176225394904 -473.6941142838234 5.000000000000182
    vertex 294.54269722261154 -473.874999999996 5.0000000000002
  endloop
endfacet
facet normal -0.9238795325108916 0.3826834323660438 4.5772521452950486e-15
  outer loop
    vertex 294.6176225394904 -473.6941142838234 5.000000000000182
    vertex 294.5426972226121 -473.8749999999956 15.000000000000359
    vertex 294.6176225394904 -473.69411428382256 15.000000000000359
  endloop
endfacet
facet normal 0.6087614290080694 -0.7933533402917348 -2.2909255815524147e-14
  outer loop
    vertex 293.51817816977376 -472.8504809471573 15.000000000000359
    vertex 293.3628480838832 -472.9696699141056 5.0000000000002
    vertex 293.5181781697743 -472.8504809471567 5.0000000000002
  endloop
endfacet
facet normal 0.6087614290080694 -0.7933533402917348 -2.2909255815524147e-14
  outer loop
    vertex 293.3628480838832 -472.9696699141056 5.0000000000002
    vertex 293.51817816977376 -472.8504809471573 15.000000000000359
    vertex 293.3628480838838 -472.9696699141056 15.000000000000359
  endloop
endfacet
facet normal 0.6087614290085657 0.793353340291354 -1.0660731107526235e-14
  outer loop
    vertex 293.3628480838838 -474.0303300858856 15.000000000000359
    vertex 293.5181781697743 -474.14951905283453 5.000000000000217
    vertex 293.3628480838844 -474.0303300858862 5.000000000000217
  endloop
endfacet
facet normal 0.6087614290085657 0.793353340291354 -1.0660731107526235e-14
  outer loop
    vertex 293.5181781697743 -474.14951905283453 5.000000000000217
    vertex 293.3628480838838 -474.0303300858856 15.000000000000359
    vertex 293.51817816977376 -474.1495190528339 15.000000000000359
  endloop
endfacet
facet normal 0.3826834323633285 0.9238795325120163 4.1845828560967085e-15
  outer loop
    vertex 293.5181781697743 -474.14951905283453 5.000000000000217
    vertex 293.6990638859471 -474.22444436971256 15.000000000000359
    vertex 293.6990638859489 -474.22444436971284 5.0000000000002
  endloop
endfacet
facet normal 0.3826834323633285 0.9238795325120163 4.1845828560967085e-15
  outer loop
    vertex 293.6990638859471 -474.22444436971256 15.000000000000359
    vertex 293.5181781697743 -474.14951905283453 5.000000000000217
    vertex 293.51817816977376 -474.1495190528339 15.000000000000359
  endloop
endfacet
facet normal 0.9238795325111077 0.3826834323655221 4.5772886704419366e-15
  outer loop
    vertex 293.16873380005717 -473.6941142838231 5.0000000000002
    vertex 293.2436591169355 -473.8749999999956 15.000000000000359
    vertex 293.243659116936 -473.87499999999625 5.0000000000002
  endloop
endfacet
facet normal 0.9238795325111077 0.3826834323655221 4.5772886704419366e-15
  outer loop
    vertex 293.2436591169355 -473.8749999999956 15.000000000000359
    vertex 293.16873380005717 -473.6941142838231 5.0000000000002
    vertex 293.16873380005717 -473.69411428382256 15.000000000000359
  endloop
endfacet
facet normal 0.9914448613738273 0.13052619221992415 2.2975625245065108e-14
  outer loop
    vertex 293.1431781697742 -473.4999999999959 5.0000000000002
    vertex 293.16873380005717 -473.69411428382256 15.000000000000359
    vertex 293.16873380005717 -473.6941142838231 5.0000000000002
  endloop
endfacet
facet normal 0.9914448613738273 0.13052619221992415 2.2975625245065108e-14
  outer loop
    vertex 293.16873380005717 -473.69411428382256 15.000000000000359
    vertex 293.1431781697742 -473.4999999999959 5.0000000000002
    vertex 293.14317816977365 -473.4999999999956 15.000000000000359
  endloop
endfacet
facet normal -0.6087614290095262 0.7933533402906169 1.1454627907745989e-14
  outer loop
    vertex 294.2681781697738 -474.1495190528339 15.000000000000359
    vertex 294.4235082556632 -474.0303300858856 5.0000000000002
    vertex 294.26817816977444 -474.1495190528337 5.0000000000002
  endloop
endfacet
facet normal -0.6087614290095262 0.7933533402906169 1.1454627907745989e-14
  outer loop
    vertex 294.4235082556632 -474.0303300858856 5.0000000000002
    vertex 294.2681781697738 -474.1495190528339 15.000000000000359
    vertex 294.4235082556637 -474.0303300858856 15.000000000000359
  endloop
endfacet
facet normal -0.3826834323637418 0.9238795325118452 3.12556821153555e-14
  outer loop
    vertex 294.0872924536004 -474.22444436971256 15.000000000000359
    vertex 294.26817816977444 -474.1495190528337 5.0000000000002
    vertex 294.087292453601 -474.22444436971165 5.0000000000002
  endloop
endfacet
facet normal -0.3826834323637418 0.9238795325118452 3.12556821153555e-14
  outer loop
    vertex 294.26817816977444 -474.1495190528337 5.0000000000002
    vertex 294.0872924536004 -474.22444436971256 15.000000000000359
    vertex 294.2681781697738 -474.1495190528339 15.000000000000359
  endloop
endfacet
facet normal 0.13052619221784492 -0.9914448613741009 4.531077781492775e-15
  outer loop
    vertex 293.89317816977376 -472.7499999999955 15.000000000000359
    vertex 293.6990638859483 -472.7755556302782 5.0000000000002
    vertex 293.8931781697755 -472.7499999999958 5.0000000000002
  endloop
endfacet
facet normal 0.13052619221784492 -0.9914448613741009 4.531077781492775e-15
  outer loop
    vertex 293.6990638859483 -472.7755556302782 5.0000000000002
    vertex 293.89317816977376 -472.7499999999955 15.000000000000359
    vertex 293.6990638859471 -472.7755556302787 15.000000000000359
  endloop
endfacet
facet normal -0.13052619221962997 -0.9914448613738658 -2.3006454984699286e-15
  outer loop
    vertex 294.0872924536004 -472.7755556302787 15.000000000000359
    vertex 293.8931781697755 -472.7499999999958 5.0000000000002
    vertex 294.0872924536016 -472.7755556302787 5.0000000000002
  endloop
endfacet
facet normal -0.13052619221962997 -0.9914448613738658 -2.3006454984699286e-15
  outer loop
    vertex 293.8931781697755 -472.7499999999958 5.0000000000002
    vertex 294.0872924536004 -472.7755556302787 15.000000000000359
    vertex 293.89317816977376 -472.7499999999955 15.000000000000359
  endloop
endfacet
facet normal -0.13052619222237383 0.9914448613735047 3.055145948903867e-14
  outer loop
    vertex 293.89317816977376 -474.24999999999574 15.000000000000359
    vertex 294.087292453601 -474.22444436971165 5.0000000000002
    vertex 293.89317816977376 -474.24999999999574 5.0000000000002
  endloop
endfacet
facet normal -0.13052619222237383 0.9914448613735047 3.055145948903867e-14
  outer loop
    vertex 294.087292453601 -474.22444436971165 5.0000000000002
    vertex 293.89317816977376 -474.24999999999574 15.000000000000359
    vertex 294.0872924536004 -474.22444436971256 15.000000000000359
  endloop
endfacet
facet normal 0.13052619222005815 0.9914448613738094 -3.0071974767108e-15
  outer loop
    vertex 293.6990638859471 -474.22444436971256 15.000000000000359
    vertex 293.89317816977376 -474.24999999999574 5.0000000000002
    vertex 293.6990638859489 -474.22444436971284 5.0000000000002
  endloop
endfacet
facet normal 0.13052619222005815 0.9914448613738094 -3.0071974767108e-15
  outer loop
    vertex 293.89317816977376 -474.24999999999574 5.0000000000002
    vertex 293.6990638859471 -474.22444436971256 15.000000000000359
    vertex 293.89317816977376 -474.24999999999574 15.000000000000359
  endloop
endfacet
facet normal 0.9238795325122585 -0.38268343236274377 -2.1153117251259914e-14
  outer loop
    vertex 293.24365911693485 -473.12499999999557 5.0000000000002
    vertex 293.16873380005717 -473.3058857161687 15.000000000000359
    vertex 293.16873380005717 -473.305885716169 5.0000000000002
  endloop
endfacet
facet normal 0.9238795325122585 -0.38268343236274377 -2.1153117251259914e-14
  outer loop
    vertex 293.16873380005717 -473.3058857161687 15.000000000000359
    vertex 293.24365911693485 -473.12499999999557 5.0000000000002
    vertex 293.2436591169355 -473.12499999999557 15.000000000000359
  endloop
endfacet
facet normal 0.9914448613738146 -0.13052619222001957 3.239846931821701e-14
  outer loop
    vertex 293.16873380005717 -473.305885716169 5.0000000000002
    vertex 293.14317816977365 -473.4999999999956 15.000000000000359
    vertex 293.1431781697742 -473.4999999999959 5.0000000000002
  endloop
endfacet
facet normal 0.9914448613738146 -0.13052619222001957 3.239846931821701e-14
  outer loop
    vertex 293.14317816977365 -473.4999999999956 15.000000000000359
    vertex 293.16873380005717 -473.305885716169 5.0000000000002
    vertex 293.16873380005717 -473.3058857161687 15.000000000000359
  endloop
endfacet
facet normal -5.6399329651347e-15 0.9999999999999999 -2.8312463484771582e-14
  outer loop
    vertex 128.85145237345083 -472.67448519652993 5.000000000000848
    vertex 129.8514523735028 -472.67448519652845 55.00000000000554
    vertex 129.8514523734508 -472.67448519652993 4.999999999999483
  endloop
endfacet
facet normal -5.6399329651347e-15 0.9999999999999999 -2.8312463484771582e-14
  outer loop
    vertex 129.8514523735028 -472.67448519652845 55.00000000000554
    vertex 128.85145237345083 -472.67448519652993 5.000000000000848
    vertex 128.85145237350287 -472.67448519652845 55.00000000000691
  endloop
endfacet
facet normal -0.9999999999999999 1.9878218974131173e-15 1.0433875985427399e-12
  outer loop
    vertex 129.8514523735028 -472.67448519652845 55.00000000000554
    vertex 129.8514523734508 -461.32551480348735 4.999999999999483
    vertex 129.8514523734508 -472.67448519652993 4.999999999999483
  endloop
endfacet
facet normal -0.9999999999999999 1.9878218974131173e-15 1.0433875985427399e-12
  outer loop
    vertex 129.8514523734508 -461.32551480348735 4.999999999999483
    vertex 129.8514523735028 -472.67448519652845 55.00000000000554
    vertex 129.85145237350284 -461.3255148034859 55.00000000000554
  endloop
endfacet
facet normal 1.1279865930212065e-14 -0.9999999999999999 2.8312463484765713e-14
  outer loop
    vertex 129.85145237350284 -461.3255148034859 55.00000000000554
    vertex 128.8514523734508 -461.32551480348735 5.000000000000205
    vertex 129.8514523734508 -461.32551480348735 4.999999999999483
  endloop
endfacet
facet normal 1.1279865930212065e-14 -0.9999999999999999 2.8312463484765713e-14
  outer loop
    vertex 128.8514523734508 -461.32551480348735 5.000000000000205
    vertex 129.85145237350284 -461.3255148034859 55.00000000000554
    vertex 128.85145237350284 -461.3255148034859 55.00000000000626
  endloop
endfacet
facet normal -0.9999999999999999 -5.949650952467158e-12 5.202274167004478e-13
  outer loop
    vertex 128.85145237350287 -472.67448519652845 55.00000000000691
    vertex 128.85145237354126 -483.4999999999956 5.000000000000182
    vertex 128.85145237354126 -483.49999999999596 55.000000000005514
  endloop
endfacet
facet normal -0.9999999999999999 -5.949650952467158e-12 5.202274167004478e-13
  outer loop
    vertex 128.85145237354126 -483.4999999999956 5.000000000000182
    vertex 128.85145237350287 -472.67448519652845 55.00000000000691
    vertex 128.85145237345083 -472.67448519652993 5.000000000000848
  endloop
endfacet
endsolid DIY Perks 3D Printed Speaker - Sketchup Model
