solid DIY Perks 3D Printed Speaker - Sketchup Model
facet normal 0.1300096499689741 0.9875213334426955 -0.08887692001023303
  outer loop
    vertex 139.85145237354524 -457.5647387449737 105.00000000001073
    vertex 139.3338142833414 -457.4965903975515 105.00000000001073
    vertex 139.85145237354695 -457.3847387449728 107.0000000000109
  endloop
endfacet
facet normal 0.1300096499689741 0.9875213334426955 -0.08887692001023303
  outer loop
    vertex 139.3804017114611 -457.3227237488189 107.0000000000109
    vertex 139.85145237354695 -457.3847387449728 107.0000000000109
    vertex 139.3338142833414 -457.4965903975515 105.00000000001073
  endloop
endfacet
facet normal 0.9202233865251213 -0.38116900711065316 -0.08887692001029583
  outer loop
    vertex 138.09346736970187 -455.0936880828862 107.00000000001089
    vertex 137.9196007209681 -455.0471006547685 105.0000000000107
    vertex 138.27528613865948 -454.6547387449726 107.00000000001089
  endloop
endfacet
facet normal 0.9202233865251213 -0.38116900711065316 -0.08887692001029583
  outer loop
    vertex 138.11940156597745 -454.56473874497317 105.00000000001073
    vertex 138.27528613865948 -454.6547387449726 107.00000000001089
    vertex 137.9196007209681 -455.0471006547685 105.0000000000107
  endloop
endfacet
facet normal -0.9202233865248601 0.3811690071115189 -0.08887692000928388
  outer loop
    vertex 141.58350318111533 -456.5647387449739 105.00000000001073
    vertex 141.4276186084356 -456.47473874497274 107.0000000000109
    vertex 141.78330402612463 -456.0823768351783 105.00000000001074
  endloop
endfacet
facet normal -0.9202233865248601 0.3811690071115189 -0.08887692000928388
  outer loop
    vertex 141.60943737739436 -456.0357894070591 107.0000000000109
    vertex 141.78330402612463 -456.0823768351783 105.00000000001074
    vertex 141.4276186084356 -456.47473874497274 107.0000000000109
  endloop
endfacet
facet normal 0.9875213334425017 0.1300096499702109 -0.08887692001057856
  outer loop
    vertex 137.9196007209681 -456.08237683517854 105.00000000001073
    vertex 137.85145237354573 -455.56473874497294 105.00000000001073
    vertex 138.09346736970187 -456.03578940705904 107.0000000000109
  endloop
endfacet
facet normal 0.9875213334425017 0.1300096499702109 -0.08887692001057856
  outer loop
    vertex 138.0314523735468 -455.56473874497266 107.0000000000109
    vertex 138.09346736970187 -456.03578940705904 107.0000000000109
    vertex 137.85145237354573 -455.56473874497294 105.00000000001073
  endloop
endfacet
facet normal -0.9875213334431324 -0.1300096499663367 -0.08887692000923678
  outer loop
    vertex 141.85145237354592 -455.5647387449732 105.00000000001073
    vertex 141.67145237354714 -455.56473874497266 107.0000000000109
    vertex 141.78330402612522 -455.047100654768 105.0000000000107
  endloop
endfacet
facet normal -0.9875213334431324 -0.1300096499663367 -0.08887692000923678
  outer loop
    vertex 141.60943737739436 -455.0936880828862 107.00000000001089
    vertex 141.78330402612522 -455.047100654768 105.0000000000107
    vertex 141.67145237354714 -455.56473874497266 107.0000000000109
  endloop
endfacet
facet normal 0.13000964996867442 -0.9875213334427932 -0.0888769200095872
  outer loop
    vertex 139.3338142833414 -453.632887092395 105.00000000001069
    vertex 139.85145237354638 -453.5647387449731 105.0000000000107
    vertex 139.3804017114611 -453.8067537411264 107.00000000001089
  endloop
endfacet
facet normal 0.13000964996867442 -0.9875213334427932 -0.0888769200095872
  outer loop
    vertex 139.85145237354698 -453.7447387449725 107.00000000001089
    vertex 139.3804017114611 -453.8067537411264 107.00000000001089
    vertex 139.85145237354638 -453.5647387449731 105.0000000000107
  endloop
endfacet
facet normal -0.92022338652473 -0.38116900711183116 -0.08887692000929369
  outer loop
    vertex 141.60943737739436 -455.0936880828862 107.00000000001089
    vertex 141.4276186084356 -454.6547387449726 107.00000000001089
    vertex 141.78330402612522 -455.047100654768 105.0000000000107
  endloop
endfacet
facet normal -0.92022338652473 -0.38116900711183116 -0.08887692000929369
  outer loop
    vertex 141.58350318111587 -454.56473874497317 105.00000000001069
    vertex 141.78330402612522 -455.047100654768 105.0000000000107
    vertex 141.4276186084356 -454.6547387449726 107.00000000001089
  endloop
endfacet
facet normal -0.7902137365555396 -0.6063523263323183 -0.08887692000918013
  outer loop
    vertex 141.4276186084356 -454.6547387449726 107.00000000001089
    vertex 141.13838671530684 -454.27780440321277 107.00000000001089
    vertex 141.58350318111587 -454.56473874497317 105.00000000001069
  endloop
endfacet
facet normal -0.7902137365555396 -0.6063523263323183 -0.08887692000918013
  outer loop
    vertex 141.2656659359185 -454.1505251825994 105.0000000000107
    vertex 141.58350318111587 -454.56473874497317 105.00000000001069
    vertex 141.13838671530684 -454.27780440321277 107.00000000001089
  endloop
endfacet
facet normal 0.7902137365563887 -0.6063523263310915 -0.08887692001000007
  outer loop
    vertex 138.27528613865948 -454.6547387449726 107.00000000001089
    vertex 138.11940156597745 -454.56473874497317 105.00000000001073
    vertex 138.5645180317877 -454.27780440321277 107.00000000001089
  endloop
endfacet
facet normal 0.7902137365563887 -0.6063523263310915 -0.08887692001000007
  outer loop
    vertex 138.43723881117316 -454.1505251826 105.00000000001069
    vertex 138.5645180317877 -454.27780440321277 107.00000000001089
    vertex 138.11940156597745 -454.56473874497317 105.00000000001073
  endloop
endfacet
facet normal -0.9875213334430555 0.13000964996697167 -0.08887692000916372
  outer loop
    vertex 141.78330402612463 -456.0823768351783 105.00000000001074
    vertex 141.60943737739436 -456.0357894070591 107.0000000000109
    vertex 141.85145237354592 -455.5647387449732 105.00000000001073
  endloop
endfacet
facet normal -0.9875213334430555 0.13000964996697167 -0.08887692000916372
  outer loop
    vertex 141.67145237354714 -455.56473874497266 107.0000000000109
    vertex 141.85145237354592 -455.5647387449732 105.00000000001073
    vertex 141.60943737739436 -456.0357894070591 107.0000000000109
  endloop
endfacet
facet normal -0.790213736556145 0.6063523263314472 -0.08887692000973896
  outer loop
    vertex 141.26566593591966 -456.97895230734713 105.00000000001073
    vertex 141.13838671530684 -456.8516730867325 107.0000000000109
    vertex 141.58350318111533 -456.5647387449739 105.00000000001073
  endloop
endfacet
facet normal -0.790213736556145 0.6063523263314472 -0.08887692000973896
  outer loop
    vertex 141.4276186084356 -456.47473874497274 107.0000000000109
    vertex 141.58350318111533 -456.5647387449739 105.00000000001073
    vertex 141.13838671530684 -456.8516730867325 107.0000000000109
  endloop
endfacet
facet normal 0.9875213334424868 -0.13000964997037692 -0.08887692001050174
  outer loop
    vertex 137.85145237354573 -455.56473874497294 105.00000000001073
    vertex 137.9196007209681 -455.0471006547685 105.0000000000107
    vertex 138.0314523735468 -455.56473874497266 107.0000000000109
  endloop
endfacet
facet normal 0.9875213334424868 -0.13000964997037692 -0.08887692001050174
  outer loop
    vertex 138.09346736970187 -455.0936880828862 107.00000000001089
    vertex 138.0314523735468 -455.56473874497266 107.0000000000109
    vertex 137.9196007209681 -455.0471006547685 105.0000000000107
  endloop
endfacet
facet normal -0.3811690071114681 0.9202233865248205 -0.08887692000991301
  outer loop
    vertex 140.85145237354502 -457.2967895525431 105.00000000001073
    vertex 140.3690904637508 -457.4965903975518 105.00000000001073
    vertex 140.76145237354763 -457.14090497986035 107.0000000000109
  endloop
endfacet
facet normal -0.3811690071114681 0.9202233865248205 -0.08887692000991301
  outer loop
    vertex 140.3225030356345 -457.3227237488189 107.0000000000109
    vertex 140.76145237354763 -457.14090497986035 107.0000000000109
    vertex 140.3690904637508 -457.4965903975518 105.00000000001073
  endloop
endfacet
facet normal -0.1300096499684045 0.9875213334427793 -0.08887692001013514
  outer loop
    vertex 140.3690904637508 -457.4965903975518 105.00000000001073
    vertex 139.85145237354524 -457.5647387449737 105.00000000001073
    vertex 140.3225030356345 -457.3227237488189 107.0000000000109
  endloop
endfacet
facet normal -0.1300096499684045 0.9875213334427793 -0.08887692001013514
  outer loop
    vertex 139.85145237354695 -457.3847387449728 107.0000000000109
    vertex 140.3225030356345 -457.3227237488189 107.0000000000109
    vertex 139.85145237354524 -457.5647387449737 105.00000000001073
  endloop
endfacet
facet normal 0.6063523263303268 -0.790213736556976 -0.08887692000999611
  outer loop
    vertex 138.43723881117316 -454.1505251826 105.00000000001069
    vertex 138.8514523735466 -453.83268793740433 105.00000000001069
    vertex 138.5645180317877 -454.27780440321277 107.00000000001089
  endloop
endfacet
facet normal 0.6063523263303268 -0.790213736556976 -0.08887692000999611
  outer loop
    vertex 138.9414523735481 -453.98857251008513 107.00000000001089
    vertex 138.5645180317877 -454.27780440321277 107.00000000001089
    vertex 138.8514523735466 -453.83268793740433 105.00000000001069
  endloop
endfacet
facet normal 0.608761429008569 0.7933533402913516 -3.203414688130518e-14
  outer loop
    vertex 293.51817816977785 -474.14951905283374 105.0000000000108
    vertex 293.3628480838879 -474.03033008588534 105.0000000000108
    vertex 293.518178169779 -474.1495190528342 115.0000000000108
  endloop
endfacet
facet normal 0.608761429008569 0.7933533402913516 -3.203414688130518e-14
  outer loop
    vertex 293.36284808388905 -474.0303300858858 115.0000000000108
    vertex 293.518178169779 -474.1495190528342 115.0000000000108
    vertex 293.3628480838879 -474.03033008588534 105.0000000000108
  endloop
endfacet
facet normal 0.9914448613736232 -0.13052619222147308 4.403215707012706e-15
  outer loop
    vertex 293.14317816977893 -473.49999999999625 105.00000000001077
    vertex 293.1687338000624 -473.3058857161693 105.00000000001077
    vertex 293.14317816977893 -473.4999999999958 115.0000000000108
  endloop
endfacet
facet normal 0.9914448613736232 -0.13052619222147308 4.403215707012706e-15
  outer loop
    vertex 293.16873380006245 -473.30588571616886 115.0000000000108
    vertex 293.14317816977893 -473.4999999999958 115.0000000000108
    vertex 293.1687338000624 -473.3058857161693 105.00000000001077
  endloop
endfacet
facet normal 0.9238795325111092 0.3826834323655187 5.918285687666138e-16
  outer loop
    vertex 293.2436591169413 -473.87499999999653 105.00000000001077
    vertex 293.1687338000624 -473.69411428382347 105.00000000001077
    vertex 293.2436591169407 -473.8749999999959 115.0000000000108
  endloop
endfacet
facet normal 0.9238795325111092 0.3826834323655187 5.918285687666138e-16
  outer loop
    vertex 293.16873380006245 -473.6941142838228 115.0000000000108
    vertex 293.2436591169407 -473.8749999999959 115.0000000000108
    vertex 293.1687338000624 -473.69411428382347 105.00000000001077
  endloop
endfacet
facet normal 0.13052619222067863 -0.991444861373728 1.6921872461433164e-14
  outer loop
    vertex 293.69906388595183 -472.7755556302793 105.0000000000108
    vertex 293.89317816977905 -472.7499999999958 105.0000000000108
    vertex 293.6990638859524 -472.775555630279 115.0000000000108
  endloop
endfacet
facet normal 0.13052619222067863 -0.991444861373728 1.6921872461433164e-14
  outer loop
    vertex 293.89317816977905 -472.74999999999574 115.0000000000108
    vertex 293.6990638859524 -472.775555630279 115.0000000000108
    vertex 293.89317816977905 -472.7499999999958 105.0000000000108
  endloop
endfacet
facet normal 0.9238795325114115 -0.3826834323647884 2.50605099154403e-14
  outer loop
    vertex 293.1687338000624 -473.3058857161693 105.00000000001077
    vertex 293.2436591169407 -473.1249999999967 105.00000000001077
    vertex 293.16873380006245 -473.30588571616886 115.0000000000108
  endloop
endfacet
facet normal 0.9238795325114115 -0.3826834323647884 2.50605099154403e-14
  outer loop
    vertex 293.2436591169407 -473.1249999999958 115.0000000000108
    vertex 293.16873380006245 -473.30588571616886 115.0000000000108
    vertex 293.2436591169407 -473.1249999999967 105.00000000001077
  endloop
endfacet
facet normal 0.38116900711196355 0.9202233865245869 -0.08887692001020477
  outer loop
    vertex 138.8514523735449 -457.296789552541 105.00000000001073
    vertex 138.94145237354746 -457.14090497986035 107.0000000000109
    vertex 139.3338142833414 -457.4965903975515 105.00000000001073
  endloop
endfacet
facet normal 0.38116900711196355 0.9202233865245869 -0.08887692001020477
  outer loop
    vertex 139.3804017114611 -457.3227237488189 107.0000000000109
    vertex 139.3338142833414 -457.4965903975515 105.00000000001073
    vertex 138.94145237354746 -457.14090497986035 107.0000000000109
  endloop
endfacet
facet normal 0.6087614290085629 -0.7933533402913563 -1.7635812905633553e-14
  outer loop
    vertex 293.3628480838879 -472.96966991410653 105.00000000001077
    vertex 293.51817816977785 -472.85048094715813 105.00000000001077
    vertex 293.36284808388905 -472.9696699141059 115.0000000000108
  endloop
endfacet
facet normal 0.6087614290085629 -0.7933533402913563 -1.7635812905633553e-14
  outer loop
    vertex 293.518178169779 -472.8504809471575 115.0000000000108
    vertex 293.36284808388905 -472.9696699141059 115.0000000000108
    vertex 293.51817816977785 -472.85048094715813 105.00000000001077
  endloop
endfacet
facet normal 0.6063523263308647 0.7902137365565227 -0.08887692001035431
  outer loop
    vertex 138.8514523735449 -457.296789552541 105.00000000001073
    vertex 138.43723881117313 -456.9789523073465 105.00000000001073
    vertex 138.94145237354746 -457.14090497986035 107.0000000000109
  endloop
endfacet
facet normal 0.6063523263308647 0.7902137365565227 -0.08887692001035431
  outer loop
    vertex 138.5645180317877 -456.8516730867325 107.0000000000109
    vertex 138.94145237354746 -457.14090497986035 107.0000000000109
    vertex 138.43723881117313 -456.9789523073465 105.00000000001073
  endloop
endfacet
facet normal 0.92022338652481 0.38116900711137 -0.08887692001044308
  outer loop
    vertex 138.11940156597808 -456.56473874497334 105.0000000000107
    vertex 137.9196007209681 -456.08237683517854 105.00000000001073
    vertex 138.27528613865948 -456.47473874497274 107.0000000000109
  endloop
endfacet
facet normal 0.92022338652481 0.38116900711137 -0.08887692001044308
  outer loop
    vertex 138.09346736970187 -456.03578940705904 107.0000000000109
    vertex 138.27528613865948 -456.47473874497274 107.0000000000109
    vertex 137.9196007209681 -456.08237683517854 105.00000000001073
  endloop
endfacet
facet normal -0.381169007111066 -0.9202233865250524 -0.08887692000923683
  outer loop
    vertex 140.36909046375084 -453.6328870923953 105.00000000001069
    vertex 140.85145237354558 -453.8326879374037 105.0000000000107
    vertex 140.32250303563453 -453.8067537411264 107.00000000001089
  endloop
endfacet
facet normal -0.381169007111066 -0.9202233865250524 -0.08887692000923683
  outer loop
    vertex 140.76145237354825 -453.98857251008513 107.00000000001089
    vertex 140.32250303563453 -453.8067537411264 107.00000000001089
    vertex 140.85145237354558 -453.8326879374037 105.0000000000107
  endloop
endfacet
facet normal 0.3826834323651052 -0.9238795325112803 1.5037145073841433e-14
  outer loop
    vertex 293.51817816977785 -472.85048094715813 105.00000000001077
    vertex 293.69906388595183 -472.7755556302793 105.0000000000108
    vertex 293.518178169779 -472.8504809471575 115.0000000000108
  endloop
endfacet
facet normal 0.3826834323651052 -0.9238795325112803 1.5037145073841433e-14
  outer loop
    vertex 293.6990638859524 -472.775555630279 115.0000000000108
    vertex 293.518178169779 -472.8504809471575 115.0000000000108
    vertex 293.69906388595183 -472.7755556302793 105.0000000000108
  endloop
endfacet
facet normal 0.7902137365566709 0.6063523263306878 -0.08887692001024486
  outer loop
    vertex 138.43723881117313 -456.9789523073465 105.00000000001073
    vertex 138.11940156597808 -456.56473874497334 105.0000000000107
    vertex 138.5645180317877 -456.8516730867325 107.0000000000109
  endloop
endfacet
facet normal 0.7902137365566709 0.6063523263306878 -0.08887692001024486
  outer loop
    vertex 138.27528613865948 -456.47473874497274 107.0000000000109
    vertex 138.5645180317877 -456.8516730867325 107.0000000000109
    vertex 138.11940156597808 -456.56473874497334 105.0000000000107
  endloop
endfacet
facet normal 0.3826834323638535 0.9238795325117988 2.4948286949844356e-14
  outer loop
    vertex 293.69906388595183 -474.22444436971205 105.0000000000108
    vertex 293.51817816977785 -474.14951905283374 105.0000000000108
    vertex 293.6990638859524 -474.2244443697127 115.0000000000108
  endloop
endfacet
facet normal 0.3826834323638535 0.9238795325117988 2.4948286949844356e-14
  outer loop
    vertex 293.518178169779 -474.1495190528342 115.0000000000108
    vertex 293.6990638859524 -474.2244443697127 115.0000000000108
    vertex 293.51817816977785 -474.14951905283374 105.0000000000108
  endloop
endfacet
facet normal -0.38268343236499724 0.9238795325113249 3.603103400556844e-14
  outer loop
    vertex 294.26817816977797 -474.1495190528343 105.00000000001077
    vertex 294.08729245360456 -474.22444436971284 105.0000000000108
    vertex 294.2681781697791 -474.1495190528342 115.0000000000108
  endloop
endfacet
facet normal -0.38268343236499724 0.9238795325113249 3.603103400556844e-14
  outer loop
    vertex 294.0872924536057 -474.2244443697127 115.0000000000108
    vertex 294.2681781697791 -474.1495190528342 115.0000000000108
    vertex 294.08729245360456 -474.22444436971284 105.0000000000108
  endloop
endfacet
facet normal -0.991444861373445 0.13052619222282746 2.611068479655152e-14
  outer loop
    vertex 140.5758967432625 -447.82359177377873 105.00000000001063
    vertex 140.57589674326303 -447.82359177377833 115.00000000001081
    vertex 140.60145237354658 -447.6294774899515 105.00000000001063
  endloop
endfacet
facet normal -0.991444861373445 0.13052619222282746 2.611068479655152e-14
  outer loop
    vertex 140.60145237354658 -447.6294774899514 115.00000000001081
    vertex 140.60145237354658 -447.6294774899515 105.00000000001063
    vertex 140.57589674326303 -447.82359177377833 115.00000000001081
  endloop
endfacet
facet normal -0.7933533402910785 0.6087614290089249 1.4366460690162642e-14
  outer loop
    vertex 140.3817824594358 -448.15980757584174 105.00000000001066
    vertex 140.3817824594364 -448.1598075758413 115.00000000001081
    vertex 140.5009714263842 -448.00447748995214 105.00000000001066
  endloop
endfacet
facet normal -0.7933533402910785 0.6087614290089249 1.4366460690162642e-14
  outer loop
    vertex 140.50097142638475 -448.0044774899514 115.00000000001081
    vertex 140.5009714263842 -448.00447748995214 105.00000000001066
    vertex 140.3817824594364 -448.1598075758413 115.00000000001081
  endloop
endfacet
facet normal 0.3826834323648892 -0.9238795325113698 1.0459819878268248e-14
  outer loop
    vertex 139.47645237354635 -446.9799584371131 105.00000000001063
    vertex 139.65733808971922 -446.9050331202348 105.00000000001063
    vertex 139.47645237354635 -446.979958437113 115.00000000001081
  endloop
endfacet
facet normal 0.3826834323648892 -0.9238795325113698 1.0459819878268248e-14
  outer loop
    vertex 139.6573380897198 -446.90503312023446 115.00000000001081
    vertex 139.47645237354635 -446.979958437113 115.00000000001081
    vertex 139.65733808971922 -446.9050331202348 105.00000000001063
  endloop
endfacet
facet normal 0.991444861373637 0.13052619222137007 -7.38850943440327e-15
  outer loop
    vertex 293.1687338000624 -473.69411428382347 105.00000000001077
    vertex 293.14317816977893 -473.49999999999625 105.00000000001077
    vertex 293.16873380006245 -473.6941142838228 115.0000000000108
  endloop
endfacet
facet normal 0.991444861373637 0.13052619222137007 -7.38850943440327e-15
  outer loop
    vertex 293.14317816977893 -473.4999999999958 115.0000000000108
    vertex 293.16873380006245 -473.6941142838228 115.0000000000108
    vertex 293.14317816977893 -473.49999999999625 105.00000000001077
  endloop
endfacet
facet normal -0.1305261922198635 0.9914448613738351 1.2928621916569528e-14
  outer loop
    vertex 294.08729245360456 -474.22444436971284 105.0000000000108
    vertex 293.89317816977905 -474.24999999999574 105.0000000000108
    vertex 294.0872924536057 -474.2244443697127 115.0000000000108
  endloop
endfacet
facet normal -0.1305261922198635 0.9914448613738351 1.2928621916569528e-14
  outer loop
    vertex 293.89317816977905 -474.249999999996 115.0000000000108
    vertex 294.0872924536057 -474.2244443697127 115.0000000000108
    vertex 293.89317816977905 -474.24999999999574 105.0000000000108
  endloop
endfacet
facet normal -0.13000964996887454 -0.9875213334427858 -0.08887692000937611
  outer loop
    vertex 140.36909046375084 -453.6328870923953 105.00000000001069
    vertex 140.32250303563453 -453.8067537411264 107.00000000001089
    vertex 139.85145237354638 -453.5647387449731 105.0000000000107
  endloop
endfacet
facet normal -0.13000964996887454 -0.9875213334427858 -0.08887692000937611
  outer loop
    vertex 139.85145237354698 -453.7447387449725 107.00000000001089
    vertex 139.85145237354638 -453.5647387449731 105.0000000000107
    vertex 140.32250303563453 -453.8067537411264 107.00000000001089
  endloop
endfacet
facet normal -5.551115123125783e-16 -9.074351392018954e-15 -1.0
  outer loop
    vertex 140.60145237354658 -447.6294774899514 115.00000000001081
    vertex 140.57589674326303 -447.82359177377833 115.00000000001081
    vertex 140.57589674326303 -447.43536320612446 115.00000000001081
  endloop
endfacet
facet normal -5.551115123125783e-16 -9.074351392018954e-15 -1.0
  outer loop
    vertex 140.50097142638475 -447.2544774899513 115.00000000001081
    vertex 140.57589674326303 -447.43536320612446 115.00000000001081
    vertex 140.57589674326303 -447.82359177377833 115.00000000001081
  endloop
endfacet
facet normal -5.551115123125783e-16 -9.074351392018954e-15 -1.0
  outer loop
    vertex 140.50097142638475 -448.0044774899514 115.00000000001081
    vertex 140.50097142638475 -447.2544774899513 115.00000000001081
    vertex 140.57589674326303 -447.82359177377833 115.00000000001081
  endloop
endfacet
facet normal -5.551115123125783e-16 -9.074351392018954e-15 -1.0
  outer loop
    vertex 140.3817824594364 -447.0991474040614 115.00000000001081
    vertex 140.50097142638475 -447.2544774899513 115.00000000001081
    vertex 140.50097142638475 -448.0044774899514 115.00000000001081
  endloop
endfacet
facet normal -5.551115123125783e-16 -9.074351392018954e-15 -1.0
  outer loop
    vertex 140.3817824594364 -448.1598075758413 115.00000000001081
    vertex 140.3817824594364 -447.0991474040614 115.00000000001081
    vertex 140.50097142638475 -448.0044774899514 115.00000000001081
  endloop
endfacet
facet normal -5.551115123125783e-16 -9.074351392018954e-15 -1.0
  outer loop
    vertex 140.22645237354646 -446.979958437113 115.00000000001081
    vertex 140.3817824594364 -447.0991474040614 115.00000000001081
    vertex 140.3817824594364 -448.1598075758413 115.00000000001081
  endloop
endfacet
facet normal -5.551115123125783e-16 -9.074351392018954e-15 -1.0
  outer loop
    vertex 140.22645237354646 -448.2789965427897 115.00000000001084
    vertex 140.22645237354646 -446.979958437113 115.00000000001081
    vertex 140.3817824594364 -448.1598075758413 115.00000000001081
  endloop
endfacet
facet normal -5.551115123125783e-16 -9.074351392018954e-15 -1.0
  outer loop
    vertex 140.0455666573731 -446.90503312023446 115.00000000001081
    vertex 140.22645237354646 -446.979958437113 115.00000000001081
    vertex 140.22645237354646 -448.2789965427897 115.00000000001084
  endloop
endfacet
facet normal -5.551115123125783e-16 -9.074351392018954e-15 -1.0
  outer loop
    vertex 140.0455666573731 -448.3539218596683 115.00000000001084
    vertex 140.0455666573731 -446.90503312023446 115.00000000001081
    vertex 140.22645237354646 -448.2789965427897 115.00000000001084
  endloop
endfacet
facet normal -5.551115123125783e-16 -9.074351392018954e-15 -1.0
  outer loop
    vertex 139.8514523735464 -446.8794774899512 115.00000000001081
    vertex 140.0455666573731 -446.90503312023446 115.00000000001081
    vertex 140.0455666573731 -448.3539218596683 115.00000000001084
  endloop
endfacet
facet normal -5.551115123125783e-16 -9.074351392018954e-15 -1.0
  outer loop
    vertex 139.8514523735464 -448.3794774899515 115.00000000001084
    vertex 139.8514523735464 -446.8794774899512 115.00000000001081
    vertex 140.0455666573731 -448.3539218596683 115.00000000001084
  endloop
endfacet
facet normal -5.551115123125783e-16 -9.074351392018954e-15 -1.0
  outer loop
    vertex 139.6573380897198 -446.90503312023446 115.00000000001081
    vertex 139.8514523735464 -446.8794774899512 115.00000000001081
    vertex 139.8514523735464 -448.3794774899515 115.00000000001084
  endloop
endfacet
facet normal -5.551115123125783e-16 -9.074351392018954e-15 -1.0
  outer loop
    vertex 139.6573380897198 -448.3539218596683 115.00000000001084
    vertex 139.6573380897198 -446.90503312023446 115.00000000001081
    vertex 139.8514523735464 -448.3794774899515 115.00000000001084
  endloop
endfacet
facet normal -5.551115123125783e-16 -9.074351392018954e-15 -1.0
  outer loop
    vertex 139.47645237354635 -446.979958437113 115.00000000001081
    vertex 139.6573380897198 -446.90503312023446 115.00000000001081
    vertex 139.6573380897198 -448.3539218596683 115.00000000001084
  endloop
endfacet
facet normal -5.551115123125783e-16 -9.074351392018954e-15 -1.0
  outer loop
    vertex 139.47645237354635 -448.2789965427897 115.00000000001084
    vertex 139.47645237354635 -446.979958437113 115.00000000001081
    vertex 139.6573380897198 -448.3539218596683 115.00000000001084
  endloop
endfacet
facet normal -5.551115123125783e-16 -9.074351392018954e-15 -1.0
  outer loop
    vertex 139.32112228765646 -447.0991474040614 115.00000000001081
    vertex 139.47645237354635 -446.979958437113 115.00000000001081
    vertex 139.47645237354635 -448.2789965427897 115.00000000001084
  endloop
endfacet
facet normal -5.551115123125783e-16 -9.074351392018954e-15 -1.0
  outer loop
    vertex 139.32112228765646 -448.1598075758413 115.00000000001081
    vertex 139.32112228765646 -447.0991474040614 115.00000000001081
    vertex 139.47645237354635 -448.2789965427897 115.00000000001084
  endloop
endfacet
facet normal -5.551115123125783e-16 -9.074351392018954e-15 -1.0
  outer loop
    vertex 139.20193332070806 -447.2544774899513 115.00000000001081
    vertex 139.32112228765646 -447.0991474040614 115.00000000001081
    vertex 139.32112228765646 -448.1598075758413 115.00000000001081
  endloop
endfacet
facet normal -5.551115123125783e-16 -9.074351392018954e-15 -1.0
  outer loop
    vertex 139.20193332070806 -448.0044774899514 115.00000000001081
    vertex 139.20193332070806 -447.2544774899513 115.00000000001081
    vertex 139.32112228765646 -448.1598075758413 115.00000000001081
  endloop
endfacet
facet normal -5.551115123125783e-16 -9.074351392018954e-15 -1.0
  outer loop
    vertex 139.1270080038298 -447.43536320612446 115.00000000001081
    vertex 139.20193332070806 -447.2544774899513 115.00000000001081
    vertex 139.20193332070806 -448.0044774899514 115.00000000001081
  endloop
endfacet
facet normal -5.551115123125783e-16 -9.074351392018954e-15 -1.0
  outer loop
    vertex 139.1270080038298 -447.82359177377833 115.00000000001081
    vertex 139.1270080038298 -447.43536320612446 115.00000000001081
    vertex 139.20193332070806 -448.0044774899514 115.00000000001081
  endloop
endfacet
facet normal -5.551115123125783e-16 -9.074351392018954e-15 -1.0
  outer loop
    vertex 139.10145237354632 -447.6294774899514 115.00000000001081
    vertex 139.1270080038298 -447.43536320612446 115.00000000001081
    vertex 139.1270080038298 -447.82359177377833 115.00000000001081
  endloop
endfacet
facet normal -0.7933533402904784 -0.6087614290097069 2.3543601878480393e-14
  outer loop
    vertex 294.5426972226181 -447.2544774899526 105.00000000001054
    vertex 294.5426972226175 -447.25447748995197 115.00000000001054
    vertex 294.42350825566854 -447.099147404062 105.00000000001054
  endloop
endfacet
facet normal -0.7933533402904784 -0.6087614290097069 2.3543601878480393e-14
  outer loop
    vertex 294.42350825566916 -447.09914740406197 115.00000000001054
    vertex 294.42350825566854 -447.099147404062 105.00000000001054
    vertex 294.5426972226175 -447.25447748995197 115.00000000001054
  endloop
endfacet
facet normal 0.13052619222076675 -0.9914448613737163 1.8218749984545124e-14
  outer loop
    vertex 139.65733808971922 -446.9050331202348 105.00000000001063
    vertex 139.8514523735464 -446.8794774899513 105.00000000001063
    vertex 139.6573380897198 -446.90503312023446 115.00000000001081
  endloop
endfacet
facet normal 0.13052619222076675 -0.9914448613737163 1.8218749984545124e-14
  outer loop
    vertex 139.8514523735464 -446.8794774899512 115.00000000001081
    vertex 139.6573380897198 -446.90503312023446 115.00000000001081
    vertex 139.8514523735464 -446.8794774899513 105.00000000001063
  endloop
endfacet
facet normal -0.9238795325117356 0.38268343236400626 3.382121053620606e-14
  outer loop
    vertex 140.5009714263842 -448.00447748995214 105.00000000001066
    vertex 140.50097142638475 -448.0044774899514 115.00000000001081
    vertex 140.5758967432625 -447.82359177377873 105.00000000001063
  endloop
endfacet
facet normal -0.9238795325117356 0.38268343236400626 3.382121053620606e-14
  outer loop
    vertex 140.57589674326303 -447.82359177377833 115.00000000001081
    vertex 140.5758967432625 -447.82359177377873 105.00000000001063
    vertex 140.50097142638475 -448.0044774899514 115.00000000001081
  endloop
endfacet
facet normal 0.9914448613736243 0.1305261922214655 -5.503940619755999e-15
  outer loop
    vertex 293.1687338000625 -447.82359177377924 105.00000000001054
    vertex 293.143178169779 -447.6294774899523 105.00000000001054
    vertex 293.1687338000625 -447.8235917737789 115.00000000001057
  endloop
endfacet
facet normal 0.9914448613736243 0.1305261922214655 -5.503940619755999e-15
  outer loop
    vertex 293.14317816977905 -447.62947748995197 115.00000000001054
    vertex 293.1687338000625 -447.8235917737789 115.00000000001057
    vertex 293.143178169779 -447.6294774899523 105.00000000001054
  endloop
endfacet
facet normal -5.551115123125783e-16 -9.074351392018954e-15 -1.0
  outer loop
    vertex 294.6431781697793 -447.62947748995197 115.00000000001054
    vertex 294.61762253949576 -447.8235917737789 115.00000000001057
    vertex 294.61762253949576 -447.435363206125 115.00000000001054
  endloop
endfacet
facet normal -5.551115123125783e-16 -9.074351392018954e-15 -1.0
  outer loop
    vertex 294.5426972226175 -447.25447748995197 115.00000000001054
    vertex 294.61762253949576 -447.435363206125 115.00000000001054
    vertex 294.61762253949576 -447.8235917737789 115.00000000001057
  endloop
endfacet
facet normal -5.551115123125783e-16 -9.074351392018954e-15 -1.0
  outer loop
    vertex 294.5426972226175 -448.004477489952 115.00000000001057
    vertex 294.5426972226175 -447.25447748995197 115.00000000001054
    vertex 294.61762253949576 -447.8235917737789 115.00000000001057
  endloop
endfacet
facet normal -5.551115123125783e-16 -9.074351392018954e-15 -1.0
  outer loop
    vertex 294.42350825566916 -447.09914740406197 115.00000000001054
    vertex 294.5426972226175 -447.25447748995197 115.00000000001054
    vertex 294.5426972226175 -448.004477489952 115.00000000001057
  endloop
endfacet
facet normal -5.551115123125783e-16 -9.074351392018954e-15 -1.0
  outer loop
    vertex 294.42350825566916 -448.15980757584197 115.00000000001057
    vertex 294.42350825566916 -447.09914740406197 115.00000000001054
    vertex 294.5426972226175 -448.004477489952 115.00000000001057
  endloop
endfacet
facet normal -5.551115123125783e-16 -9.074351392018954e-15 -1.0
  outer loop
    vertex 294.2681781697792 -446.9799584371137 115.00000000001054
    vertex 294.42350825566916 -447.09914740406197 115.00000000001054
    vertex 294.42350825566916 -448.15980757584197 115.00000000001057
  endloop
endfacet
facet normal -5.551115123125783e-16 -9.074351392018954e-15 -1.0
  outer loop
    vertex 294.2681781697792 -448.2789965427903 115.00000000001057
    vertex 294.2681781697792 -446.9799584371137 115.00000000001054
    vertex 294.42350825566916 -448.15980757584197 115.00000000001057
  endloop
endfacet
facet normal -5.551115123125783e-16 -9.074351392018954e-15 -1.0
  outer loop
    vertex 294.0872924536058 -446.90503312023503 115.00000000001054
    vertex 294.2681781697792 -446.9799584371137 115.00000000001054
    vertex 294.2681781697792 -448.2789965427903 115.00000000001057
  endloop
endfacet
facet normal -5.551115123125783e-16 -9.074351392018954e-15 -1.0
  outer loop
    vertex 294.08729245360576 -448.3539218596689 115.00000000001057
    vertex 294.0872924536058 -446.90503312023503 115.00000000001054
    vertex 294.2681781697792 -448.2789965427903 115.00000000001057
  endloop
endfacet
facet normal -5.551115123125783e-16 -9.074351392018954e-15 -1.0
  outer loop
    vertex 293.89317816977916 -446.87947748995185 115.00000000001054
    vertex 294.0872924536058 -446.90503312023503 115.00000000001054
    vertex 294.08729245360576 -448.3539218596689 115.00000000001057
  endloop
endfacet
facet normal -5.551115123125783e-16 -9.074351392018954e-15 -1.0
  outer loop
    vertex 293.89317816977916 -448.379477489952 115.00000000001057
    vertex 293.89317816977916 -446.87947748995185 115.00000000001054
    vertex 294.08729245360576 -448.3539218596689 115.00000000001057
  endloop
endfacet
facet normal -5.551115123125783e-16 -9.074351392018954e-15 -1.0
  outer loop
    vertex 293.69906388595246 -446.90503312023503 115.00000000001054
    vertex 293.89317816977916 -446.87947748995185 115.00000000001054
    vertex 293.89317816977916 -448.379477489952 115.00000000001057
  endloop
endfacet
facet normal -5.551115123125783e-16 -9.074351392018954e-15 -1.0
  outer loop
    vertex 293.69906388595246 -448.3539218596689 115.00000000001057
    vertex 293.69906388595246 -446.90503312023503 115.00000000001054
    vertex 293.89317816977916 -448.379477489952 115.00000000001057
  endloop
endfacet
facet normal -5.551115123125783e-16 -9.074351392018954e-15 -1.0
  outer loop
    vertex 293.5181781697791 -446.9799584371137 115.00000000001054
    vertex 293.69906388595246 -446.90503312023503 115.00000000001054
    vertex 293.69906388595246 -448.3539218596689 115.00000000001057
  endloop
endfacet
facet normal -5.551115123125783e-16 -9.074351392018954e-15 -1.0
  outer loop
    vertex 293.5181781697791 -448.2789965427903 115.00000000001057
    vertex 293.5181781697791 -446.9799584371137 115.00000000001054
    vertex 293.69906388595246 -448.3539218596689 115.00000000001057
  endloop
endfacet
facet normal -5.551115123125783e-16 -9.074351392018954e-15 -1.0
  outer loop
    vertex 293.36284808388916 -447.09914740406197 115.00000000001054
    vertex 293.5181781697791 -446.9799584371137 115.00000000001054
    vertex 293.5181781697791 -448.2789965427903 115.00000000001057
  endloop
endfacet
facet normal -5.551115123125783e-16 -9.074351392018954e-15 -1.0
  outer loop
    vertex 293.36284808388916 -448.15980757584197 115.00000000001057
    vertex 293.36284808388916 -447.09914740406197 115.00000000001054
    vertex 293.5181781697791 -448.2789965427903 115.00000000001057
  endloop
endfacet
facet normal -5.551115123125783e-16 -9.074351392018954e-15 -1.0
  outer loop
    vertex 293.2436591169408 -447.25447748995197 115.00000000001054
    vertex 293.36284808388916 -447.09914740406197 115.00000000001054
    vertex 293.36284808388916 -448.15980757584197 115.00000000001057
  endloop
endfacet
facet normal -5.551115123125783e-16 -9.074351392018954e-15 -1.0
  outer loop
    vertex 293.2436591169408 -448.004477489952 115.00000000001057
    vertex 293.2436591169408 -447.25447748995197 115.00000000001054
    vertex 293.36284808388916 -448.15980757584197 115.00000000001057
  endloop
endfacet
facet normal -5.551115123125783e-16 -9.074351392018954e-15 -1.0
  outer loop
    vertex 293.1687338000625 -447.435363206125 115.00000000001054
    vertex 293.2436591169408 -447.25447748995197 115.00000000001054
    vertex 293.2436591169408 -448.004477489952 115.00000000001057
  endloop
endfacet
facet normal -5.551115123125783e-16 -9.074351392018954e-15 -1.0
  outer loop
    vertex 293.1687338000625 -447.8235917737789 115.00000000001057
    vertex 293.1687338000625 -447.435363206125 115.00000000001054
    vertex 293.2436591169408 -448.004477489952 115.00000000001057
  endloop
endfacet
facet normal -5.551115123125783e-16 -9.074351392018954e-15 -1.0
  outer loop
    vertex 293.14317816977905 -447.62947748995197 115.00000000001054
    vertex 293.1687338000625 -447.435363206125 115.00000000001054
    vertex 293.1687338000625 -447.8235917737789 115.00000000001057
  endloop
endfacet
facet normal 0.6087614290078505 -0.793353340291903 -1.0717729351988492e-14
  outer loop
    vertex 139.47645237354635 -446.9799584371131 105.00000000001063
    vertex 139.47645237354635 -446.979958437113 115.00000000001081
    vertex 139.3211222876559 -447.0991474040615 105.00000000001066
  endloop
endfacet
facet normal 0.6087614290078505 -0.793353340291903 -1.0717729351988492e-14
  outer loop
    vertex 139.32112228765646 -447.0991474040614 115.00000000001081
    vertex 139.3211222876559 -447.0991474040615 105.00000000001066
    vertex 139.47645237354635 -446.979958437113 115.00000000001081
  endloop
endfacet
facet normal 0.7933533402926106 -0.6087614290069282 -2.4672560626395e-16
  outer loop
    vertex 139.20193332070806 -447.25447748995197 105.00000000001063
    vertex 139.3211222876559 -447.0991474040615 105.00000000001066
    vertex 139.20193332070806 -447.2544774899513 115.00000000001081
  endloop
endfacet
facet normal 0.7933533402926106 -0.6087614290069282 -2.4672560626395e-16
  outer loop
    vertex 139.32112228765646 -447.0991474040614 115.00000000001081
    vertex 139.20193332070806 -447.2544774899513 115.00000000001081
    vertex 139.3211222876559 -447.0991474040615 105.00000000001066
  endloop
endfacet
facet normal -0.38268343236499724 0.9238795325113249 1.3929929231271927e-14
  outer loop
    vertex 294.2681781697786 -448.2789965427904 105.00000000001054
    vertex 294.08729245360524 -448.35392185966896 105.00000000001054
    vertex 294.2681781697792 -448.2789965427903 115.00000000001057
  endloop
endfacet
facet normal -0.38268343236499724 0.9238795325113249 1.3929929231271927e-14
  outer loop
    vertex 294.08729245360576 -448.3539218596689 115.00000000001057
    vertex 294.2681781697792 -448.2789965427903 115.00000000001057
    vertex 294.08729245360524 -448.35392185966896 105.00000000001054
  endloop
endfacet
facet normal -0.6087614290085629 0.7933533402913563 2.829654401316011e-14
  outer loop
    vertex 294.42350825566854 -448.159807575842 105.00000000001054
    vertex 294.2681781697786 -448.2789965427904 105.00000000001054
    vertex 294.42350825566916 -448.15980757584197 115.00000000001057
  endloop
endfacet
facet normal -0.6087614290085629 0.7933533402913563 2.829654401316011e-14
  outer loop
    vertex 294.2681781697792 -448.2789965427903 115.00000000001057
    vertex 294.42350825566916 -448.15980757584197 115.00000000001057
    vertex 294.2681781697786 -448.2789965427904 105.00000000001054
  endloop
endfacet
facet normal 0.13052619222009249 -0.9914448613738049 8.306276563344065e-15
  outer loop
    vertex 293.6990638859519 -446.9050331202351 105.00000000001054
    vertex 293.89317816977916 -446.87947748995197 105.00000000001054
    vertex 293.69906388595246 -446.90503312023503 115.00000000001054
  endloop
endfacet
facet normal 0.13052619222009249 -0.9914448613738049 8.306276563344065e-15
  outer loop
    vertex 293.89317816977916 -446.87947748995185 115.00000000001054
    vertex 293.69906388595246 -446.90503312023503 115.00000000001054
    vertex 293.89317816977916 -446.87947748995197 105.00000000001054
  endloop
endfacet
facet normal -0.9238795325115228 -0.3826834323645204 -3.2795840838731885e-14
  outer loop
    vertex 294.6176225394964 -447.4353632061254 105.00000000001054
    vertex 294.61762253949576 -447.435363206125 115.00000000001054
    vertex 294.5426972226181 -447.2544774899526 105.00000000001054
  endloop
endfacet
facet normal -0.9238795325115228 -0.3826834323645204 -3.2795840838731885e-14
  outer loop
    vertex 294.5426972226175 -447.25447748995197 115.00000000001054
    vertex 294.5426972226181 -447.2544774899526 105.00000000001054
    vertex 294.61762253949576 -447.435363206125 115.00000000001054
  endloop
endfacet
facet normal 0.6087614290087847 0.7933533402911861 2.0702523903932597e-14
  outer loop
    vertex 293.5181781697791 -448.2789965427901 105.00000000001057
    vertex 293.3628480838886 -448.1598075758411 105.00000000001057
    vertex 293.5181781697791 -448.2789965427903 115.00000000001057
  endloop
endfacet
facet normal 0.6087614290087847 0.7933533402911861 2.0702523903932597e-14
  outer loop
    vertex 293.36284808388916 -448.15980757584197 115.00000000001057
    vertex 293.5181781697791 -448.2789965427903 115.00000000001057
    vertex 293.3628480838886 -448.1598075758411 105.00000000001057
  endloop
endfacet
facet normal -0.3826834323654179 -0.9238795325111508 -4.74315722160694e-15
  outer loop
    vertex 140.04556665737368 -446.9050331202346 105.00000000001063
    vertex 140.22645237354592 -446.9799584371128 105.00000000001063
    vertex 140.0455666573731 -446.90503312023446 115.00000000001081
  endloop
endfacet
facet normal -0.3826834323654179 -0.9238795325111508 -4.74315722160694e-15
  outer loop
    vertex 140.22645237354646 -446.979958437113 115.00000000001081
    vertex 140.0455666573731 -446.90503312023446 115.00000000001081
    vertex 140.22645237354592 -446.9799584371128 105.00000000001063
  endloop
endfacet
facet normal -0.13052619221948178 0.9914448613738854 -2.3238872830461692e-14
  outer loop
    vertex 140.0455666573731 -448.35392185966873 105.00000000001066
    vertex 139.8514523735464 -448.3794774899516 105.00000000001066
    vertex 140.0455666573731 -448.3539218596683 115.00000000001084
  endloop
endfacet
facet normal -0.13052619221948178 0.9914448613738854 -2.3238872830461692e-14
  outer loop
    vertex 139.8514523735464 -448.3794774899515 115.00000000001084
    vertex 140.0455666573731 -448.3539218596683 115.00000000001084
    vertex 139.8514523735464 -448.3794774899516 105.00000000001066
  endloop
endfacet
facet normal -0.9238795325110012 -0.38268343236577923 -6.1171047623312345e-15
  outer loop
    vertex 140.5758967432636 -447.4353632061248 105.00000000001063
    vertex 140.57589674326303 -447.43536320612446 115.00000000001081
    vertex 140.50097142638475 -447.25447748995197 105.00000000001063
  endloop
endfacet
facet normal -0.9238795325110012 -0.38268343236577923 -6.1171047623312345e-15
  outer loop
    vertex 140.50097142638475 -447.2544774899513 115.00000000001081
    vertex 140.50097142638475 -447.25447748995197 105.00000000001063
    vertex 140.57589674326303 -447.43536320612446 115.00000000001081
  endloop
endfacet
facet normal -0.608761429009249 -0.7933533402908298 3.6570615634844685e-14
  outer loop
    vertex 140.22645237354592 -446.9799584371128 105.00000000001063
    vertex 140.3817824594364 -447.099147404062 105.00000000001063
    vertex 140.22645237354646 -446.979958437113 115.00000000001081
  endloop
endfacet
facet normal -0.608761429009249 -0.7933533402908298 3.6570615634844685e-14
  outer loop
    vertex 140.3817824594364 -447.0991474040614 115.00000000001081
    vertex 140.22645237354646 -446.979958437113 115.00000000001081
    vertex 140.3817824594364 -447.099147404062 105.00000000001063
  endloop
endfacet
facet normal 0.9238795325115197 -0.3826834323645274 1.95355763533938e-14
  outer loop
    vertex 139.1270080038298 -447.4353632061248 105.00000000001063
    vertex 139.20193332070806 -447.25447748995197 105.00000000001063
    vertex 139.1270080038298 -447.43536320612446 115.00000000001081
  endloop
endfacet
facet normal 0.9238795325115197 -0.3826834323645274 1.95355763533938e-14
  outer loop
    vertex 139.20193332070806 -447.2544774899513 115.00000000001081
    vertex 139.1270080038298 -447.43536320612446 115.00000000001081
    vertex 139.20193332070806 -447.25447748995197 105.00000000001063
  endloop
endfacet
facet normal 0.13052619221976164 0.9914448613738486 -1.3201796588640338e-14
  outer loop
    vertex 139.6573380897186 -448.35392185966833 105.00000000001063
    vertex 139.6573380897198 -448.3539218596683 115.00000000001084
    vertex 139.8514523735464 -448.3794774899516 105.00000000001066
  endloop
endfacet
facet normal 0.13052619221976164 0.9914448613738486 -1.3201796588640338e-14
  outer loop
    vertex 139.8514523735464 -448.3794774899515 115.00000000001084
    vertex 139.8514523735464 -448.3794774899516 105.00000000001066
    vertex 139.6573380897198 -448.3539218596683 115.00000000001084
  endloop
endfacet
facet normal -0.13052619222002337 -0.991444861373814 5.300038020614629e-15
  outer loop
    vertex 139.8514523735464 -446.8794774899513 105.00000000001063
    vertex 140.04556665737368 -446.9050331202346 105.00000000001063
    vertex 139.8514523735464 -446.8794774899512 115.00000000001081
  endloop
endfacet
facet normal -0.13052619222002337 -0.991444861373814 5.300038020614629e-15
  outer loop
    vertex 140.0455666573731 -446.90503312023446 115.00000000001081
    vertex 139.8514523735464 -446.8794774899512 115.00000000001081
    vertex 140.04556665737368 -446.9050331202346 105.00000000001063
  endloop
endfacet
facet normal 0.9238795325104795 0.3826834323670383 -9.510736295292438e-15
  outer loop
    vertex 139.20193332070806 -448.0044774899514 115.00000000001081
    vertex 139.20193332070866 -448.0044774899515 105.00000000001066
    vertex 139.1270080038298 -447.82359177377833 115.00000000001081
  endloop
endfacet
facet normal 0.9238795325104795 0.3826834323670383 -9.510736295292438e-15
  outer loop
    vertex 139.1270080038292 -447.82359177377873 105.00000000001066
    vertex 139.1270080038298 -447.82359177377833 115.00000000001081
    vertex 139.20193332070866 -448.0044774899515 105.00000000001066
  endloop
endfacet
facet normal -0.38268343236551866 0.9238795325111092 -2.3799016600627615e-14
  outer loop
    vertex 140.22645237354592 -448.2789965427901 105.00000000001066
    vertex 140.0455666573731 -448.35392185966873 105.00000000001066
    vertex 140.22645237354646 -448.2789965427897 115.00000000001084
  endloop
endfacet
facet normal -0.38268343236551866 0.9238795325111092 -2.3799016600627615e-14
  outer loop
    vertex 140.0455666573731 -448.3539218596683 115.00000000001084
    vertex 140.22645237354646 -448.2789965427897 115.00000000001084
    vertex 140.0455666573731 -448.35392185966873 105.00000000001066
  endloop
endfacet
facet normal -0.606352326331463 -0.7902137365561958 -0.08887692000918034
  outer loop
    vertex 140.85145237354558 -453.8326879374037 105.0000000000107
    vertex 141.2656659359185 -454.1505251825994 105.0000000000107
    vertex 140.76145237354825 -453.98857251008513 107.00000000001089
  endloop
endfacet
facet normal -0.606352326331463 -0.7902137365561958 -0.08887692000918034
  outer loop
    vertex 141.13838671530684 -454.27780440321277 107.00000000001089
    vertex 140.76145237354825 -453.98857251008513 107.00000000001089
    vertex 141.2656659359185 -454.1505251825994 105.0000000000107
  endloop
endfacet
facet normal -0.6063523263306471 0.7902137365567498 -0.08887692000982114
  outer loop
    vertex 141.26566593591966 -456.97895230734713 105.00000000001073
    vertex 140.85145237354502 -457.2967895525431 105.00000000001073
    vertex 141.13838671530684 -456.8516730867325 107.0000000000109
  endloop
endfacet
facet normal -0.6063523263306471 0.7902137365567498 -0.08887692000982114
  outer loop
    vertex 140.76145237354763 -457.14090497986035 107.0000000000109
    vertex 141.13838671530684 -456.8516730867325 107.0000000000109
    vertex 140.85145237354502 -457.2967895525431 105.00000000001073
  endloop
endfacet
facet normal -0.6087614290085629 0.7933533402913563 5.387288197645795e-15
  outer loop
    vertex 140.3817824594358 -448.15980757584174 105.00000000001066
    vertex 140.22645237354592 -448.2789965427901 105.00000000001066
    vertex 140.3817824594364 -448.1598075758413 115.00000000001081
  endloop
endfacet
facet normal -0.6087614290085629 0.7933533402913563 5.387288197645795e-15
  outer loop
    vertex 140.22645237354646 -448.2789965427897 115.00000000001084
    vertex 140.3817824594364 -448.1598075758413 115.00000000001081
    vertex 140.22645237354592 -448.2789965427901 105.00000000001066
  endloop
endfacet
facet normal 0.38116900711200385 -0.9202233865246017 -0.08887692000988076
  outer loop
    vertex 138.8514523735466 -453.83268793740433 105.00000000001069
    vertex 139.3338142833414 -453.632887092395 105.00000000001069
    vertex 138.9414523735481 -453.98857251008513 107.00000000001089
  endloop
endfacet
facet normal 0.38116900711200385 -0.9202233865246017 -0.08887692000988076
  outer loop
    vertex 139.3804017114611 -453.8067537411264 107.00000000001089
    vertex 138.9414523735481 -453.98857251008513 107.00000000001089
    vertex 139.3338142833414 -453.632887092395 105.00000000001069
  endloop
endfacet
facet normal 0.3826834323648964 0.9238795325113669 2.037096175412947e-14
  outer loop
    vertex 293.6990638859519 -448.35392185966833 105.00000000001054
    vertex 293.5181781697791 -448.2789965427901 105.00000000001057
    vertex 293.69906388595246 -448.3539218596689 115.00000000001057
  endloop
endfacet
facet normal 0.3826834323648964 0.9238795325113669 2.037096175412947e-14
  outer loop
    vertex 293.5181781697791 -448.2789965427903 115.00000000001057
    vertex 293.69906388595246 -448.3539218596689 115.00000000001057
    vertex 293.5181781697791 -448.2789965427901 105.00000000001057
  endloop
endfacet
facet normal 0.7933533402913516 -0.6087614290085689 4.0241496071705433e-14
  outer loop
    vertex 293.2436591169408 -447.2544774899526 105.00000000001054
    vertex 293.36284808388916 -447.0991474040627 105.00000000001054
    vertex 293.2436591169408 -447.25447748995197 115.00000000001054
  endloop
endfacet
facet normal 0.7933533402913516 -0.6087614290085689 4.0241496071705433e-14
  outer loop
    vertex 293.36284808388916 -447.09914740406197 115.00000000001054
    vertex 293.2436591169408 -447.25447748995197 115.00000000001054
    vertex 293.36284808388916 -447.0991474040627 105.00000000001054
  endloop
endfacet
facet normal 0.13052619222127232 0.9914448613736497 7.544268445915802e-15
  outer loop
    vertex 293.89317816977916 -448.37947748995214 105.00000000001054
    vertex 293.6990638859519 -448.35392185966833 105.00000000001054
    vertex 293.89317816977916 -448.379477489952 115.00000000001057
  endloop
endfacet
facet normal 0.13052619222127232 0.9914448613736497 7.544268445915802e-15
  outer loop
    vertex 293.69906388595246 -448.3539218596689 115.00000000001057
    vertex 293.89317816977916 -448.379477489952 115.00000000001057
    vertex 293.6990638859519 -448.35392185966833 105.00000000001054
  endloop
endfacet
facet normal -0.13052619222039752 0.9914448613737649 -5.155013876732824e-15
  outer loop
    vertex 294.08729245360524 -448.35392185966896 105.00000000001054
    vertex 293.89317816977916 -448.37947748995214 105.00000000001054
    vertex 294.08729245360576 -448.3539218596689 115.00000000001057
  endloop
endfacet
facet normal -0.13052619222039752 0.9914448613737649 -5.155013876732824e-15
  outer loop
    vertex 293.89317816977916 -448.379477489952 115.00000000001057
    vertex 294.08729245360576 -448.3539218596689 115.00000000001057
    vertex 293.89317816977916 -448.37947748995214 105.00000000001054
  endloop
endfacet
facet normal -0.6087614290081046 -0.7933533402917079 8.330994265521455e-15
  outer loop
    vertex 294.26817816977854 -472.85048094715734 105.0000000000108
    vertex 294.4235082556684 -472.9696699141054 105.0000000000108
    vertex 294.2681781697791 -472.8504809471575 115.0000000000108
  endloop
endfacet
facet normal -0.6087614290081046 -0.7933533402917079 8.330994265521455e-15
  outer loop
    vertex 294.423508255669 -472.9696699141059 115.0000000000108
    vertex 294.2681781697791 -472.8504809471575 115.0000000000108
    vertex 294.4235082556684 -472.9696699141054 105.0000000000108
  endloop
endfacet
facet normal -0.9914448613738026 -0.13052619222011125 -2.5010070843833756e-14
  outer loop
    vertex 294.6431781697793 -447.629477489952 105.00000000001054
    vertex 294.6431781697793 -447.62947748995197 115.00000000001054
    vertex 294.6176225394964 -447.4353632061254 105.00000000001054
  endloop
endfacet
facet normal -0.9914448613738026 -0.13052619222011125 -2.5010070843833756e-14
  outer loop
    vertex 294.61762253949576 -447.435363206125 115.00000000001054
    vertex 294.6176225394964 -447.4353632061254 105.00000000001054
    vertex 294.6431781697793 -447.62947748995197 115.00000000001054
  endloop
endfacet
facet normal 0.6087614290097392 -0.7933533402904536 2.364642689520762e-14
  outer loop
    vertex 293.51817816977854 -446.979958437114 105.00000000001054
    vertex 293.5181781697791 -446.9799584371137 115.00000000001054
    vertex 293.36284808388916 -447.0991474040627 105.00000000001054
  endloop
endfacet
facet normal 0.6087614290097392 -0.7933533402904536 2.364642689520762e-14
  outer loop
    vertex 293.36284808388916 -447.09914740406197 115.00000000001054
    vertex 293.36284808388916 -447.0991474040627 105.00000000001054
    vertex 293.5181781697791 -446.9799584371137 115.00000000001054
  endloop
endfacet
facet normal -0.3826834323673061 -0.9238795325103688 8.596002975661129e-15
  outer loop
    vertex 294.0872924536064 -446.9050331202348 105.00000000001054
    vertex 294.2681781697786 -446.979958437114 105.00000000001054
    vertex 294.0872924536058 -446.90503312023503 115.00000000001054
  endloop
endfacet
facet normal -0.3826834323673061 -0.9238795325103688 8.596002975661129e-15
  outer loop
    vertex 294.2681781697792 -446.9799584371137 115.00000000001054
    vertex 294.0872924536058 -446.90503312023503 115.00000000001054
    vertex 294.2681781697786 -446.979958437114 105.00000000001054
  endloop
endfacet
facet normal 0.7933533402904291 0.608761429009771 -2.887357358532826e-14
  outer loop
    vertex 293.36284808388916 -448.15980757584197 115.00000000001057
    vertex 293.3628480838886 -448.1598075758411 105.00000000001057
    vertex 293.2436591169408 -448.004477489952 115.00000000001057
  endloop
endfacet
facet normal 0.7933533402904291 0.608761429009771 -2.887357358532826e-14
  outer loop
    vertex 293.2436591169408 -448.00447748995293 105.00000000001054
    vertex 293.2436591169408 -448.004477489952 115.00000000001057
    vertex 293.3628480838886 -448.1598075758411 105.00000000001057
  endloop
endfacet
facet normal -0.9238795325109982 0.3826834323657865 1.8193332953365587e-14
  outer loop
    vertex 294.5426972226169 -448.00447748995214 105.00000000001057
    vertex 294.5426972226175 -448.004477489952 115.00000000001057
    vertex 294.61762253949576 -447.82359177377924 105.00000000001054
  endloop
endfacet
facet normal -0.9238795325109982 0.3826834323657865 1.8193332953365587e-14
  outer loop
    vertex 294.61762253949576 -447.8235917737789 115.00000000001057
    vertex 294.61762253949576 -447.82359177377924 105.00000000001054
    vertex 294.5426972226175 -448.004477489952 115.00000000001057
  endloop
endfacet
facet normal 0.9914448613736232 -0.13052619222147308 4.403215707012706e-15
  outer loop
    vertex 293.143178169779 -447.6294774899523 105.00000000001054
    vertex 293.1687338000625 -447.4353632061254 105.00000000001054
    vertex 293.14317816977905 -447.62947748995197 115.00000000001054
  endloop
endfacet
facet normal 0.9914448613736232 -0.13052619222147308 4.403215707012706e-15
  outer loop
    vertex 293.1687338000625 -447.435363206125 115.00000000001054
    vertex 293.14317816977905 -447.62947748995197 115.00000000001054
    vertex 293.1687338000625 -447.4353632061254 105.00000000001054
  endloop
endfacet
facet normal -0.9238795325116307 -0.3826834323642598 -2.72705646451882e-14
  outer loop
    vertex 294.61762253949627 -473.3058857161696 105.00000000001077
    vertex 294.6176225394957 -473.305885716169 115.0000000000108
    vertex 294.54269722261796 -473.1249999999964 105.00000000001077
  endloop
endfacet
facet normal -0.9238795325116307 -0.3826834323642598 -2.72705646451882e-14
  outer loop
    vertex 294.5426972226174 -473.1249999999958 115.0000000000108
    vertex 294.54269722261796 -473.1249999999964 105.00000000001077
    vertex 294.6176225394957 -473.305885716169 115.0000000000108
  endloop
endfacet
facet normal -0.6087614290081048 -0.7933533402917077 5.414950589657004e-14
  outer loop
    vertex 294.2681781697786 -446.979958437114 105.00000000001054
    vertex 294.42350825566854 -447.099147404062 105.00000000001054
    vertex 294.2681781697792 -446.9799584371137 115.00000000001054
  endloop
endfacet
facet normal -0.6087614290081048 -0.7933533402917077 5.414950589657004e-14
  outer loop
    vertex 294.42350825566916 -447.09914740406197 115.00000000001054
    vertex 294.2681781697792 -446.9799584371137 115.00000000001054
    vertex 294.42350825566854 -447.099147404062 105.00000000001054
  endloop
endfacet
facet normal -0.7933533402913516 0.6087614290085689 4.073459915939591e-14
  outer loop
    vertex 294.42350825566854 -448.159807575842 105.00000000001054
    vertex 294.42350825566916 -448.15980757584197 115.00000000001057
    vertex 294.5426972226169 -448.00447748995214 105.00000000001057
  endloop
endfacet
facet normal -0.7933533402913516 0.6087614290085689 4.073459915939591e-14
  outer loop
    vertex 294.5426972226175 -448.004477489952 115.00000000001057
    vertex 294.5426972226169 -448.00447748995214 105.00000000001057
    vertex 294.42350825566916 -448.15980757584197 115.00000000001057
  endloop
endfacet
facet normal 0.9238795325115197 -0.3826834323645275 1.9535539828283708e-14
  outer loop
    vertex 293.1687338000625 -447.4353632061254 105.00000000001054
    vertex 293.2436591169408 -447.2544774899526 105.00000000001054
    vertex 293.1687338000625 -447.435363206125 115.00000000001054
  endloop
endfacet
facet normal 0.9238795325115197 -0.3826834323645275 1.9535539828283708e-14
  outer loop
    vertex 293.2436591169408 -447.25447748995197 115.00000000001054
    vertex 293.1687338000625 -447.435363206125 115.00000000001054
    vertex 293.2436591169408 -447.2544774899526 105.00000000001054
  endloop
endfacet
facet normal 0.9238795325118466 0.3826834323637382 -2.6086564875883865e-14
  outer loop
    vertex 293.2436591169408 -448.00447748995293 105.00000000001054
    vertex 293.1687338000625 -447.82359177377924 105.00000000001054
    vertex 293.2436591169408 -448.004477489952 115.00000000001057
  endloop
endfacet
facet normal 0.9238795325118466 0.3826834323637382 -2.6086564875883865e-14
  outer loop
    vertex 293.1687338000625 -447.8235917737789 115.00000000001057
    vertex 293.2436591169408 -448.004477489952 115.00000000001057
    vertex 293.1687338000625 -447.82359177377924 105.00000000001054
  endloop
endfacet
facet normal -0.13052619221929848 -0.9914448613739095 -9.014572343867838e-15
  outer loop
    vertex 293.89317816977916 -446.87947748995197 105.00000000001054
    vertex 294.0872924536064 -446.9050331202348 105.00000000001054
    vertex 293.89317816977916 -446.87947748995185 115.00000000001054
  endloop
endfacet
facet normal -0.13052619221929848 -0.9914448613739095 -9.014572343867838e-15
  outer loop
    vertex 294.0872924536058 -446.90503312023503 115.00000000001054
    vertex 293.89317816977916 -446.87947748995185 115.00000000001054
    vertex 294.0872924536064 -446.9050331202348 105.00000000001054
  endloop
endfacet
facet normal 0.38268343236562674 -0.9238795325110644 -5.907325089270478e-16
  outer loop
    vertex 293.51817816977854 -446.979958437114 105.00000000001054
    vertex 293.6990638859519 -446.9050331202351 105.00000000001054
    vertex 293.5181781697791 -446.9799584371137 115.00000000001054
  endloop
endfacet
facet normal 0.38268343236562674 -0.9238795325110644 -5.907325089270478e-16
  outer loop
    vertex 293.69906388595246 -446.90503312023503 115.00000000001054
    vertex 293.5181781697791 -446.9799584371137 115.00000000001054
    vertex 293.6990638859519 -446.9050331202351 105.00000000001054
  endloop
endfacet
facet normal -0.13052619222021422 -0.9914448613737891 9.06917564987705e-15
  outer loop
    vertex 293.89317816977905 -472.7499999999958 105.0000000000108
    vertex 294.0872924536057 -472.7755556302791 105.0000000000108
    vertex 293.89317816977905 -472.74999999999574 115.0000000000108
  endloop
endfacet
facet normal -0.13052619222021422 -0.9914448613737891 9.06917564987705e-15
  outer loop
    vertex 294.0872924536057 -472.775555630279 115.0000000000108
    vertex 293.89317816977905 -472.74999999999574 115.0000000000108
    vertex 294.0872924536057 -472.7755556302791 105.0000000000108
  endloop
endfacet
facet normal 0.45591746958453133 -0.8035544207782984 0.38267421362732473
  outer loop
    vertex 193.3611113252056 -438.46219425560105 114.86837504001579
    vertex 192.87322336407377 -437.61714751851923 117.22410650538218
    vertex 186.899528173203 -440.2868827928622 118.73514224516752
  endloop
endfacet
facet normal 0.4844948324374873 -0.605467813125941 0.631405958642981
  outer loop
    vertex 152.4128043797929 -443.60805172430867 121.35524068449593
    vertex 144.36678428016995 -443.60805172430855 127.52916905275767
    vertex 151.69753433863707 -445.47236785644395 120.11635663208193
  endloop
endfacet
facet normal 0.4844948324374873 -0.605467813125941 0.631405958642981
  outer loop
    vertex 143.35523968720867 -445.47236785644384 126.51762445979575
    vertex 151.69753433863707 -445.47236785644395 120.11635663208193
    vertex 144.36678428016995 -443.60805172430855 127.52916905275767
  endloop
endfacet
facet normal -0.6087614290087209 0.7933533402912349 -4.608754337999954e-15
  outer loop
    vertex 195.25206632933913 -431.87975105767634 105.00000000001046
    vertex 189.72231527165798 -436.1228782810401 105.0000000000105
    vertex 195.25206632933853 -431.87975105767623 155.0000000000159
  endloop
endfacet
facet normal -0.6087614290087209 0.7933533402912349 -4.608754337999954e-15
  outer loop
    vertex 189.722315271658 -436.1228782810399 155.00000000001594
    vertex 195.25206632933853 -431.87975105767623 155.0000000000159
    vertex 189.72231527165798 -436.1228782810401 105.0000000000105
  endloop
endfacet
facet normal 0.631405958642979 -0.605467813125942 0.4844948324374886
  outer loop
    vertex 136.9539718594944 -445.4723678564438 134.85991911122446
    vertex 143.35523968720867 -445.47236785644384 126.51762445979575
    vertex 138.1928559119083 -443.60805172430844 135.5751891523804
  endloop
endfacet
facet normal 0.631405958642979 -0.605467813125942 0.4844948324374886
  outer loop
    vertex 144.36678428016995 -443.60805172430855 127.52916905275767
    vertex 138.1928559119083 -443.60805172430844 135.5751891523804
    vertex 143.35523968720867 -445.47236785644384 126.51762445979575
  endloop
endfacet
facet normal -9.363141987789821e-15 -0.6087614290087308 0.7933533402912275
  outer loop
    vertex 180.696848367486 -445.4723678564432 114.71983822243254
    vertex 180.69684836748604 -443.60805172430827 116.15037830474452
    vertex 171.8376152274285 -445.4723678564432 114.71983822243247
  endloop
endfacet
facet normal -9.363141987789821e-15 -0.6087614290087308 0.7933533402912275
  outer loop
    vertex 171.83761522742853 -443.6080517243082 116.15037830474445
    vertex 171.8376152274285 -445.4723678564432 114.71983822243247
    vertex 180.69684836748604 -443.60805172430827 116.15037830474452
  endloop
endfacet
facet normal 3.0395638233678453e-15 0.9999999999999999 -7.63052855295459e-15
  outer loop
    vertex 176.37231527165847 -439.69999999999567 105.00000000001054
    vertex 128.85145237354146 -439.6999999999955 105.00000000001057
    vertex 176.3723152716585 -439.6999999999952 155.00000000001597
  endloop
endfacet
facet normal 3.0395638233678453e-15 0.9999999999999999 -7.63052855295459e-15
  outer loop
    vertex 128.8514523735415 -439.69999999999504 155.000000000016
    vertex 176.3723152716585 -439.6999999999952 155.00000000001597
    vertex 128.85145237354146 -439.6999999999955 105.00000000001057
  endloop
endfacet
facet normal 0.06830371053963614 -0.38111201703279035 0.9220022958755122
  outer loop
    vertex 180.54066995311632 -450.5043842009418 112.6495420866718
    vertex 180.696848367486 -447.6434099749251 113.82056313247425
    vertex 171.83761522742904 -449.9732251471961 113.5138371461277
  endloop
endfacet
facet normal 0.22246299465622937 0.13093596728149282 0.9661086835758399
  outer loop
    vertex 211.85993524339926 -427.6294774899516 105.31627982690965
    vertex 210.39581971390868 -427.6294774899516 105.6534173878798
    vertex 211.19480146018384 -432.68935847268875 106.15520000001575
  endloop
endfacet
facet normal 0.22246299465622937 0.13093596728149282 0.9661086835758399
  outer loop
    vertex 208.8192350891264 -431.31782458888097 106.51633172267371
    vertex 211.19480146018384 -432.68935847268875 106.15520000001575
    vertex 210.39581971390868 -427.6294774899516 105.6534173878798
  endloop
endfacet
facet normal -3.796656507395504e-15 -0.9914448613738056 0.13052619222008835
  outer loop
    vertex 171.83761522742907 -441.27823655203764 120.18573655536146
    vertex 180.6968483674855 -441.27823655203775 120.18573655536149
    vertex 171.83761522742907 -440.97151056569106 122.51555172763177
  endloop
endfacet
facet normal -3.796656507395504e-15 -0.9914448613738056 0.13052619222008835
  outer loop
    vertex 180.6968483674855 -440.9715105656912 122.51555172763175
    vertex 171.83761522742907 -440.97151056569106 122.51555172763177
    vertex 180.6968483674855 -441.27823655203775 120.18573655536149
  endloop
endfacet
facet normal 0.21715400607988017 0.03553256702432 0.9754904275922556
  outer loop
    vertex 205.11331164524802 -440.26969364892614 108.10899200001587
    vertex 203.2512554983019 -438.40763750198056 108.45567845376748
    vertex 197.59055658627398 -445.7878083356013 109.98463232001586
  endloop
endfacet
facet normal 0.4315120654973118 -0.8929433086856191 0.12825593477037658
  outer loop
    vertex 186.899528173203 -440.2868827928622 118.73514224516752
    vertex 192.87322336407377 -437.61714751851923 117.22410650538218
    vertex 186.81683387435461 -439.9782634680643 121.16203304961577
  endloop
endfacet
facet normal 0.6322792092533982 -0.7747406027477178 -1.708860184117874e-14
  outer loop
    vertex 197.91887915590812 -433.0752611595875 118.2834560000158
    vertex 197.91887915590934 -433.0752611595875 155.0000000000159
    vertex 192.70681386627254 -437.32891781346643 119.75211776001576
  endloop
endfacet
facet normal 0.6322792092533982 -0.7747406027477178 -1.708860184117874e-14
  outer loop
    vertex 192.70681386627317 -437.3289178134667 155.00000000001594
    vertex 192.70681386627254 -437.32891781346643 119.75211776001576
    vertex 197.91887915590934 -433.0752611595875 155.0000000000159
  endloop
endfacet
facet normal 0.10388185357171413 -0.6054678131259559 0.7890610165044131
  outer loop
    vertex 171.8376152274285 -445.4723678564432 114.71983822243247
    vertex 171.83761522742853 -443.6080517243082 116.15037830474445
    vertex 161.41234221957964 -445.472367856444 116.09235145194641
  endloop
endfacet
facet normal 0.10388185357171413 -0.6054678131259559 0.7890610165044131
  outer loop
    vertex 161.7825932376646 -443.6080517243087 117.4741470629932
    vertex 161.41234221957964 -445.472367856444 116.09235145194641
    vertex 171.83761522742853 -443.6080517243082 116.15037830474445
  endloop
endfacet
facet normal 0.4044529731375709 -0.19396471679391653 0.8937535908510997
  outer loop
    vertex 196.32655095895672 -443.598486368035 110.31745131561739
    vertex 201.51609540057783 -436.6724774042567 109.4721117061256
    vertex 195.14868522627324 -441.5583630745334 111.2932272378812
  endloop
endfacet
facet normal -0.38268343236509605 0.9238795325112842 -5.388558915239726e-15
  outer loop
    vertex 189.72231527165798 -436.1228782810401 105.0000000000105
    vertex 183.2827837758954 -438.79021956191383 105.00000000001053
    vertex 189.722315271658 -436.1228782810399 155.00000000001594
  endloop
endfacet
facet normal -0.38268343236509605 0.9238795325112842 -5.388558915239726e-15
  outer loop
    vertex 183.28278377589544 -438.79021956191343 155.00000000001597
    vertex 189.722315271658 -436.1228782810399 155.00000000001594
    vertex 183.2827837758954 -438.79021956191383 105.00000000001053
  endloop
endfacet
facet normal 0.09506228370513554 -0.059339549691434935 0.9937011522883437
  outer loop
    vertex 189.24372467880482 -451.0355432546874 111.78524702721589
    vertex 188.61559911822823 -446.69134674908656 112.10475326299331
    vertex 180.54066995311632 -450.5043842009418 112.6495420866718
  endloop
endfacet
facet normal 0.5654622078528785 -0.7908176098822464 0.23422211550210043
  outer loop
    vertex 138.1928559119083 -443.60805172430844 135.5751891523804
    vertex 139.807401043023 -442.1775116419966 136.50734721844807
    vertex 134.31176229040602 -443.6080517243084 144.9449780102518
  endloop
endfacet
facet normal 0.5654622078528785 -0.7908176098822464 0.23422211550210043
  outer loop
    vertex 136.11255339080319 -442.1775116419965 145.42749853134026
    vertex 134.31176229040602 -443.6080517243084 144.9449780102518
    vertex 139.807401043023 -442.1775116419966 136.50734721844807
  endloop
endfacet
facet normal 0.6409333712416257 -0.06379097645773699 0.7649412558827067
  outer loop
    vertex 206.9192431838942 -427.6294774899516 107.51328667988345
    vertex 205.2313169461702 -427.6294774899516 108.92757600685074
    vertex 206.6055596404489 -430.0397584726883 107.57511636054677
  endloop
endfacet
facet normal 0.6409333712416257 -0.06379097645773699 0.7649412558827067
  outer loop
    vertex 204.70463343770473 -428.9422582178246 109.25939949028826
    vertex 206.6055596404489 -430.0397584726883 107.57511636054677
    vertex 205.2313169461702 -427.6294774899516 108.92757600685074
  endloop
endfacet
facet normal 0.17029460228846413 0.1393491087444828 0.9754904275919535
  outer loop
    vertex 213.42005267194764 -427.6294774899516 105.04392494827304
    vertex 211.85993524339926 -427.6294774899516 105.31627982690965
    vertex 211.19480146018384 -432.68935847268875 106.15520000001575
  endloop
endfacet
facet normal -0.05037379268431786 -0.991298510290016 0.12161309348664871
  outer loop
    vertex 270.91760973658523 -441.2782365520389 121.37200381559276
    vertex 279.3141470382192 -441.2782365520389 124.84996344290124
    vertex 270.314609198433 -440.97151056569237 123.62243246096874
  endloop
endfacet
facet normal -0.05037379268431786 -0.991298510290016 0.12161309348664871
  outer loop
    vertex 278.14923945208426 -440.97151056569237 126.86764256820975
    vertex 270.314609198433 -440.97151056569237 123.62243246096874
    vertex 279.3141470382192 -441.2782365520389 124.84996344290124
  endloop
endfacet
facet normal 0.6025837765998863 -0.22750311476378873 0.7649412558826939
  outer loop
    vertex 201.51609540057783 -436.6724774042567 109.4721117061256
    vertex 204.70463343770473 -428.9422582178246 109.25939949028826
    vertex 200.02607964524745 -435.1824616489261 111.08902351067742
  endloop
endfacet
facet normal 0.9831056027603703 -0.12942830799549876 0.1294283079955519
  outer loop
    vertex 130.3514523735405 -449.97322514719644 155.00000000001612
    vertex 131.76505909322424 -449.97322514719656 144.26259094520518
    vertex 130.6581783598868 -447.64340997492536 155.0000000000161
  endloop
endfacet
facet normal 0.9831056027603703 -0.12942830799549876 0.1294283079955519
  outer loop
    vertex 132.06133364503026 -447.6434099749255 144.34197747209944
    vertex 130.6581783598868 -447.64340997492536 155.0000000000161
    vertex 131.76505909322424 -449.97322514719656 144.26259094520518
  endloop
endfacet
facet normal 0.40315940758210744 0.041549592482310826 0.9141860442178049
  outer loop
    vertex 210.39581971390868 -427.6294774899516 105.6534173878798
    vertex 209.26189177171057 -427.6294774899516 106.15348378061111
    vertex 208.8192350891264 -431.31782458888097 106.51633172267371
  endloop
endfacet
facet normal -0.9831056027603617 -0.12942830799555077 0.12942830799556493
  outer loop
    vertex 301.9795714500967 -449.9732251471972 144.2625909452051
    vertex 303.3931781697799 -449.9732251471972 155.00000000001603
    vertex 301.68329689829073 -447.64340997492616 144.34197747209936
  endloop
endfacet
facet normal -0.9831056027603617 -0.12942830799555077 0.12942830799556493
  outer loop
    vertex 303.08645218343366 -447.6434099749261 155.000000000016
    vertex 301.68329689829073 -447.64340997492616 144.34197747209936
    vertex 303.3931781697799 -449.9732251471972 155.00000000001603
  endloop
endfacet
facet normal -1.6357671168230428e-14 -0.130526192220008 0.9914448613738163
  outer loop
    vertex 171.83761522742904 -449.9732251471961 113.5138371461277
    vertex 180.696848367486 -447.6434099749251 113.82056313247425
    vertex 171.8376152274285 -447.643409974925 113.82056313247409
  endloop
endfacet
facet normal -0.6486596679419004 -0.7498605149905399 0.13019156364229528
  outer loop
    vertex 235.8257513874124 -433.0752611595877 118.28345600001573
    vertex 235.5806070450192 -433.3204055019809 115.65011094310577
    vertex 241.03781667704797 -437.3289178134666 119.7521177600157
  endloop
endfacet
facet normal 0.5231690933996279 -0.3757112917653899 0.7649412558826942
  outer loop
    vertex 195.14868522627324 -441.5583630745334 111.2932272378812
    vertex 200.02607964524745 -435.1824616489261 111.08902351067742
    vertex 194.13722899139043 -439.806469486085 112.84546257025094
  endloop
endfacet
facet normal 3.801553410838101e-15 0.9999999999999999 -8.385558527895587e-15
  outer loop
    vertex 198.5134159441481 -427.6294774899516 105.00000000001042
    vertex 220.32457787137412 -427.62947748995197 105.04392494827668
    vertex 235.23121459917303 -427.62947748995146 105.00000000001039
  endloop
endfacet
facet normal 3.801553410838101e-15 0.9999999999999999 -8.385558527895587e-15
  outer loop
    vertex 221.88469529992184 -427.62947748995197 105.31627982691026
    vertex 235.23121459917303 -427.62947748995146 105.00000000001039
    vertex 220.32457787137412 -427.62947748995197 105.04392494827668
  endloop
endfacet
facet normal 3.801553410838101e-15 0.9999999999999999 -8.385558527895587e-15
  outer loop
    vertex 223.34881082941132 -427.62947748995174 105.65341738788057
    vertex 235.23121459917303 -427.62947748995146 105.00000000001039
    vertex 221.88469529992184 -427.62947748995197 105.31627982691026
  endloop
endfacet
facet normal 3.801553410838101e-15 0.9999999999999999 -8.385558527895587e-15
  outer loop
    vertex 224.48273877160653 -427.62947748995174 106.15348378061866
    vertex 235.23121459917303 -427.62947748995146 105.00000000001039
    vertex 223.34881082941132 -427.62947748995174 105.65341738788057
  endloop
endfacet
facet normal 3.801553410838101e-15 0.9999999999999999 -8.385558527895587e-15
  outer loop
    vertex 226.14069983069115 -427.62947748995174 106.98315459860649
    vertex 235.23121459917303 -427.62947748995146 105.00000000001039
    vertex 224.48273877160653 -427.62947748995174 106.15348378061866
  endloop
endfacet
facet normal 3.801553410838101e-15 0.9999999999999999 -8.385558527895587e-15
  outer loop
    vertex 226.82538735942634 -427.62947748995174 107.51328667988382
    vertex 235.23121459917303 -427.62947748995146 105.00000000001039
    vertex 226.14069983069115 -427.62947748995174 106.98315459860649
  endloop
endfacet
facet normal 3.801553410838101e-15 0.9999999999999999 -8.385558527895587e-15
  outer loop
    vertex 228.51331359715095 -427.62947748995174 108.92757600685103
    vertex 235.23121459917303 -427.62947748995146 105.00000000001039
    vertex 226.82538735942634 -427.62947748995174 107.51328667988382
  endloop
endfacet
facet normal 3.801553410838101e-15 0.9999999999999999 -8.385558527895587e-15
  outer loop
    vertex 230.3150983495462 -427.62947748995174 111.33500331804608
    vertex 235.23121459917303 -427.62947748995146 105.00000000001039
    vertex 228.51331359715095 -427.62947748995174 108.92757600685103
  endloop
endfacet
facet normal 3.801553410838101e-15 0.9999999999999999 -8.385558527895587e-15
  outer loop
    vertex 231.45812400256872 -427.6294774899516 114.02728627855477
    vertex 235.23121459917303 -427.62947748995146 105.00000000001039
    vertex 230.3150983495462 -427.62947748995174 111.33500331804608
  endloop
endfacet
facet normal 3.801553410838101e-15 0.9999999999999999 -8.385558527895587e-15
  outer loop
    vertex 231.90079773274167 -427.6294774899516 116.81800053148179
    vertex 235.23121459917303 -427.62947748995146 105.00000000001039
    vertex 231.45812400256872 -427.6294774899516 114.02728627855477
  endloop
endfacet
facet normal 3.801553410838101e-15 0.9999999999999999 -8.385558527895587e-15
  outer loop
    vertex 235.2312145991731 -427.6294774899513 155.00000000001572
    vertex 235.23121459917303 -427.62947748995146 105.00000000001039
    vertex 231.90079773274167 -427.6294774899516 116.81800053148179
  endloop
endfacet
facet normal 3.801553410838101e-15 0.9999999999999999 -8.385558527895587e-15
  outer loop
    vertex 213.42005267194764 -427.6294774899516 105.04392494827304
    vertex 220.32457787137412 -427.62947748995197 105.04392494827668
    vertex 198.5134159441481 -427.6294774899516 105.00000000001042
  endloop
endfacet
facet normal 3.801553410838101e-15 0.9999999999999999 -8.385558527895587e-15
  outer loop
    vertex 230.18357692939907 -427.62947748995174 111.16624774261096
    vertex 230.3150983495462 -427.62947748995174 111.33500331804608
    vertex 228.51331359715095 -427.62947748995174 108.92757600685103
  endloop
endfacet
facet normal 3.801553410838101e-15 0.9999999999999999 -8.385558527895587e-15
  outer loop
    vertex 231.3138000254898 -427.6294774899516 113.72684690062354
    vertex 231.45812400256872 -427.6294774899516 114.02728627855477
    vertex 230.3150983495462 -427.62947748995174 111.33500331804608
  endloop
endfacet
facet normal 3.801553410838101e-15 0.9999999999999999 -8.385558527895587e-15
  outer loop
    vertex 231.46263600361436 -427.6294774899516 114.05613965848792
    vertex 231.90079773274167 -427.6294774899516 116.81800053148179
    vertex 231.45812400256872 -427.6294774899516 114.02728627855477
  endloop
endfacet
facet normal 3.801553410838101e-15 0.9999999999999999 -8.385558527895587e-15
  outer loop
    vertex 231.9007977327393 -427.6294774899513 155.00000000001572
    vertex 235.2312145991731 -427.6294774899513 155.00000000001572
    vertex 231.90079773274167 -427.6294774899516 116.81800053148179
  endloop
endfacet
facet normal 3.801553410838101e-15 0.9999999999999999 -8.385558527895587e-15
  outer loop
    vertex 198.5134159441481 -427.62947748995117 155.00000000001586
    vertex 201.8438328105823 -427.6294774899515 116.81800053148133
    vertex 198.5134159441481 -427.6294774899516 105.00000000001042
  endloop
endfacet
facet normal 3.801553410838101e-15 0.9999999999999999 -8.385558527895587e-15
  outer loop
    vertex 202.28650654075238 -427.6294774899515 114.02728627855474
    vertex 198.5134159441481 -427.6294774899516 105.00000000001042
    vertex 201.8438328105823 -427.6294774899515 116.81800053148133
  endloop
endfacet
facet normal 3.801553410838101e-15 0.9999999999999999 -8.385558527895587e-15
  outer loop
    vertex 203.4295321937749 -427.6294774899515 111.33500331804625
    vertex 198.5134159441481 -427.6294774899516 105.00000000001042
    vertex 202.28650654075238 -427.6294774899515 114.02728627855474
  endloop
endfacet
facet normal 3.801553410838101e-15 0.9999999999999999 -8.385558527895587e-15
  outer loop
    vertex 205.2313169461702 -427.6294774899516 108.92757600685074
    vertex 198.5134159441481 -427.6294774899516 105.00000000001042
    vertex 203.4295321937749 -427.6294774899515 111.33500331804625
  endloop
endfacet
facet normal 3.801553410838101e-15 0.9999999999999999 -8.385558527895587e-15
  outer loop
    vertex 206.9192431838942 -427.6294774899516 107.51328667988345
    vertex 198.5134159441481 -427.6294774899516 105.00000000001042
    vertex 205.2313169461702 -427.6294774899516 108.92757600685074
  endloop
endfacet
facet normal 3.801553410838101e-15 0.9999999999999999 -8.385558527895587e-15
  outer loop
    vertex 207.60393071262652 -427.6294774899516 106.983154598599
    vertex 198.5134159441481 -427.6294774899516 105.00000000001042
    vertex 206.9192431838942 -427.6294774899516 107.51328667988345
  endloop
endfacet
facet normal 3.801553410838101e-15 0.9999999999999999 -8.385558527895587e-15
  outer loop
    vertex 209.26189177171057 -427.6294774899516 106.15348378061111
    vertex 198.5134159441481 -427.6294774899516 105.00000000001042
    vertex 207.60393071262652 -427.6294774899516 106.983154598599
  endloop
endfacet
facet normal 3.801553410838101e-15 0.9999999999999999 -8.385558527895587e-15
  outer loop
    vertex 210.39581971390868 -427.6294774899516 105.6534173878798
    vertex 198.5134159441481 -427.6294774899516 105.00000000001042
    vertex 209.26189177171057 -427.6294774899516 106.15348378061111
  endloop
endfacet
facet normal 3.801553410838101e-15 0.9999999999999999 -8.385558527895587e-15
  outer loop
    vertex 211.85993524339926 -427.6294774899516 105.31627982690965
    vertex 198.5134159441481 -427.6294774899516 105.00000000001042
    vertex 210.39581971390868 -427.6294774899516 105.6534173878798
  endloop
endfacet
facet normal 3.801553410838101e-15 0.9999999999999999 -8.385558527895587e-15
  outer loop
    vertex 213.42005267194764 -427.6294774899516 105.04392494827304
    vertex 198.5134159441481 -427.6294774899516 105.00000000001042
    vertex 211.85993524339926 -427.6294774899516 105.31627982690965
  endloop
endfacet
facet normal 3.801553410838101e-15 0.9999999999999999 -8.385558527895587e-15
  outer loop
    vertex 203.56105361392096 -427.6294774899515 111.16624774261079
    vertex 205.2313169461702 -427.6294774899516 108.92757600685074
    vertex 203.4295321937749 -427.6294774899515 111.33500331804625
  endloop
endfacet
facet normal 3.801553410838101e-15 0.9999999999999999 -8.385558527895587e-15
  outer loop
    vertex 202.43083051783134 -427.6294774899515 113.72684690062468
    vertex 203.4295321937749 -427.6294774899515 111.33500331804625
    vertex 202.28650654075238 -427.6294774899515 114.02728627855474
  endloop
endfacet
facet normal 3.801553410838101e-15 0.9999999999999999 -8.385558527895587e-15
  outer loop
    vertex 202.28199453970737 -427.6294774899515 114.05613965848777
    vertex 202.28650654075238 -427.6294774899515 114.02728627855474
    vertex 201.8438328105823 -427.6294774899515 116.81800053148133
  endloop
endfacet
facet normal 3.801553410838101e-15 0.9999999999999999 -8.385558527895587e-15
  outer loop
    vertex 201.84383281058356 -427.62947748995117 155.00000000001586
    vertex 201.8438328105823 -427.6294774899515 116.81800053148133
    vertex 198.5134159441481 -427.62947748995117 155.00000000001586
  endloop
endfacet
facet normal -0.7933533402912262 0.6087614290087323 -4.468422711569052e-15
  outer loop
    vertex 195.25206632933853 -431.87975105767623 155.0000000000159
    vertex 198.5134159441481 -427.62947748995117 155.00000000001586
    vertex 195.25206632933913 -431.87975105767634 105.00000000001046
  endloop
endfacet
facet normal -0.7933533402912262 0.6087614290087323 -4.468422711569052e-15
  outer loop
    vertex 198.5134159441481 -427.6294774899516 105.00000000001042
    vertex 195.25206632933913 -431.87975105767634 105.00000000001046
    vertex 198.5134159441481 -427.62947748995117 155.00000000001586
  endloop
endfacet
facet normal 0.01718156259381317 -0.9912985102900178 0.13050692473438413
  outer loop
    vertex 171.83761522742907 -441.27823655203764 120.18573655536146
    vertex 171.83761522742907 -440.97151056569106 122.51555172763177
    vertex 162.82702080673516 -441.2782365520385 121.37200381559283
  endloop
endfacet
facet normal 0.01718156259381317 -0.9912985102900178 0.13050692473438413
  outer loop
    vertex 163.43002134488808 -440.9715105656919 123.62243246096884
    vertex 162.82702080673516 -441.2782365520385 121.37200381559283
    vertex 171.83761522742907 -440.97151056569106 122.51555172763177
  endloop
endfacet
facet normal 0.1305261922200602 6.984154181783003e-15 0.9914448613738093
  outer loop
    vertex 171.8376152274289 -483.49999999999517 113.51383714612787
    vertex 171.83761522742904 -449.9732251471961 113.5138371461277
    vertex 161.10020617261853 -483.49999999999596 114.9274438658113
  endloop
endfacet
facet normal 0.1305261922200602 6.984154181783003e-15 0.9914448613738093
  outer loop
    vertex 161.10020617261753 -449.9732251471969 114.9274438658111
    vertex 161.10020617261853 -483.49999999999596 114.9274438658113
    vertex 171.83761522742904 -449.9732251471961 113.5138371461277
  endloop
endfacet
facet normal 0.3058350594814003 -0.9227092328755077 0.23467549501023852
  outer loop
    vertex 145.68505485947856 -442.17751164199666 128.84743963206606
    vertex 147.2202134636985 -441.2782365520384 130.38259823628596
    vertex 139.807401043023 -442.1775116419966 136.50734721844807
  endloop
endfacet
facet normal 0.3058350594814003 -0.9227092328755077 0.23467549501023852
  outer loop
    vertex 141.6875786703138 -441.27823655203827 137.59286827768884
    vertex 139.807401043023 -442.1775116419966 136.50734721844807
    vertex 147.2202134636985 -441.2782365520384 130.38259823628596
  endloop
endfacet
facet normal -0.923879532511292 2.5654045003723026e-14 0.3826834323650773
  outer loop
    vertex 297.8350862528965 -483.49999999999636 134.25691857307208
    vertex 301.97957145009605 -483.49999999999625 144.26259094520537
    vertex 297.8350862528977 -449.97322514719724 134.25691857307197
  endloop
endfacet
facet normal -0.923879532511292 2.5654045003723026e-14 0.3826834323650773
  outer loop
    vertex 301.9795714500967 -449.9732251471972 144.2625909452051
    vertex 297.8350862528977 -449.97322514719724 134.25691857307197
    vertex 301.97957145009605 -483.49999999999625 144.26259094520537
  endloop
endfacet
facet normal 0.8546202052330898 -0.3798837279585051 0.3539952796856195
  outer loop
    vertex 132.06133364503026 -447.6434099749255 144.34197747209944
    vertex 136.17517678659988 -447.64340997492565 134.41028156624526
    vertex 132.9299666793592 -445.47236785644367 144.57472699216692
  endloop
endfacet
facet normal 0.8546202052330898 -0.3798837279585051 0.3539952796856195
  outer loop
    vertex 136.9539718594944 -445.4723678564438 134.85991911122446
    vertex 132.9299666793592 -445.47236785644367 144.57472699216692
    vertex 136.17517678659988 -447.64340997492565 134.41028156624526
  endloop
endfacet
facet normal -0.10388185357171788 -0.6054678131259551 0.7890610165044132
  outer loop
    vertex 272.33228832374135 -445.47236785644446 116.09235145194633
    vertex 271.96203730565645 -443.6080517243092 117.4741470629931
    vertex 261.9070153158925 -445.4723678564436 114.71983822243241
  endloop
endfacet
facet normal -0.10388185357171788 -0.6054678131259551 0.7890610165044132
  outer loop
    vertex 261.9070153158925 -443.60805172430855 116.15037830474438
    vertex 261.9070153158925 -445.4723678564436 114.71983822243241
    vertex 271.96203730565645 -443.6080517243092 117.4741470629931
  endloop
endfacet
facet normal -0.9161085805910752 -0.12942830799551439 0.37946459868718135
  outer loop
    vertex 297.8350862528977 -449.97322514719724 134.25691857307197
    vertex 301.9795714500967 -449.9732251471972 144.2625909452051
    vertex 297.5694537567205 -447.64340997492616 134.41028156624515
  endloop
endfacet
facet normal -0.9161085805910752 -0.12942830799551439 0.37946459868718135
  outer loop
    vertex 301.68329689829073 -447.64340997492616 144.34197747209936
    vertex 297.5694537567205 -447.64340997492616 134.41028156624515
    vertex 301.9795714500967 -449.9732251471972 144.2625909452051
  endloop
endfacet
facet normal -0.3826834323650923 1.4854492389544233e-14 0.9238795325112856
  outer loop
    vertex 282.6500967428362 -449.97322514719735 119.07192906301053
    vertex 272.64442437070284 -449.97322514719735 114.92744386581103
    vertex 282.6500967428355 -483.4999999999964 119.0719290630107
  endloop
endfacet
facet normal -0.3826834323650923 1.4854492389544233e-14 0.9238795325112856
  outer loop
    vertex 272.64442437070164 -483.4999999999964 114.92744386581124
    vertex 282.6500967428355 -483.4999999999964 119.0719290630107
    vertex 272.64442437070284 -449.97322514719735 114.92744386581103
  endloop
endfacet
facet normal 7.605011849279652e-15 -0.9999999999999999 2.8238610611313653e-15
  outer loop
    vertex 171.83761522742907 -440.97151056569106 122.51555172763177
    vertex 180.6968483674855 -440.9715105656912 122.51555172763175
    vertex 163.43002134488808 -440.9715105656919 123.62243246096884
  endloop
endfacet
facet normal 7.605011849279652e-15 -0.9999999999999999 2.8238610611313653e-15
  outer loop
    vertex 180.6968483674855 -440.97151056569146 155.00000000001597
    vertex 163.43002134488808 -440.9715105656919 123.62243246096884
    vertex 180.6968483674855 -440.9715105656912 122.51555172763175
  endloop
endfacet
facet normal 7.605011849279652e-15 -0.9999999999999999 2.8238610611313653e-15
  outer loop
    vertex 155.59539109123688 -440.9715105656919 126.86764256820982
    vertex 163.43002134488808 -440.9715105656919 123.62243246096884
    vertex 180.6968483674855 -440.97151056569146 155.00000000001597
  endloop
endfacet
facet normal 7.605011849279652e-15 -0.9999999999999999 2.8238610611313653e-15
  outer loop
    vertex 148.8676415709225 -440.9715105656918 132.03002634350955
    vertex 155.59539109123688 -440.9715105656919 126.86764256820982
    vertex 180.6968483674855 -440.97151056569146 155.00000000001597
  endloop
endfacet
facet normal 7.605011849279652e-15 -0.9999999999999999 2.8238610611313653e-15
  outer loop
    vertex 143.7052577956222 -440.9715105656917 138.75777586382398
    vertex 148.8676415709225 -440.9715105656918 132.03002634350955
    vertex 180.6968483674855 -440.97151056569146 155.00000000001597
  endloop
endfacet
facet normal 7.605011849279652e-15 -0.9999999999999999 2.8238610611313653e-15
  outer loop
    vertex 140.46004768838205 -440.97151056569163 146.59240611747535
    vertex 143.7052577956222 -440.9715105656917 138.75777586382398
    vertex 180.6968483674855 -440.97151056569146 155.00000000001597
  endloop
endfacet
facet normal 7.605011849279652e-15 -0.9999999999999999 2.8238610611313653e-15
  outer loop
    vertex 139.35316695504457 -440.9715105656915 155.000000000016
    vertex 140.46004768838205 -440.97151056569163 146.59240611747535
    vertex 180.6968483674855 -440.97151056569146 155.00000000001597
  endloop
endfacet
facet normal 0.8926370649090319 -0.2535388106166594 0.3727158996631059
  outer loop
    vertex 202.43083051783134 -427.6294774899515 113.72684690062468
    vertex 203.24600146018295 -428.10011665295366 111.45440000001578
    vertex 203.4295321937749 -427.6294774899515 111.33500331804625
  endloop
endfacet
facet normal 0.7197094736523834 -0.3667573893665376 0.5894974901388904
  outer loop
    vertex 198.88275034366754 -434.03913234734665 113.19622400001583
    vertex 200.02607964524745 -435.1824616489261 111.08902351067742
    vertex 204.70463343770473 -428.9422582178246 109.25939949028826
  endloop
endfacet
facet normal -1.3569432408537836e-13 0.21451216647571764 0.9767213166681141
  outer loop
    vertex 222.54982908313718 -432.6893584726888 106.15520000001575
    vertex 220.32457787137412 -427.62947748995197 105.04392494827668
    vertex 211.19480146018384 -432.68935847268875 106.15520000001575
  endloop
endfacet
facet normal -1.3569432408537836e-13 0.21451216647571764 0.9767213166681141
  outer loop
    vertex 213.42005267194764 -427.6294774899516 105.04392494827304
    vertex 211.19480146018384 -432.68935847268875 106.15520000001575
    vertex 220.32457787137412 -427.62947748995197 105.04392494827668
  endloop
endfacet
facet normal 0.6462769692627974 -0.6658895832934681 0.37271589966319435
  outer loop
    vertex 193.3611113252056 -438.46219425560105 114.86837504001579
    vertex 198.88275034366754 -434.03913234734665 113.19622400001583
    vertex 192.87322336407377 -437.61714751851923 117.22410650538218
  endloop
endfacet
facet normal 0.6068156946316763 -0.790817609882248 0.079888801773494
  outer loop
    vertex 134.31176229040602 -443.6080517243084 144.9449780102518
    vertex 136.11255339080319 -442.1775116419965 145.42749853134026
    vertex 132.9879935321579 -443.60805172430827 155.00000000001606
  endloop
endfacet
facet normal 0.6068156946316763 -0.790817609882248 0.079888801773494
  outer loop
    vertex 134.85230966429313 -442.17751164199643 155.00000000001606
    vertex 132.9879935321579 -443.60805172430827 155.00000000001606
    vertex 136.11255339080319 -442.1775116419965 145.42749853134026
  endloop
endfacet
facet normal 0.23959967422902434 -0.03671083238048457 0.9701774636092498
  outer loop
    vertex 189.24372467880482 -451.0355432546874 111.78524702721589
    vertex 196.32655095895672 -443.598486368035 110.31745131561739
    vertex 188.61559911822823 -446.69134674908656 112.10475326299331
  endloop
endfacet
facet normal 0.25422202519482817 -0.5589009094307955 0.7893040829384262
  outer loop
    vertex 188.03027927657945 -444.5069033613754 113.04149814836657
    vertex 187.5276537337784 -442.6310792984623 114.53164406744153
    vertex 180.696848367486 -445.4723678564432 114.71983822243254
  endloop
endfacet
facet normal 0.648357646401771 -0.658173843735122 0.38267421362732484
  outer loop
    vertex 198.88275034366754 -434.03913234734665 113.19622400001583
    vertex 198.16402349830184 -433.3204055019807 115.65011094310579
    vertex 192.87322336407377 -437.61714751851923 117.22410650538218
  endloop
endfacet
facet normal 0.26008325351183714 -0.7503141683857757 0.6077708038086884
  outer loop
    vertex 187.5276537337784 -442.6310792984623 114.53164406744153
    vertex 187.14197558993965 -441.1917088702884 116.47364003841578
    vertex 180.69684836748604 -442.17751164199603 118.01469443687981
  endloop
endfacet
facet normal -0.6087614290087244 1.615059575682628e-14 0.7933533402912321
  outer loop
    vertex 291.2421623952858 -449.97322514719735 125.66485292062228
    vertex 282.6500967428362 -449.97322514719735 119.07192906301053
    vertex 291.24216239528505 -483.49999999999636 125.66485292062237
  endloop
endfacet
facet normal -0.6087614290087244 1.615059575682628e-14 0.7933533402912321
  outer loop
    vertex 282.6500967428355 -483.4999999999964 119.0719290630107
    vertex 291.24216239528505 -483.49999999999636 125.66485292062237
    vertex 282.6500967428362 -449.97322514719735 119.07192906301053
  endloop
endfacet
facet normal -0.1305069247344031 -0.9912985102900165 0.017181562593742677
  outer loop
    vertex 295.5350115003153 -441.2782365520387 145.9894055793229
    vertex 296.72127876054634 -441.2782365520387 155.00000000001592
    vertex 293.284582854939 -440.97151056569226 146.59240611747526
  endloop
endfacet
facet normal -0.1305069247344031 -0.9912985102900165 0.017181562593742677
  outer loop
    vertex 294.3914635882759 -440.97151056569214 155.00000000001592
    vertex 293.284582854939 -440.97151056569226 146.59240611747526
    vertex 296.72127876054634 -441.2782365520387 155.00000000001592
  endloop
endfacet
facet normal 0.600262170725623 -0.5405349530934204 0.5894974901388951
  outer loop
    vertex 193.3611113252056 -438.46219425560105 114.86837504001579
    vertex 194.13722899139043 -439.806469486085 112.84546257025094
    vertex 200.02607964524745 -435.1824616489261 111.08902351067742
  endloop
endfacet
facet normal -0.12074119758905785 -0.3798837279585044 0.9171204481621316
  outer loop
    vertex 272.5650378438087 -447.64340997492627 115.223718417617
    vertex 272.33228832374135 -445.47236785644446 116.09235145194633
    vertex 261.9070153158925 -447.64340997492536 113.82056313247402
  endloop
endfacet
facet normal -0.12074119758905785 -0.3798837279585044 0.9171204481621316
  outer loop
    vertex 261.9070153158925 -445.4723678564436 114.71983822243241
    vertex 261.9070153158925 -447.64340997492536 113.82056313247402
    vertex 272.33228832374135 -445.47236785644446 116.09235145194633
  endloop
endfacet
facet normal 0.44541672814086253 -0.6574333337533413 0.6077708038086862
  outer loop
    vertex 194.13722899139043 -439.806469486085 112.84546257025094
    vertex 193.3611113252056 -438.46219425560105 114.86837504001579
    vertex 187.14197558993965 -441.1917088702884 116.47364003841578
  endloop
endfacet
facet normal 0.25328419097635213 -0.370204858750155 0.8937535908510984
  outer loop
    vertex 180.696848367486 -447.6434099749251 113.82056313247425
    vertex 188.03027927657945 -444.5069033613754 113.04149814836657
    vertex 180.696848367486 -445.4723678564432 114.71983822243254
  endloop
endfacet
facet normal 0.20055815768742746 0.09052541665691924 0.9754904275922528
  outer loop
    vertex 211.19480146018384 -432.68935847268875 106.15520000001575
    vertex 208.8192350891264 -431.31782458888097 106.51633172267371
    vertex 205.11331164524802 -440.26969364892614 108.10899200001587
  endloop
endfacet
facet normal 0.10443153089290198 -0.9912985102900171 0.0801331320500937
  outer loop
    vertex 147.2202134636985 -441.2782365520384 130.38259823628596
    vertex 148.8676415709225 -440.9715105656918 132.03002634350955
    vertex 141.6875786703138 -441.27823655203827 137.59286827768884
  endloop
endfacet
facet normal 0.10443153089290198 -0.9912985102900171 0.0801331320500937
  outer loop
    vertex 143.7052577956222 -440.9715105656917 138.75777586382398
    vertex 141.6875786703138 -441.27823655203827 137.59286827768884
    vertex 148.8676415709225 -440.9715105656918 132.03002634350955
  endloop
endfacet
facet normal -0.1305261922200452 0.9914448613738113 -6.7767879634085494e-15
  outer loop
    vertex 183.2827837758954 -438.79021956191383 105.00000000001053
    vertex 176.37231527165847 -439.69999999999567 105.00000000001054
    vertex 183.28278377589544 -438.79021956191343 155.00000000001597
  endloop
endfacet
facet normal -0.1305261922200452 0.9914448613738113 -6.7767879634085494e-15
  outer loop
    vertex 176.3723152716585 -439.6999999999952 155.00000000001597
    vertex 183.28278377589544 -438.79021956191343 155.00000000001597
    vertex 176.37231527165847 -439.69999999999567 105.00000000001054
  endloop
endfacet
facet normal 0.2342221155020968 -0.790817609882244 0.5654622078528831
  outer loop
    vertex 161.7825932376646 -443.6080517243087 117.4741470629932
    vertex 162.26511375875307 -442.17751164199683 119.27493816339013
    vertex 152.4128043797929 -443.60805172430867 121.35524068449593
  endloop
endfacet
facet normal 0.2342221155020968 -0.790817609882244 0.5654622078528831
  outer loop
    vertex 153.34496244586055 -442.1775116419968 122.96978581561031
    vertex 152.4128043797929 -443.60805172430867 121.35524068449593
    vertex 162.26511375875307 -442.17751164199683 119.27493816339013
  endloop
endfacet
facet normal 0.7338790076440654 -0.37988372795852166 0.5631251684765098
  outer loop
    vertex 136.17517678659988 -447.64340997492565 134.41028156624526
    vertex 142.71935617294648 -447.6434099749257 125.88174094553399
    vertex 136.9539718594944 -445.4723678564438 134.85991911122446
  endloop
endfacet
facet normal 0.7338790076440654 -0.37988372795852166 0.5631251684765098
  outer loop
    vertex 143.35523968720867 -445.47236785644384 126.51762445979575
    vertex 136.9539718594944 -445.4723678564438 134.85991911122446
    vertex 142.71935617294648 -447.6434099749257 125.88174094553399
  endloop
endfacet
facet normal 0.08013313205008216 -0.9912985102900167 0.10443153089291454
  outer loop
    vertex 154.4304835051013 -441.2782365520385 124.84996344290134
    vertex 155.59539109123688 -440.9715105656919 126.86764256820982
    vertex 147.2202134636985 -441.2782365520384 130.38259823628596
  endloop
endfacet
facet normal 0.08013313205008216 -0.9912985102900167 0.10443153089291454
  outer loop
    vertex 148.8676415709225 -440.9715105656918 132.03002634350955
    vertex 147.2202134636985 -441.2782365520384 130.38259823628596
    vertex 155.59539109123688 -440.9715105656919 126.86764256820982
  endloop
endfacet
facet normal 0.222619157296085 -0.01964503925425092 0.97470753728361
  outer loop
    vertex 197.59055658627398 -445.7878083356013 109.98463232001586
    vertex 196.32655095895672 -443.598486368035 110.31745131561739
    vertex 189.24372467880482 -451.0355432546874 111.78524702721589
  endloop
endfacet
facet normal 0.647919382903858 -0.7508334625292352 0.12825593477045527
  outer loop
    vertex 192.87322336407377 -437.61714751851923 117.22410650538218
    vertex 198.16402349830184 -433.3204055019807 115.65011094310579
    vertex 192.70681386627254 -437.32891781346643 119.75211776001576
  endloop
endfacet
facet normal -0.6462769692628022 -0.6658895832934631 0.37271589966319507
  outer loop
    vertex 234.86188019965294 -434.0391323473469 113.19622400001579
    vertex 240.38351921811545 -438.4621942556012 114.86837504001575
    vertex 240.87140717924726 -437.6171475185194 117.22410650538214
  endloop
endfacet
facet normal 0.43247894328730857 -0.8921951133969886 0.1301915636423014
  outer loop
    vertex 192.87322336407377 -437.61714751851923 117.22410650538218
    vertex 192.70681386627254 -437.32891781346643 119.75211776001576
    vertex 186.81683387435461 -439.9782634680643 121.16203304961577
  endloop
endfacet
facet normal 0.40810130106200987 -0.49831536512541164 0.7649412558827133
  outer loop
    vertex 188.03027927657945 -444.5069033613754 113.04149814836657
    vertex 194.13722899139043 -439.806469486085 112.84546257025094
    vertex 187.5276537337784 -442.6310792984623 114.53164406744153
  endloop
endfacet
facet normal 0.3821986783839325 -0.9227092328755093 0.05031741058385906
  outer loop
    vertex 136.11255339080319 -442.1775116419965 145.42749853134026
    vertex 138.20961904300577 -441.2782365520382 145.98940557932298
    vertex 134.85230966429313 -442.17751164199643 155.00000000001606
  endloop
endfacet
facet normal 0.3821986783839325 -0.9227092328755093 0.05031741058385906
  outer loop
    vertex 137.0233517827747 -441.2782365520381 155.000000000016
    vertex 134.85230966429313 -442.17751164199643 155.00000000001606
    vertex 138.20961904300577 -441.2782365520382 145.98940557932298
  endloop
endfacet
facet normal 0.7966005216384792 -0.47593115790370205 0.37271589966319435
  outer loop
    vertex 198.16402349830184 -433.3204055019807 115.65011094310579
    vertex 198.88275034366754 -434.03913234734665 113.19622400001583
    vertex 203.24600146018295 -428.10011665295366 111.45440000001578
  endloop
endfacet
facet normal 0.3045661840669458 -0.6054678131259421 0.7352878122146379
  outer loop
    vertex 161.7825932376646 -443.6080517243087 117.4741470629932
    vertex 152.4128043797929 -443.60805172430867 121.35524068449593
    vertex 161.41234221957964 -445.472367856444 116.09235145194641
  endloop
endfacet
facet normal 0.3045661840669458 -0.6054678131259421 0.7352878122146379
  outer loop
    vertex 151.69753433863707 -445.47236785644395 120.11635663208193
    vertex 161.41234221957964 -445.472367856444 116.09235145194641
    vertex 152.4128043797929 -443.60805172430867 121.35524068449593
  endloop
endfacet
facet normal 0.5749647410120857 -0.21544050512767268 0.7893040829384063
  outer loop
    vertex 206.6055596404489 -430.0397584726883 107.57511636054677
    vertex 204.70463343770473 -428.9422582178246 109.25939949028826
    vertex 201.51609540057783 -436.6724774042567 109.4721117061256
  endloop
endfacet
facet normal 0.18569791393450907 -0.9742005440136703 0.12825593477044483
  outer loop
    vertex 180.6968483674855 -441.27823655203775 120.18573655536149
    vertex 186.899528173203 -440.2868827928622 118.73514224516752
    vertex 180.6968483674855 -440.9715105656912 122.51555172763175
  endloop
endfacet
facet normal 0.603641004073184 -0.12942830799550492 0.7866802725955057
  outer loop
    vertex 151.24789679365733 -447.6434099749258 119.33756155918736
    vertex 142.71935617294648 -447.6434099749257 125.88174094553399
    vertex 151.09453380048421 -449.9732251471969 119.07192906301063
  endloop
endfacet
facet normal 0.603641004073184 -0.12942830799550492 0.7866802725955057
  outer loop
    vertex 142.5024681480346 -449.9732251471968 125.66485292062237
    vertex 151.09453380048421 -449.9732251471969 119.07192906301063
    vertex 142.71935617294648 -447.6434099749257 125.88174094553399
  endloop
endfacet
facet normal -0.4844948324374912 -0.6054678131259373 0.6314059586429815
  outer loop
    vertex 290.38939085611236 -445.4723678564444 126.51762445979568
    vertex 289.37784626315056 -443.6080517243091 127.52916905275758
    vertex 282.04709620468395 -445.47236785644446 120.11635663208185
  endloop
endfacet
facet normal -0.4844948324374912 -0.6054678131259373 0.6314059586429815
  outer loop
    vertex 281.3318261635276 -443.6080517243092 121.35524068449584
    vertex 282.04709620468395 -445.47236785644446 120.11635663208185
    vertex 289.37784626315056 -443.6080517243091 127.52916905275758
  endloop
endfacet
facet normal 0.7966133210784377 -0.4679398069251709 0.3826742136272259
  outer loop
    vertex 198.16402349830184 -433.3204055019807 115.65011094310579
    vertex 203.24600146018295 -428.10011665295366 111.45440000001578
    vertex 202.28650654075238 -427.6294774899515 114.02728627855474
  endloop
endfacet
facet normal 0.7966133210784377 -0.4679398069251709 0.3826742136272259
  outer loop
    vertex 202.43083051783134 -427.6294774899515 113.72684690062468
    vertex 202.28650654075238 -427.6294774899515 114.02728627855474
    vertex 203.24600146018295 -428.10011665295366 111.45440000001578
  endloop
endfacet
facet normal 0.600395788833012 -0.519749503885603 0.6077708038086848
  outer loop
    vertex 200.02607964524745 -435.1824616489261 111.08902351067742
    vertex 198.88275034366754 -434.03913234734665 113.19622400001583
    vertex 193.3611113252056 -438.46219425560105 114.86837504001579
  endloop
endfacet
facet normal -0.12161309348664262 -0.9912985102900167 0.05037379268432102
  outer loop
    vertex 292.0570518730066 -441.27823655203883 137.59286827768872
    vertex 295.5350115003153 -441.2782365520387 145.9894055793229
    vertex 290.0393727476982 -440.97151056569226 138.75777586382384
  endloop
endfacet
facet normal -0.12161309348664262 -0.9912985102900167 0.05037379268432102
  outer loop
    vertex 293.284582854939 -440.97151056569226 146.59240611747526
    vertex 290.0393727476982 -440.97151056569226 138.75777586382384
    vertex 295.5350115003153 -441.2782365520387 145.9894055793229
  endloop
endfacet
facet normal 0.24877147395337681 0.0688967725396395 0.9661086835758623
  outer loop
    vertex 205.11331164524802 -440.26969364892614 108.10899200001587
    vertex 208.8192350891264 -431.31782458888097 106.51633172267371
    vertex 203.2512554983019 -438.40763750198056 108.45567845376748
  endloop
endfacet
facet normal 0.4855734060793832 -0.7908176098822489 0.372593579129584
  outer loop
    vertex 144.36678428016995 -443.60805172430855 127.52916905275767
    vertex 145.68505485947856 -442.17751164199666 128.84743963206606
    vertex 138.1928559119083 -443.60805172430844 135.5751891523804
  endloop
endfacet
facet normal 0.4855734060793832 -0.7908176098822489 0.372593579129584
  outer loop
    vertex 139.807401043023 -442.1775116419966 136.50734721844807
    vertex 138.1928559119083 -443.60805172430844 135.5751891523804
    vertex 145.68505485947856 -442.17751164199666 128.84743963206606
  endloop
endfacet
facet normal 0.3902138194330167 -0.47405932095071995 0.7893040829384069
  outer loop
    vertex 195.14868522627324 -441.5583630745334 111.2932272378812
    vertex 194.13722899139043 -439.806469486085 112.84546257025094
    vertex 188.03027927657945 -444.5069033613754 113.04149814836657
  endloop
endfacet
facet normal 0.12074119758905594 -0.3798837279585054 0.9171204481621315
  outer loop
    vertex 171.8376152274285 -447.643409974925 113.82056313247409
    vertex 171.8376152274285 -445.4723678564432 114.71983822243247
    vertex 161.17959269951226 -447.64340997492593 115.22371841761708
  endloop
endfacet
facet normal 0.12074119758905594 -0.3798837279585054 0.9171204481621315
  outer loop
    vertex 161.41234221957964 -445.472367856444 116.09235145194641
    vertex 161.17959269951226 -447.64340997492593 115.22371841761708
    vertex 171.8376152274285 -445.4723678564432 114.71983822243247
  endloop
endfacet
facet normal 0.790109765325845 -0.16798591564965853 0.5894974901389181
  outer loop
    vertex 204.70463343770473 -428.9422582178246 109.25939949028826
    vertex 205.2313169461702 -427.6294774899516 108.92757600685074
    vertex 203.24600146018295 -428.10011665295366 111.45440000001578
  endloop
endfacet
facet normal 0.790109765325845 -0.16798591564965853 0.5894974901389181
  outer loop
    vertex 203.56105361392096 -427.6294774899515 111.16624774261079
    vertex 203.24600146018295 -428.10011665295366 111.45440000001578
    vertex 205.2313169461702 -427.6294774899516 108.92757600685074
  endloop
endfacet
facet normal -0.4996131867356367 -0.3569113731679299 0.7893040829384101
  outer loop
    vertex 238.59594531704778 -441.5583630745336 111.29322723788115
    vertex 233.7185508980741 -435.1824616489262 111.08902351067739
    vertex 232.22853514274271 -436.6724774042568 109.47211170612557
  endloop
endfacet
facet normal 0.5631251684765106 -0.379883727958524 0.7338790076440638
  outer loop
    vertex 151.69753433863707 -445.47236785644395 120.11635663208193
    vertex 143.35523968720867 -445.47236785644384 126.51762445979575
    vertex 151.24789679365733 -447.6434099749258 119.33756155918736
  endloop
endfacet
facet normal 0.5631251684765106 -0.379883727958524 0.7338790076440638
  outer loop
    vertex 142.71935617294648 -447.6434099749257 125.88174094553399
    vertex 151.24789679365733 -447.6434099749258 119.33756155918736
    vertex 143.35523968720867 -445.47236785644384 126.51762445979575
  endloop
endfacet
facet normal 0.22674748161571842 -0.8998157798789623 0.37271589966319435
  outer loop
    vertex 180.69684836748604 -442.17751164199603 118.01469443687981
    vertex 187.14197558993965 -441.1917088702884 116.47364003841578
    vertex 180.6968483674855 -441.27823655203775 120.18573655536149
  endloop
endfacet
facet normal 0.26522207947630216 -0.5869600698572861 0.7649412558826958
  outer loop
    vertex 180.696848367486 -445.4723678564432 114.71983822243254
    vertex 187.5276537337784 -442.6310792984623 114.53164406744153
    vertex 180.69684836748604 -443.60805172430827 116.15037830474452
  endloop
endfacet
facet normal -0.7901097653257949 -0.16798591565000492 0.5894974901388865
  outer loop
    vertex 229.0399971056164 -428.94225821782464 109.25939949028823
    vertex 230.49862908313824 -428.10011665295383 111.45440000001575
    vertex 228.51331359715095 -427.62947748995174 108.92757600685103
  endloop
endfacet
facet normal -0.7901097653257949 -0.16798591565000492 0.5894974901388865
  outer loop
    vertex 230.18357692939907 -427.62947748995174 111.16624774261096
    vertex 228.51331359715095 -427.62947748995174 108.92757600685103
    vertex 230.49862908313824 -428.10011665295383 111.45440000001575
  endloop
endfacet
facet normal 0.41021719463823036 -0.9119878580458953 -1.470348122128766e-14
  outer loop
    vertex 192.70681386627254 -437.32891781346643 119.75211776001576
    vertex 192.70681386627317 -437.3289178134667 155.00000000001594
    vertex 186.81683387435461 -439.9782634680643 121.16203304961577
  endloop
endfacet
facet normal 0.41021719463823036 -0.9119878580458953 -1.470348122128766e-14
  outer loop
    vertex 186.81683387435527 -439.9782634680646 155.00000000001594
    vertex 186.81683387435461 -439.9782634680643 121.16203304961577
    vertex 192.70681386627317 -437.3289178134667 155.00000000001594
  endloop
endfacet
facet normal -0.3794645986871934 -0.12942830799549415 0.9161085805910731
  outer loop
    vertex 282.6500967428362 -449.97322514719735 119.07192906301053
    vertex 282.49673374966306 -447.64340997492627 119.33756155918728
    vertex 272.64442437070284 -449.97322514719735 114.92744386581103
  endloop
endfacet
facet normal -0.3794645986871934 -0.12942830799549415 0.9161085805910731
  outer loop
    vertex 272.5650378438087 -447.64340997492627 115.223718417617
    vertex 272.64442437070284 -449.97322514719735 114.92744386581103
    vertex 282.49673374966306 -447.64340997492627 119.33756155918728
  endloop
endfacet
facet normal 0.05037379268431045 -0.9912985102900165 0.12161309348664869
  outer loop
    vertex 162.82702080673516 -441.2782365520385 121.37200381559283
    vertex 163.43002134488808 -440.9715105656919 123.62243246096884
    vertex 154.4304835051013 -441.2782365520385 124.84996344290134
  endloop
endfacet
facet normal 0.05037379268431045 -0.9912985102900165 0.12161309348664869
  outer loop
    vertex 155.59539109123688 -440.9715105656919 126.86764256820982
    vertex 154.4304835051013 -441.2782365520385 124.84996344290134
    vertex 163.43002134488808 -440.9715105656919 123.62243246096884
  endloop
endfacet
facet normal 0.14752318337370213 -0.9227092328755071 0.3561524700652551
  outer loop
    vertex 162.26511375875307 -442.17751164199683 119.27493816339013
    vertex 162.82702080673516 -441.2782365520385 121.37200381559283
    vertex 153.34496244586055 -442.1775116419968 122.96978581561031
  endloop
endfacet
facet normal 0.14752318337370213 -0.9227092328755071 0.3561524700652551
  outer loop
    vertex 154.4304835051013 -441.2782365520385 124.84996344290134
    vertex 153.34496244586055 -442.1775116419968 122.96978581561031
    vertex 162.82702080673516 -441.2782365520385 121.37200381559283
  endloop
endfacet
facet normal 0.07988880177356303 -0.790817609882243 0.6068156946316737
  outer loop
    vertex 171.83761522742853 -443.6080517243082 116.15037830474445
    vertex 171.83761522742853 -442.17751164199603 118.0146944368798
    vertex 161.7825932376646 -443.6080517243087 117.4741470629932
  endloop
endfacet
facet normal 0.07988880177356303 -0.790817609882243 0.6068156946316737
  outer loop
    vertex 162.26511375875307 -442.17751164199683 119.27493816339013
    vertex 161.7825932376646 -443.6080517243087 117.4741470629932
    vertex 171.83761522742853 -442.17751164199603 118.0146944368798
  endloop
endfacet
facet normal -0.22674748161572475 -0.8998157798789607 0.3727158996631944
  outer loop
    vertex 246.60265495338075 -441.19170887028855 116.47364003841577
    vertex 253.0477821758355 -442.1775116419963 118.01469443687975
    vertex 253.0477821758355 -441.27823655203804 120.18573655536142
  endloop
endfacet
facet normal 0.4996131867356347 -0.35691137316793364 0.7893040829384096
  outer loop
    vertex 201.51609540057783 -436.6724774042567 109.4721117061256
    vertex 200.02607964524745 -435.1824616489261 111.08902351067742
    vertex 195.14868522627324 -441.5583630745334 111.2932272378812
  endloop
endfacet
facet normal 2.204484461510315e-15 0.3245487108882797 0.945868983665685
  outer loop
    vertex 244.50090586451617 -451.0355432546877 111.78524702721582
    vertex 236.15407395704648 -445.7878083356014 109.98463232001582
    vertex 189.24372467880482 -451.0355432546874 111.78524702721589
  endloop
endfacet
facet normal 2.204484461510315e-15 0.3245487108882797 0.945868983665685
  outer loop
    vertex 197.59055658627398 -445.7878083356013 109.98463232001586
    vertex 189.24372467880482 -451.0355432546874 111.78524702721589
    vertex 236.15407395704648 -445.7878083356014 109.98463232001582
  endloop
endfacet
facet normal 0.16019955612434458 -0.9870846479494871 -9.370113145115536e-15
  outer loop
    vertex 186.81683387435461 -439.9782634680643 121.16203304961577
    vertex 186.81683387435527 -439.9782634680646 155.00000000001594
    vertex 180.6968483674855 -440.9715105656912 122.51555172763175
  endloop
endfacet
facet normal 0.16019955612434458 -0.9870846479494871 -9.370113145115536e-15
  outer loop
    vertex 180.6968483674855 -440.97151056569146 155.00000000001597
    vertex 180.6968483674855 -440.9715105656912 122.51555172763175
    vertex 186.81683387435527 -439.9782634680646 155.00000000001594
  endloop
endfacet
facet normal 0.23240727065431388 -0.8941740919819386 0.38267421362732035
  outer loop
    vertex 187.14197558993965 -441.1917088702884 116.47364003841578
    vertex 186.899528173203 -440.2868827928622 118.73514224516752
    vertex 180.6968483674855 -441.27823655203775 120.18573655536149
  endloop
endfacet
facet normal 0.3144567496008868 -0.2556967524032484 0.9141860442168636
  outer loop
    vertex 196.32655095895672 -443.598486368035 110.31745131561739
    vertex 195.14868522627324 -441.5583630745334 111.2932272378812
    vertex 188.61559911822823 -446.69134674908656 112.10475326299331
  endloop
endfacet
facet normal 0.9238795325110943 1.801158262359333e-13 0.38268343236555424
  outer loop
    vertex 298.36873380006233 -483.49999999999704 109.80588571618398
    vertex 298.44365911694064 -483.49999999999716 109.62500000001087
    vertex 298.3687338000601 -473.4999999999971 109.80588571618388
  endloop
endfacet
facet normal 0.9238795325110943 1.801158262359333e-13 0.38268343236555424
  outer loop
    vertex 298.44365911693893 -473.4999999999971 109.62500000001079
    vertex 298.3687338000601 -473.4999999999971 109.80588571618388
    vertex 298.44365911694064 -483.49999999999716 109.62500000001087
  endloop
endfacet
facet normal 0.9914448613738099 1.9074596763987363e-13 0.1305261922200548
  outer loop
    vertex 298.34317816977887 -483.49999999999704 110.00000000001087
    vertex 298.36873380006233 -483.49999999999704 109.80588571618398
    vertex 298.3431781697766 -473.4999999999971 110.00000000001079
  endloop
endfacet
facet normal 0.9914448613738099 1.9074596763987363e-13 0.1305261922200548
  outer loop
    vertex 298.3687338000601 -473.4999999999971 109.80588571618388
    vertex 298.3431781697766 -473.4999999999971 110.00000000001079
    vertex 298.36873380006233 -483.49999999999704 109.80588571618398
  endloop
endfacet
facet normal -0.7933533402913542 -1.5721108892957496e-13 -0.6087614290085654
  outer loop
    vertex 299.7426972226173 -483.49999999999653 110.37500000001086
    vertex 299.623508255669 -483.49999999999653 110.53033008590076
    vertex 299.7426972226156 -473.49999999999653 110.37500000001077
  endloop
endfacet
facet normal -0.7933533402913542 -1.5721108892957496e-13 -0.6087614290085654
  outer loop
    vertex 299.6235082556667 -473.4999999999965 110.53033008590066
    vertex 299.7426972226156 -473.49999999999653 110.37500000001077
    vertex 299.623508255669 -483.49999999999653 110.53033008590076
  endloop
endfacet
facet normal -0.13052619222001902 -1.5959529432036754e-14 0.9914448613738148
  outer loop
    vertex 299.28729245360563 -483.4999999999968 109.27555563029408
    vertex 299.2872924536039 -473.4999999999968 109.27555563029398
    vertex 299.093178169779 -483.4999999999968 109.25000000001087
  endloop
endfacet
facet normal -0.13052619222001902 -1.5959529432036754e-14 0.9914448613738148
  outer loop
    vertex 299.0931781697767 -473.4999999999968 109.25000000001077
    vertex 299.093178169779 -483.4999999999968 109.25000000001087
    vertex 299.2872924536039 -473.4999999999968 109.27555563029398
  endloop
endfacet
facet normal 0.13050692473439557 -0.9912985102900176 0.017181562593742695
  outer loop
    vertex 138.20961904300577 -441.2782365520382 145.98940557932298
    vertex 140.46004768838205 -440.97151056569163 146.59240611747535
    vertex 137.0233517827747 -441.2782365520381 155.000000000016
  endloop
endfacet
facet normal 0.13050692473439557 -0.9912985102900176 0.017181562593742695
  outer loop
    vertex 139.35316695504457 -440.9715105656915 155.000000000016
    vertex 137.0233517827747 -441.2782365520381 155.000000000016
    vertex 140.46004768838205 -440.97151056569163 146.59240611747535
  endloop
endfacet
facet normal -0.9238795325110943 -1.801158262359333e-13 -0.38268343236555424
  outer loop
    vertex 299.81762253949563 -483.49999999999653 110.19411428383775
    vertex 299.7426972226173 -483.49999999999653 110.37500000001086
    vertex 299.8176225394939 -473.49999999999653 110.19411428383766
  endloop
endfacet
facet normal -0.9238795325110943 -1.801158262359333e-13 -0.38268343236555424
  outer loop
    vertex 299.7426972226156 -473.49999999999653 110.37500000001077
    vertex 299.8176225394939 -473.49999999999653 110.19411428383766
    vertex 299.7426972226173 -483.49999999999653 110.37500000001086
  endloop
endfacet
facet normal 0.6087614290087394 1.0919434174053526e-13 -0.7933533402912208
  outer loop
    vertex 298.7181781697789 -483.4999999999968 110.64951905284919
    vertex 298.56284808388904 -483.49999999999704 110.53033008590077
    vertex 298.7181781697772 -473.4999999999968 110.6495190528491
  endloop
endfacet
facet normal 0.6087614290087394 1.0919434174053526e-13 -0.7933533402912208
  outer loop
    vertex 298.5628480838867 -473.4999999999971 110.53033008590066
    vertex 298.7181781697772 -473.4999999999968 110.6495190528491
    vertex 298.56284808388904 -483.49999999999704 110.53033008590077
  endloop
endfacet
facet normal -0.13052619222002013 -3.39529675478716e-14 -0.9914448613738146
  outer loop
    vertex 299.28729245360563 -483.4999999999968 110.72444436972765
    vertex 299.093178169779 -483.4999999999968 110.75000000001086
    vertex 299.287292453604 -473.4999999999968 110.72444436972756
  endloop
endfacet
facet normal -0.13052619222002013 -3.39529675478716e-14 -0.9914448613738146
  outer loop
    vertex 299.0931781697767 -473.4999999999968 110.75000000001077
    vertex 299.287292453604 -473.4999999999968 110.72444436972756
    vertex 299.093178169779 -483.4999999999968 110.75000000001086
  endloop
endfacet
facet normal 0.13052619222002013 3.39529675478716e-14 0.9914448613738146
  outer loop
    vertex 299.093178169779 -483.4999999999968 109.25000000001087
    vertex 299.0931781697767 -473.4999999999968 109.25000000001077
    vertex 298.89906388595233 -483.4999999999968 109.27555563029408
  endloop
endfacet
facet normal 0.13052619222002013 3.39529675478716e-14 0.9914448613738146
  outer loop
    vertex 298.89906388595006 -473.4999999999968 109.27555563029398
    vertex 298.89906388595233 -483.4999999999968 109.27555563029408
    vertex 299.0931781697767 -473.4999999999968 109.25000000001077
  endloop
endfacet
facet normal 0.7933533402913542 1.5721108892957496e-13 0.6087614290085654
  outer loop
    vertex 298.44365911694064 -483.49999999999716 109.62500000001087
    vertex 298.56284808388904 -483.49999999999716 109.46966991412097
    vertex 298.44365911693893 -473.4999999999971 109.62500000001079
  endloop
endfacet
facet normal 0.7933533402913542 1.5721108892957496e-13 0.6087614290085654
  outer loop
    vertex 298.5628480838867 -473.4999999999971 109.46966991412086
    vertex 298.44365911693893 -473.4999999999971 109.62500000001079
    vertex 298.56284808388904 -483.49999999999716 109.46966991412097
  endloop
endfacet
facet normal 0.9914448613738098 1.8837708657173966e-13 -0.13052619222005593
  outer loop
    vertex 298.36873380006233 -483.49999999999704 110.19411428383775
    vertex 298.34317816977887 -483.49999999999704 110.00000000001087
    vertex 298.3687338000601 -473.4999999999971 110.19411428383766
  endloop
endfacet
facet normal 0.9914448613738098 1.8837708657173966e-13 -0.13052619222005593
  outer loop
    vertex 298.3431781697766 -473.4999999999971 110.00000000001079
    vertex 298.3687338000601 -473.4999999999971 110.19411428383766
    vertex 298.34317816977887 -483.49999999999704 110.00000000001087
  endloop
endfacet
facet normal -0.9914448613738099 -1.9074596763987363e-13 -0.1305261922200548
  outer loop
    vertex 299.8431781697791 -483.49999999999653 110.00000000001086
    vertex 299.81762253949563 -483.49999999999653 110.19411428383775
    vertex 299.8431781697768 -473.49999999999653 110.00000000001076
  endloop
endfacet
facet normal -0.9914448613738099 -1.9074596763987363e-13 -0.1305261922200548
  outer loop
    vertex 299.8176225394939 -473.49999999999653 110.19411428383766
    vertex 299.8431781697768 -473.49999999999653 110.00000000001076
    vertex 299.81762253949563 -483.49999999999653 110.19411428383775
  endloop
endfacet
facet normal 0.3826834323650507 8.155162589933482e-14 0.923879532511303
  outer loop
    vertex 298.89906388595233 -483.4999999999968 109.27555563029408
    vertex 298.89906388595006 -473.4999999999968 109.27555563029398
    vertex 298.7181781697789 -483.4999999999968 109.35048094717254
  endloop
endfacet
facet normal 0.3826834323650507 8.155162589933482e-14 0.923879532511303
  outer loop
    vertex 298.7181781697772 -473.4999999999968 109.35048094717244
    vertex 298.7181781697789 -483.4999999999968 109.35048094717254
    vertex 298.89906388595006 -473.4999999999968 109.27555563029398
  endloop
endfacet
facet normal -0.9914448613738098 -1.8837708657173966e-13 0.13052619222005593
  outer loop
    vertex 299.81762253949563 -483.49999999999653 109.80588571618398
    vertex 299.8431781697791 -483.49999999999653 110.00000000001086
    vertex 299.8176225394939 -473.49999999999653 109.80588571618388
  endloop
endfacet
facet normal -0.9914448613738098 -1.8837708657173966e-13 0.13052619222005593
  outer loop
    vertex 299.8431781697768 -473.49999999999653 110.00000000001076
    vertex 299.8176225394939 -473.49999999999653 109.80588571618388
    vertex 299.8431781697791 -483.49999999999653 110.00000000001086
  endloop
endfacet
facet normal -0.3725935791295859 -0.7908176098822426 0.48557340607939214
  outer loop
    vertex 281.3318261635276 -443.6080517243092 121.35524068449584
    vertex 289.37784626315056 -443.6080517243091 127.52916905275758
    vertex 280.3996680974599 -442.1775116419972 122.96978581561024
  endloop
endfacet
facet normal -0.3725935791295859 -0.7908176098822426 0.48557340607939214
  outer loop
    vertex 288.0595756838419 -442.1775116419972 128.84743963206597
    vertex 280.3996680974599 -442.1775116419972 122.96978581561024
    vertex 289.37784626315056 -443.6080517243091 127.52916905275758
  endloop
endfacet
facet normal 0.4399079928440809 -0.677475953043234 0.5894974901388925
  outer loop
    vertex 187.5276537337784 -442.6310792984623 114.53164406744153
    vertex 194.13722899139043 -439.806469486085 112.84546257025094
    vertex 187.14197558993965 -441.1917088702884 116.47364003841578
  endloop
endfacet
facet normal -0.6087614290087402 -1.2359267571620408e-13 -0.7933533402912202
  outer loop
    vertex 299.623508255669 -483.49999999999653 110.53033008590076
    vertex 299.46817816977904 -483.4999999999968 110.64951905284919
    vertex 299.6235082556667 -473.4999999999965 110.53033008590066
  endloop
endfacet
facet normal -0.6087614290087402 -1.2359267571620408e-13 -0.7933533402912202
  outer loop
    vertex 299.46817816977733 -473.4999999999968 110.6495190528491
    vertex 299.6235082556667 -473.4999999999965 110.53033008590066
    vertex 299.46817816977904 -483.4999999999968 110.64951905284919
  endloop
endfacet
facet normal 0.6087614290087402 1.2359267571620408e-13 0.7933533402912202
  outer loop
    vertex 298.7181781697789 -483.4999999999968 109.35048094717254
    vertex 298.7181781697772 -473.4999999999968 109.35048094717244
    vertex 298.56284808388904 -483.49999999999716 109.46966991412097
  endloop
endfacet
facet normal 0.6087614290087402 1.2359267571620408e-13 0.7933533402912202
  outer loop
    vertex 298.5628480838867 -473.4999999999971 109.46966991412086
    vertex 298.56284808388904 -483.49999999999716 109.46966991412097
    vertex 298.7181781697772 -473.4999999999968 109.35048094717244
  endloop
endfacet
facet normal -0.9238795325111073 -1.7317061836155841e-13 0.3826834323655228
  outer loop
    vertex 299.7426972226173 -483.49999999999653 109.62500000001084
    vertex 299.81762253949563 -483.49999999999653 109.80588571618398
    vertex 299.7426972226156 -473.49999999999653 109.62500000001076
  endloop
endfacet
facet normal -0.9238795325111073 -1.7317061836155841e-13 0.3826834323655228
  outer loop
    vertex 299.8176225394939 -473.49999999999653 109.80588571618388
    vertex 299.7426972226156 -473.49999999999653 109.62500000001076
    vertex 299.81762253949563 -483.49999999999653 109.80588571618398
  endloop
endfacet
facet normal -0.6087614290087394 -1.0919434174053526e-13 0.7933533402912208
  outer loop
    vertex 299.623508255669 -483.49999999999653 109.46966991412096
    vertex 299.6235082556667 -473.49999999999653 109.46966991412086
    vertex 299.46817816977904 -483.4999999999968 109.35048094717254
  endloop
endfacet
facet normal -0.6087614290087394 -1.0919434174053526e-13 0.7933533402912208
  outer loop
    vertex 299.46817816977733 -473.4999999999968 109.35048094717244
    vertex 299.46817816977904 -483.4999999999968 109.35048094717254
    vertex 299.6235082556667 -473.49999999999653 109.46966991412086
  endloop
endfacet
facet normal -0.4855734060793889 -0.7908176098822453 0.3725935791295845
  outer loop
    vertex 289.37784626315056 -443.6080517243091 127.52916905275758
    vertex 295.5517746314121 -443.6080517243091 135.5751891523803
    vertex 288.0595756838419 -442.1775116419972 128.84743963206597
  endloop
endfacet
facet normal -0.4855734060793889 -0.7908176098822453 0.3725935791295845
  outer loop
    vertex 293.9372295002974 -442.1775116419971 136.50734721844796
    vertex 288.0595756838419 -442.1775116419972 128.84743963206597
    vertex 295.5517746314121 -443.6080517243091 135.5751891523803
  endloop
endfacet
facet normal -0.917120448162151 -0.3798837279584694 0.12074119758902137
  outer loop
    vertex 301.68329689829073 -447.64340997492616 144.34197747209936
    vertex 303.08645218343366 -447.6434099749261 155.000000000016
    vertex 300.8146638639618 -445.4723678564443 144.57472699216683
  endloop
endfacet
facet normal -0.917120448162151 -0.3798837279584694 0.12074119758902137
  outer loop
    vertex 302.1871770934753 -445.47236785644424 155.00000000001597
    vertex 300.8146638639618 -445.4723678564443 144.57472699216683
    vertex 303.08645218343366 -447.6434099749261 155.000000000016
  endloop
endfacet
facet normal -0.3826834323650497 -6.478441085553147e-14 0.9238795325113035
  outer loop
    vertex 299.46817816977904 -483.4999999999968 109.35048094717254
    vertex 299.46817816977733 -473.4999999999968 109.35048094717244
    vertex 299.28729245360563 -483.4999999999968 109.27555563029408
  endloop
endfacet
facet normal -0.3826834323650497 -6.478441085553147e-14 0.9238795325113035
  outer loop
    vertex 299.2872924536039 -473.4999999999968 109.27555563029398
    vertex 299.28729245360563 -483.4999999999968 109.27555563029408
    vertex 299.46817816977733 -473.4999999999968 109.35048094717244
  endloop
endfacet
facet normal -0.892637064909194 -0.2535388106158443 0.3727158996632723
  outer loop
    vertex 230.3150983495462 -427.62947748995174 111.33500331804608
    vertex 230.49862908313824 -428.10011665295383 111.45440000001575
    vertex 231.3138000254898 -427.6294774899516 113.72684690062354
  endloop
endfacet
facet normal 0.2392599543388696 -0.37896148988283046 0.8939479086812315
  outer loop
    vertex 188.61559911822823 -446.69134674908656 112.10475326299331
    vertex 180.696848367486 -447.6434099749251 113.82056313247425
    vertex 180.54066995311632 -450.5043842009418 112.6495420866718
  endloop
endfacet
facet normal -0.017181562593820594 -0.9912985102900176 0.13050692473438413
  outer loop
    vertex 261.9070153158925 -441.27823655203804 120.18573655536139
    vertex 270.91760973658523 -441.2782365520389 121.37200381559276
    vertex 261.9070153158926 -440.97151056569146 122.5155517276317
  endloop
endfacet
facet normal -0.017181562593820594 -0.9912985102900176 0.13050692473438413
  outer loop
    vertex 270.314609198433 -440.97151056569237 123.62243246096874
    vertex 261.9070153158926 -440.97151056569146 122.5155517276317
    vertex 270.91760973658523 -441.2782365520389 121.37200381559276
  endloop
endfacet
facet normal -0.40810130106201276 -0.4983153651254086 0.7649412558827138
  outer loop
    vertex 245.71435126674098 -444.5069033613757 113.04149814836653
    vertex 246.21697680954205 -442.6310792984625 114.53164406744146
    vertex 239.60740155193056 -439.8064694860852 112.8454625702509
  endloop
endfacet
facet normal 0.35615247006524603 -0.9227092328755094 0.14752318337370907
  outer loop
    vertex 139.807401043023 -442.1775116419966 136.50734721844807
    vertex 141.6875786703138 -441.27823655203827 137.59286827768884
    vertex 136.11255339080319 -442.1775116419965 145.42749853134026
  endloop
endfacet
facet normal 0.35615247006524603 -0.9227092328755094 0.14752318337370907
  outer loop
    vertex 138.20961904300577 -441.2782365520382 145.98940557932298
    vertex 136.11255339080319 -442.1775116419965 145.42749853134026
    vertex 141.6875786703138 -441.27823655203827 137.59286827768884
  endloop
endfacet
facet normal 0.13052619222001902 1.5959529432036754e-14 -0.9914448613738148
  outer loop
    vertex 299.093178169779 -483.4999999999968 110.75000000001086
    vertex 298.89906388595233 -483.4999999999968 110.72444436972765
    vertex 299.0931781697767 -473.4999999999968 110.75000000001077
  endloop
endfacet
facet normal 0.13052619222001902 1.5959529432036754e-14 -0.9914448613738148
  outer loop
    vertex 298.89906388595006 -473.4999999999968 110.72444436972756
    vertex 299.0931781697767 -473.4999999999968 110.75000000001077
    vertex 298.89906388595233 -483.4999999999968 110.72444436972765
  endloop
endfacet
facet normal 0.9238795325111073 1.7317061836155841e-13 -0.3826834323655228
  outer loop
    vertex 298.44365911694064 -483.49999999999704 110.37500000001089
    vertex 298.36873380006233 -483.49999999999704 110.19411428383775
    vertex 298.44365911693893 -473.4999999999971 110.37500000001079
  endloop
endfacet
facet normal 0.9238795325111073 1.7317061836155841e-13 -0.3826834323655228
  outer loop
    vertex 298.3687338000601 -473.4999999999971 110.19411428383766
    vertex 298.44365911693893 -473.4999999999971 110.37500000001079
    vertex 298.36873380006233 -483.49999999999704 110.19411428383775
  endloop
endfacet
facet normal -0.4399079928440853 -0.6774759530432307 0.589497490138893
  outer loop
    vertex 239.60740155193056 -439.8064694860852 112.8454625702509
    vertex 246.21697680954205 -442.6310792984625 114.53164406744146
    vertex 246.60265495338075 -441.19170887028855 116.47364003841577
  endloop
endfacet
facet normal -0.05031741058393098 -0.9227092328755139 0.3821986783839115
  outer loop
    vertex 261.9070153158925 -442.17751164199643 118.01469443687972
    vertex 271.4795167845679 -442.1775116419972 119.27493816339008
    vertex 261.9070153158925 -441.27823655203804 120.18573655536139
  endloop
endfacet
facet normal -0.05031741058393098 -0.9227092328755139 0.3821986783839115
  outer loop
    vertex 270.91760973658523 -441.2782365520389 121.37200381559276
    vertex 261.9070153158925 -441.27823655203804 120.18573655536139
    vertex 271.4795167845679 -442.1775116419972 119.27493816339008
  endloop
endfacet
facet normal 0.3826834323650497 6.478441085553147e-14 -0.9238795325113035
  outer loop
    vertex 298.89906388595233 -483.4999999999968 110.72444436972765
    vertex 298.7181781697789 -483.4999999999968 110.64951905284919
    vertex 298.89906388595006 -473.4999999999968 110.72444436972756
  endloop
endfacet
facet normal 0.3826834323650497 6.478441085553147e-14 -0.9238795325113035
  outer loop
    vertex 298.7181781697772 -473.4999999999968 110.6495190528491
    vertex 298.89906388595006 -473.4999999999968 110.72444436972756
    vertex 298.7181781697789 -483.4999999999968 110.64951905284919
  endloop
endfacet
facet normal 0.18682549335280435 -0.9737280892476463 0.13019156364223017
  outer loop
    vertex 186.899528173203 -440.2868827928622 118.73514224516752
    vertex 186.81683387435461 -439.9782634680643 121.16203304961577
    vertex 180.6968483674855 -440.9715105656912 122.51555172763175
  endloop
endfacet
facet normal -0.7890610165044297 -0.6054678131259422 0.10388185357166603
  outer loop
    vertex 300.8146638639618 -445.4723678564443 144.57472699216683
    vertex 302.1871770934753 -445.47236785644424 155.00000000001597
    vertex 299.43286825291506 -443.608051724309 144.94497801025167
  endloop
endfacet
facet normal -0.7890610165044297 -0.6054678131259422 0.10388185357166603
  outer loop
    vertex 300.7566370111638 -443.6080517243089 155.00000000001594
    vertex 299.43286825291506 -443.608051724309 144.94497801025167
    vertex 302.1871770934753 -445.47236785644424 155.00000000001597
  endloop
endfacet
facet normal -0.7933533402913197 -1.4616285868810545e-13 0.6087614290086105
  outer loop
    vertex 299.623508255669 -483.49999999999653 109.46966991412096
    vertex 299.7426972226173 -483.49999999999653 109.62500000001084
    vertex 299.6235082556667 -473.49999999999653 109.46966991412086
  endloop
endfacet
facet normal -0.7933533402913197 -1.4616285868810545e-13 0.6087614290086105
  outer loop
    vertex 299.7426972226156 -473.49999999999653 109.62500000001076
    vertex 299.6235082556667 -473.49999999999653 109.46966991412086
    vertex 299.7426972226173 -483.49999999999653 109.62500000001084
  endloop
endfacet
facet normal -0.3826834323650507 -8.155162589933482e-14 -0.923879532511303
  outer loop
    vertex 299.46817816977904 -483.4999999999968 110.64951905284919
    vertex 299.28729245360563 -483.4999999999968 110.72444436972765
    vertex 299.46817816977733 -473.4999999999968 110.6495190528491
  endloop
endfacet
facet normal -0.3826834323650507 -8.155162589933482e-14 -0.923879532511303
  outer loop
    vertex 299.287292453604 -473.4999999999968 110.72444436972756
    vertex 299.46817816977733 -473.4999999999968 110.6495190528491
    vertex 299.28729245360563 -483.4999999999968 110.72444436972765
  endloop
endfacet
facet normal 0.7933533402913197 1.4616285868810545e-13 -0.6087614290086105
  outer loop
    vertex 298.56284808388904 -483.49999999999704 110.53033008590077
    vertex 298.44365911694064 -483.49999999999704 110.37500000001089
    vertex 298.5628480838867 -473.4999999999971 110.53033008590066
  endloop
endfacet
facet normal 0.7933533402913197 1.4616285868810545e-13 -0.6087614290086105
  outer loop
    vertex 298.44365911693893 -473.4999999999971 110.37500000001079
    vertex 298.5628480838867 -473.4999999999971 110.53033008590066
    vertex 298.44365911694064 -483.49999999999704 110.37500000001089
  endloop
endfacet
facet normal -0.8546202052330922 -0.37988372795849856 0.3539952796856205
  outer loop
    vertex 297.5694537567205 -447.64340997492616 134.41028156624515
    vertex 301.68329689829073 -447.64340997492616 144.34197747209936
    vertex 296.790658683826 -445.4723678564444 134.85991911122434
  endloop
endfacet
facet normal -0.8546202052330922 -0.37988372795849856 0.3539952796856205
  outer loop
    vertex 300.8146638639618 -445.4723678564443 144.57472699216683
    vertex 296.790658683826 -445.4723678564444 134.85991911122434
    vertex 301.68329689829073 -447.64340997492616 144.34197747209936
  endloop
endfacet
facet normal -0.5654622078528844 -0.7908176098822419 0.23422211550210104
  outer loop
    vertex 295.5517746314121 -443.6080517243091 135.5751891523803
    vertex 299.43286825291506 -443.608051724309 144.94497801025167
    vertex 293.9372295002974 -442.1775116419971 136.50734721844796
  endloop
endfacet
facet normal -0.5654622078528844 -0.7908176098822419 0.23422211550210104
  outer loop
    vertex 297.63207715251787 -442.1775116419971 145.42749853134015
    vertex 293.9372295002974 -442.1775116419971 136.50734721844796
    vertex 299.43286825291506 -443.608051724309 144.94497801025167
  endloop
endfacet
facet normal 0.24957481223252337 -0.7682480863751245 0.5894974901388976
  outer loop
    vertex 180.69684836748604 -443.60805172430827 116.15037830474452
    vertex 187.5276537337784 -442.6310792984623 114.53164406744153
    vertex 180.69684836748604 -442.17751164199603 118.01469443687981
  endloop
endfacet
facet normal -0.6314059586429832 -0.6054678131259371 0.48449483243748925
  outer loop
    vertex 290.38939085611236 -445.4723678564444 126.51762445979568
    vertex 296.790658683826 -445.4723678564444 134.85991911122434
    vertex 289.37784626315056 -443.6080517243091 127.52916905275758
  endloop
endfacet
facet normal -0.6314059586429832 -0.6054678131259371 0.48449483243748925
  outer loop
    vertex 295.5517746314121 -443.6080517243091 135.5751891523803
    vertex 289.37784626315056 -443.6080517243091 127.52916905275758
    vertex 296.790658683826 -445.4723678564444 134.85991911122434
  endloop
endfacet
facet normal -0.08013313205008962 -0.9912985102900161 0.10443153089291464
  outer loop
    vertex 279.3141470382192 -441.2782365520389 124.84996344290124
    vertex 286.5244170796219 -441.2782365520389 130.38259823628587
    vertex 278.14923945208426 -440.97151056569237 126.86764256820975
  endloop
endfacet
facet normal -0.08013313205008962 -0.9912985102900161 0.10443153089291464
  outer loop
    vertex 284.8769889723985 -440.97151056569237 132.03002634350946
    vertex 278.14923945208426 -440.97151056569237 126.86764256820975
    vertex 286.5244170796219 -441.2782365520389 130.38259823628587
  endloop
endfacet
facet normal -1.0 3.818814655892401e-15 5.551115123125783e-16
  outer loop
    vertex 128.85145237354132 -483.4999999999958 155.0000000000164
    vertex 128.85145237354138 -460.96105743604153 122.44314975055465
    vertex 128.8514523735413 -483.49999999999625 105.00000000001096
  endloop
endfacet
facet normal -1.0 3.818814655892401e-15 5.551115123125783e-16
  outer loop
    vertex 128.85145237354138 -460.3397370924825 121.76891513638348
    vertex 128.8514523735413 -483.49999999999625 105.00000000001096
    vertex 128.85145237354138 -460.96105743604153 122.44314975055465
  endloop
endfacet
facet normal -1.0 3.818814655892401e-15 5.551115123125783e-16
  outer loop
    vertex 128.85145237354146 -439.6999999999955 105.00000000001057
    vertex 128.8514523735413 -483.49999999999625 105.00000000001096
    vertex 128.85145237354138 -460.3397370924825 121.76891513638348
  endloop
endfacet
facet normal -1.0 3.818814655892401e-15 5.551115123125783e-16
  outer loop
    vertex 128.85145237354138 -461.43781330383536 123.32182940699532
    vertex 128.85145237354138 -460.96105743604153 122.44314975055465
    vertex 128.85145237354132 -483.4999999999958 155.0000000000164
  endloop
endfacet
facet normal -1.0 3.818814655892401e-15 5.551115123125783e-16
  outer loop
    vertex 128.85145237354138 -461.73751457134904 124.34507353920371
    vertex 128.85145237354138 -461.43781330383536 123.32182940699532
    vertex 128.85145237354132 -483.4999999999958 155.0000000000164
  endloop
endfacet
facet normal -1.0 3.818814655892401e-15 5.551115123125783e-16
  outer loop
    vertex 128.8514523735414 -461.83973709248215 125.44314975055143
    vertex 128.85145237354138 -461.73751457134904 124.34507353920371
    vertex 128.85145237354132 -483.4999999999958 155.0000000000164
  endloop
endfacet
facet normal -1.0 3.818814655892401e-15 5.551115123125783e-16
  outer loop
    vertex 128.8514523735414 -461.8397370924823 135.74369052866265
    vertex 128.8514523735414 -461.83973709248215 125.44314975055143
    vertex 128.85145237354132 -483.4999999999958 155.0000000000164
  endloop
endfacet
facet normal -1.0 3.818814655892401e-15 5.551115123125783e-16
  outer loop
    vertex 128.85145237354138 -459.6161942277901 121.3450735392043
    vertex 128.85145237354146 -439.6999999999955 105.00000000001057
    vertex 128.85145237354138 -460.3397370924825 121.76891513638348
  endloop
endfacet
facet normal -1.0 3.818814655892401e-15 5.551115123125783e-16
  outer loop
    vertex 128.85145237354138 -458.83973709248284 121.20050906343711
    vertex 128.85145237354146 -439.6999999999955 105.00000000001057
    vertex 128.85145237354138 -459.6161942277901 121.3450735392043
  endloop
endfacet
facet normal -1.0 3.818814655892401e-15 5.551115123125783e-16
  outer loop
    vertex 128.85145237354138 -458.0632799571753 121.34507353920412
    vertex 128.85145237354146 -439.6999999999955 105.00000000001057
    vertex 128.85145237354138 -458.83973709248284 121.20050906343711
  endloop
endfacet
facet normal -1.0 3.818814655892401e-15 5.551115123125783e-16
  outer loop
    vertex 128.85145237354138 -457.33973709248374 121.76891513638316
    vertex 128.85145237354146 -439.6999999999955 105.00000000001057
    vertex 128.85145237354138 -458.0632799571753 121.34507353920412
  endloop
endfacet
facet normal -1.0 3.818814655892401e-15 5.551115123125783e-16
  outer loop
    vertex 128.8514523735414 -456.7184167489238 122.443149750555
    vertex 128.85145237354146 -439.6999999999955 105.00000000001057
    vertex 128.85145237354138 -457.33973709248374 121.76891513638316
  endloop
endfacet
facet normal -1.0 3.818814655892401e-15 5.551115123125783e-16
  outer loop
    vertex 128.8514523735414 -456.24166088113003 123.32182940699582
    vertex 128.85145237354146 -439.6999999999955 105.00000000001057
    vertex 128.8514523735414 -456.7184167489238 122.443149750555
  endloop
endfacet
facet normal -1.0 3.818814655892401e-15 5.551115123125783e-16
  outer loop
    vertex 128.8514523735414 -455.9419596136152 124.34507353920324
    vertex 128.85145237354146 -439.6999999999955 105.00000000001057
    vertex 128.8514523735414 -456.24166088113003 123.32182940699582
  endloop
endfacet
facet normal -1.0 3.818814655892401e-15 5.551115123125783e-16
  outer loop
    vertex 128.8514523735414 -453.9610574360417 122.44314975055481
    vertex 128.85145237354146 -439.6999999999955 105.00000000001057
    vertex 128.8514523735414 -455.9419596136152 124.34507353920324
  endloop
endfacet
facet normal -1.0 3.818814655892401e-15 5.551115123125783e-16
  outer loop
    vertex 128.85145237354143 -455.8397370924824 125.4431497505514
    vertex 128.8514523735414 -453.9610574360417 122.44314975055481
    vertex 128.8514523735414 -455.9419596136152 124.34507353920324
  endloop
endfacet
facet normal -1.0 3.818814655892401e-15 5.551115123125783e-16
  outer loop
    vertex 128.8514523735414 -454.4378133038352 123.32182940699525
    vertex 128.8514523735414 -453.9610574360417 122.44314975055481
    vertex 128.85145237354143 -455.8397370924824 125.4431497505514
  endloop
endfacet
facet normal -1.0 3.818814655892401e-15 5.551115123125783e-16
  outer loop
    vertex 128.8514523735414 -454.7375145713489 124.34507353920365
    vertex 128.8514523735414 -454.4378133038352 123.32182940699525
    vertex 128.85145237354143 -455.8397370924824 125.4431497505514
  endloop
endfacet
facet normal -1.0 3.818814655892401e-15 5.551115123125783e-16
  outer loop
    vertex 128.85145237354143 -455.83973709248227 135.74369052866265
    vertex 128.8514523735414 -454.7375145713489 124.34507353920365
    vertex 128.85145237354143 -455.8397370924824 125.4431497505514
  endloop
endfacet
facet normal -1.0 3.818814655892401e-15 5.551115123125783e-16
  outer loop
    vertex 128.85145237354143 -454.8397370924822 125.4431497505514
    vertex 128.8514523735414 -454.7375145713489 124.34507353920365
    vertex 128.85145237354143 -455.83973709248227 135.74369052866265
  endloop
endfacet
facet normal -1.0 3.818814655892401e-15 5.551115123125783e-16
  outer loop
    vertex 128.8514523735414 -453.33973709248204 121.76891513638219
    vertex 128.85145237354146 -439.6999999999955 105.00000000001057
    vertex 128.8514523735414 -453.9610574360417 122.44314975055481
  endloop
endfacet
facet normal -1.0 3.818814655892401e-15 5.551115123125783e-16
  outer loop
    vertex 128.8514523735414 -452.6161942277896 121.34507353920412
    vertex 128.85145237354146 -439.6999999999955 105.00000000001057
    vertex 128.8514523735414 -453.33973709248204 121.76891513638219
  endloop
endfacet
facet normal -1.0 3.818814655892401e-15 5.551115123125783e-16
  outer loop
    vertex 128.8514523735414 -451.8397370924821 121.2005090634371
    vertex 128.85145237354146 -439.6999999999955 105.00000000001057
    vertex 128.8514523735414 -452.6161942277896 121.34507353920412
  endloop
endfacet
facet normal -1.0 3.818814655892401e-15 5.551115123125783e-16
  outer loop
    vertex 128.8514523735414 -451.0632799571752 121.34507353920381
    vertex 128.85145237354146 -439.6999999999955 105.00000000001057
    vertex 128.8514523735414 -451.8397370924821 121.2005090634371
  endloop
endfacet
facet normal -1.0 3.818814655892401e-15 5.551115123125783e-16
  outer loop
    vertex 128.85145237354143 -450.33973709248335 121.7689151363828
    vertex 128.85145237354146 -439.6999999999955 105.00000000001057
    vertex 128.8514523735414 -451.0632799571752 121.34507353920381
  endloop
endfacet
facet normal -1.0 3.818814655892401e-15 5.551115123125783e-16
  outer loop
    vertex 128.85145237354143 -449.7184167489237 122.44314975055492
    vertex 128.85145237354146 -439.6999999999955 105.00000000001057
    vertex 128.85145237354143 -450.33973709248335 121.7689151363828
  endloop
endfacet
facet normal -1.0 3.818814655892401e-15 5.551115123125783e-16
  outer loop
    vertex 128.85145237354143 -449.2416608811299 123.32182940699575
    vertex 128.85145237354146 -439.6999999999955 105.00000000001057
    vertex 128.85145237354143 -449.7184167489237 122.44314975055492
  endloop
endfacet
facet normal -1.0 3.818814655892401e-15 5.551115123125783e-16
  outer loop
    vertex 128.85145237354143 -448.941959613615 124.34507353920317
    vertex 128.85145237354146 -439.6999999999955 105.00000000001057
    vertex 128.85145237354143 -449.2416608811299 123.32182940699575
  endloop
endfacet
facet normal -1.0 3.818814655892401e-15 5.551115123125783e-16
  outer loop
    vertex 128.85145237354146 -448.8397370924822 125.44314975055134
    vertex 128.85145237354146 -439.6999999999955 105.00000000001057
    vertex 128.85145237354143 -448.941959613615 124.34507353920317
  endloop
endfacet
facet normal -1.0 3.818814655892401e-15 5.551115123125783e-16
  outer loop
    vertex 128.85145237354146 -448.83973709248215 135.7436905286626
    vertex 128.85145237354146 -439.6999999999955 105.00000000001057
    vertex 128.85145237354146 -448.8397370924822 125.44314975055134
  endloop
endfacet
facet normal -1.0 3.818814655892401e-15 5.551115123125783e-16
  outer loop
    vertex 128.8514523735415 -439.69999999999504 155.000000000016
    vertex 128.8514523735414 -460.33973709248295 139.4179251428411
    vertex 128.85145237354132 -483.4999999999958 155.0000000000164
  endloop
endfacet
facet normal -1.0 3.818814655892401e-15 5.551115123125783e-16
  outer loop
    vertex 128.8514523735408 -460.96105743604227 138.74369052866618
    vertex 128.85145237354132 -483.4999999999958 155.0000000000164
    vertex 128.8514523735414 -460.33973709248295 139.4179251428411
  endloop
endfacet
facet normal -1.0 3.818814655892401e-15 5.551115123125783e-16
  outer loop
    vertex 128.8514523735408 -461.4378133038361 137.86501087222447
    vertex 128.85145237354132 -483.4999999999958 155.0000000000164
    vertex 128.8514523735408 -460.96105743604227 138.74369052866618
  endloop
endfacet
facet normal -1.0 3.818814655892401e-15 5.551115123125783e-16
  outer loop
    vertex 128.8514523735414 -461.7375145713495 136.8417667400189
    vertex 128.85145237354132 -483.4999999999958 155.0000000000164
    vertex 128.8514523735408 -461.4378133038361 137.86501087222447
  endloop
endfacet
facet normal -1.0 3.818814655892401e-15 5.551115123125783e-16
  outer loop
    vertex 128.8514523735414 -461.8397370924823 135.74369052866265
    vertex 128.85145237354132 -483.4999999999958 155.0000000000164
    vertex 128.8514523735414 -461.7375145713495 136.8417667400189
  endloop
endfacet
facet normal -1.0 3.818814655892401e-15 5.551115123125783e-16
  outer loop
    vertex 128.8514523735414 -459.6161942277902 139.84176674002177
    vertex 128.8514523735414 -460.33973709248295 139.4179251428411
    vertex 128.8514523735415 -439.69999999999504 155.000000000016
  endloop
endfacet
facet normal -1.0 3.818814655892401e-15 5.551115123125783e-16
  outer loop
    vertex 128.8514523735414 -458.83973709248266 139.9863312157877
    vertex 128.8514523735414 -459.6161942277902 139.84176674002177
    vertex 128.8514523735415 -439.69999999999504 155.000000000016
  endloop
endfacet
facet normal -1.0 3.818814655892401e-15 5.551115123125783e-16
  outer loop
    vertex 128.8514523735414 -458.06327995717487 139.8417667400221
    vertex 128.8514523735414 -458.83973709248266 139.9863312157877
    vertex 128.8514523735415 -439.69999999999504 155.000000000016
  endloop
endfacet
facet normal -1.0 3.818814655892401e-15 5.551115123125783e-16
  outer loop
    vertex 128.8514523735414 -457.3397370924816 139.41792514284148
    vertex 128.8514523735414 -458.06327995717487 139.8417667400221
    vertex 128.8514523735415 -439.69999999999504 155.000000000016
  endloop
endfacet
facet normal -1.0 3.818814655892401e-15 5.551115123125783e-16
  outer loop
    vertex 128.85145237354143 -456.71841674892187 138.7436905286677
    vertex 128.8514523735414 -457.3397370924816 139.41792514284148
    vertex 128.8514523735415 -439.69999999999504 155.000000000016
  endloop
endfacet
facet normal -1.0 3.818814655892401e-15 5.551115123125783e-16
  outer loop
    vertex 128.85145237354143 -456.24166088112867 137.86501087222493
    vertex 128.85145237354143 -456.71841674892187 138.7436905286677
    vertex 128.8514523735415 -439.69999999999504 155.000000000016
  endloop
endfacet
facet normal -1.0 3.818814655892401e-15 5.551115123125783e-16
  outer loop
    vertex 128.85145237354143 -455.94195961361504 136.8417667400189
    vertex 128.85145237354143 -456.24166088112867 137.86501087222493
    vertex 128.8514523735415 -439.69999999999504 155.000000000016
  endloop
endfacet
facet normal -1.0 3.818814655892401e-15 5.551115123125783e-16
  outer loop
    vertex 128.85145237354084 -453.96105743604244 138.7436905286665
    vertex 128.85145237354143 -455.94195961361504 136.8417667400189
    vertex 128.8514523735415 -439.69999999999504 155.000000000016
  endloop
endfacet
facet normal -1.0 3.818814655892401e-15 5.551115123125783e-16
  outer loop
    vertex 128.85145237354143 -455.83973709248227 135.74369052866265
    vertex 128.85145237354143 -455.94195961361504 136.8417667400189
    vertex 128.85145237354084 -453.96105743604244 138.7436905286665
  endloop
endfacet
facet normal -1.0 3.818814655892401e-15 5.551115123125783e-16
  outer loop
    vertex 128.85145237354084 -454.43781330383626 137.86501087222481
    vertex 128.85145237354143 -455.83973709248227 135.74369052866265
    vertex 128.85145237354084 -453.96105743604244 138.7436905286665
  endloop
endfacet
facet normal -1.0 3.818814655892401e-15 5.551115123125783e-16
  outer loop
    vertex 128.85145237354143 -454.73751457134966 136.8417667400191
    vertex 128.85145237354143 -455.83973709248227 135.74369052866265
    vertex 128.85145237354084 -454.43781330383626 137.86501087222481
  endloop
endfacet
facet normal -1.0 3.818814655892401e-15 5.551115123125783e-16
  outer loop
    vertex 128.85145237354143 -454.8397370924822 135.7436905286626
    vertex 128.85145237354143 -455.83973709248227 135.74369052866265
    vertex 128.85145237354143 -454.73751457134966 136.8417667400191
  endloop
endfacet
facet normal -1.0 3.818814655892401e-15 5.551115123125783e-16
  outer loop
    vertex 128.85145237354143 -454.8397370924822 125.4431497505514
    vertex 128.85145237354143 -455.83973709248227 135.74369052866265
    vertex 128.85145237354143 -454.8397370924822 135.7436905286626
  endloop
endfacet
facet normal -1.0 3.818814655892401e-15 5.551115123125783e-16
  outer loop
    vertex 128.85145237354143 -453.3397370924831 139.41792514284177
    vertex 128.85145237354084 -453.96105743604244 138.7436905286665
    vertex 128.8514523735415 -439.69999999999504 155.000000000016
  endloop
endfacet
facet normal -1.0 3.818814655892401e-15 5.551115123125783e-16
  outer loop
    vertex 128.85145237354143 -452.61619422779006 139.8417667400219
    vertex 128.85145237354143 -453.3397370924831 139.41792514284177
    vertex 128.8514523735415 -439.69999999999504 155.000000000016
  endloop
endfacet
facet normal -1.0 3.818814655892401e-15 5.551115123125783e-16
  outer loop
    vertex 128.85145237354143 -451.83973709248255 139.98633121578771
    vertex 128.85145237354143 -452.61619422779006 139.8417667400219
    vertex 128.8514523735415 -439.69999999999504 155.000000000016
  endloop
endfacet
facet normal -1.0 3.818814655892401e-15 5.551115123125783e-16
  outer loop
    vertex 128.85145237354143 -451.06327995717476 139.8417667400212
    vertex 128.85145237354143 -451.83973709248255 139.98633121578771
    vertex 128.8514523735415 -439.69999999999504 155.000000000016
  endloop
endfacet
facet normal -1.0 3.818814655892401e-15 5.551115123125783e-16
  outer loop
    vertex 128.85145237354146 -450.3397370924823 139.41792514284205
    vertex 128.85145237354143 -451.06327995717476 139.8417667400212
    vertex 128.8514523735415 -439.69999999999504 155.000000000016
  endloop
endfacet
facet normal -1.0 3.818814655892401e-15 5.551115123125783e-16
  outer loop
    vertex 128.85145237354084 -449.71841674892175 138.74369052866666
    vertex 128.85145237354146 -450.3397370924823 139.41792514284205
    vertex 128.8514523735415 -439.69999999999504 155.000000000016
  endloop
endfacet
facet normal -1.0 3.818814655892401e-15 5.551115123125783e-16
  outer loop
    vertex 128.85145237354084 -449.24166088112804 137.86501087222496
    vertex 128.85145237354084 -449.71841674892175 138.74369052866666
    vertex 128.8514523735415 -439.69999999999504 155.000000000016
  endloop
endfacet
facet normal -1.0 3.818814655892401e-15 5.551115123125783e-16
  outer loop
    vertex 128.85145237354146 -448.94195961361487 136.8417667400188
    vertex 128.85145237354084 -449.24166088112804 137.86501087222496
    vertex 128.8514523735415 -439.69999999999504 155.000000000016
  endloop
endfacet
facet normal -1.0 3.818814655892401e-15 5.551115123125783e-16
  outer loop
    vertex 128.85145237354146 -448.83973709248215 135.7436905286626
    vertex 128.85145237354146 -448.94195961361487 136.8417667400188
    vertex 128.8514523735415 -439.69999999999504 155.000000000016
  endloop
endfacet
facet normal -1.0 3.818814655892401e-15 5.551115123125783e-16
  outer loop
    vertex 128.85145237354146 -439.6999999999955 105.00000000001057
    vertex 128.85145237354146 -448.83973709248215 135.7436905286626
    vertex 128.8514523735415 -439.69999999999504 155.000000000016
  endloop
endfacet
facet normal -1.0 3.818814655892401e-15 5.551115123125783e-16
  outer loop
    vertex 128.85145237354143 -454.8397370924822 125.4431497505514
    vertex 128.85145237354143 -454.8397370924822 135.7436905286626
    vertex 128.85145237354143 -454.73751457135 126.54122596190811
  endloop
endfacet
facet normal -1.0 3.818814655892401e-15 5.551115123125783e-16
  outer loop
    vertex 128.85145237354143 -454.73751457134887 134.64561431731488
    vertex 128.85145237354143 -454.73751457135 126.54122596190811
    vertex 128.85145237354143 -454.8397370924822 135.7436905286626
  endloop
endfacet
facet normal -1.0 3.818814655892401e-15 5.551115123125783e-16
  outer loop
    vertex 128.85145237354143 -454.4378133038366 127.56447009411394
    vertex 128.85145237354143 -454.73751457135 126.54122596190811
    vertex 128.85145237354143 -454.73751457134887 134.64561431731488
  endloop
endfacet
facet normal -1.0 3.818814655892401e-15 5.551115123125783e-16
  outer loop
    vertex 128.85145237354143 -454.43781330383507 133.62237018510646
    vertex 128.85145237354143 -454.4378133038366 127.56447009411394
    vertex 128.85145237354143 -454.73751457134887 134.64561431731488
  endloop
endfacet
facet normal -1.0 3.818814655892401e-15 5.551115123125783e-16
  outer loop
    vertex 128.85145237354084 -453.9610574360428 128.44314975055565
    vertex 128.85145237354143 -454.4378133038366 127.56447009411394
    vertex 128.85145237354143 -454.43781330383507 133.62237018510646
  endloop
endfacet
facet normal -1.0 3.818814655892401e-15 5.551115123125783e-16
  outer loop
    vertex 128.85145237354143 -453.96105743604136 132.74369052866612
    vertex 128.85145237354084 -453.9610574360428 128.44314975055565
    vertex 128.85145237354143 -454.43781330383507 133.62237018510646
  endloop
endfacet
facet normal -1.0 3.818814655892401e-15 5.551115123125783e-16
  outer loop
    vertex 128.85145237354143 -453.33973709248346 129.11738436473067
    vertex 128.85145237354084 -453.9610574360428 128.44314975055565
    vertex 128.85145237354143 -453.96105743604136 132.74369052866612
  endloop
endfacet
facet normal -1.0 3.818814655892401e-15 5.551115123125783e-16
  outer loop
    vertex 128.85145237354143 -453.33973709248255 132.06945591449445
    vertex 128.85145237354143 -453.33973709248346 129.11738436473067
    vertex 128.85145237354143 -453.96105743604136 132.74369052866612
  endloop
endfacet
facet normal -1.0 3.818814655892401e-15 5.551115123125783e-16
  outer loop
    vertex 128.85145237354143 -452.61619422779097 129.5412259619093
    vertex 128.85145237354143 -453.33973709248346 129.11738436473067
    vertex 128.85145237354143 -453.33973709248255 132.06945591449445
  endloop
endfacet
facet normal -1.0 3.818814655892401e-15 5.551115123125783e-16
  outer loop
    vertex 128.85145237354143 -452.6161942277898 131.64561431731528
    vertex 128.85145237354143 -452.61619422779097 129.5412259619093
    vertex 128.85145237354143 -453.33973709248255 132.06945591449445
  endloop
endfacet
facet normal -1.0 3.818814655892401e-15 5.551115123125783e-16
  outer loop
    vertex 128.85145237354143 -451.8397370924824 129.6857904376765
    vertex 128.85145237354143 -452.61619422779097 129.5412259619093
    vertex 128.85145237354143 -452.6161942277898 131.64561431731528
  endloop
endfacet
facet normal -1.0 3.818814655892401e-15 5.551115123125783e-16
  outer loop
    vertex 128.85145237354143 -451.839737092482 131.50104984154805
    vertex 128.85145237354143 -451.8397370924824 129.6857904376765
    vertex 128.85145237354143 -452.6161942277898 131.64561431731528
  endloop
endfacet
facet normal -1.0 3.818814655892401e-15 5.551115123125783e-16
  outer loop
    vertex 128.85145237354143 -451.06327995717487 129.54122596191013
    vertex 128.85145237354143 -451.8397370924824 129.6857904376765
    vertex 128.85145237354143 -451.839737092482 131.50104984154805
  endloop
endfacet
facet normal -1.0 3.818814655892401e-15 5.551115123125783e-16
  outer loop
    vertex 128.85145237354143 -451.063279957176 131.64561431731482
    vertex 128.85145237354143 -451.06327995717487 129.54122596191013
    vertex 128.85145237354143 -451.839737092482 131.50104984154805
  endloop
endfacet
facet normal -1.0 3.818814655892401e-15 5.551115123125783e-16
  outer loop
    vertex 128.85145237354146 -450.33973709248323 132.06945591449386
    vertex 128.85145237354143 -451.06327995717487 129.54122596191013
    vertex 128.85145237354143 -451.063279957176 131.64561431731482
  endloop
endfacet
facet normal -1.0 3.818814655892401e-15 5.551115123125783e-16
  outer loop
    vertex 128.85145237354146 -450.33973709248244 129.11738436473098
    vertex 128.85145237354143 -451.06327995717487 129.54122596191013
    vertex 128.85145237354146 -450.33973709248323 132.06945591449386
  endloop
endfacet
facet normal -1.0 3.818814655892401e-15 5.551115123125783e-16
  outer loop
    vertex 128.85145237354146 -449.71841674892306 132.74369052866587
    vertex 128.85145237354146 -450.33973709248244 129.11738436473098
    vertex 128.85145237354146 -450.33973709248323 132.06945591449386
  endloop
endfacet
facet normal -1.0 3.818814655892401e-15 5.551115123125783e-16
  outer loop
    vertex 128.85145237354146 -449.71841674892215 128.44314975055633
    vertex 128.85145237354146 -450.33973709248244 129.11738436473098
    vertex 128.85145237354146 -449.71841674892306 132.74369052866587
  endloop
endfacet
facet normal -1.0 3.818814655892401e-15 5.551115123125783e-16
  outer loop
    vertex 128.85145237354146 -449.24166088112946 133.6223701851066
    vertex 128.85145237354146 -449.71841674892215 128.44314975055633
    vertex 128.85145237354146 -449.71841674892306 132.74369052866587
  endloop
endfacet
facet normal -1.0 3.818814655892401e-15 5.551115123125783e-16
  outer loop
    vertex 128.85145237354084 -449.2416608811281 127.56447009411394
    vertex 128.85145237354146 -449.71841674892215 128.44314975055633
    vertex 128.85145237354146 -449.24166088112946 133.6223701851066
  endloop
endfacet
facet normal -1.0 3.818814655892401e-15 5.551115123125783e-16
  outer loop
    vertex 128.85145237354146 -448.94195961361487 134.64561431731437
    vertex 128.85145237354084 -449.2416608811281 127.56447009411394
    vertex 128.85145237354146 -449.24166088112946 133.6223701851066
  endloop
endfacet
facet normal -1.0 3.818814655892401e-15 5.551115123125783e-16
  outer loop
    vertex 128.85145237354146 -448.941959613615 126.54122596190777
    vertex 128.85145237354084 -449.2416608811281 127.56447009411394
    vertex 128.85145237354146 -448.94195961361487 134.64561431731437
  endloop
endfacet
facet normal -1.0 3.818814655892401e-15 5.551115123125783e-16
  outer loop
    vertex 128.85145237354146 -448.8397370924822 125.44314975055134
    vertex 128.85145237354146 -448.941959613615 126.54122596190777
    vertex 128.85145237354146 -448.94195961361487 134.64561431731437
  endloop
endfacet
facet normal -1.0 3.818814655892401e-15 5.551115123125783e-16
  outer loop
    vertex 128.85145237354146 -448.83973709248215 135.7436905286626
    vertex 128.85145237354146 -448.8397370924822 125.44314975055134
    vertex 128.85145237354146 -448.94195961361487 134.64561431731437
  endloop
endfacet
facet normal -1.0 3.818814655892401e-15 5.551115123125783e-16
  outer loop
    vertex 128.8514523735414 -461.8397370924823 135.74369052866265
    vertex 128.8514523735414 -461.737514571349 134.6456143173149
    vertex 128.8514523735414 -461.83973709248215 125.44314975055143
  endloop
endfacet
facet normal -1.0 3.818814655892401e-15 5.551115123125783e-16
  outer loop
    vertex 128.8514523735414 -461.7375145713493 126.54122596190768
    vertex 128.8514523735414 -461.83973709248215 125.44314975055143
    vertex 128.8514523735414 -461.737514571349 134.6456143173149
  endloop
endfacet
facet normal -1.0 3.818814655892401e-15 5.551115123125783e-16
  outer loop
    vertex 128.8514523735414 -461.4378133038367 127.56447009411399
    vertex 128.8514523735414 -461.7375145713493 126.54122596190768
    vertex 128.8514523735414 -461.737514571349 134.6456143173149
  endloop
endfacet
facet normal -1.0 3.818814655892401e-15 5.551115123125783e-16
  outer loop
    vertex 128.8514523735414 -461.4378133038353 133.6223701851067
    vertex 128.8514523735414 -461.4378133038367 127.56447009411399
    vertex 128.8514523735414 -461.737514571349 134.6456143173149
  endloop
endfacet
facet normal -1.0 3.818814655892401e-15 5.551115123125783e-16
  outer loop
    vertex 128.8514523735414 -460.961057436043 128.44314975055693
    vertex 128.8514523735414 -461.4378133038367 127.56447009411399
    vertex 128.8514523735414 -461.4378133038353 133.6223701851067
  endloop
endfacet
facet normal -1.0 3.818814655892401e-15 5.551115123125783e-16
  outer loop
    vertex 128.8514523735414 -460.9610574360415 132.74369052866638
    vertex 128.8514523735414 -460.961057436043 128.44314975055693
    vertex 128.8514523735414 -461.4378133038353 133.6223701851067
  endloop
endfacet
facet normal -1.0 3.818814655892401e-15 5.551115123125783e-16
  outer loop
    vertex 128.8514523735414 -460.33973709248335 129.11738436473098
    vertex 128.8514523735414 -460.961057436043 128.44314975055693
    vertex 128.8514523735414 -460.9610574360415 132.74369052866638
  endloop
endfacet
facet normal -1.0 3.818814655892401e-15 5.551115123125783e-16
  outer loop
    vertex 128.8514523735414 -460.33973709248187 132.06945591449372
    vertex 128.8514523735414 -460.33973709248335 129.11738436473098
    vertex 128.8514523735414 -460.9610574360415 132.74369052866638
  endloop
endfacet
facet normal -1.0 3.818814655892401e-15 5.551115123125783e-16
  outer loop
    vertex 128.8514523735414 -459.6161942277903 129.5412259619109
    vertex 128.8514523735414 -460.33973709248335 129.11738436473098
    vertex 128.8514523735414 -460.33973709248187 132.06945591449372
  endloop
endfacet
facet normal -1.0 3.818814655892401e-15 5.551115123125783e-16
  outer loop
    vertex 128.8514523735414 -459.61619422778966 131.6456143173154
    vertex 128.8514523735414 -459.6161942277903 129.5412259619109
    vertex 128.8514523735414 -460.33973709248187 132.06945591449372
  endloop
endfacet
facet normal -1.0 3.818814655892401e-15 5.551115123125783e-16
  outer loop
    vertex 128.8514523735414 -458.8397370924828 129.68579043767676
    vertex 128.8514523735414 -459.6161942277903 129.5412259619109
    vertex 128.8514523735414 -459.61619422778966 131.6456143173154
  endloop
endfacet
facet normal -1.0 3.818814655892401e-15 5.551115123125783e-16
  outer loop
    vertex 128.8514523735414 -458.8397370924825 131.5010498415484
    vertex 128.8514523735414 -458.8397370924828 129.68579043767676
    vertex 128.8514523735414 -459.61619422778966 131.6456143173154
  endloop
endfacet
facet normal -1.0 3.818814655892401e-15 5.551115123125783e-16
  outer loop
    vertex 128.8514523735414 -458.0632799571747 129.5412259619102
    vertex 128.8514523735414 -458.8397370924828 129.68579043767676
    vertex 128.8514523735414 -458.8397370924825 131.5010498415484
  endloop
endfacet
facet normal -1.0 3.818814655892401e-15 5.551115123125783e-16
  outer loop
    vertex 128.8514523735414 -458.0632799571759 131.6456143173152
    vertex 128.8514523735414 -458.0632799571747 129.5412259619102
    vertex 128.8514523735414 -458.8397370924825 131.5010498415484
  endloop
endfacet
facet normal -1.0 3.818814655892401e-15 5.551115123125783e-16
  outer loop
    vertex 128.8514523735414 -457.33973709248363 132.0694559144942
    vertex 128.8514523735414 -458.0632799571747 129.5412259619102
    vertex 128.8514523735414 -458.0632799571759 131.6456143173152
  endloop
endfacet
facet normal -1.0 3.818814655892401e-15 5.551115123125783e-16
  outer loop
    vertex 128.8514523735414 -457.33973709248227 129.11738436473118
    vertex 128.8514523735414 -458.0632799571747 129.5412259619102
    vertex 128.8514523735414 -457.33973709248363 132.0694559144942
  endloop
endfacet
facet normal -1.0 3.818814655892401e-15 5.551115123125783e-16
  outer loop
    vertex 128.85145237354143 -456.7184167489232 132.74369052866555
    vertex 128.8514523735414 -457.33973709248227 129.11738436473118
    vertex 128.8514523735414 -457.33973709248363 132.0694559144942
  endloop
endfacet
facet normal -1.0 3.818814655892401e-15 5.551115123125783e-16
  outer loop
    vertex 128.85145237354084 -456.718416748922 128.44314975055568
    vertex 128.8514523735414 -457.33973709248227 129.11738436473118
    vertex 128.85145237354143 -456.7184167489232 132.74369052866555
  endloop
endfacet
facet normal -1.0 3.818814655892401e-15 5.551115123125783e-16
  outer loop
    vertex 128.85145237354143 -456.24166088112935 133.62237018510632
    vertex 128.85145237354084 -456.718416748922 128.44314975055568
    vertex 128.85145237354143 -456.7184167489232 132.74369052866555
  endloop
endfacet
facet normal -1.0 3.818814655892401e-15 5.551115123125783e-16
  outer loop
    vertex 128.85145237354084 -456.24166088112827 127.564470094114
    vertex 128.85145237354084 -456.718416748922 128.44314975055568
    vertex 128.85145237354143 -456.24166088112935 133.62237018510632
  endloop
endfacet
facet normal -1.0 3.818814655892401e-15 5.551115123125783e-16
  outer loop
    vertex 128.85145237354143 -455.94195961361567 134.64561431731474
    vertex 128.85145237354084 -456.24166088112827 127.564470094114
    vertex 128.85145237354143 -456.24166088112935 133.62237018510632
  endloop
endfacet
facet normal -1.0 3.818814655892401e-15 5.551115123125783e-16
  outer loop
    vertex 128.85145237354143 -455.9419596136151 126.54122596190783
    vertex 128.85145237354084 -456.24166088112827 127.564470094114
    vertex 128.85145237354143 -455.94195961361567 134.64561431731474
  endloop
endfacet
facet normal -1.0 3.818814655892401e-15 5.551115123125783e-16
  outer loop
    vertex 128.85145237354143 -455.83973709248227 135.74369052866265
    vertex 128.85145237354143 -455.9419596136151 126.54122596190783
    vertex 128.85145237354143 -455.94195961361567 134.64561431731474
  endloop
endfacet
facet normal -1.0 3.818814655892401e-15 5.551115123125783e-16
  outer loop
    vertex 128.85145237354143 -455.8397370924824 125.4431497505514
    vertex 128.85145237354143 -455.9419596136151 126.54122596190783
    vertex 128.85145237354143 -455.83973709248227 135.74369052866265
  endloop
endfacet
facet normal -0.4472489077698539 0.034248114386111465 0.8937535908513423
  outer loop
    vertex 227.1390709028728 -430.0397584726884 107.57511636054677
    vertex 226.14069983069115 -427.62947748995174 106.98315459860649
    vertex 224.92539545419473 -431.31782458888097 106.5163317226737
  endloop
endfacet
facet normal -0.4472489077698539 0.034248114386111465 0.8937535908513423
  outer loop
    vertex 224.48273877160653 -427.62947748995174 106.15348378061866
    vertex 224.92539545419473 -431.31782458888097 106.5163317226737
    vertex 226.14069983069115 -427.62947748995174 106.98315459860649
  endloop
endfacet
facet normal 0.4408733350571671 -0.0826753970437567 0.8937535908510961
  outer loop
    vertex 203.2512554983019 -438.40763750198056 108.45567845376748
    vertex 206.6055596404489 -430.0397584726883 107.57511636054677
    vertex 201.51609540057783 -436.6724774042567 109.4721117061256
  endloop
endfacet
facet normal -1.9094073279461995e-15 -0.9999999999999999 4.5371756960094754e-15
  outer loop
    vertex 299.093178169779 -483.4999999999968 109.25000000001087
    vertex 298.89906388595233 -483.4999999999968 109.27555563029408
    vertex 134.85145237354106 -483.4999999999959 109.25000000001103
  endloop
endfacet
facet normal -1.9094073279461995e-15 -0.9999999999999999 4.5371756960094754e-15
  outer loop
    vertex 135.04556665736771 -483.4999999999959 109.2755556302942
    vertex 134.85145237354106 -483.4999999999959 109.25000000001103
    vertex 298.89906388595233 -483.4999999999968 109.27555563029408
  endloop
endfacet
facet normal -1.9094073279461995e-15 -0.9999999999999999 4.5371756960094754e-15
  outer loop
    vertex 298.7181781697789 -483.4999999999968 109.35048094717254
    vertex 135.04556665736771 -483.4999999999959 109.2755556302942
    vertex 298.89906388595233 -483.4999999999968 109.27555563029408
  endloop
endfacet
facet normal -1.9094073279461995e-15 -0.9999999999999999 4.5371756960094754e-15
  outer loop
    vertex 135.22645237354058 -483.4999999999959 109.35048094717267
    vertex 135.04556665736771 -483.4999999999959 109.2755556302942
    vertex 298.7181781697789 -483.4999999999968 109.35048094717254
  endloop
endfacet
facet normal -1.9094073279461995e-15 -0.9999999999999999 4.5371756960094754e-15
  outer loop
    vertex 298.56284808388904 -483.49999999999716 109.46966991412097
    vertex 135.22645237354058 -483.4999999999959 109.35048094717267
    vertex 298.7181781697789 -483.4999999999968 109.35048094717254
  endloop
endfacet
facet normal -1.9094073279461995e-15 -0.9999999999999999 4.5371756960094754e-15
  outer loop
    vertex 135.38178245943104 -483.4999999999959 109.46966991412111
    vertex 135.22645237354058 -483.4999999999959 109.35048094717267
    vertex 298.56284808388904 -483.49999999999716 109.46966991412097
  endloop
endfacet
facet normal -1.9094073279461995e-15 -0.9999999999999999 4.5371756960094754e-15
  outer loop
    vertex 298.44365911694064 -483.49999999999716 109.62500000001087
    vertex 135.38178245943104 -483.4999999999959 109.46966991412111
    vertex 298.56284808388904 -483.49999999999716 109.46966991412097
  endloop
endfacet
facet normal -1.9094073279461995e-15 -0.9999999999999999 4.5371756960094754e-15
  outer loop
    vertex 135.50097142637887 -483.4999999999959 109.625000000011
    vertex 135.38178245943104 -483.4999999999959 109.46966991412111
    vertex 298.44365911694064 -483.49999999999716 109.62500000001087
  endloop
endfacet
facet normal -1.9094073279461995e-15 -0.9999999999999999 4.5371756960094754e-15
  outer loop
    vertex 298.36873380006233 -483.49999999999704 109.80588571618398
    vertex 135.50097142637887 -483.4999999999959 109.625000000011
    vertex 298.44365911694064 -483.49999999999716 109.62500000001087
  endloop
endfacet
facet normal -1.9094073279461995e-15 -0.9999999999999999 4.5371756960094754e-15
  outer loop
    vertex 135.57589674325772 -483.4999999999959 109.80588571618411
    vertex 135.50097142637887 -483.4999999999959 109.625000000011
    vertex 298.36873380006233 -483.49999999999704 109.80588571618398
  endloop
endfacet
facet normal -1.9094073279461995e-15 -0.9999999999999999 4.5371756960094754e-15
  outer loop
    vertex 298.34317816977887 -483.49999999999704 110.00000000001087
    vertex 135.57589674325772 -483.4999999999959 109.80588571618411
    vertex 298.36873380006233 -483.49999999999704 109.80588571618398
  endloop
endfacet
facet normal -1.9094073279461995e-15 -0.9999999999999999 4.5371756960094754e-15
  outer loop
    vertex 135.6014523735412 -483.4999999999959 110.00000000001101
    vertex 135.57589674325772 -483.4999999999959 109.80588571618411
    vertex 298.34317816977887 -483.49999999999704 110.00000000001087
  endloop
endfacet
facet normal -1.9094073279461995e-15 -0.9999999999999999 4.5371756960094754e-15
  outer loop
    vertex 298.36873380006233 -483.49999999999704 110.19411428383775
    vertex 135.6014523735412 -483.4999999999959 110.00000000001101
    vertex 298.34317816977887 -483.49999999999704 110.00000000001087
  endloop
endfacet
facet normal -1.9094073279461995e-15 -0.9999999999999999 4.5371756960094754e-15
  outer loop
    vertex 135.57589674325772 -483.4999999999959 110.1941142838379
    vertex 135.6014523735412 -483.4999999999959 110.00000000001101
    vertex 298.36873380006233 -483.49999999999704 110.19411428383775
  endloop
endfacet
facet normal -1.9094073279461995e-15 -0.9999999999999999 4.5371756960094754e-15
  outer loop
    vertex 298.44365911694064 -483.49999999999704 110.37500000001089
    vertex 135.57589674325772 -483.4999999999959 110.1941142838379
    vertex 298.36873380006233 -483.49999999999704 110.19411428383775
  endloop
endfacet
facet normal -1.9094073279461995e-15 -0.9999999999999999 4.5371756960094754e-15
  outer loop
    vertex 135.50097142637887 -483.4999999999959 110.375000000011
    vertex 135.57589674325772 -483.4999999999959 110.1941142838379
    vertex 298.44365911694064 -483.49999999999704 110.37500000001089
  endloop
endfacet
facet normal -1.9094073279461995e-15 -0.9999999999999999 4.5371756960094754e-15
  outer loop
    vertex 298.56284808388904 -483.49999999999704 110.53033008590077
    vertex 135.50097142637887 -483.4999999999959 110.375000000011
    vertex 298.44365911694064 -483.49999999999704 110.37500000001089
  endloop
endfacet
facet normal -1.9094073279461995e-15 -0.9999999999999999 4.5371756960094754e-15
  outer loop
    vertex 135.38178245943104 -483.4999999999959 110.53033008590091
    vertex 135.50097142637887 -483.4999999999959 110.375000000011
    vertex 298.56284808388904 -483.49999999999704 110.53033008590077
  endloop
endfacet
facet normal -1.9094073279461995e-15 -0.9999999999999999 4.5371756960094754e-15
  outer loop
    vertex 298.7181781697789 -483.4999999999968 110.64951905284919
    vertex 135.38178245943104 -483.4999999999959 110.53033008590091
    vertex 298.56284808388904 -483.49999999999704 110.53033008590077
  endloop
endfacet
facet normal -1.9094073279461995e-15 -0.9999999999999999 4.5371756960094754e-15
  outer loop
    vertex 135.22645237354058 -483.4999999999959 110.64951905284934
    vertex 135.38178245943104 -483.4999999999959 110.53033008590091
    vertex 298.7181781697789 -483.4999999999968 110.64951905284919
  endloop
endfacet
facet normal -1.9094073279461995e-15 -0.9999999999999999 4.5371756960094754e-15
  outer loop
    vertex 298.89906388595233 -483.4999999999968 110.72444436972765
    vertex 135.22645237354058 -483.4999999999959 110.64951905284934
    vertex 298.7181781697789 -483.4999999999968 110.64951905284919
  endloop
endfacet
facet normal -1.9094073279461995e-15 -0.9999999999999999 4.5371756960094754e-15
  outer loop
    vertex 135.04556665736771 -483.4999999999959 110.7244443697278
    vertex 135.22645237354058 -483.4999999999959 110.64951905284934
    vertex 298.89906388595233 -483.4999999999968 110.72444436972765
  endloop
endfacet
facet normal -1.9094073279461995e-15 -0.9999999999999999 4.5371756960094754e-15
  outer loop
    vertex 299.093178169779 -483.4999999999968 110.75000000001086
    vertex 135.04556665736771 -483.4999999999959 110.7244443697278
    vertex 298.89906388595233 -483.4999999999968 110.72444436972765
  endloop
endfacet
facet normal -1.9094073279461995e-15 -0.9999999999999999 4.5371756960094754e-15
  outer loop
    vertex 134.85145237354106 -483.4999999999959 110.750000000011
    vertex 135.04556665736771 -483.4999999999959 110.7244443697278
    vertex 299.093178169779 -483.4999999999968 110.75000000001086
  endloop
endfacet
facet normal -1.9094073279461995e-15 -0.9999999999999999 4.5371756960094754e-15
  outer loop
    vertex 304.8931781697789 -483.4999999999959 155.00000000001617
    vertex 299.8431781697791 -483.49999999999653 110.00000000001086
    vertex 304.8931781697788 -483.49999999999596 105.00000000001086
  endloop
endfacet
facet normal -1.9094073279461995e-15 -0.9999999999999999 4.5371756960094754e-15
  outer loop
    vertex 299.81762253949563 -483.49999999999653 109.80588571618398
    vertex 304.8931781697788 -483.49999999999596 105.00000000001086
    vertex 299.8431781697791 -483.49999999999653 110.00000000001086
  endloop
endfacet
facet normal -1.9094073279461995e-15 -0.9999999999999999 4.5371756960094754e-15
  outer loop
    vertex 299.7426972226173 -483.49999999999653 109.62500000001084
    vertex 304.8931781697788 -483.49999999999596 105.00000000001086
    vertex 299.81762253949563 -483.49999999999653 109.80588571618398
  endloop
endfacet
facet normal -1.9094073279461995e-15 -0.9999999999999999 4.5371756960094754e-15
  outer loop
    vertex 299.623508255669 -483.49999999999653 109.46966991412096
    vertex 304.8931781697788 -483.49999999999596 105.00000000001086
    vertex 299.7426972226173 -483.49999999999653 109.62500000001084
  endloop
endfacet
facet normal -1.9094073279461995e-15 -0.9999999999999999 4.5371756960094754e-15
  outer loop
    vertex 299.46817816977904 -483.4999999999968 109.35048094717254
    vertex 304.8931781697788 -483.49999999999596 105.00000000001086
    vertex 299.623508255669 -483.49999999999653 109.46966991412096
  endloop
endfacet
facet normal -1.9094073279461995e-15 -0.9999999999999999 4.5371756960094754e-15
  outer loop
    vertex 299.28729245360563 -483.4999999999968 109.27555563029408
    vertex 304.8931781697788 -483.49999999999596 105.00000000001086
    vertex 299.46817816977904 -483.4999999999968 109.35048094717254
  endloop
endfacet
facet normal -1.9094073279461995e-15 -0.9999999999999999 4.5371756960094754e-15
  outer loop
    vertex 299.093178169779 -483.4999999999968 109.25000000001087
    vertex 304.8931781697788 -483.49999999999596 105.00000000001086
    vertex 299.28729245360563 -483.4999999999968 109.27555563029408
  endloop
endfacet
facet normal -1.9094073279461995e-15 -0.9999999999999999 4.5371756960094754e-15
  outer loop
    vertex 299.81762253949563 -483.49999999999653 110.19411428383775
    vertex 299.8431781697791 -483.49999999999653 110.00000000001086
    vertex 304.8931781697789 -483.4999999999959 155.00000000001617
  endloop
endfacet
facet normal -1.9094073279461995e-15 -0.9999999999999999 4.5371756960094754e-15
  outer loop
    vertex 299.7426972226173 -483.49999999999653 110.37500000001086
    vertex 299.81762253949563 -483.49999999999653 110.19411428383775
    vertex 304.8931781697789 -483.4999999999959 155.00000000001617
  endloop
endfacet
facet normal -1.9094073279461995e-15 -0.9999999999999999 4.5371756960094754e-15
  outer loop
    vertex 299.623508255669 -483.49999999999653 110.53033008590076
    vertex 299.7426972226173 -483.49999999999653 110.37500000001086
    vertex 304.8931781697789 -483.4999999999959 155.00000000001617
  endloop
endfacet
facet normal -1.9094073279461995e-15 -0.9999999999999999 4.5371756960094754e-15
  outer loop
    vertex 299.46817816977904 -483.4999999999968 110.64951905284919
    vertex 299.623508255669 -483.49999999999653 110.53033008590076
    vertex 304.8931781697789 -483.4999999999959 155.00000000001617
  endloop
endfacet
facet normal -1.9094073279461995e-15 -0.9999999999999999 4.5371756960094754e-15
  outer loop
    vertex 299.28729245360563 -483.4999999999968 110.72444436972765
    vertex 299.46817816977904 -483.4999999999968 110.64951905284919
    vertex 304.8931781697789 -483.4999999999959 155.00000000001617
  endloop
endfacet
facet normal -1.9094073279461995e-15 -0.9999999999999999 4.5371756960094754e-15
  outer loop
    vertex 299.093178169779 -483.4999999999968 110.75000000001086
    vertex 299.28729245360563 -483.4999999999968 110.72444436972765
    vertex 304.8931781697789 -483.4999999999959 155.00000000001617
  endloop
endfacet
facet normal -1.9094073279461995e-15 -0.9999999999999999 4.5371756960094754e-15
  outer loop
    vertex 301.97957145009605 -483.49999999999625 144.26259094520537
    vertex 299.093178169779 -483.4999999999968 110.75000000001086
    vertex 304.8931781697789 -483.4999999999959 155.00000000001617
  endloop
endfacet
facet normal -1.9094073279461995e-15 -0.9999999999999999 4.5371756960094754e-15
  outer loop
    vertex 297.8350862528965 -483.49999999999636 134.25691857307208
    vertex 299.093178169779 -483.4999999999968 110.75000000001086
    vertex 301.97957145009605 -483.49999999999625 144.26259094520537
  endloop
endfacet
facet normal -1.9094073279461995e-15 -0.9999999999999999 4.5371756960094754e-15
  outer loop
    vertex 291.24216239528505 -483.49999999999636 125.66485292062237
    vertex 299.093178169779 -483.4999999999968 110.75000000001086
    vertex 297.8350862528965 -483.49999999999636 134.25691857307208
  endloop
endfacet
facet normal -1.9094073279461995e-15 -0.9999999999999999 4.5371756960094754e-15
  outer loop
    vertex 282.6500967428355 -483.4999999999964 119.0719290630107
    vertex 299.093178169779 -483.4999999999968 110.75000000001086
    vertex 291.24216239528505 -483.49999999999636 125.66485292062237
  endloop
endfacet
facet normal -1.9094073279461995e-15 -0.9999999999999999 4.5371756960094754e-15
  outer loop
    vertex 272.64442437070164 -483.4999999999964 114.92744386581124
    vertex 299.093178169779 -483.4999999999968 110.75000000001086
    vertex 282.6500967428355 -483.4999999999964 119.0719290630107
  endloop
endfacet
facet normal -1.9094073279461995e-15 -0.9999999999999999 4.5371756960094754e-15
  outer loop
    vertex 261.9070153158924 -483.4999999999955 113.51383714612783
    vertex 299.093178169779 -483.4999999999968 110.75000000001086
    vertex 272.64442437070164 -483.4999999999964 114.92744386581124
  endloop
endfacet
facet normal -1.9094073279461995e-15 -0.9999999999999999 4.5371756960094754e-15
  outer loop
    vertex 134.85145237354106 -483.4999999999959 110.750000000011
    vertex 299.093178169779 -483.4999999999968 110.75000000001086
    vertex 261.9070153158924 -483.4999999999955 113.51383714612783
  endloop
endfacet
facet normal -1.9094073279461995e-15 -0.9999999999999999 4.5371756960094754e-15
  outer loop
    vertex 171.8376152274289 -483.49999999999517 113.51383714612787
    vertex 134.85145237354106 -483.4999999999959 110.750000000011
    vertex 261.9070153158924 -483.4999999999955 113.51383714612783
  endloop
endfacet
facet normal -1.9094073279461995e-15 -0.9999999999999999 4.5371756960094754e-15
  outer loop
    vertex 303.3931781697792 -483.49999999999613 155.00000000001629
    vertex 301.97957145009605 -483.49999999999625 144.26259094520537
    vertex 304.8931781697789 -483.4999999999959 155.00000000001617
  endloop
endfacet
facet normal -1.9094073279461995e-15 -0.9999999999999999 4.5371756960094754e-15
  outer loop
    vertex 304.8931781697788 -483.49999999999596 105.00000000001086
    vertex 134.85145237354106 -483.4999999999959 109.25000000001103
    vertex 128.8514523735413 -483.49999999999625 105.00000000001096
  endloop
endfacet
facet normal -1.9094073279461995e-15 -0.9999999999999999 4.5371756960094754e-15
  outer loop
    vertex 134.65733808971382 -483.4999999999959 109.2755556302942
    vertex 128.8514523735413 -483.49999999999625 105.00000000001096
    vertex 134.85145237354106 -483.4999999999959 109.25000000001103
  endloop
endfacet
facet normal -1.9094073279461995e-15 -0.9999999999999999 4.5371756960094754e-15
  outer loop
    vertex 134.4764523735404 -483.4999999999959 109.35048094717267
    vertex 128.8514523735413 -483.49999999999625 105.00000000001096
    vertex 134.65733808971382 -483.4999999999959 109.2755556302942
  endloop
endfacet
facet normal -1.9094073279461995e-15 -0.9999999999999999 4.5371756960094754e-15
  outer loop
    vertex 134.32112228765112 -483.4999999999959 109.46966991412111
    vertex 128.8514523735413 -483.49999999999625 105.00000000001096
    vertex 134.4764523735404 -483.4999999999959 109.35048094717267
  endloop
endfacet
facet normal -1.9094073279461995e-15 -0.9999999999999999 4.5371756960094754e-15
  outer loop
    vertex 134.20193332070212 -483.4999999999959 109.62500000001103
    vertex 128.8514523735413 -483.49999999999625 105.00000000001096
    vertex 134.32112228765112 -483.4999999999959 109.46966991412111
  endloop
endfacet
facet normal -1.9094073279461995e-15 -0.9999999999999999 4.5371756960094754e-15
  outer loop
    vertex 134.12700800382385 -483.4999999999959 109.80588571618411
    vertex 128.8514523735413 -483.49999999999625 105.00000000001096
    vertex 134.20193332070212 -483.4999999999959 109.62500000001103
  endloop
endfacet
facet normal -1.9094073279461995e-15 -0.9999999999999999 4.5371756960094754e-15
  outer loop
    vertex 134.10145237354095 -483.4999999999959 110.00000000001101
    vertex 128.8514523735413 -483.49999999999625 105.00000000001096
    vertex 134.12700800382385 -483.4999999999959 109.80588571618411
  endloop
endfacet
facet normal -1.9094073279461995e-15 -0.9999999999999999 4.5371756960094754e-15
  outer loop
    vertex 128.85145237354132 -483.4999999999958 155.0000000000164
    vertex 128.8514523735413 -483.49999999999625 105.00000000001096
    vertex 134.10145237354095 -483.4999999999959 110.00000000001101
  endloop
endfacet
facet normal -1.9094073279461995e-15 -0.9999999999999999 4.5371756960094754e-15
  outer loop
    vertex 299.093178169779 -483.4999999999968 109.25000000001087
    vertex 134.85145237354106 -483.4999999999959 109.25000000001103
    vertex 304.8931781697788 -483.49999999999596 105.00000000001086
  endloop
endfacet
facet normal -1.9094073279461995e-15 -0.9999999999999999 4.5371756960094754e-15
  outer loop
    vertex 134.12700800382385 -483.4999999999959 110.1941142838379
    vertex 128.85145237354132 -483.4999999999958 155.0000000000164
    vertex 134.10145237354095 -483.4999999999959 110.00000000001101
  endloop
endfacet
facet normal -1.9094073279461995e-15 -0.9999999999999999 4.5371756960094754e-15
  outer loop
    vertex 134.20193332070212 -483.4999999999959 110.37500000001101
    vertex 128.85145237354132 -483.4999999999958 155.0000000000164
    vertex 134.12700800382385 -483.4999999999959 110.1941142838379
  endloop
endfacet
facet normal -1.9094073279461995e-15 -0.9999999999999999 4.5371756960094754e-15
  outer loop
    vertex 134.32112228765112 -483.4999999999959 110.53033008590091
    vertex 128.85145237354132 -483.4999999999958 155.0000000000164
    vertex 134.20193332070212 -483.4999999999959 110.37500000001101
  endloop
endfacet
facet normal -1.9094073279461995e-15 -0.9999999999999999 4.5371756960094754e-15
  outer loop
    vertex 134.4764523735404 -483.4999999999959 110.64951905284934
    vertex 128.85145237354132 -483.4999999999958 155.0000000000164
    vertex 134.32112228765112 -483.4999999999959 110.53033008590091
  endloop
endfacet
facet normal -1.9094073279461995e-15 -0.9999999999999999 4.5371756960094754e-15
  outer loop
    vertex 134.65733808971382 -483.4999999999959 110.7244443697278
    vertex 128.85145237354132 -483.4999999999958 155.0000000000164
    vertex 134.4764523735404 -483.4999999999959 110.64951905284934
  endloop
endfacet
facet normal -1.9094073279461995e-15 -0.9999999999999999 4.5371756960094754e-15
  outer loop
    vertex 134.85145237354106 -483.4999999999959 110.750000000011
    vertex 128.85145237354132 -483.4999999999958 155.0000000000164
    vertex 134.65733808971382 -483.4999999999959 110.7244443697278
  endloop
endfacet
facet normal -1.9094073279461995e-15 -0.9999999999999999 4.5371756960094754e-15
  outer loop
    vertex 131.76505909322466 -483.4999999999956 144.26259094520546
    vertex 128.85145237354132 -483.4999999999958 155.0000000000164
    vertex 134.85145237354106 -483.4999999999959 110.750000000011
  endloop
endfacet
facet normal -1.9094073279461995e-15 -0.9999999999999999 4.5371756960094754e-15
  outer loop
    vertex 135.9095442904237 -483.4999999999957 134.2569185730722
    vertex 131.76505909322466 -483.4999999999956 144.26259094520546
    vertex 134.85145237354106 -483.4999999999959 110.750000000011
  endloop
endfacet
facet normal -1.9094073279461995e-15 -0.9999999999999999 4.5371756960094754e-15
  outer loop
    vertex 142.50246814803566 -483.4999999999958 125.66485292062248
    vertex 135.9095442904237 -483.4999999999957 134.2569185730722
    vertex 134.85145237354106 -483.4999999999959 110.750000000011
  endloop
endfacet
facet normal -1.9094073279461995e-15 -0.9999999999999999 4.5371756960094754e-15
  outer loop
    vertex 151.0945338004852 -483.4999999999959 119.0719290630108
    vertex 142.50246814803566 -483.4999999999958 125.66485292062248
    vertex 134.85145237354106 -483.4999999999959 110.750000000011
  endloop
endfacet
facet normal -1.9094073279461995e-15 -0.9999999999999999 4.5371756960094754e-15
  outer loop
    vertex 161.10020617261853 -483.49999999999596 114.9274438658113
    vertex 151.0945338004852 -483.4999999999959 119.0719290630108
    vertex 134.85145237354106 -483.4999999999959 110.750000000011
  endloop
endfacet
facet normal -1.9094073279461995e-15 -0.9999999999999999 4.5371756960094754e-15
  outer loop
    vertex 171.8376152274289 -483.49999999999517 113.51383714612787
    vertex 161.10020617261853 -483.49999999999596 114.9274438658113
    vertex 134.85145237354106 -483.4999999999959 110.750000000011
  endloop
endfacet
facet normal -1.9094073279461995e-15 -0.9999999999999999 4.5371756960094754e-15
  outer loop
    vertex 130.35145237354158 -483.49999999999545 155.0000000000164
    vertex 128.85145237354132 -483.4999999999958 155.0000000000164
    vertex 131.76505909322466 -483.4999999999956 144.26259094520546
  endloop
endfacet
facet normal -6.103247358554155e-15 -0.7933533402912181 0.608761429008743
  outer loop
    vertex 171.83761522742853 -443.6080517243082 116.15037830474445
    vertex 180.69684836748604 -443.60805172430827 116.15037830474452
    vertex 171.83761522742853 -442.17751164199603 118.0146944368798
  endloop
endfacet
facet normal -6.103247358554155e-15 -0.7933533402912181 0.608761429008743
  outer loop
    vertex 180.69684836748604 -442.17751164199603 118.01469443687981
    vertex 171.83761522742853 -442.17751164199603 118.0146944368798
    vertex 180.69684836748604 -443.60805172430827 116.15037830474452
  endloop
endfacet
facet normal -0.23240727065432024 -0.8941740919819369 0.38267421362732057
  outer loop
    vertex 246.8451023701181 -440.28688279286234 118.73514224516748
    vertex 246.60265495338075 -441.19170887028855 116.47364003841577
    vertex 253.0477821758355 -441.27823655203804 120.18573655536142
  endloop
endfacet
facet normal -0.6025837765998872 -0.2275031147637841 0.7649412558826945
  outer loop
    vertex 232.22853514274271 -436.6724774042568 109.47211170612557
    vertex 233.7185508980741 -435.1824616489262 111.08902351067739
    vertex 229.0399971056164 -428.94225821782464 109.25939949028823
  endloop
endfacet
facet normal 1.801556208301879e-14 -5.778835483585226e-14 -1.0
  outer loop
    vertex 294.8931781697783 -457.2967895525434 105.00000000001063
    vertex 294.6431781697786 -473.4999999999959 105.00000000001077
    vertex 294.41081625998356 -457.49659039755267 105.00000000001066
  endloop
endfacet
facet normal 1.801556208301879e-14 -5.778835483585226e-14 -1.0
  outer loop
    vertex 294.61762253949627 -473.3058857161696 105.00000000001077
    vertex 294.41081625998356 -457.49659039755267 105.00000000001066
    vertex 294.6431781697786 -473.4999999999959 105.00000000001077
  endloop
endfacet
facet normal 1.801556208301879e-14 -5.778835483585226e-14 -1.0
  outer loop
    vertex 294.54269722261796 -473.1249999999964 105.00000000001077
    vertex 294.41081625998356 -457.49659039755267 105.00000000001066
    vertex 294.61762253949627 -473.3058857161696 105.00000000001077
  endloop
endfacet
facet normal 1.801556208301879e-14 -5.778835483585226e-14 -1.0
  outer loop
    vertex 294.4235082556684 -472.9696699141054 105.0000000000108
    vertex 294.41081625998356 -457.49659039755267 105.00000000001066
    vertex 294.54269722261796 -473.1249999999964 105.00000000001077
  endloop
endfacet
facet normal 1.801556208301879e-14 -5.778835483585226e-14 -1.0
  outer loop
    vertex 294.26817816977854 -472.85048094715734 105.0000000000108
    vertex 294.41081625998356 -457.49659039755267 105.00000000001066
    vertex 294.4235082556684 -472.9696699141054 105.0000000000108
  endloop
endfacet
facet normal 1.801556208301879e-14 -5.778835483585226e-14 -1.0
  outer loop
    vertex 293.8931781697779 -457.5647387449742 105.00000000001063
    vertex 294.41081625998356 -457.49659039755267 105.00000000001066
    vertex 294.26817816977854 -472.85048094715734 105.0000000000108
  endloop
endfacet
facet normal 1.801556208301879e-14 -5.778835483585226e-14 -1.0
  outer loop
    vertex 294.0872924536057 -472.7755556302791 105.0000000000108
    vertex 293.8931781697779 -457.5647387449742 105.00000000001063
    vertex 294.26817816977854 -472.85048094715734 105.0000000000108
  endloop
endfacet
facet normal 1.801556208301879e-14 -5.778835483585226e-14 -1.0
  outer loop
    vertex 293.89317816977905 -472.7499999999958 105.0000000000108
    vertex 293.8931781697779 -457.5647387449742 105.00000000001063
    vertex 294.0872924536057 -472.7755556302791 105.0000000000108
  endloop
endfacet
facet normal 1.801556208301879e-14 -5.778835483585226e-14 -1.0
  outer loop
    vertex 293.69906388595183 -472.7755556302793 105.0000000000108
    vertex 293.8931781697779 -457.5647387449742 105.00000000001063
    vertex 293.89317816977905 -472.7499999999958 105.0000000000108
  endloop
endfacet
facet normal 1.801556208301879e-14 -5.778835483585226e-14 -1.0
  outer loop
    vertex 293.37554007957294 -457.49659039755267 105.00000000001063
    vertex 293.8931781697779 -457.5647387449742 105.00000000001063
    vertex 293.69906388595183 -472.7755556302793 105.0000000000108
  endloop
endfacet
facet normal 1.801556208301879e-14 -5.778835483585226e-14 -1.0
  outer loop
    vertex 293.51817816977785 -472.85048094715813 105.00000000001077
    vertex 293.37554007957294 -457.49659039755267 105.00000000001063
    vertex 293.69906388595183 -472.7755556302793 105.0000000000108
  endloop
endfacet
facet normal 1.801556208301879e-14 -5.778835483585226e-14 -1.0
  outer loop
    vertex 293.3628480838879 -472.96966991410653 105.00000000001077
    vertex 293.37554007957294 -457.49659039755267 105.00000000001063
    vertex 293.51817816977785 -472.85048094715813 105.00000000001077
  endloop
endfacet
facet normal 1.801556208301879e-14 -5.778835483585226e-14 -1.0
  outer loop
    vertex 292.89317816977876 -457.2967895525427 105.00000000001066
    vertex 293.37554007957294 -457.49659039755267 105.00000000001063
    vertex 293.3628480838879 -472.96966991410653 105.00000000001077
  endloop
endfacet
facet normal 1.801556208301879e-14 -5.778835483585226e-14 -1.0
  outer loop
    vertex 293.2436591169407 -473.1249999999967 105.00000000001077
    vertex 292.89317816977876 -457.2967895525427 105.00000000001066
    vertex 293.3628480838879 -472.96966991410653 105.00000000001077
  endloop
endfacet
facet normal 1.801556208301879e-14 -5.778835483585226e-14 -1.0
  outer loop
    vertex 293.1687338000624 -473.3058857161693 105.00000000001077
    vertex 292.89317816977876 -457.2967895525427 105.00000000001066
    vertex 293.2436591169407 -473.1249999999967 105.00000000001077
  endloop
endfacet
facet normal 1.801556208301879e-14 -5.778835483585226e-14 -1.0
  outer loop
    vertex 293.14317816977893 -473.49999999999625 105.00000000001077
    vertex 292.89317816977876 -457.2967895525427 105.00000000001066
    vertex 293.1687338000624 -473.3058857161693 105.00000000001077
  endloop
endfacet
facet normal 1.801556208301879e-14 -5.778835483585226e-14 -1.0
  outer loop
    vertex 304.89317816977893 -461.3255148034845 105.00000000001538
    vertex 303.89317816977893 -461.3255148034845 105.0000000000161
    vertex 304.893178169779 -439.69999999999555 105.00000000001046
  endloop
endfacet
facet normal 1.801556208301879e-14 -5.778835483585226e-14 -1.0
  outer loop
    vertex 294.5426972226181 -447.2544774899526 105.00000000001054
    vertex 304.893178169779 -439.69999999999555 105.00000000001046
    vertex 303.89317816977893 -461.3255148034845 105.0000000000161
  endloop
endfacet
facet normal 1.801556208301879e-14 -5.778835483585226e-14 -1.0
  outer loop
    vertex 294.42350825566854 -447.099147404062 105.00000000001054
    vertex 304.893178169779 -439.69999999999555 105.00000000001046
    vertex 294.5426972226181 -447.2544774899526 105.00000000001054
  endloop
endfacet
facet normal 1.801556208301879e-14 -5.778835483585226e-14 -1.0
  outer loop
    vertex 294.2681781697786 -446.979958437114 105.00000000001054
    vertex 304.893178169779 -439.69999999999555 105.00000000001046
    vertex 294.42350825566854 -447.099147404062 105.00000000001054
  endloop
endfacet
facet normal 1.801556208301879e-14 -5.778835483585226e-14 -1.0
  outer loop
    vertex 294.0872924536064 -446.9050331202348 105.00000000001054
    vertex 304.893178169779 -439.69999999999555 105.00000000001046
    vertex 294.2681781697786 -446.979958437114 105.00000000001054
  endloop
endfacet
facet normal 1.801556208301879e-14 -5.778835483585226e-14 -1.0
  outer loop
    vertex 257.3723152716631 -439.6999999999957 105.0000000000105
    vertex 304.893178169779 -439.69999999999555 105.00000000001046
    vertex 294.0872924536064 -446.9050331202348 105.00000000001054
  endloop
endfacet
facet normal 1.801556208301879e-14 -5.778835483585226e-14 -1.0
  outer loop
    vertex 294.6176225394964 -447.4353632061254 105.00000000001054
    vertex 294.5426972226181 -447.2544774899526 105.00000000001054
    vertex 303.89317816977893 -461.3255148034845 105.0000000000161
  endloop
endfacet
facet normal 1.801556208301879e-14 -5.778835483585226e-14 -1.0
  outer loop
    vertex 303.89317816977893 -472.47448519652716 105.00000000001619
    vertex 294.6176225394964 -447.4353632061254 105.00000000001054
    vertex 303.89317816977893 -461.3255148034845 105.0000000000161
  endloop
endfacet
facet normal 1.801556208301879e-14 -5.778835483585226e-14 -1.0
  outer loop
    vertex 295.8250298223574 -455.0471006547689 105.00000000001062
    vertex 294.6176225394964 -447.4353632061254 105.00000000001054
    vertex 303.89317816977893 -472.47448519652716 105.00000000001619
  endloop
endfacet
facet normal 1.801556208301879e-14 -5.778835483585226e-14 -1.0
  outer loop
    vertex 295.8931781697792 -455.56473874497385 105.00000000001062
    vertex 295.8250298223574 -455.0471006547689 105.00000000001062
    vertex 303.89317816977893 -472.47448519652716 105.00000000001619
  endloop
endfacet
facet normal 1.801556208301879e-14 -5.778835483585226e-14 -1.0
  outer loop
    vertex 295.625228977348 -454.5647387449738 105.00000000001062
    vertex 294.6176225394964 -447.4353632061254 105.00000000001054
    vertex 295.8250298223574 -455.0471006547689 105.00000000001062
  endloop
endfacet
facet normal 1.801556208301879e-14 -5.778835483585226e-14 -1.0
  outer loop
    vertex 294.6431781697793 -447.629477489952 105.00000000001054
    vertex 294.6176225394964 -447.4353632061254 105.00000000001054
    vertex 295.625228977348 -454.5647387449738 105.00000000001062
  endloop
endfacet
facet normal 1.801556208301879e-14 -5.778835483585226e-14 -1.0
  outer loop
    vertex 295.3073917321524 -454.1505251826003 105.00000000001063
    vertex 294.6431781697793 -447.629477489952 105.00000000001054
    vertex 295.625228977348 -454.5647387449738 105.00000000001062
  endloop
endfacet
facet normal 1.801556208301879e-14 -5.778835483585226e-14 -1.0
  outer loop
    vertex 294.89317816977945 -453.8326879374046 105.00000000001054
    vertex 294.6431781697793 -447.629477489952 105.00000000001054
    vertex 295.3073917321524 -454.1505251826003 105.00000000001063
  endloop
endfacet
facet normal 1.801556208301879e-14 -5.778835483585226e-14 -1.0
  outer loop
    vertex 293.89317816977916 -446.87947748995197 105.00000000001054
    vertex 257.3723152716631 -439.6999999999957 105.0000000000105
    vertex 294.0872924536064 -446.9050331202348 105.00000000001054
  endloop
endfacet
facet normal 1.801556208301879e-14 -5.778835483585226e-14 -1.0
  outer loop
    vertex 293.6990638859519 -446.9050331202351 105.00000000001054
    vertex 257.3723152716631 -439.6999999999957 105.0000000000105
    vertex 293.89317816977916 -446.87947748995197 105.00000000001054
  endloop
endfacet
facet normal 1.801556208301879e-14 -5.778835483585226e-14 -1.0
  outer loop
    vertex 293.51817816977854 -446.979958437114 105.00000000001054
    vertex 257.3723152716631 -439.6999999999957 105.0000000000105
    vertex 293.6990638859519 -446.9050331202351 105.00000000001054
  endloop
endfacet
facet normal 1.801556208301879e-14 -5.778835483585226e-14 -1.0
  outer loop
    vertex 293.36284808388916 -447.0991474040627 105.00000000001054
    vertex 257.3723152716631 -439.6999999999957 105.0000000000105
    vertex 293.51817816977854 -446.979958437114 105.00000000001054
  endloop
endfacet
facet normal 1.801556208301879e-14 -5.778835483585226e-14 -1.0
  outer loop
    vertex 293.2436591169408 -447.2544774899526 105.00000000001054
    vertex 257.3723152716631 -439.6999999999957 105.0000000000105
    vertex 293.36284808388916 -447.0991474040627 105.00000000001054
  endloop
endfacet
facet normal 1.801556208301879e-14 -5.778835483585226e-14 -1.0
  outer loop
    vertex 293.1687338000625 -447.4353632061254 105.00000000001054
    vertex 257.3723152716631 -439.6999999999957 105.0000000000105
    vertex 293.2436591169408 -447.2544774899526 105.00000000001054
  endloop
endfacet
facet normal 1.801556208301879e-14 -5.778835483585226e-14 -1.0
  outer loop
    vertex 293.143178169779 -447.6294774899523 105.00000000001054
    vertex 257.3723152716631 -439.6999999999957 105.0000000000105
    vertex 293.1687338000625 -447.4353632061254 105.00000000001054
  endloop
endfacet
facet normal 1.801556208301879e-14 -5.778835483585226e-14 -1.0
  outer loop
    vertex 292.8931781697782 -453.8326879374055 105.00000000001059
    vertex 257.3723152716631 -439.6999999999957 105.0000000000105
    vertex 293.143178169779 -447.6294774899523 105.00000000001054
  endloop
endfacet
facet normal 1.801556208301879e-14 -5.778835483585226e-14 -1.0
  outer loop
    vertex 292.4789646074047 -454.15052518260086 105.00000000001059
    vertex 257.3723152716631 -439.6999999999957 105.0000000000105
    vertex 292.8931781697782 -453.8326879374055 105.00000000001059
  endloop
endfacet
facet normal 1.801556208301879e-14 -5.778835483585226e-14 -1.0
  outer loop
    vertex 292.16112736220964 -454.56473874497436 105.00000000001062
    vertex 257.3723152716631 -439.6999999999957 105.0000000000105
    vertex 292.4789646074047 -454.15052518260086 105.00000000001059
  endloop
endfacet
facet normal 1.801556208301879e-14 -5.778835483585226e-14 -1.0
  outer loop
    vertex 291.9613265172009 -455.0471006547694 105.00000000001062
    vertex 257.3723152716631 -439.6999999999957 105.0000000000105
    vertex 292.16112736220964 -454.56473874497436 105.00000000001062
  endloop
endfacet
facet normal 1.801556208301879e-14 -5.778835483585226e-14 -1.0
  outer loop
    vertex 291.893178169779 -455.56473874497385 105.00000000001062
    vertex 257.3723152716631 -439.6999999999957 105.0000000000105
    vertex 291.9613265172009 -455.0471006547694 105.00000000001062
  endloop
endfacet
facet normal 1.801556208301879e-14 -5.778835483585226e-14 -1.0
  outer loop
    vertex 294.89317816977945 -453.8326879374046 105.00000000001054
    vertex 294.41081625998413 -453.6328870923956 105.00000000001054
    vertex 294.6431781697793 -447.629477489952 105.00000000001054
  endloop
endfacet
facet normal 1.801556208301879e-14 -5.778835483585226e-14 -1.0
  outer loop
    vertex 294.61762253949576 -447.82359177377924 105.00000000001054
    vertex 294.6431781697793 -447.629477489952 105.00000000001054
    vertex 294.41081625998413 -453.6328870923956 105.00000000001054
  endloop
endfacet
facet normal 1.801556208301879e-14 -5.778835483585226e-14 -1.0
  outer loop
    vertex 294.5426972226169 -448.00447748995214 105.00000000001057
    vertex 294.61762253949576 -447.82359177377924 105.00000000001054
    vertex 294.41081625998413 -453.6328870923956 105.00000000001054
  endloop
endfacet
facet normal 1.801556208301879e-14 -5.778835483585226e-14 -1.0
  outer loop
    vertex 294.42350825566854 -448.159807575842 105.00000000001054
    vertex 294.5426972226169 -448.00447748995214 105.00000000001057
    vertex 294.41081625998413 -453.6328870923956 105.00000000001054
  endloop
endfacet
facet normal 1.801556208301879e-14 -5.778835483585226e-14 -1.0
  outer loop
    vertex 294.2681781697786 -448.2789965427904 105.00000000001054
    vertex 294.42350825566854 -448.159807575842 105.00000000001054
    vertex 294.41081625998413 -453.6328870923956 105.00000000001054
  endloop
endfacet
facet normal 1.801556208301879e-14 -5.778835483585226e-14 -1.0
  outer loop
    vertex 293.89317816977916 -453.5647387449737 105.00000000001062
    vertex 294.2681781697786 -448.2789965427904 105.00000000001054
    vertex 294.41081625998413 -453.6328870923956 105.00000000001054
  endloop
endfacet
facet normal 1.801556208301879e-14 -5.778835483585226e-14 -1.0
  outer loop
    vertex 294.08729245360524 -448.35392185966896 105.00000000001054
    vertex 294.2681781697786 -448.2789965427904 105.00000000001054
    vertex 293.89317816977916 -453.5647387449737 105.00000000001062
  endloop
endfacet
facet normal 1.801556208301879e-14 -5.778835483585226e-14 -1.0
  outer loop
    vertex 293.89317816977916 -448.37947748995214 105.00000000001054
    vertex 294.08729245360524 -448.35392185966896 105.00000000001054
    vertex 293.89317816977916 -453.5647387449737 105.00000000001062
  endloop
endfacet
facet normal 1.801556208301879e-14 -5.778835483585226e-14 -1.0
  outer loop
    vertex 293.6990638859519 -448.35392185966833 105.00000000001054
    vertex 293.89317816977916 -448.37947748995214 105.00000000001054
    vertex 293.89317816977916 -453.5647387449737 105.00000000001062
  endloop
endfacet
facet normal 1.801556208301879e-14 -5.778835483585226e-14 -1.0
  outer loop
    vertex 293.37554007957357 -453.6328870923956 105.00000000001062
    vertex 293.6990638859519 -448.35392185966833 105.00000000001054
    vertex 293.89317816977916 -453.5647387449737 105.00000000001062
  endloop
endfacet
facet normal 1.801556208301879e-14 -5.778835483585226e-14 -1.0
  outer loop
    vertex 293.5181781697791 -448.2789965427901 105.00000000001057
    vertex 293.6990638859519 -448.35392185966833 105.00000000001054
    vertex 293.37554007957357 -453.6328870923956 105.00000000001062
  endloop
endfacet
facet normal 1.801556208301879e-14 -5.778835483585226e-14 -1.0
  outer loop
    vertex 293.3628480838886 -448.1598075758411 105.00000000001057
    vertex 293.5181781697791 -448.2789965427901 105.00000000001057
    vertex 293.37554007957357 -453.6328870923956 105.00000000001062
  endloop
endfacet
facet normal 1.801556208301879e-14 -5.778835483585226e-14 -1.0
  outer loop
    vertex 292.8931781697782 -453.8326879374055 105.00000000001059
    vertex 293.3628480838886 -448.1598075758411 105.00000000001057
    vertex 293.37554007957357 -453.6328870923956 105.00000000001062
  endloop
endfacet
facet normal 1.801556208301879e-14 -5.778835483585226e-14 -1.0
  outer loop
    vertex 293.2436591169408 -448.00447748995293 105.00000000001054
    vertex 293.3628480838886 -448.1598075758411 105.00000000001057
    vertex 292.8931781697782 -453.8326879374055 105.00000000001059
  endloop
endfacet
facet normal 1.801556208301879e-14 -5.778835483585226e-14 -1.0
  outer loop
    vertex 293.1687338000625 -447.82359177377924 105.00000000001054
    vertex 293.2436591169408 -448.00447748995293 105.00000000001054
    vertex 292.8931781697782 -453.8326879374055 105.00000000001059
  endloop
endfacet
facet normal 1.801556208301879e-14 -5.778835483585226e-14 -1.0
  outer loop
    vertex 293.143178169779 -447.6294774899523 105.00000000001054
    vertex 293.1687338000625 -447.82359177377924 105.00000000001054
    vertex 292.8931781697782 -453.8326879374055 105.00000000001059
  endloop
endfacet
facet normal 1.801556208301879e-14 -5.778835483585226e-14 -1.0
  outer loop
    vertex 140.85145237354502 -457.2967895525431 105.00000000001073
    vertex 140.6014523735459 -473.4999999999956 105.00000000001089
    vertex 140.3690904637508 -457.4965903975518 105.00000000001073
  endloop
endfacet
facet normal 1.801556208301879e-14 -5.778835483585226e-14 -1.0
  outer loop
    vertex 140.57589674326294 -473.3058857161687 105.00000000001089
    vertex 140.3690904637508 -457.4965903975518 105.00000000001073
    vertex 140.6014523735459 -473.4999999999956 105.00000000001089
  endloop
endfacet
facet normal 1.801556208301879e-14 -5.778835483585226e-14 -1.0
  outer loop
    vertex 140.50097142638523 -473.1249999999953 105.00000000001089
    vertex 140.3690904637508 -457.4965903975518 105.00000000001073
    vertex 140.57589674326294 -473.3058857161687 105.00000000001089
  endloop
endfacet
facet normal 1.801556208301879e-14 -5.778835483585226e-14 -1.0
  outer loop
    vertex 140.38178245943692 -472.9696699141054 105.00000000001089
    vertex 140.3690904637508 -457.4965903975518 105.00000000001073
    vertex 140.50097142638523 -473.1249999999953 105.00000000001089
  endloop
endfacet
facet normal 1.801556208301879e-14 -5.778835483585226e-14 -1.0
  outer loop
    vertex 140.22645237354584 -472.8504809471564 105.00000000001089
    vertex 140.3690904637508 -457.4965903975518 105.00000000001073
    vertex 140.38178245943692 -472.9696699141054 105.00000000001089
  endloop
endfacet
facet normal 1.801556208301879e-14 -5.778835483585226e-14 -1.0
  outer loop
    vertex 139.85145237354524 -457.5647387449737 105.00000000001073
    vertex 140.3690904637508 -457.4965903975518 105.00000000001073
    vertex 140.22645237354584 -472.8504809471564 105.00000000001089
  endloop
endfacet
facet normal 1.801556208301879e-14 -5.778835483585226e-14 -1.0
  outer loop
    vertex 140.0455666573718 -472.7755556302779 105.00000000001089
    vertex 139.85145237354524 -457.5647387449737 105.00000000001073
    vertex 140.22645237354584 -472.8504809471564 105.00000000001089
  endloop
endfacet
facet normal 1.801556208301879e-14 -5.778835483585226e-14 -1.0
  outer loop
    vertex 139.85145237354462 -472.7499999999955 105.00000000001089
    vertex 139.85145237354524 -457.5647387449737 105.00000000001073
    vertex 140.0455666573718 -472.7755556302779 105.00000000001089
  endloop
endfacet
facet normal 1.801556208301879e-14 -5.778835483585226e-14 -1.0
  outer loop
    vertex 139.3338142833414 -457.4965903975515 105.00000000001073
    vertex 139.85145237354524 -457.5647387449737 105.00000000001073
    vertex 139.85145237354462 -472.7499999999955 105.00000000001089
  endloop
endfacet
facet normal 1.801556208301879e-14 -5.778835483585226e-14 -1.0
  outer loop
    vertex 139.6573380897185 -472.7755556302784 105.00000000001089
    vertex 139.3338142833414 -457.4965903975515 105.00000000001073
    vertex 139.85145237354462 -472.7499999999955 105.00000000001089
  endloop
endfacet
facet normal 1.801556208301879e-14 -5.778835483585226e-14 -1.0
  outer loop
    vertex 139.47645237354456 -472.8504809471573 105.00000000001089
    vertex 139.3338142833414 -457.4965903975515 105.00000000001073
    vertex 139.6573380897185 -472.7755556302784 105.00000000001089
  endloop
endfacet
facet normal 1.801556208301879e-14 -5.778835483585226e-14 -1.0
  outer loop
    vertex 139.3211222876552 -472.9696699141059 105.00000000001089
    vertex 139.3338142833414 -457.4965903975515 105.00000000001073
    vertex 139.47645237354456 -472.8504809471573 105.00000000001089
  endloop
endfacet
facet normal 1.801556208301879e-14 -5.778835483585226e-14 -1.0
  outer loop
    vertex 138.8514523735449 -457.296789552541 105.00000000001073
    vertex 139.3338142833414 -457.4965903975515 105.00000000001073
    vertex 139.3211222876552 -472.9696699141059 105.00000000001089
  endloop
endfacet
facet normal 1.801556208301879e-14 -5.778835483585226e-14 -1.0
  outer loop
    vertex 139.20193332070798 -473.12499999999557 105.00000000001089
    vertex 138.8514523735449 -457.296789552541 105.00000000001073
    vertex 139.3211222876552 -472.9696699141059 105.00000000001089
  endloop
endfacet
facet normal 1.801556208301879e-14 -5.778835483585226e-14 -1.0
  outer loop
    vertex 139.1270080038297 -473.3058857161687 105.00000000001089
    vertex 138.8514523735449 -457.296789552541 105.00000000001073
    vertex 139.20193332070798 -473.12499999999557 105.00000000001089
  endloop
endfacet
facet normal 1.801556208301879e-14 -5.778835483585226e-14 -1.0
  outer loop
    vertex 139.1014523735468 -473.4999999999956 105.00000000001089
    vertex 138.8514523735449 -457.296789552541 105.00000000001073
    vertex 139.1270080038297 -473.3058857161687 105.00000000001089
  endloop
endfacet
facet normal 1.801556208301879e-14 -5.778835483585226e-14 -1.0
  outer loop
    vertex 141.85145237354592 -455.5647387449732 105.00000000001073
    vertex 141.78330402612522 -455.047100654768 105.0000000000107
    vertex 176.37231527165847 -439.69999999999567 105.00000000001054
  endloop
endfacet
facet normal 1.801556208301879e-14 -5.778835483585226e-14 -1.0
  outer loop
    vertex 140.5758967432636 -447.4353632061248 105.00000000001063
    vertex 176.37231527165847 -439.69999999999567 105.00000000001054
    vertex 141.78330402612522 -455.047100654768 105.0000000000107
  endloop
endfacet
facet normal 1.801556208301879e-14 -5.778835483585226e-14 -1.0
  outer loop
    vertex 140.50097142638475 -447.25447748995197 105.00000000001063
    vertex 176.37231527165847 -439.69999999999567 105.00000000001054
    vertex 140.5758967432636 -447.4353632061248 105.00000000001063
  endloop
endfacet
facet normal 1.801556208301879e-14 -5.778835483585226e-14 -1.0
  outer loop
    vertex 140.3817824594364 -447.099147404062 105.00000000001063
    vertex 176.37231527165847 -439.69999999999567 105.00000000001054
    vertex 140.50097142638475 -447.25447748995197 105.00000000001063
  endloop
endfacet
facet normal 1.801556208301879e-14 -5.778835483585226e-14 -1.0
  outer loop
    vertex 140.22645237354592 -446.9799584371128 105.00000000001063
    vertex 176.37231527165847 -439.69999999999567 105.00000000001054
    vertex 140.3817824594364 -447.099147404062 105.00000000001063
  endloop
endfacet
facet normal 1.801556208301879e-14 -5.778835483585226e-14 -1.0
  outer loop
    vertex 128.85145237354146 -439.6999999999955 105.00000000001057
    vertex 176.37231527165847 -439.69999999999567 105.00000000001054
    vertex 140.22645237354592 -446.9799584371128 105.00000000001063
  endloop
endfacet
facet normal 1.801556208301879e-14 -5.778835483585226e-14 -1.0
  outer loop
    vertex 141.58350318111587 -454.56473874497317 105.00000000001069
    vertex 140.5758967432636 -447.4353632061248 105.00000000001063
    vertex 141.78330402612522 -455.047100654768 105.0000000000107
  endloop
endfacet
facet normal 1.801556208301879e-14 -5.778835483585226e-14 -1.0
  outer loop
    vertex 140.60145237354658 -447.6294774899515 105.00000000001063
    vertex 140.5758967432636 -447.4353632061248 105.00000000001063
    vertex 141.58350318111587 -454.56473874497317 105.00000000001069
  endloop
endfacet
facet normal 1.801556208301879e-14 -5.778835483585226e-14 -1.0
  outer loop
    vertex 141.2656659359185 -454.1505251825994 105.0000000000107
    vertex 140.60145237354658 -447.6294774899515 105.00000000001063
    vertex 141.58350318111587 -454.56473874497317 105.00000000001069
  endloop
endfacet
facet normal 1.801556208301879e-14 -5.778835483585226e-14 -1.0
  outer loop
    vertex 140.85145237354558 -453.8326879374037 105.0000000000107
    vertex 140.60145237354658 -447.6294774899515 105.00000000001063
    vertex 141.2656659359185 -454.1505251825994 105.0000000000107
  endloop
endfacet
facet normal 1.801556208301879e-14 -5.778835483585226e-14 -1.0
  outer loop
    vertex 140.04556665737368 -446.9050331202346 105.00000000001063
    vertex 128.85145237354146 -439.6999999999955 105.00000000001057
    vertex 140.22645237354592 -446.9799584371128 105.00000000001063
  endloop
endfacet
facet normal 1.801556208301879e-14 -5.778835483585226e-14 -1.0
  outer loop
    vertex 139.8514523735464 -446.8794774899513 105.00000000001063
    vertex 128.85145237354146 -439.6999999999955 105.00000000001057
    vertex 140.04556665737368 -446.9050331202346 105.00000000001063
  endloop
endfacet
facet normal 1.801556208301879e-14 -5.778835483585226e-14 -1.0
  outer loop
    vertex 139.65733808971922 -446.9050331202348 105.00000000001063
    vertex 128.85145237354146 -439.6999999999955 105.00000000001057
    vertex 139.8514523735464 -446.8794774899513 105.00000000001063
  endloop
endfacet
facet normal 1.801556208301879e-14 -5.778835483585226e-14 -1.0
  outer loop
    vertex 139.47645237354635 -446.9799584371131 105.00000000001063
    vertex 128.85145237354146 -439.6999999999955 105.00000000001057
    vertex 139.65733808971922 -446.9050331202348 105.00000000001063
  endloop
endfacet
facet normal 1.801556208301879e-14 -5.778835483585226e-14 -1.0
  outer loop
    vertex 139.3211222876559 -447.0991474040615 105.00000000001066
    vertex 128.85145237354146 -439.6999999999955 105.00000000001057
    vertex 139.47645237354635 -446.9799584371131 105.00000000001063
  endloop
endfacet
facet normal 1.801556208301879e-14 -5.778835483585226e-14 -1.0
  outer loop
    vertex 139.20193332070806 -447.25447748995197 105.00000000001063
    vertex 128.85145237354146 -439.6999999999955 105.00000000001057
    vertex 139.3211222876559 -447.0991474040615 105.00000000001066
  endloop
endfacet
facet normal 1.801556208301879e-14 -5.778835483585226e-14 -1.0
  outer loop
    vertex 139.1270080038298 -447.4353632061248 105.00000000001063
    vertex 128.85145237354146 -439.6999999999955 105.00000000001057
    vertex 139.20193332070806 -447.25447748995197 105.00000000001063
  endloop
endfacet
facet normal 1.801556208301879e-14 -5.778835483585226e-14 -1.0
  outer loop
    vertex 139.10145237354573 -447.6294774899518 105.00000000001063
    vertex 128.85145237354146 -439.6999999999955 105.00000000001057
    vertex 139.1270080038298 -447.4353632061248 105.00000000001063
  endloop
endfacet
facet normal 1.801556208301879e-14 -5.778835483585226e-14 -1.0
  outer loop
    vertex 138.8514523735466 -453.83268793740433 105.00000000001069
    vertex 128.85145237354146 -439.6999999999955 105.00000000001057
    vertex 139.10145237354573 -447.6294774899518 105.00000000001063
  endloop
endfacet
facet normal 1.801556208301879e-14 -5.778835483585226e-14 -1.0
  outer loop
    vertex 138.43723881117316 -454.1505251826 105.00000000001069
    vertex 128.85145237354146 -439.6999999999955 105.00000000001057
    vertex 138.8514523735466 -453.83268793740433 105.00000000001069
  endloop
endfacet
facet normal 1.801556208301879e-14 -5.778835483585226e-14 -1.0
  outer loop
    vertex 138.11940156597745 -454.56473874497317 105.00000000001073
    vertex 128.85145237354146 -439.6999999999955 105.00000000001057
    vertex 138.43723881117316 -454.1505251826 105.00000000001069
  endloop
endfacet
facet normal 1.801556208301879e-14 -5.778835483585226e-14 -1.0
  outer loop
    vertex 137.9196007209681 -455.0471006547685 105.0000000000107
    vertex 128.85145237354146 -439.6999999999955 105.00000000001057
    vertex 138.11940156597745 -454.56473874497317 105.00000000001073
  endloop
endfacet
facet normal 1.801556208301879e-14 -5.778835483585226e-14 -1.0
  outer loop
    vertex 137.85145237354573 -455.56473874497294 105.00000000001073
    vertex 128.85145237354146 -439.6999999999955 105.00000000001057
    vertex 137.9196007209681 -455.0471006547685 105.0000000000107
  endloop
endfacet
facet normal 1.801556208301879e-14 -5.778835483585226e-14 -1.0
  outer loop
    vertex 304.89317816977893 -472.6744851965271 105.00000000001484
    vertex 304.8931781697788 -483.49999999999596 105.00000000001086
    vertex 303.89317816977893 -472.6744851965271 105.00000000001619
  endloop
endfacet
facet normal 1.801556208301879e-14 -5.778835483585226e-14 -1.0
  outer loop
    vertex 294.08729245360456 -474.22444436971284 105.0000000000108
    vertex 303.89317816977893 -472.6744851965271 105.00000000001619
    vertex 304.8931781697788 -483.49999999999596 105.00000000001086
  endloop
endfacet
facet normal 1.801556208301879e-14 -5.778835483585226e-14 -1.0
  outer loop
    vertex 293.89317816977905 -474.24999999999574 105.0000000000108
    vertex 294.08729245360456 -474.22444436971284 105.0000000000108
    vertex 304.8931781697788 -483.49999999999596 105.00000000001086
  endloop
endfacet
facet normal 1.801556208301879e-14 -5.778835483585226e-14 -1.0
  outer loop
    vertex 128.8514523735413 -483.49999999999625 105.00000000001096
    vertex 293.89317816977905 -474.24999999999574 105.0000000000108
    vertex 304.8931781697788 -483.49999999999596 105.00000000001086
  endloop
endfacet
facet normal 1.801556208301879e-14 -5.778835483585226e-14 -1.0
  outer loop
    vertex 303.89317816977893 -472.47448519652716 105.00000000001619
    vertex 303.89317816977893 -472.6744851965271 105.00000000001619
    vertex 294.08729245360456 -474.22444436971284 105.0000000000108
  endloop
endfacet
facet normal 1.801556208301879e-14 -5.778835483585226e-14 -1.0
  outer loop
    vertex 294.26817816977797 -474.1495190528343 105.00000000001077
    vertex 303.89317816977893 -472.47448519652716 105.00000000001619
    vertex 294.08729245360456 -474.22444436971284 105.0000000000108
  endloop
endfacet
facet normal 1.801556208301879e-14 -5.778835483585226e-14 -1.0
  outer loop
    vertex 294.4235082556684 -474.03033008588653 105.00000000001077
    vertex 303.89317816977893 -472.47448519652716 105.00000000001619
    vertex 294.26817816977797 -474.1495190528343 105.00000000001077
  endloop
endfacet
facet normal 1.801556208301879e-14 -5.778835483585226e-14 -1.0
  outer loop
    vertex 294.5426972226168 -473.87499999999653 105.00000000001077
    vertex 303.89317816977893 -472.47448519652716 105.00000000001619
    vertex 294.4235082556684 -474.03033008588653 105.00000000001077
  endloop
endfacet
facet normal 1.801556208301879e-14 -5.778835483585226e-14 -1.0
  outer loop
    vertex 294.6176225394957 -473.69411428382347 105.00000000001077
    vertex 303.89317816977893 -472.47448519652716 105.00000000001619
    vertex 294.5426972226168 -473.87499999999653 105.00000000001077
  endloop
endfacet
facet normal 1.801556208301879e-14 -5.778835483585226e-14 -1.0
  outer loop
    vertex 294.6431781697786 -473.4999999999959 105.00000000001077
    vertex 303.89317816977893 -472.47448519652716 105.00000000001619
    vertex 294.6176225394957 -473.69411428382347 105.00000000001077
  endloop
endfacet
facet normal 1.801556208301879e-14 -5.778835483585226e-14 -1.0
  outer loop
    vertex 295.8931781697792 -455.56473874497385 105.00000000001062
    vertex 303.89317816977893 -472.47448519652716 105.00000000001619
    vertex 294.6431781697786 -473.4999999999959 105.00000000001077
  endloop
endfacet
facet normal 1.801556208301879e-14 -5.778835483585226e-14 -1.0
  outer loop
    vertex 295.8250298223574 -456.0823768351791 105.00000000001062
    vertex 295.8931781697792 -455.56473874497385 105.00000000001062
    vertex 294.6431781697786 -473.4999999999959 105.00000000001077
  endloop
endfacet
facet normal 1.801556208301879e-14 -5.778835483585226e-14 -1.0
  outer loop
    vertex 295.625228977348 -456.5647387449739 105.00000000001057
    vertex 295.8250298223574 -456.0823768351791 105.00000000001062
    vertex 294.6431781697786 -473.4999999999959 105.00000000001077
  endloop
endfacet
facet normal 1.801556208301879e-14 -5.778835483585226e-14 -1.0
  outer loop
    vertex 295.3073917321524 -456.97895230734764 105.00000000001063
    vertex 295.625228977348 -456.5647387449739 105.00000000001057
    vertex 294.6431781697786 -473.4999999999959 105.00000000001077
  endloop
endfacet
facet normal 1.801556208301879e-14 -5.778835483585226e-14 -1.0
  outer loop
    vertex 294.8931781697783 -457.2967895525434 105.00000000001063
    vertex 295.3073917321524 -456.97895230734764 105.00000000001063
    vertex 294.6431781697786 -473.4999999999959 105.00000000001077
  endloop
endfacet
facet normal 1.801556208301879e-14 -5.778835483585226e-14 -1.0
  outer loop
    vertex 293.69906388595183 -474.22444436971205 105.0000000000108
    vertex 293.89317816977905 -474.24999999999574 105.0000000000108
    vertex 128.8514523735413 -483.49999999999625 105.00000000001096
  endloop
endfacet
facet normal 1.801556208301879e-14 -5.778835483585226e-14 -1.0
  outer loop
    vertex 293.51817816977785 -474.14951905283374 105.0000000000108
    vertex 293.69906388595183 -474.22444436971205 105.0000000000108
    vertex 128.8514523735413 -483.49999999999625 105.00000000001096
  endloop
endfacet
facet normal 1.801556208301879e-14 -5.778835483585226e-14 -1.0
  outer loop
    vertex 293.3628480838879 -474.03033008588534 105.0000000000108
    vertex 293.51817816977785 -474.14951905283374 105.0000000000108
    vertex 128.8514523735413 -483.49999999999625 105.00000000001096
  endloop
endfacet
facet normal 1.801556208301879e-14 -5.778835483585226e-14 -1.0
  outer loop
    vertex 293.2436591169413 -473.87499999999653 105.00000000001077
    vertex 293.3628480838879 -474.03033008588534 105.0000000000108
    vertex 128.8514523735413 -483.49999999999625 105.00000000001096
  endloop
endfacet
facet normal 1.801556208301879e-14 -5.778835483585226e-14 -1.0
  outer loop
    vertex 293.1687338000624 -473.69411428382347 105.00000000001077
    vertex 293.2436591169413 -473.87499999999653 105.00000000001077
    vertex 128.8514523735413 -483.49999999999625 105.00000000001096
  endloop
endfacet
facet normal 1.801556208301879e-14 -5.778835483585226e-14 -1.0
  outer loop
    vertex 293.14317816977893 -473.49999999999625 105.00000000001077
    vertex 293.1687338000624 -473.69411428382347 105.00000000001077
    vertex 128.8514523735413 -483.49999999999625 105.00000000001096
  endloop
endfacet
facet normal 1.801556208301879e-14 -5.778835483585226e-14 -1.0
  outer loop
    vertex 292.89317816977876 -457.2967895525427 105.00000000001066
    vertex 293.14317816977893 -473.49999999999625 105.00000000001077
    vertex 128.8514523735413 -483.49999999999625 105.00000000001096
  endloop
endfacet
facet normal 1.801556208301879e-14 -5.778835483585226e-14 -1.0
  outer loop
    vertex 292.4789646074058 -456.97895230734764 105.00000000001063
    vertex 292.89317816977876 -457.2967895525427 105.00000000001066
    vertex 128.8514523735413 -483.49999999999625 105.00000000001096
  endloop
endfacet
facet normal 1.801556208301879e-14 -5.778835483585226e-14 -1.0
  outer loop
    vertex 292.1611273622102 -456.5647387449744 105.00000000001063
    vertex 292.4789646074058 -456.97895230734764 105.00000000001063
    vertex 128.8514523735413 -483.49999999999625 105.00000000001096
  endloop
endfacet
facet normal 1.801556208301879e-14 -5.778835483585226e-14 -1.0
  outer loop
    vertex 291.9613265172014 -456.08237683517854 105.00000000001062
    vertex 292.1611273622102 -456.5647387449744 105.00000000001063
    vertex 128.8514523735413 -483.49999999999625 105.00000000001096
  endloop
endfacet
facet normal 1.801556208301879e-14 -5.778835483585226e-14 -1.0
  outer loop
    vertex 291.893178169779 -455.56473874497385 105.00000000001062
    vertex 291.9613265172014 -456.08237683517854 105.00000000001062
    vertex 128.8514523735413 -483.49999999999625 105.00000000001096
  endloop
endfacet
facet normal 1.801556208301879e-14 -5.778835483585226e-14 -1.0
  outer loop
    vertex 257.3723152716631 -439.6999999999957 105.0000000000105
    vertex 291.893178169779 -455.56473874497385 105.00000000001062
    vertex 128.8514523735413 -483.49999999999625 105.00000000001096
  endloop
endfacet
facet normal 1.801556208301879e-14 -5.778835483585226e-14 -1.0
  outer loop
    vertex 250.4618467674262 -438.79021956191383 105.00000000001047
    vertex 257.3723152716631 -439.6999999999957 105.0000000000105
    vertex 128.8514523735413 -483.49999999999625 105.00000000001096
  endloop
endfacet
facet normal 1.801556208301879e-14 -5.778835483585226e-14 -1.0
  outer loop
    vertex 244.0223152716636 -436.12287828104115 105.00000000001046
    vertex 250.4618467674262 -438.79021956191383 105.00000000001047
    vertex 128.8514523735413 -483.49999999999625 105.00000000001096
  endloop
endfacet
facet normal 1.801556208301879e-14 -5.778835483585226e-14 -1.0
  outer loop
    vertex 238.492564213982 -431.87975105767623 105.00000000001043
    vertex 244.0223152716636 -436.12287828104115 105.00000000001046
    vertex 128.8514523735413 -483.49999999999625 105.00000000001096
  endloop
endfacet
facet normal 1.801556208301879e-14 -5.778835483585226e-14 -1.0
  outer loop
    vertex 235.23121459917303 -427.62947748995146 105.00000000001039
    vertex 238.492564213982 -431.87975105767623 105.00000000001043
    vertex 128.8514523735413 -483.49999999999625 105.00000000001096
  endloop
endfacet
facet normal 1.801556208301879e-14 -5.778835483585226e-14 -1.0
  outer loop
    vertex 195.25206632933913 -431.87975105767634 105.00000000001046
    vertex 235.23121459917303 -427.62947748995146 105.00000000001039
    vertex 128.8514523735413 -483.49999999999625 105.00000000001096
  endloop
endfacet
facet normal 1.801556208301879e-14 -5.778835483585226e-14 -1.0
  outer loop
    vertex 198.5134159441481 -427.6294774899516 105.00000000001042
    vertex 235.23121459917303 -427.62947748995146 105.00000000001039
    vertex 195.25206632933913 -431.87975105767634 105.00000000001046
  endloop
endfacet
facet normal 1.801556208301879e-14 -5.778835483585226e-14 -1.0
  outer loop
    vertex 189.72231527165798 -436.1228782810401 105.0000000000105
    vertex 195.25206632933913 -431.87975105767634 105.00000000001046
    vertex 128.8514523735413 -483.49999999999625 105.00000000001096
  endloop
endfacet
facet normal 1.801556208301879e-14 -5.778835483585226e-14 -1.0
  outer loop
    vertex 140.38178245943573 -474.0303300858859 105.00000000001091
    vertex 189.72231527165798 -436.1228782810401 105.0000000000105
    vertex 128.8514523735413 -483.49999999999625 105.00000000001096
  endloop
endfacet
facet normal 1.801556208301879e-14 -5.778835483585226e-14 -1.0
  outer loop
    vertex 183.2827837758954 -438.79021956191383 105.00000000001053
    vertex 189.72231527165798 -436.1228782810401 105.0000000000105
    vertex 140.38178245943573 -474.0303300858859 105.00000000001091
  endloop
endfacet
facet normal 1.801556208301879e-14 -5.778835483585226e-14 -1.0
  outer loop
    vertex 176.37231527165847 -439.69999999999567 105.00000000001054
    vertex 183.2827837758954 -438.79021956191383 105.00000000001053
    vertex 140.38178245943573 -474.0303300858859 105.00000000001091
  endloop
endfacet
facet normal 1.801556208301879e-14 -5.778835483585226e-14 -1.0
  outer loop
    vertex 140.50097142638413 -473.874999999996 105.00000000001089
    vertex 176.37231527165847 -439.69999999999567 105.00000000001054
    vertex 140.38178245943573 -474.0303300858859 105.00000000001091
  endloop
endfacet
facet normal 1.801556208301879e-14 -5.778835483585226e-14 -1.0
  outer loop
    vertex 140.57589674326294 -473.69411428382284 105.00000000001089
    vertex 176.37231527165847 -439.69999999999567 105.00000000001054
    vertex 140.50097142638413 -473.874999999996 105.00000000001089
  endloop
endfacet
facet normal 1.801556208301879e-14 -5.778835483585226e-14 -1.0
  outer loop
    vertex 140.6014523735459 -473.4999999999956 105.00000000001089
    vertex 176.37231527165847 -439.69999999999567 105.00000000001054
    vertex 140.57589674326294 -473.69411428382284 105.00000000001089
  endloop
endfacet
facet normal 1.801556208301879e-14 -5.778835483585226e-14 -1.0
  outer loop
    vertex 141.85145237354592 -455.5647387449732 105.00000000001073
    vertex 176.37231527165847 -439.69999999999567 105.00000000001054
    vertex 140.6014523735459 -473.4999999999956 105.00000000001089
  endloop
endfacet
facet normal 1.801556208301879e-14 -5.778835483585226e-14 -1.0
  outer loop
    vertex 141.78330402612463 -456.0823768351783 105.00000000001074
    vertex 141.85145237354592 -455.5647387449732 105.00000000001073
    vertex 140.6014523735459 -473.4999999999956 105.00000000001089
  endloop
endfacet
facet normal 1.801556208301879e-14 -5.778835483585226e-14 -1.0
  outer loop
    vertex 141.58350318111533 -456.5647387449739 105.00000000001073
    vertex 141.78330402612463 -456.0823768351783 105.00000000001074
    vertex 140.6014523735459 -473.4999999999956 105.00000000001089
  endloop
endfacet
facet normal 1.801556208301879e-14 -5.778835483585226e-14 -1.0
  outer loop
    vertex 141.26566593591966 -456.97895230734713 105.00000000001073
    vertex 141.58350318111533 -456.5647387449739 105.00000000001073
    vertex 140.6014523735459 -473.4999999999956 105.00000000001089
  endloop
endfacet
facet normal 1.801556208301879e-14 -5.778835483585226e-14 -1.0
  outer loop
    vertex 140.85145237354502 -457.2967895525431 105.00000000001073
    vertex 141.26566593591966 -456.97895230734713 105.00000000001073
    vertex 140.6014523735459 -473.4999999999956 105.00000000001089
  endloop
endfacet
facet normal 1.801556208301879e-14 -5.778835483585226e-14 -1.0
  outer loop
    vertex 140.22645237354584 -474.1495190528343 105.00000000001091
    vertex 140.38178245943573 -474.0303300858859 105.00000000001091
    vertex 128.8514523735413 -483.49999999999625 105.00000000001096
  endloop
endfacet
facet normal 1.801556208301879e-14 -5.778835483585226e-14 -1.0
  outer loop
    vertex 140.04556665737124 -474.22444436971256 105.00000000001089
    vertex 140.22645237354584 -474.1495190528343 105.00000000001091
    vertex 128.8514523735413 -483.49999999999625 105.00000000001096
  endloop
endfacet
facet normal 1.801556208301879e-14 -5.778835483585226e-14 -1.0
  outer loop
    vertex 139.85145237354632 -474.24999999999545 105.00000000001089
    vertex 140.04556665737124 -474.22444436971256 105.00000000001089
    vertex 128.8514523735413 -483.49999999999625 105.00000000001096
  endloop
endfacet
facet normal 1.801556208301879e-14 -5.778835483585226e-14 -1.0
  outer loop
    vertex 139.6573380897191 -474.2244443697114 105.00000000001089
    vertex 139.85145237354632 -474.24999999999545 105.00000000001089
    vertex 128.8514523735413 -483.49999999999625 105.00000000001096
  endloop
endfacet
facet normal 1.801556208301879e-14 -5.778835483585226e-14 -1.0
  outer loop
    vertex 139.47645237354567 -474.1495190528334 105.00000000001089
    vertex 139.6573380897191 -474.2244443697114 105.00000000001089
    vertex 128.8514523735413 -483.49999999999625 105.00000000001096
  endloop
endfacet
facet normal 1.801556208301879e-14 -5.778835483585226e-14 -1.0
  outer loop
    vertex 139.32112228765692 -474.03033008588534 105.00000000001089
    vertex 139.47645237354567 -474.1495190528334 105.00000000001089
    vertex 128.8514523735413 -483.49999999999625 105.00000000001096
  endloop
endfacet
facet normal 1.801556208301879e-14 -5.778835483585226e-14 -1.0
  outer loop
    vertex 139.20193332070858 -473.87499999999574 105.00000000001089
    vertex 139.32112228765692 -474.03033008588534 105.00000000001089
    vertex 128.8514523735413 -483.49999999999625 105.00000000001096
  endloop
endfacet
facet normal 1.801556208301879e-14 -5.778835483585226e-14 -1.0
  outer loop
    vertex 139.1270080038297 -473.6941142838231 105.00000000001086
    vertex 139.20193332070858 -473.87499999999574 105.00000000001089
    vertex 128.8514523735413 -483.49999999999625 105.00000000001096
  endloop
endfacet
facet normal 1.801556208301879e-14 -5.778835483585226e-14 -1.0
  outer loop
    vertex 139.1014523735468 -473.4999999999956 105.00000000001089
    vertex 139.1270080038297 -473.6941142838231 105.00000000001086
    vertex 128.8514523735413 -483.49999999999625 105.00000000001096
  endloop
endfacet
facet normal 1.801556208301879e-14 -5.778835483585226e-14 -1.0
  outer loop
    vertex 138.8514523735449 -457.296789552541 105.00000000001073
    vertex 139.1014523735468 -473.4999999999956 105.00000000001089
    vertex 128.8514523735413 -483.49999999999625 105.00000000001096
  endloop
endfacet
facet normal 1.801556208301879e-14 -5.778835483585226e-14 -1.0
  outer loop
    vertex 138.43723881117313 -456.9789523073465 105.00000000001073
    vertex 138.8514523735449 -457.296789552541 105.00000000001073
    vertex 128.8514523735413 -483.49999999999625 105.00000000001096
  endloop
endfacet
facet normal 1.801556208301879e-14 -5.778835483585226e-14 -1.0
  outer loop
    vertex 138.11940156597808 -456.56473874497334 105.0000000000107
    vertex 138.43723881117313 -456.9789523073465 105.00000000001073
    vertex 128.8514523735413 -483.49999999999625 105.00000000001096
  endloop
endfacet
facet normal 1.801556208301879e-14 -5.778835483585226e-14 -1.0
  outer loop
    vertex 137.9196007209681 -456.08237683517854 105.00000000001073
    vertex 138.11940156597808 -456.56473874497334 105.0000000000107
    vertex 128.8514523735413 -483.49999999999625 105.00000000001096
  endloop
endfacet
facet normal 1.801556208301879e-14 -5.778835483585226e-14 -1.0
  outer loop
    vertex 137.85145237354573 -455.56473874497294 105.00000000001073
    vertex 137.9196007209681 -456.08237683517854 105.00000000001073
    vertex 128.8514523735413 -483.49999999999625 105.00000000001096
  endloop
endfacet
facet normal 1.801556208301879e-14 -5.778835483585226e-14 -1.0
  outer loop
    vertex 128.85145237354146 -439.6999999999955 105.00000000001057
    vertex 137.85145237354573 -455.56473874497294 105.00000000001073
    vertex 128.8514523735413 -483.49999999999625 105.00000000001096
  endloop
endfacet
facet normal 1.801556208301879e-14 -5.778835483585226e-14 -1.0
  outer loop
    vertex 140.85145237354558 -453.8326879374037 105.0000000000107
    vertex 140.36909046375084 -453.6328870923953 105.00000000001069
    vertex 140.60145237354658 -447.6294774899515 105.00000000001063
  endloop
endfacet
facet normal 1.801556208301879e-14 -5.778835483585226e-14 -1.0
  outer loop
    vertex 140.5758967432625 -447.82359177377873 105.00000000001063
    vertex 140.60145237354658 -447.6294774899515 105.00000000001063
    vertex 140.36909046375084 -453.6328870923953 105.00000000001069
  endloop
endfacet
facet normal 1.801556208301879e-14 -5.778835483585226e-14 -1.0
  outer loop
    vertex 140.5009714263842 -448.00447748995214 105.00000000001066
    vertex 140.5758967432625 -447.82359177377873 105.00000000001063
    vertex 140.36909046375084 -453.6328870923953 105.00000000001069
  endloop
endfacet
facet normal 1.801556208301879e-14 -5.778835483585226e-14 -1.0
  outer loop
    vertex 140.3817824594358 -448.15980757584174 105.00000000001066
    vertex 140.5009714263842 -448.00447748995214 105.00000000001066
    vertex 140.36909046375084 -453.6328870923953 105.00000000001069
  endloop
endfacet
facet normal 1.801556208301879e-14 -5.778835483585226e-14 -1.0
  outer loop
    vertex 140.22645237354592 -448.2789965427901 105.00000000001066
    vertex 140.3817824594358 -448.15980757584174 105.00000000001066
    vertex 140.36909046375084 -453.6328870923953 105.00000000001069
  endloop
endfacet
facet normal 1.801556208301879e-14 -5.778835483585226e-14 -1.0
  outer loop
    vertex 139.85145237354638 -453.5647387449731 105.0000000000107
    vertex 140.22645237354592 -448.2789965427901 105.00000000001066
    vertex 140.36909046375084 -453.6328870923953 105.00000000001069
  endloop
endfacet
facet normal 1.801556208301879e-14 -5.778835483585226e-14 -1.0
  outer loop
    vertex 140.0455666573731 -448.35392185966873 105.00000000001066
    vertex 140.22645237354592 -448.2789965427901 105.00000000001066
    vertex 139.85145237354638 -453.5647387449731 105.0000000000107
  endloop
endfacet
facet normal 1.801556208301879e-14 -5.778835483585226e-14 -1.0
  outer loop
    vertex 139.8514523735464 -448.3794774899516 105.00000000001066
    vertex 140.0455666573731 -448.35392185966873 105.00000000001066
    vertex 139.85145237354638 -453.5647387449731 105.0000000000107
  endloop
endfacet
facet normal 1.801556208301879e-14 -5.778835483585226e-14 -1.0
  outer loop
    vertex 139.6573380897186 -448.35392185966833 105.00000000001063
    vertex 139.8514523735464 -448.3794774899516 105.00000000001066
    vertex 139.85145237354638 -453.5647387449731 105.0000000000107
  endloop
endfacet
facet normal 1.801556208301879e-14 -5.778835483585226e-14 -1.0
  outer loop
    vertex 139.3338142833414 -453.632887092395 105.00000000001069
    vertex 139.6573380897186 -448.35392185966833 105.00000000001063
    vertex 139.85145237354638 -453.5647387449731 105.0000000000107
  endloop
endfacet
facet normal 1.801556208301879e-14 -5.778835483585226e-14 -1.0
  outer loop
    vertex 139.47645237354575 -448.2789965427898 105.00000000001063
    vertex 139.6573380897186 -448.35392185966833 105.00000000001063
    vertex 139.3338142833414 -453.632887092395 105.00000000001069
  endloop
endfacet
facet normal 1.801556208301879e-14 -5.778835483585226e-14 -1.0
  outer loop
    vertex 139.32112228765646 -448.15980757584174 105.00000000001066
    vertex 139.47645237354575 -448.2789965427898 105.00000000001063
    vertex 139.3338142833414 -453.632887092395 105.00000000001069
  endloop
endfacet
facet normal 1.801556208301879e-14 -5.778835483585226e-14 -1.0
  outer loop
    vertex 138.8514523735466 -453.83268793740433 105.00000000001069
    vertex 139.32112228765646 -448.15980757584174 105.00000000001066
    vertex 139.3338142833414 -453.632887092395 105.00000000001069
  endloop
endfacet
facet normal 1.801556208301879e-14 -5.778835483585226e-14 -1.0
  outer loop
    vertex 139.20193332070866 -448.0044774899515 105.00000000001066
    vertex 139.32112228765646 -448.15980757584174 105.00000000001066
    vertex 138.8514523735466 -453.83268793740433 105.00000000001069
  endloop
endfacet
facet normal 1.801556208301879e-14 -5.778835483585226e-14 -1.0
  outer loop
    vertex 139.1270080038292 -447.82359177377873 105.00000000001066
    vertex 139.20193332070866 -448.0044774899515 105.00000000001066
    vertex 138.8514523735466 -453.83268793740433 105.00000000001069
  endloop
endfacet
facet normal 1.801556208301879e-14 -5.778835483585226e-14 -1.0
  outer loop
    vertex 139.10145237354573 -447.6294774899518 105.00000000001063
    vertex 139.1270080038292 -447.82359177377873 105.00000000001066
    vertex 138.8514523735466 -453.83268793740433 105.00000000001069
  endloop
endfacet
facet normal 0.7352878122146302 -0.6054678131259532 0.304566184066942
  outer loop
    vertex 132.9299666793592 -445.47236785644367 144.57472699216692
    vertex 136.9539718594944 -445.4723678564438 134.85991911122446
    vertex 134.31176229040602 -443.6080517243084 144.9449780102518
  endloop
endfacet
facet normal 0.7352878122146302 -0.6054678131259532 0.304566184066942
  outer loop
    vertex 138.1928559119083 -443.60805172430844 135.5751891523804
    vertex 134.31176229040602 -443.6080517243084 144.9449780102518
    vertex 136.9539718594944 -445.4723678564438 134.85991911122446
  endloop
endfacet
facet normal -1.3774479176553508e-14 -0.3826834323651095 0.9238795325112784
  outer loop
    vertex 180.696848367486 -447.6434099749251 113.82056313247425
    vertex 180.696848367486 -445.4723678564432 114.71983822243254
    vertex 171.8376152274285 -447.643409974925 113.82056313247409
  endloop
endfacet
facet normal -1.3774479176553508e-14 -0.3826834323651095 0.9238795325112784
  outer loop
    vertex 171.8376152274285 -445.4723678564432 114.71983822243247
    vertex 171.8376152274285 -447.643409974925 113.82056313247409
    vertex 180.696848367486 -445.4723678564432 114.71983822243254
  endloop
endfacet
facet normal -0.6111333983591825 -0.05928772269486907 0.7893040829411775
  outer loop
    vertex 227.1390709028728 -430.0397584726884 107.57511636054677
    vertex 226.82538735942634 -427.62947748995174 107.51328667988382
    vertex 226.14069983069115 -427.62947748995174 106.98315459860649
  endloop
endfacet
facet normal -0.7144588687171769 -0.34664560425470947 0.6077708038086884
  outer loop
    vertex 229.0399971056164 -428.94225821782464 109.25939949028823
    vertex 234.86188019965294 -434.0391323473469 113.19622400001579
    vertex 230.49862908313824 -428.10011665295383 111.45440000001575
  endloop
endfacet
facet normal 0.35399527968562405 -0.3798837279585169 0.8546202052330827
  outer loop
    vertex 161.41234221957964 -445.472367856444 116.09235145194641
    vertex 151.69753433863707 -445.47236785644395 120.11635663208193
    vertex 161.17959269951226 -447.64340997492593 115.22371841761708
  endloop
endfacet
facet normal 0.35399527968562405 -0.3798837279585169 0.8546202052330827
  outer loop
    vertex 151.24789679365733 -447.6434099749258 119.33756155918736
    vertex 161.17959269951226 -447.64340997492593 115.22371841761708
    vertex 151.69753433863707 -445.47236785644395 120.11635663208193
  endloop
endfacet
facet normal 0.7866802725955371 -0.1294283079954306 0.6036410040731589
  outer loop
    vertex 136.0065323588794 -449.12256012438905 134.31291466050348
    vertex 136.29106020720025 -448.94195961361527 133.98083379556485
    vertex 136.17517678659988 -447.64340997492565 134.41028156624526
  endloop
endfacet
facet normal 0.7866802725955371 -0.1294283079954306 0.6036410040731589
  outer loop
    vertex 136.7773322121435 -448.83973709248244 133.36902958915212
    vertex 136.17517678659988 -447.64340997492565 134.41028156624526
    vertex 136.29106020720025 -448.94195961361527 133.98083379556485
  endloop
endfacet
facet normal 0.7866802725955371 -0.1294283079954306 0.6036410040731589
  outer loop
    vertex 138.0943873045246 -449.97322514719724 131.4095757214204
    vertex 142.5024681480346 -449.9732251471968 125.66485292062237
    vertex 137.9980550907294 -449.7184167489237 131.5897524677416
  endloop
endfacet
facet normal 0.7866802725955371 -0.1294283079954306 0.6036410040731589
  outer loop
    vertex 142.71935617294648 -447.6434099749257 125.88174094553399
    vertex 137.9980550907294 -449.7184167489237 131.5897524677416
    vertex 142.5024681480346 -449.9732251471968 125.66485292062237
  endloop
endfacet
facet normal 0.7866802725955371 -0.1294283079954306 0.6036410040731589
  outer loop
    vertex 137.66093778364194 -449.24166088112986 132.13131481709485
    vertex 137.9980550907294 -449.7184167489237 131.5897524677416
    vertex 142.71935617294648 -447.6434099749257 125.88174094553399
  endloop
endfacet
facet normal 0.7866802725955371 -0.1294283079954306 0.6036410040731589
  outer loop
    vertex 137.24457194278665 -448.94195961361527 132.73819310844686
    vertex 137.66093778364194 -449.24166088112986 132.13131481709485
    vertex 142.71935617294648 -447.6434099749257 125.88174094553399
  endloop
endfacet
facet normal 0.7866802725955371 -0.1294283079954306 0.6036410040731589
  outer loop
    vertex 136.7773322121435 -448.83973709248244 133.36902958915212
    vertex 137.24457194278665 -448.94195961361527 132.73819310844686
    vertex 142.71935617294648 -447.6434099749257 125.88174094553399
  endloop
endfacet
facet normal 0.7866802725955371 -0.1294283079954306 0.6036410040731589
  outer loop
    vertex 136.17517678659988 -447.64340997492565 134.41028156624526
    vertex 136.7773322121435 -448.83973709248244 133.36902958915212
    vertex 142.71935617294648 -447.6434099749257 125.88174094553399
  endloop
endfacet
facet normal 0.6087614290087185 1.435302317467685e-14 0.7933533402912368
  outer loop
    vertex 151.0945338004852 -483.4999999999959 119.0719290630108
    vertex 151.09453380048421 -449.9732251471969 119.07192906301063
    vertex 142.50246814803566 -483.4999999999958 125.66485292062248
  endloop
endfacet
facet normal 0.6087614290087185 1.435302317467685e-14 0.7933533402912368
  outer loop
    vertex 142.5024681480346 -449.9732251471968 125.66485292062237
    vertex 142.50246814803566 -483.4999999999958 125.66485292062248
    vertex 151.09453380048421 -449.9732251471969 119.07192906301063
  endloop
endfacet
facet normal 0.9914448613738119 1.8640852309980865e-14 0.13052619222004097
  outer loop
    vertex 130.35145237354158 -483.49999999999545 155.0000000000164
    vertex 131.76505909322466 -483.4999999999956 144.26259094520546
    vertex 130.3514523735405 -449.97322514719644 155.00000000001612
  endloop
endfacet
facet normal 0.9914448613738119 1.8640852309980865e-14 0.13052619222004097
  outer loop
    vertex 131.76505909322424 -449.97322514719656 144.26259094520518
    vertex 130.3514523735405 -449.97322514719644 155.00000000001612
    vertex 131.76505909322466 -483.4999999999956 144.26259094520546
  endloop
endfacet
facet normal 0.3794645986871934 -0.12942830799549707 0.9161085805910728
  outer loop
    vertex 161.17959269951226 -447.64340997492593 115.22371841761708
    vertex 151.24789679365733 -447.6434099749258 119.33756155918736
    vertex 161.10020617261753 -449.9732251471969 114.9274438658111
  endloop
endfacet
facet normal 0.3794645986871934 -0.12942830799549707 0.9161085805910728
  outer loop
    vertex 151.09453380048421 -449.9732251471969 119.07192906301063
    vertex 161.10020617261753 -449.9732251471969 114.9274438658111
    vertex 151.24789679365733 -447.6434099749258 119.33756155918736
  endloop
endfacet
facet normal -0.07988880177356841 -0.7908176098822426 0.6068156946316737
  outer loop
    vertex 261.9070153158925 -443.60805172430855 116.15037830474438
    vertex 271.96203730565645 -443.6080517243092 117.4741470629931
    vertex 261.9070153158925 -442.17751164199643 118.01469443687972
  endloop
endfacet
facet normal -0.07988880177356841 -0.7908176098822426 0.6068156946316737
  outer loop
    vertex 271.4795167845679 -442.1775116419972 119.27493816339008
    vertex 261.9070153158925 -442.17751164199643 118.01469443687972
    vertex 271.96203730565645 -443.6080517243092 117.4741470629931
  endloop
endfacet
facet normal -0.35615247006525297 -0.9227092328755067 0.14752318337370945
  outer loop
    vertex 293.9372295002974 -442.1775116419971 136.50734721844796
    vertex 297.63207715251787 -442.1775116419971 145.42749853134015
    vertex 292.0570518730066 -441.27823655203883 137.59286827768872
  endloop
endfacet
facet normal -0.35615247006525297 -0.9227092328755067 0.14752318337370945
  outer loop
    vertex 295.5350115003153 -441.2782365520387 145.9894055793229
    vertex 292.0570518730066 -441.27823655203883 137.59286827768872
    vertex 297.63207715251787 -442.1775116419971 145.42749853134015
  endloop
endfacet
facet normal -0.13052619222006254 7.979734056606196e-15 0.9914448613738089
  outer loop
    vertex 272.64442437070284 -449.97322514719735 114.92744386581103
    vertex 261.9070153158925 -449.97322514719644 113.51383714612763
    vertex 272.64442437070164 -483.4999999999964 114.92744386581124
  endloop
endfacet
facet normal -0.13052619222006254 7.979734056606196e-15 0.9914448613738089
  outer loop
    vertex 261.9070153158924 -483.4999999999955 113.51383714612783
    vertex 272.64442437070164 -483.4999999999964 114.92744386581124
    vertex 261.9070153158925 -449.97322514719644 113.51383714612763
  endloop
endfacet
facet normal 1.1877397305361214e-14 -0.3826834323651097 0.9238795325112785
  outer loop
    vertex 261.9070153158925 -447.64340997492536 113.82056313247402
    vertex 261.9070153158925 -445.4723678564436 114.71983822243241
    vertex 253.04778217583433 -447.64340997492536 113.82056313247418
  endloop
endfacet
facet normal 1.1877397305361214e-14 -0.3826834323651097 0.9238795325112785
  outer loop
    vertex 253.04778217583439 -445.4723678564436 114.71983822243253
    vertex 253.04778217583433 -447.64340997492536 113.82056313247418
    vertex 261.9070153158925 -445.4723678564436 114.71983822243241
  endloop
endfacet
facet normal -1.2749457603309259e-15 -1.7284857574956567e-15 1.0
  outer loop
    vertex 304.89317816981725 -472.6744851965284 155.00000000001475
    vertex 303.8931781698173 -472.6744851965284 155.00000000001612
    vertex 304.8931781697789 -483.4999999999959 155.00000000001617
  endloop
endfacet
facet normal -1.2749457603309259e-15 -1.7284857574956567e-15 1.0
  outer loop
    vertex 303.3931781697792 -483.49999999999613 155.00000000001629
    vertex 304.8931781697789 -483.4999999999959 155.00000000001617
    vertex 303.8931781698173 -472.6744851965284 155.00000000001612
  endloop
endfacet
facet normal -1.2749457603309259e-15 -1.7284857574956567e-15 1.0
  outer loop
    vertex 303.8931781698173 -472.47448519652835 155.0000000000161
    vertex 303.3931781697792 -483.49999999999613 155.00000000001629
    vertex 303.8931781698173 -472.6744851965284 155.00000000001612
  endloop
endfacet
facet normal -1.2749457603309259e-15 -1.7284857574956567e-15 1.0
  outer loop
    vertex 303.8931781698173 -461.3255148034858 155.000000000016
    vertex 303.3931781697792 -483.49999999999613 155.00000000001629
    vertex 303.8931781698173 -472.47448519652835 155.0000000000161
  endloop
endfacet
facet normal -1.2749457603309259e-15 -1.7284857574956567e-15 1.0
  outer loop
    vertex 303.3931781697799 -449.9732251471972 155.00000000001603
    vertex 303.3931781697792 -483.49999999999613 155.00000000001629
    vertex 303.8931781698173 -461.3255148034858 155.000000000016
  endloop
endfacet
facet normal -1.2749457603309259e-15 -1.7284857574956567e-15 1.0
  outer loop
    vertex 304.89317816981736 -461.3255148034858 155.0000000000153
    vertex 304.893178169779 -439.6999999999951 155.00000000001577
    vertex 303.8931781698173 -461.3255148034858 155.000000000016
  endloop
endfacet
facet normal -1.2749457603309259e-15 -1.7284857574956567e-15 1.0
  outer loop
    vertex 303.3931781697799 -449.9732251471972 155.00000000001603
    vertex 303.8931781698173 -461.3255148034858 155.000000000016
    vertex 304.893178169779 -439.6999999999951 155.00000000001577
  endloop
endfacet
facet normal -1.2749457603309259e-15 -1.7284857574956567e-15 1.0
  outer loop
    vertex 303.08645218343366 -447.6434099749261 155.000000000016
    vertex 303.3931781697799 -449.9732251471972 155.00000000001603
    vertex 304.893178169779 -439.6999999999951 155.00000000001577
  endloop
endfacet
facet normal -1.2749457603309259e-15 -1.7284857574956567e-15 1.0
  outer loop
    vertex 302.1871770934753 -445.47236785644424 155.00000000001597
    vertex 303.08645218343366 -447.6434099749261 155.000000000016
    vertex 304.893178169779 -439.6999999999951 155.00000000001577
  endloop
endfacet
facet normal -1.2749457603309259e-15 -1.7284857574956567e-15 1.0
  outer loop
    vertex 300.7566370111638 -443.6080517243089 155.00000000001594
    vertex 302.1871770934753 -445.47236785644424 155.00000000001597
    vertex 304.893178169779 -439.6999999999951 155.00000000001577
  endloop
endfacet
facet normal -1.2749457603309259e-15 -1.7284857574956567e-15 1.0
  outer loop
    vertex 298.89232087902786 -442.17751164199706 155.00000000001592
    vertex 300.7566370111638 -443.6080517243089 155.00000000001594
    vertex 304.893178169779 -439.6999999999951 155.00000000001577
  endloop
endfacet
facet normal -1.2749457603309259e-15 -1.7284857574956567e-15 1.0
  outer loop
    vertex 296.72127876054634 -441.2782365520387 155.00000000001592
    vertex 298.89232087902786 -442.17751164199706 155.00000000001592
    vertex 304.893178169779 -439.6999999999951 155.00000000001577
  endloop
endfacet
facet normal -1.2749457603309259e-15 -1.7284857574956567e-15 1.0
  outer loop
    vertex 294.3914635882759 -440.97151056569214 155.00000000001592
    vertex 296.72127876054634 -441.2782365520387 155.00000000001592
    vertex 304.893178169779 -439.6999999999951 155.00000000001577
  endloop
endfacet
facet normal -1.2749457603309259e-15 -1.7284857574956567e-15 1.0
  outer loop
    vertex 257.3723152716632 -439.69999999999555 155.00000000001583
    vertex 294.3914635882759 -440.97151056569214 155.00000000001592
    vertex 304.893178169779 -439.6999999999951 155.00000000001577
  endloop
endfacet
facet normal -1.2749457603309259e-15 -1.7284857574956567e-15 1.0
  outer loop
    vertex 253.04778217583495 -440.9715105656917 155.00000000001583
    vertex 294.3914635882759 -440.97151056569214 155.00000000001592
    vertex 257.3723152716632 -439.69999999999555 155.00000000001583
  endloop
endfacet
facet normal -1.2749457603309259e-15 -1.7284857574956567e-15 1.0
  outer loop
    vertex 250.46184676742627 -438.7902195619134 155.00000000001583
    vertex 253.04778217583495 -440.9715105656917 155.00000000001583
    vertex 257.3723152716632 -439.69999999999555 155.00000000001583
  endloop
endfacet
facet normal -1.2749457603309259e-15 -1.7284857574956567e-15 1.0
  outer loop
    vertex 246.92779666896638 -439.9782634680649 155.00000000001583
    vertex 253.04778217583495 -440.9715105656917 155.00000000001583
    vertex 250.46184676742627 -438.7902195619134 155.00000000001583
  endloop
endfacet
facet normal -1.2749457603309259e-15 -1.7284857574956567e-15 1.0
  outer loop
    vertex 244.02231527166308 -436.12287828104036 155.00000000001583
    vertex 246.92779666896638 -439.9782634680649 155.00000000001583
    vertex 250.46184676742627 -438.7902195619134 155.00000000001583
  endloop
endfacet
facet normal -1.2749457603309259e-15 -1.7284857574956567e-15 1.0
  outer loop
    vertex 241.03781667704797 -437.3289178134669 155.0000000000158
    vertex 246.92779666896638 -439.9782634680649 155.00000000001583
    vertex 244.02231527166308 -436.12287828104036 155.00000000001583
  endloop
endfacet
facet normal -1.2749457603309259e-15 -1.7284857574956567e-15 1.0
  outer loop
    vertex 238.492564213982 -431.8797510576764 155.00000000001575
    vertex 241.03781667704797 -437.3289178134669 155.0000000000158
    vertex 244.02231527166308 -436.12287828104036 155.00000000001583
  endloop
endfacet
facet normal -1.2749457603309259e-15 -1.7284857574956567e-15 1.0
  outer loop
    vertex 235.8257513874118 -433.07526115958797 155.00000000001577
    vertex 241.03781667704797 -437.3289178134669 155.0000000000158
    vertex 238.492564213982 -431.8797510576764 155.00000000001575
  endloop
endfacet
facet normal -1.2749457603309259e-15 -1.7284857574956567e-15 1.0
  outer loop
    vertex 235.2312145991731 -427.6294774899513 155.00000000001572
    vertex 235.8257513874118 -433.07526115958797 155.00000000001577
    vertex 238.492564213982 -431.8797510576764 155.00000000001575
  endloop
endfacet
facet normal -1.2749457603309259e-15 -1.7284857574956567e-15 1.0
  outer loop
    vertex 231.9007977327393 -427.6294774899513 155.00000000001572
    vertex 235.8257513874118 -433.07526115958797 155.00000000001577
    vertex 235.2312145991731 -427.6294774899513 155.00000000001572
  endloop
endfacet
facet normal -0.34046980948882044 -0.29203566163638867 0.8937535908511042
  outer loop
    vertex 245.1290314250921 -446.69134674908685 112.10475326299327
    vertex 245.71435126674098 -444.5069033613757 113.04149814836653
    vertex 238.59594531704778 -441.5583630745336 111.29322723788115
  endloop
endfacet
facet normal 1.0 8.84987381159829e-13 -3.8407055313877875e-13
  outer loop
    vertex 304.89317816981736 -461.3255148034858 155.0000000000153
    vertex 304.89317816977893 -461.3255148034845 105.00000000001538
    vertex 304.893178169779 -439.6999999999951 155.00000000001577
  endloop
endfacet
facet normal 1.0 8.84987381159829e-13 -3.8407055313877875e-13
  outer loop
    vertex 304.893178169779 -439.69999999999555 105.00000000001046
    vertex 304.893178169779 -439.6999999999951 155.00000000001577
    vertex 304.89317816977893 -461.3255148034845 105.00000000001538
  endloop
endfacet
facet normal -0.9914448613738099 2.6017036330565214e-15 -0.1305261922200548
  outer loop
    vertex 135.6014523735412 -483.4999999999959 110.00000000001101
    vertex 135.57589674325772 -483.4999999999959 110.1941142838379
    vertex 135.60145237354126 -473.4999999999959 110.00000000001091
  endloop
endfacet
facet normal -0.9914448613738099 2.6017036330565214e-15 -0.1305261922200548
  outer loop
    vertex 135.57589674325777 -473.4999999999959 110.19411428383782
    vertex 135.60145237354126 -473.4999999999959 110.00000000001091
    vertex 135.57589674325772 -483.4999999999959 110.1941142838379
  endloop
endfacet
facet normal -0.9914448613738098 4.9705847011905074e-15 0.13052619222005593
  outer loop
    vertex 135.57589674325772 -483.4999999999959 109.80588571618411
    vertex 135.6014523735412 -483.4999999999959 110.00000000001101
    vertex 135.57589674325777 -473.4999999999959 109.80588571618402
  endloop
endfacet
facet normal -0.9914448613738098 4.9705847011905074e-15 0.13052619222005593
  outer loop
    vertex 135.60145237354126 -473.4999999999959 110.00000000001091
    vertex 135.57589674325777 -473.4999999999959 109.80588571618402
    vertex 135.6014523735412 -483.4999999999959 110.00000000001101
  endloop
endfacet
facet normal 0.3826834323650507 6.922210421818902e-15 0.923879532511303
  outer loop
    vertex 134.65733808971382 -483.4999999999959 109.2755556302942
    vertex 134.65733808971387 -473.4999999999959 109.27555563029412
    vertex 134.4764523735404 -483.4999999999959 109.35048094717267
  endloop
endfacet
facet normal 0.3826834323650507 6.922210421818902e-15 0.923879532511303
  outer loop
    vertex 134.47645237354047 -473.4999999999959 109.35048094717258
    vertex 134.4764523735404 -483.4999999999959 109.35048094717267
    vertex 134.65733808971387 -473.4999999999959 109.27555563029412
  endloop
endfacet
facet normal 0.7933533402913197 -8.55378448393741e-15 -0.6087614290086105
  outer loop
    vertex 134.32112228765112 -483.4999999999959 110.53033008590091
    vertex 134.20193332070212 -483.4999999999959 110.37500000001101
    vertex 134.32112228765115 -473.4999999999959 110.53033008590081
  endloop
endfacet
facet normal 0.7933533402913197 -8.55378448393741e-15 -0.6087614290086105
  outer loop
    vertex 134.20193332070218 -473.4999999999959 110.37500000001093
    vertex 134.32112228765115 -473.4999999999959 110.53033008590081
    vertex 134.20193332070212 -483.4999999999959 110.37500000001101
  endloop
endfacet
facet normal 0.6087614290087394 -9.5239140548751e-15 -0.7933533402912208
  outer loop
    vertex 134.47645237354047 -473.4999999999959 110.64951905284926
    vertex 134.4764523735404 -483.4999999999959 110.64951905284934
    vertex 134.32112228765115 -473.4999999999959 110.53033008590081
  endloop
endfacet
facet normal 0.6087614290087394 -9.5239140548751e-15 -0.7933533402912208
  outer loop
    vertex 134.32112228765112 -483.4999999999959 110.53033008590091
    vertex 134.32112228765115 -473.4999999999959 110.53033008590081
    vertex 134.4764523735404 -483.4999999999959 110.64951905284934
  endloop
endfacet
facet normal 0.9914448613738099 -2.6017036330565214e-15 0.1305261922200548
  outer loop
    vertex 134.10145237354095 -483.4999999999959 110.00000000001101
    vertex 134.12700800382385 -483.4999999999959 109.80588571618411
    vertex 134.10145237354098 -473.4999999999959 110.00000000001091
  endloop
endfacet
facet normal 0.9914448613738099 -2.6017036330565214e-15 0.1305261922200548
  outer loop
    vertex 134.1270080038239 -473.4999999999959 109.80588571618402
    vertex 134.10145237354098 -473.4999999999959 110.00000000001091
    vertex 134.12700800382385 -483.4999999999959 109.80588571618411
  endloop
endfacet
facet normal 0.3826834323650497 -9.845004621984626e-15 -0.9238795325113035
  outer loop
    vertex 134.65733808971387 -473.4999999999959 110.72444436972772
    vertex 134.65733808971382 -483.4999999999959 110.7244443697278
    vertex 134.47645237354047 -473.4999999999959 110.64951905284926
  endloop
endfacet
facet normal 0.3826834323650497 -9.845004621984626e-15 -0.9238795325113035
  outer loop
    vertex 134.4764523735404 -483.4999999999959 110.64951905284934
    vertex 134.47645237354047 -473.4999999999959 110.64951905284926
    vertex 134.65733808971382 -483.4999999999959 110.7244443697278
  endloop
endfacet
facet normal 1.0462787849199426e-15 8.560686722175157e-15 1.0
  outer loop
    vertex 130.35145237354158 -483.49999999999545 155.0000000000164
    vertex 130.3514523735405 -449.97322514719644 155.00000000001612
    vertex 128.85145237354132 -483.4999999999958 155.0000000000164
  endloop
endfacet
facet normal 1.0462787849199426e-15 8.560686722175157e-15 1.0
  outer loop
    vertex 201.84383281058356 -427.62947748995117 155.00000000001586
    vertex 198.5134159441481 -427.62947748995117 155.00000000001586
    vertex 197.91887915590934 -433.0752611595875 155.0000000000159
  endloop
endfacet
facet normal 1.0462787849199426e-15 8.560686722175157e-15 1.0
  outer loop
    vertex 195.25206632933853 -431.87975105767623 155.0000000000159
    vertex 197.91887915590934 -433.0752611595875 155.0000000000159
    vertex 198.5134159441481 -427.62947748995117 155.00000000001586
  endloop
endfacet
facet normal 1.0462787849199426e-15 8.560686722175157e-15 1.0
  outer loop
    vertex 192.70681386627317 -437.3289178134667 155.00000000001594
    vertex 197.91887915590934 -433.0752611595875 155.0000000000159
    vertex 195.25206632933853 -431.87975105767623 155.0000000000159
  endloop
endfacet
facet normal 1.0462787849199426e-15 8.560686722175157e-15 1.0
  outer loop
    vertex 189.722315271658 -436.1228782810399 155.00000000001594
    vertex 192.70681386627317 -437.3289178134667 155.00000000001594
    vertex 195.25206632933853 -431.87975105767623 155.0000000000159
  endloop
endfacet
facet normal 1.0462787849199426e-15 8.560686722175157e-15 1.0
  outer loop
    vertex 186.81683387435527 -439.9782634680646 155.00000000001594
    vertex 192.70681386627317 -437.3289178134667 155.00000000001594
    vertex 189.722315271658 -436.1228782810399 155.00000000001594
  endloop
endfacet
facet normal 1.0462787849199426e-15 8.560686722175157e-15 1.0
  outer loop
    vertex 183.28278377589544 -438.79021956191343 155.00000000001597
    vertex 186.81683387435527 -439.9782634680646 155.00000000001594
    vertex 189.722315271658 -436.1228782810399 155.00000000001594
  endloop
endfacet
facet normal 1.0462787849199426e-15 8.560686722175157e-15 1.0
  outer loop
    vertex 180.6968483674855 -440.97151056569146 155.00000000001597
    vertex 186.81683387435527 -439.9782634680646 155.00000000001594
    vertex 183.28278377589544 -438.79021956191343 155.00000000001597
  endloop
endfacet
facet normal 1.0462787849199426e-15 8.560686722175157e-15 1.0
  outer loop
    vertex 176.3723152716585 -439.6999999999952 155.00000000001597
    vertex 180.6968483674855 -440.97151056569146 155.00000000001597
    vertex 183.28278377589544 -438.79021956191343 155.00000000001597
  endloop
endfacet
facet normal 1.0462787849199426e-15 8.560686722175157e-15 1.0
  outer loop
    vertex 139.35316695504457 -440.9715105656915 155.000000000016
    vertex 180.6968483674855 -440.97151056569146 155.00000000001597
    vertex 176.3723152716585 -439.6999999999952 155.00000000001597
  endloop
endfacet
facet normal 1.0462787849199426e-15 8.560686722175157e-15 1.0
  outer loop
    vertex 128.8514523735415 -439.69999999999504 155.000000000016
    vertex 139.35316695504457 -440.9715105656915 155.000000000016
    vertex 176.3723152716585 -439.6999999999952 155.00000000001597
  endloop
endfacet
facet normal 1.0462787849199426e-15 8.560686722175157e-15 1.0
  outer loop
    vertex 137.0233517827747 -441.2782365520381 155.000000000016
    vertex 139.35316695504457 -440.9715105656915 155.000000000016
    vertex 128.8514523735415 -439.69999999999504 155.000000000016
  endloop
endfacet
facet normal 1.0462787849199426e-15 8.560686722175157e-15 1.0
  outer loop
    vertex 134.85230966429313 -442.17751164199643 155.00000000001606
    vertex 137.0233517827747 -441.2782365520381 155.000000000016
    vertex 128.8514523735415 -439.69999999999504 155.000000000016
  endloop
endfacet
facet normal 1.0462787849199426e-15 8.560686722175157e-15 1.0
  outer loop
    vertex 132.9879935321579 -443.60805172430827 155.00000000001606
    vertex 134.85230966429313 -442.17751164199643 155.00000000001606
    vertex 128.8514523735415 -439.69999999999504 155.000000000016
  endloop
endfacet
facet normal 1.0462787849199426e-15 8.560686722175157e-15 1.0
  outer loop
    vertex 131.55745344984507 -445.4723678564436 155.0000000000161
    vertex 132.9879935321579 -443.60805172430827 155.00000000001606
    vertex 128.8514523735415 -439.69999999999504 155.000000000016
  endloop
endfacet
facet normal 1.0462787849199426e-15 8.560686722175157e-15 1.0
  outer loop
    vertex 130.6581783598868 -447.64340997492536 155.0000000000161
    vertex 131.55745344984507 -445.4723678564436 155.0000000000161
    vertex 128.8514523735415 -439.69999999999504 155.000000000016
  endloop
endfacet
facet normal 1.0462787849199426e-15 8.560686722175157e-15 1.0
  outer loop
    vertex 130.3514523735405 -449.97322514719644 155.00000000001612
    vertex 130.6581783598868 -447.64340997492536 155.0000000000161
    vertex 128.8514523735415 -439.69999999999504 155.000000000016
  endloop
endfacet
facet normal 1.0462787849199426e-15 8.560686722175157e-15 1.0
  outer loop
    vertex 128.85145237354132 -483.4999999999958 155.0000000000164
    vertex 130.3514523735405 -449.97322514719644 155.00000000001612
    vertex 128.8514523735415 -439.69999999999504 155.000000000016
  endloop
endfacet
facet normal 0.6087614290087402 4.874419920793946e-15 0.7933533402912202
  outer loop
    vertex 134.4764523735404 -483.4999999999959 109.35048094717267
    vertex 134.47645237354047 -473.4999999999959 109.35048094717258
    vertex 134.32112228765112 -483.4999999999959 109.46966991412111
  endloop
endfacet
facet normal 0.6087614290087402 4.874419920793946e-15 0.7933533402912202
  outer loop
    vertex 134.32112228765115 -473.4999999999959 109.46966991412101
    vertex 134.32112228765112 -483.4999999999959 109.46966991412111
    vertex 134.47645237354047 -473.4999999999959 109.35048094717258
  endloop
endfacet
facet normal 0.9238795325111073 -7.000728636221105e-15 -0.3826834323655228
  outer loop
    vertex 134.20193332070212 -483.4999999999959 110.37500000001101
    vertex 134.12700800382385 -483.4999999999959 110.1941142838379
    vertex 134.20193332070218 -473.4999999999959 110.37500000001093
  endloop
endfacet
facet normal 0.9238795325111073 -7.000728636221105e-15 -0.3826834323655228
  outer loop
    vertex 134.1270080038239 -473.4999999999959 110.19411428383782
    vertex 134.20193332070218 -473.4999999999959 110.37500000001093
    vertex 134.12700800382385 -483.4999999999959 110.1941142838379
  endloop
endfacet
facet normal -0.9238795325110943 5.552076184342249e-17 -0.38268343236555424
  outer loop
    vertex 135.57589674325772 -483.4999999999959 110.1941142838379
    vertex 135.50097142637887 -483.4999999999959 110.375000000011
    vertex 135.57589674325777 -473.4999999999959 110.19411428383782
  endloop
endfacet
facet normal -0.9238795325110943 5.552076184342249e-17 -0.38268343236555424
  outer loop
    vertex 135.5009714263789 -473.4999999999959 110.3750000000109
    vertex 135.57589674325777 -473.4999999999959 110.19411428383782
    vertex 135.50097142637887 -483.4999999999959 110.375000000011
  endloop
endfacet
facet normal 0.9914448613738098 -4.9705847011905074e-15 -0.13052619222005593
  outer loop
    vertex 134.12700800382385 -483.4999999999959 110.1941142838379
    vertex 134.10145237354095 -483.4999999999959 110.00000000001101
    vertex 134.1270080038239 -473.4999999999959 110.19411428383782
  endloop
endfacet
facet normal 0.9914448613738098 -4.9705847011905074e-15 -0.13052619222005593
  outer loop
    vertex 134.10145237354098 -473.4999999999959 110.00000000001091
    vertex 134.1270080038239 -473.4999999999959 110.19411428383782
    vertex 134.10145237354095 -483.4999999999959 110.00000000001101
  endloop
endfacet
facet normal 0.13052619222001902 -9.495174393745153e-15 -0.9914448613738148
  outer loop
    vertex 134.8514523735411 -473.4999999999959 110.75000000001091
    vertex 134.85145237354106 -483.4999999999959 110.750000000011
    vertex 134.65733808971387 -473.4999999999959 110.72444436972772
  endloop
endfacet
facet normal 0.13052619222001902 -9.495174393745153e-15 -0.9914448613738148
  outer loop
    vertex 134.65733808971382 -483.4999999999959 110.7244443697278
    vertex 134.65733808971387 -473.4999999999959 110.72444436972772
    vertex 134.85145237354106 -483.4999999999959 110.750000000011
  endloop
endfacet
facet normal -0.06830371053963806 -0.3811120170327899 0.9220022958755124
  outer loop
    vertex 253.20396059020402 -450.50438420094207 112.64954208667172
    vertex 261.9070153158925 -449.97322514719644 113.51383714612763
    vertex 253.04778217583433 -447.64340997492536 113.82056313247418
  endloop
endfacet
facet normal -3.818814655892397e-15 -0.9999999999999999 9.074351392018956e-15
  outer loop
    vertex 134.8514523735411 -473.4999999999959 109.25000000001093
    vertex 135.04556665736777 -473.4999999999959 109.27555563029412
    vertex 134.65733808971387 -473.4999999999959 109.27555563029412
  endloop
endfacet
facet normal -3.818814655892397e-15 -0.9999999999999999 9.074351392018956e-15
  outer loop
    vertex 134.47645237354047 -473.4999999999959 109.35048094717258
    vertex 134.65733808971387 -473.4999999999959 109.27555563029412
    vertex 135.04556665736777 -473.4999999999959 109.27555563029412
  endloop
endfacet
facet normal -3.818814655892397e-15 -0.9999999999999999 9.074351392018956e-15
  outer loop
    vertex 135.2264523735406 -473.4999999999959 109.35048094717258
    vertex 134.47645237354047 -473.4999999999959 109.35048094717258
    vertex 135.04556665736777 -473.4999999999959 109.27555563029412
  endloop
endfacet
facet normal -3.818814655892397e-15 -0.9999999999999999 9.074351392018956e-15
  outer loop
    vertex 134.32112228765115 -473.4999999999959 109.46966991412101
    vertex 134.47645237354047 -473.4999999999959 109.35048094717258
    vertex 135.2264523735406 -473.4999999999959 109.35048094717258
  endloop
endfacet
facet normal -3.818814655892397e-15 -0.9999999999999999 9.074351392018956e-15
  outer loop
    vertex 135.38178245943107 -473.4999999999959 109.46966991412101
    vertex 134.32112228765115 -473.4999999999959 109.46966991412101
    vertex 135.2264523735406 -473.4999999999959 109.35048094717258
  endloop
endfacet
facet normal -3.818814655892397e-15 -0.9999999999999999 9.074351392018956e-15
  outer loop
    vertex 134.20193332070218 -473.4999999999959 109.62500000001094
    vertex 134.32112228765115 -473.4999999999959 109.46966991412101
    vertex 135.38178245943107 -473.4999999999959 109.46966991412101
  endloop
endfacet
facet normal -3.818814655892397e-15 -0.9999999999999999 9.074351392018956e-15
  outer loop
    vertex 135.5009714263789 -473.4999999999959 109.62500000001091
    vertex 134.20193332070218 -473.4999999999959 109.62500000001094
    vertex 135.38178245943107 -473.4999999999959 109.46966991412101
  endloop
endfacet
facet normal -3.818814655892397e-15 -0.9999999999999999 9.074351392018956e-15
  outer loop
    vertex 135.57589674325777 -473.4999999999959 109.80588571618402
    vertex 134.20193332070218 -473.4999999999959 109.62500000001094
    vertex 135.5009714263789 -473.4999999999959 109.62500000001091
  endloop
endfacet
facet normal -3.818814655892397e-15 -0.9999999999999999 9.074351392018956e-15
  outer loop
    vertex 134.1270080038239 -473.4999999999959 109.80588571618402
    vertex 134.20193332070218 -473.4999999999959 109.62500000001094
    vertex 135.57589674325777 -473.4999999999959 109.80588571618402
  endloop
endfacet
facet normal -3.818814655892397e-15 -0.9999999999999999 9.074351392018956e-15
  outer loop
    vertex 134.10145237354098 -473.4999999999959 110.00000000001091
    vertex 134.1270080038239 -473.4999999999959 109.80588571618402
    vertex 135.57589674325777 -473.4999999999959 109.80588571618402
  endloop
endfacet
facet normal -3.818814655892397e-15 -0.9999999999999999 9.074351392018956e-15
  outer loop
    vertex 135.60145237354126 -473.4999999999959 110.00000000001091
    vertex 134.10145237354098 -473.4999999999959 110.00000000001091
    vertex 135.57589674325777 -473.4999999999959 109.80588571618402
  endloop
endfacet
facet normal -3.818814655892397e-15 -0.9999999999999999 9.074351392018956e-15
  outer loop
    vertex 134.1270080038239 -473.4999999999959 110.19411428383782
    vertex 134.10145237354098 -473.4999999999959 110.00000000001091
    vertex 135.60145237354126 -473.4999999999959 110.00000000001091
  endloop
endfacet
facet normal -3.818814655892397e-15 -0.9999999999999999 9.074351392018956e-15
  outer loop
    vertex 135.57589674325777 -473.4999999999959 110.19411428383782
    vertex 134.1270080038239 -473.4999999999959 110.19411428383782
    vertex 135.60145237354126 -473.4999999999959 110.00000000001091
  endloop
endfacet
facet normal -3.818814655892397e-15 -0.9999999999999999 9.074351392018956e-15
  outer loop
    vertex 134.20193332070218 -473.4999999999959 110.37500000001093
    vertex 134.1270080038239 -473.4999999999959 110.19411428383782
    vertex 135.57589674325777 -473.4999999999959 110.19411428383782
  endloop
endfacet
facet normal -3.818814655892397e-15 -0.9999999999999999 9.074351392018956e-15
  outer loop
    vertex 135.5009714263789 -473.4999999999959 110.3750000000109
    vertex 134.20193332070218 -473.4999999999959 110.37500000001093
    vertex 135.57589674325777 -473.4999999999959 110.19411428383782
  endloop
endfacet
facet normal -3.818814655892397e-15 -0.9999999999999999 9.074351392018956e-15
  outer loop
    vertex 135.38178245943107 -473.4999999999959 110.53033008590081
    vertex 134.20193332070218 -473.4999999999959 110.37500000001093
    vertex 135.5009714263789 -473.4999999999959 110.3750000000109
  endloop
endfacet
facet normal -3.818814655892397e-15 -0.9999999999999999 9.074351392018956e-15
  outer loop
    vertex 134.32112228765115 -473.4999999999959 110.53033008590081
    vertex 134.20193332070218 -473.4999999999959 110.37500000001093
    vertex 135.38178245943107 -473.4999999999959 110.53033008590081
  endloop
endfacet
facet normal -3.818814655892397e-15 -0.9999999999999999 9.074351392018956e-15
  outer loop
    vertex 134.47645237354047 -473.4999999999959 110.64951905284926
    vertex 134.32112228765115 -473.4999999999959 110.53033008590081
    vertex 135.38178245943107 -473.4999999999959 110.53033008590081
  endloop
endfacet
facet normal -3.818814655892397e-15 -0.9999999999999999 9.074351392018956e-15
  outer loop
    vertex 135.2264523735406 -473.4999999999959 110.64951905284926
    vertex 134.47645237354047 -473.4999999999959 110.64951905284926
    vertex 135.38178245943107 -473.4999999999959 110.53033008590081
  endloop
endfacet
facet normal -3.818814655892397e-15 -0.9999999999999999 9.074351392018956e-15
  outer loop
    vertex 134.65733808971387 -473.4999999999959 110.72444436972772
    vertex 134.47645237354047 -473.4999999999959 110.64951905284926
    vertex 135.2264523735406 -473.4999999999959 110.64951905284926
  endloop
endfacet
facet normal -3.818814655892397e-15 -0.9999999999999999 9.074351392018956e-15
  outer loop
    vertex 135.04556665736777 -473.4999999999959 110.72444436972772
    vertex 134.65733808971387 -473.4999999999959 110.72444436972772
    vertex 135.2264523735406 -473.4999999999959 110.64951905284926
  endloop
endfacet
facet normal -3.818814655892397e-15 -0.9999999999999999 9.074351392018956e-15
  outer loop
    vertex 134.8514523735411 -473.4999999999959 110.75000000001091
    vertex 134.65733808971387 -473.4999999999959 110.72444436972772
    vertex 135.04556665736777 -473.4999999999959 110.72444436972772
  endloop
endfacet
facet normal -0.13052619222001902 9.495174393745153e-15 0.9914448613738148
  outer loop
    vertex 135.04556665736771 -483.4999999999959 109.2755556302942
    vertex 135.04556665736777 -473.4999999999959 109.27555563029412
    vertex 134.85145237354106 -483.4999999999959 109.25000000001103
  endloop
endfacet
facet normal -0.13052619222001902 9.495174393745153e-15 0.9914448613738148
  outer loop
    vertex 134.8514523735411 -473.4999999999959 109.25000000001093
    vertex 134.85145237354106 -483.4999999999959 109.25000000001103
    vertex 135.04556665736777 -473.4999999999959 109.27555563029412
  endloop
endfacet
facet normal -0.6087614290087402 -4.874419920793946e-15 -0.7933533402912202
  outer loop
    vertex 135.38178245943107 -473.4999999999959 110.53033008590081
    vertex 135.38178245943104 -483.4999999999959 110.53033008590091
    vertex 135.2264523735406 -473.4999999999959 110.64951905284926
  endloop
endfacet
facet normal -0.6087614290087402 -4.874419920793946e-15 -0.7933533402912202
  outer loop
    vertex 135.22645237354058 -483.4999999999959 110.64951905284934
    vertex 135.2264523735406 -473.4999999999959 110.64951905284926
    vertex 135.38178245943104 -483.4999999999959 110.53033008590091
  endloop
endfacet
facet normal -0.13052619222002013 -8.498263722089874e-15 -0.9914448613738146
  outer loop
    vertex 135.04556665736777 -473.4999999999959 110.72444436972772
    vertex 135.04556665736771 -483.4999999999959 110.7244443697278
    vertex 134.8514523735411 -473.4999999999959 110.75000000001091
  endloop
endfacet
facet normal -0.13052619222002013 -8.498263722089874e-15 -0.9914448613738146
  outer loop
    vertex 134.85145237354106 -483.4999999999959 110.750000000011
    vertex 134.8514523735411 -473.4999999999959 110.75000000001091
    vertex 135.04556665736771 -483.4999999999959 110.7244443697278
  endloop
endfacet
facet normal 0.38268343236552593 0.9238795325111061 -4.1747696662266416e-14
  outer loop
    vertex 139.6573380897186 -448.35392185966833 105.00000000001063
    vertex 139.47645237354575 -448.2789965427898 105.00000000001063
    vertex 139.6573380897198 -448.3539218596683 115.00000000001084
  endloop
endfacet
facet normal 0.38268343236552593 0.9238795325111061 -4.1747696662266416e-14
  outer loop
    vertex 139.47645237354635 -448.2789965427897 115.00000000001084
    vertex 139.6573380897198 -448.3539218596683 115.00000000001084
    vertex 139.47645237354575 -448.2789965427898 105.00000000001063
  endloop
endfacet
facet normal -0.3826834323650507 -6.922210421818902e-15 -0.923879532511303
  outer loop
    vertex 135.2264523735406 -473.4999999999959 110.64951905284926
    vertex 135.22645237354058 -483.4999999999959 110.64951905284934
    vertex 135.04556665736777 -473.4999999999959 110.72444436972772
  endloop
endfacet
facet normal -0.3826834323650507 -6.922210421818902e-15 -0.923879532511303
  outer loop
    vertex 135.04556665736771 -483.4999999999959 110.7244443697278
    vertex 135.04556665736777 -473.4999999999959 110.72444436972772
    vertex 135.22645237354058 -483.4999999999959 110.64951905284934
  endloop
endfacet
facet normal -0.3826834323650497 9.845004621984626e-15 0.9238795325113035
  outer loop
    vertex 135.22645237354058 -483.4999999999959 109.35048094717267
    vertex 135.2264523735406 -473.4999999999959 109.35048094717258
    vertex 135.04556665736771 -483.4999999999959 109.2755556302942
  endloop
endfacet
facet normal -0.3826834323650497 9.845004621984626e-15 0.9238795325113035
  outer loop
    vertex 135.04556665736777 -473.4999999999959 109.27555563029412
    vertex 135.04556665736771 -483.4999999999959 109.2755556302942
    vertex 135.2264523735406 -473.4999999999959 109.35048094717258
  endloop
endfacet
facet normal -0.7933533402913197 8.55378448393741e-15 0.6087614290086105
  outer loop
    vertex 135.38178245943104 -483.4999999999959 109.46966991412111
    vertex 135.50097142637887 -483.4999999999959 109.625000000011
    vertex 135.38178245943107 -473.4999999999959 109.46966991412101
  endloop
endfacet
facet normal -0.7933533402913197 8.55378448393741e-15 0.6087614290086105
  outer loop
    vertex 135.5009714263789 -473.4999999999959 109.62500000001091
    vertex 135.38178245943107 -473.4999999999959 109.46966991412101
    vertex 135.50097142637887 -483.4999999999959 109.625000000011
  endloop
endfacet
facet normal 0.7933533402913542 2.494445757525514e-15 0.6087614290085654
  outer loop
    vertex 134.20193332070212 -483.4999999999959 109.62500000001103
    vertex 134.32112228765112 -483.4999999999959 109.46966991412111
    vertex 134.20193332070218 -473.4999999999959 109.62500000001094
  endloop
endfacet
facet normal 0.7933533402913542 2.494445757525514e-15 0.6087614290085654
  outer loop
    vertex 134.32112228765115 -473.4999999999959 109.46966991412101
    vertex 134.20193332070218 -473.4999999999959 109.62500000001094
    vertex 134.32112228765112 -483.4999999999959 109.46966991412111
  endloop
endfacet
facet normal 0.7933533402923422 0.6087614290072781 8.155295991437544e-15
  outer loop
    vertex 139.32112228765646 -448.15980757584174 105.00000000001066
    vertex 139.20193332070866 -448.0044774899515 105.00000000001066
    vertex 139.32112228765646 -448.1598075758413 115.00000000001081
  endloop
endfacet
facet normal 0.7933533402923422 0.6087614290072781 8.155295991437544e-15
  outer loop
    vertex 139.20193332070806 -448.0044774899514 115.00000000001081
    vertex 139.32112228765646 -448.1598075758413 115.00000000001081
    vertex 139.20193332070866 -448.0044774899515 105.00000000001066
  endloop
endfacet
facet normal -0.9238795325111073 7.000728636221105e-15 0.3826834323655228
  outer loop
    vertex 135.50097142637887 -483.4999999999959 109.625000000011
    vertex 135.57589674325772 -483.4999999999959 109.80588571618411
    vertex 135.5009714263789 -473.4999999999959 109.62500000001091
  endloop
endfacet
facet normal -0.9238795325111073 7.000728636221105e-15 0.3826834323655228
  outer loop
    vertex 135.57589674325777 -473.4999999999959 109.80588571618402
    vertex 135.5009714263789 -473.4999999999959 109.62500000001091
    vertex 135.57589674325772 -483.4999999999959 109.80588571618411
  endloop
endfacet
facet normal -0.7933533402913563 -0.6087614290085628 4.1122295216758904e-14
  outer loop
    vertex 140.50097142638475 -447.25447748995197 105.00000000001063
    vertex 140.50097142638475 -447.2544774899513 115.00000000001081
    vertex 140.3817824594364 -447.099147404062 105.00000000001063
  endloop
endfacet
facet normal -0.7933533402913563 -0.6087614290085628 4.1122295216758904e-14
  outer loop
    vertex 140.3817824594364 -447.0991474040614 115.00000000001081
    vertex 140.3817824594364 -447.099147404062 105.00000000001063
    vertex 140.50097142638475 -447.2544774899513 115.00000000001081
  endloop
endfacet
facet normal 0.9914448613736243 0.1305261922214655 -6.27627149576046e-14
  outer loop
    vertex 139.1270080038292 -447.82359177377873 105.00000000001066
    vertex 139.10145237354573 -447.6294774899518 105.00000000001063
    vertex 139.1270080038298 -447.82359177377833 115.00000000001081
  endloop
endfacet
facet normal 0.9914448613736243 0.1305261922214655 -6.27627149576046e-14
  outer loop
    vertex 139.10145237354632 -447.6294774899514 115.00000000001081
    vertex 139.1270080038298 -447.82359177377833 115.00000000001081
    vertex 139.10145237354573 -447.6294774899518 105.00000000001063
  endloop
endfacet
facet normal 0.608761429008817 0.7933533402911612 -3.65706912354452e-14
  outer loop
    vertex 139.47645237354575 -448.2789965427898 105.00000000001063
    vertex 139.32112228765646 -448.15980757584174 105.00000000001066
    vertex 139.47645237354635 -448.2789965427897 115.00000000001084
  endloop
endfacet
facet normal 0.608761429008817 0.7933533402911612 -3.65706912354452e-14
  outer loop
    vertex 139.32112228765646 -448.1598075758413 115.00000000001081
    vertex 139.47645237354635 -448.2789965427897 115.00000000001084
    vertex 139.32112228765646 -448.15980757584174 105.00000000001066
  endloop
endfacet
facet normal 0.9914448613734324 -0.13052619222292283 -2.4226115981875766e-14
  outer loop
    vertex 139.10145237354573 -447.6294774899518 105.00000000001063
    vertex 139.1270080038298 -447.4353632061248 105.00000000001063
    vertex 139.10145237354632 -447.6294774899514 115.00000000001081
  endloop
endfacet
facet normal 0.9914448613734324 -0.13052619222292283 -2.4226115981875766e-14
  outer loop
    vertex 139.1270080038298 -447.43536320612446 115.00000000001081
    vertex 139.10145237354632 -447.6294774899514 115.00000000001081
    vertex 139.1270080038298 -447.4353632061248 105.00000000001063
  endloop
endfacet
facet normal -0.9914448613738026 -0.13052619222011125 -2.500995988388221e-14
  outer loop
    vertex 140.60145237354658 -447.6294774899515 105.00000000001063
    vertex 140.60145237354658 -447.6294774899514 115.00000000001081
    vertex 140.5758967432636 -447.4353632061248 105.00000000001063
  endloop
endfacet
facet normal -0.9914448613738026 -0.13052619222011125 -2.500995988388221e-14
  outer loop
    vertex 140.57589674326303 -447.43536320612446 115.00000000001081
    vertex 140.5758967432636 -447.4353632061248 105.00000000001063
    vertex 140.60145237354658 -447.6294774899514 115.00000000001081
  endloop
endfacet
facet normal -0.6087614290087394 9.5239140548751e-15 0.7933533402912208
  outer loop
    vertex 135.38178245943104 -483.4999999999959 109.46966991412111
    vertex 135.38178245943107 -473.4999999999959 109.46966991412101
    vertex 135.22645237354058 -483.4999999999959 109.35048094717267
  endloop
endfacet
facet normal -0.6087614290087394 9.5239140548751e-15 0.7933533402912208
  outer loop
    vertex 135.2264523735406 -473.4999999999959 109.35048094717258
    vertex 135.22645237354058 -483.4999999999959 109.35048094717267
    vertex 135.38178245943107 -473.4999999999959 109.46966991412101
  endloop
endfacet
facet normal -0.7933533402913542 -2.494445757525514e-15 -0.6087614290085654
  outer loop
    vertex 135.50097142637887 -483.4999999999959 110.375000000011
    vertex 135.38178245943104 -483.4999999999959 110.53033008590091
    vertex 135.5009714263789 -473.4999999999959 110.3750000000109
  endloop
endfacet
facet normal -0.7933533402913542 -2.494445757525514e-15 -0.6087614290085654
  outer loop
    vertex 135.38178245943107 -473.4999999999959 110.53033008590081
    vertex 135.5009714263789 -473.4999999999959 110.3750000000109
    vertex 135.38178245943104 -483.4999999999959 110.53033008590091
  endloop
endfacet
facet normal 1.9119724605071637e-13 -0.9999999999999999 9.074351392018752e-15
  outer loop
    vertex 299.0931781697767 -473.4999999999968 109.25000000001077
    vertex 299.2872924536039 -473.4999999999968 109.27555563029398
    vertex 298.89906388595006 -473.4999999999968 109.27555563029398
  endloop
endfacet
facet normal 1.9119724605071637e-13 -0.9999999999999999 9.074351392018752e-15
  outer loop
    vertex 298.7181781697772 -473.4999999999968 109.35048094717244
    vertex 298.89906388595006 -473.4999999999968 109.27555563029398
    vertex 299.2872924536039 -473.4999999999968 109.27555563029398
  endloop
endfacet
facet normal 1.9119724605071637e-13 -0.9999999999999999 9.074351392018752e-15
  outer loop
    vertex 299.46817816977733 -473.4999999999968 109.35048094717244
    vertex 298.7181781697772 -473.4999999999968 109.35048094717244
    vertex 299.2872924536039 -473.4999999999968 109.27555563029398
  endloop
endfacet
facet normal 1.9119724605071637e-13 -0.9999999999999999 9.074351392018752e-15
  outer loop
    vertex 298.5628480838867 -473.4999999999971 109.46966991412086
    vertex 298.7181781697772 -473.4999999999968 109.35048094717244
    vertex 299.46817816977733 -473.4999999999968 109.35048094717244
  endloop
endfacet
facet normal 1.9119724605071637e-13 -0.9999999999999999 9.074351392018752e-15
  outer loop
    vertex 299.6235082556667 -473.49999999999653 109.46966991412086
    vertex 298.5628480838867 -473.4999999999971 109.46966991412086
    vertex 299.46817816977733 -473.4999999999968 109.35048094717244
  endloop
endfacet
facet normal 1.9119724605071637e-13 -0.9999999999999999 9.074351392018752e-15
  outer loop
    vertex 298.44365911693893 -473.4999999999971 109.62500000001079
    vertex 298.5628480838867 -473.4999999999971 109.46966991412086
    vertex 299.6235082556667 -473.49999999999653 109.46966991412086
  endloop
endfacet
facet normal 1.9119724605071637e-13 -0.9999999999999999 9.074351392018752e-15
  outer loop
    vertex 299.7426972226156 -473.49999999999653 109.62500000001076
    vertex 298.44365911693893 -473.4999999999971 109.62500000001079
    vertex 299.6235082556667 -473.49999999999653 109.46966991412086
  endloop
endfacet
facet normal 1.9119724605071637e-13 -0.9999999999999999 9.074351392018752e-15
  outer loop
    vertex 298.3687338000601 -473.4999999999971 109.80588571618388
    vertex 298.44365911693893 -473.4999999999971 109.62500000001079
    vertex 299.7426972226156 -473.49999999999653 109.62500000001076
  endloop
endfacet
facet normal 1.9119724605071637e-13 -0.9999999999999999 9.074351392018752e-15
  outer loop
    vertex 299.8176225394939 -473.49999999999653 109.80588571618388
    vertex 298.3687338000601 -473.4999999999971 109.80588571618388
    vertex 299.7426972226156 -473.49999999999653 109.62500000001076
  endloop
endfacet
facet normal 1.9119724605071637e-13 -0.9999999999999999 9.074351392018752e-15
  outer loop
    vertex 298.3431781697766 -473.4999999999971 110.00000000001079
    vertex 298.3687338000601 -473.4999999999971 109.80588571618388
    vertex 299.8176225394939 -473.49999999999653 109.80588571618388
  endloop
endfacet
facet normal 1.9119724605071637e-13 -0.9999999999999999 9.074351392018752e-15
  outer loop
    vertex 299.8431781697768 -473.49999999999653 110.00000000001076
    vertex 298.3431781697766 -473.4999999999971 110.00000000001079
    vertex 299.8176225394939 -473.49999999999653 109.80588571618388
  endloop
endfacet
facet normal 1.9119724605071637e-13 -0.9999999999999999 9.074351392018752e-15
  outer loop
    vertex 298.3687338000601 -473.4999999999971 110.19411428383766
    vertex 298.3431781697766 -473.4999999999971 110.00000000001079
    vertex 299.8431781697768 -473.49999999999653 110.00000000001076
  endloop
endfacet
facet normal 1.9119724605071637e-13 -0.9999999999999999 9.074351392018752e-15
  outer loop
    vertex 299.8176225394939 -473.49999999999653 110.19411428383766
    vertex 298.3687338000601 -473.4999999999971 110.19411428383766
    vertex 299.8431781697768 -473.49999999999653 110.00000000001076
  endloop
endfacet
facet normal 1.9119724605071637e-13 -0.9999999999999999 9.074351392018752e-15
  outer loop
    vertex 298.44365911693893 -473.4999999999971 110.37500000001079
    vertex 298.3687338000601 -473.4999999999971 110.19411428383766
    vertex 299.8176225394939 -473.49999999999653 110.19411428383766
  endloop
endfacet
facet normal 1.9119724605071637e-13 -0.9999999999999999 9.074351392018752e-15
  outer loop
    vertex 299.7426972226156 -473.49999999999653 110.37500000001077
    vertex 298.44365911693893 -473.4999999999971 110.37500000001079
    vertex 299.8176225394939 -473.49999999999653 110.19411428383766
  endloop
endfacet
facet normal 1.9119724605071637e-13 -0.9999999999999999 9.074351392018752e-15
  outer loop
    vertex 299.6235082556667 -473.4999999999965 110.53033008590066
    vertex 298.44365911693893 -473.4999999999971 110.37500000001079
    vertex 299.7426972226156 -473.49999999999653 110.37500000001077
  endloop
endfacet
facet normal 1.9119724605071637e-13 -0.9999999999999999 9.074351392018752e-15
  outer loop
    vertex 298.5628480838867 -473.4999999999971 110.53033008590066
    vertex 298.44365911693893 -473.4999999999971 110.37500000001079
    vertex 299.6235082556667 -473.4999999999965 110.53033008590066
  endloop
endfacet
facet normal 1.9119724605071637e-13 -0.9999999999999999 9.074351392018752e-15
  outer loop
    vertex 298.7181781697772 -473.4999999999968 110.6495190528491
    vertex 298.5628480838867 -473.4999999999971 110.53033008590066
    vertex 299.6235082556667 -473.4999999999965 110.53033008590066
  endloop
endfacet
facet normal 1.9119724605071637e-13 -0.9999999999999999 9.074351392018752e-15
  outer loop
    vertex 299.46817816977733 -473.4999999999968 110.6495190528491
    vertex 298.7181781697772 -473.4999999999968 110.6495190528491
    vertex 299.6235082556667 -473.4999999999965 110.53033008590066
  endloop
endfacet
facet normal 1.9119724605071637e-13 -0.9999999999999999 9.074351392018752e-15
  outer loop
    vertex 298.89906388595006 -473.4999999999968 110.72444436972756
    vertex 298.7181781697772 -473.4999999999968 110.6495190528491
    vertex 299.46817816977733 -473.4999999999968 110.6495190528491
  endloop
endfacet
facet normal 1.9119724605071637e-13 -0.9999999999999999 9.074351392018752e-15
  outer loop
    vertex 299.287292453604 -473.4999999999968 110.72444436972756
    vertex 298.89906388595006 -473.4999999999968 110.72444436972756
    vertex 299.46817816977733 -473.4999999999968 110.6495190528491
  endloop
endfacet
facet normal 1.9119724605071637e-13 -0.9999999999999999 9.074351392018752e-15
  outer loop
    vertex 299.0931781697767 -473.4999999999968 110.75000000001077
    vertex 298.89906388595006 -473.4999999999968 110.72444436972756
    vertex 299.287292453604 -473.4999999999968 110.72444436972756
  endloop
endfacet
facet normal 0.9238795325110943 -5.552076184342249e-17 0.38268343236555424
  outer loop
    vertex 134.12700800382385 -483.4999999999959 109.80588571618411
    vertex 134.20193332070212 -483.4999999999959 109.62500000001103
    vertex 134.1270080038239 -473.4999999999959 109.80588571618402
  endloop
endfacet
facet normal 0.9238795325110943 -5.552076184342249e-17 0.38268343236555424
  outer loop
    vertex 134.20193332070218 -473.4999999999959 109.62500000001094
    vertex 134.1270080038239 -473.4999999999959 109.80588571618402
    vertex 134.20193332070212 -483.4999999999959 109.62500000001103
  endloop
endfacet
facet normal 0.13052619222002013 8.498263722089874e-15 0.9914448613738146
  outer loop
    vertex 134.85145237354106 -483.4999999999959 109.25000000001103
    vertex 134.8514523735411 -473.4999999999959 109.25000000001093
    vertex 134.65733808971382 -483.4999999999959 109.2755556302942
  endloop
endfacet
facet normal 0.13052619222002013 8.498263722089874e-15 0.9914448613738146
  outer loop
    vertex 134.65733808971387 -473.4999999999959 109.27555563029412
    vertex 134.65733808971382 -483.4999999999959 109.2755556302942
    vertex 134.8514523735411 -473.4999999999959 109.25000000001093
  endloop
endfacet
facet normal -5.551115123125783e-16 -9.074351392018954e-15 -1.0
  outer loop
    vertex 141.67145237354714 -455.56473874497266 107.0000000000109
    vertex 141.60943737739436 -456.0357894070591 107.0000000000109
    vertex 141.60943737739436 -455.0936880828862 107.00000000001089
  endloop
endfacet
facet normal -5.551115123125783e-16 -9.074351392018954e-15 -1.0
  outer loop
    vertex 141.4276186084356 -454.6547387449726 107.00000000001089
    vertex 141.60943737739436 -455.0936880828862 107.00000000001089
    vertex 141.60943737739436 -456.0357894070591 107.0000000000109
  endloop
endfacet
facet normal -5.551115123125783e-16 -9.074351392018954e-15 -1.0
  outer loop
    vertex 141.4276186084356 -456.47473874497274 107.0000000000109
    vertex 141.4276186084356 -454.6547387449726 107.00000000001089
    vertex 141.60943737739436 -456.0357894070591 107.0000000000109
  endloop
endfacet
facet normal -5.551115123125783e-16 -9.074351392018954e-15 -1.0
  outer loop
    vertex 141.13838671530684 -454.27780440321277 107.00000000001089
    vertex 141.4276186084356 -454.6547387449726 107.00000000001089
    vertex 141.4276186084356 -456.47473874497274 107.0000000000109
  endloop
endfacet
facet normal -5.551115123125783e-16 -9.074351392018954e-15 -1.0
  outer loop
    vertex 141.13838671530684 -456.8516730867325 107.0000000000109
    vertex 141.13838671530684 -454.27780440321277 107.00000000001089
    vertex 141.4276186084356 -456.47473874497274 107.0000000000109
  endloop
endfacet
facet normal -5.551115123125783e-16 -9.074351392018954e-15 -1.0
  outer loop
    vertex 140.76145237354825 -453.98857251008513 107.00000000001089
    vertex 141.13838671530684 -454.27780440321277 107.00000000001089
    vertex 141.13838671530684 -456.8516730867325 107.0000000000109
  endloop
endfacet
facet normal -5.551115123125783e-16 -9.074351392018954e-15 -1.0
  outer loop
    vertex 140.76145237354763 -457.14090497986035 107.0000000000109
    vertex 140.76145237354825 -453.98857251008513 107.00000000001089
    vertex 141.13838671530684 -456.8516730867325 107.0000000000109
  endloop
endfacet
facet normal -5.551115123125783e-16 -9.074351392018954e-15 -1.0
  outer loop
    vertex 140.32250303563453 -453.8067537411264 107.00000000001089
    vertex 140.76145237354825 -453.98857251008513 107.00000000001089
    vertex 140.76145237354763 -457.14090497986035 107.0000000000109
  endloop
endfacet
facet normal -5.551115123125783e-16 -9.074351392018954e-15 -1.0
  outer loop
    vertex 140.3225030356345 -457.3227237488189 107.0000000000109
    vertex 140.32250303563453 -453.8067537411264 107.00000000001089
    vertex 140.76145237354763 -457.14090497986035 107.0000000000109
  endloop
endfacet
facet normal -5.551115123125783e-16 -9.074351392018954e-15 -1.0
  outer loop
    vertex 139.85145237354698 -453.7447387449725 107.00000000001089
    vertex 140.32250303563453 -453.8067537411264 107.00000000001089
    vertex 140.3225030356345 -457.3227237488189 107.0000000000109
  endloop
endfacet
facet normal -5.551115123125783e-16 -9.074351392018954e-15 -1.0
  outer loop
    vertex 139.85145237354695 -457.3847387449728 107.0000000000109
    vertex 139.85145237354698 -453.7447387449725 107.00000000001089
    vertex 140.3225030356345 -457.3227237488189 107.0000000000109
  endloop
endfacet
facet normal -5.551115123125783e-16 -9.074351392018954e-15 -1.0
  outer loop
    vertex 139.3804017114611 -453.8067537411264 107.00000000001089
    vertex 139.85145237354698 -453.7447387449725 107.00000000001089
    vertex 139.85145237354695 -457.3847387449728 107.0000000000109
  endloop
endfacet
facet normal -5.551115123125783e-16 -9.074351392018954e-15 -1.0
  outer loop
    vertex 139.3804017114611 -457.3227237488189 107.0000000000109
    vertex 139.3804017114611 -453.8067537411264 107.00000000001089
    vertex 139.85145237354695 -457.3847387449728 107.0000000000109
  endloop
endfacet
facet normal -5.551115123125783e-16 -9.074351392018954e-15 -1.0
  outer loop
    vertex 138.9414523735481 -453.98857251008513 107.00000000001089
    vertex 139.3804017114611 -453.8067537411264 107.00000000001089
    vertex 139.3804017114611 -457.3227237488189 107.0000000000109
  endloop
endfacet
facet normal -5.551115123125783e-16 -9.074351392018954e-15 -1.0
  outer loop
    vertex 138.94145237354746 -457.14090497986035 107.0000000000109
    vertex 138.9414523735481 -453.98857251008513 107.00000000001089
    vertex 139.3804017114611 -457.3227237488189 107.0000000000109
  endloop
endfacet
facet normal -5.551115123125783e-16 -9.074351392018954e-15 -1.0
  outer loop
    vertex 138.5645180317877 -454.27780440321277 107.00000000001089
    vertex 138.9414523735481 -453.98857251008513 107.00000000001089
    vertex 138.94145237354746 -457.14090497986035 107.0000000000109
  endloop
endfacet
facet normal -5.551115123125783e-16 -9.074351392018954e-15 -1.0
  outer loop
    vertex 138.5645180317877 -456.8516730867325 107.0000000000109
    vertex 138.5645180317877 -454.27780440321277 107.00000000001089
    vertex 138.94145237354746 -457.14090497986035 107.0000000000109
  endloop
endfacet
facet normal -5.551115123125783e-16 -9.074351392018954e-15 -1.0
  outer loop
    vertex 138.27528613865948 -454.6547387449726 107.00000000001089
    vertex 138.5645180317877 -454.27780440321277 107.00000000001089
    vertex 138.5645180317877 -456.8516730867325 107.0000000000109
  endloop
endfacet
facet normal -5.551115123125783e-16 -9.074351392018954e-15 -1.0
  outer loop
    vertex 138.27528613865948 -456.47473874497274 107.0000000000109
    vertex 138.27528613865948 -454.6547387449726 107.00000000001089
    vertex 138.5645180317877 -456.8516730867325 107.0000000000109
  endloop
endfacet
facet normal -5.551115123125783e-16 -9.074351392018954e-15 -1.0
  outer loop
    vertex 138.09346736970187 -455.0936880828862 107.00000000001089
    vertex 138.27528613865948 -454.6547387449726 107.00000000001089
    vertex 138.27528613865948 -456.47473874497274 107.0000000000109
  endloop
endfacet
facet normal -5.551115123125783e-16 -9.074351392018954e-15 -1.0
  outer loop
    vertex 138.09346736970187 -456.03578940705904 107.0000000000109
    vertex 138.09346736970187 -455.0936880828862 107.00000000001089
    vertex 138.27528613865948 -456.47473874497274 107.0000000000109
  endloop
endfacet
facet normal -5.551115123125783e-16 -9.074351392018954e-15 -1.0
  outer loop
    vertex 138.0314523735468 -455.56473874497266 107.0000000000109
    vertex 138.09346736970187 -455.0936880828862 107.00000000001089
    vertex 138.09346736970187 -456.03578940705904 107.0000000000109
  endloop
endfacet
facet normal 0.05031741058392436 -0.9227092328755143 0.3821986783839115
  outer loop
    vertex 171.83761522742853 -442.17751164199603 118.0146944368798
    vertex 171.83761522742907 -441.27823655203764 120.18573655536146
    vertex 162.26511375875307 -442.17751164199683 119.27493816339013
  endloop
endfacet
facet normal 0.05031741058392436 -0.9227092328755143 0.3821986783839115
  outer loop
    vertex 162.82702080673516 -441.2782365520385 121.37200381559283
    vertex 162.26511375875307 -442.17751164199683 119.27493816339013
    vertex 171.83761522742907 -441.27823655203764 120.18573655536146
  endloop
endfacet
facet normal 8.205445624533666e-16 6.189862628268956e-15 1.0
  outer loop
    vertex 261.9070153158925 -449.97322514719644 113.51383714612763
    vertex 253.0477821758337 -468.1732251471964 113.51383714612794
    vertex 261.9070153158924 -483.4999999999955 113.51383714612783
  endloop
endfacet
facet normal 8.205445624533666e-16 6.189862628268956e-15 1.0
  outer loop
    vertex 171.8376152274289 -483.49999999999517 113.51383714612787
    vertex 261.9070153158924 -483.4999999999955 113.51383714612783
    vertex 253.0477821758337 -468.1732251471964 113.51383714612794
  endloop
endfacet
facet normal 8.205445624533666e-16 6.189862628268956e-15 1.0
  outer loop
    vertex 180.69684836748715 -468.1732251471961 113.51383714612798
    vertex 171.8376152274289 -483.49999999999517 113.51383714612787
    vertex 253.0477821758337 -468.1732251471964 113.51383714612794
  endloop
endfacet
facet normal 8.205445624533666e-16 6.189862628268956e-15 1.0
  outer loop
    vertex 171.83761522742904 -449.9732251471961 113.5138371461277
    vertex 171.8376152274289 -483.49999999999517 113.51383714612787
    vertex 180.69684836748715 -468.1732251471961 113.51383714612798
  endloop
endfacet
facet normal 0.8206353081869454 -0.5564241616909095 0.13019156364175835
  outer loop
    vertex 201.8438328105823 -427.6294774899515 116.81800053148133
    vertex 197.91887915590812 -433.0752611595875 118.2834560000158
    vertex 202.28199453970737 -427.6294774899515 114.05613965848777
  endloop
endfacet
facet normal -4.2441381092768464e-15 -0.9238795325112896 0.382683432365083
  outer loop
    vertex 171.83761522742853 -442.17751164199603 118.0146944368798
    vertex 180.69684836748604 -442.17751164199603 118.01469443687981
    vertex 171.83761522742907 -441.27823655203764 120.18573655536146
  endloop
endfacet
facet normal -4.2441381092768464e-15 -0.9238795325112896 0.382683432365083
  outer loop
    vertex 180.6968483674855 -441.27823655203775 120.18573655536149
    vertex 171.83761522742907 -441.27823655203764 120.18573655536146
    vertex 180.69684836748604 -442.17751164199603 118.01469443687981
  endloop
endfacet
facet normal 1.2808697135328133e-15 0.10035567012488596 0.9949516267004066
  outer loop
    vertex 253.0477821758337 -468.1732251471964 113.51383714612794
    vertex 244.50090586451617 -451.0355432546877 111.78524702721582
    vertex 180.69684836748715 -468.1732251471961 113.51383714612798
  endloop
endfacet
facet normal 1.2808697135328133e-15 0.10035567012488596 0.9949516267004066
  outer loop
    vertex 189.24372467880482 -451.0355432546874 111.78524702721589
    vertex 180.69684836748715 -468.1732251471961 113.51383714612798
    vertex 244.50090586451617 -451.0355432546877 111.78524702721582
  endloop
endfacet
facet normal 0.36992108498321563 -0.1655967011868278 0.9141860442168657
  outer loop
    vertex 203.2512554983019 -438.40763750198056 108.45567845376748
    vertex 201.51609540057783 -436.6724774042567 109.4721117061256
    vertex 196.32655095895672 -443.598486368035 110.31745131561739
  endloop
endfacet
facet normal 0.12161309348663513 -0.9912985102900175 0.05037379268432088
  outer loop
    vertex 141.6875786703138 -441.27823655203827 137.59286827768884
    vertex 143.7052577956222 -440.9715105656917 138.75777586382398
    vertex 138.20961904300577 -441.2782365520382 145.98940557932298
  endloop
endfacet
facet normal 0.12161309348663513 -0.9912985102900175 0.05037379268432088
  outer loop
    vertex 140.46004768838205 -440.97151056569163 146.59240611747535
    vertex 138.20961904300577 -441.2782365520382 145.98940557932298
    vertex 143.7052577956222 -440.9715105656917 138.75777586382398
  endloop
endfacet
facet normal 0.7890610165043972 -0.6054678131259874 0.10388185357165042
  outer loop
    vertex 131.55745344984507 -445.4723678564436 155.0000000000161
    vertex 132.9299666793592 -445.47236785644367 144.57472699216692
    vertex 132.9879935321579 -443.60805172430827 155.00000000001606
  endloop
endfacet
facet normal 0.7890610165043972 -0.6054678131259874 0.10388185357165042
  outer loop
    vertex 134.31176229040602 -443.6080517243084 144.9449780102518
    vertex 132.9879935321579 -443.60805172430827 155.00000000001606
    vertex 132.9299666793592 -445.47236785644367 144.57472699216692
  endloop
endfacet
facet normal 0.237562706397572 -0.3283714925022649 0.9141860442168739
  outer loop
    vertex 188.61559911822823 -446.69134674908656 112.10475326299331
    vertex 188.03027927657945 -444.5069033613754 113.04149814836657
    vertex 180.696848367486 -447.6434099749251 113.82056313247425
  endloop
endfacet
facet normal 0.44724890777060144 0.034248114388501685 0.8937535908508766
  outer loop
    vertex 209.26189177171057 -427.6294774899516 106.15348378061111
    vertex 207.60393071262652 -427.6294774899516 106.983154598599
    vertex 208.8192350891264 -431.31782458888097 106.51633172267371
  endloop
endfacet
facet normal 0.44724890777060144 0.034248114388501685 0.8937535908508766
  outer loop
    vertex 206.6055596404489 -430.0397584726883 107.57511636054677
    vertex 208.8192350891264 -431.31782458888097 106.51633172267371
    vertex 207.60393071262652 -427.6294774899516 106.983154598599
  endloop
endfacet
facet normal -0.21715400607987878 0.03553256702432165 0.9754904275922559
  outer loop
    vertex 236.15407395704648 -445.7878083356014 109.98463232001582
    vertex 230.49337504501855 -438.4076375019807 108.45567845376743
    vertex 228.63131889807298 -440.26969364892625 108.10899200001583
  endloop
endfacet
facet normal -0.24877147395337523 0.0688967725396414 0.9661086835758625
  outer loop
    vertex 228.63131889807298 -440.26969364892625 108.10899200001583
    vertex 230.49337504501855 -438.4076375019807 108.45567845376743
    vertex 224.92539545419473 -431.31782458888097 106.5163317226737
  endloop
endfacet
facet normal -0.12942830799557986 -0.12942830799551097 0.9831056027603651
  outer loop
    vertex 272.64442437070284 -449.97322514719735 114.92744386581103
    vertex 272.5650378438087 -447.64340997492627 115.223718417617
    vertex 261.9070153158925 -449.97322514719644 113.51383714612763
  endloop
endfacet
facet normal -0.12942830799557986 -0.12942830799551097 0.9831056027603651
  outer loop
    vertex 261.9070153158925 -447.64340997492536 113.82056313247402
    vertex 261.9070153158925 -449.97322514719644 113.51383714612763
    vertex 272.5650378438087 -447.64340997492627 115.223718417617
  endloop
endfacet
facet normal -0.2652220794763058 -0.586960069857284 0.7649412558826961
  outer loop
    vertex 253.04778217583439 -445.4723678564436 114.71983822243253
    vertex 253.04778217583495 -443.60805172430855 116.15037830474446
    vertex 246.21697680954205 -442.6310792984625 114.53164406744146
  endloop
endfacet
facet normal -0.09506228370513481 -0.05933954969143419 0.9937011522883438
  outer loop
    vertex 253.20396059020402 -450.50438420094207 112.64954208667172
    vertex 245.1290314250921 -446.69134674908685 112.10475326299327
    vertex 244.50090586451617 -451.0355432546877 111.78524702721582
  endloop
endfacet
facet normal -0.455917469584537 -0.8035544207782948 0.3826742136273253
  outer loop
    vertex 240.87140717924726 -437.6171475185194 117.22410650538214
    vertex 240.38351921811545 -438.4621942556012 114.86837504001575
    vertex 246.8451023701181 -440.28688279286234 118.73514224516748
  endloop
endfacet
facet normal -0.23756270639757332 -0.32837149250226305 0.9141860442168741
  outer loop
    vertex 253.04778217583433 -447.64340997492536 113.82056313247418
    vertex 245.71435126674098 -444.5069033613757 113.04149814836653
    vertex 245.1290314250921 -446.69134674908685 112.10475326299327
  endloop
endfacet
facet normal -0.7933533402912385 1.862386110315144e-14 0.6087614290087164
  outer loop
    vertex 291.24216239528505 -483.49999999999636 125.66485292062237
    vertex 297.8350862528965 -483.49999999999636 134.25691857307208
    vertex 291.2421623952858 -449.97322514719735 125.66485292062228
  endloop
endfacet
facet normal -0.7933533402912385 1.862386110315144e-14 0.6087614290087164
  outer loop
    vertex 297.8350862528977 -449.97322514719724 134.25691857307197
    vertex 291.2421623952858 -449.97322514719735 125.66485292062228
    vertex 297.8350862528965 -483.49999999999636 134.25691857307208
  endloop
endfacet
facet normal -0.160199556124353 -0.9870846479494859 -9.028748407429252e-15
  outer loop
    vertex 246.92779666896638 -439.9782634680646 121.1620330496157
    vertex 253.0477821758355 -440.97151056569146 122.51555172763173
    vertex 246.92779666896638 -439.9782634680649 155.00000000001583
  endloop
endfacet
facet normal -0.160199556124353 -0.9870846479494859 -9.028748407429252e-15
  outer loop
    vertex 253.04778217583495 -440.9715105656917 155.00000000001583
    vertex 246.92779666896638 -439.9782634680649 155.00000000001583
    vertex 253.0477821758355 -440.97151056569146 122.51555172763173
  endloop
endfacet
facet normal -0.10443153089290945 -0.9912985102900163 0.08013313205009381
  outer loop
    vertex 286.5244170796219 -441.2782365520389 130.38259823628587
    vertex 292.0570518730066 -441.27823655203883 137.59286827768872
    vertex 284.8769889723985 -440.97151056569237 132.03002634350946
  endloop
endfacet
facet normal -0.10443153089290945 -0.9912985102900163 0.08013313205009381
  outer loop
    vertex 290.0393727476982 -440.97151056569226 138.75777586382384
    vertex 284.8769889723985 -440.97151056569237 132.03002634350946
    vertex 292.0570518730066 -441.27823655203883 137.59286827768872
  endloop
endfacet
facet normal -0.40315940758750723 0.041549592479207566 0.9141860442155644
  outer loop
    vertex 224.92539545419473 -431.31782458888097 106.5163317226737
    vertex 224.48273877160653 -427.62947748995174 106.15348378061866
    vertex 223.34881082941132 -427.62947748995174 105.65341738788057
  endloop
endfacet
facet normal 7.25325207090419e-16 -0.7933533402912181 0.608761429008743
  outer loop
    vertex 261.9070153158925 -443.60805172430855 116.15037830474438
    vertex 261.9070153158925 -442.17751164199643 118.01469443687972
    vertex 253.04778217583495 -443.60805172430855 116.15037830474446
  endloop
endfacet
facet normal 7.25325207090419e-16 -0.7933533402912181 0.608761429008743
  outer loop
    vertex 253.0477821758355 -442.1775116419963 118.01469443687975
    vertex 253.04778217583495 -443.60805172430855 116.15037830474446
    vertex 261.9070153158925 -442.17751164199643 118.01469443687972
  endloop
endfacet
facet normal -0.24957481223252842 -0.7682480863751231 0.5894974901388975
  outer loop
    vertex 246.21697680954205 -442.6310792984625 114.53164406744146
    vertex 253.04778217583495 -443.60805172430855 116.15037830474446
    vertex 253.0477821758355 -442.1775116419963 118.01469443687975
  endloop
endfacet
facet normal -0.17029460228667953 0.13934910874463627 0.975490427592243
  outer loop
    vertex 222.54982908313718 -432.6893584726888 106.15520000001575
    vertex 221.88469529992184 -427.62947748995197 105.31627982691026
    vertex 220.32457787137412 -427.62947748995197 105.04392494827668
  endloop
endfacet
facet normal -1.5242641161064417e-14 -0.9999999999999999 2.8238610611313535e-15
  outer loop
    vertex 253.0477821758355 -440.97151056569146 122.51555172763173
    vertex 261.9070153158926 -440.97151056569146 122.5155517276317
    vertex 253.04778217583495 -440.9715105656917 155.00000000001583
  endloop
endfacet
facet normal -1.5242641161064417e-14 -0.9999999999999999 2.8238610611313535e-15
  outer loop
    vertex 270.314609198433 -440.97151056569237 123.62243246096874
    vertex 253.04778217583495 -440.9715105656917 155.00000000001583
    vertex 261.9070153158926 -440.97151056569146 122.5155517276317
  endloop
endfacet
facet normal -1.5242641161064417e-14 -0.9999999999999999 2.8238610611313535e-15
  outer loop
    vertex 278.14923945208426 -440.97151056569237 126.86764256820975
    vertex 253.04778217583495 -440.9715105656917 155.00000000001583
    vertex 270.314609198433 -440.97151056569237 123.62243246096874
  endloop
endfacet
facet normal -1.5242641161064417e-14 -0.9999999999999999 2.8238610611313535e-15
  outer loop
    vertex 284.8769889723985 -440.97151056569237 132.03002634350946
    vertex 253.04778217583495 -440.9715105656917 155.00000000001583
    vertex 278.14923945208426 -440.97151056569237 126.86764256820975
  endloop
endfacet
facet normal -1.5242641161064417e-14 -0.9999999999999999 2.8238610611313535e-15
  outer loop
    vertex 290.0393727476982 -440.97151056569226 138.75777586382384
    vertex 253.04778217583495 -440.9715105656917 155.00000000001583
    vertex 284.8769889723985 -440.97151056569237 132.03002634350946
  endloop
endfacet
facet normal -1.5242641161064417e-14 -0.9999999999999999 2.8238610611313535e-15
  outer loop
    vertex 293.284582854939 -440.97151056569226 146.59240611747526
    vertex 253.04778217583495 -440.9715105656917 155.00000000001583
    vertex 290.0393727476982 -440.97151056569226 138.75777586382384
  endloop
endfacet
facet normal -1.5242641161064417e-14 -0.9999999999999999 2.8238610611313535e-15
  outer loop
    vertex 294.3914635882759 -440.97151056569214 155.00000000001592
    vertex 253.04778217583495 -440.9715105656917 155.00000000001583
    vertex 293.284582854939 -440.97151056569226 146.59240611747526
  endloop
endfacet
facet normal 0.793353340291248 0.608761429008704 -3.857666143389999e-15
  outer loop
    vertex 238.492564213982 -431.8797510576764 155.00000000001575
    vertex 238.492564213982 -431.87975105767623 105.00000000001043
    vertex 235.2312145991731 -427.6294774899513 155.00000000001572
  endloop
endfacet
facet normal 0.793353340291248 0.608761429008704 -3.857666143389999e-15
  outer loop
    vertex 235.23121459917303 -427.62947748995146 105.00000000001039
    vertex 235.2312145991731 -427.6294774899513 155.00000000001572
    vertex 238.492564213982 -431.87975105767623 105.00000000001043
  endloop
endfacet
facet normal 5.5944469987632765e-15 -0.6087614290087308 0.7933533402912275
  outer loop
    vertex 261.9070153158925 -445.4723678564436 114.71983822243241
    vertex 261.9070153158925 -443.60805172430855 116.15037830474438
    vertex 253.04778217583439 -445.4723678564436 114.71983822243253
  endloop
endfacet
facet normal 5.5944469987632765e-15 -0.6087614290087308 0.7933533402912275
  outer loop
    vertex 253.04778217583495 -443.60805172430855 116.15037830474446
    vertex 253.04778217583439 -445.4723678564436 114.71983822243253
    vertex 261.9070153158925 -443.60805172430855 116.15037830474438
  endloop
endfacet
facet normal 0.38268343236498525 0.92387953251133 -1.0709859300395853e-14
  outer loop
    vertex 250.4618467674262 -438.79021956191383 105.00000000001047
    vertex 244.0223152716636 -436.12287828104115 105.00000000001046
    vertex 250.46184676742627 -438.7902195619134 155.00000000001583
  endloop
endfacet
facet normal 0.38268343236498525 0.92387953251133 -1.0709859300395853e-14
  outer loop
    vertex 244.02231527166308 -436.12287828104036 155.00000000001583
    vertex 250.46184676742627 -438.7902195619134 155.00000000001583
    vertex 244.0223152716636 -436.12287828104115 105.00000000001046
  endloop
endfacet
facet normal -0.400175909747467 -0.06421150844598952 0.9141860442168639
  outer loop
    vertex 230.49337504501855 -438.4076375019807 108.45567845376743
    vertex 227.1390709028728 -430.0397584726884 107.57511636054677
    vertex 224.92539545419473 -431.31782458888097 106.5163317226737
  endloop
endfacet
facet normal -0.25328419097635396 -0.3702048587501531 0.8937535908510986
  outer loop
    vertex 253.04778217583433 -447.64340997492536 113.82056313247418
    vertex 253.04778217583439 -445.4723678564436 114.71983822243253
    vertex 245.71435126674098 -444.5069033613757 113.04149814836653
  endloop
endfacet
facet normal -3.630718642932113e-15 -0.9914448613738056 0.13052619222008835
  outer loop
    vertex 261.9070153158925 -441.27823655203804 120.18573655536139
    vertex 261.9070153158926 -440.97151056569146 122.5155517276317
    vertex 253.0477821758355 -441.27823655203804 120.18573655536142
  endloop
endfacet
facet normal -3.630718642932113e-15 -0.9914448613738056 0.13052619222008835
  outer loop
    vertex 253.0477821758355 -440.97151056569146 122.51555172763173
    vertex 253.0477821758355 -441.27823655203804 120.18573655536142
    vertex 261.9070153158926 -440.97151056569146 122.5155517276317
  endloop
endfacet
facet normal -0.6036410040731841 -0.12942830799550029 0.7866802725955063
  outer loop
    vertex 291.2421623952858 -449.97322514719735 125.66485292062228
    vertex 291.0252743703746 -447.64340997492627 125.8817409455339
    vertex 282.6500967428362 -449.97322514719735 119.07192906301053
  endloop
endfacet
facet normal -0.6036410040731841 -0.12942830799550029 0.7866802725955063
  outer loop
    vertex 282.49673374966306 -447.64340997492627 119.33756155918728
    vertex 282.6500967428362 -449.97322514719735 119.07192906301053
    vertex 291.0252743703746 -447.64340997492627 125.8817409455339
  endloop
endfacet
facet normal -0.25812658841490754 0.0021623766066485315 0.9661086835758657
  outer loop
    vertex 236.15407395704648 -445.7878083356014 109.98463232001582
    vertex 237.4180795843643 -443.5984863680352 110.31745131561733
    vertex 230.49337504501855 -438.4076375019807 108.45567845376743
  endloop
endfacet
facet normal 0.4001759097474674 -0.06421150844599258 0.9141860442168636
  outer loop
    vertex 208.8192350891264 -431.31782458888097 106.51633172267371
    vertex 206.6055596404489 -430.0397584726883 107.57511636054677
    vertex 203.2512554983019 -438.40763750198056 108.45567845376748
  endloop
endfacet
facet normal 0.13052619222006717 0.9914448613738083 -7.826483645769661e-15
  outer loop
    vertex 257.3723152716631 -439.6999999999957 105.0000000000105
    vertex 250.4618467674262 -438.79021956191383 105.00000000001047
    vertex 257.3723152716632 -439.69999999999555 155.00000000001583
  endloop
endfacet
facet normal 0.13052619222006717 0.9914448613738083 -7.826483645769661e-15
  outer loop
    vertex 250.46184676742627 -438.7902195619134 155.00000000001583
    vertex 257.3723152716632 -439.69999999999555 155.00000000001583
    vertex 250.4618467674262 -438.79021956191383 105.00000000001047
  endloop
endfacet
facet normal -0.2005581576874257 0.09052541665692077 0.9754904275922531
  outer loop
    vertex 228.63131889807298 -440.26969364892625 108.10899200001583
    vertex 224.92539545419473 -431.31782458888097 106.5163317226737
    vertex 222.54982908313718 -432.6893584726888 106.15520000001575
  endloop
endfacet
facet normal 1.6465518237602965e-14 -0.13052619222000794 0.9914448613738163
  outer loop
    vertex 261.9070153158925 -449.97322514719644 113.51383714612763
    vertex 261.9070153158925 -447.64340997492536 113.82056313247402
    vertex 253.04778217583433 -447.64340997492536 113.82056313247418
  endloop
endfacet
facet normal -2.390739739740776e-15 -0.9238795325112896 0.382683432365083
  outer loop
    vertex 261.9070153158925 -442.17751164199643 118.01469443687972
    vertex 261.9070153158925 -441.27823655203804 120.18573655536139
    vertex 253.0477821758355 -442.1775116419963 118.01469443687975
  endloop
endfacet
facet normal -2.390739739740776e-15 -0.9238795325112896 0.382683432365083
  outer loop
    vertex 253.0477821758355 -441.27823655203804 120.18573655536142
    vertex 253.0477821758355 -442.1775116419963 118.01469443687975
    vertex 261.9070153158925 -441.27823655203804 120.18573655536139
  endloop
endfacet
facet normal -0.23925995433887146 -0.3789614898828286 0.8939479086812316
  outer loop
    vertex 253.20396059020402 -450.50438420094207 112.64954208667172
    vertex 253.04778217583433 -447.64340997492536 113.82056313247418
    vertex 245.1290314250921 -446.69134674908685 112.10475326299327
  endloop
endfacet
facet normal -0.7966133210784271 -0.4679398069251043 0.38267421362732923
  outer loop
    vertex 235.5806070450192 -433.3204055019809 115.65011094310577
    vertex 231.45812400256872 -427.6294774899516 114.02728627855477
    vertex 230.49862908313824 -428.10011665295383 111.45440000001575
  endloop
endfacet
facet normal -0.7966133210784271 -0.4679398069251043 0.38267421362732923
  outer loop
    vertex 231.3138000254898 -427.6294774899516 113.72684690062354
    vertex 230.49862908313824 -428.10011665295383 111.45440000001575
    vertex 231.45812400256872 -427.6294774899516 114.02728627855477
  endloop
endfacet
facet normal -0.44087333505716686 -0.08267539704375333 0.8937535908510964
  outer loop
    vertex 230.49337504501855 -438.4076375019807 108.45567845376743
    vertex 232.22853514274271 -436.6724774042568 109.47211170612557
    vertex 227.1390709028728 -430.0397584726884 107.57511636054677
  endloop
endfacet
facet normal -0.8201720651029252 -0.5575555567124949 0.1282559347703763
  outer loop
    vertex 235.5806070450192 -433.3204055019809 115.65011094310577
    vertex 235.8257513874124 -433.0752611595877 118.28345600001573
    vertex 231.45812400256872 -427.6294774899516 114.02728627855477
  endloop
endfacet
facet normal -0.8201720651029252 -0.5575555567124949 0.1282559347703763
  outer loop
    vertex 231.46263600361436 -427.6294774899516 114.05613965848792
    vertex 231.45812400256872 -427.6294774899516 114.02728627855477
    vertex 235.8257513874124 -433.0752611595877 118.28345600001573
  endloop
endfacet
facet normal -0.9914448613738099 3.0484009219620035e-14 0.1305261922200551
  outer loop
    vertex 301.97957145009605 -483.49999999999625 144.26259094520537
    vertex 303.3931781697792 -483.49999999999613 155.00000000001629
    vertex 301.9795714500967 -449.9732251471972 144.2625909452051
  endloop
endfacet
facet normal -0.9914448613738099 3.0484009219620035e-14 0.1305261922200551
  outer loop
    vertex 303.3931781697799 -449.9732251471972 155.00000000001603
    vertex 301.9795714500967 -449.9732251471972 144.2625909452051
    vertex 303.3931781697792 -483.49999999999613 155.00000000001629
  endloop
endfacet
facet normal 2.399319151721135e-15 0.321822959634569 0.946799864095917
  outer loop
    vertex 236.15407395704648 -445.7878083356014 109.98463232001582
    vertex 228.63131889807298 -440.26969364892625 108.10899200001583
    vertex 197.59055658627398 -445.7878083356013 109.98463232001586
  endloop
endfacet
facet normal 2.399319151721135e-15 0.321822959634569 0.946799864095917
  outer loop
    vertex 205.11331164524802 -440.26969364892614 108.10899200001587
    vertex 197.59055658627398 -445.7878083356013 109.98463232001586
    vertex 228.63131889807298 -440.26969364892625 108.10899200001583
  endloop
endfacet
facet normal -1.6124903779298028e-15 0.9999999999999999 -7.630528552954574e-15
  outer loop
    vertex 304.893178169779 -439.69999999999555 105.00000000001046
    vertex 257.3723152716631 -439.6999999999957 105.0000000000105
    vertex 304.893178169779 -439.6999999999951 155.00000000001577
  endloop
endfacet
facet normal -1.6124903779298028e-15 0.9999999999999999 -7.630528552954574e-15
  outer loop
    vertex 257.3723152716632 -439.69999999999555 155.00000000001583
    vertex 304.893178169779 -439.6999999999951 155.00000000001577
    vertex 257.3723152716631 -439.6999999999957 105.0000000000105
  endloop
endfacet
facet normal -0.2600832535118422 -0.7503141683857738 0.6077708038086888
  outer loop
    vertex 246.60265495338075 -441.19170887028855 116.47364003841577
    vertex 246.21697680954205 -442.6310792984625 114.53164406744146
    vertex 253.0477821758355 -442.1775116419963 118.01469443687975
  endloop
endfacet
facet normal -0.4102171946382426 -0.91198785804589 -1.0702278837514805e-14
  outer loop
    vertex 241.03781667704797 -437.3289178134666 119.7521177600157
    vertex 246.92779666896638 -439.9782634680646 121.1620330496157
    vertex 241.03781667704797 -437.3289178134669 155.0000000000158
  endloop
endfacet
facet normal -0.4102171946382426 -0.91198785804589 -1.0702278837514805e-14
  outer loop
    vertex 246.92779666896638 -439.9782634680649 155.00000000001583
    vertex 241.03781667704797 -437.3289178134669 155.0000000000158
    vertex 246.92779666896638 -439.9782634680646 121.1620330496157
  endloop
endfacet
facet normal 0.8112524406486425 -0.5846960556918618 -1.6017648109901304e-14
  outer loop
    vertex 197.91887915590934 -433.0752611595875 155.0000000000159
    vertex 197.91887915590812 -433.0752611595875 118.2834560000158
    vertex 201.84383281058356 -427.62947748995117 155.00000000001586
  endloop
endfacet
facet normal 0.8112524406486425 -0.5846960556918618 -1.6017648109901304e-14
  outer loop
    vertex 201.8438328105823 -427.6294774899515 116.81800053148133
    vertex 201.84383281058356 -427.62947748995117 155.00000000001586
    vertex 197.91887915590812 -433.0752611595875 118.2834560000158
  endloop
endfacet
facet normal 0.12942830799557994 -0.12942830799551194 0.9831056027603648
  outer loop
    vertex 171.83761522742904 -449.9732251471961 113.5138371461277
    vertex 171.8376152274285 -447.643409974925 113.82056313247409
    vertex 161.10020617261753 -449.9732251471969 114.9274438658111
  endloop
endfacet
facet normal 0.12942830799557994 -0.12942830799551194 0.9831056027603648
  outer loop
    vertex 161.17959269951226 -447.64340997492593 115.22371841761708
    vertex 161.10020617261753 -449.9732251471969 114.9274438658111
    vertex 171.8376152274285 -447.643409974925 113.82056313247409
  endloop
endfacet
facet normal 2.6093327462608755e-15 0.24958774408898454 0.9683521869653475
  outer loop
    vertex 228.63131889807298 -440.26969364892625 108.10899200001583
    vertex 222.54982908313718 -432.6893584726888 106.15520000001575
    vertex 205.11331164524802 -440.26969364892614 108.10899200001587
  endloop
endfacet
facet normal 2.6093327462608755e-15 0.24958774408898454 0.9683521869653475
  outer loop
    vertex 211.19480146018384 -432.68935847268875 106.15520000001575
    vertex 205.11331164524802 -440.26969364892614 108.10899200001587
    vertex 222.54982908313718 -432.6893584726888 106.15520000001575
  endloop
endfacet
facet normal 0.451910709455077 -0.8104687340163498 0.37271589966319435
  outer loop
    vertex 187.14197558993965 -441.1917088702884 116.47364003841578
    vertex 193.3611113252056 -438.46219425560105 114.86837504001579
    vertex 186.899528173203 -440.2868827928622 118.73514224516752
  endloop
endfacet
facet normal 0.23467549501022864 -0.9227092328755071 0.3058350594814095
  outer loop
    vertex 153.34496244586055 -442.1775116419968 122.96978581561031
    vertex 154.4304835051013 -441.2782365520385 124.84996344290134
    vertex 145.68505485947856 -442.17751164199666 128.84743963206606
  endloop
endfacet
facet normal 0.23467549501022864 -0.9227092328755071 0.3058350594814095
  outer loop
    vertex 147.2202134636985 -441.2782365520384 130.38259823628596
    vertex 145.68505485947856 -442.17751164199666 128.84743963206606
    vertex 154.4304835051013 -441.2782365520385 124.84996344290134
  endloop
endfacet
facet normal 0.3826834323650987 1.3823123015892493e-14 0.923879532511283
  outer loop
    vertex 161.10020617261853 -483.49999999999596 114.9274438658113
    vertex 161.10020617261753 -449.9732251471969 114.9274438658111
    vertex 151.0945338004852 -483.4999999999959 119.0719290630108
  endloop
endfacet
facet normal 0.3826834323650987 1.3823123015892493e-14 0.923879532511283
  outer loop
    vertex 151.09453380048421 -449.9732251471969 119.07192906301063
    vertex 151.0945338004852 -483.4999999999959 119.0719290630108
    vertex 161.10020617261753 -449.9732251471969 114.9274438658111
  endloop
endfacet
facet normal 0.8201720651029172 -0.5575555567124875 0.12825593477045968
  outer loop
    vertex 198.16402349830184 -433.3204055019807 115.65011094310579
    vertex 202.28650654075238 -427.6294774899515 114.02728627855474
    vertex 197.91887915590812 -433.0752611595875 118.2834560000158
  endloop
endfacet
facet normal 0.8201720651029172 -0.5575555567124875 0.12825593477045968
  outer loop
    vertex 202.28199453970737 -427.6294774899515 114.05613965848777
    vertex 197.91887915590812 -433.0752611595875 118.2834560000158
    vertex 202.28650654075238 -427.6294774899515 114.02728627855474
  endloop
endfacet
facet normal 0.37259357912958035 -0.7908176098822453 0.48557340607939176
  outer loop
    vertex 152.4128043797929 -443.60805172430867 121.35524068449593
    vertex 153.34496244586055 -442.1775116419968 122.96978581561031
    vertex 144.36678428016995 -443.60805172430855 127.52916905275767
  endloop
endfacet
facet normal 0.37259357912958035 -0.7908176098822453 0.48557340607939176
  outer loop
    vertex 145.68505485947856 -442.17751164199666 128.84743963206606
    vertex 144.36678428016995 -443.60805172430855 127.52916905275767
    vertex 153.34496244586055 -442.1775116419968 122.96978581561031
  endloop
endfacet
facet normal 0.3404698094888192 -0.2920356616363912 0.893753590851104
  outer loop
    vertex 188.61559911822823 -446.69134674908656 112.10475326299331
    vertex 195.14868522627324 -441.5583630745334 111.2932272378812
    vertex 188.03027927657945 -444.5069033613754 113.04149814836657
  endloop
endfacet
facet normal 0.6111333983661692 -0.0592877226957532 0.7893040829357013
  outer loop
    vertex 207.60393071262652 -427.6294774899516 106.983154598599
    vertex 206.9192431838942 -427.6294774899516 107.51328667988345
    vertex 206.6055596404489 -430.0397584726883 107.57511636054677
  endloop
endfacet
facet normal 0.7798327573978171 -0.14991837955359932 0.6077708038079324
  outer loop
    vertex 203.4295321937749 -427.6294774899515 111.33500331804625
    vertex 203.24600146018295 -428.10011665295366 111.45440000001578
    vertex 203.56105361392096 -427.6294774899515 111.16624774261079
  endloop
endfacet
facet normal 0.9171204481621479 -0.3798837279584766 0.12074119758902037
  outer loop
    vertex 130.6581783598868 -447.64340997492536 155.0000000000161
    vertex 132.06133364503026 -447.6434099749255 144.34197747209944
    vertex 131.55745344984507 -445.4723678564436 155.0000000000161
  endloop
endfacet
facet normal 0.9171204481621479 -0.3798837279584766 0.12074119758902037
  outer loop
    vertex 132.9299666793592 -445.47236785644367 144.57472699216692
    vertex 131.55745344984507 -445.4723678564436 155.0000000000161
    vertex 132.06133364503026 -447.6434099749255 144.34197747209944
  endloop
endfacet
facet normal 0.6486596679418949 -0.7498605149905448 0.13019156364229456
  outer loop
    vertex 198.16402349830184 -433.3204055019807 115.65011094310579
    vertex 197.91887915590812 -433.0752611595875 118.2834560000158
    vertex 192.70681386627254 -437.32891781346643 119.75211776001576
  endloop
endfacet
facet normal -0.18682549335281162 -0.973728089247645 0.13019156364223036
  outer loop
    vertex 246.92779666896638 -439.9782634680646 121.1620330496157
    vertex 246.8451023701181 -440.28688279286234 118.73514224516748
    vertex 253.0477821758355 -440.97151056569146 122.51555172763173
  endloop
endfacet
facet normal -0.23467549501023535 -0.9227092328755054 0.3058350594814097
  outer loop
    vertex 280.3996680974599 -442.1775116419972 122.96978581561024
    vertex 288.0595756838419 -442.1775116419972 128.84743963206597
    vertex 279.3141470382192 -441.2782365520389 124.84996344290124
  endloop
endfacet
facet normal -0.23467549501023535 -0.9227092328755054 0.3058350594814097
  outer loop
    vertex 286.5244170796219 -441.2782365520389 130.38259823628587
    vertex 279.3141470382192 -441.2782365520389 124.84996344290124
    vertex 288.0595756838419 -442.1775116419972 128.84743963206597
  endloop
endfacet
facet normal 0.2581265884149086 0.0021623766066465595 0.9661086835758653
  outer loop
    vertex 197.59055658627398 -445.7878083356013 109.98463232001586
    vertex 203.2512554983019 -438.40763750198056 108.45567845376748
    vertex 196.32655095895672 -443.598486368035 110.31745131561739
  endloop
endfacet
facet normal -0.1475231833737088 -0.922709232875506 0.35615247006525524
  outer loop
    vertex 271.4795167845679 -442.1775116419972 119.27493816339008
    vertex 280.3996680974599 -442.1775116419972 122.96978581561024
    vertex 270.91760973658523 -441.2782365520389 121.37200381559276
  endloop
endfacet
facet normal -0.1475231833737088 -0.922709232875506 0.35615247006525524
  outer loop
    vertex 279.3141470382192 -441.2782365520389 124.84996344290124
    vertex 270.91760973658523 -441.2782365520389 121.37200381559276
    vertex 280.3996680974599 -442.1775116419972 122.96978581561024
  endloop
endfacet
facet normal 0.7144588687171748 -0.34664560425471497 0.6077708038086878
  outer loop
    vertex 198.88275034366754 -434.03913234734665 113.19622400001583
    vertex 204.70463343770473 -428.9422582178246 109.25939949028826
    vertex 203.24600146018295 -428.10011665295366 111.45440000001578
  endloop
endfacet
facet normal -0.2542220251948316 -0.5589009094307935 0.7893040829384266
  outer loop
    vertex 253.04778217583439 -445.4723678564436 114.71983822243253
    vertex 246.21697680954205 -442.6310792984625 114.53164406744146
    vertex 245.71435126674098 -444.5069033613757 113.04149814836653
  endloop
endfacet
facet normal -0.7866802725955112 -0.129428307995504 0.6036410040731768
  outer loop
    vertex 291.2421623952858 -449.97322514719735 125.66485292062228
    vertex 297.8350862528977 -449.97322514719724 134.25691857307197
    vertex 291.0252743703746 -447.64340997492627 125.8817409455339
  endloop
endfacet
facet normal -0.7866802725955112 -0.129428307995504 0.6036410040731768
  outer loop
    vertex 297.5694537567205 -447.64340997492616 134.41028156624515
    vertex 291.0252743703746 -447.64340997492627 125.8817409455339
    vertex 297.8350862528977 -449.97322514719724 134.25691857307197
  endloop
endfacet
facet normal 0.10169330136791005 0.049501355252791694 0.9935834581377813
  outer loop
    vertex 189.24372467880482 -451.0355432546874 111.78524702721589
    vertex 180.54066995311632 -450.5043842009418 112.6495420866718
    vertex 180.69684836748715 -468.1732251471961 113.51383714612798
  endloop
endfacet
facet normal 0.10169330136791005 0.049501355252791694 0.9935834581377813
  outer loop
    vertex 171.83761522742904 -449.9732251471961 113.5138371461277
    vertex 180.69684836748715 -468.1732251471961 113.51383714612798
    vertex 180.54066995311632 -450.5043842009418 112.6495420866718
  endloop
endfacet
facet normal -0.43247894328731523 -0.8921951133969853 0.1301915636423019
  outer loop
    vertex 241.03781667704797 -437.3289178134666 119.7521177600157
    vertex 240.87140717924726 -437.6171475185194 117.22410650538214
    vertex 246.92779666896638 -439.9782634680646 121.1620330496157
  endloop
endfacet
facet normal -0.2224629946562312 0.13093596728132206 0.9661086835758625
  outer loop
    vertex 224.92539545419473 -431.31782458888097 106.5163317226737
    vertex 223.34881082941132 -427.62947748995174 105.65341738788057
    vertex 222.54982908313718 -432.6893584726888 106.15520000001575
  endloop
endfacet
facet normal -0.2224629946562312 0.13093596728132206 0.9661086835758625
  outer loop
    vertex 221.88469529992184 -427.62947748995197 105.31627982691026
    vertex 222.54982908313718 -432.6893584726888 106.15520000001575
    vertex 223.34881082941132 -427.62947748995174 105.65341738788057
  endloop
endfacet
facet normal -0.43151206549731846 -0.8929433086856158 0.12825593477037706
  outer loop
    vertex 240.87140717924726 -437.6171475185194 117.22410650538214
    vertex 246.8451023701181 -440.28688279286234 118.73514224516748
    vertex 246.92779666896638 -439.9782634680646 121.1620330496157
  endloop
endfacet
facet normal -0.35399527968562594 -0.3798837279585142 0.854620205233083
  outer loop
    vertex 282.49673374966306 -447.64340997492627 119.33756155918728
    vertex 282.04709620468395 -445.47236785644446 120.11635663208185
    vertex 272.5650378438087 -447.64340997492627 115.223718417617
  endloop
endfacet
facet normal -0.35399527968562594 -0.3798837279585142 0.854620205233083
  outer loop
    vertex 272.33228832374135 -445.47236785644446 116.09235145194633
    vertex 272.5650378438087 -447.64340997492627 115.223718417617
    vertex 282.04709620468395 -445.47236785644446 120.11635663208185
  endloop
endfacet
facet normal -0.3045661840669496 -0.6054678131259398 0.7352878122146383
  outer loop
    vertex 282.04709620468395 -445.47236785644446 120.11635663208185
    vertex 281.3318261635276 -443.6080517243092 121.35524068449584
    vertex 272.33228832374135 -445.47236785644446 116.09235145194633
  endloop
endfacet
facet normal -0.3045661840669496 -0.6054678131259398 0.7352878122146383
  outer loop
    vertex 271.96203730565645 -443.6080517243092 117.4741470629931
    vertex 272.33228832374135 -445.47236785644446 116.09235145194633
    vertex 281.3318261635276 -443.6080517243092 121.35524068449584
  endloop
endfacet
facet normal -0.3902138194330193 -0.4740593209507169 0.7893040829384073
  outer loop
    vertex 245.71435126674098 -444.5069033613757 113.04149814836653
    vertex 239.60740155193056 -439.8064694860852 112.8454625702509
    vertex 238.59594531704778 -441.5583630745336 111.29322723788115
  endloop
endfacet
facet normal -0.6068156946316823 -0.7908176098822434 0.07988880177349518
  outer loop
    vertex 299.43286825291506 -443.608051724309 144.94497801025167
    vertex 300.7566370111638 -443.6080517243089 155.00000000001594
    vertex 297.63207715251787 -442.1775116419971 145.42749853134015
  endloop
endfacet
facet normal -0.6068156946316823 -0.7908176098822434 0.07988880177349518
  outer loop
    vertex 298.89232087902786 -442.17751164199706 155.00000000001592
    vertex 297.63207715251787 -442.1775116419971 145.42749853134015
    vertex 300.7566370111638 -443.6080517243089 155.00000000001594
  endloop
endfacet
facet normal -0.2342221155021022 -0.7908176098822424 0.5654622078528834
  outer loop
    vertex 271.96203730565645 -443.6080517243092 117.4741470629931
    vertex 281.3318261635276 -443.6080517243092 121.35524068449584
    vertex 271.4795167845679 -442.1775116419972 119.27493816339008
  endloop
endfacet
facet normal -0.2342221155021022 -0.7908176098822424 0.5654622078528834
  outer loop
    vertex 280.3996680974599 -442.1775116419972 122.96978581561024
    vertex 271.4795167845679 -442.1775116419972 119.27493816339008
    vertex 281.3318261635276 -443.6080517243092 121.35524068449584
  endloop
endfacet
facet normal -0.45191070945508277 -0.8104687340163463 0.37271589966319485
  outer loop
    vertex 240.38351921811545 -438.4621942556012 114.86837504001575
    vertex 246.60265495338075 -441.19170887028855 116.47364003841577
    vertex 246.8451023701181 -440.28688279286234 118.73514224516748
  endloop
endfacet
facet normal -0.5631251684765127 -0.37988372795851966 0.7338790076440643
  outer loop
    vertex 291.0252743703746 -447.64340997492627 125.8817409455339
    vertex 290.38939085611236 -445.4723678564444 126.51762445979568
    vertex 282.49673374966306 -447.64340997492627 119.33756155918728
  endloop
endfacet
facet normal -0.5631251684765127 -0.37988372795851966 0.7338790076440643
  outer loop
    vertex 282.04709620468395 -445.47236785644446 120.11635663208185
    vertex 282.49673374966306 -447.64340997492627 119.33756155918728
    vertex 290.38939085611236 -445.4723678564444 126.51762445979568
  endloop
endfacet
facet normal -0.36992108498321585 -0.16559670118682493 0.914186044216866
  outer loop
    vertex 237.4180795843643 -443.5984863680352 110.31745131561733
    vertex 232.22853514274271 -436.6724774042568 109.47211170612557
    vertex 230.49337504501855 -438.4076375019807 108.45567845376743
  endloop
endfacet
facet normal -0.3821986783839406 -0.9227092328755064 0.05031741058384771
  outer loop
    vertex 297.63207715251787 -442.1775116419971 145.42749853134015
    vertex 298.89232087902786 -442.17751164199706 155.00000000001592
    vertex 295.5350115003153 -441.2782365520387 145.9894055793229
  endloop
endfacet
facet normal -0.3821986783839406 -0.9227092328755064 0.05031741058384771
  outer loop
    vertex 296.72127876054634 -441.2782365520387 155.00000000001592
    vertex 295.5350115003153 -441.2782365520387 145.9894055793229
    vertex 298.89232087902786 -442.17751164199706 155.00000000001592
  endloop
endfacet
facet normal -0.6003957888330154 -0.5197495038855984 0.6077708038086855
  outer loop
    vertex 240.38351921811545 -438.4621942556012 114.86837504001575
    vertex 234.86188019965294 -434.0391323473469 113.19622400001579
    vertex 233.7185508980741 -435.1824616489262 111.08902351067739
  endloop
endfacet
facet normal -0.31445674960088776 -0.25569675240324596 0.9141860442168639
  outer loop
    vertex 245.1290314250921 -446.69134674908685 112.10475326299327
    vertex 238.59594531704778 -441.5583630745336 111.29322723788115
    vertex 237.4180795843643 -443.5984863680352 110.31745131561733
  endloop
endfacet
facet normal -0.7798327573952918 -0.1499183795508196 0.6077708038118586
  outer loop
    vertex 230.18357692939907 -427.62947748995174 111.16624774261096
    vertex 230.49862908313824 -428.10011665295383 111.45440000001575
    vertex 230.3150983495462 -427.62947748995174 111.33500331804608
  endloop
endfacet
facet normal -0.22261915729608378 -0.019645039254248663 0.9747075372836103
  outer loop
    vertex 244.50090586451617 -451.0355432546877 111.78524702721582
    vertex 237.4180795843643 -443.5984863680352 110.31745131561733
    vertex 236.15407395704648 -445.7878083356014 109.98463232001582
  endloop
endfacet
facet normal -0.7966005216384825 -0.47593115790369594 0.37271589966319524
  outer loop
    vertex 234.86188019965294 -434.0391323473469 113.19622400001579
    vertex 235.5806070450192 -433.3204055019809 115.65011094310577
    vertex 230.49862908313824 -428.10011665295383 111.45440000001575
  endloop
endfacet
facet normal -0.7352878122146347 -0.6054678131259477 0.30456618406694286
  outer loop
    vertex 296.790658683826 -445.4723678564444 134.85991911122434
    vertex 300.8146638639618 -445.4723678564443 144.57472699216683
    vertex 295.5517746314121 -443.6080517243091 135.5751891523803
  endloop
endfacet
facet normal -0.7352878122146347 -0.6054678131259477 0.30456618406694286
  outer loop
    vertex 299.43286825291506 -443.608051724309 144.94497801025167
    vertex 295.5517746314121 -443.6080517243091 135.5751891523803
    vertex 300.8146638639618 -445.4723678564443 144.57472699216683
  endloop
endfacet
facet normal -0.8206353081872 -0.5564241616903296 0.13019156364263063
  outer loop
    vertex 231.46263600361436 -427.6294774899516 114.05613965848792
    vertex 235.8257513874124 -433.0752611595877 118.28345600001573
    vertex 231.90079773274167 -427.6294774899516 116.81800053148179
  endloop
endfacet
facet normal -0.6409333712416255 -0.06379097645792395 0.7649412558826914
  outer loop
    vertex 229.0399971056164 -428.94225821782464 109.25939949028823
    vertex 228.51331359715095 -427.62947748995174 108.92757600685103
    vertex 227.1390709028728 -430.0397584726884 107.57511636054677
  endloop
endfacet
facet normal -0.6409333712416255 -0.06379097645792395 0.7649412558826914
  outer loop
    vertex 226.82538735942634 -427.62947748995174 107.51328667988382
    vertex 227.1390709028728 -430.0397584726884 107.57511636054677
    vertex 228.51331359715095 -427.62947748995174 108.92757600685103
  endloop
endfacet
facet normal -0.4044529731375715 -0.19396471679391344 0.8937535908511003
  outer loop
    vertex 237.4180795843643 -443.5984863680352 110.31745131561733
    vertex 238.59594531704778 -441.5583630745336 111.29322723788115
    vertex 232.22853514274271 -436.6724774042568 109.47211170612557
  endloop
endfacet
facet normal 0.6087614290087635 0.7933533402912023 -8.43800833647461e-15
  outer loop
    vertex 244.0223152716636 -436.12287828104115 105.00000000001046
    vertex 238.492564213982 -431.87975105767623 105.00000000001043
    vertex 244.02231527166308 -436.12287828104036 155.00000000001583
  endloop
endfacet
facet normal 0.6087614290087635 0.7933533402912023 -8.43800833647461e-15
  outer loop
    vertex 238.492564213982 -431.8797510576764 155.00000000001575
    vertex 244.02231527166308 -436.12287828104036 155.00000000001583
    vertex 238.492564213982 -431.87975105767623 105.00000000001043
  endloop
endfacet
facet normal -0.7197094736523856 -0.36675738936653207 0.5894974901388912
  outer loop
    vertex 233.7185508980741 -435.1824616489262 111.08902351067739
    vertex 234.86188019965294 -434.0391323473469 113.19622400001579
    vertex 229.0399971056164 -428.94225821782464 109.25939949028823
  endloop
endfacet
facet normal -0.18569791393451635 -0.974200544013669 0.12825593477044506
  outer loop
    vertex 246.8451023701181 -440.28688279286234 118.73514224516748
    vertex 253.0477821758355 -441.27823655203804 120.18573655536142
    vertex 253.0477821758355 -440.97151056569146 122.51555172763173
  endloop
endfacet
facet normal -0.3058350594814071 -0.9227092328755054 0.23467549501023888
  outer loop
    vertex 288.0595756838419 -442.1775116419972 128.84743963206597
    vertex 293.9372295002974 -442.1775116419971 136.50734721844796
    vertex 286.5244170796219 -441.2782365520389 130.38259823628587
  endloop
endfacet
facet normal -0.3058350594814071 -0.9227092328755054 0.23467549501023888
  outer loop
    vertex 292.0570518730066 -441.27823655203883 137.59286827768872
    vertex 286.5244170796219 -441.2782365520389 130.38259823628587
    vertex 293.9372295002974 -442.1775116419971 136.50734721844796
  endloop
endfacet
facet normal -0.6322792092533926 -0.7747406027477226 -1.4395629472893422e-14
  outer loop
    vertex 235.8257513874124 -433.0752611595877 118.28345600001573
    vertex 241.03781667704797 -437.3289178134666 119.7521177600157
    vertex 235.8257513874118 -433.07526115958797 155.00000000001577
  endloop
endfacet
facet normal -0.6322792092533926 -0.7747406027477226 -1.4395629472893422e-14
  outer loop
    vertex 241.03781667704797 -437.3289178134669 155.0000000000158
    vertex 235.8257513874118 -433.07526115958797 155.00000000001577
    vertex 241.03781667704797 -437.3289178134666 119.7521177600157
  endloop
endfacet
facet normal -0.44541672814086686 -0.657433333753338 0.6077708038086866
  outer loop
    vertex 240.38351921811545 -438.4621942556012 114.86837504001575
    vertex 239.60740155193056 -439.8064694860852 112.8454625702509
    vertex 246.60265495338075 -441.19170887028855 116.47364003841577
  endloop
endfacet
facet normal -0.2395996742290235 -0.03671083238048275 0.9701774636092502
  outer loop
    vertex 244.50090586451617 -451.0355432546877 111.78524702721582
    vertex 245.1290314250921 -446.69134674908685 112.10475326299327
    vertex 237.4180795843643 -443.5984863680352 110.31745131561733
  endloop
endfacet
facet normal -0.6479193829038636 -0.7508334625292303 0.128255934770456
  outer loop
    vertex 235.5806070450192 -433.3204055019809 115.65011094310577
    vertex 240.87140717924726 -437.6171475185194 117.22410650538214
    vertex 241.03781667704797 -437.3289178134666 119.7521177600157
  endloop
endfacet
facet normal -0.52316909339963 -0.3757112917653859 0.764941255882695
  outer loop
    vertex 238.59594531704778 -441.5583630745336 111.29322723788115
    vertex 239.60740155193056 -439.8064694860852 112.8454625702509
    vertex 233.7185508980741 -435.1824616489262 111.08902351067739
  endloop
endfacet
facet normal -0.6483576464017754 -0.658173843735117 0.38267421362732557
  outer loop
    vertex 235.5806070450192 -433.3204055019809 115.65011094310577
    vertex 234.86188019965294 -434.0391323473469 113.19622400001579
    vertex 240.87140717924726 -437.6171475185194 117.22410650538214
  endloop
endfacet
facet normal -0.10169330136790855 0.04950135525279248 0.9935834581377814
  outer loop
    vertex 261.9070153158925 -449.97322514719644 113.51383714612763
    vertex 253.20396059020402 -450.50438420094207 112.64954208667172
    vertex 253.0477821758337 -468.1732251471964 113.51383714612794
  endloop
endfacet
facet normal -0.10169330136790855 0.04950135525279248 0.9935834581377814
  outer loop
    vertex 244.50090586451617 -451.0355432546877 111.78524702721582
    vertex 253.0477821758337 -468.1732251471964 113.51383714612794
    vertex 253.20396059020402 -450.50438420094207 112.64954208667172
  endloop
endfacet
facet normal -0.7338790076440677 -0.3798837279585161 0.5631251684765106
  outer loop
    vertex 291.0252743703746 -447.64340997492627 125.8817409455339
    vertex 297.5694537567205 -447.64340997492616 134.41028156624515
    vertex 290.38939085611236 -445.4723678564444 126.51762445979568
  endloop
endfacet
facet normal -0.7338790076440677 -0.3798837279585161 0.5631251684765106
  outer loop
    vertex 296.790658683826 -445.4723678564444 134.85991911122434
    vertex 290.38939085611236 -445.4723678564444 126.51762445979568
    vertex 297.5694537567205 -447.64340997492616 134.41028156624515
  endloop
endfacet
facet normal -0.6002621707256266 -0.5405349530934158 0.5894974901388957
  outer loop
    vertex 239.60740155193056 -439.8064694860852 112.8454625702509
    vertex 240.38351921811545 -438.4621942556012 114.86837504001575
    vertex 233.7185508980741 -435.1824616489262 111.08902351067739
  endloop
endfacet
facet normal -0.5749647410120866 -0.21544050512766832 0.7893040829384068
  outer loop
    vertex 232.22853514274271 -436.6724774042568 109.47211170612557
    vertex 229.0399971056164 -428.94225821782464 109.25939949028823
    vertex 227.1390709028728 -430.0397584726884 107.57511636054677
  endloop
endfacet
facet normal -0.8112524406488543 -0.5846960556915679 -2.7129180106280046e-14
  outer loop
    vertex 235.8257513874118 -433.07526115958797 155.00000000001577
    vertex 231.9007977327393 -427.6294774899513 155.00000000001572
    vertex 235.8257513874124 -433.0752611595877 118.28345600001573
  endloop
endfacet
facet normal -0.8112524406488543 -0.5846960556915679 -2.7129180106280046e-14
  outer loop
    vertex 231.90079773274167 -427.6294774899516 116.81800053148179
    vertex 235.8257513874124 -433.0752611595877 118.28345600001573
    vertex 231.9007977327393 -427.6294774899513 155.00000000001572
  endloop
endfacet
facet normal 0.1300096499683878 -0.9875213334428613 -0.08887692000924846
  outer loop
    vertex 293.37554007957357 -453.6328870923956 105.00000000001062
    vertex 293.89317816977916 -453.5647387449737 105.00000000001062
    vertex 293.4221275076962 -453.8067537411258 107.00000000001059
  endloop
endfacet
facet normal 0.1300096499683878 -0.9875213334428613 -0.08887692000924846
  outer loop
    vertex 293.89317816978377 -453.74473874497187 107.00000000001059
    vertex 293.4221275076962 -453.8067537411258 107.00000000001059
    vertex 293.89317816977916 -453.5647387449737 105.00000000001062
  endloop
endfacet
facet normal -0.13000964996872275 -0.9875213334428663 -0.08887692000870313
  outer loop
    vertex 294.41081625998413 -453.6328870923956 105.00000000001054
    vertex 294.3642288318696 -453.8067537411258 107.00000000001059
    vertex 293.89317816977916 -453.5647387449737 105.00000000001062
  endloop
endfacet
facet normal -0.13000964996872275 -0.9875213334428663 -0.08887692000870313
  outer loop
    vertex 293.89317816978377 -453.74473874497187 107.00000000001059
    vertex 293.89317816977916 -453.5647387449737 105.00000000001062
    vertex 294.3642288318696 -453.8067537411258 107.00000000001059
  endloop
endfacet
facet normal -5.551115123125783e-16 -9.074351392018954e-15 -1.0
  outer loop
    vertex 295.71317816978393 -455.56473874497203 107.00000000001062
    vertex 295.6511631736288 -456.0357894070585 107.00000000001062
    vertex 295.6511631736288 -455.0936880828857 107.00000000001062
  endloop
endfacet
facet normal -5.551115123125783e-16 -9.074351392018954e-15 -1.0
  outer loop
    vertex 295.4693444046712 -454.65473874497195 107.00000000001062
    vertex 295.6511631736288 -455.0936880828857 107.00000000001062
    vertex 295.6511631736288 -456.0357894070585 107.00000000001062
  endloop
endfacet
facet normal -5.551115123125783e-16 -9.074351392018954e-15 -1.0
  outer loop
    vertex 295.4693444046712 -456.4747387449721 107.00000000001062
    vertex 295.4693444046712 -454.65473874497195 107.00000000001062
    vertex 295.6511631736288 -456.0357894070585 107.00000000001062
  endloop
endfacet
facet normal -5.551115123125783e-16 -9.074351392018954e-15 -1.0
  outer loop
    vertex 295.18011251154303 -454.27780440321226 107.00000000001059
    vertex 295.4693444046712 -454.65473874497195 107.00000000001062
    vertex 295.4693444046712 -456.4747387449721 107.00000000001062
  endloop
endfacet
facet normal -5.551115123125783e-16 -9.074351392018954e-15 -1.0
  outer loop
    vertex 295.180112511543 -456.8516730867322 107.00000000001063
    vertex 295.18011251154303 -454.27780440321226 107.00000000001059
    vertex 295.4693444046712 -456.4747387449721 107.00000000001062
  endloop
endfacet
facet normal -5.551115123125783e-16 -9.074351392018954e-15 -1.0
  outer loop
    vertex 294.8031781697832 -453.9885725100846 107.00000000001059
    vertex 295.18011251154303 -454.27780440321226 107.00000000001059
    vertex 295.180112511543 -456.8516730867322 107.00000000001063
  endloop
endfacet
facet normal -5.551115123125783e-16 -9.074351392018954e-15 -1.0
  outer loop
    vertex 294.80317816978265 -457.14090497986035 107.00000000001063
    vertex 294.8031781697832 -453.9885725100846 107.00000000001059
    vertex 295.180112511543 -456.8516730867322 107.00000000001063
  endloop
endfacet
facet normal -5.551115123125783e-16 -9.074351392018954e-15 -1.0
  outer loop
    vertex 294.3642288318696 -453.8067537411258 107.00000000001059
    vertex 294.8031781697832 -453.9885725100846 107.00000000001059
    vertex 294.80317816978265 -457.14090497986035 107.00000000001063
  endloop
endfacet
facet normal -5.551115123125783e-16 -9.074351392018954e-15 -1.0
  outer loop
    vertex 294.3642288318696 -457.32272374881865 107.00000000001063
    vertex 294.3642288318696 -453.8067537411258 107.00000000001059
    vertex 294.80317816978265 -457.14090497986035 107.00000000001063
  endloop
endfacet
facet normal -5.551115123125783e-16 -9.074351392018954e-15 -1.0
  outer loop
    vertex 293.89317816978377 -453.74473874497187 107.00000000001059
    vertex 294.3642288318696 -453.8067537411258 107.00000000001059
    vertex 294.3642288318696 -457.32272374881865 107.00000000001063
  endloop
endfacet
facet normal -5.551115123125783e-16 -9.074351392018954e-15 -1.0
  outer loop
    vertex 293.8931781697837 -457.3847387449722 107.00000000001063
    vertex 293.89317816978377 -453.74473874497187 107.00000000001059
    vertex 294.3642288318696 -457.32272374881865 107.00000000001063
  endloop
endfacet
facet normal -5.551115123125783e-16 -9.074351392018954e-15 -1.0
  outer loop
    vertex 293.4221275076962 -453.8067537411258 107.00000000001059
    vertex 293.89317816978377 -453.74473874497187 107.00000000001059
    vertex 293.8931781697837 -457.3847387449722 107.00000000001063
  endloop
endfacet
facet normal -5.551115123125783e-16 -9.074351392018954e-15 -1.0
  outer loop
    vertex 293.42212750769613 -457.32272374881865 107.00000000001063
    vertex 293.4221275076962 -453.8067537411258 107.00000000001059
    vertex 293.8931781697837 -457.3847387449722 107.00000000001063
  endloop
endfacet
facet normal -5.551115123125783e-16 -9.074351392018954e-15 -1.0
  outer loop
    vertex 292.98317816978306 -453.9885725100846 107.00000000001059
    vertex 293.4221275076962 -453.8067537411258 107.00000000001059
    vertex 293.42212750769613 -457.32272374881865 107.00000000001063
  endloop
endfacet
facet normal -5.551115123125783e-16 -9.074351392018954e-15 -1.0
  outer loop
    vertex 292.9831781697825 -457.14090497986035 107.00000000001063
    vertex 292.98317816978306 -453.9885725100846 107.00000000001059
    vertex 293.42212750769613 -457.32272374881865 107.00000000001063
  endloop
endfacet
facet normal -5.551115123125783e-16 -9.074351392018954e-15 -1.0
  outer loop
    vertex 292.6062438280233 -454.27780440321226 107.00000000001062
    vertex 292.98317816978306 -453.9885725100846 107.00000000001059
    vertex 292.9831781697825 -457.14090497986035 107.00000000001063
  endloop
endfacet
facet normal -5.551115123125783e-16 -9.074351392018954e-15 -1.0
  outer loop
    vertex 292.6062438280233 -456.8516730867322 107.00000000001063
    vertex 292.6062438280233 -454.27780440321226 107.00000000001062
    vertex 292.9831781697825 -457.14090497986035 107.00000000001063
  endloop
endfacet
facet normal -5.551115123125783e-16 -9.074351392018954e-15 -1.0
  outer loop
    vertex 292.31701193489454 -454.65473874497195 107.00000000001062
    vertex 292.6062438280233 -454.27780440321226 107.00000000001062
    vertex 292.6062438280233 -456.8516730867322 107.00000000001063
  endloop
endfacet
facet normal -5.551115123125783e-16 -9.074351392018954e-15 -1.0
  outer loop
    vertex 292.31701193489454 -456.4747387449721 107.00000000001062
    vertex 292.31701193489454 -454.65473874497195 107.00000000001062
    vertex 292.6062438280233 -456.8516730867322 107.00000000001063
  endloop
endfacet
facet normal -5.551115123125783e-16 -9.074351392018954e-15 -1.0
  outer loop
    vertex 292.13519316593636 -455.0936880828857 107.00000000001062
    vertex 292.31701193489454 -454.65473874497195 107.00000000001062
    vertex 292.31701193489454 -456.4747387449721 107.00000000001062
  endloop
endfacet
facet normal -5.551115123125783e-16 -9.074351392018954e-15 -1.0
  outer loop
    vertex 292.13519316593636 -456.0357894070585 107.00000000001062
    vertex 292.13519316593636 -455.0936880828857 107.00000000001062
    vertex 292.31701193489454 -456.4747387449721 107.00000000001062
  endloop
endfacet
facet normal -5.551115123125783e-16 -9.074351392018954e-15 -1.0
  outer loop
    vertex 292.0731781697836 -455.56473874497203 107.00000000001062
    vertex 292.13519316593636 -455.0936880828857 107.00000000001062
    vertex 292.13519316593636 -456.0357894070585 107.00000000001062
  endloop
endfacet
facet normal -0.38116900711139573 -0.9202233865249922 -0.0888769200084441
  outer loop
    vertex 294.41081625998413 -453.6328870923956 105.00000000001054
    vertex 294.89317816977945 -453.8326879374046 105.00000000001054
    vertex 294.3642288318696 -453.8067537411258 107.00000000001059
  endloop
endfacet
facet normal -0.38116900711139573 -0.9202233865249922 -0.0888769200084441
  outer loop
    vertex 294.8031781697832 -453.9885725100846 107.00000000001059
    vertex 294.3642288318696 -453.8067537411258 107.00000000001059
    vertex 294.89317816977945 -453.8326879374046 105.00000000001054
  endloop
endfacet
facet normal 0.9202233865251251 0.3811690071103408 -0.08887692001159296
  outer loop
    vertex 292.1611273622102 -456.5647387449744 105.00000000001063
    vertex 291.9613265172014 -456.08237683517854 105.00000000001062
    vertex 292.31701193489454 -456.4747387449721 107.00000000001062
  endloop
endfacet
facet normal 0.9202233865251251 0.3811690071103408 -0.08887692001159296
  outer loop
    vertex 292.13519316593636 -456.0357894070585 107.00000000001062
    vertex 292.31701193489454 -456.4747387449721 107.00000000001062
    vertex 291.9613265172014 -456.08237683517854 105.00000000001062
  endloop
endfacet
facet normal 0.9202233865250329 -0.3811690071106888 -0.08887692001105758
  outer loop
    vertex 292.13519316593636 -455.0936880828857 107.00000000001062
    vertex 291.9613265172009 -455.0471006547694 105.00000000001062
    vertex 292.31701193489454 -454.65473874497195 107.00000000001062
  endloop
endfacet
facet normal 0.9202233865250329 -0.3811690071106888 -0.08887692001105758
  outer loop
    vertex 292.16112736220964 -454.56473874497436 105.00000000001062
    vertex 292.31701193489454 -454.65473874497195 107.00000000001062
    vertex 291.9613265172009 -455.0471006547694 105.00000000001062
  endloop
endfacet
facet normal -0.9202233865252901 -0.38116900711084123 -0.08887692000773859
  outer loop
    vertex 295.6511631736288 -455.0936880828857 107.00000000001062
    vertex 295.4693444046712 -454.65473874497195 107.00000000001062
    vertex 295.8250298223574 -455.0471006547689 105.00000000001062
  endloop
endfacet
facet normal -0.9202233865252901 -0.38116900711084123 -0.08887692000773859
  outer loop
    vertex 295.625228977348 -454.5647387449738 105.00000000001062
    vertex 295.8250298223574 -455.0471006547689 105.00000000001062
    vertex 295.4693444046712 -454.65473874497195 107.00000000001062
  endloop
endfacet
facet normal 0.9875213334426634 0.13000964996815748 -0.08887692001178332
  outer loop
    vertex 291.9613265172014 -456.08237683517854 105.00000000001062
    vertex 291.893178169779 -455.56473874497385 105.00000000001062
    vertex 292.13519316593636 -456.0357894070585 107.00000000001062
  endloop
endfacet
facet normal 0.9875213334426634 0.13000964996815748 -0.08887692001178332
  outer loop
    vertex 292.0731781697836 -455.56473874497203 107.00000000001062
    vertex 292.13519316593636 -456.0357894070585 107.00000000001062
    vertex 291.893178169779 -455.56473874497385 105.00000000001062
  endloop
endfacet
facet normal 0.6063523263303741 -0.7902137365568817 -0.08887692001051142
  outer loop
    vertex 292.4789646074047 -454.15052518260086 105.00000000001059
    vertex 292.8931781697782 -453.8326879374055 105.00000000001059
    vertex 292.6062438280233 -454.27780440321226 107.00000000001062
  endloop
endfacet
facet normal 0.6063523263303741 -0.7902137365568817 -0.08887692001051142
  outer loop
    vertex 292.98317816978306 -453.9885725100846 107.00000000001059
    vertex 292.6062438280233 -454.27780440321226 107.00000000001062
    vertex 292.8931781697782 -453.8326879374055 105.00000000001059
  endloop
endfacet
facet normal 0.6063523263310334 0.7902137365562539 -0.08887692001159403
  outer loop
    vertex 292.89317816977876 -457.2967895525427 105.00000000001066
    vertex 292.4789646074058 -456.97895230734764 105.00000000001063
    vertex 292.9831781697825 -457.14090497986035 107.00000000001063
  endloop
endfacet
facet normal 0.6063523263310334 0.7902137365562539 -0.08887692001159403
  outer loop
    vertex 292.6062438280233 -456.8516730867322 107.00000000001063
    vertex 292.9831781697825 -457.14090497986035 107.00000000001063
    vertex 292.4789646074058 -456.97895230734764 105.00000000001063
  endloop
endfacet
facet normal -5.551115123125783e-16 -9.074351392018954e-15 -1.0
  outer loop
    vertex 140.60145237354646 -473.4999999999953 115.00000000001104
    vertex 140.57589674326294 -473.6941142838222 115.00000000001104
    vertex 140.57589674326294 -473.30588571616835 115.00000000001104
  endloop
endfacet
facet normal -5.551115123125783e-16 -9.074351392018954e-15 -1.0
  outer loop
    vertex 140.50097142638467 -473.12499999999517 115.00000000001104
    vertex 140.57589674326294 -473.30588571616835 115.00000000001104
    vertex 140.57589674326294 -473.6941142838222 115.00000000001104
  endloop
endfacet
facet normal -5.551115123125783e-16 -9.074351392018954e-15 -1.0
  outer loop
    vertex 140.50097142638467 -473.8749999999954 115.00000000001104
    vertex 140.50097142638467 -473.12499999999517 115.00000000001104
    vertex 140.57589674326294 -473.6941142838222 115.00000000001104
  endloop
endfacet
facet normal -5.551115123125783e-16 -9.074351392018954e-15 -1.0
  outer loop
    vertex 140.38178245943632 -472.9696699141053 115.00000000001104
    vertex 140.50097142638467 -473.12499999999517 115.00000000001104
    vertex 140.50097142638467 -473.8749999999954 115.00000000001104
  endloop
endfacet
facet normal -5.551115123125783e-16 -9.074351392018954e-15 -1.0
  outer loop
    vertex 140.38178245943632 -474.0303300858853 115.00000000001104
    vertex 140.38178245943632 -472.9696699141053 115.00000000001104
    vertex 140.50097142638467 -473.8749999999954 115.00000000001104
  endloop
endfacet
facet normal -5.551115123125783e-16 -9.074351392018954e-15 -1.0
  outer loop
    vertex 140.22645237354638 -472.8504809471569 115.00000000001104
    vertex 140.38178245943632 -472.9696699141053 115.00000000001104
    vertex 140.38178245943632 -474.0303300858853 115.00000000001104
  endloop
endfacet
facet normal -5.551115123125783e-16 -9.074351392018954e-15 -1.0
  outer loop
    vertex 140.22645237354638 -474.1495190528337 115.00000000001104
    vertex 140.22645237354638 -472.8504809471569 115.00000000001104
    vertex 140.38178245943632 -474.0303300858853 115.00000000001104
  endloop
endfacet
facet normal -5.551115123125783e-16 -9.074351392018954e-15 -1.0
  outer loop
    vertex 140.045566657373 -472.77555563027835 115.00000000001103
    vertex 140.22645237354638 -472.8504809471569 115.00000000001104
    vertex 140.22645237354638 -474.1495190528337 115.00000000001104
  endloop
endfacet
facet normal -5.551115123125783e-16 -9.074351392018954e-15 -1.0
  outer loop
    vertex 140.045566657373 -474.2244443697122 115.00000000001104
    vertex 140.045566657373 -472.77555563027835 115.00000000001103
    vertex 140.22645237354638 -474.1495190528337 115.00000000001104
  endloop
endfacet
facet normal -5.551115123125783e-16 -9.074351392018954e-15 -1.0
  outer loop
    vertex 139.85145237354632 -472.74999999999517 115.00000000001103
    vertex 140.045566657373 -472.77555563027835 115.00000000001103
    vertex 140.045566657373 -474.2244443697122 115.00000000001104
  endloop
endfacet
facet normal -5.551115123125783e-16 -9.074351392018954e-15 -1.0
  outer loop
    vertex 139.85145237354632 -474.2499999999954 115.00000000001104
    vertex 139.85145237354632 -472.74999999999517 115.00000000001103
    vertex 140.045566657373 -474.2244443697122 115.00000000001104
  endloop
endfacet
facet normal -5.551115123125783e-16 -9.074351392018954e-15 -1.0
  outer loop
    vertex 139.6573380897197 -472.77555563027835 115.00000000001104
    vertex 139.85145237354632 -472.74999999999517 115.00000000001103
    vertex 139.85145237354632 -474.2499999999954 115.00000000001104
  endloop
endfacet
facet normal -5.551115123125783e-16 -9.074351392018954e-15 -1.0
  outer loop
    vertex 139.6573380897197 -474.2244443697122 115.00000000001104
    vertex 139.6573380897197 -472.77555563027835 115.00000000001104
    vertex 139.85145237354632 -474.2499999999954 115.00000000001104
  endloop
endfacet
facet normal -5.551115123125783e-16 -9.074351392018954e-15 -1.0
  outer loop
    vertex 139.47645237354627 -472.8504809471569 115.00000000001104
    vertex 139.6573380897197 -472.77555563027835 115.00000000001104
    vertex 139.6573380897197 -474.2244443697122 115.00000000001104
  endloop
endfacet
facet normal -5.551115123125783e-16 -9.074351392018954e-15 -1.0
  outer loop
    vertex 139.47645237354627 -474.14951905283357 115.00000000001104
    vertex 139.47645237354627 -472.8504809471569 115.00000000001104
    vertex 139.6573380897197 -474.2244443697122 115.00000000001104
  endloop
endfacet
facet normal -5.551115123125783e-16 -9.074351392018954e-15 -1.0
  outer loop
    vertex 139.32112228765638 -472.9696699141053 115.00000000001104
    vertex 139.47645237354627 -472.8504809471569 115.00000000001104
    vertex 139.47645237354627 -474.14951905283357 115.00000000001104
  endloop
endfacet
facet normal -5.551115123125783e-16 -9.074351392018954e-15 -1.0
  outer loop
    vertex 139.32112228765638 -474.0303300858853 115.00000000001104
    vertex 139.32112228765638 -472.9696699141053 115.00000000001104
    vertex 139.47645237354627 -474.14951905283357 115.00000000001104
  endloop
endfacet
facet normal -5.551115123125783e-16 -9.074351392018954e-15 -1.0
  outer loop
    vertex 139.20193332070798 -473.12499999999517 115.00000000001104
    vertex 139.32112228765638 -472.9696699141053 115.00000000001104
    vertex 139.32112228765638 -474.0303300858853 115.00000000001104
  endloop
endfacet
facet normal -5.551115123125783e-16 -9.074351392018954e-15 -1.0
  outer loop
    vertex 139.20193332070798 -473.8749999999953 115.00000000001104
    vertex 139.20193332070798 -473.12499999999517 115.00000000001104
    vertex 139.32112228765638 -474.0303300858853 115.00000000001104
  endloop
endfacet
facet normal -5.551115123125783e-16 -9.074351392018954e-15 -1.0
  outer loop
    vertex 139.1270080038297 -473.30588571616835 115.00000000001104
    vertex 139.20193332070798 -473.12499999999517 115.00000000001104
    vertex 139.20193332070798 -473.8749999999953 115.00000000001104
  endloop
endfacet
facet normal -5.551115123125783e-16 -9.074351392018954e-15 -1.0
  outer loop
    vertex 139.1270080038297 -473.6941142838222 115.00000000001104
    vertex 139.1270080038297 -473.30588571616835 115.00000000001104
    vertex 139.20193332070798 -473.8749999999953 115.00000000001104
  endloop
endfacet
facet normal -5.551115123125783e-16 -9.074351392018954e-15 -1.0
  outer loop
    vertex 139.10145237354624 -473.4999999999953 115.00000000001104
    vertex 139.1270080038297 -473.30588571616835 115.00000000001104
    vertex 139.1270080038297 -473.6941142838222 115.00000000001104
  endloop
endfacet
facet normal 0.38116900711230867 -0.9202233865244802 -0.08887692000983145
  outer loop
    vertex 292.8931781697782 -453.8326879374055 105.00000000001059
    vertex 293.37554007957357 -453.6328870923956 105.00000000001062
    vertex 292.98317816978306 -453.9885725100846 107.00000000001059
  endloop
endfacet
facet normal 0.38116900711230867 -0.9202233865244802 -0.08887692000983145
  outer loop
    vertex 293.4221275076962 -453.8067537411258 107.00000000001059
    vertex 292.98317816978306 -453.9885725100846 107.00000000001059
    vertex 293.37554007957357 -453.6328870923956 105.00000000001062
  endloop
endfacet
facet normal -0.6063523263309878 -0.7902137365566817 -0.08887692000810159
  outer loop
    vertex 294.89317816977945 -453.8326879374046 105.00000000001054
    vertex 295.3073917321524 -454.1505251826003 105.00000000001063
    vertex 294.8031781697832 -453.9885725100846 107.00000000001059
  endloop
endfacet
facet normal -0.6063523263309878 -0.7902137365566817 -0.08887692000810159
  outer loop
    vertex 295.18011251154303 -454.27780440321226 107.00000000001059
    vertex 294.8031781697832 -453.9885725100846 107.00000000001059
    vertex 295.3073917321524 -454.1505251826003 105.00000000001063
  endloop
endfacet
facet normal 0.9875213334427436 -0.13000964996761424 -0.08887692001168968
  outer loop
    vertex 291.893178169779 -455.56473874497385 105.00000000001062
    vertex 291.9613265172009 -455.0471006547694 105.00000000001062
    vertex 292.0731781697836 -455.56473874497203 107.00000000001062
  endloop
endfacet
facet normal 0.9875213334427436 -0.13000964996761424 -0.08887692001168968
  outer loop
    vertex 292.13519316593636 -455.0936880828857 107.00000000001062
    vertex 292.0731781697836 -455.56473874497203 107.00000000001062
    vertex 291.9613265172009 -455.0471006547694 105.00000000001062
  endloop
endfacet
facet normal 0.1300096499677432 0.987521333442781 -0.08887692001108351
  outer loop
    vertex 293.8931781697779 -457.5647387449742 105.00000000001063
    vertex 293.37554007957294 -457.49659039755267 105.00000000001063
    vertex 293.8931781697837 -457.3847387449722 107.00000000001063
  endloop
endfacet
facet normal 0.1300096499677432 0.987521333442781 -0.08887692001108351
  outer loop
    vertex 293.42212750769613 -457.32272374881865 107.00000000001063
    vertex 293.8931781697837 -457.3847387449722 107.00000000001063
    vertex 293.37554007957294 -457.49659039755267 105.00000000001063
  endloop
endfacet
facet normal -0.9202233865251862 0.3811690071109316 -0.08887692000842762
  outer loop
    vertex 295.625228977348 -456.5647387449739 105.00000000001057
    vertex 295.4693444046712 -456.4747387449721 107.00000000001062
    vertex 295.8250298223574 -456.0823768351791 105.00000000001062
  endloop
endfacet
facet normal -0.9202233865251862 0.3811690071109316 -0.08887692000842762
  outer loop
    vertex 295.6511631736288 -456.0357894070585 107.00000000001062
    vertex 295.8250298223574 -456.0823768351791 105.00000000001062
    vertex 295.4693444046712 -456.4747387449721 107.00000000001062
  endloop
endfacet
facet normal -0.1300096499680457 0.9875213334427934 -0.08887692001050453
  outer loop
    vertex 293.8931781697779 -457.5647387449742 105.00000000001063
    vertex 293.8931781697837 -457.3847387449722 107.00000000001063
    vertex 294.41081625998356 -457.49659039755267 105.00000000001066
  endloop
endfacet
facet normal -0.1300096499680457 0.9875213334427934 -0.08887692001050453
  outer loop
    vertex 294.3642288318696 -457.32272374881865 107.00000000001063
    vertex 294.41081625998356 -457.49659039755267 105.00000000001066
    vertex 293.8931781697837 -457.3847387449722 107.00000000001063
  endloop
endfacet
facet normal 0.9914448613738404 0.13052619221982492 1.935624629422653e-14
  outer loop
    vertex 139.1270080038297 -473.6941142838231 105.00000000001086
    vertex 139.1014523735468 -473.4999999999956 105.00000000001089
    vertex 139.1270080038297 -473.6941142838222 115.00000000001104
  endloop
endfacet
facet normal 0.9914448613738404 0.13052619221982492 1.935624629422653e-14
  outer loop
    vertex 139.10145237354624 -473.4999999999953 115.00000000001104
    vertex 139.1270080038297 -473.6941142838222 115.00000000001104
    vertex 139.1014523735468 -473.4999999999956 105.00000000001089
  endloop
endfacet
facet normal -0.38116900711153695 0.9202233865247961 -0.08887692000986909
  outer loop
    vertex 294.8931781697783 -457.2967895525434 105.00000000001063
    vertex 294.41081625998356 -457.49659039755267 105.00000000001066
    vertex 294.80317816978265 -457.14090497986035 107.00000000001063
  endloop
endfacet
facet normal -0.38116900711153695 0.9202233865247961 -0.08887692000986909
  outer loop
    vertex 294.3642288318696 -457.32272374881865 107.00000000001063
    vertex 294.80317816978265 -457.14090497986035 107.00000000001063
    vertex 294.41081625998356 -457.49659039755267 105.00000000001066
  endloop
endfacet
facet normal 0.7902137365564655 -0.6063523263308611 -0.0888769200108886
  outer loop
    vertex 292.31701193489454 -454.65473874497195 107.00000000001062
    vertex 292.16112736220964 -454.56473874497436 105.00000000001062
    vertex 292.6062438280233 -454.27780440321226 107.00000000001062
  endloop
endfacet
facet normal 0.7902137365564655 -0.6063523263308611 -0.0888769200108886
  outer loop
    vertex 292.4789646074047 -454.15052518260086 105.00000000001059
    vertex 292.6062438280233 -454.27780440321226 107.00000000001062
    vertex 292.16112736220964 -454.56473874497436 105.00000000001062
  endloop
endfacet
facet normal -0.9875213334428032 0.13000964996969527 -0.08887692000798156
  outer loop
    vertex 295.8250298223574 -456.0823768351791 105.00000000001062
    vertex 295.6511631736288 -456.0357894070585 107.00000000001062
    vertex 295.8931781697792 -455.56473874497385 105.00000000001062
  endloop
endfacet
facet normal -0.9875213334428032 0.13000964996969527 -0.08887692000798156
  outer loop
    vertex 295.71317816978393 -455.56473874497203 107.00000000001062
    vertex 295.8931781697792 -455.56473874497385 105.00000000001062
    vertex 295.6511631736288 -456.0357894070585 107.00000000001062
  endloop
endfacet
facet normal 0.38116900711202445 0.9202233865244489 -0.08887692001137532
  outer loop
    vertex 293.37554007957294 -457.49659039755267 105.00000000001063
    vertex 292.89317816977876 -457.2967895525427 105.00000000001066
    vertex 293.42212750769613 -457.32272374881865 107.00000000001063
  endloop
endfacet
facet normal 0.38116900711202445 0.9202233865244489 -0.08887692001137532
  outer loop
    vertex 292.9831781697825 -457.14090497986035 107.00000000001063
    vertex 293.42212750769613 -457.32272374881865 107.00000000001063
    vertex 292.89317816977876 -457.2967895525427 105.00000000001066
  endloop
endfacet
facet normal -0.9875213334428197 -0.13000964996973108 -0.08887692000774644
  outer loop
    vertex 295.8931781697792 -455.56473874497385 105.00000000001062
    vertex 295.71317816978393 -455.56473874497203 107.00000000001062
    vertex 295.8250298223574 -455.0471006547689 105.00000000001062
  endloop
endfacet
facet normal -0.9875213334428197 -0.13000964996973108 -0.08887692000774644
  outer loop
    vertex 295.6511631736288 -455.0936880828857 107.00000000001062
    vertex 295.8250298223574 -455.0471006547689 105.00000000001062
    vertex 295.71317816978393 -455.56473874497203 107.00000000001062
  endloop
endfacet
facet normal 0.923879532510893 0.3826834323660402 5.917920436148883e-16
  outer loop
    vertex 139.20193332070858 -473.87499999999574 105.00000000001089
    vertex 139.1270080038297 -473.6941142838231 105.00000000001086
    vertex 139.20193332070798 -473.8749999999953 115.00000000001104
  endloop
endfacet
facet normal 0.923879532510893 0.3826834323660402 5.917920436148883e-16
  outer loop
    vertex 139.1270080038297 -473.6941142838222 115.00000000001104
    vertex 139.20193332070798 -473.8749999999953 115.00000000001104
    vertex 139.1270080038297 -473.6941142838231 105.00000000001086
  endloop
endfacet
facet normal 0.6087614290095293 0.7933533402906146 3.917530442421896e-15
  outer loop
    vertex 139.47645237354567 -474.1495190528334 105.00000000001089
    vertex 139.32112228765692 -474.03033008588534 105.00000000001089
    vertex 139.47645237354627 -474.14951905283357 115.00000000001104
  endloop
endfacet
facet normal 0.6087614290095293 0.7933533402906146 3.917530442421896e-15
  outer loop
    vertex 139.32112228765638 -474.0303300858853 115.00000000001104
    vertex 139.47645237354627 -474.14951905283357 115.00000000001104
    vertex 139.32112228765692 -474.03033008588534 105.00000000001089
  endloop
endfacet
facet normal -0.6087614290085629 0.7933533402913563 -1.752196761786746e-14
  outer loop
    vertex 140.38178245943573 -474.0303300858859 105.00000000001091
    vertex 140.22645237354584 -474.1495190528343 105.00000000001091
    vertex 140.38178245943632 -474.0303300858853 115.00000000001104
  endloop
endfacet
facet normal -0.6087614290085629 0.7933533402913563 -1.752196761786746e-14
  outer loop
    vertex 140.22645237354638 -474.1495190528337 115.00000000001104
    vertex 140.38178245943632 -474.0303300858853 115.00000000001104
    vertex 140.22645237354584 -474.1495190528343 105.00000000001091
  endloop
endfacet
facet normal 0.38268343236374536 0.9238795325118436 2.265964261457241e-14
  outer loop
    vertex 139.6573380897191 -474.2244443697114 105.00000000001089
    vertex 139.47645237354567 -474.1495190528334 105.00000000001089
    vertex 139.6573380897197 -474.2244443697122 115.00000000001104
  endloop
endfacet
facet normal 0.38268343236374536 0.9238795325118436 2.265964261457241e-14
  outer loop
    vertex 139.47645237354627 -474.14951905283357 115.00000000001104
    vertex 139.6573380897197 -474.2244443697122 115.00000000001104
    vertex 139.47645237354567 -474.1495190528334 105.00000000001089
  endloop
endfacet
facet normal 0.1305261922223776 0.9914448613735042 2.1482283839163005e-14
  outer loop
    vertex 139.85145237354632 -474.24999999999545 105.00000000001089
    vertex 139.6573380897191 -474.2244443697114 105.00000000001089
    vertex 139.85145237354632 -474.2499999999954 115.00000000001104
  endloop
endfacet
facet normal 0.1305261922223776 0.9914448613735042 2.1482283839163005e-14
  outer loop
    vertex 139.6573380897197 -474.2244443697122 115.00000000001104
    vertex 139.85145237354632 -474.2499999999954 115.00000000001104
    vertex 139.6573380897191 -474.2244443697114 105.00000000001089
  endloop
endfacet
facet normal -0.13052619221784872 -0.9914448613741005 1.360025343137134e-14
  outer loop
    vertex 139.85145237354462 -472.7499999999955 105.00000000001089
    vertex 140.0455666573718 -472.7755556302779 105.00000000001089
    vertex 139.85145237354632 -472.74999999999517 115.00000000001103
  endloop
endfacet
facet normal -0.13052619221784872 -0.9914448613741005 1.360025343137134e-14
  outer loop
    vertex 140.045566657373 -472.77555563027835 115.00000000001103
    vertex 139.85145237354632 -472.74999999999517 115.00000000001103
    vertex 140.0455666573718 -472.7755556302779 105.00000000001089
  endloop
endfacet
facet normal 0.1305261922196262 -0.9914448613738663 6.623616967488609e-15
  outer loop
    vertex 139.6573380897185 -472.7755556302784 105.00000000001089
    vertex 139.85145237354462 -472.7499999999955 105.00000000001089
    vertex 139.6573380897197 -472.77555563027835 115.00000000001104
  endloop
endfacet
facet normal 0.1305261922196262 -0.9914448613738663 6.623616967488609e-15
  outer loop
    vertex 139.85145237354632 -472.74999999999517 115.00000000001103
    vertex 139.6573380897197 -472.77555563027835 115.00000000001104
    vertex 139.85145237354462 -472.7499999999955 105.00000000001089
  endloop
endfacet
facet normal -0.9238795325122601 -0.38268343236274016 -1.7167657149608944e-14
  outer loop
    vertex 140.57589674326294 -473.3058857161687 105.00000000001089
    vertex 140.57589674326294 -473.30588571616835 115.00000000001104
    vertex 140.50097142638523 -473.1249999999953 105.00000000001089
  endloop
endfacet
facet normal -0.9238795325122601 -0.38268343236274016 -1.7167657149608944e-14
  outer loop
    vertex 140.50097142638467 -473.12499999999517 115.00000000001104
    vertex 140.50097142638523 -473.1249999999953 105.00000000001089
    vertex 140.57589674326294 -473.30588571616835 115.00000000001104
  endloop
endfacet
facet normal -0.7933533402913563 -0.6087614290085628 -3.9853996937767825e-14
  outer loop
    vertex 140.50097142638523 -473.1249999999953 105.00000000001089
    vertex 140.50097142638467 -473.12499999999517 115.00000000001104
    vertex 140.38178245943692 -472.9696699141054 105.00000000001089
  endloop
endfacet
facet normal -0.7933533402913563 -0.6087614290085628 -3.9853996937767825e-14
  outer loop
    vertex 140.38178245943632 -472.9696699141053 115.00000000001104
    vertex 140.38178245943692 -472.9696699141054 105.00000000001089
    vertex 140.50097142638467 -473.12499999999517 115.00000000001104
  endloop
endfacet
facet normal -0.7933533402913516 0.6087614290085689 5.576939958716731e-15
  outer loop
    vertex 140.38178245943573 -474.0303300858859 105.00000000001091
    vertex 140.38178245943632 -474.0303300858853 115.00000000001104
    vertex 140.50097142638413 -473.874999999996 105.00000000001089
  endloop
endfacet
facet normal -0.7933533402913516 0.6087614290085689 5.576939958716731e-15
  outer loop
    vertex 140.50097142638467 -473.8749999999954 115.00000000001104
    vertex 140.50097142638413 -473.874999999996 105.00000000001089
    vertex 140.38178245943632 -474.0303300858853 115.00000000001104
  endloop
endfacet
facet normal 0.6087614290097392 -0.7933533402904536 -4.6669406675963094e-14
  outer loop
    vertex 139.47645237354456 -472.8504809471573 105.00000000001089
    vertex 139.47645237354627 -472.8504809471569 115.00000000001104
    vertex 139.3211222876552 -472.9696699141059 105.00000000001089
  endloop
endfacet
facet normal 0.6087614290097392 -0.7933533402904536 -4.6669406675963094e-14
  outer loop
    vertex 139.32112228765638 -472.9696699141053 115.00000000001104
    vertex 139.3211222876552 -472.9696699141059 105.00000000001089
    vertex 139.47645237354627 -472.8504809471569 115.00000000001104
  endloop
endfacet
facet normal 0.9238795325116277 -0.3826834323642669 1.4010300159816654e-14
  outer loop
    vertex 139.1270080038297 -473.3058857161687 105.00000000001089
    vertex 139.20193332070798 -473.12499999999557 105.00000000001089
    vertex 139.1270080038297 -473.30588571616835 115.00000000001104
  endloop
endfacet
facet normal 0.9238795325116277 -0.3826834323642669 1.4010300159816654e-14
  outer loop
    vertex 139.20193332070798 -473.12499999999517 115.00000000001104
    vertex 139.1270080038297 -473.30588571616835 115.00000000001104
    vertex 139.20193332070798 -473.12499999999557 105.00000000001089
  endloop
endfacet
facet normal -0.7902137365568083 0.6063523263307325 -0.08887692000871852
  outer loop
    vertex 295.3073917321524 -456.97895230734764 105.00000000001063
    vertex 295.180112511543 -456.8516730867322 107.00000000001063
    vertex 295.625228977348 -456.5647387449739 105.00000000001057
  endloop
endfacet
facet normal -0.7902137365568083 0.6063523263307325 -0.08887692000871852
  outer loop
    vertex 295.4693444046712 -456.4747387449721 107.00000000001062
    vertex 295.625228977348 -456.5647387449739 105.00000000001057
    vertex 295.180112511543 -456.8516730867322 107.00000000001063
  endloop
endfacet
facet normal -0.7902137365566742 -0.6063523263310614 -0.08887692000766648
  outer loop
    vertex 295.4693444046712 -454.65473874497195 107.00000000001062
    vertex 295.18011251154303 -454.27780440321226 107.00000000001059
    vertex 295.625228977348 -454.5647387449738 105.00000000001062
  endloop
endfacet
facet normal -0.7902137365566742 -0.6063523263310614 -0.08887692000766648
  outer loop
    vertex 295.3073917321524 -454.1505251826003 105.00000000001063
    vertex 295.625228977348 -454.5647387449738 105.00000000001062
    vertex 295.18011251154303 -454.27780440321226 107.00000000001059
  endloop
endfacet
facet normal 0.9914448613738142 -0.13052619222002335 3.303265835586286e-14
  outer loop
    vertex 139.1014523735468 -473.4999999999956 105.00000000001089
    vertex 139.1270080038297 -473.3058857161687 105.00000000001089
    vertex 139.10145237354624 -473.4999999999953 115.00000000001104
  endloop
endfacet
facet normal 0.9914448613738142 -0.13052619222002335 3.303265835586286e-14
  outer loop
    vertex 139.1270080038297 -473.30588571616835 115.00000000001104
    vertex 139.10145237354624 -473.4999999999953 115.00000000001104
    vertex 139.1270080038297 -473.3058857161687 105.00000000001089
  endloop
endfacet
facet normal 0.7933533402910832 0.6087614290089188 3.106455180686877e-14
  outer loop
    vertex 139.32112228765638 -474.0303300858853 115.00000000001104
    vertex 139.32112228765692 -474.03033008588534 105.00000000001089
    vertex 139.20193332070798 -473.8749999999953 115.00000000001104
  endloop
endfacet
facet normal 0.7933533402910832 0.6087614290089188 3.106455180686877e-14
  outer loop
    vertex 139.20193332070858 -473.87499999999574 105.00000000001089
    vertex 139.20193332070798 -473.8749999999953 115.00000000001104
    vertex 139.32112228765692 -474.03033008588534 105.00000000001089
  endloop
endfacet
facet normal -0.382683432363325 0.9238795325120177 -3.986592686935353e-15
  outer loop
    vertex 140.04556665737124 -474.22444436971256 105.00000000001089
    vertex 140.045566657373 -474.2244443697122 115.00000000001104
    vertex 140.22645237354584 -474.1495190528343 105.00000000001091
  endloop
endfacet
facet normal -0.382683432363325 0.9238795325120177 -3.986592686935353e-15
  outer loop
    vertex 140.22645237354638 -474.1495190528337 115.00000000001104
    vertex 140.22645237354584 -474.1495190528343 105.00000000001091
    vertex 140.045566657373 -474.2244443697122 115.00000000001104
  endloop
endfacet
facet normal -0.9238795325111062 0.38268343236552566 1.6175408977401483e-15
  outer loop
    vertex 140.50097142638413 -473.874999999996 105.00000000001089
    vertex 140.50097142638467 -473.8749999999954 115.00000000001104
    vertex 140.57589674326294 -473.69411428382284 105.00000000001089
  endloop
endfacet
facet normal -0.9238795325111062 0.38268343236552566 1.6175408977401483e-15
  outer loop
    vertex 140.57589674326294 -473.6941142838222 115.00000000001104
    vertex 140.57589674326294 -473.69411428382284 105.00000000001089
    vertex 140.50097142638467 -473.8749999999954 115.00000000001104
  endloop
endfacet
facet normal 0.793353340292503 -0.6087614290070684 -1.436653629094862e-14
  outer loop
    vertex 139.20193332070798 -473.12499999999557 105.00000000001089
    vertex 139.3211222876552 -472.9696699141059 105.00000000001089
    vertex 139.20193332070798 -473.12499999999517 115.00000000001104
  endloop
endfacet
facet normal 0.793353340292503 -0.6087614290070684 -1.436653629094862e-14
  outer loop
    vertex 139.32112228765638 -472.9696699141053 115.00000000001104
    vertex 139.20193332070798 -473.12499999999517 115.00000000001104
    vertex 139.3211222876552 -472.9696699141059 105.00000000001089
  endloop
endfacet
facet normal -0.6063523263304224 0.7902137365569838 -0.08887692000927422
  outer loop
    vertex 295.3073917321524 -456.97895230734764 105.00000000001063
    vertex 294.8931781697783 -457.2967895525434 105.00000000001063
    vertex 295.180112511543 -456.8516730867322 107.00000000001063
  endloop
endfacet
facet normal -0.6063523263304224 0.7902137365569838 -0.08887692000927422
  outer loop
    vertex 294.80317816978265 -457.14090497986035 107.00000000001063
    vertex 295.180112511543 -456.8516730867322 107.00000000001063
    vertex 294.8931781697783 -457.2967895525434 105.00000000001063
  endloop
endfacet
facet normal -0.9914448613738267 0.13052619221992792 2.234154716737106e-14
  outer loop
    vertex 140.57589674326294 -473.69411428382284 105.00000000001089
    vertex 140.57589674326294 -473.6941142838222 115.00000000001104
    vertex 140.6014523735459 -473.4999999999956 105.00000000001089
  endloop
endfacet
facet normal -0.9914448613738267 0.13052619221992792 2.234154716737106e-14
  outer loop
    vertex 140.60145237354646 -473.4999999999953 115.00000000001104
    vertex 140.6014523735459 -473.4999999999956 105.00000000001089
    vertex 140.57589674326294 -473.6941142838222 115.00000000001104
  endloop
endfacet
facet normal -0.6087614290080725 -0.7933533402917325 -1.5372158350190718e-14
  outer loop
    vertex 140.22645237354584 -472.8504809471564 105.00000000001089
    vertex 140.38178245943692 -472.9696699141054 105.00000000001089
    vertex 140.22645237354638 -472.8504809471569 115.00000000001104
  endloop
endfacet
facet normal -0.6087614290080725 -0.7933533402917325 -1.5372158350190718e-14
  outer loop
    vertex 140.38178245943632 -472.9696699141053 115.00000000001104
    vertex 140.22645237354638 -472.8504809471569 115.00000000001104
    vertex 140.38178245943692 -472.9696699141054 105.00000000001089
  endloop
endfacet
facet normal 0.7902137365561008 0.6063523263311935 -0.0888769200118637
  outer loop
    vertex 292.4789646074058 -456.97895230734764 105.00000000001063
    vertex 292.1611273622102 -456.5647387449744 105.00000000001063
    vertex 292.6062438280233 -456.8516730867322 107.00000000001063
  endloop
endfacet
facet normal 0.7902137365561008 0.6063523263311935 -0.0888769200118637
  outer loop
    vertex 292.31701193489454 -456.4747387449721 107.00000000001062
    vertex 292.6062438280233 -456.8516730867322 107.00000000001063
    vertex 292.1611273622102 -456.5647387449744 105.00000000001063
  endloop
endfacet
facet normal 0.3826834323651052 -0.9238795325112803 -3.37423896703447e-14
  outer loop
    vertex 139.47645237354456 -472.8504809471573 105.00000000001089
    vertex 139.6573380897185 -472.7755556302784 105.00000000001089
    vertex 139.47645237354627 -472.8504809471569 115.00000000001104
  endloop
endfacet
facet normal 0.3826834323651052 -0.9238795325112803 -3.37423896703447e-14
  outer loop
    vertex 139.6573380897197 -472.77555563027835 115.00000000001104
    vertex 139.47645237354627 -472.8504809471569 115.00000000001104
    vertex 139.6573380897185 -472.7755556302784 105.00000000001089
  endloop
endfacet
facet normal -0.1305261922200544 0.99144486137381 -1.1931459942668592e-14
  outer loop
    vertex 140.04556665737124 -474.22444436971256 105.00000000001089
    vertex 139.85145237354632 -474.24999999999545 105.00000000001089
    vertex 140.045566657373 -474.2244443697122 115.00000000001104
  endloop
endfacet
facet normal -0.1305261922200544 0.99144486137381 -1.1931459942668592e-14
  outer loop
    vertex 139.85145237354632 -474.2499999999954 115.00000000001104
    vertex 140.045566657373 -474.2244443697122 115.00000000001104
    vertex 139.85145237354632 -474.24999999999545 105.00000000001089
  endloop
endfacet
facet normal -0.9914448613738153 -0.1305261922200158 3.413327230865543e-14
  outer loop
    vertex 140.6014523735459 -473.4999999999956 105.00000000001089
    vertex 140.60145237354646 -473.4999999999953 115.00000000001104
    vertex 140.57589674326294 -473.3058857161687 105.00000000001089
  endloop
endfacet
facet normal -0.9914448613738153 -0.1305261922200158 3.413327230865543e-14
  outer loop
    vertex 140.57589674326294 -473.30588571616835 115.00000000001104
    vertex 140.57589674326294 -473.3058857161687 105.00000000001089
    vertex 140.60145237354646 -473.4999999999953 115.00000000001104
  endloop
endfacet
facet normal -0.382683432364483 -0.923879532511538 -1.1609090227381671e-14
  outer loop
    vertex 140.0455666573718 -472.7755556302779 105.00000000001089
    vertex 140.22645237354584 -472.8504809471564 105.00000000001089
    vertex 140.045566657373 -472.77555563027835 115.00000000001103
  endloop
endfacet
facet normal -0.382683432364483 -0.923879532511538 -1.1609090227381671e-14
  outer loop
    vertex 140.22645237354638 -472.8504809471569 115.00000000001104
    vertex 140.045566657373 -472.77555563027835 115.00000000001103
    vertex 140.22645237354584 -472.8504809471564 105.00000000001089
  endloop
endfacet
facet normal -0.9914448613738392 0.1305261922198325 2.4226226941956513e-14
  outer loop
    vertex 294.6176225394957 -473.69411428382347 105.00000000001077
    vertex 294.6176225394957 -473.69411428382284 115.0000000000108
    vertex 294.6431781697786 -473.4999999999959 105.00000000001077
  endloop
endfacet
facet normal -0.9914448613738392 0.1305261922198325 2.4226226941956513e-14
  outer loop
    vertex 294.64317816977916 -473.4999999999959 115.0000000000108
    vertex 294.6431781697786 -473.4999999999959 105.00000000001077
    vertex 294.6176225394957 -473.69411428382284 115.0000000000108
  endloop
endfacet
facet normal -0.7933533402913516 0.6087614290085689 5.577015559322539e-15
  outer loop
    vertex 294.4235082556684 -474.03033008588653 105.00000000001077
    vertex 294.423508255669 -474.0303300858858 115.0000000000108
    vertex 294.5426972226168 -473.87499999999653 105.00000000001077
  endloop
endfacet
facet normal -0.7933533402913516 0.6087614290085689 5.577015559322539e-15
  outer loop
    vertex 294.5426972226174 -473.8749999999959 115.0000000000108
    vertex 294.5426972226168 -473.87499999999653 105.00000000001077
    vertex 294.423508255669 -474.0303300858858 115.0000000000108
  endloop
endfacet
facet normal -0.6087614290069222 0.7933533402926152 2.2966178459205976e-14
  outer loop
    vertex 294.4235082556684 -474.03033008588653 105.00000000001077
    vertex 294.26817816977797 -474.1495190528343 105.00000000001077
    vertex 294.423508255669 -474.0303300858858 115.0000000000108
  endloop
endfacet
facet normal -0.6087614290069222 0.7933533402926152 2.2966178459205976e-14
  outer loop
    vertex 294.2681781697791 -474.1495190528342 115.0000000000108
    vertex 294.423508255669 -474.0303300858858 115.0000000000108
    vertex 294.26817816977797 -474.1495190528343 105.00000000001077
  endloop
endfacet
facet normal -0.3826834323648964 -0.9238795325113669 6.307395165536384e-15
  outer loop
    vertex 294.0872924536057 -472.7755556302791 105.0000000000108
    vertex 294.26817816977854 -472.85048094715734 105.0000000000108
    vertex 294.0872924536057 -472.775555630279 115.0000000000108
  endloop
endfacet
facet normal -0.3826834323648964 -0.9238795325113669 6.307395165536384e-15
  outer loop
    vertex 294.2681781697791 -472.8504809471575 115.0000000000108
    vertex 294.0872924536057 -472.775555630279 115.0000000000108
    vertex 294.26817816977854 -472.85048094715734 105.0000000000108
  endloop
endfacet
facet normal 0.7933533402930497 -0.608761429006356 3.2124295712739588e-15
  outer loop
    vertex 293.2436591169407 -473.1249999999967 105.00000000001077
    vertex 293.3628480838879 -472.96966991410653 105.00000000001077
    vertex 293.2436591169407 -473.1249999999958 115.0000000000108
  endloop
endfacet
facet normal 0.7933533402930497 -0.608761429006356 3.2124295712739588e-15
  outer loop
    vertex 293.36284808388905 -472.9696699141059 115.0000000000108
    vertex 293.2436591169407 -473.1249999999958 115.0000000000108
    vertex 293.3628480838879 -472.96966991410653 105.00000000001077
  endloop
endfacet
facet normal -0.9238795325111062 0.38268343236552566 1.617883529279153e-15
  outer loop
    vertex 294.5426972226168 -473.87499999999653 105.00000000001077
    vertex 294.5426972226174 -473.8749999999959 115.0000000000108
    vertex 294.6176225394957 -473.69411428382347 105.00000000001077
  endloop
endfacet
facet normal -0.9238795325111062 0.38268343236552566 1.617883529279153e-15
  outer loop
    vertex 294.6176225394957 -473.69411428382284 115.0000000000108
    vertex 294.6176225394957 -473.69411428382347 105.00000000001077
    vertex 294.5426972226174 -473.8749999999959 115.0000000000108
  endloop
endfacet
facet normal 0.7933533402924 0.6087614290072025 -2.887357358536303e-14
  outer loop
    vertex 293.36284808388905 -474.0303300858858 115.0000000000108
    vertex 293.3628480838879 -474.03033008588534 105.0000000000108
    vertex 293.2436591169407 -473.8749999999959 115.0000000000108
  endloop
endfacet
facet normal 0.7933533402924 0.6087614290072025 -2.887357358536303e-14
  outer loop
    vertex 293.2436591169413 -473.87499999999653 105.00000000001077
    vertex 293.2436591169407 -473.8749999999959 115.0000000000108
    vertex 293.3628480838879 -474.03033008588534 105.0000000000108
  endloop
endfacet
facet normal -5.551115123125783e-16 -9.074351392018954e-15 -1.0
  outer loop
    vertex 294.64317816977916 -473.4999999999959 115.0000000000108
    vertex 294.6176225394957 -473.69411428382284 115.0000000000108
    vertex 294.6176225394957 -473.305885716169 115.0000000000108
  endloop
endfacet
facet normal -5.551115123125783e-16 -9.074351392018954e-15 -1.0
  outer loop
    vertex 294.5426972226174 -473.1249999999958 115.0000000000108
    vertex 294.6176225394957 -473.305885716169 115.0000000000108
    vertex 294.6176225394957 -473.69411428382284 115.0000000000108
  endloop
endfacet
facet normal -5.551115123125783e-16 -9.074351392018954e-15 -1.0
  outer loop
    vertex 294.5426972226174 -473.8749999999959 115.0000000000108
    vertex 294.5426972226174 -473.1249999999958 115.0000000000108
    vertex 294.6176225394957 -473.69411428382284 115.0000000000108
  endloop
endfacet
facet normal -5.551115123125783e-16 -9.074351392018954e-15 -1.0
  outer loop
    vertex 294.423508255669 -472.9696699141059 115.0000000000108
    vertex 294.5426972226174 -473.1249999999958 115.0000000000108
    vertex 294.5426972226174 -473.8749999999959 115.0000000000108
  endloop
endfacet
facet normal -5.551115123125783e-16 -9.074351392018954e-15 -1.0
  outer loop
    vertex 294.423508255669 -474.0303300858858 115.0000000000108
    vertex 294.423508255669 -472.9696699141059 115.0000000000108
    vertex 294.5426972226174 -473.8749999999959 115.0000000000108
  endloop
endfacet
facet normal -5.551115123125783e-16 -9.074351392018954e-15 -1.0
  outer loop
    vertex 294.2681781697791 -472.8504809471575 115.0000000000108
    vertex 294.423508255669 -472.9696699141059 115.0000000000108
    vertex 294.423508255669 -474.0303300858858 115.0000000000108
  endloop
endfacet
facet normal -5.551115123125783e-16 -9.074351392018954e-15 -1.0
  outer loop
    vertex 294.2681781697791 -474.1495190528342 115.0000000000108
    vertex 294.2681781697791 -472.8504809471575 115.0000000000108
    vertex 294.423508255669 -474.0303300858858 115.0000000000108
  endloop
endfacet
facet normal -5.551115123125783e-16 -9.074351392018954e-15 -1.0
  outer loop
    vertex 294.0872924536057 -472.775555630279 115.0000000000108
    vertex 294.2681781697791 -472.8504809471575 115.0000000000108
    vertex 294.2681781697791 -474.1495190528342 115.0000000000108
  endloop
endfacet
facet normal -5.551115123125783e-16 -9.074351392018954e-15 -1.0
  outer loop
    vertex 294.0872924536057 -474.2244443697127 115.0000000000108
    vertex 294.0872924536057 -472.775555630279 115.0000000000108
    vertex 294.2681781697791 -474.1495190528342 115.0000000000108
  endloop
endfacet
facet normal -5.551115123125783e-16 -9.074351392018954e-15 -1.0
  outer loop
    vertex 293.89317816977905 -472.74999999999574 115.0000000000108
    vertex 294.0872924536057 -472.775555630279 115.0000000000108
    vertex 294.0872924536057 -474.2244443697127 115.0000000000108
  endloop
endfacet
facet normal -5.551115123125783e-16 -9.074351392018954e-15 -1.0
  outer loop
    vertex 293.89317816977905 -474.249999999996 115.0000000000108
    vertex 293.89317816977905 -472.74999999999574 115.0000000000108
    vertex 294.0872924536057 -474.2244443697127 115.0000000000108
  endloop
endfacet
facet normal -5.551115123125783e-16 -9.074351392018954e-15 -1.0
  outer loop
    vertex 293.6990638859524 -472.775555630279 115.0000000000108
    vertex 293.89317816977905 -472.74999999999574 115.0000000000108
    vertex 293.89317816977905 -474.249999999996 115.0000000000108
  endloop
endfacet
facet normal -5.551115123125783e-16 -9.074351392018954e-15 -1.0
  outer loop
    vertex 293.6990638859524 -474.2244443697127 115.0000000000108
    vertex 293.6990638859524 -472.775555630279 115.0000000000108
    vertex 293.89317816977905 -474.249999999996 115.0000000000108
  endloop
endfacet
facet normal -5.551115123125783e-16 -9.074351392018954e-15 -1.0
  outer loop
    vertex 293.518178169779 -472.8504809471575 115.0000000000108
    vertex 293.6990638859524 -472.775555630279 115.0000000000108
    vertex 293.6990638859524 -474.2244443697127 115.0000000000108
  endloop
endfacet
facet normal -5.551115123125783e-16 -9.074351392018954e-15 -1.0
  outer loop
    vertex 293.518178169779 -474.1495190528342 115.0000000000108
    vertex 293.518178169779 -472.8504809471575 115.0000000000108
    vertex 293.6990638859524 -474.2244443697127 115.0000000000108
  endloop
endfacet
facet normal -5.551115123125783e-16 -9.074351392018954e-15 -1.0
  outer loop
    vertex 293.36284808388905 -472.9696699141059 115.0000000000108
    vertex 293.518178169779 -472.8504809471575 115.0000000000108
    vertex 293.518178169779 -474.1495190528342 115.0000000000108
  endloop
endfacet
facet normal -5.551115123125783e-16 -9.074351392018954e-15 -1.0
  outer loop
    vertex 293.36284808388905 -474.0303300858858 115.0000000000108
    vertex 293.36284808388905 -472.9696699141059 115.0000000000108
    vertex 293.518178169779 -474.1495190528342 115.0000000000108
  endloop
endfacet
facet normal -5.551115123125783e-16 -9.074351392018954e-15 -1.0
  outer loop
    vertex 293.2436591169407 -473.1249999999958 115.0000000000108
    vertex 293.36284808388905 -472.9696699141059 115.0000000000108
    vertex 293.36284808388905 -474.0303300858858 115.0000000000108
  endloop
endfacet
facet normal -5.551115123125783e-16 -9.074351392018954e-15 -1.0
  outer loop
    vertex 293.2436591169407 -473.8749999999959 115.0000000000108
    vertex 293.2436591169407 -473.1249999999958 115.0000000000108
    vertex 293.36284808388905 -474.0303300858858 115.0000000000108
  endloop
endfacet
facet normal -5.551115123125783e-16 -9.074351392018954e-15 -1.0
  outer loop
    vertex 293.16873380006245 -473.30588571616886 115.0000000000108
    vertex 293.2436591169407 -473.1249999999958 115.0000000000108
    vertex 293.2436591169407 -473.8749999999959 115.0000000000108
  endloop
endfacet
facet normal -5.551115123125783e-16 -9.074351392018954e-15 -1.0
  outer loop
    vertex 293.16873380006245 -473.6941142838228 115.0000000000108
    vertex 293.16873380006245 -473.30588571616886 115.0000000000108
    vertex 293.2436591169407 -473.8749999999959 115.0000000000108
  endloop
endfacet
facet normal -5.551115123125783e-16 -9.074351392018954e-15 -1.0
  outer loop
    vertex 293.14317816977893 -473.4999999999958 115.0000000000108
    vertex 293.16873380006245 -473.30588571616886 115.0000000000108
    vertex 293.16873380006245 -473.6941142838228 115.0000000000108
  endloop
endfacet
facet normal -0.9914448613736359 0.13052619222137762 -2.5186468923581938e-15
  outer loop
    vertex 294.61762253949576 -447.82359177377924 105.00000000001054
    vertex 294.61762253949576 -447.8235917737789 115.00000000001057
    vertex 294.6431781697793 -447.629477489952 105.00000000001054
  endloop
endfacet
facet normal -0.9914448613736359 0.13052619222137762 -2.5186468923581938e-15
  outer loop
    vertex 294.6431781697793 -447.62947748995197 115.00000000001054
    vertex 294.6431781697793 -447.629477489952 105.00000000001054
    vertex 294.61762253949576 -447.8235917737789 115.00000000001057
  endloop
endfacet
facet normal -0.7933533402910251 -0.6087614290089947 5.9647116166904614e-15
  outer loop
    vertex 294.54269722261796 -473.1249999999964 105.00000000001077
    vertex 294.5426972226174 -473.1249999999958 115.0000000000108
    vertex 294.4235082556684 -472.9696699141054 105.0000000000108
  endloop
endfacet
facet normal -0.7933533402910251 -0.6087614290089947 5.9647116166904614e-15
  outer loop
    vertex 294.423508255669 -472.9696699141059 115.0000000000108
    vertex 294.4235082556684 -472.9696699141054 105.0000000000108
    vertex 294.5426972226174 -473.1249999999958 115.0000000000108
  endloop
endfacet
facet normal 0.13052619222104866 0.9914448613736792 2.6984488144523942e-14
  outer loop
    vertex 293.89317816977905 -474.24999999999574 105.0000000000108
    vertex 293.69906388595183 -474.22444436971205 105.0000000000108
    vertex 293.89317816977905 -474.249999999996 115.0000000000108
  endloop
endfacet
facet normal 0.13052619222104866 0.9914448613736792 2.6984488144523942e-14
  outer loop
    vertex 293.6990638859524 -474.2244443697127 115.0000000000108
    vertex 293.89317816977905 -474.249999999996 115.0000000000108
    vertex 293.69906388595183 -474.22444436971205 105.0000000000108
  endloop
endfacet
facet normal -0.9914448613739808 -0.13052619221875683 5.5039406196534005e-15
  outer loop
    vertex 294.6431781697786 -473.4999999999959 105.00000000001077
    vertex 294.64317816977916 -473.4999999999959 115.0000000000108
    vertex 294.61762253949627 -473.3058857161696 105.00000000001077
  endloop
endfacet
facet normal -0.9914448613739808 -0.13052619221875683 5.5039406196534005e-15
  outer loop
    vertex 294.6176225394957 -473.305885716169 115.0000000000108
    vertex 294.61762253949627 -473.3058857161696 105.00000000001077
    vertex 294.64317816977916 -473.4999999999959 115.0000000000108
  endloop
endfacet
facet normal 0.9161085805910789 -0.12942830799544738 0.3794645986871958
  outer loop
    vertex 131.76505909322424 -449.97322514719656 144.26259094520518
    vertex 132.44714435069017 -449.97322514719656 142.61589146593602
    vertex 132.06133364503026 -447.6434099749255 144.34197747209944
  endloop
endfacet
facet normal 0.9161085805910789 -0.12942830799544738 0.3794645986871958
  outer loop
    vertex 132.5535874166956 -449.71841674892175 142.4458255718211
    vertex 132.06133364503026 -447.6434099749255 144.34197747209944
    vertex 132.44714435069017 -449.97322514719656 142.61589146593602
  endloop
endfacet
facet normal 0.9161085805910789 -0.12942830799544738 0.3794645986871958
  outer loop
    vertex 132.85857484220145 -449.2416608811283 141.8721333408841
    vertex 132.06133364503026 -447.6434099749255 144.34197747209944
    vertex 132.5535874166956 -449.71841674892175 142.4458255718211
  endloop
endfacet
facet normal 0.9161085805910789 -0.12942830799544738 0.3794645986871958
  outer loop
    vertex 133.18821639296493 -448.94195961361464 141.17853075944174
    vertex 132.06133364503026 -447.6434099749255 144.34197747209944
    vertex 132.85857484220145 -449.2416608811283 141.8721333408841
  endloop
endfacet
facet normal 0.9161085805910789 -0.12942830799544738 0.3794645986871958
  outer loop
    vertex 133.5200475420614 -448.83973709248266 140.41228569718183
    vertex 132.06133364503026 -447.6434099749255 144.34197747209944
    vertex 133.18821639296493 -448.94195961361464 141.17853075944174
  endloop
endfacet
facet normal 0.9161085805910789 -0.12942830799544738 0.3794645986871958
  outer loop
    vertex 134.36647886229068 -449.9732251471969 137.98220805729716
    vertex 135.464102894711 -449.9732251471966 135.3323092318448
    vertex 134.31094672957622 -449.7184167489236 138.2031848847004
  endloop
endfacet
facet normal 0.9161085805910789 -0.12942830799544738 0.3794645986871958
  outer loop
    vertex 135.5705459607165 -449.71841674892215 135.1622433377307
    vertex 134.31094672957622 -449.7184167489236 138.2031848847004
    vertex 135.464102894711 -449.9732251471966 135.3323092318448
  endloop
endfacet
facet normal 0.9161085805910789 -0.12942830799544738 0.3794645986871958
  outer loop
    vertex 134.10121552932023 -449.2416608811292 138.8721333408841
    vertex 134.31094672957622 -449.7184167489236 138.2031848847004
    vertex 135.5705459607165 -449.71841674892215 135.1622433377307
  endloop
endfacet
facet normal 0.9161085805910789 -0.12942830799544738 0.3794645986871958
  outer loop
    vertex 135.87553338622175 -449.2416608811281 134.58855110679283
    vertex 134.10121552932023 -449.2416608811292 138.8721333408841
    vertex 135.5705459607165 -449.71841674892215 135.1622433377307
  endloop
endfacet
facet normal 0.9161085805910789 -0.12942830799544738 0.3794645986871958
  outer loop
    vertex 133.83145454505507 -448.94195961361544 139.62561648882726
    vertex 134.10121552932023 -449.2416608811292 138.8721333408841
    vertex 135.87553338622175 -449.2416608811281 134.58855110679283
  endloop
endfacet
facet normal 0.9161085805910789 -0.12942830799544738 0.3794645986871958
  outer loop
    vertex 136.0065323588794 -449.12256012438905 134.31291466050348
    vertex 133.83145454505507 -448.94195961361544 139.62561648882726
    vertex 135.87553338622175 -449.2416608811281 134.58855110679283
  endloop
endfacet
facet normal 0.9161085805910789 -0.12942830799544738 0.3794645986871958
  outer loop
    vertex 136.17517678659988 -447.64340997492565 134.41028156624526
    vertex 133.83145454505507 -448.94195961361544 139.62561648882726
    vertex 136.0065323588794 -449.12256012438905 134.31291466050348
  endloop
endfacet
facet normal 0.9161085805910789 -0.12942830799544738 0.3794645986871958
  outer loop
    vertex 133.5200475420614 -448.83973709248266 140.41228569718183
    vertex 133.83145454505507 -448.94195961361544 139.62561648882726
    vertex 136.17517678659988 -447.64340997492565 134.41028156624526
  endloop
endfacet
facet normal 0.9161085805910789 -0.12942830799544738 0.3794645986871958
  outer loop
    vertex 132.06133364503026 -447.6434099749255 144.34197747209944
    vertex 133.5200475420614 -448.83973709248266 140.41228569718183
    vertex 136.17517678659988 -447.64340997492565 134.41028156624526
  endloop
endfacet
facet normal 0.9238795325112878 2.5023907821316142e-14 0.3826834323650869
  outer loop
    vertex 135.9095442904237 -483.4999999999957 134.2569185730722
    vertex 132.20651287400472 -459.6161942277902 143.19682724048377
    vertex 131.76505909322466 -483.4999999999956 144.26259094520546
  endloop
endfacet
facet normal 0.9238795325112878 2.5023907821316142e-14 0.3826834323650869
  outer loop
    vertex 132.16417091937134 -458.83973709248346 143.29904976161748
    vertex 131.76505909322466 -483.4999999999956 144.26259094520546
    vertex 132.20651287400472 -459.6161942277902 143.19682724048377
  endloop
endfacet
facet normal 0.9238795325112878 2.5023907821316142e-14 0.3826834323650869
  outer loop
    vertex 131.76505909322424 -449.97322514719656 144.26259094520518
    vertex 131.76505909322466 -483.4999999999956 144.26259094520546
    vertex 132.16417091937134 -458.83973709248346 143.29904976161748
  endloop
endfacet
facet normal 0.9238795325112878 2.5023907821316142e-14 0.3826834323650869
  outer loop
    vertex 132.33065320366921 -460.33973709248323 142.89712597296943
    vertex 132.20651287400472 -459.6161942277902 143.19682724048377
    vertex 135.9095442904237 -483.4999999999957 134.2569185730722
  endloop
endfacet
facet normal 0.9238795325112878 2.5023907821316142e-14 0.3826834323650869
  outer loop
    vertex 132.52813195005066 -460.9610574360432 142.42037010517623
    vertex 132.33065320366921 -460.33973709248323 142.89712597296943
    vertex 135.9095442904237 -483.4999999999957 134.2569185730722
  endloop
endfacet
facet normal 0.9238795325112878 2.5023907821316142e-14 0.3826834323650869
  outer loop
    vertex 132.78549126293217 -461.4378133038369 141.79904976161512
    vertex 132.52813195005066 -460.9610574360432 142.42037010517623
    vertex 135.9095442904237 -483.4999999999957 134.2569185730722
  endloop
endfacet
facet normal 0.9238795325112878 2.5023907821316142e-14 0.3826834323650869
  outer loop
    vertex 133.08519253044588 -461.7375145713507 141.07550689692303
    vertex 132.78549126293217 -461.4378133038369 141.79904976161512
    vertex 135.9095442904237 -483.4999999999957 134.2569185730722
  endloop
endfacet
facet normal 0.9238795325112878 2.5023907821316142e-14 0.3826834323650869
  outer loop
    vertex 133.40681160649243 -461.8397370924823 140.2990497616126
    vertex 133.08519253044588 -461.7375145713507 141.07550689692303
    vertex 135.9095442904237 -483.4999999999957 134.2569185730722
  endloop
endfacet
facet normal 0.9238795325112878 2.5023907821316142e-14 0.3826834323650869
  outer loop
    vertex 132.20651287400415 -458.06327995717515 143.19682724048437
    vertex 131.76505909322424 -449.97322514719656 144.26259094520518
    vertex 132.16417091937134 -458.83973709248346 143.29904976161748
  endloop
endfacet
facet normal 0.9238795325112878 2.5023907821316142e-14 0.3826834323650869
  outer loop
    vertex 132.33065320366921 -457.3397370924825 142.89712597297003
    vertex 131.76505909322424 -449.97322514719656 144.26259094520518
    vertex 132.20651287400415 -458.06327995717515 143.19682724048437
  endloop
endfacet
facet normal 0.9238795325112878 2.5023907821316142e-14 0.3826834323650869
  outer loop
    vertex 132.5281319500507 -456.71841674892164 142.42037010517598
    vertex 131.76505909322424 -449.97322514719656 144.26259094520518
    vertex 132.33065320366921 -457.3397370924825 142.89712597297003
  endloop
endfacet
facet normal 0.9238795325112878 2.5023907821316142e-14 0.3826834323650869
  outer loop
    vertex 132.78549126293166 -456.24166088112787 141.79904976161535
    vertex 131.76505909322424 -449.97322514719656 144.26259094520518
    vertex 132.5281319500507 -456.71841674892164 142.42037010517598
  endloop
endfacet
facet normal 0.9238795325112878 2.5023907821316142e-14 0.3826834323650869
  outer loop
    vertex 132.20651287400364 -452.6161942277906 143.19682724048465
    vertex 131.76505909322424 -449.97322514719656 144.26259094520518
    vertex 132.78549126293166 -456.24166088112787 141.79904976161535
  endloop
endfacet
facet normal 0.9238795325112878 2.5023907821316142e-14 0.3826834323650869
  outer loop
    vertex 132.33065320366975 -453.3397370924825 142.89712597296963
    vertex 132.20651287400364 -452.6161942277906 143.19682724048465
    vertex 132.78549126293166 -456.24166088112787 141.79904976161535
  endloop
endfacet
facet normal 0.9238795325112878 2.5023907821316142e-14 0.3826834323650869
  outer loop
    vertex 133.0851925304453 -455.94195961361504 141.07550689692238
    vertex 132.33065320366975 -453.3397370924825 142.89712597296963
    vertex 132.78549126293166 -456.24166088112787 141.79904976161535
  endloop
endfacet
facet normal 0.9238795325112878 2.5023907821316142e-14 0.3826834323650869
  outer loop
    vertex 132.5281319500501 -453.96105743604267 142.4203701051755
    vertex 132.33065320366975 -453.3397370924825 142.89712597296963
    vertex 133.0851925304453 -455.94195961361504 141.07550689692238
  endloop
endfacet
facet normal 0.9238795325112878 2.5023907821316142e-14 0.3826834323650869
  outer loop
    vertex 133.40681160649245 -455.83973709248255 140.29904976161254
    vertex 132.5281319500501 -453.96105743604267 142.4203701051755
    vertex 133.0851925304453 -455.94195961361504 141.07550689692238
  endloop
endfacet
facet normal 0.9238795325112878 2.5023907821316142e-14 0.3826834323650869
  outer loop
    vertex 132.78549126293166 -454.43781330383655 141.79904976161464
    vertex 132.5281319500501 -453.96105743604267 142.4203701051755
    vertex 133.40681160649245 -455.83973709248255 140.29904976161254
  endloop
endfacet
facet normal 0.9238795325112878 2.5023907821316142e-14 0.3826834323650869
  outer loop
    vertex 133.0851925304453 -454.7375145713502 141.07550689692252
    vertex 132.78549126293166 -454.43781330383655 141.79904976161464
    vertex 133.40681160649245 -455.83973709248255 140.29904976161254
  endloop
endfacet
facet normal 0.9238795325112878 2.5023907821316142e-14 0.3826834323650869
  outer loop
    vertex 133.40681160649183 -454.8397370924828 140.2990497616126
    vertex 133.0851925304453 -454.7375145713502 141.07550689692252
    vertex 133.40681160649245 -455.83973709248255 140.29904976161254
  endloop
endfacet
facet normal 0.9238795325112878 2.5023907821316142e-14 0.3826834323650869
  outer loop
    vertex 132.1641709193708 -451.83973709248335 143.2990497616173
    vertex 131.76505909322424 -449.97322514719656 144.26259094520518
    vertex 132.20651287400364 -452.6161942277906 143.19682724048465
  endloop
endfacet
facet normal 0.9238795325112878 2.5023907821316142e-14 0.3826834323650869
  outer loop
    vertex 132.20651287400418 -451.06327995717476 143.19682724048403
    vertex 131.76505909322424 -449.97322514719656 144.26259094520518
    vertex 132.1641709193708 -451.83973709248335 143.2990497616173
  endloop
endfacet
facet normal 0.9238795325112878 2.5023907821316142e-14 0.3826834323650869
  outer loop
    vertex 132.33065320366978 -450.3397370924817 142.89712597296935
    vertex 131.76505909322424 -449.97322514719656 144.26259094520518
    vertex 132.20651287400418 -451.06327995717476 143.19682724048403
  endloop
endfacet
facet normal 0.9238795325112878 2.5023907821316142e-14 0.3826834323650869
  outer loop
    vertex 132.44714435069017 -449.97322514719656 142.61589146593602
    vertex 131.76505909322424 -449.97322514719656 144.26259094520518
    vertex 132.33065320366978 -450.3397370924817 142.89712597296935
  endloop
endfacet
facet normal 0.9238795325112878 2.5023907821316142e-14 0.3826834323650869
  outer loop
    vertex 135.9095442904237 -483.4999999999957 134.2569185730722
    vertex 135.90954429042318 -461.5449077873081 134.25691857307197
    vertex 133.40681160649243 -461.8397370924823 140.2990497616126
  endloop
endfacet
facet normal 0.9238795325112878 2.5023907821316142e-14 0.3826834323650869
  outer loop
    vertex 133.72843068253658 -461.73751457134927 139.52259262630923
    vertex 133.40681160649243 -461.8397370924823 140.2990497616126
    vertex 135.90954429042318 -461.5449077873081 134.25691857307197
  endloop
endfacet
facet normal 0.9238795325112878 2.5023907821316142e-14 0.3826834323650869
  outer loop
    vertex 134.02813195005152 -461.4378133038352 138.79904976161555
    vertex 133.72843068253658 -461.73751457134927 139.52259262630923
    vertex 135.90954429042318 -461.5449077873081 134.25691857307197
  endloop
endfacet
facet normal 0.9238795325112878 2.5023907821316142e-14 0.3826834323650869
  outer loop
    vertex 135.80244980695184 -461.437813303837 134.51546752752378
    vertex 134.02813195005152 -461.4378133038352 138.79904976161555
    vertex 135.90954429042318 -461.5449077873081 134.25691857307197
  endloop
endfacet
facet normal 0.9238795325112878 2.5023907821316142e-14 0.3826834323650869
  outer loop
    vertex 135.54509049407096 -460.9610574360432 135.13678787108438
    vertex 134.02813195005152 -461.4378133038352 138.79904976161555
    vertex 135.80244980695184 -461.437813303837 134.51546752752378
  endloop
endfacet
facet normal 0.9238795325112878 2.5023907821316142e-14 0.3826834323650869
  outer loop
    vertex 134.2854912629313 -460.96105743604176 138.1777294180565
    vertex 134.02813195005152 -461.4378133038352 138.79904976161555
    vertex 135.54509049407096 -460.9610574360432 135.13678787108438
  endloop
endfacet
facet normal 0.9238795325112878 2.5023907821316142e-14 0.3826834323650869
  outer loop
    vertex 135.34761174769 -460.33973709248295 135.61354373887886
    vertex 134.2854912629313 -460.96105743604176 138.1777294180565
    vertex 135.54509049407096 -460.9610574360432 135.13678787108438
  endloop
endfacet
facet normal 0.9238795325112878 2.5023907821316142e-14 0.3826834323650869
  outer loop
    vertex 134.48297000931103 -460.33973709248204 137.70097355026465
    vertex 134.2854912629313 -460.96105743604176 138.1777294180565
    vertex 135.34761174769 -460.33973709248295 135.61354373887886
  endloop
endfacet
facet normal 0.9238795325112878 2.5023907821316142e-14 0.3826834323650869
  outer loop
    vertex 135.2234714180244 -459.6161942277911 135.91324500639388
    vertex 134.48297000931103 -460.33973709248204 137.70097355026465
    vertex 135.34761174769 -460.33973709248295 135.61354373887886
  endloop
endfacet
facet normal 0.9238795325112878 2.5023907821316142e-14 0.3826834323650869
  outer loop
    vertex 134.60711033897607 -459.61619422778966 137.40127228275043
    vertex 134.48297000931103 -460.33973709248204 137.70097355026465
    vertex 135.2234714180244 -459.6161942277911 135.91324500639388
  endloop
endfacet
facet normal 0.9238795325112878 2.5023907821316142e-14 0.3826834323650869
  outer loop
    vertex 135.18112946339164 -458.8397370924833 136.01546752752665
    vertex 134.60711033897607 -459.61619422778966 137.40127228275043
    vertex 135.2234714180244 -459.6161942277911 135.91324500639388
  endloop
endfacet
facet normal 0.9238795325112878 2.5023907821316142e-14 0.3826834323650869
  outer loop
    vertex 134.64945229361 -458.8397370924825 137.2990497616174
    vertex 134.60711033897607 -459.61619422778966 137.40127228275043
    vertex 135.18112946339164 -458.8397370924833 136.01546752752665
  endloop
endfacet
facet normal 0.9238795325112878 2.5023907821316142e-14 0.3826834323650869
  outer loop
    vertex 135.22347141802382 -458.063279957175 135.91324500639377
    vertex 134.64945229361 -458.8397370924825 137.2990497616174
    vertex 135.18112946339164 -458.8397370924833 136.01546752752665
  endloop
endfacet
facet normal 0.9238795325112878 2.5023907821316142e-14 0.3826834323650869
  outer loop
    vertex 134.60711033897545 -458.0632799571764 137.40127228274991
    vertex 134.64945229361 -458.8397370924825 137.2990497616174
    vertex 135.22347141802382 -458.063279957175 135.91324500639377
  endloop
endfacet
facet normal 0.9238795325112878 2.5023907821316142e-14 0.3826834323650869
  outer loop
    vertex 134.48297000931103 -457.33973709248363 137.70097355026417
    vertex 134.60711033897545 -458.0632799571764 137.40127228274991
    vertex 135.22347141802382 -458.063279957175 135.91324500639377
  endloop
endfacet
facet normal 0.9238795325112878 2.5023907821316142e-14 0.3826834323650869
  outer loop
    vertex 135.34761174769 -457.33973709248164 135.61354373887835
    vertex 134.48297000931103 -457.33973709248363 137.70097355026417
    vertex 135.22347141802382 -458.063279957175 135.91324500639377
  endloop
endfacet
facet normal 0.9238795325112878 2.5023907821316142e-14 0.3826834323650869
  outer loop
    vertex 134.28549126293072 -456.71841674892397 138.17772941805512
    vertex 134.48297000931103 -457.33973709248363 137.70097355026417
    vertex 135.34761174769 -457.33973709248164 135.61354373887835
  endloop
endfacet
facet normal 0.9238795325112878 2.5023907821316142e-14 0.3826834323650869
  outer loop
    vertex 135.54509049407096 -456.718416748922 135.13678787108543
    vertex 134.28549126293072 -456.71841674892397 138.17772941805512
    vertex 135.34761174769 -457.33973709248164 135.61354373887835
  endloop
endfacet
facet normal 0.9238795325112878 2.5023907821316142e-14 0.3826834323650869
  outer loop
    vertex 134.02813195005035 -456.2416608811302 138.79904976161512
    vertex 134.28549126293072 -456.71841674892397 138.17772941805512
    vertex 135.54509049407096 -456.718416748922 135.13678787108543
  endloop
endfacet
facet normal 0.9238795325112878 2.5023907821316142e-14 0.3826834323650869
  outer loop
    vertex 135.80244980695184 -456.2416608811276 134.51546752752412
    vertex 134.02813195005035 -456.2416608811302 138.79904976161512
    vertex 135.54509049407096 -456.718416748922 135.13678787108543
  endloop
endfacet
facet normal 0.9238795325112878 2.5023907821316142e-14 0.3826834323650869
  outer loop
    vertex 133.7284306825366 -455.94195961361527 139.52259262630858
    vertex 134.02813195005035 -456.2416608811302 138.79904976161512
    vertex 135.80244980695184 -456.2416608811276 134.51546752752412
  endloop
endfacet
facet normal 0.9238795325112878 2.5023907821316142e-14 0.3826834323650869
  outer loop
    vertex 135.9095442904232 -456.1345663976571 134.256918573072
    vertex 133.7284306825366 -455.94195961361527 139.52259262630858
    vertex 135.80244980695184 -456.2416608811276 134.51546752752412
  endloop
endfacet
facet normal 0.9238795325112878 2.5023907821316142e-14 0.3826834323650869
  outer loop
    vertex 135.9095442904232 -454.54490778730764 134.256918573072
    vertex 133.7284306825366 -455.94195961361527 139.52259262630858
    vertex 135.9095442904232 -456.1345663976571 134.256918573072
  endloop
endfacet
facet normal 0.9238795325112878 2.5023907821316142e-14 0.3826834323650869
  outer loop
    vertex 133.40681160649245 -455.83973709248255 140.29904976161254
    vertex 133.7284306825366 -455.94195961361527 139.52259262630858
    vertex 135.9095442904232 -454.54490778730764 134.256918573072
  endloop
endfacet
facet normal 0.9238795325112878 2.5023907821316142e-14 0.3826834323650869
  outer loop
    vertex 133.40681160649183 -454.8397370924828 140.2990497616126
    vertex 133.40681160649245 -455.83973709248255 140.29904976161254
    vertex 135.9095442904232 -454.54490778730764 134.256918573072
  endloop
endfacet
facet normal 0.9238795325112878 2.5023907821316142e-14 0.3826834323650869
  outer loop
    vertex 133.7284306825366 -454.7375145713491 139.52259262630872
    vertex 133.40681160649183 -454.8397370924828 140.2990497616126
    vertex 135.9095442904232 -454.54490778730764 134.256918573072
  endloop
endfacet
facet normal 0.9238795325112878 2.5023907821316142e-14 0.3826834323650869
  outer loop
    vertex 134.02813195005095 -454.43781330383507 138.79904976161535
    vertex 133.7284306825366 -454.7375145713491 139.52259262630872
    vertex 135.9095442904232 -454.54490778730764 134.256918573072
  endloop
endfacet
facet normal 0.9238795325112878 2.5023907821316142e-14 0.3826834323650869
  outer loop
    vertex 135.80244980695184 -454.4378133038366 134.5154675275233
    vertex 134.02813195005095 -454.43781330383507 138.79904976161535
    vertex 135.9095442904232 -454.54490778730764 134.256918573072
  endloop
endfacet
facet normal 0.9238795325112878 2.5023907821316142e-14 0.3826834323650869
  outer loop
    vertex 135.54509049407096 -453.96105743604306 135.13678787108512
    vertex 134.02813195005095 -454.43781330383507 138.79904976161535
    vertex 135.80244980695184 -454.4378133038366 134.5154675275233
  endloop
endfacet
facet normal 0.9238795325112878 2.5023907821316142e-14 0.3826834323650869
  outer loop
    vertex 134.28549126293132 -453.9610574360416 138.17772941805626
    vertex 134.02813195005095 -454.43781330383507 138.79904976161535
    vertex 135.54509049407096 -453.96105743604306 135.13678787108512
  endloop
endfacet
facet normal 0.9238795325112878 2.5023907821316142e-14 0.3826834323650869
  outer loop
    vertex 135.34761174769002 -453.3397370924834 135.61354373887815
    vertex 134.28549126293132 -453.9610574360416 138.17772941805626
    vertex 135.54509049407096 -453.96105743604306 135.13678787108512
  endloop
endfacet
facet normal 0.9238795325112878 2.5023907821316142e-14 0.3826834323650869
  outer loop
    vertex 134.4829700093116 -453.3397370924819 137.70097355026408
    vertex 134.28549126293132 -453.9610574360416 138.17772941805626
    vertex 135.34761174769002 -453.3397370924834 135.61354373887815
  endloop
endfacet
facet normal 0.9238795325112878 2.5023907821316142e-14 0.3826834323650869
  outer loop
    vertex 135.22347141802382 -452.61619422779097 135.91324500639374
    vertex 134.4829700093116 -453.3397370924819 137.70097355026408
    vertex 135.34761174769002 -453.3397370924834 135.61354373887815
  endloop
endfacet
facet normal 0.9238795325112878 2.5023907821316142e-14 0.3826834323650869
  outer loop
    vertex 134.60711033897607 -452.6161942277898 137.40127228275082
    vertex 134.4829700093116 -453.3397370924819 137.70097355026408
    vertex 135.22347141802382 -452.61619422779097 135.91324500639374
  endloop
endfacet
facet normal 0.9238795325112878 2.5023907821316142e-14 0.3826834323650869
  outer loop
    vertex 135.18112946339104 -451.83973709248346 136.01546752752645
    vertex 134.60711033897607 -452.6161942277898 137.40127228275082
    vertex 135.22347141802382 -452.61619422779097 135.91324500639374
  endloop
endfacet
facet normal 0.9238795325112878 2.5023907821316142e-14 0.3826834323650869
  outer loop
    vertex 134.64945229360944 -451.839737092482 137.2990497616172
    vertex 134.60711033897607 -452.6161942277898 137.40127228275082
    vertex 135.18112946339104 -451.83973709248346 136.01546752752645
  endloop
endfacet
facet normal 0.9238795325112878 2.5023907821316142e-14 0.3826834323650869
  outer loop
    vertex 135.22347141802382 -451.0632799571745 135.91324500639308
    vertex 134.64945229360944 -451.839737092482 137.2990497616172
    vertex 135.18112946339104 -451.83973709248346 136.01546752752645
  endloop
endfacet
facet normal 0.9238795325112878 2.5023907821316142e-14 0.3826834323650869
  outer loop
    vertex 134.60711033897547 -451.06327995717595 137.40127228274963
    vertex 134.64945229360944 -451.839737092482 137.2990497616172
    vertex 135.22347141802382 -451.0632799571745 135.91324500639308
  endloop
endfacet
facet normal 0.9238795325112878 2.5023907821316142e-14 0.3826834323650869
  outer loop
    vertex 134.4829700093111 -450.3397370924835 137.70097355026292
    vertex 134.60711033897547 -451.06327995717595 137.40127228274963
    vertex 135.22347141802382 -451.0632799571745 135.91324500639308
  endloop
endfacet
facet normal 0.9238795325112878 2.5023907821316142e-14 0.3826834323650869
  outer loop
    vertex 135.34761174769005 -450.3397370924815 135.61354373887812
    vertex 134.4829700093111 -450.3397370924835 137.70097355026292
    vertex 135.22347141802382 -451.0632799571745 135.91324500639308
  endloop
endfacet
facet normal 0.9238795325112878 2.5023907821316142e-14 0.3826834323650869
  outer loop
    vertex 134.36647886229068 -449.9732251471969 137.98220805729716
    vertex 134.4829700093111 -450.3397370924835 137.70097355026292
    vertex 135.34761174769005 -450.3397370924815 135.61354373887812
  endloop
endfacet
facet normal 0.9238795325112878 2.5023907821316142e-14 0.3826834323650869
  outer loop
    vertex 135.464102894711 -449.9732251471966 135.3323092318448
    vertex 134.36647886229068 -449.9732251471969 137.98220805729716
    vertex 135.34761174769005 -450.3397370924815 135.61354373887812
  endloop
endfacet
facet normal 0.7933533402912236 4.025567419802008e-15 0.6087614290087356
  outer loop
    vertex 135.9095442904237 -483.4999999999957 134.2569185730722
    vertex 142.50246814803566 -483.4999999999958 125.66485292062248
    vertex 135.90954429042318 -461.5449077873081 134.25691857307197
  endloop
endfacet
facet normal 0.7933533402912236 4.025567419802008e-15 0.6087614290087356
  outer loop
    vertex 136.1950572506566 -461.7375145713496 133.88483083902148
    vertex 135.90954429042318 -461.5449077873081 134.25691857307197
    vertex 142.50246814803566 -483.4999999999958 125.66485292062248
  endloop
endfacet
facet normal 0.7933533402912236 4.025567419802008e-15 0.6087614290087356
  outer loop
    vertex 136.67181311845184 -461.8397370924821 133.26351049546028
    vertex 136.1950572506566 -461.7375145713496 133.88483083902148
    vertex 142.50246814803566 -483.4999999999958 125.66485292062248
  endloop
endfacet
facet normal 0.7933533402912236 4.025567419802008e-15 0.6087614290087356
  outer loop
    vertex 135.9095442904232 -456.1345663976571 134.256918573072
    vertex 136.19505725065662 -455.9419596136145 133.88483083902221
    vertex 135.9095442904232 -454.54490778730764 134.256918573072
  endloop
endfacet
facet normal 0.7933533402912236 4.025567419802008e-15 0.6087614290087356
  outer loop
    vertex 136.67181311845187 -455.839737092482 133.26351049546037
    vertex 135.9095442904232 -454.54490778730764 134.256918573072
    vertex 136.19505725065662 -455.9419596136145 133.88483083902221
  endloop
endfacet
facet normal 0.7933533402912236 4.025567419802008e-15 0.6087614290087356
  outer loop
    vertex 136.19505725065662 -454.7375145713498 133.88483083902148
    vertex 135.9095442904232 -454.54490778730764 134.256918573072
    vertex 136.67181311845187 -455.839737092482 133.26351049546037
  endloop
endfacet
facet normal 0.7933533402912236 4.025567419802008e-15 0.6087614290087356
  outer loop
    vertex 136.67181311845127 -454.8397370924825 133.2635104954601
    vertex 136.19505725065662 -454.7375145713498 133.88483083902148
    vertex 136.67181311845187 -455.839737092482 133.26351049546037
  endloop
endfacet
facet normal 0.7933533402912236 4.025567419802008e-15 0.6087614290087356
  outer loop
    vertex 142.5024681480346 -449.9732251471968 125.66485292062237
    vertex 138.26706934369727 -460.3397370924816 131.18453210653843
    vertex 142.50246814803566 -483.4999999999958 125.66485292062248
  endloop
endfacet
facet normal 0.7933533402912236 4.025567419802008e-15 0.6087614290087356
  outer loop
    vertex 137.97433437206826 -460.96105743604153 131.56603174908224
    vertex 142.50246814803566 -483.4999999999958 125.66485292062248
    vertex 138.26706934369727 -460.3397370924816 131.18453210653843
  endloop
endfacet
facet normal 0.7933533402912236 4.025567419802008e-15 0.6087614290087356
  outer loop
    vertex 137.59283472952407 -461.4378133038353 132.06321176297638
    vertex 142.50246814803566 -483.4999999999958 125.66485292062248
    vertex 137.97433437206826 -460.96105743604153 131.56603174908224
  endloop
endfacet
facet normal 0.7933533402912236 4.025567419802008e-15 0.6087614290087356
  outer loop
    vertex 137.148568986243 -461.7375145713493 132.6421901519035
    vertex 142.50246814803566 -483.4999999999958 125.66485292062248
    vertex 137.59283472952407 -461.4378133038353 132.06321176297638
  endloop
endfacet
facet normal 0.7933533402912236 4.025567419802008e-15 0.6087614290087356
  outer loop
    vertex 136.67181311845184 -461.8397370924821 133.26351049546028
    vertex 142.50246814803566 -483.4999999999958 125.66485292062248
    vertex 137.148568986243 -461.7375145713493 132.6421901519035
  endloop
endfacet
facet normal 0.7933533402912236 4.025567419802008e-15 0.6087614290087356
  outer loop
    vertex 138.45109023986174 -459.6161942277888 130.94471140552375
    vertex 138.26706934369727 -460.3397370924816 131.18453210653843
    vertex 142.5024681480346 -449.9732251471968 125.66485292062237
  endloop
endfacet
facet normal 0.7933533402912236 4.025567419802008e-15 0.6087614290087356
  outer loop
    vertex 138.51385634059625 -458.83973709248284 130.86291303049217
    vertex 138.45109023986174 -459.6161942277888 130.94471140552375
    vertex 142.5024681480346 -449.9732251471968 125.66485292062237
  endloop
endfacet
facet normal 0.7933533402912236 4.025567419802008e-15 0.6087614290087356
  outer loop
    vertex 138.4510902398612 -458.0632799571759 130.94471140552403
    vertex 138.51385634059625 -458.83973709248284 130.86291303049217
    vertex 142.5024681480346 -449.9732251471968 125.66485292062237
  endloop
endfacet
facet normal 0.7933533402912236 4.025567419802008e-15 0.6087614290087356
  outer loop
    vertex 138.26706934369668 -457.33973709248346 131.18453210653865
    vertex 138.4510902398612 -458.0632799571759 130.94471140552403
    vertex 142.5024681480346 -449.9732251471968 125.66485292062237
  endloop
endfacet
facet normal 0.7933533402912236 4.025567419802008e-15 0.6087614290087356
  outer loop
    vertex 137.97433437206945 -456.7184167489238 131.56603174908156
    vertex 138.26706934369668 -457.33973709248346 131.18453210653865
    vertex 142.5024681480346 -449.9732251471968 125.66485292062237
  endloop
endfacet
facet normal 0.7933533402912236 4.025567419802008e-15 0.6087614290087356
  outer loop
    vertex 137.5928347295241 -456.24166088113 132.06321176297683
    vertex 137.97433437206945 -456.7184167489238 131.56603174908156
    vertex 142.5024681480346 -449.9732251471968 125.66485292062237
  endloop
endfacet
facet normal 0.7933533402912236 4.025567419802008e-15 0.6087614290087356
  outer loop
    vertex 137.14856898624302 -455.9419596136148 132.64219015190358
    vertex 137.5928347295241 -456.24166088113 132.06321176297683
    vertex 142.5024681480346 -449.9732251471968 125.66485292062237
  endloop
endfacet
facet normal 0.7933533402912236 4.025567419802008e-15 0.6087614290087356
  outer loop
    vertex 136.67181311845187 -455.839737092482 133.26351049546037
    vertex 137.14856898624302 -455.9419596136148 132.64219015190358
    vertex 142.5024681480346 -449.9732251471968 125.66485292062237
  endloop
endfacet
facet normal 0.7933533402912236 4.025567419802008e-15 0.6087614290087356
  outer loop
    vertex 137.5928347295235 -454.43781330383456 132.06321176297675
    vertex 136.67181311845187 -455.839737092482 133.26351049546037
    vertex 142.5024681480346 -449.9732251471968 125.66485292062237
  endloop
endfacet
facet normal 0.7933533402912236 4.025567419802008e-15 0.6087614290087356
  outer loop
    vertex 137.14856898624302 -454.7375145713495 132.6421901519034
    vertex 136.67181311845187 -455.839737092482 133.26351049546037
    vertex 137.5928347295235 -454.43781330383456 132.06321176297675
  endloop
endfacet
facet normal 0.7933533402912236 4.025567419802008e-15 0.6087614290087356
  outer loop
    vertex 136.67181311845127 -454.8397370924825 133.2635104954601
    vertex 136.67181311845187 -455.839737092482 133.26351049546037
    vertex 137.14856898624302 -454.7375145713495 132.6421901519034
  endloop
endfacet
facet normal 0.7933533402912236 4.025567419802008e-15 0.6087614290087356
  outer loop
    vertex 137.97433437206826 -453.9610574360417 131.56603174908207
    vertex 137.5928347295235 -454.43781330383456 132.06321176297675
    vertex 142.5024681480346 -449.9732251471968 125.66485292062237
  endloop
endfacet
facet normal 0.7933533402912236 4.025567419802008e-15 0.6087614290087356
  outer loop
    vertex 138.2670693436973 -453.33973709248204 131.184532106538
    vertex 137.97433437206826 -453.9610574360417 131.56603174908207
    vertex 142.5024681480346 -449.9732251471968 125.66485292062237
  endloop
endfacet
facet normal 0.7933533402912236 4.025567419802008e-15 0.6087614290087356
  outer loop
    vertex 138.45109023986123 -452.6161942277887 130.9447114055235
    vertex 138.2670693436973 -453.33973709248204 131.184532106538
    vertex 142.5024681480346 -449.9732251471968 125.66485292062237
  endloop
endfacet
facet normal 0.7933533402912236 4.025567419802008e-15 0.6087614290087356
  outer loop
    vertex 138.51385634059628 -451.8397370924824 130.86291303049205
    vertex 138.45109023986123 -452.6161942277887 130.9447114055235
    vertex 142.5024681480346 -449.9732251471968 125.66485292062237
  endloop
endfacet
facet normal 0.7933533402912236 4.025567419802008e-15 0.6087614290087356
  outer loop
    vertex 138.45109023986123 -451.0632799571758 130.94471140552375
    vertex 138.51385634059628 -451.8397370924824 130.86291303049205
    vertex 142.5024681480346 -449.9732251471968 125.66485292062237
  endloop
endfacet
facet normal 0.7933533402912236 4.025567419802008e-15 0.6087614290087356
  outer loop
    vertex 138.26706934369673 -450.33973709248323 131.18453210653823
    vertex 138.45109023986123 -451.0632799571758 130.94471140552375
    vertex 142.5024681480346 -449.9732251471968 125.66485292062237
  endloop
endfacet
facet normal 0.7933533402912236 4.025567419802008e-15 0.6087614290087356
  outer loop
    vertex 138.0943873045246 -449.97322514719724 131.4095757214204
    vertex 138.26706934369673 -450.33973709248323 131.18453210653823
    vertex 142.5024681480346 -449.9732251471968 125.66485292062237
  endloop
endfacet
facet normal -0.09229595564222771 0.9914448613736203 0.09229595564233055
  outer loop
    vertex 128.85145237354143 -454.73751457134887 134.64561431731488
    vertex 128.85145237354143 -454.8397370924822 135.7436905286626
    vertex 133.7284306825366 -454.7375145713491 139.52259262630872
  endloop
endfacet
facet normal -0.09229595564222771 0.9914448613736203 0.09229595564233055
  outer loop
    vertex 133.40681160649183 -454.8397370924828 140.2990497616126
    vertex 133.7284306825366 -454.7375145713491 139.52259262630872
    vertex 128.85145237354143 -454.8397370924822 135.7436905286626
  endloop
endfacet
facet normal -0.701057384649949 0.1305261922210071 0.7010573846498287
  outer loop
    vertex 128.85145237354143 -452.6161942277898 131.64561431731528
    vertex 134.60711033897607 -452.6161942277898 137.40127228275082
    vertex 128.85145237354143 -451.839737092482 131.50104984154805
  endloop
endfacet
facet normal -0.701057384649949 0.1305261922210071 0.7010573846498287
  outer loop
    vertex 134.64945229360944 -451.839737092482 137.2990497616172
    vertex 128.85145237354143 -451.839737092482 131.50104984154805
    vertex 134.60711033897607 -452.6161942277898 137.40127228275082
  endloop
endfacet
facet normal 0.5609855267971227 -0.6087614290083239 -0.56098552679717
  outer loop
    vertex 128.85145237354084 -456.718416748922 128.44314975055568
    vertex 135.54509049407096 -456.718416748922 135.13678787108543
    vertex 128.8514523735414 -457.33973709248227 129.11738436473118
  endloop
endfacet
facet normal 0.5609855267971227 -0.6087614290083239 -0.56098552679717
  outer loop
    vertex 135.34761174769 -457.33973709248164 135.61354373887835
    vertex 128.8514523735414 -457.33973709248227 129.11738436473118
    vertex 135.54509049407096 -456.718416748922 135.13678787108543
  endloop
endfacet
facet normal 0.09229595564057314 0.9914448613739476 -0.09229595564046823
  outer loop
    vertex 128.8514523735414 -461.8397370924823 135.74369052866265
    vertex 128.8514523735414 -461.7375145713495 136.8417667400189
    vertex 133.40681160649243 -461.8397370924823 140.2990497616126
  endloop
endfacet
facet normal 0.09229595564057314 0.9914448613739476 -0.09229595564046823
  outer loop
    vertex 133.08519253044588 -461.7375145713507 141.07550689692303
    vertex 133.40681160649243 -461.8397370924823 140.2990497616126
    vertex 128.8514523735414 -461.7375145713495 136.8417667400189
  endloop
endfacet
facet normal -0.2705980500725418 0.9238795325115895 0.2705980500726216
  outer loop
    vertex 128.8514523735414 -461.4378133038353 133.6223701851067
    vertex 128.8514523735414 -461.737514571349 134.6456143173149
    vertex 134.02813195005152 -461.4378133038352 138.79904976161555
  endloop
endfacet
facet normal -0.2705980500725418 0.9238795325115895 0.2705980500726216
  outer loop
    vertex 133.72843068253658 -461.73751457134927 139.52259262630923
    vertex 134.02813195005152 -461.4378133038352 138.79904976161555
    vertex 128.8514523735414 -461.737514571349 134.6456143173149
  endloop
endfacet
facet normal -0.6532814824382593 -0.3826834323648742 0.6532814824382437
  outer loop
    vertex 128.85145237354143 -451.063279957176 131.64561431731482
    vertex 134.60711033897547 -451.06327995717595 137.40127228274963
    vertex 128.85145237354146 -450.33973709248323 132.06945591449386
  endloop
endfacet
facet normal -0.6532814824382593 -0.3826834323648742 0.6532814824382437
  outer loop
    vertex 134.4829700093111 -450.3397370924835 137.70097355026292
    vertex 128.85145237354146 -450.33973709248323 132.06945591449386
    vertex 134.60711033897547 -451.06327995717595 137.40127228274963
  endloop
endfacet
facet normal -0.5609855267976189 0.6087614290074571 0.560985526797614
  outer loop
    vertex 128.85145237354143 -453.33973709248255 132.06945591449445
    vertex 128.85145237354143 -453.96105743604136 132.74369052866612
    vertex 134.4829700093116 -453.3397370924819 137.70097355026408
  endloop
endfacet
facet normal -0.5609855267976189 0.6087614290074571 0.560985526797614
  outer loop
    vertex 134.28549126293132 -453.9610574360416 138.17772941805626
    vertex 134.4829700093116 -453.3397370924819 137.70097355026408
    vertex 128.85145237354143 -453.96105743604136 132.74369052866612
  endloop
endfacet
facet normal -0.43045933457697755 -0.7933533402912007 0.4304593345768451
  outer loop
    vertex 128.85145237354143 -456.7184167489232 132.74369052866555
    vertex 134.28549126293072 -456.71841674892397 138.17772941805512
    vertex 128.85145237354143 -456.24166088112935 133.62237018510632
  endloop
endfacet
facet normal -0.43045933457697755 -0.7933533402912007 0.4304593345768451
  outer loop
    vertex 134.02813195005035 -456.2416608811302 138.79904976161512
    vertex 128.85145237354143 -456.24166088112935 133.62237018510632
    vertex 134.28549126293072 -456.71841674892397 138.17772941805512
  endloop
endfacet
facet normal 0.7010573846499824 -0.13052619222018821 -0.701057384649948
  outer loop
    vertex 135.18112946339104 -451.83973709248346 136.01546752752645
    vertex 128.85145237354143 -451.8397370924824 129.6857904376765
    vertex 135.22347141802382 -451.0632799571745 135.91324500639308
  endloop
endfacet
facet normal 0.7010573846499824 -0.13052619222018821 -0.701057384649948
  outer loop
    vertex 128.85145237354143 -451.06327995717487 129.54122596191013
    vertex 135.22347141802382 -451.0632799571745 135.91324500639308
    vertex 128.85145237354143 -451.8397370924824 129.6857904376765
  endloop
endfacet
facet normal -0.09229595564206594 0.9914448613736555 0.09229595564211171
  outer loop
    vertex 128.8514523735414 -461.737514571349 134.6456143173149
    vertex 128.8514523735414 -461.8397370924823 135.74369052866265
    vertex 133.72843068253658 -461.73751457134927 139.52259262630923
  endloop
endfacet
facet normal -0.09229595564206594 0.9914448613736555 0.09229595564211171
  outer loop
    vertex 133.40681160649243 -461.8397370924823 140.2990497616126
    vertex 133.72843068253658 -461.73751457134927 139.52259262630923
    vertex 128.8514523735414 -461.8397370924823 135.74369052866265
  endloop
endfacet
facet normal 0.4304593345762792 -0.793353340291934 -0.43045933457619173
  outer loop
    vertex 128.85145237354143 -456.24166088112867 137.86501087222493
    vertex 132.78549126293166 -456.24166088112787 141.79904976161535
    vertex 128.85145237354143 -456.71841674892187 138.7436905286677
  endloop
endfacet
facet normal 0.4304593345762792 -0.793353340291934 -0.43045933457619173
  outer loop
    vertex 132.5281319500507 -456.71841674892164 142.42037010517598
    vertex 128.85145237354143 -456.71841674892187 138.7436905286677
    vertex 132.78549126293166 -456.24166088112787 141.79904976161535
  endloop
endfacet
facet normal 0.2705980500729568 0.9238795325113833 -0.27059805007291027
  outer loop
    vertex 128.85145237354143 -454.73751457134966 136.8417667400191
    vertex 128.85145237354084 -454.43781330383626 137.86501087222481
    vertex 133.0851925304453 -454.7375145713502 141.07550689692252
  endloop
endfacet
facet normal 0.2705980500729568 0.9238795325113833 -0.27059805007291027
  outer loop
    vertex 132.78549126293166 -454.43781330383655 141.79904976161464
    vertex 133.0851925304453 -454.7375145713502 141.07550689692252
    vertex 128.85145237354084 -454.43781330383626 137.86501087222481
  endloop
endfacet
facet normal 0.5609855267970135 0.6087614290085073 -0.5609855267970802
  outer loop
    vertex 128.85145237354084 -453.9610574360428 128.44314975055565
    vertex 128.85145237354143 -453.33973709248346 129.11738436473067
    vertex 135.54509049407096 -453.96105743604306 135.13678787108512
  endloop
endfacet
facet normal 0.5609855267970135 0.6087614290085073 -0.5609855267970802
  outer loop
    vertex 135.34761174769002 -453.3397370924834 135.61354373887815
    vertex 135.54509049407096 -453.96105743604306 135.13678787108512
    vertex 128.85145237354143 -453.33973709248346 129.11738436473067
  endloop
endfacet
facet normal -0.09229595564193374 -0.9914448613736815 0.0922959556419655
  outer loop
    vertex 128.85145237354143 -455.94195961361567 134.64561431731474
    vertex 133.7284306825366 -455.94195961361527 139.52259262630858
    vertex 128.85145237354143 -455.83973709248227 135.74369052866265
  endloop
endfacet
facet normal -0.09229595564193374 -0.9914448613736815 0.0922959556419655
  outer loop
    vertex 133.40681160649245 -455.83973709248255 140.29904976161254
    vertex 128.85145237354143 -455.83973709248227 135.74369052866265
    vertex 133.7284306825366 -455.94195961361527 139.52259262630858
  endloop
endfacet
facet normal 0.7010573846499973 0.13052619221981926 -0.7010573846500018
  outer loop
    vertex 135.2234714180244 -459.6161942277911 135.91324500639388
    vertex 128.8514523735414 -459.6161942277903 129.5412259619109
    vertex 135.18112946339164 -458.8397370924833 136.01546752752665
  endloop
endfacet
facet normal 0.7010573846499973 0.13052619221981926 -0.7010573846500018
  outer loop
    vertex 128.8514523735414 -458.8397370924828 129.68579043767676
    vertex 135.18112946339164 -458.8397370924833 136.01546752752665
    vertex 128.8514523735414 -459.6161942277903 129.5412259619109
  endloop
endfacet
facet normal 0.27059805007308735 0.923879532511349 -0.2705980500728971
  outer loop
    vertex 128.8514523735414 -461.7375145713495 136.8417667400189
    vertex 128.8514523735408 -461.4378133038361 137.86501087222447
    vertex 133.08519253044588 -461.7375145713507 141.07550689692303
  endloop
endfacet
facet normal 0.27059805007308735 0.923879532511349 -0.2705980500728971
  outer loop
    vertex 132.78549126293217 -461.4378133038369 141.79904976161512
    vertex 133.08519253044588 -461.7375145713507 141.07550689692303
    vertex 128.8514523735408 -461.4378133038361 137.86501087222447
  endloop
endfacet
facet normal -0.653281482438159 -0.38268343236531827 0.6532814824380839
  outer loop
    vertex 134.60711033897545 -458.0632799571764 137.40127228274991
    vertex 134.48297000931103 -457.33973709248363 137.70097355026417
    vertex 128.8514523735414 -458.0632799571759 131.6456143173152
  endloop
endfacet
facet normal -0.653281482438159 -0.38268343236531827 0.6532814824380839
  outer loop
    vertex 128.8514523735414 -457.33973709248363 132.0694559144942
    vertex 128.8514523735414 -458.0632799571759 131.6456143173152
    vertex 134.48297000931103 -457.33973709248363 137.70097355026417
  endloop
endfacet
facet normal 0.6532814824377946 0.382683432366396 -0.6532814824378169
  outer loop
    vertex 135.34761174769 -460.33973709248295 135.61354373887886
    vertex 128.8514523735414 -460.33973709248335 129.11738436473098
    vertex 135.2234714180244 -459.6161942277911 135.91324500639388
  endloop
endfacet
facet normal 0.6532814824377946 0.382683432366396 -0.6532814824378169
  outer loop
    vertex 128.8514523735414 -459.6161942277903 129.5412259619109
    vertex 135.2234714180244 -459.6161942277911 135.91324500639388
    vertex 128.8514523735414 -460.33973709248335 129.11738436473098
  endloop
endfacet
facet normal 0.560985526797112 0.6087614290085351 -0.5609855267969512
  outer loop
    vertex 128.8514523735408 -460.96105743604227 138.74369052866618
    vertex 128.8514523735414 -460.33973709248295 139.4179251428411
    vertex 132.52813195005066 -460.9610574360432 142.42037010517623
  endloop
endfacet
facet normal 0.560985526797112 0.6087614290085351 -0.5609855267969512
  outer loop
    vertex 132.33065320366921 -460.33973709248323 142.89712597296943
    vertex 132.52813195005066 -460.9610574360432 142.42037010517623
    vertex 128.8514523735414 -460.33973709248295 139.4179251428411
  endloop
endfacet
facet normal 0.09229595564081577 -0.9914448613738885 -0.09229595564086102
  outer loop
    vertex 128.85145237354143 -455.83973709248227 135.74369052866265
    vertex 133.40681160649245 -455.83973709248255 140.29904976161254
    vertex 128.85145237354143 -455.94195961361504 136.8417667400189
  endloop
endfacet
facet normal 0.09229595564081577 -0.9914448613738885 -0.09229595564086102
  outer loop
    vertex 133.0851925304453 -455.94195961361504 141.07550689692238
    vertex 128.85145237354143 -455.94195961361504 136.8417667400189
    vertex 133.40681160649245 -455.83973709248255 140.29904976161254
  endloop
endfacet
facet normal 0.7010573846500255 0.1305261922202832 -0.7010573846498873
  outer loop
    vertex 135.22347141802382 -452.61619422779097 135.91324500639374
    vertex 128.85145237354143 -452.61619422779097 129.5412259619093
    vertex 135.18112946339104 -451.83973709248346 136.01546752752645
  endloop
endfacet
facet normal 0.7010573846500255 0.1305261922202832 -0.7010573846498873
  outer loop
    vertex 128.85145237354143 -451.8397370924824 129.6857904376765
    vertex 135.18112946339104 -451.83973709248346 136.01546752752645
    vertex 128.85145237354143 -452.61619422779097 129.5412259619093
  endloop
endfacet
facet normal 0.7010573846500547 0.13052619221977993 -0.7010573846499517
  outer loop
    vertex 132.20651287400364 -452.6161942277906 143.19682724048465
    vertex 128.85145237354143 -452.61619422779006 139.8417667400219
    vertex 132.1641709193708 -451.83973709248335 143.2990497616173
  endloop
endfacet
facet normal 0.7010573846500547 0.13052619221977993 -0.7010573846499517
  outer loop
    vertex 128.85145237354143 -451.83973709248255 139.98633121578771
    vertex 132.1641709193708 -451.83973709248335 143.2990497616173
    vertex 128.85145237354143 -452.61619422779006 139.8417667400219
  endloop
endfacet
facet normal 0.43045933457615987 0.7933533402919928 -0.4304593345762028
  outer loop
    vertex 128.85145237354143 -454.4378133038366 127.56447009411394
    vertex 128.85145237354084 -453.9610574360428 128.44314975055565
    vertex 135.80244980695184 -454.4378133038366 134.5154675275233
  endloop
endfacet
facet normal 0.43045933457615987 0.7933533402919928 -0.4304593345762028
  outer loop
    vertex 135.54509049407096 -453.96105743604306 135.13678787108512
    vertex 135.80244980695184 -454.4378133038366 134.5154675275233
    vertex 128.85145237354084 -453.9610574360428 128.44314975055565
  endloop
endfacet
facet normal -0.6532814824382311 0.3826834323650083 0.6532814824381932
  outer loop
    vertex 128.85145237354143 -453.33973709248255 132.06945591449445
    vertex 134.4829700093116 -453.3397370924819 137.70097355026408
    vertex 128.85145237354143 -452.6161942277898 131.64561431731528
  endloop
endfacet
facet normal -0.6532814824382311 0.3826834323650083 0.6532814824381932
  outer loop
    vertex 134.60711033897607 -452.6161942277898 137.40127228275082
    vertex 128.85145237354143 -452.6161942277898 131.64561431731528
    vertex 134.4829700093116 -453.3397370924819 137.70097355026408
  endloop
endfacet
facet normal 0.43045933457660673 -0.7933533402915304 -0.4304593345766083
  outer loop
    vertex 128.85145237354084 -456.24166088112827 127.564470094114
    vertex 135.80244980695184 -456.2416608811276 134.51546752752412
    vertex 128.85145237354084 -456.718416748922 128.44314975055568
  endloop
endfacet
facet normal 0.43045933457660673 -0.7933533402915304 -0.4304593345766083
  outer loop
    vertex 135.54509049407096 -456.718416748922 135.13678787108543
    vertex 128.85145237354084 -456.718416748922 128.44314975055568
    vertex 135.80244980695184 -456.2416608811276 134.51546752752412
  endloop
endfacet
facet normal -0.2705980500726236 0.9238795325115433 0.27059805007269755
  outer loop
    vertex 128.85145237354143 -454.43781330383507 133.62237018510646
    vertex 128.85145237354143 -454.73751457134887 134.64561431731488
    vertex 134.02813195005095 -454.43781330383507 138.79904976161535
  endloop
endfacet
facet normal -0.2705980500726236 0.9238795325115433 0.27059805007269755
  outer loop
    vertex 133.7284306825366 -454.7375145713491 139.52259262630872
    vertex 134.02813195005095 -454.43781330383507 138.79904976161535
    vertex 128.85145237354143 -454.73751457134887 134.64561431731488
  endloop
endfacet
facet normal 0.560985526796966 0.608761429008543 -0.5609855267970888
  outer loop
    vertex 128.8514523735414 -460.961057436043 128.44314975055693
    vertex 128.8514523735414 -460.33973709248335 129.11738436473098
    vertex 135.54509049407096 -460.9610574360432 135.13678787108438
  endloop
endfacet
facet normal 0.560985526796966 0.608761429008543 -0.5609855267970888
  outer loop
    vertex 135.34761174769 -460.33973709248295 135.61354373887886
    vertex 135.54509049407096 -460.9610574360432 135.13678787108438
    vertex 128.8514523735414 -460.33973709248335 129.11738436473098
  endloop
endfacet
facet normal 0.7010573846499413 -0.13052619222048606 -0.7010573846499336
  outer loop
    vertex 132.1641709193708 -451.83973709248335 143.2990497616173
    vertex 128.85145237354143 -451.83973709248255 139.98633121578771
    vertex 132.20651287400418 -451.06327995717476 143.19682724048403
  endloop
endfacet
facet normal 0.7010573846499413 -0.13052619222048606 -0.7010573846499336
  outer loop
    vertex 128.85145237354143 -451.06327995717476 139.8417667400212
    vertex 132.20651287400418 -451.06327995717476 143.19682724048403
    vertex 128.85145237354143 -451.83973709248255 139.98633121578771
  endloop
endfacet
facet normal -0.43045933457697777 0.7933533402911118 0.4304593345770083
  outer loop
    vertex 128.85145237354143 -453.96105743604136 132.74369052866612
    vertex 128.85145237354143 -454.43781330383507 133.62237018510646
    vertex 134.28549126293132 -453.9610574360416 138.17772941805626
  endloop
endfacet
facet normal -0.43045933457697777 0.7933533402911118 0.4304593345770083
  outer loop
    vertex 134.02813195005095 -454.43781330383507 138.79904976161535
    vertex 134.28549126293132 -453.9610574360416 138.17772941805626
    vertex 128.85145237354143 -454.43781330383507 133.62237018510646
  endloop
endfacet
facet normal 0.6532814824378581 -0.3826834323661946 -0.6532814824378712
  outer loop
    vertex 135.34761174769005 -450.3397370924815 135.61354373887812
    vertex 135.22347141802382 -451.0632799571745 135.91324500639308
    vertex 128.85145237354146 -450.33973709248244 129.11738436473098
  endloop
endfacet
facet normal 0.6532814824378581 -0.3826834323661946 -0.6532814824378712
  outer loop
    vertex 128.85145237354143 -451.06327995717487 129.54122596191013
    vertex 128.85145237354146 -450.33973709248244 129.11738436473098
    vertex 135.22347141802382 -451.0632799571745 135.91324500639308
  endloop
endfacet
facet normal 0.6532814824379192 -0.38268343236594343 -0.6532814824379573
  outer loop
    vertex 132.33065320366921 -457.3397370924825 142.89712597297003
    vertex 132.20651287400415 -458.06327995717515 143.19682724048437
    vertex 128.8514523735414 -457.3397370924816 139.41792514284148
  endloop
endfacet
facet normal 0.6532814824379192 -0.38268343236594343 -0.6532814824379573
  outer loop
    vertex 128.8514523735414 -458.06327995717487 139.8417667400221
    vertex 128.8514523735414 -457.3397370924816 139.41792514284148
    vertex 132.20651287400415 -458.06327995717515 143.19682724048437
  endloop
endfacet
facet normal 0.6532814824379314 -0.3826834323658685 -0.653281482437989
  outer loop
    vertex 132.33065320366978 -450.3397370924817 142.89712597296935
    vertex 132.20651287400418 -451.06327995717476 143.19682724048403
    vertex 128.85145237354146 -450.3397370924823 139.41792514284205
  endloop
endfacet
facet normal 0.6532814824379314 -0.3826834323658685 -0.653281482437989
  outer loop
    vertex 128.85145237354143 -451.06327995717476 139.8417667400212
    vertex 128.85145237354146 -450.3397370924823 139.41792514284205
    vertex 132.20651287400418 -451.06327995717476 143.19682724048403
  endloop
endfacet
facet normal -0.43045933457675106 0.7933533402913884 0.43045933457672547
  outer loop
    vertex 128.8514523735414 -453.9610574360417 122.44314975055481
    vertex 128.8514523735414 -454.4378133038352 123.32182940699525
    vertex 137.97433437206826 -453.9610574360417 131.56603174908207
  endloop
endfacet
facet normal -0.43045933457675106 0.7933533402913884 0.43045933457672547
  outer loop
    vertex 137.5928347295235 -454.43781330383456 132.06321176297675
    vertex 137.97433437206826 -453.9610574360417 131.56603174908207
    vertex 128.8514523735414 -454.4378133038352 123.32182940699525
  endloop
endfacet
facet normal -0.701057384649961 -0.13052619222082734 0.7010573846498505
  outer loop
    vertex 128.85145237354143 -451.839737092482 131.50104984154805
    vertex 134.64945229360944 -451.839737092482 137.2990497616172
    vertex 128.85145237354143 -451.063279957176 131.64561431731482
  endloop
endfacet
facet normal -0.701057384649961 -0.13052619222082734 0.7010573846498505
  outer loop
    vertex 134.60711033897547 -451.06327995717595 137.40127228274963
    vertex 128.85145237354143 -451.063279957176 131.64561431731482
    vertex 134.64945229360944 -451.839737092482 137.2990497616172
  endloop
endfacet
facet normal 0.6532814824377119 0.3826834323667154 -0.6532814824377124
  outer loop
    vertex 128.85145237354143 -453.3397370924831 139.41792514284177
    vertex 128.85145237354143 -452.61619422779006 139.8417667400219
    vertex 132.33065320366975 -453.3397370924825 142.89712597296963
  endloop
endfacet
facet normal 0.6532814824377119 0.3826834323667154 -0.6532814824377124
  outer loop
    vertex 132.20651287400364 -452.6161942277906 143.19682724048465
    vertex 132.33065320366975 -453.3397370924825 142.89712597296963
    vertex 128.85145237354143 -452.61619422779006 139.8417667400219
  endloop
endfacet
facet normal 0.7010573846498551 0.13052619222060438 -0.7010573846499979
  outer loop
    vertex 132.20651287400472 -459.6161942277902 143.19682724048377
    vertex 128.8514523735414 -459.6161942277902 139.84176674002177
    vertex 132.16417091937134 -458.83973709248346 143.29904976161748
  endloop
endfacet
facet normal 0.7010573846498551 0.13052619222060438 -0.7010573846499979
  outer loop
    vertex 128.8514523735414 -458.83973709248266 139.9863312157877
    vertex 132.16417091937134 -458.83973709248346 143.29904976161748
    vertex 128.8514523735414 -459.6161942277902 139.84176674002177
  endloop
endfacet
facet normal 0.7010573846499614 -0.13052619221974743 -0.701057384650051
  outer loop
    vertex 132.20651287400415 -458.06327995717515 143.19682724048437
    vertex 132.16417091937134 -458.83973709248346 143.29904976161748
    vertex 128.8514523735414 -458.06327995717487 139.8417667400221
  endloop
endfacet
facet normal 0.7010573846499614 -0.13052619221974743 -0.701057384650051
  outer loop
    vertex 128.8514523735414 -458.83973709248266 139.9863312157877
    vertex 128.8514523735414 -458.06327995717487 139.8417667400221
    vertex 132.16417091937134 -458.83973709248346 143.29904976161748
  endloop
endfacet
facet normal -0.7010573846499168 -0.13052619222108655 0.7010573846498462
  outer loop
    vertex 128.8514523735414 -458.8397370924825 131.5010498415484
    vertex 134.64945229361 -458.8397370924825 137.2990497616174
    vertex 128.8514523735414 -458.0632799571759 131.6456143173152
  endloop
endfacet
facet normal -0.7010573846499168 -0.13052619222108655 0.7010573846498462
  outer loop
    vertex 134.60711033897545 -458.0632799571764 137.40127228274991
    vertex 128.8514523735414 -458.0632799571759 131.6456143173152
    vertex 134.64945229361 -458.8397370924825 137.2990497616174
  endloop
endfacet
facet normal -0.4304593345770436 -0.7933533402910335 0.43045933457708707
  outer loop
    vertex 128.85145237354146 -449.71841674892306 132.74369052866587
    vertex 134.31094672957622 -449.7184167489236 138.2031848847004
    vertex 128.85145237354146 -449.24166088112946 133.6223701851066
  endloop
endfacet
facet normal -0.4304593345770436 -0.7933533402910335 0.43045933457708707
  outer loop
    vertex 134.10121552932023 -449.2416608811292 138.8721333408841
    vertex 128.85145237354146 -449.24166088112946 133.6223701851066
    vertex 134.31094672957622 -449.7184167489236 138.2031848847004
  endloop
endfacet
facet normal 0.2705980500727083 -0.9238795325114981 -0.2705980500727667
  outer loop
    vertex 128.85145237354146 -448.94195961361487 136.8417667400188
    vertex 133.18821639296493 -448.94195961361464 141.17853075944174
    vertex 128.85145237354084 -449.24166088112804 137.86501087222496
  endloop
endfacet
facet normal 0.2705980500727083 -0.9238795325114981 -0.2705980500727667
  outer loop
    vertex 132.85857484220145 -449.2416608811283 141.8721333408841
    vertex 128.85145237354084 -449.24166088112804 137.86501087222496
    vertex 133.18821639296493 -448.94195961361464 141.17853075944174
  endloop
endfacet
facet normal -0.27059805007309373 -0.9238795325112927 0.2705980500730823
  outer loop
    vertex 128.85145237354143 -456.24166088112935 133.62237018510632
    vertex 134.02813195005035 -456.2416608811302 138.79904976161512
    vertex 128.85145237354143 -455.94195961361567 134.64561431731474
  endloop
endfacet
facet normal -0.27059805007309373 -0.9238795325112927 0.2705980500730823
  outer loop
    vertex 133.7284306825366 -455.94195961361527 139.52259262630858
    vertex 128.85145237354143 -455.94195961361567 134.64561431731474
    vertex 134.02813195005035 -456.2416608811302 138.79904976161512
  endloop
endfacet
facet normal -0.560985526797781 0.6087614290072016 0.5609855267977294
  outer loop
    vertex 128.8514523735414 -460.33973709248187 132.06945591449372
    vertex 128.8514523735414 -460.9610574360415 132.74369052866638
    vertex 134.48297000931103 -460.33973709248204 137.70097355026465
  endloop
endfacet
facet normal -0.560985526797781 0.6087614290072016 0.5609855267977294
  outer loop
    vertex 134.2854912629313 -460.96105743604176 138.1777294180565
    vertex 134.48297000931103 -460.33973709248204 137.70097355026465
    vertex 128.8514523735414 -460.9610574360415 132.74369052866638
  endloop
endfacet
facet normal 0.43045933457649543 0.793353340291733 -0.43045933457634605
  outer loop
    vertex 128.8514523735408 -461.4378133038361 137.86501087222447
    vertex 128.8514523735408 -460.96105743604227 138.74369052866618
    vertex 132.78549126293217 -461.4378133038369 141.79904976161512
  endloop
endfacet
facet normal 0.43045933457649543 0.793353340291733 -0.43045933457634605
  outer loop
    vertex 132.52813195005066 -460.9610574360432 142.42037010517623
    vertex 132.78549126293217 -461.4378133038369 141.79904976161512
    vertex 128.8514523735408 -460.96105743604227 138.74369052866618
  endloop
endfacet
facet normal -0.7010573846499135 0.13052619222101083 0.7010573846498637
  outer loop
    vertex 128.8514523735414 -459.61619422778966 131.6456143173154
    vertex 134.60711033897607 -459.61619422778966 137.40127228275043
    vertex 128.8514523735414 -458.8397370924825 131.5010498415484
  endloop
endfacet
facet normal -0.7010573846499135 0.13052619222101083 0.7010573846498637
  outer loop
    vertex 134.64945229361 -458.8397370924825 137.2990497616174
    vertex 128.8514523735414 -458.8397370924825 131.5010498415484
    vertex 134.60711033897607 -459.61619422778966 137.40127228275043
  endloop
endfacet
facet normal -0.0922959556420157 0.9914448613736631 0.09229595564208151
  outer loop
    vertex 128.8514523735414 -454.7375145713489 124.34507353920365
    vertex 128.85145237354143 -454.8397370924822 125.4431497505514
    vertex 137.14856898624302 -454.7375145713495 132.6421901519034
  endloop
endfacet
facet normal -0.0922959556420157 0.9914448613736631 0.09229595564208151
  outer loop
    vertex 136.67181311845127 -454.8397370924825 133.2635104954601
    vertex 137.14856898624302 -454.7375145713495 132.6421901519034
    vertex 128.85145237354143 -454.8397370924822 125.4431497505514
  endloop
endfacet
facet normal -0.2705980500728864 -0.9238795325114008 0.2705980500729216
  outer loop
    vertex 128.85145237354146 -449.24166088112946 133.6223701851066
    vertex 134.10121552932023 -449.2416608811292 138.8721333408841
    vertex 128.85145237354146 -448.94195961361487 134.64561431731437
  endloop
endfacet
facet normal -0.2705980500728864 -0.9238795325114008 0.2705980500729216
  outer loop
    vertex 133.83145454505507 -448.94195961361544 139.62561648882726
    vertex 128.85145237354146 -448.94195961361487 134.64561431731437
    vertex 134.10121552932023 -449.2416608811292 138.8721333408841
  endloop
endfacet
facet normal -0.5609855267975226 0.608761429007642 0.5609855267975101
  outer loop
    vertex 128.8514523735414 -453.33973709248204 121.76891513638219
    vertex 128.8514523735414 -453.9610574360417 122.44314975055481
    vertex 138.2670693436973 -453.33973709248204 131.184532106538
  endloop
endfacet
facet normal -0.5609855267975226 0.608761429007642 0.5609855267975101
  outer loop
    vertex 137.97433437206826 -453.9610574360417 131.56603174908207
    vertex 138.2670693436973 -453.33973709248204 131.184532106538
    vertex 128.8514523735414 -453.9610574360417 122.44314975055481
  endloop
endfacet
facet normal -0.5609855267978798 -0.6087614290069716 0.5609855267978803
  outer loop
    vertex 128.85145237354146 -450.33973709248323 132.06945591449386
    vertex 134.4829700093111 -450.3397370924835 137.70097355026292
    vertex 128.85145237354146 -449.71841674892306 132.74369052866587
  endloop
endfacet
facet normal -0.5609855267978798 -0.6087614290069716 0.5609855267978803
  outer loop
    vertex 134.36647886229068 -449.9732251471969 137.98220805729716
    vertex 128.85145237354146 -449.71841674892306 132.74369052866587
    vertex 134.4829700093111 -450.3397370924835 137.70097355026292
  endloop
endfacet
facet normal -0.5609855267978798 -0.6087614290069716 0.5609855267978803
  outer loop
    vertex 134.31094672957622 -449.7184167489236 138.2031848847004
    vertex 128.85145237354146 -449.71841674892306 132.74369052866587
    vertex 134.36647886229068 -449.9732251471969 137.98220805729716
  endloop
endfacet
facet normal 0.4304593345763292 0.7933533402918024 -0.4304593345763843
  outer loop
    vertex 128.8514523735414 -461.4378133038367 127.56447009411399
    vertex 128.8514523735414 -460.961057436043 128.44314975055693
    vertex 135.80244980695184 -461.437813303837 134.51546752752378
  endloop
endfacet
facet normal 0.4304593345763292 0.7933533402918024 -0.4304593345763843
  outer loop
    vertex 135.54509049407096 -460.9610574360432 135.13678787108438
    vertex 135.80244980695184 -461.437813303837 134.51546752752378
    vertex 128.8514523735414 -460.961057436043 128.44314975055693
  endloop
endfacet
facet normal 0.43045933457616764 -0.7933533402919363 -0.43045933457629915
  outer loop
    vertex 128.85145237354084 -449.24166088112804 137.86501087222496
    vertex 132.85857484220145 -449.2416608811283 141.8721333408841
    vertex 128.85145237354084 -449.71841674892175 138.74369052866666
  endloop
endfacet
facet normal 0.43045933457616764 -0.7933533402919363 -0.43045933457629915
  outer loop
    vertex 132.5535874166956 -449.71841674892175 142.4458255718211
    vertex 128.85145237354084 -449.71841674892175 138.74369052866666
    vertex 132.85857484220145 -449.2416608811283 141.8721333408841
  endloop
endfacet
facet normal -0.09229595564177376 -0.9914448613737235 0.09229595564167443
  outer loop
    vertex 128.85145237354146 -448.94195961361487 134.64561431731437
    vertex 133.83145454505507 -448.94195961361544 139.62561648882726
    vertex 128.85145237354146 -448.83973709248215 135.7436905286626
  endloop
endfacet
facet normal -0.09229595564177376 -0.9914448613737235 0.09229595564167443
  outer loop
    vertex 133.5200475420614 -448.83973709248266 140.41228569718183
    vertex 128.85145237354146 -448.83973709248215 135.7436905286626
    vertex 133.83145454505507 -448.94195961361544 139.62561648882726
  endloop
endfacet
facet normal 0.5609855267971147 -0.6087614290083194 -0.5609855267971826
  outer loop
    vertex 128.85145237354143 -456.71841674892187 138.7436905286677
    vertex 132.5281319500507 -456.71841674892164 142.42037010517598
    vertex 128.8514523735414 -457.3397370924816 139.41792514284148
  endloop
endfacet
facet normal 0.5609855267971147 -0.6087614290083194 -0.5609855267971826
  outer loop
    vertex 132.33065320366921 -457.3397370924825 142.89712597297003
    vertex 128.8514523735414 -457.3397370924816 139.41792514284148
    vertex 132.5281319500507 -456.71841674892164 142.42037010517598
  endloop
endfacet
facet normal -0.43045933457704777 0.7933533402910218 0.4304593345771046
  outer loop
    vertex 128.8514523735414 -460.9610574360415 132.74369052866638
    vertex 128.8514523735414 -461.4378133038353 133.6223701851067
    vertex 134.2854912629313 -460.96105743604176 138.1777294180565
  endloop
endfacet
facet normal -0.43045933457704777 0.7933533402910218 0.4304593345771046
  outer loop
    vertex 134.02813195005152 -461.4378133038352 138.79904976161555
    vertex 134.2854912629313 -460.96105743604176 138.1777294180565
    vertex 128.8514523735414 -461.4378133038353 133.6223701851067
  endloop
endfacet
facet normal 0.0922959556405829 -0.9914448613739318 -0.09229595564062615
  outer loop
    vertex 128.85145237354146 -448.83973709248215 135.7436905286626
    vertex 133.5200475420614 -448.83973709248266 140.41228569718183
    vertex 128.85145237354146 -448.94195961361487 136.8417667400188
  endloop
endfacet
facet normal 0.0922959556405829 -0.9914448613739318 -0.09229595564062615
  outer loop
    vertex 133.18821639296493 -448.94195961361464 141.17853075944174
    vertex 128.85145237354146 -448.94195961361487 136.8417667400188
    vertex 133.5200475420614 -448.83973709248266 140.41228569718183
  endloop
endfacet
facet normal -0.6532814824383216 0.38268343236463825 0.6532814824383194
  outer loop
    vertex 128.8514523735414 -453.33973709248204 121.76891513638219
    vertex 138.2670693436973 -453.33973709248204 131.184532106538
    vertex 128.8514523735414 -452.6161942277896 121.34507353920412
  endloop
endfacet
facet normal -0.6532814824383216 0.38268343236463825 0.6532814824383194
  outer loop
    vertex 138.45109023986123 -452.6161942277887 130.9447114055235
    vertex 128.8514523735414 -452.6161942277896 121.34507353920412
    vertex 138.2670693436973 -453.33973709248204 131.184532106538
  endloop
endfacet
facet normal 0.4304593345763914 -0.7933533402917224 -0.43045933457646957
  outer loop
    vertex 128.85145237354084 -449.2416608811281 127.56447009411394
    vertex 135.87553338622175 -449.2416608811281 134.58855110679283
    vertex 128.85145237354146 -449.71841674892215 128.44314975055633
  endloop
endfacet
facet normal 0.4304593345763914 -0.7933533402917224 -0.43045933457646957
  outer loop
    vertex 135.5705459607165 -449.71841674892215 135.1622433377307
    vertex 128.85145237354146 -449.71841674892215 128.44314975055633
    vertex 135.87553338622175 -449.2416608811281 134.58855110679283
  endloop
endfacet
facet normal 0.5609855267969908 0.6087614290085315 -0.5609855267970766
  outer loop
    vertex 128.85145237354084 -453.96105743604244 138.7436905286665
    vertex 128.85145237354143 -453.3397370924831 139.41792514284177
    vertex 132.5281319500501 -453.96105743604267 142.4203701051755
  endloop
endfacet
facet normal 0.5609855267969908 0.6087614290085315 -0.5609855267970766
  outer loop
    vertex 132.33065320366975 -453.3397370924825 142.89712597296963
    vertex 132.5281319500501 -453.96105743604267 142.4203701051755
    vertex 128.85145237354143 -453.3397370924831 139.41792514284177
  endloop
endfacet
facet normal 0.5609855267970943 -0.6087614290083712 -0.5609855267971471
  outer loop
    vertex 128.85145237354146 -449.71841674892215 128.44314975055633
    vertex 135.5705459607165 -449.71841674892215 135.1622433377307
    vertex 128.85145237354146 -450.33973709248244 129.11738436473098
  endloop
endfacet
facet normal 0.5609855267970943 -0.6087614290083712 -0.5609855267971471
  outer loop
    vertex 135.464102894711 -449.9732251471966 135.3323092318448
    vertex 128.85145237354146 -450.33973709248244 129.11738436473098
    vertex 135.5705459607165 -449.71841674892215 135.1622433377307
  endloop
endfacet
facet normal 0.5609855267970943 -0.6087614290083712 -0.5609855267971471
  outer loop
    vertex 135.34761174769005 -450.3397370924815 135.61354373887812
    vertex 128.85145237354146 -450.33973709248244 129.11738436473098
    vertex 135.464102894711 -449.9732251471966 135.3323092318448
  endloop
endfacet
facet normal -0.0922959556418072 0.9914448613737049 0.09229595564183983
  outer loop
    vertex 128.85145237354138 -461.73751457134904 124.34507353920371
    vertex 128.8514523735414 -461.83973709248215 125.44314975055143
    vertex 137.148568986243 -461.7375145713493 132.6421901519035
  endloop
endfacet
facet normal -0.0922959556418072 0.9914448613737049 0.09229595564183983
  outer loop
    vertex 136.67181311845184 -461.8397370924821 133.26351049546028
    vertex 137.148568986243 -461.7375145713493 132.6421901519035
    vertex 128.8514523735414 -461.83973709248215 125.44314975055143
  endloop
endfacet
facet normal 0.7010573846500183 -0.13052619221981157 -0.7010573846499822
  outer loop
    vertex 135.18112946339164 -458.8397370924833 136.01546752752665
    vertex 128.8514523735414 -458.8397370924828 129.68579043767676
    vertex 135.22347141802382 -458.063279957175 135.91324500639377
  endloop
endfacet
facet normal 0.7010573846500183 -0.13052619221981157 -0.7010573846499822
  outer loop
    vertex 128.8514523735414 -458.0632799571747 129.5412259619102
    vertex 135.22347141802382 -458.063279957175 135.91324500639377
    vertex 128.8514523735414 -458.8397370924828 129.68579043767676
  endloop
endfacet
facet normal 0.6532814824379611 0.3826834323657715 -0.6532814824380162
  outer loop
    vertex 132.33065320366921 -460.33973709248323 142.89712597296943
    vertex 128.8514523735414 -460.33973709248295 139.4179251428411
    vertex 132.20651287400472 -459.6161942277902 143.19682724048377
  endloop
endfacet
facet normal 0.6532814824379611 0.3826834323657715 -0.6532814824380162
  outer loop
    vertex 128.8514523735414 -459.6161942277902 139.84176674002177
    vertex 132.20651287400472 -459.6161942277902 143.19682724048377
    vertex 128.8514523735414 -460.33973709248295 139.4179251428411
  endloop
endfacet
facet normal -0.6532814824380699 -0.3826834323655288 0.6532814824380495
  outer loop
    vertex 138.45109023986123 -451.0632799571758 130.94471140552375
    vertex 138.26706934369673 -450.33973709248323 131.18453210653823
    vertex 128.8514523735414 -451.0632799571752 121.34507353920381
  endloop
endfacet
facet normal -0.6532814824380699 -0.3826834323655288 0.6532814824380495
  outer loop
    vertex 128.85145237354143 -450.33973709248335 121.7689151363828
    vertex 128.8514523735414 -451.0632799571752 121.34507353920381
    vertex 138.26706934369673 -450.33973709248323 131.18453210653823
  endloop
endfacet
facet normal -0.6532814824380635 0.3826834323654816 0.6532814824380835
  outer loop
    vertex 138.45109023986174 -459.6161942277888 130.94471140552375
    vertex 128.85145237354138 -459.6161942277901 121.3450735392043
    vertex 138.26706934369727 -460.3397370924816 131.18453210653843
  endloop
endfacet
facet normal -0.6532814824380635 0.3826834323654816 0.6532814824380835
  outer loop
    vertex 128.85145237354138 -460.3397370924825 121.76891513638348
    vertex 138.26706934369727 -460.3397370924816 131.18453210653843
    vertex 128.85145237354138 -459.6161942277901 121.3450735392043
  endloop
endfacet
facet normal 0.2705980500726853 -0.9238795325115556 -0.2705980500725933
  outer loop
    vertex 128.85145237354143 -455.94195961361504 136.8417667400189
    vertex 133.0851925304453 -455.94195961361504 141.07550689692238
    vertex 128.85145237354143 -456.24166088112867 137.86501087222493
  endloop
endfacet
facet normal 0.2705980500726853 -0.9238795325115556 -0.2705980500725933
  outer loop
    vertex 132.78549126293166 -456.24166088112787 141.79904976161535
    vertex 128.85145237354143 -456.24166088112867 137.86501087222493
    vertex 133.0851925304453 -455.94195961361504 141.07550689692238
  endloop
endfacet
facet normal 0.09229595564074349 0.991444861373904 -0.09229595564076559
  outer loop
    vertex 128.85145237354143 -454.8397370924822 125.4431497505514
    vertex 128.85145237354143 -454.73751457135 126.54122596190811
    vertex 136.67181311845127 -454.8397370924825 133.2635104954601
  endloop
endfacet
facet normal 0.09229595564074349 0.991444861373904 -0.09229595564076559
  outer loop
    vertex 136.19505725065662 -454.7375145713498 133.88483083902148
    vertex 136.67181311845127 -454.8397370924825 133.2635104954601
    vertex 128.85145237354143 -454.73751457135 126.54122596190811
  endloop
endfacet
facet normal -0.6532814824381663 0.38268343236531827 0.6532814824380764
  outer loop
    vertex 134.48297000931103 -460.33973709248204 137.70097355026465
    vertex 134.60711033897607 -459.61619422778966 137.40127228275043
    vertex 128.8514523735414 -460.33973709248187 132.06945591449372
  endloop
endfacet
facet normal -0.6532814824381663 0.38268343236531827 0.6532814824380764
  outer loop
    vertex 128.8514523735414 -459.61619422778966 131.6456143173154
    vertex 128.8514523735414 -460.33973709248187 132.06945591449372
    vertex 134.60711033897607 -459.61619422778966 137.40127228275043
  endloop
endfacet
facet normal -0.5609855267982095 -0.6087614290064359 0.5609855267981321
  outer loop
    vertex 128.8514523735414 -457.33973709248363 132.0694559144942
    vertex 134.48297000931103 -457.33973709248363 137.70097355026417
    vertex 128.85145237354143 -456.7184167489232 132.74369052866555
  endloop
endfacet
facet normal -0.5609855267982095 -0.6087614290064359 0.5609855267981321
  outer loop
    vertex 134.28549126293072 -456.71841674892397 138.17772941805512
    vertex 128.85145237354143 -456.7184167489232 132.74369052866555
    vertex 134.48297000931103 -457.33973709248363 137.70097355026417
  endloop
endfacet
facet normal -0.43045933457719066 0.7933533402908894 0.4304593345772053
  outer loop
    vertex 128.85145237354138 -460.96105743604153 122.44314975055465
    vertex 128.85145237354138 -461.43781330383536 123.32182940699532
    vertex 137.97433437206826 -460.96105743604153 131.56603174908224
  endloop
endfacet
facet normal -0.43045933457719066 0.7933533402908894 0.4304593345772053
  outer loop
    vertex 137.59283472952407 -461.4378133038353 132.06321176297638
    vertex 137.97433437206826 -460.96105743604153 131.56603174908224
    vertex 128.85145237354138 -461.43781330383536 123.32182940699532
  endloop
endfacet
facet normal -0.5609855267977499 0.6087614290072354 0.560985526797724
  outer loop
    vertex 128.85145237354138 -460.3397370924825 121.76891513638348
    vertex 128.85145237354138 -460.96105743604153 122.44314975055465
    vertex 138.26706934369727 -460.3397370924816 131.18453210653843
  endloop
endfacet
facet normal -0.5609855267977499 0.6087614290072354 0.560985526797724
  outer loop
    vertex 137.97433437206826 -460.96105743604153 131.56603174908224
    vertex 138.26706934369727 -460.3397370924816 131.18453210653843
    vertex 128.85145237354138 -460.96105743604153 122.44314975055465
  endloop
endfacet
facet normal -0.2705980500736346 -0.9238795325109532 0.27059805007370114
  outer loop
    vertex 128.8514523735414 -456.24166088113003 123.32182940699582
    vertex 137.5928347295241 -456.24166088113 132.06321176297683
    vertex 128.8514523735414 -455.9419596136152 124.34507353920324
  endloop
endfacet
facet normal -0.2705980500736346 -0.9238795325109532 0.27059805007370114
  outer loop
    vertex 137.14856898624302 -455.9419596136148 132.64219015190358
    vertex 128.8514523735414 -455.9419596136152 124.34507353920324
    vertex 137.5928347295241 -456.24166088113 132.06321176297683
  endloop
endfacet
facet normal -0.5609855267981144 -0.6087614290064937 0.5609855267981643
  outer loop
    vertex 128.85145237354138 -457.33973709248374 121.76891513638316
    vertex 138.26706934369668 -457.33973709248346 131.18453210653865
    vertex 128.8514523735414 -456.7184167489238 122.443149750555
  endloop
endfacet
facet normal -0.5609855267981144 -0.6087614290064937 0.5609855267981643
  outer loop
    vertex 137.97433437206945 -456.7184167489238 131.56603174908156
    vertex 128.8514523735414 -456.7184167489238 122.443149750555
    vertex 138.26706934369668 -457.33973709248346 131.18453210653865
  endloop
endfacet
facet normal 0.09229595564097663 -0.991444861373858 -0.09229595564102652
  outer loop
    vertex 128.85145237354146 -448.8397370924822 125.44314975055134
    vertex 136.7773322121435 -448.83973709248244 133.36902958915212
    vertex 128.85145237354146 -448.941959613615 126.54122596190777
  endloop
endfacet
facet normal 0.09229595564097663 -0.991444861373858 -0.09229595564102652
  outer loop
    vertex 136.29106020720025 -448.94195961361527 133.98083379556485
    vertex 128.85145237354146 -448.941959613615 126.54122596190777
    vertex 136.7773322121435 -448.83973709248244 133.36902958915212
  endloop
endfacet
facet normal -0.7010573846499 0.1305261922208052 0.7010573846499156
  outer loop
    vertex 138.51385634059625 -458.83973709248284 130.86291303049217
    vertex 128.85145237354138 -458.83973709248284 121.20050906343711
    vertex 138.45109023986174 -459.6161942277888 130.94471140552375
  endloop
endfacet
facet normal -0.7010573846499 0.1305261922208052 0.7010573846499156
  outer loop
    vertex 128.85145237354138 -459.6161942277901 121.3450735392043
    vertex 138.45109023986174 -459.6161942277888 130.94471140552375
    vertex 128.85145237354138 -458.83973709248284 121.20050906343711
  endloop
endfacet
facet normal 0.09229595564087761 -0.9914448613738857 -0.09229595564083044
  outer loop
    vertex 128.85145237354143 -455.8397370924824 125.4431497505514
    vertex 136.67181311845187 -455.839737092482 133.26351049546037
    vertex 128.85145237354143 -455.9419596136151 126.54122596190783
  endloop
endfacet
facet normal 0.09229595564087761 -0.9914448613738857 -0.09229595564083044
  outer loop
    vertex 136.19505725065662 -455.9419596136145 133.88483083902221
    vertex 128.85145237354143 -455.9419596136151 126.54122596190783
    vertex 136.67181311845187 -455.839737092482 133.26351049546037
  endloop
endfacet
facet normal -0.7010573846498969 0.13052619222088538 0.7010573846499036
  outer loop
    vertex 138.51385634059628 -451.8397370924824 130.86291303049205
    vertex 128.8514523735414 -451.8397370924821 121.2005090634371
    vertex 138.45109023986123 -452.6161942277887 130.9447114055235
  endloop
endfacet
facet normal -0.7010573846498969 0.13052619222088538 0.7010573846499036
  outer loop
    vertex 128.8514523735414 -452.6161942277896 121.34507353920412
    vertex 138.45109023986123 -452.6161942277887 130.9447114055235
    vertex 128.8514523735414 -451.8397370924821 121.2005090634371
  endloop
endfacet
facet normal -0.6532814824380279 -0.3826834323656641 0.6532814824380124
  outer loop
    vertex 138.4510902398612 -458.0632799571759 130.94471140552403
    vertex 138.26706934369668 -457.33973709248346 131.18453210653865
    vertex 128.85145237354138 -458.0632799571753 121.34507353920412
  endloop
endfacet
facet normal -0.6532814824380279 -0.3826834323656641 0.6532814824380124
  outer loop
    vertex 128.85145237354138 -457.33973709248374 121.76891513638316
    vertex 128.85145237354138 -458.0632799571753 121.34507353920412
    vertex 138.26706934369668 -457.33973709248346 131.18453210653865
  endloop
endfacet
facet normal -0.43045933457678265 -0.7933533402912976 0.43045933457686103
  outer loop
    vertex 128.8514523735414 -456.7184167489238 122.443149750555
    vertex 137.97433437206945 -456.7184167489238 131.56603174908156
    vertex 128.8514523735414 -456.24166088113003 123.32182940699582
  endloop
endfacet
facet normal -0.43045933457678265 -0.7933533402912976 0.43045933457686103
  outer loop
    vertex 137.5928347295241 -456.24166088113 132.06321176297683
    vertex 128.8514523735414 -456.24166088113003 123.32182940699582
    vertex 137.97433437206945 -456.7184167489238 131.56603174908156
  endloop
endfacet
facet normal 0.27059805007198257 0.9238795325119422 -0.2705980500719764
  outer loop
    vertex 128.8514523735414 -461.7375145713493 126.54122596190768
    vertex 128.8514523735414 -461.4378133038367 127.56447009411399
    vertex 136.1950572506566 -461.7375145713496 133.88483083902148
  endloop
endfacet
facet normal 0.27059805007198257 0.9238795325119422 -0.2705980500719764
  outer loop
    vertex 135.90954429042318 -461.5449077873081 134.25691857307197
    vertex 136.1950572506566 -461.7375145713496 133.88483083902148
    vertex 128.8514523735414 -461.4378133038367 127.56447009411399
  endloop
endfacet
facet normal 0.27059805007198257 0.9238795325119422 -0.2705980500719764
  outer loop
    vertex 135.80244980695184 -461.437813303837 134.51546752752378
    vertex 135.90954429042318 -461.5449077873081 134.25691857307197
    vertex 128.8514523735414 -461.4378133038367 127.56447009411399
  endloop
endfacet
facet normal 0.2705980500724851 -0.9238795325116522 -0.27059805007246407
  outer loop
    vertex 128.85145237354143 -455.9419596136151 126.54122596190783
    vertex 136.19505725065662 -455.9419596136145 133.88483083902221
    vertex 128.85145237354084 -456.24166088112827 127.564470094114
  endloop
endfacet
facet normal 0.2705980500724851 -0.9238795325116522 -0.27059805007246407
  outer loop
    vertex 135.9095442904232 -456.1345663976571 134.256918573072
    vertex 128.85145237354084 -456.24166088112827 127.564470094114
    vertex 136.19505725065662 -455.9419596136145 133.88483083902221
  endloop
endfacet
facet normal 0.2705980500724851 -0.9238795325116522 -0.27059805007246407
  outer loop
    vertex 135.80244980695184 -456.2416608811276 134.51546752752412
    vertex 128.85145237354084 -456.24166088112827 127.564470094114
    vertex 135.9095442904232 -456.1345663976571 134.256918573072
  endloop
endfacet
facet normal 0.27059805007226145 -0.9238795325117587 -0.2705980500723241
  outer loop
    vertex 128.85145237354146 -448.941959613615 126.54122596190777
    vertex 136.29106020720025 -448.94195961361527 133.98083379556485
    vertex 128.85145237354084 -449.2416608811281 127.56447009411394
  endloop
endfacet
facet normal 0.27059805007226145 -0.9238795325117587 -0.2705980500723241
  outer loop
    vertex 136.0065323588794 -449.12256012438905 134.31291466050348
    vertex 128.85145237354084 -449.2416608811281 127.56447009411394
    vertex 136.29106020720025 -448.94195961361527 133.98083379556485
  endloop
endfacet
facet normal 0.27059805007226145 -0.9238795325117587 -0.2705980500723241
  outer loop
    vertex 135.87553338622175 -449.2416608811281 134.58855110679283
    vertex 128.85145237354084 -449.2416608811281 127.56447009411394
    vertex 136.0065323588794 -449.12256012438905 134.31291466050348
  endloop
endfacet
facet normal -0.2705980500734907 -0.9238795325110465 0.2705980500735263
  outer loop
    vertex 128.85145237354143 -449.2416608811299 123.32182940699575
    vertex 137.66093778364194 -449.24166088112986 132.13131481709485
    vertex 128.85145237354143 -448.941959613615 124.34507353920317
  endloop
endfacet
facet normal -0.2705980500734907 -0.9238795325110465 0.2705980500735263
  outer loop
    vertex 137.24457194278665 -448.94195961361527 132.73819310844686
    vertex 128.85145237354143 -448.941959613615 124.34507353920317
    vertex 137.66093778364194 -449.24166088112986 132.13131481709485
  endloop
endfacet
facet normal -0.09229595564165957 -0.9914448613737302 0.09229595564171594
  outer loop
    vertex 128.8514523735414 -455.9419596136152 124.34507353920324
    vertex 137.14856898624302 -455.9419596136148 132.64219015190358
    vertex 128.85145237354143 -455.8397370924824 125.4431497505514
  endloop
endfacet
facet normal -0.09229595564165957 -0.9914448613737302 0.09229595564171594
  outer loop
    vertex 136.67181311845187 -455.839737092482 133.26351049546037
    vertex 128.85145237354143 -455.8397370924824 125.4431497505514
    vertex 137.14856898624302 -455.9419596136148 132.64219015190358
  endloop
endfacet
facet normal -0.43045933457676905 -0.793353340291318 0.4304593345768371
  outer loop
    vertex 128.85145237354143 -449.7184167489237 122.44314975055492
    vertex 137.9980550907294 -449.7184167489237 131.5897524677416
    vertex 128.85145237354143 -449.2416608811299 123.32182940699575
  endloop
endfacet
facet normal -0.43045933457676905 -0.793353340291318 0.4304593345768371
  outer loop
    vertex 137.66093778364194 -449.24166088112986 132.13131481709485
    vertex 128.85145237354143 -449.2416608811299 123.32182940699575
    vertex 137.9980550907294 -449.7184167489237 131.5897524677416
  endloop
endfacet
facet normal -0.09229595564169299 -0.9914448613737304 0.09229595564167908
  outer loop
    vertex 128.85145237354143 -448.941959613615 124.34507353920317
    vertex 137.24457194278665 -448.94195961361527 132.73819310844686
    vertex 128.85145237354146 -448.8397370924822 125.44314975055134
  endloop
endfacet
facet normal -0.09229595564169299 -0.9914448613737304 0.09229595564167908
  outer loop
    vertex 136.7773322121435 -448.83973709248244 133.36902958915212
    vertex 128.85145237354146 -448.8397370924822 125.44314975055134
    vertex 137.24457194278665 -448.94195961361527 132.73819310844686
  endloop
endfacet
facet normal -0.7010573846498966 -0.13052619222101053 0.7010573846498808
  outer loop
    vertex 128.85145237354138 -458.83973709248284 121.20050906343711
    vertex 138.51385634059625 -458.83973709248284 130.86291303049217
    vertex 128.85145237354138 -458.0632799571753 121.34507353920412
  endloop
endfacet
facet normal -0.7010573846498966 -0.13052619222101053 0.7010573846498808
  outer loop
    vertex 138.4510902398612 -458.0632799571759 130.94471140552403
    vertex 128.85145237354138 -458.0632799571753 121.34507353920412
    vertex 138.51385634059625 -458.83973709248284 130.86291303049217
  endloop
endfacet
facet normal -0.5609855267979635 -0.6087614290068013 0.5609855267979814
  outer loop
    vertex 128.85145237354143 -450.33973709248335 121.7689151363828
    vertex 138.26706934369673 -450.33973709248323 131.18453210653823
    vertex 128.85145237354143 -449.7184167489237 122.44314975055492
  endloop
endfacet
facet normal -0.5609855267979635 -0.6087614290068013 0.5609855267979814
  outer loop
    vertex 138.0943873045246 -449.97322514719724 131.4095757214204
    vertex 128.85145237354143 -449.7184167489237 122.44314975055492
    vertex 138.26706934369673 -450.33973709248323 131.18453210653823
  endloop
endfacet
facet normal -0.5609855267979635 -0.6087614290068013 0.5609855267979814
  outer loop
    vertex 137.9980550907294 -449.7184167489237 131.5897524677416
    vertex 128.85145237354143 -449.7184167489237 122.44314975055492
    vertex 138.0943873045246 -449.97322514719724 131.4095757214204
  endloop
endfacet
facet normal 0.09229595564088622 0.991444861373879 -0.0922959556408913
  outer loop
    vertex 128.8514523735414 -461.83973709248215 125.44314975055143
    vertex 128.8514523735414 -461.7375145713493 126.54122596190768
    vertex 136.67181311845184 -461.8397370924821 133.26351049546028
  endloop
endfacet
facet normal 0.09229595564088622 0.991444861373879 -0.0922959556408913
  outer loop
    vertex 136.1950572506566 -461.7375145713496 133.88483083902148
    vertex 136.67181311845184 -461.8397370924821 133.26351049546028
    vertex 128.8514523735414 -461.7375145713493 126.54122596190768
  endloop
endfacet
facet normal 0.5609855267972099 -0.6087614290081769 -0.560985526797242
  outer loop
    vertex 128.85145237354084 -449.71841674892175 138.74369052866666
    vertex 132.5535874166956 -449.71841674892175 142.4458255718211
    vertex 128.85145237354146 -450.3397370924823 139.41792514284205
  endloop
endfacet
facet normal 0.5609855267972099 -0.6087614290081769 -0.560985526797242
  outer loop
    vertex 132.44714435069017 -449.97322514719656 142.61589146593602
    vertex 128.85145237354146 -450.3397370924823 139.41792514284205
    vertex 132.5535874166956 -449.71841674892175 142.4458255718211
  endloop
endfacet
facet normal 0.5609855267972099 -0.6087614290081769 -0.560985526797242
  outer loop
    vertex 132.33065320366978 -450.3397370924817 142.89712597296935
    vertex 128.85145237354146 -450.3397370924823 139.41792514284205
    vertex 132.44714435069017 -449.97322514719656 142.61589146593602
  endloop
endfacet
facet normal 0.09229595564085034 0.9914448613738969 -0.09229595564073548
  outer loop
    vertex 128.85145237354143 -454.8397370924822 135.7436905286626
    vertex 128.85145237354143 -454.73751457134966 136.8417667400191
    vertex 133.40681160649183 -454.8397370924828 140.2990497616126
  endloop
endfacet
facet normal 0.09229595564085034 0.9914448613738969 -0.09229595564073548
  outer loop
    vertex 133.0851925304453 -454.7375145713502 141.07550689692252
    vertex 133.40681160649183 -454.8397370924828 140.2990497616126
    vertex 128.85145237354143 -454.73751457134966 136.8417667400191
  endloop
endfacet
facet normal 0.43045933457641855 0.793353340291727 -0.4304593345764337
  outer loop
    vertex 128.85145237354084 -454.43781330383626 137.86501087222481
    vertex 128.85145237354084 -453.96105743604244 138.7436905286665
    vertex 132.78549126293166 -454.43781330383655 141.79904976161464
  endloop
endfacet
facet normal 0.43045933457641855 0.793353340291727 -0.4304593345764337
  outer loop
    vertex 132.5281319500501 -453.96105743604267 142.4203701051755
    vertex 132.78549126293166 -454.43781330383655 141.79904976161464
    vertex 128.85145237354084 -453.96105743604244 138.7436905286665
  endloop
endfacet
facet normal 0.6532814824378403 -0.38268343236626734 -0.6532814824378465
  outer loop
    vertex 135.34761174769 -457.33973709248164 135.61354373887835
    vertex 135.22347141802382 -458.063279957175 135.91324500639377
    vertex 128.8514523735414 -457.33973709248227 129.11738436473118
  endloop
endfacet
facet normal 0.6532814824378403 -0.38268343236626734 -0.6532814824378465
  outer loop
    vertex 128.8514523735414 -458.0632799571747 129.5412259619102
    vertex 128.8514523735414 -457.33973709248227 129.11738436473118
    vertex 135.22347141802382 -458.063279957175 135.91324500639377
  endloop
endfacet
facet normal -0.270598050072577 0.9238795325115734 0.2705980500726414
  outer loop
    vertex 128.85145237354138 -461.43781330383536 123.32182940699532
    vertex 128.85145237354138 -461.73751457134904 124.34507353920371
    vertex 137.59283472952407 -461.4378133038353 132.06321176297638
  endloop
endfacet
facet normal -0.270598050072577 0.9238795325115734 0.2705980500726414
  outer loop
    vertex 137.148568986243 -461.7375145713493 132.6421901519035
    vertex 137.59283472952407 -461.4378133038353 132.06321176297638
    vertex 128.85145237354138 -461.73751457134904 124.34507353920371
  endloop
endfacet
facet normal -0.7010573846499074 -0.1305261922208901 0.7010573846498924
  outer loop
    vertex 138.51385634059628 -451.8397370924824 130.86291303049205
    vertex 138.45109023986123 -451.0632799571758 130.94471140552375
    vertex 128.8514523735414 -451.8397370924821 121.2005090634371
  endloop
endfacet
facet normal -0.7010573846499074 -0.1305261922208901 0.7010573846498924
  outer loop
    vertex 128.8514523735414 -451.0632799571752 121.34507353920381
    vertex 128.8514523735414 -451.8397370924821 121.2005090634371
    vertex 138.45109023986123 -451.0632799571758 130.94471140552375
  endloop
endfacet
facet normal 0.6532814824378462 0.3826834323663258 -0.6532814824378065
  outer loop
    vertex 135.34761174769002 -453.3397370924834 135.61354373887815
    vertex 128.85145237354143 -453.33973709248346 129.11738436473067
    vertex 135.22347141802382 -452.61619422779097 135.91324500639374
  endloop
endfacet
facet normal 0.6532814824378462 0.3826834323663258 -0.6532814824378065
  outer loop
    vertex 128.85145237354143 -452.61619422779097 129.5412259619093
    vertex 135.22347141802382 -452.61619422779097 135.91324500639374
    vertex 128.85145237354143 -453.33973709248346 129.11738436473067
  endloop
endfacet
facet normal 0.27059805007259763 0.9238795325115594 -0.2705980500726682
  outer loop
    vertex 128.85145237354143 -454.73751457135 126.54122596190811
    vertex 128.85145237354143 -454.4378133038366 127.56447009411394
    vertex 136.19505725065662 -454.7375145713498 133.88483083902148
  endloop
endfacet
facet normal 0.27059805007259763 0.9238795325115594 -0.2705980500726682
  outer loop
    vertex 135.9095442904232 -454.54490778730764 134.256918573072
    vertex 136.19505725065662 -454.7375145713498 133.88483083902148
    vertex 128.85145237354143 -454.4378133038366 127.56447009411394
  endloop
endfacet
facet normal 0.27059805007259763 0.9238795325115594 -0.2705980500726682
  outer loop
    vertex 135.80244980695184 -454.4378133038366 134.5154675275233
    vertex 135.9095442904232 -454.54490778730764 134.256918573072
    vertex 128.85145237354143 -454.4378133038366 127.56447009411394
  endloop
endfacet
facet normal -0.2705980500730614 0.9238795325112993 0.2705980500730927
  outer loop
    vertex 128.8514523735414 -454.4378133038352 123.32182940699525
    vertex 128.8514523735414 -454.7375145713489 124.34507353920365
    vertex 137.5928347295235 -454.43781330383456 132.06321176297675
  endloop
endfacet
facet normal -0.2705980500730614 0.9238795325112993 0.2705980500730927
  outer loop
    vertex 137.14856898624302 -454.7375145713495 132.6421901519034
    vertex 137.5928347295235 -454.43781330383456 132.06321176297675
    vertex 128.8514523735414 -454.7375145713489 124.34507353920365
  endloop
endfacet
facet normal 1.0 -3.818814655899345e-15 -7.658378539657567e-13
  outer loop
    vertex 303.8931781698173 -472.47448519652835 155.0000000000161
    vertex 303.89317816977893 -472.47448519652716 105.00000000001619
    vertex 303.8931781698173 -461.3255148034858 155.000000000016
  endloop
endfacet
facet normal 1.0 -3.818814655899345e-15 -7.658378539657567e-13
  outer loop
    vertex 303.89317816977893 -461.3255148034845 105.0000000000161
    vertex 303.8931781698173 -461.3255148034858 155.000000000016
    vertex 303.89317816977893 -472.47448519652716 105.00000000001619
  endloop
endfacet
facet normal -1.5098680586108416e-14 -0.9999999999999999 -2.487804505784914e-14
  outer loop
    vertex 304.89317816977893 -461.3255148034845 105.00000000001538
    vertex 304.89317816981736 -461.3255148034858 155.0000000000153
    vertex 303.89317816977893 -461.3255148034845 105.0000000000161
  endloop
endfacet
facet normal -1.5098680586108416e-14 -0.9999999999999999 -2.487804505784914e-14
  outer loop
    vertex 303.8931781698173 -461.3255148034858 155.000000000016
    vertex 303.89317816977893 -461.3255148034845 105.0000000000161
    vertex 304.89317816981736 -461.3255148034858 155.0000000000153
  endloop
endfacet
facet normal 9.45874762103521e-15 0.9999999999999999 2.4878045057853464e-14
  outer loop
    vertex 304.89317816977893 -472.6744851965271 105.00000000001484
    vertex 303.89317816977893 -472.6744851965271 105.00000000001619
    vertex 304.89317816981725 -472.6744851965284 155.00000000001475
  endloop
endfacet
facet normal 9.45874762103521e-15 0.9999999999999999 2.4878045057853464e-14
  outer loop
    vertex 303.8931781698173 -472.6744851965284 155.00000000001612
    vertex 304.89317816981725 -472.6744851965284 155.00000000001475
    vertex 303.89317816977893 -472.6744851965271 105.00000000001619
  endloop
endfacet
facet normal 1.0 1.0897984464601038e-13 -7.658378539657535e-13
  outer loop
    vertex 303.8931781698173 -472.6744851965284 155.00000000001612
    vertex 303.89317816977893 -472.6744851965271 105.00000000001619
    vertex 303.8931781698173 -472.47448519652835 155.0000000000161
  endloop
endfacet
facet normal 1.0 1.0897984464601038e-13 -7.658378539657535e-13
  outer loop
    vertex 303.89317816977893 -472.47448519652716 105.00000000001619
    vertex 303.8931781698173 -472.47448519652835 155.0000000000161
    vertex 303.89317816977893 -472.6744851965271 105.00000000001619
  endloop
endfacet
facet normal 1.0 -1.7772524260564127e-12 -3.8407055313880506e-13
  outer loop
    vertex 304.8931781697789 -483.4999999999959 155.00000000001617
    vertex 304.8931781697788 -483.49999999999596 105.00000000001086
    vertex 304.89317816981725 -472.6744851965284 155.00000000001475
  endloop
endfacet
facet normal 1.0 -1.7772524260564127e-12 -3.8407055313880506e-13
  outer loop
    vertex 304.89317816977893 -472.6744851965271 105.00000000001484
    vertex 304.89317816981725 -472.6744851965284 155.00000000001475
    vertex 304.8931781697788 -483.49999999999596 105.00000000001086
  endloop
endfacet
endsolid DIY Perks 3D Printed Speaker - Sketchup Model
