solid DIY Perks 3D Printed Speaker - Sketchup Model
facet normal -0.8700869911086766 0.4928981922298456 2.853596569436764e-14
  outer loop
    vertex 425.3417241104996 -572.212853157177 97.70000000018096
    vertex 424.25305466483616 -574.1346234887021 105.7000000001762
    vertex 425.34172411049997 -572.212853157177 105.7000000001762
  endloop
endfacet
facet normal -0.8700869911086766 0.4928981922298456 2.853596569436764e-14
  outer loop
    vertex 424.25305466483616 -574.1346234887021 105.7000000001762
    vertex 425.3417241104996 -572.212853157177 97.70000000018096
    vertex 424.2530546648358 -574.1346234887021 97.70000000018096
  endloop
endfacet
facet normal -0.999698818696204 0.024541228522923685 3.513983942577018e-14
  outer loop
    vertex 430.6552672148236 -551.0000000000073 97.70000000018095
    vertex 430.60106274405666 -553.2080453447411 105.7000000001762
    vertex 430.6552672148238 -551.0000000000072 105.7000000001762
  endloop
endfacet
facet normal -0.999698818696204 0.024541228522923685 3.513983942577018e-14
  outer loop
    vertex 430.60106274405666 -553.2080453447411 105.7000000001762
    vertex 430.6552672148236 -551.0000000000073 97.70000000018095
    vertex 430.60106274405626 -553.2080453447411 97.70000000018095
  endloop
endfacet
facet normal 0.7883464276263987 0.6152315905808928 5.289718276627483e-14
  outer loop
    vertex 349.99503693656015 -578.426796594104 105.70000000017606
    vertex 349.5109282981955 -577.8064687021667 97.70000000018096
    vertex 349.5109282981949 -577.8064687021666 105.7000000001762
  endloop
endfacet
facet normal 0.7883464276263987 0.6152315905808928 5.289718276627483e-14
  outer loop
    vertex 349.5109282981955 -577.8064687021667 97.70000000018096
    vertex 349.99503693656015 -578.426796594104 105.70000000017606
    vertex 349.9950369365607 -578.4267965941041 97.70000000018096
  endloop
endfacet
facet normal -0.35989503653497334 0.9329927988347445 1.0745506580308092e-14
  outer loop
    vertex 400.81531061747376 -593.3694829332431 105.70000000017622
    vertex 402.8760216712526 -592.5745789630151 97.70000000018096
    vertex 400.8153106174734 -593.3694829332431 97.70000000018096
  endloop
endfacet
facet normal -0.35989503653497334 0.9329927988347445 1.0745506580308092e-14
  outer loop
    vertex 402.8760216712526 -592.5745789630151 97.70000000018096
    vertex 400.81531061747376 -593.3694829332431 105.70000000017622
    vertex 402.876021671253 -592.5745789630151 105.70000000017622
  endloop
endfacet
facet normal -0.9637760657954374 -0.26671275747490775 3.463508807679377e-14
  outer loop
    vertex 428.71758232277284 -537.9371895235564 97.70000000018094
    vertex 429.3066736085783 -540.0658919043603 105.7000000001762
    vertex 428.71758232277324 -537.9371895235564 105.7000000001762
  endloop
endfacet
facet normal -0.9637760657954374 -0.26671275747490775 3.463508807679377e-14
  outer loop
    vertex 429.3066736085783 -540.0658919043603 105.7000000001762
    vertex 428.71758232277284 -537.9371895235564 97.70000000018094
    vertex 429.30667360857797 -540.0658919043603 97.70000000018094
  endloop
endfacet
facet normal 0.0 4.163336342344336e-16 1.0
  outer loop
    vertex 418.672905305029 -520.4318516525854 99.70000000018175
    vertex 417.637629124619 -520.4318516525854 99.70000000018175
    vertex 418.15526721482405 -520.5000000000073 99.70000000018175
  endloop
endfacet
facet normal 0.0 4.163336342344336e-16 1.0
  outer loop
    vertex 417.637629124619 -520.4318516525854 99.70000000018175
    vertex 418.672905305029 -520.4318516525854 99.70000000018175
    vertex 419.15526721482405 -520.2320508075761 99.70000000018175
  endloop
endfacet
facet normal 0.0 4.163336342344336e-16 1.0
  outer loop
    vertex 417.637629124619 -520.4318516525854 99.70000000018175
    vertex 419.15526721482405 -520.2320508075761 99.70000000018175
    vertex 417.1552672148243 -520.2320508075761 99.70000000018175
  endloop
endfacet
facet normal 0.0 4.163336342344336e-16 1.0
  outer loop
    vertex 417.1552672148243 -520.2320508075761 99.70000000018175
    vertex 419.15526721482405 -520.2320508075761 99.70000000018175
    vertex 419.5694807771973 -519.9142135623804 99.70000000018175
  endloop
endfacet
facet normal 0.0 4.163336342344336e-16 1.0
  outer loop
    vertex 417.1552672148243 -520.2320508075761 99.70000000018175
    vertex 419.5694807771973 -519.9142135623804 99.70000000018175
    vertex 416.7410536524511 -519.9142135623804 99.70000000018175
  endloop
endfacet
facet normal 0.0 4.163336342344336e-16 1.0
  outer loop
    vertex 416.7410536524511 -519.9142135623804 99.70000000018175
    vertex 419.5694807771973 -519.9142135623804 99.70000000018175
    vertex 419.88731802239306 -519.5000000000072 99.70000000018175
  endloop
endfacet
facet normal 0.0 4.163336342344336e-16 1.0
  outer loop
    vertex 416.7410536524511 -519.9142135623804 99.70000000018175
    vertex 419.88731802239306 -519.5000000000072 99.70000000018175
    vertex 416.42321640725515 -519.5000000000072 99.70000000018175
  endloop
endfacet
facet normal 0.0 4.163336342344336e-16 1.0
  outer loop
    vertex 416.42321640725515 -519.5000000000072 99.70000000018175
    vertex 419.88731802239306 -519.5000000000072 99.70000000018175
    vertex 416.22341556224575 -519.0176380902122 99.70000000018175
  endloop
endfacet
facet normal 0.0 4.163336342344336e-16 1.0
  outer loop
    vertex 416.22341556224575 -519.0176380902122 99.70000000018175
    vertex 419.88731802239306 -519.5000000000072 99.70000000018175
    vertex 420.0871188674023 -519.0176380902122 99.70000000018175
  endloop
endfacet
facet normal 0.0 4.163336342344336e-16 1.0
  outer loop
    vertex 416.22341556224575 -519.0176380902122 99.70000000018175
    vertex 420.0871188674023 -519.0176380902122 99.70000000018175
    vertex 420.1552672148242 -518.5000000000073 99.70000000018175
  endloop
endfacet
facet normal 0.0 4.163336342344336e-16 1.0
  outer loop
    vertex 416.22341556224575 -519.0176380902122 99.70000000018175
    vertex 420.1552672148242 -518.5000000000073 99.70000000018175
    vertex 416.15526721482405 -518.5000000000073 99.70000000018175
  endloop
endfacet
facet normal 0.0 4.163336342344336e-16 1.0
  outer loop
    vertex 416.15526721482405 -518.5000000000073 99.70000000018175
    vertex 420.1552672148242 -518.5000000000073 99.70000000018175
    vertex 420.0871188674023 -517.9823619098022 99.70000000018175
  endloop
endfacet
facet normal 0.0 4.163336342344336e-16 1.0
  outer loop
    vertex 416.15526721482405 -518.5000000000073 99.70000000018175
    vertex 420.0871188674023 -517.9823619098022 99.70000000018175
    vertex 416.22341556224575 -517.9823619098022 99.70000000018175
  endloop
endfacet
facet normal 0.0 4.163336342344336e-16 1.0
  outer loop
    vertex 416.22341556224575 -517.9823619098022 99.70000000018175
    vertex 420.0871188674023 -517.9823619098022 99.70000000018175
    vertex 419.88731802239306 -517.5000000000072 99.70000000018175
  endloop
endfacet
facet normal 0.0 4.163336342344336e-16 1.0
  outer loop
    vertex 416.22341556224575 -517.9823619098022 99.70000000018175
    vertex 419.88731802239306 -517.5000000000072 99.70000000018175
    vertex 416.42321640725515 -517.5000000000072 99.70000000018175
  endloop
endfacet
facet normal 0.0 4.163336342344336e-16 1.0
  outer loop
    vertex 416.42321640725515 -517.5000000000072 99.70000000018175
    vertex 419.88731802239306 -517.5000000000072 99.70000000018175
    vertex 416.7410536524511 -517.085786437634 99.70000000018175
  endloop
endfacet
facet normal 0.0 4.163336342344336e-16 1.0
  outer loop
    vertex 416.7410536524511 -517.085786437634 99.70000000018175
    vertex 419.88731802239306 -517.5000000000072 99.70000000018175
    vertex 419.5694807771973 -517.085786437634 99.70000000018175
  endloop
endfacet
facet normal 0.0 4.163336342344336e-16 1.0
  outer loop
    vertex 416.7410536524511 -517.085786437634 99.70000000018175
    vertex 419.5694807771973 -517.085786437634 99.70000000018175
    vertex 419.15526721482405 -516.7679491924383 99.70000000018175
  endloop
endfacet
facet normal 0.0 4.163336342344336e-16 1.0
  outer loop
    vertex 416.7410536524511 -517.085786437634 99.70000000018175
    vertex 419.15526721482405 -516.7679491924383 99.70000000018175
    vertex 417.1552672148243 -516.7679491924383 99.70000000018175
  endloop
endfacet
facet normal 0.0 4.163336342344336e-16 1.0
  outer loop
    vertex 417.1552672148243 -516.7679491924383 99.70000000018175
    vertex 419.15526721482405 -516.7679491924383 99.70000000018175
    vertex 418.672905305029 -516.5681483474291 99.70000000018175
  endloop
endfacet
facet normal 0.0 4.163336342344336e-16 1.0
  outer loop
    vertex 417.1552672148243 -516.7679491924383 99.70000000018175
    vertex 418.672905305029 -516.5681483474291 99.70000000018175
    vertex 417.637629124619 -516.5681483474291 99.70000000018175
  endloop
endfacet
facet normal 0.0 4.163336342344336e-16 1.0
  outer loop
    vertex 417.637629124619 -516.5681483474291 99.70000000018175
    vertex 418.672905305029 -516.5681483474291 99.70000000018175
    vertex 418.15526721482405 -516.5000000000072 99.70000000018175
  endloop
endfacet
facet normal -0.8932243011955178 -0.44961132965460177 1.8718831886807633e-16
  outer loop
    vertex 431.9561335931104 -526.2516713166381 105.70000000017706
    vertex 433.1147051038026 -528.553357594913 110.00000000017694
    vertex 431.9561335931104 -526.2516713166381 110.00000000017694
  endloop
endfacet
facet normal -0.8932243011955178 -0.44961132965460177 1.8718831886807633e-16
  outer loop
    vertex 433.1147051038026 -528.553357594913 110.00000000017694
    vertex 431.9561335931104 -526.2516713166381 105.70000000017706
    vertex 433.1147051038026 -528.553357594913 105.70000000017706
  endloop
endfacet
facet normal 0.7883464276265673 0.615231590580677 -2.5055965908074895e-16
  outer loop
    vertex 345.0722184132836 -584.3056474186022 105.70000000017535
    vertex 343.48687181209334 -582.2742134858638 110.00000000017538
    vertex 345.0722184132836 -584.3056474186022 110.00000000017538
  endloop
endfacet
facet normal 0.7883464276265673 0.615231590580677 -2.5055965908074895e-16
  outer loop
    vertex 343.48687181209334 -582.2742134858638 110.00000000017538
    vertex 345.0722184132836 -584.3056474186022 105.70000000017535
    vertex 343.48687181209334 -582.2742134858638 105.70000000017535
  endloop
endfacet
facet normal -0.9637760657953681 -0.266712757475158 1.1054724440011718e-16
  outer loop
    vertex 435.89463484076356 -535.7600544441433 105.70000000017706
    vertex 436.58190800753675 -538.2435405550812 110.0000000001771
    vertex 435.89463484076356 -535.7600544441433 110.0000000001771
  endloop
endfacet
facet normal -0.9637760657953681 -0.266712757475158 1.1054724440011718e-16
  outer loop
    vertex 436.58190800753675 -538.2435405550812 110.0000000001771
    vertex 435.89463484076356 -535.7600544441433 105.70000000017706
    vertex 436.58190800753675 -538.2435405550812 105.70000000017706
  endloop
endfacet
facet normal -0.31368174039895697 0.9495281805930151 4.807378368282702e-16
  outer loop
    vertex 403.34198451792037 -600.4310634221141 110.0000000001764
    vertex 400.89521277068803 -601.2393676259467 105.70000000017652
    vertex 400.89521277068803 -601.2393676259467 110.0000000001764
  endloop
endfacet
facet normal -0.31368174039895697 0.9495281805930151 4.807378368282702e-16
  outer loop
    vertex 400.89521277068803 -601.2393676259467 105.70000000017652
    vertex 403.34198451792037 -600.4310634221141 110.0000000001764
    vertex 403.34198451792037 -600.4310634221141 105.70000000017652
  endloop
endfacet
facet normal -0.5758081914177983 0.8175848131516168 5.332033630473336e-16
  outer loop
    vertex 416.92948070068115 -593.1683954027382 110.00000000017668
    vertex 414.822704448357 -594.652154645888 105.70000000017666
    vertex 414.822704448357 -594.652154645888 110.00000000017668
  endloop
endfacet
facet normal -0.5758081914177983 0.8175848131516168 5.332033630473336e-16
  outer loop
    vertex 414.822704448357 -594.652154645888 105.70000000017666
    vertex 416.92948070068115 -593.1683954027382 110.00000000017668
    vertex 416.92948070068115 -593.1683954027382 105.70000000017679
  endloop
endfacet
facet normal -0.02454122852300802 0.9996988186962019 4.685276540399226e-16
  outer loop
    vertex 388.2313201170182 -603.4367614507784 110.0000000001761
    vertex 385.65526721482917 -603.5000000000072 105.70000000017622
    vertex 385.65526721482917 -603.5000000000072 110.0000000001761
  endloop
endfacet
facet normal -0.02454122852300802 0.9996988186962019 4.685276540399226e-16
  outer loop
    vertex 385.65526721482917 -603.5000000000072 105.70000000017622
    vertex 388.2313201170182 -603.4367614507784 110.0000000001761
    vertex 388.2313201170182 -603.4367614507784 105.70000000017622
  endloop
endfacet
facet normal -0.8700869911087519 0.49289819222971254 -2.052100956785613e-16
  outer loop
    vertex 431.956133593115 -575.7483286833677 105.70000000017708
    vertex 430.68601923984085 -577.9903940701471 110.00000000017695
    vertex 431.956133593115 -575.7483286833677 110.00000000017695
  endloop
endfacet
facet normal -0.8700869911087519 0.49289819222971254 -2.052100956785613e-16
  outer loop
    vertex 430.68601923984085 -577.9903940701471 110.00000000017695
    vertex 431.956133593115 -575.7483286833677 105.70000000017708
    vertex 430.68601923984085 -577.9903940701471 105.70000000017708
  endloop
endfacet
facet normal 0.12241067519934036 -0.9924795345986948 4.1351866213926304e-16
  outer loop
    vertex 380.5093673475171 -498.75280184971746 105.70000000017617
    vertex 377.9519173059133 -499.068233226857 110.00000000017606
    vertex 377.9519173059133 -499.068233226857 105.70000000017602
  endloop
endfacet
facet normal 0.12241067519934036 -0.9924795345986948 4.1351866213926304e-16
  outer loop
    vertex 377.9519173059133 -499.068233226857 110.00000000017606
    vertex 380.5093673475171 -498.75280184971746 105.70000000017617
    vertex 380.5093673475171 -498.75280184971746 110.00000000017606
  endloop
endfacet
facet normal 0.6895405447371517 -0.724247082951386 3.2263447598241095e-16
  outer loop
    vertex 350.39842208535214 -512.1000659188752 105.70000000017562
    vertex 348.53216120252694 -513.876893987717 110.00000000017549
    vertex 348.53216120252694 -513.876893987717 105.70000000017562
  endloop
endfacet
facet normal 0.6895405447371517 -0.724247082951386 3.2263447598241095e-16
  outer loop
    vertex 348.53216120252694 -513.876893987717 110.00000000017549
    vertex 350.39842208535214 -512.1000659188752 105.70000000017562
    vertex 350.39842208535214 -512.1000659188752 110.00000000017549
  endloop
endfacet
facet normal -0.17096188876021962 -0.9852776423889554 4.1746226129411593e-16
  outer loop
    vertex 395.8975091206662 -499.50877277883677 105.70000000017647
    vertex 393.358617123726 -499.06823322685557 110.00000000017636
    vertex 393.358617123726 -499.06823322685557 105.70000000017632
  endloop
endfacet
facet normal -0.17096188876021962 -0.9852776423889554 4.1746226129411593e-16
  outer loop
    vertex 393.358617123726 -499.06823322685557 110.00000000017636
    vertex 395.8975091206662 -499.50877277883677 105.70000000017647
    vertex 395.8975091206662 -499.50877277883677 110.00000000017636
  endloop
endfacet
facet normal 0.49289819222984016 -0.8700869911086796 3.6155335622536197e-16
  outer loop
    vertex 360.9069385314552 -504.69913362172093 105.70000000017575
    vertex 358.664873144676 -505.9692479749955 110.00000000017563
    vertex 358.664873144676 -505.9692479749955 105.70000000017559
  endloop
endfacet
facet normal 0.49289819222984016 -0.8700869911086796 3.6155335622536197e-16
  outer loop
    vertex 358.664873144676 -505.9692479749955 110.00000000017563
    vertex 360.9069385314552 -504.69913362172093 105.70000000017575
    vertex 360.9069385314552 -504.69913362172093 110.00000000017579
  endloop
endfacet
facet normal 0.7883464276267177 -0.6152315905804843 2.650766376638924e-16
  outer loop
    vertex 343.48687181208754 -519.7257865141584 110.00000000017536
    vertex 345.07221841327726 -517.6943525814196 105.70000000017545
    vertex 345.07221841327726 -517.6943525814196 110.00000000017549
  endloop
endfacet
facet normal 0.7883464276267177 -0.6152315905804843 2.650766376638924e-16
  outer loop
    vertex 345.07221841327726 -517.6943525814196 105.70000000017545
    vertex 343.48687181208754 -519.7257865141584 110.00000000017536
    vertex 343.48687181208754 -519.7257865141584 105.70000000017532
  endloop
endfacet
facet normal 0.9142097557036017 -0.40524131400482966 1.7141179839770818e-16
  outer loop
    vertex 337.15159175798016 -530.9091198008445 105.70000000017532
    vertex 337.95526721482906 -529.0960570215098 110.0000000001703
    vertex 337.15159175798016 -530.9091198008445 110.0000000001752
  endloop
endfacet
facet normal 0.9142097557036017 -0.40524131400482966 1.7141179839770818e-16
  outer loop
    vertex 337.95526721482906 -529.0960570215098 110.0000000001703
    vertex 338.1958293258414 -528.5533575949219 105.70000000017532
    vertex 338.1958293258414 -528.5533575949219 110.0000000001752
  endloop
endfacet
facet normal 0.9142097557036017 -0.40524131400482966 1.7141179839770818e-16
  outer loop
    vertex 338.1958293258414 -528.5533575949219 105.70000000017532
    vertex 337.95526721482906 -529.0960570215098 110.0000000001703
    vertex 337.15159175798016 -530.9091198008445 105.70000000017532
  endloop
endfacet
facet normal 0.9142097557036017 -0.40524131400482966 1.7141179839770818e-16
  outer loop
    vertex 338.1958293258414 -528.5533575949219 105.70000000017532
    vertex 337.15159175798016 -530.9091198008445 105.70000000017532
    vertex 337.95526721482906 -529.0960570215098 105.7000000001704
  endloop
endfacet
facet normal 0.17096188876021623 0.985277642388956 4.985696888566812e-16
  outer loop
    vertex 377.95191730592245 -602.9317667731588 110.00000000017597
    vertex 375.41302530898224 -602.4912272211776 105.70000000017593
    vertex 375.41302530898224 -602.4912272211776 110.00000000017597
  endloop
endfacet
facet normal 0.17096188876021623 0.985277642388956 4.985696888566812e-16
  outer loop
    vertex 375.41302530898224 -602.4912272211776 105.70000000017593
    vertex 377.95191730592245 -602.9317667731588 110.00000000017597
    vertex 377.95191730592245 -602.9317667731588 105.70000000017593
  endloop
endfacet
facet normal -0.5349976198872578 0.8448535652496054 5.404870163379662e-16
  outer loop
    vertex 414.822704448357 -594.652154645888 110.00000000017668
    vertex 412.6456612849725 -596.030752025019 105.70000000017666
    vertex 412.6456612849725 -596.030752025019 110.00000000017668
  endloop
endfacet
facet normal -0.5349976198872578 0.8448535652496054 5.404870163379662e-16
  outer loop
    vertex 412.6456612849725 -596.030752025019 105.70000000017666
    vertex 414.822704448357 -594.652154645888 110.00000000017668
    vertex 414.822704448357 -594.652154645888 105.70000000017666
  endloop
endfacet
facet normal 0.8448535652497302 0.5349976198870606 -2.201727284524659e-16
  outer loop
    vertex 342.00311256894327 -580.1674372335402 105.70000000017535
    vertex 340.6245151898127 -577.9903940701555 110.00000000017522
    vertex 342.00311256894327 -580.1674372335402 110.00000000017538
  endloop
endfacet
facet normal 0.8448535652497302 0.5349976198870606 -2.201727284524659e-16
  outer loop
    vertex 340.6245151898127 -577.9903940701555 110.00000000017522
    vertex 342.00311256894327 -580.1674372335402 105.70000000017535
    vertex 340.6245151898127 -577.9903940701555 105.70000000017535
  endloop
endfacet
facet normal -0.07356456359976188 0.9972904566786833 5.015634606876077e-16
  outer loop
    vertex 390.8011670821307 -603.247198150297 110.00000000017626
    vertex 388.2313201170182 -603.4367614507784 105.70000000017622
    vertex 388.2313201170182 -603.4367614507784 110.0000000001761
  endloop
endfacet
facet normal -0.07356456359976188 0.9972904566786833 5.015634606876077e-16
  outer loop
    vertex 388.2313201170182 -603.4367614507784 105.70000000017622
    vertex 390.8011670821307 -603.247198150297 110.00000000017626
    vertex 390.8011670821307 -603.247198150297 105.70000000017622
  endloop
endfacet
facet normal 0.4928981922297208 0.8700869911087472 5.639673109633791e-16
  outer loop
    vertex 360.90693853146337 -597.3008663782981 110.00000000017567
    vertex 358.66487314468395 -596.0307520250238 105.70000000017563
    vertex 358.66487314468395 -596.0307520250238 110.00000000017567
  endloop
endfacet
facet normal 0.4928981922297208 0.8700869911087472 5.639673109633791e-16
  outer loop
    vertex 358.66487314468395 -596.0307520250238 105.70000000017563
    vertex 360.90693853146337 -597.3008663782981 110.00000000017567
    vertex 360.90693853146337 -597.3008663782981 105.70000000017563
  endloop
endfacet
facet normal -0.7242470829516291 0.6895405447368967 4.2731325423941847e-16
  outer loop
    vertex 424.55520129596243 -586.256845129472 105.70000000017679
    vertex 422.7783732271215 -588.1231060122974 110.00000000017683
    vertex 424.55520129596243 -586.256845129472 110.00000000017683
  endloop
endfacet
facet normal -0.7242470829516291 0.6895405447368967 4.2731325423941847e-16
  outer loop
    vertex 422.7783732271215 -588.1231060122974 110.00000000017683
    vertex 424.55520129596243 -586.256845129472 105.70000000017679
    vertex 422.7783732271215 -588.1231060122974 105.70000000017679
  endloop
endfacet
facet normal 0.4052413140049104 0.914209755703566 5.623559987489744e-16
  outer loop
    vertex 365.56438701566185 -599.5036754568515 110.0000000001758
    vertex 363.2086248097393 -598.45943788899 105.70000000017563
    vertex 363.2086248097393 -598.45943788899 110.00000000017567
  endloop
endfacet
facet normal 0.4052413140049104 0.914209755703566 5.623559987489744e-16
  outer loop
    vertex 363.2086248097393 -598.45943788899 105.70000000017563
    vertex 365.56438701566185 -599.5036754568515 110.0000000001758
    vertex 365.56438701566185 -599.5036754568515 105.70000000017579
  endloop
endfacet
facet normal 0.7242470829514556 0.6895405447370789 4.2692942892320607e-16
  outer loop
    vertex 348.5321612025339 -588.1231060123042 105.70000000017548
    vertex 346.75533313369255 -586.2568451294792 110.00000000017538
    vertex 348.5321612025339 -588.1231060123042 110.00000000017552
  endloop
endfacet
facet normal 0.7242470829514556 0.6895405447370789 4.2692942892320607e-16
  outer loop
    vertex 346.75533313369255 -586.2568451294792 110.00000000017538
    vertex 348.5321612025339 -588.1231060123042 105.70000000017548
    vertex 346.75533313369255 -586.2568451294792 105.70000000017535
  endloop
endfacet
facet normal 0.8700869911086329 0.49289819222992276 -2.1406399607435782e-16
  outer loop
    vertex 340.6245151898127 -577.9903940701555 105.70000000017535
    vertex 339.35440083653805 -575.7483286833764 110.00000000017522
    vertex 340.6245151898127 -577.9903940701555 110.00000000017522
  endloop
endfacet
facet normal 0.8700869911086329 0.49289819222992276 -2.1406399607435782e-16
  outer loop
    vertex 339.35440083653805 -575.7483286833764 110.00000000017522
    vertex 340.6245151898127 -577.9903940701555 105.70000000017535
    vertex 339.35440083653805 -575.7483286833764 105.70000000017535
  endloop
endfacet
facet normal 0.024541228522820514 0.9996988186962065 4.687070576760946e-16
  outer loop
    vertex 385.65526721482917 -603.5000000000072 110.0000000001761
    vertex 383.07921431263964 -603.4367614507788 105.70000000017606
    vertex 383.07921431263964 -603.4367614507788 110.0000000001761
  endloop
endfacet
facet normal 0.024541228522820514 0.9996988186962065 4.687070576760946e-16
  outer loop
    vertex 383.07921431263964 -603.4367614507788 105.70000000017606
    vertex 385.65526721482917 -603.5000000000072 110.0000000001761
    vertex 385.65526721482917 -603.5000000000072 105.70000000017622
  endloop
endfacet
facet normal -0.9329927988347009 0.3598950365350868 -1.4983640850358696e-16
  outer loop
    vertex 435.0863306369348 -568.6867173030942 105.70000000017708
    vertex 434.1589426716684 -571.0908801991699 110.00000000017695
    vertex 435.0863306369348 -568.6867173030942 110.00000000017695
  endloop
endfacet
facet normal -0.9329927988347009 0.3598950365350868 -1.4983640850358696e-16
  outer loop
    vertex 434.1589426716684 -571.0908801991699 110.00000000017695
    vertex 435.0863306369348 -568.6867173030942 105.70000000017708
    vertex 434.1589426716684 -571.0908801991699 105.70000000017708
  endloop
endfacet
facet normal -0.12241067519927894 0.9924795345987021 4.947914082964636e-16
  outer loop
    vertex 393.35861712373577 -602.9317667731574 110.00000000017626
    vertex 390.8011670821307 -603.247198150297 105.70000000017622
    vertex 390.8011670821307 -603.247198150297 110.00000000017626
  endloop
endfacet
facet normal -0.12241067519927894 0.9924795345987021 4.947914082964636e-16
  outer loop
    vertex 390.8011670821307 -603.247198150297 105.70000000017622
    vertex 393.35861712373577 -602.9317667731574 110.00000000017626
    vertex 393.35861712373577 -602.9317667731574 105.70000000017622
  endloop
endfacet
facet normal 0.89322430119543 0.44961132965477635 -1.8718831886815694e-16
  outer loop
    vertex 339.35440083653805 -575.7483286833764 105.70000000017535
    vertex 338.1958293258455 -573.4466424051013 110.00000000017522
    vertex 339.35440083653805 -575.7483286833764 110.00000000017522
  endloop
endfacet
facet normal 0.89322430119543 0.44961132965477635 -1.8718831886815694e-16
  outer loop
    vertex 338.1958293258455 -573.4466424051013 110.00000000017522
    vertex 339.35440083653805 -575.7483286833764 105.70000000017535
    vertex 338.1958293258455 -573.4466424051013 105.70000000017535
  endloop
endfacet
facet normal 0.31368174039879904 0.9495281805930672 4.74682087287876e-16
  outer loop
    vertex 370.4153216589697 -601.2393676259495 110.0000000001758
    vertex 367.96854991173734 -600.4310634221173 105.70000000017579
    vertex 367.96854991173734 -600.4310634221173 110.0000000001758
  endloop
endfacet
facet normal 0.31368174039879904 0.9495281805930672 4.74682087287876e-16
  outer loop
    vertex 367.96854991173734 -600.4310634221173 105.70000000017579
    vertex 370.4153216589697 -601.2393676259495 110.0000000001758
    vertex 370.4153216589697 -601.2393676259495 105.70000000017593
  endloop
endfacet
facet normal -0.26671275747503054 0.9637760657954033 4.1594635886522724e-16
  outer loop
    vertex 400.89521277068803 -601.2393676259467 110.0000000001764
    vertex 398.4117266597506 -601.9266407927195 105.70000000017636
    vertex 398.4117266597506 -601.9266407927195 110.0000000001764
  endloop
endfacet
facet normal -0.26671275747503054 0.9637760657954033 4.1594635886522724e-16
  outer loop
    vertex 398.4117266597506 -601.9266407927195 105.70000000017636
    vertex 400.89521277068803 -601.2393676259467 110.0000000001764
    vertex 400.89521277068803 -601.2393676259467 105.70000000017652
  endloop
endfacet
facet normal -0.7572088465065183 0.6531728429537375 6.381312377883155e-17
  outer loop
    vertex 426.2383160163707 -584.3056474185947 105.70000000017679
    vertex 424.55520129596243 -586.256845129472 110.00000000017683
    vertex 426.2383160163707 -584.3056474185947 110.00000000017683
  endloop
endfacet
facet normal -0.7572088465065183 0.6531728429537375 6.381312377883155e-17
  outer loop
    vertex 424.55520129596243 -586.256845129472 110.00000000017683
    vertex 426.2383160163707 -584.3056474185947 105.70000000017679
    vertex 424.55520129596243 -586.256845129472 105.70000000017679
  endloop
endfacet
facet normal -0.4496113296545822 -0.8932243011955276 3.6996744060079537e-16
  outer loop
    vertex 410.40359589818473 -504.6991336217163 105.7000000001766
    vertex 408.10190961990986 -503.5405621110244 110.00000000017664
    vertex 408.10190961990986 -503.5405621110244 105.7000000001766
  endloop
endfacet
facet normal -0.4496113296545822 -0.8932243011955276 3.6996744060079537e-16
  outer loop
    vertex 408.10190961990986 -503.5405621110244 110.00000000017664
    vertex 410.40359589818473 -504.6991336217163 105.7000000001766
    vertex 410.40359589818473 -504.6991336217163 110.00000000017664
  endloop
endfacet
facet normal -0.9757021300385891 0.21910124015660065 -9.121921557966898e-17
  outer loop
    vertex 437.1464944359943 -561.2422419058491 105.70000000017706
    vertex 436.581908007539 -563.7564594449238 110.0000000001771
    vertex 437.1464944359943 -561.2422419058491 110.0000000001771
  endloop
endfacet
facet normal -0.9757021300385891 0.21910124015660065 -9.121921557966898e-17
  outer loop
    vertex 436.581908007539 -563.7564594449238 110.0000000001771
    vertex 437.1464944359943 -561.2422419058491 105.70000000017706
    vertex 436.581908007539 -563.7564594449238 105.70000000017706
  endloop
endfacet
facet normal -0.7883464276266108 0.6152315905806207 -2.617235489232577e-16
  outer loop
    vertex 427.823662617561 -582.274213485856 105.70000000017693
    vertex 426.2383160163707 -584.3056474185947 110.00000000017683
    vertex 427.823662617561 -582.274213485856 110.00000000017695
  endloop
endfacet
facet normal -0.7883464276266108 0.6152315905806207 -2.617235489232577e-16
  outer loop
    vertex 426.2383160163707 -584.3056474185947 110.00000000017683
    vertex 427.823662617561 -582.274213485856 105.70000000017693
    vertex 426.2383160163707 -584.3056474185947 105.70000000017679
  endloop
endfacet
facet normal 0.449611329654405 0.8932243011956167 5.729372333859927e-16
  outer loop
    vertex 363.2086248097393 -598.45943788899 110.00000000017567
    vertex 360.90693853146337 -597.3008663782981 105.70000000017563
    vertex 360.90693853146337 -597.3008663782981 110.00000000017567
  endloop
endfacet
facet normal 0.449611329654405 0.8932243011956167 5.729372333859927e-16
  outer loop
    vertex 360.90693853146337 -597.3008663782981 105.70000000017563
    vertex 363.2086248097393 -598.45943788899 110.00000000017567
    vertex 363.2086248097393 -598.45943788899 105.70000000017563
  endloop
endfacet
facet normal 0.2667127574748104 0.9637760657954643 4.2429163019324794e-16
  outer loop
    vertex 372.8988077699077 -601.9266407927217 110.0000000001758
    vertex 370.4153216589697 -601.2393676259495 105.70000000017593
    vertex 370.4153216589697 -601.2393676259495 110.0000000001758
  endloop
endfacet
facet normal 0.2667127574748104 0.9637760657954643 4.2429163019324794e-16
  outer loop
    vertex 370.4153216589697 -601.2393676259495 105.70000000017593
    vertex 372.8988077699077 -601.9266407927217 110.0000000001758
    vertex 372.8988077699077 -601.9266407927217 105.70000000017593
  endloop
endfacet
facet normal -0.9142097557035062 -0.4052413140050454 1.7215433367932887e-16
  outer loop
    vertex 433.1147051038026 -528.553357594913 110.00000000017694
    vertex 434.1589426716643 -530.9091198008355 105.70000000017706
    vertex 434.1589426716643 -530.9091198008355 110.0000000001771
  endloop
endfacet
facet normal -0.9142097557035062 -0.4052413140050454 1.7215433367932887e-16
  outer loop
    vertex 434.1589426716643 -530.9091198008355 105.70000000017706
    vertex 433.1147051038026 -528.553357594913 110.00000000017694
    vertex 433.1147051038026 -528.553357594913 105.70000000017706
  endloop
endfacet
facet normal 0.2191012401567818 0.9757021300385483 4.911071681358837e-16
  outer loop
    vertex 375.41302530898224 -602.4912272211776 110.00000000017597
    vertex 372.8988077699077 -601.9266407927217 105.70000000017593
    vertex 372.8988077699077 -601.9266407927217 110.0000000001758
  endloop
endfacet
facet normal 0.2191012401567818 0.9757021300385483 4.911071681358837e-16
  outer loop
    vertex 372.8988077699077 -601.9266407927217 105.70000000017593
    vertex 375.41302530898224 -602.4912272211776 110.00000000017597
    vertex 375.41302530898224 -602.4912272211776 105.70000000017593
  endloop
endfacet
facet normal 0.0 4.163336342344336e-16 1.0
  outer loop
    vertex 353.6729053050292 -585.4318516525854 99.70000000018176
    vertex 352.6376291246191 -585.4318516525854 99.70000000018176
    vertex 353.15526721482416 -585.5000000000072 99.70000000018176
  endloop
endfacet
facet normal 0.0 4.163336342344336e-16 1.0
  outer loop
    vertex 352.6376291246191 -585.4318516525854 99.70000000018176
    vertex 353.6729053050292 -585.4318516525854 99.70000000018176
    vertex 354.1552672148243 -585.232050807576 99.70000000018176
  endloop
endfacet
facet normal 0.0 4.163336342344336e-16 1.0
  outer loop
    vertex 352.6376291246191 -585.4318516525854 99.70000000018176
    vertex 354.1552672148243 -585.232050807576 99.70000000018176
    vertex 352.155267214824 -585.232050807576 99.70000000018176
  endloop
endfacet
facet normal 0.0 4.163336342344336e-16 1.0
  outer loop
    vertex 352.155267214824 -585.232050807576 99.70000000018176
    vertex 354.1552672148243 -585.232050807576 99.70000000018176
    vertex 354.5694807771971 -584.9142135623803 99.70000000018176
  endloop
endfacet
facet normal 0.0 4.163336342344336e-16 1.0
  outer loop
    vertex 352.155267214824 -585.232050807576 99.70000000018176
    vertex 354.5694807771971 -584.9142135623803 99.70000000018176
    vertex 351.74105365245117 -584.9142135623804 99.70000000018176
  endloop
endfacet
facet normal 0.0 4.163336342344336e-16 1.0
  outer loop
    vertex 351.74105365245117 -584.9142135623804 99.70000000018176
    vertex 354.5694807771971 -584.9142135623803 99.70000000018176
    vertex 351.4232164072552 -584.5000000000072 99.70000000018176
  endloop
endfacet
facet normal 0.0 4.163336342344336e-16 1.0
  outer loop
    vertex 351.4232164072552 -584.5000000000072 99.70000000018176
    vertex 354.5694807771971 -584.9142135623803 99.70000000018176
    vertex 354.88731802239306 -584.5000000000072 99.70000000018176
  endloop
endfacet
facet normal 0.0 4.163336342344336e-16 1.0
  outer loop
    vertex 351.4232164072552 -584.5000000000072 99.70000000018176
    vertex 354.88731802239306 -584.5000000000072 99.70000000018176
    vertex 355.08783911928765 -584.0121672339948 99.70000000018176
  endloop
endfacet
facet normal 0.0 4.163336342344336e-16 1.0
  outer loop
    vertex 351.4232164072552 -584.5000000000072 99.70000000018176
    vertex 355.08783911928765 -584.0121672339948 99.70000000018176
    vertex 351.22341556224626 -584.0176380902122 99.70000000018176
  endloop
endfacet
facet normal 0.0 4.163336342344336e-16 1.0
  outer loop
    vertex 351.22341556224626 -584.0176380902122 99.70000000018176
    vertex 355.08783911928765 -584.0121672339948 99.70000000018176
    vertex 351.1552672148242 -583.5000000000072 99.70000000018176
  endloop
endfacet
facet normal 0.0 4.163336342344336e-16 1.0
  outer loop
    vertex 351.1552672148242 -583.5000000000072 99.70000000018176
    vertex 355.08783911928765 -584.0121672339948 99.70000000018176
    vertex 355.15526721482405 -583.5000000000072 99.70000000018176
  endloop
endfacet
facet normal 0.0 4.163336342344336e-16 1.0
  outer loop
    vertex 351.1552672148242 -583.5000000000072 99.70000000018176
    vertex 355.15526721482405 -583.5000000000072 99.70000000018176
    vertex 355.087118867402 -582.9823619098021 99.70000000018176
  endloop
endfacet
facet normal 0.0 4.163336342344336e-16 1.0
  outer loop
    vertex 351.1552672148242 -583.5000000000072 99.70000000018176
    vertex 355.087118867402 -582.9823619098021 99.70000000018176
    vertex 351.22341556224626 -582.9823619098021 99.70000000018176
  endloop
endfacet
facet normal 0.0 4.163336342344336e-16 1.0
  outer loop
    vertex 351.22341556224626 -582.9823619098021 99.70000000018176
    vertex 355.087118867402 -582.9823619098021 99.70000000018176
    vertex 354.88731802239306 -582.5000000000072 99.70000000018176
  endloop
endfacet
facet normal 0.0 4.163336342344336e-16 1.0
  outer loop
    vertex 351.22341556224626 -582.9823619098021 99.70000000018176
    vertex 354.88731802239306 -582.5000000000072 99.70000000018176
    vertex 351.4232164072552 -582.5000000000072 99.70000000018176
  endloop
endfacet
facet normal 0.0 4.163336342344336e-16 1.0
  outer loop
    vertex 351.4232164072552 -582.5000000000072 99.70000000018176
    vertex 354.88731802239306 -582.5000000000072 99.70000000018176
    vertex 354.5694807771971 -582.0857864376342 99.70000000018176
  endloop
endfacet
facet normal 0.0 4.163336342344336e-16 1.0
  outer loop
    vertex 351.4232164072552 -582.5000000000072 99.70000000018176
    vertex 354.5694807771971 -582.0857864376342 99.70000000018176
    vertex 351.74105365245117 -582.0857864376342 99.70000000018176
  endloop
endfacet
facet normal 0.0 4.163336342344336e-16 1.0
  outer loop
    vertex 351.74105365245117 -582.0857864376342 99.70000000018176
    vertex 354.5694807771971 -582.0857864376342 99.70000000018176
    vertex 354.1552672148243 -581.7679491924384 99.70000000018176
  endloop
endfacet
facet normal 0.0 4.163336342344336e-16 1.0
  outer loop
    vertex 351.74105365245117 -582.0857864376342 99.70000000018176
    vertex 354.1552672148243 -581.7679491924384 99.70000000018176
    vertex 352.155267214824 -581.7679491924384 99.70000000018176
  endloop
endfacet
facet normal 0.0 4.163336342344336e-16 1.0
  outer loop
    vertex 352.155267214824 -581.7679491924384 99.70000000018176
    vertex 354.1552672148243 -581.7679491924384 99.70000000018176
    vertex 353.6729053050292 -581.5681483474291 99.70000000018176
  endloop
endfacet
facet normal 0.0 4.163336342344336e-16 1.0
  outer loop
    vertex 352.155267214824 -581.7679491924384 99.70000000018176
    vertex 353.6729053050292 -581.5681483474291 99.70000000018176
    vertex 352.6376291246191 -581.5681483474291 99.70000000018176
  endloop
endfacet
facet normal 0.0 4.163336342344336e-16 1.0
  outer loop
    vertex 352.6376291246191 -581.5681483474291 99.70000000018176
    vertex 353.6729053050292 -581.5681483474291 99.70000000018176
    vertex 353.15526721482416 -581.5000000000073 99.70000000018176
  endloop
endfacet
facet normal 0.8175848131515098 0.5758081914179504 -2.397283169549917e-16
  outer loop
    vertex 343.48687181209334 -582.2742134858638 105.70000000017535
    vertex 342.00311256894327 -580.1674372335402 110.00000000017538
    vertex 343.48687181209334 -582.2742134858638 110.00000000017538
  endloop
endfacet
facet normal 0.8175848131515098 0.5758081914179504 -2.397283169549917e-16
  outer loop
    vertex 342.00311256894327 -580.1674372335402 110.00000000017538
    vertex 343.48687181209334 -582.2742134858638 105.70000000017535
    vertex 342.00311256894327 -580.1674372335402 105.70000000017535
  endloop
endfacet
facet normal -0.3598950365350881 0.9329927988347004 5.788211715020919e-16
  outer loop
    vertex 405.74614741399586 -599.5036754568479 110.0000000001764
    vertex 403.34198451792037 -600.4310634221141 105.70000000017652
    vertex 403.34198451792037 -600.4310634221141 110.0000000001764
  endloop
endfacet
facet normal -0.3598950365350881 0.9329927988347004 5.788211715020919e-16
  outer loop
    vertex 403.34198451792037 -600.4310634221141 105.70000000017652
    vertex 405.74614741399586 -599.5036754568479 110.0000000001764
    vertex 405.74614741399586 -599.5036754568478 105.70000000017652
  endloop
endfacet
facet normal 0.3598950365349357 0.9329927988347589 5.842533624304754e-16
  outer loop
    vertex 367.96854991173734 -600.4310634221173 110.0000000001758
    vertex 365.56438701566185 -599.5036754568515 105.70000000017579
    vertex 365.56438701566185 -599.5036754568515 110.0000000001758
  endloop
endfacet
facet normal 0.3598950365349357 0.9329927988347589 5.842533624304754e-16
  outer loop
    vertex 365.56438701566185 -599.5036754568515 105.70000000017579
    vertex 367.96854991173734 -600.4310634221173 110.0000000001758
    vertex 367.96854991173734 -600.4310634221173 105.70000000017579
  endloop
endfacet
facet normal -0.1709618887604308 0.9852776423889188 4.955244091607327e-16
  outer loop
    vertex 395.8975091206754 -602.4912272211758 110.00000000017626
    vertex 393.35861712373577 -602.9317667731574 105.70000000017622
    vertex 393.35861712373577 -602.9317667731574 110.00000000017626
  endloop
endfacet
facet normal -0.1709618887604308 0.9852776423889188 4.955244091607327e-16
  outer loop
    vertex 393.35861712373577 -602.9317667731574 105.70000000017622
    vertex 395.8975091206754 -602.4912272211758 110.00000000017626
    vertex 395.8975091206754 -602.4912272211758 105.70000000017622
  endloop
endfacet
facet normal -0.2191012401569072 0.9757021300385201 4.886401712575968e-16
  outer loop
    vertex 398.4117266597506 -601.9266407927195 110.0000000001764
    vertex 395.8975091206754 -602.4912272211758 105.70000000017622
    vertex 395.8975091206754 -602.4912272211758 110.00000000017626
  endloop
endfacet
facet normal -0.2191012401569072 0.9757021300385201 4.886401712575968e-16
  outer loop
    vertex 395.8975091206754 -602.4912272211758 105.70000000017622
    vertex 398.4117266597506 -601.9266407927195 110.0000000001764
    vertex 398.4117266597506 -601.9266407927195 105.70000000017636
  endloop
endfacet
facet normal -0.949528180593069 0.31368174039879354 -1.2385963973471127e-16
  outer loop
    vertex 435.89463484076686 -566.2399455558618 105.70000000017708
    vertex 435.0863306369348 -568.6867173030942 110.00000000017695
    vertex 435.89463484076686 -566.2399455558618 110.0000000001771
  endloop
endfacet
facet normal -0.949528180593069 0.31368174039879354 -1.2385963973471127e-16
  outer loop
    vertex 435.0863306369348 -568.6867173030942 110.00000000017695
    vertex 435.89463484076686 -566.2399455558618 105.70000000017708
    vertex 435.0863306369348 -568.6867173030942 105.70000000017708
  endloop
endfacet
facet normal -0.9972904566786982 0.0735645635995599 -3.06274021142749e-17
  outer loop
    vertex 438.09202866559593 -553.5760529021918 105.70000000017706
    vertex 437.9024653651151 -556.1458998673043 110.0000000001771
    vertex 438.09202866559593 -553.5760529021918 110.0000000001771
  endloop
endfacet
facet normal -0.9972904566786982 0.0735645635995599 -3.06274021142749e-17
  outer loop
    vertex 437.9024653651151 -556.1458998673043 110.0000000001771
    vertex 438.09202866559593 -553.5760529021918 105.70000000017706
    vertex 437.9024653651151 -556.1458998673043 105.70000000017706
  endloop
endfacet
facet normal -0.6152315905805004 -0.7883464276267048 3.282151332495867e-16
  outer loop
    vertex 418.9609146334122 -510.41695119846054 105.70000000017677
    vertex 416.92948070067297 -508.8316045972705 110.00000000017678
    vertex 416.92948070067297 -508.8316045972705 105.70000000017677
  endloop
endfacet
facet normal -0.6152315905805004 -0.7883464276267048 3.282151332495867e-16
  outer loop
    vertex 416.92948070067297 -508.8316045972705 110.00000000017678
    vertex 418.9609146334122 -510.41695119846054 105.70000000017677
    vertex 418.9609146334122 -510.41695119846054 110.00000000017678
  endloop
endfacet
facet normal -0.4052413140049074 -0.9142097557035673 3.9384758590779665e-16
  outer loop
    vertex 408.10190961990986 -503.5405621110244 105.7000000001766
    vertex 405.74614741398716 -502.49632454316287 110.00000000017651
    vertex 405.74614741398716 -502.49632454316287 105.70000000017647
  endloop
endfacet
facet normal -0.4052413140049074 -0.9142097557035673 3.9384758590779665e-16
  outer loop
    vertex 405.74614741398716 -502.49632454316287 110.00000000017651
    vertex 408.10190961990986 -503.5405621110244 105.7000000001766
    vertex 408.10190961990986 -503.5405621110244 110.00000000017664
  endloop
endfacet
facet normal -0.7572088465064664 -0.6531728429537981 2.7875215195418206e-16
  outer loop
    vertex 424.55520129595664 -515.7431548705352 105.7000000001769
    vertex 426.2383160163649 -517.6943525814122 110.00000000017694
    vertex 424.55520129595664 -515.7431548705352 110.00000000017694
  endloop
endfacet
facet normal -0.7572088465064664 -0.6531728429537981 2.7875215195418206e-16
  outer loop
    vertex 426.2383160163649 -517.6943525814122 110.00000000017694
    vertex 424.55520129595664 -515.7431548705352 105.7000000001769
    vertex 426.2383160163649 -517.6943525814122 105.7000000001769
  endloop
endfacet
facet normal -0.9329927988346195 -0.35989503653529725 1.4983640850367457e-16
  outer loop
    vertex 434.1589426716643 -530.9091198008355 105.70000000017706
    vertex 435.0863306369313 -533.3132826969112 110.0000000001771
    vertex 434.1589426716643 -530.9091198008355 110.0000000001771
  endloop
endfacet
facet normal -0.9329927988346195 -0.35989503653529725 1.4983640850367457e-16
  outer loop
    vertex 435.0863306369313 -533.3132826969112 110.0000000001771
    vertex 434.1589426716643 -530.9091198008355 105.70000000017706
    vertex 435.0863306369313 -533.3132826969112 105.70000000017706
  endloop
endfacet
facet normal -0.7242470829513469 -0.6895405447371933 2.9428486192115964e-16
  outer loop
    vertex 422.7783732271146 -513.8768939877101 110.0000000001768
    vertex 424.55520129595664 -515.7431548705352 105.7000000001769
    vertex 424.55520129595664 -515.7431548705352 110.00000000017694
  endloop
endfacet
facet normal -0.7242470829513469 -0.6895405447371933 2.9428486192115964e-16
  outer loop
    vertex 424.55520129595664 -515.7431548705352 105.7000000001769
    vertex 422.7783732271146 -513.8768939877101 110.0000000001768
    vertex 422.7783732271146 -513.8768939877101 105.70000000017677
  endloop
endfacet
facet normal -0.9852776423889316 0.1709618887603565 -7.843522417263566e-17
  outer loop
    vertex 437.5870339879759 -558.7033499089089 105.70000000017706
    vertex 437.1464944359943 -561.2422419058491 110.0000000001771
    vertex 437.5870339879759 -558.7033499089089 110.0000000001771
  endloop
endfacet
facet normal -0.9852776423889316 0.1709618887603565 -7.843522417263566e-17
  outer loop
    vertex 437.1464944359943 -561.2422419058491 110.0000000001771
    vertex 437.5870339879759 -558.7033499089089 105.70000000017706
    vertex 437.1464944359943 -561.2422419058491 105.70000000017706
  endloop
endfacet
facet normal 0.6895405447369682 0.7242470829515607 4.770926945780575e-16
  outer loop
    vertex 350.3984220853596 -589.8999340811457 110.00000000017552
    vertex 348.5321612025339 -588.1231060123042 105.70000000017548
    vertex 348.5321612025339 -588.1231060123042 110.00000000017552
  endloop
endfacet
facet normal 0.6895405447369682 0.7242470829515607 4.770926945780575e-16
  outer loop
    vertex 348.5321612025339 -588.1231060123042 105.70000000017548
    vertex 350.3984220853596 -589.8999340811457 110.00000000017552
    vertex 350.3984220853596 -589.8999340811457 105.70000000017548
  endloop
endfacet
facet normal -0.8175848131516129 -0.5758081914178037 2.285753967481732e-16
  outer loop
    vertex 427.82366261755527 -519.7257865141506 105.70000000017706
    vertex 429.30742186070466 -521.8325627664741 110.00000000017694
    vertex 427.82366261755527 -519.7257865141506 110.00000000017694
  endloop
endfacet
facet normal -0.8175848131516129 -0.5758081914178037 2.285753967481732e-16
  outer loop
    vertex 429.30742186070466 -521.8325627664741 110.00000000017694
    vertex 427.82366261755527 -519.7257865141506 105.70000000017706
    vertex 429.30742186070466 -521.8325627664741 105.70000000017706
  endloop
endfacet
facet normal -0.7883464276265718 -0.615231590580671 2.743926956394017e-16
  outer loop
    vertex 426.2383160163649 -517.6943525814122 105.7000000001769
    vertex 427.82366261755527 -519.7257865141506 110.00000000017694
    vertex 426.2383160163649 -517.6943525814122 110.00000000017694
  endloop
endfacet
facet normal -0.7883464276265718 -0.615231590580671 2.743926956394017e-16
  outer loop
    vertex 427.82366261755527 -519.7257865141506 110.00000000017694
    vertex 426.2383160163649 -517.6943525814122 105.7000000001769
    vertex 427.82366261755527 -519.7257865141506 105.70000000017706
  endloop
endfacet
facet normal -0.9924795345986949 -0.12241067519933904 5.096368127483168e-17
  outer loop
    vertex 437.58703398797473 -543.2966500910959 105.70000000017706
    vertex 437.9024653651144 -545.8541001327005 110.0000000001771
    vertex 437.58703398797473 -543.2966500910959 110.0000000001771
  endloop
endfacet
facet normal -0.9924795345986949 -0.12241067519933904 5.096368127483168e-17
  outer loop
    vertex 437.9024653651144 -545.8541001327005 110.0000000001771
    vertex 437.58703398797473 -543.2966500910959 105.70000000017706
    vertex 437.9024653651144 -545.8541001327005 105.70000000017706
  endloop
endfacet
facet normal -0.35989503653486676 -0.9329927988347858 3.915960563039743e-16
  outer loop
    vertex 405.74614741398716 -502.49632454316287 105.70000000017647
    vertex 403.3419845179111 -501.5689365778971 110.00000000017651
    vertex 403.3419845179111 -501.5689365778971 105.70000000017647
  endloop
endfacet
facet normal -0.35989503653486676 -0.9329927988347858 3.915960563039743e-16
  outer loop
    vertex 403.3419845179111 -501.5689365778971 110.00000000017651
    vertex 405.74614741398716 -502.49632454316287 105.70000000017647
    vertex 405.74614741398716 -502.49632454316287 110.00000000017651
  endloop
endfacet
facet normal -0.5758081914176956 -0.8175848131516891 3.375181247077575e-16
  outer loop
    vertex 416.92948070067297 -508.8316045972705 105.70000000017677
    vertex 414.8227044483488 -507.347845354121 110.00000000017664
    vertex 414.8227044483488 -507.347845354121 105.70000000017677
  endloop
endfacet
facet normal -0.5758081914176956 -0.8175848131516891 3.375181247077575e-16
  outer loop
    vertex 414.8227044483488 -507.347845354121 110.00000000017664
    vertex 416.92948070067297 -508.8316045972705 105.70000000017677
    vertex 416.92948070067297 -508.8316045972705 110.00000000017678
  endloop
endfacet
facet normal -0.4928981922297185 -0.8700869911087488 3.629396019904154e-16
  outer loop
    vertex 412.64566128496386 -505.96924797499054 105.70000000017677
    vertex 410.40359589818473 -504.6991336217163 110.00000000017664
    vertex 410.40359589818473 -504.6991336217163 105.7000000001766
  endloop
endfacet
facet normal -0.4928981922297185 -0.8700869911087488 3.629396019904154e-16
  outer loop
    vertex 410.40359589818473 -504.6991336217163 110.00000000017664
    vertex 412.64566128496386 -505.96924797499054 105.70000000017677
    vertex 412.64566128496386 -505.96924797499054 110.00000000017664
  endloop
endfacet
facet normal -0.9924795345987221 0.12241067519911737 -5.0963681274739383e-17
  outer loop
    vertex 437.9024653651151 -556.1458998673043 105.70000000017706
    vertex 437.5870339879759 -558.7033499089089 110.0000000001771
    vertex 437.9024653651151 -556.1458998673043 110.0000000001771
  endloop
endfacet
facet normal -0.9924795345987221 0.12241067519911737 -5.0963681274739383e-17
  outer loop
    vertex 437.5870339879759 -558.7033499089089 110.0000000001771
    vertex 437.9024653651151 -556.1458998673043 105.70000000017706
    vertex 437.5870339879759 -558.7033499089089 105.70000000017706
  endloop
endfacet
facet normal -0.997290456678698 -0.07356456359956144 3.0627402114280726e-17
  outer loop
    vertex 437.9024653651144 -545.8541001327005 105.70000000017706
    vertex 438.0920286655955 -548.4239470978129 110.0000000001771
    vertex 437.9024653651144 -545.8541001327005 110.0000000001771
  endloop
endfacet
facet normal -0.997290456678698 -0.07356456359956144 3.0627402114280726e-17
  outer loop
    vertex 438.0920286655955 -548.4239470978129 110.0000000001771
    vertex 437.9024653651144 -545.8541001327005 105.70000000017706
    vertex 438.0920286655955 -548.4239470978129 105.70000000017706
  endloop
endfacet
facet normal 0.12241067519913032 0.9924795345987207 4.97173410696285e-16
  outer loop
    vertex 380.50936734752713 -603.2471981502979 110.0000000001761
    vertex 377.95191730592245 -602.9317667731588 105.70000000017593
    vertex 377.95191730592245 -602.9317667731588 110.00000000017597
  endloop
endfacet
facet normal 0.12241067519913032 0.9924795345987207 4.97173410696285e-16
  outer loop
    vertex 377.95191730592245 -602.9317667731588 105.70000000017593
    vertex 380.50936734752713 -603.2471981502979 110.0000000001761
    vertex 380.50936734752713 -603.2471981502979 105.70000000017606
  endloop
endfacet
facet normal -0.8700869911087289 -0.49289819222975323 2.1406399607575497e-16
  outer loop
    vertex 430.68601923983624 -524.0096059298589 105.70000000017706
    vertex 431.9561335931104 -526.2516713166381 110.00000000017694
    vertex 430.68601923983624 -524.0096059298589 110.00000000017694
  endloop
endfacet
facet normal -0.8700869911087289 -0.49289819222975323 2.1406399607575497e-16
  outer loop
    vertex 431.9561335931104 -526.2516713166381 110.00000000017694
    vertex 430.68601923983624 -524.0096059298589 105.70000000017706
    vertex 431.9561335931104 -526.2516713166381 105.70000000017706
  endloop
endfacet
facet normal -0.6531728429537769 -0.7572088465064842 3.2212643223673485e-16
  outer loop
    vertex 420.9121123442889 -512.1000659188687 105.70000000017677
    vertex 418.9609146334122 -510.41695119846054 110.00000000017678
    vertex 418.9609146334122 -510.41695119846054 105.70000000017677
  endloop
endfacet
facet normal -0.6531728429537769 -0.7572088465064842 3.2212643223673485e-16
  outer loop
    vertex 418.9609146334122 -510.41695119846054 110.00000000017678
    vertex 420.9121123442889 -512.1000659188687 105.70000000017677
    vertex 420.9121123442889 -512.1000659188687 110.00000000017678
  endloop
endfacet
facet normal -0.5349976198870516 -0.844853565249736 3.4394327638571763e-16
  outer loop
    vertex 414.8227044483488 -507.347845354121 105.70000000017677
    vertex 412.64566128496386 -505.96924797499054 110.00000000017664
    vertex 412.64566128496386 -505.96924797499054 105.70000000017677
  endloop
endfacet
facet normal -0.5349976198870516 -0.844853565249736 3.4394327638571763e-16
  outer loop
    vertex 412.64566128496386 -505.96924797499054 110.00000000017664
    vertex 414.8227044483488 -507.347845354121 105.70000000017677
    vertex 414.8227044483488 -507.347845354121 110.00000000017664
  endloop
endfacet
facet normal -0.8448535652495277 -0.5349976198873806 2.305351822241336e-16
  outer loop
    vertex 429.30742186070466 -521.8325627664741 105.70000000017706
    vertex 430.68601923983624 -524.0096059298589 110.00000000017694
    vertex 429.30742186070466 -521.8325627664741 110.00000000017694
  endloop
endfacet
facet normal -0.8448535652495277 -0.5349976198873806 2.305351822241336e-16
  outer loop
    vertex 430.68601923983624 -524.0096059298589 110.00000000017694
    vertex 429.30742186070466 -521.8325627664741 105.70000000017706
    vertex 430.68601923983624 -524.0096059298589 105.70000000017706
  endloop
endfacet
facet normal -0.6895405447369666 -0.7242470829515625 2.944504209201358e-16
  outer loop
    vertex 422.7783732271146 -513.8768939877101 105.70000000017677
    vertex 420.9121123442889 -512.1000659188687 110.00000000017678
    vertex 420.9121123442889 -512.1000659188687 105.70000000017677
  endloop
endfacet
facet normal -0.6895405447369666 -0.7242470829515625 2.944504209201358e-16
  outer loop
    vertex 420.9121123442889 -512.1000659188687 110.00000000017678
    vertex 422.7783732271146 -513.8768939877101 105.70000000017677
    vertex 422.7783732271146 -513.8768939877101 110.0000000001768
  endloop
endfacet
facet normal 0.0 4.163336342344336e-16 1.0
  outer loop
    vertex 418.672905305029 -585.4318516525854 99.70000000018176
    vertex 417.637629124619 -585.4318516525854 99.70000000018176
    vertex 418.15526721482405 -585.5000000000072 99.70000000018176
  endloop
endfacet
facet normal 0.0 4.163336342344336e-16 1.0
  outer loop
    vertex 417.637629124619 -585.4318516525854 99.70000000018176
    vertex 418.672905305029 -585.4318516525854 99.70000000018176
    vertex 419.15526721482405 -585.232050807576 99.70000000018176
  endloop
endfacet
facet normal 0.0 4.163336342344336e-16 1.0
  outer loop
    vertex 417.637629124619 -585.4318516525854 99.70000000018176
    vertex 419.15526721482405 -585.232050807576 99.70000000018176
    vertex 417.1552672148243 -585.232050807576 99.70000000018176
  endloop
endfacet
facet normal 0.0 4.163336342344336e-16 1.0
  outer loop
    vertex 417.1552672148243 -585.232050807576 99.70000000018176
    vertex 419.15526721482405 -585.232050807576 99.70000000018176
    vertex 419.5694807771973 -584.9142135623803 99.70000000018176
  endloop
endfacet
facet normal 0.0 4.163336342344336e-16 1.0
  outer loop
    vertex 417.1552672148243 -585.232050807576 99.70000000018176
    vertex 419.5694807771973 -584.9142135623803 99.70000000018176
    vertex 416.7410536524511 -584.9142135623804 99.70000000018176
  endloop
endfacet
facet normal 0.0 4.163336342344336e-16 1.0
  outer loop
    vertex 416.7410536524511 -584.9142135623804 99.70000000018176
    vertex 419.5694807771973 -584.9142135623803 99.70000000018176
    vertex 416.42321640725515 -584.5000000000072 99.70000000018176
  endloop
endfacet
facet normal 0.0 4.163336342344336e-16 1.0
  outer loop
    vertex 416.42321640725515 -584.5000000000072 99.70000000018176
    vertex 419.5694807771973 -584.9142135623803 99.70000000018176
    vertex 419.88731802239306 -584.5000000000072 99.70000000018176
  endloop
endfacet
facet normal 0.0 4.163336342344336e-16 1.0
  outer loop
    vertex 416.42321640725515 -584.5000000000072 99.70000000018176
    vertex 419.88731802239306 -584.5000000000072 99.70000000018176
    vertex 420.0871188674023 -584.0176380902122 99.70000000018176
  endloop
endfacet
facet normal 0.0 4.163336342344336e-16 1.0
  outer loop
    vertex 416.42321640725515 -584.5000000000072 99.70000000018176
    vertex 420.0871188674023 -584.0176380902122 99.70000000018176
    vertex 416.22341556224603 -584.0176380902122 99.70000000018176
  endloop
endfacet
facet normal 0.0 4.163336342344336e-16 1.0
  outer loop
    vertex 416.22341556224603 -584.0176380902122 99.70000000018176
    vertex 420.0871188674023 -584.0176380902122 99.70000000018176
    vertex 420.1552672148242 -583.5000000000072 99.70000000018176
  endloop
endfacet
facet normal 0.0 4.163336342344336e-16 1.0
  outer loop
    vertex 416.22341556224603 -584.0176380902122 99.70000000018176
    vertex 420.1552672148242 -583.5000000000072 99.70000000018176
    vertex 416.1552672148242 -583.5000000000072 99.70000000018176
  endloop
endfacet
facet normal 0.0 4.163336342344336e-16 1.0
  outer loop
    vertex 416.1552672148242 -583.5000000000072 99.70000000018176
    vertex 420.1552672148242 -583.5000000000072 99.70000000018176
    vertex 420.0871188674023 -582.9823619098021 99.70000000018176
  endloop
endfacet
facet normal 0.0 4.163336342344336e-16 1.0
  outer loop
    vertex 416.1552672148242 -583.5000000000072 99.70000000018176
    vertex 420.0871188674023 -582.9823619098021 99.70000000018176
    vertex 416.22341556224603 -582.9823619098021 99.70000000018176
  endloop
endfacet
facet normal 0.0 4.163336342344336e-16 1.0
  outer loop
    vertex 416.22341556224603 -582.9823619098021 99.70000000018176
    vertex 420.0871188674023 -582.9823619098021 99.70000000018176
    vertex 419.88731802239306 -582.5000000000072 99.70000000018176
  endloop
endfacet
facet normal 0.0 4.163336342344336e-16 1.0
  outer loop
    vertex 416.22341556224603 -582.9823619098021 99.70000000018176
    vertex 419.88731802239306 -582.5000000000072 99.70000000018176
    vertex 416.42321640725515 -582.5000000000072 99.70000000018176
  endloop
endfacet
facet normal 0.0 4.163336342344336e-16 1.0
  outer loop
    vertex 416.42321640725515 -582.5000000000072 99.70000000018176
    vertex 419.88731802239306 -582.5000000000072 99.70000000018176
    vertex 419.5694807771973 -582.0857864376342 99.70000000018176
  endloop
endfacet
facet normal 0.0 4.163336342344336e-16 1.0
  outer loop
    vertex 416.42321640725515 -582.5000000000072 99.70000000018176
    vertex 419.5694807771973 -582.0857864376342 99.70000000018176
    vertex 416.7410536524511 -582.0857864376342 99.70000000018176
  endloop
endfacet
facet normal 0.0 4.163336342344336e-16 1.0
  outer loop
    vertex 416.7410536524511 -582.0857864376342 99.70000000018176
    vertex 419.5694807771973 -582.0857864376342 99.70000000018176
    vertex 419.15526721482405 -581.7679491924384 99.70000000018176
  endloop
endfacet
facet normal 0.0 4.163336342344336e-16 1.0
  outer loop
    vertex 416.7410536524511 -582.0857864376342 99.70000000018176
    vertex 419.15526721482405 -581.7679491924384 99.70000000018176
    vertex 417.1552672148243 -581.7679491924384 99.70000000018176
  endloop
endfacet
facet normal 0.0 4.163336342344336e-16 1.0
  outer loop
    vertex 417.1552672148243 -581.7679491924384 99.70000000018176
    vertex 419.15526721482405 -581.7679491924384 99.70000000018176
    vertex 418.672905305029 -581.5681483474291 99.70000000018176
  endloop
endfacet
facet normal 0.0 4.163336342344336e-16 1.0
  outer loop
    vertex 417.1552672148243 -581.7679491924384 99.70000000018176
    vertex 418.672905305029 -581.5681483474291 99.70000000018176
    vertex 417.637629124619 -581.5681483474291 99.70000000018176
  endloop
endfacet
facet normal 0.0 4.163336342344336e-16 1.0
  outer loop
    vertex 417.637629124619 -581.5681483474291 99.70000000018176
    vertex 418.672905305029 -581.5681483474291 99.70000000018176
    vertex 418.15526721482405 -581.5000000000073 99.70000000018176
  endloop
endfacet
facet normal -0.9637760657954868 0.2667127574747291 -1.1104149161614107e-16
  outer loop
    vertex 436.581908007539 -563.7564594449238 105.70000000017706
    vertex 435.89463484076686 -566.2399455558618 110.0000000001771
    vertex 436.581908007539 -563.7564594449238 110.0000000001771
  endloop
endfacet
facet normal -0.9637760657954868 0.2667127574747291 -1.1104149161614107e-16
  outer loop
    vertex 435.89463484076686 -566.2399455558618 110.0000000001771
    vertex 436.581908007539 -563.7564594449238 105.70000000017706
    vertex 435.89463484076686 -566.2399455558618 105.70000000017708
  endloop
endfacet
facet normal -0.9852776423889306 -0.17096188876036242 7.117718446318466e-17
  outer loop
    vertex 437.14649443599313 -540.7577580941557 105.70000000017706
    vertex 437.58703398797473 -543.2966500910959 110.0000000001771
    vertex 437.14649443599313 -540.7577580941557 110.0000000001771
  endloop
endfacet
facet normal -0.9852776423889306 -0.17096188876036242 7.117718446318466e-17
  outer loop
    vertex 437.58703398797473 -543.2966500910959 110.0000000001771
    vertex 437.14649443599313 -540.7577580941557 105.70000000017706
    vertex 437.58703398797473 -543.2966500910959 105.70000000017706
  endloop
endfacet
facet normal 0.07356456359957031 0.9972904566786974 5.020350349569253e-16
  outer loop
    vertex 383.07921431263964 -603.4367614507788 110.0000000001761
    vertex 380.50936734752713 -603.2471981502979 105.70000000017606
    vertex 380.50936734752713 -603.2471981502979 110.0000000001761
  endloop
endfacet
facet normal 0.07356456359957031 0.9972904566786974 5.020350349569253e-16
  outer loop
    vertex 380.50936734752713 -603.2471981502979 105.70000000017606
    vertex 383.07921431263964 -603.4367614507788 110.0000000001761
    vertex 383.07921431263964 -603.4367614507788 105.70000000017606
  endloop
endfacet
facet normal -0.9495281805930622 -0.3136817403988146 1.3059625897322062e-16
  outer loop
    vertex 435.0863306369313 -533.3132826969112 105.70000000017706
    vertex 435.89463484076356 -535.7600544441433 110.0000000001771
    vertex 435.0863306369313 -533.3132826969112 110.0000000001771
  endloop
endfacet
facet normal -0.9495281805930622 -0.3136817403988146 1.3059625897322062e-16
  outer loop
    vertex 435.89463484076356 -535.7600544441433 110.0000000001771
    vertex 435.0863306369313 -533.3132826969112 105.70000000017706
    vertex 435.89463484076356 -535.7600544441433 105.70000000017706
  endloop
endfacet
facet normal 0.6531728429538531 -0.7572088465064186 3.230430879163296e-16
  outer loop
    vertex 352.3496197962289 -510.41695119846673 105.70000000017562
    vertex 350.39842208535214 -512.1000659188752 110.00000000017549
    vertex 350.39842208535214 -512.1000659188752 105.70000000017562
  endloop
endfacet
facet normal 0.6531728429538531 -0.7572088465064186 3.230430879163296e-16
  outer loop
    vertex 350.39842208535214 -512.1000659188752 110.00000000017549
    vertex 352.3496197962289 -510.41695119846673 105.70000000017562
    vertex 352.3496197962289 -510.41695119846673 110.00000000017549
  endloop
endfacet
facet normal -0.266712757474807 -0.963776065795465 4.0396613480445044e-16
  outer loop
    vertex 400.89521277067877 -500.7606323740649 105.70000000017647
    vertex 398.41172665974074 -500.07335920729264 110.00000000017636
    vertex 398.41172665974074 -500.07335920729264 105.70000000017647
  endloop
endfacet
facet normal -0.266712757474807 -0.963776065795465 4.0396613480445044e-16
  outer loop
    vertex 398.41172665974074 -500.07335920729264 110.00000000017636
    vertex 400.89521277067877 -500.7606323740649 105.70000000017647
    vertex 400.89521277067877 -500.7606323740649 110.00000000017648
  endloop
endfacet
facet normal 0.024541228523005963 -0.9996988186962018 4.1613425749922346e-16
  outer loop
    vertex 385.6552672148193 -498.5000000000073 105.70000000017617
    vertex 383.07921431262963 -498.56323854923596 110.00000000017606
    vertex 383.07921431262963 -498.56323854923596 105.70000000017617
  endloop
endfacet
facet normal 0.024541228523005963 -0.9996988186962018 4.1613425749922346e-16
  outer loop
    vertex 383.07921431262963 -498.56323854923596 110.00000000017606
    vertex 385.6552672148193 -498.5000000000073 105.70000000017617
    vertex 385.6552672148193 -498.5000000000073 110.00000000017621
  endloop
endfacet
facet normal 0.7242470829515151 -0.6895405447370166 2.798729799617643e-16
  outer loop
    vertex 346.75533313368555 -515.7431548705424 105.70000000017545
    vertex 348.53216120252694 -513.876893987717 110.00000000017549
    vertex 346.75533313368555 -515.7431548705424 110.00000000017549
  endloop
endfacet
facet normal 0.7242470829515151 -0.6895405447370166 2.798729799617643e-16
  outer loop
    vertex 348.53216120252694 -513.876893987717 110.00000000017549
    vertex 346.75533313368555 -515.7431548705424 105.70000000017545
    vertex 348.53216120252694 -513.876893987717 105.70000000017562
  endloop
endfacet
facet normal 0.0 4.163336342344336e-16 1.0
  outer loop
    vertex 353.6729053050292 -520.4318516525854 99.70000000018175
    vertex 352.6376291246191 -520.4318516525854 99.70000000018175
    vertex 353.15526721482416 -520.5000000000073 99.70000000018175
  endloop
endfacet
facet normal 0.0 4.163336342344336e-16 1.0
  outer loop
    vertex 352.6376291246191 -520.4318516525854 99.70000000018175
    vertex 353.6729053050292 -520.4318516525854 99.70000000018175
    vertex 354.1552672148243 -520.2320508075761 99.70000000018175
  endloop
endfacet
facet normal 0.0 4.163336342344336e-16 1.0
  outer loop
    vertex 352.6376291246191 -520.4318516525854 99.70000000018175
    vertex 354.1552672148243 -520.2320508075761 99.70000000018175
    vertex 352.155267214824 -520.2320508075761 99.70000000018175
  endloop
endfacet
facet normal 0.0 4.163336342344336e-16 1.0
  outer loop
    vertex 352.155267214824 -520.2320508075761 99.70000000018175
    vertex 354.1552672148243 -520.2320508075761 99.70000000018175
    vertex 354.5694807771971 -519.9142135623804 99.70000000018175
  endloop
endfacet
facet normal 0.0 4.163336342344336e-16 1.0
  outer loop
    vertex 352.155267214824 -520.2320508075761 99.70000000018175
    vertex 354.5694807771971 -519.9142135623804 99.70000000018175
    vertex 351.74105365245117 -519.9142135623804 99.70000000018175
  endloop
endfacet
facet normal 0.0 4.163336342344336e-16 1.0
  outer loop
    vertex 351.74105365245117 -519.9142135623804 99.70000000018175
    vertex 354.5694807771971 -519.9142135623804 99.70000000018175
    vertex 354.88731802239306 -519.5000000000072 99.70000000018175
  endloop
endfacet
facet normal 0.0 4.163336342344336e-16 1.0
  outer loop
    vertex 351.74105365245117 -519.9142135623804 99.70000000018175
    vertex 354.88731802239306 -519.5000000000072 99.70000000018175
    vertex 351.4232164072552 -519.5000000000072 99.70000000018175
  endloop
endfacet
facet normal 0.0 4.163336342344336e-16 1.0
  outer loop
    vertex 351.4232164072552 -519.5000000000072 99.70000000018175
    vertex 354.88731802239306 -519.5000000000072 99.70000000018175
    vertex 351.22341556224586 -519.0176380902122 99.70000000018175
  endloop
endfacet
facet normal 0.0 4.163336342344336e-16 1.0
  outer loop
    vertex 351.22341556224586 -519.0176380902122 99.70000000018175
    vertex 354.88731802239306 -519.5000000000072 99.70000000018175
    vertex 355.0871188674024 -519.0176380902122 99.70000000018175
  endloop
endfacet
facet normal 0.0 4.163336342344336e-16 1.0
  outer loop
    vertex 351.22341556224586 -519.0176380902122 99.70000000018175
    vertex 355.0871188674024 -519.0176380902122 99.70000000018175
    vertex 355.15526721482405 -518.5000000000073 99.70000000018175
  endloop
endfacet
facet normal 0.0 4.163336342344336e-16 1.0
  outer loop
    vertex 351.22341556224586 -519.0176380902122 99.70000000018175
    vertex 355.15526721482405 -518.5000000000073 99.70000000018175
    vertex 351.1552672148242 -518.5000000000073 99.70000000018175
  endloop
endfacet
facet normal 0.0 4.163336342344336e-16 1.0
  outer loop
    vertex 351.1552672148242 -518.5000000000073 99.70000000018175
    vertex 355.15526721482405 -518.5000000000073 99.70000000018175
    vertex 355.0871188674024 -517.9823619098022 99.70000000018175
  endloop
endfacet
facet normal 0.0 4.163336342344336e-16 1.0
  outer loop
    vertex 351.1552672148242 -518.5000000000073 99.70000000018175
    vertex 355.0871188674024 -517.9823619098022 99.70000000018175
    vertex 351.22341556224586 -517.9823619098022 99.70000000018175
  endloop
endfacet
facet normal 0.0 4.163336342344336e-16 1.0
  outer loop
    vertex 351.22341556224586 -517.9823619098022 99.70000000018175
    vertex 355.0871188674024 -517.9823619098022 99.70000000018175
    vertex 354.88731802239306 -517.5000000000072 99.70000000018175
  endloop
endfacet
facet normal 0.0 4.163336342344336e-16 1.0
  outer loop
    vertex 351.22341556224586 -517.9823619098022 99.70000000018175
    vertex 354.88731802239306 -517.5000000000072 99.70000000018175
    vertex 351.4232164072552 -517.5000000000072 99.70000000018175
  endloop
endfacet
facet normal 0.0 4.163336342344336e-16 1.0
  outer loop
    vertex 351.4232164072552 -517.5000000000072 99.70000000018175
    vertex 354.88731802239306 -517.5000000000072 99.70000000018175
    vertex 351.74105365245117 -517.085786437634 99.70000000018175
  endloop
endfacet
facet normal 0.0 4.163336342344336e-16 1.0
  outer loop
    vertex 351.74105365245117 -517.085786437634 99.70000000018175
    vertex 354.88731802239306 -517.5000000000072 99.70000000018175
    vertex 354.5694807771971 -517.085786437634 99.70000000018175
  endloop
endfacet
facet normal 0.0 4.163336342344336e-16 1.0
  outer loop
    vertex 351.74105365245117 -517.085786437634 99.70000000018175
    vertex 354.5694807771971 -517.085786437634 99.70000000018175
    vertex 354.1552672148243 -516.7679491924383 99.70000000018175
  endloop
endfacet
facet normal 0.0 4.163336342344336e-16 1.0
  outer loop
    vertex 351.74105365245117 -517.085786437634 99.70000000018175
    vertex 354.1552672148243 -516.7679491924383 99.70000000018175
    vertex 352.155267214824 -516.7679491924383 99.70000000018175
  endloop
endfacet
facet normal 0.0 4.163336342344336e-16 1.0
  outer loop
    vertex 352.155267214824 -516.7679491924383 99.70000000018175
    vertex 354.1552672148243 -516.7679491924383 99.70000000018175
    vertex 353.6729053050292 -516.5681483474291 99.70000000018175
  endloop
endfacet
facet normal 0.0 4.163336342344336e-16 1.0
  outer loop
    vertex 352.155267214824 -516.7679491924383 99.70000000018175
    vertex 353.6729053050292 -516.5681483474291 99.70000000018175
    vertex 352.6376291246191 -516.5681483474291 99.70000000018175
  endloop
endfacet
facet normal 0.0 4.163336342344336e-16 1.0
  outer loop
    vertex 352.6376291246191 -516.5681483474291 99.70000000018175
    vertex 353.6729053050292 -516.5681483474291 99.70000000018175
    vertex 353.15526721482416 -516.5000000000072 99.70000000018175
  endloop
endfacet
facet normal 0.26671275747497625 -0.9637760657954183 4.007581448459851e-16
  outer loop
    vertex 372.89880776989855 -500.07335920729497 105.70000000017589
    vertex 370.4153216589604 -500.7606323740677 110.00000000017592
    vertex 370.4153216589604 -500.7606323740677 105.70000000017589
  endloop
endfacet
facet normal 0.26671275747497625 -0.9637760657954183 4.007581448459851e-16
  outer loop
    vertex 370.4153216589604 -500.7606323740677 110.00000000017592
    vertex 372.89880776989855 -500.07335920729497 105.70000000017589
    vertex 372.89880776989855 -500.07335920729497 110.00000000017592
  endloop
endfacet
facet normal 0.17096188876035184 -0.9852776423889323 4.10965541509492e-16
  outer loop
    vertex 377.9519173059133 -499.068233226857 105.70000000017602
    vertex 375.4130253089725 -499.50877277883865 110.00000000017606
    vertex 375.4130253089725 -499.50877277883865 105.70000000017602
  endloop
endfacet
facet normal 0.17096188876035184 -0.9852776423889323 4.10965541509492e-16
  outer loop
    vertex 375.4130253089725 -499.50877277883865 110.00000000017606
    vertex 377.9519173059133 -499.068233226857 105.70000000017602
    vertex 377.9519173059133 -499.068233226857 110.00000000017606
  endloop
endfacet
facet normal -0.31368174039879565 -0.9495281805930683 3.9645794428668166e-16
  outer loop
    vertex 403.3419845179111 -501.5689365778971 105.70000000017647
    vertex 400.89521277067877 -500.7606323740649 110.00000000017648
    vertex 400.89521277067877 -500.7606323740649 105.70000000017647
  endloop
endfacet
facet normal -0.31368174039879565 -0.9495281805930683 3.9645794428668166e-16
  outer loop
    vertex 400.89521277067877 -500.7606323740649 110.00000000017648
    vertex 403.3419845179111 -501.5689365778971 105.70000000017647
    vertex 403.3419845179111 -501.5689365778971 110.00000000017651
  endloop
endfacet
facet normal 0.9329927988347757 -0.3598950365348929 1.5725095074599047e-16
  outer loop
    vertex 336.2242037927144 -533.3132826969203 105.70000000017532
    vertex 337.15159175798016 -530.9091198008445 110.0000000001752
    vertex 336.2242037927144 -533.3132826969203 110.0000000001752
  endloop
endfacet
facet normal 0.9329927988347757 -0.3598950365348929 1.5725095074599047e-16
  outer loop
    vertex 337.15159175798016 -530.9091198008445 110.0000000001752
    vertex 336.2242037927144 -533.3132826969203 105.70000000017532
    vertex 337.15159175798016 -530.9091198008445 105.70000000017532
  endloop
endfacet
facet normal 0.4052413140050538 -0.9142097557035024 3.71828252453793e-16
  outer loop
    vertex 365.5643870156526 -502.4963245431667 105.70000000017589
    vertex 363.2086248097299 -503.5405621110286 110.00000000017579
    vertex 363.2086248097299 -503.5405621110286 105.70000000017575
  endloop
endfacet
facet normal 0.4052413140050538 -0.9142097557035024 3.71828252453793e-16
  outer loop
    vertex 363.2086248097299 -503.5405621110286 110.00000000017579
    vertex 365.5643870156526 -502.4963245431667 105.70000000017589
    vertex 365.5643870156526 -502.4963245431667 110.00000000017579
  endloop
endfacet
facet normal -2.6630157932820294e-15 4.163336342344336e-16 1.0
  outer loop
    vertex 363.2086248097393 -598.45943788899 110.00000000017567
    vertex 342.2500771104794 -599.3807403921871 110.00000000017513
    vertex 365.56438701566185 -599.5036754568515 110.0000000001758
  endloop
endfacet
facet normal -2.6630157932820294e-15 4.163336342344336e-16 1.0
  outer loop
    vertex 342.2500771104794 -599.3807403921871 110.00000000017513
    vertex 363.2086248097393 -598.45943788899 110.00000000017567
    vertex 343.1559437683384 -599.2614807841989 110.00000000017515
  endloop
endfacet
facet normal -2.6630157932820294e-15 4.163336342344336e-16 1.0
  outer loop
    vertex 343.1559437683384 -599.2614807841989 110.00000000017515
    vertex 363.2086248097393 -598.45943788899 110.00000000017567
    vertex 344.0000771104795 -598.9118293054327 110.00000000017515
  endloop
endfacet
facet normal -2.6630157932820294e-15 4.163336342344336e-16 1.0
  outer loop
    vertex 344.0000771104795 -598.9118293054327 110.00000000017515
    vertex 363.2086248097393 -598.45943788899 110.00000000017567
    vertex 344.7249508446324 -598.35561412634 110.00000000017518
  endloop
endfacet
facet normal -2.6630157932820294e-15 4.163336342344336e-16 1.0
  outer loop
    vertex 344.7249508446324 -598.35561412634 110.00000000017518
    vertex 363.2086248097393 -598.45943788899 110.00000000017567
    vertex 360.90693853146337 -597.3008663782981 110.00000000017567
  endloop
endfacet
facet normal -2.6630157932820294e-15 4.163336342344336e-16 1.0
  outer loop
    vertex 344.7249508446324 -598.35561412634 110.00000000017518
    vertex 360.90693853146337 -597.3008663782981 110.00000000017567
    vertex 345.28116602372495 -597.6307403921872 110.00000000017518
  endloop
endfacet
facet normal -2.6630157932820294e-15 4.163336342344336e-16 1.0
  outer loop
    vertex 345.28116602372495 -597.6307403921872 110.00000000017518
    vertex 360.90693853146337 -597.3008663782981 110.00000000017567
    vertex 345.6308175024912 -596.7866070500461 110.0000000001752
  endloop
endfacet
facet normal -2.6630157932820294e-15 4.163336342344336e-16 1.0
  outer loop
    vertex 345.6308175024912 -596.7866070500461 110.0000000001752
    vertex 360.90693853146337 -597.3008663782981 110.00000000017567
    vertex 358.66487314468395 -596.0307520250238 110.00000000017567
  endloop
endfacet
facet normal -2.6630157932820294e-15 4.163336342344336e-16 1.0
  outer loop
    vertex 345.6308175024912 -596.7866070500461 110.0000000001752
    vertex 358.66487314468395 -596.0307520250238 110.00000000017567
    vertex 345.7500771104795 -595.8807403921871 110.0000000001752
  endloop
endfacet
facet normal -2.6630157932820294e-15 4.163336342344336e-16 1.0
  outer loop
    vertex 345.7500771104795 -595.8807403921871 110.0000000001752
    vertex 358.66487314468395 -596.0307520250238 110.00000000017567
    vertex 356.487829981299 -594.6521546458935 110.00000000017552
  endloop
endfacet
facet normal -2.6630157932820294e-15 4.163336342344336e-16 1.0
  outer loop
    vertex 345.7500771104795 -595.8807403921871 110.0000000001752
    vertex 356.487829981299 -594.6521546458935 110.00000000017552
    vertex 345.63081750249114 -594.9748737343284 110.0000000001752
  endloop
endfacet
facet normal -2.6630157932820294e-15 4.163336342344336e-16 1.0
  outer loop
    vertex 345.63081750249114 -594.9748737343284 110.0000000001752
    vertex 356.487829981299 -594.6521546458935 110.00000000017552
    vertex 345.28116602372495 -594.1307403921872 110.00000000017518
  endloop
endfacet
facet normal -2.6630157932820294e-15 4.163336342344336e-16 1.0
  outer loop
    vertex 345.28116602372495 -594.1307403921872 110.00000000017518
    vertex 356.487829981299 -594.6521546458935 110.00000000017552
    vertex 354.3810537289756 -593.1683954027438 110.00000000017552
  endloop
endfacet
facet normal -2.6630157932820294e-15 4.163336342344336e-16 1.0
  outer loop
    vertex 345.28116602372495 -594.1307403921872 110.00000000017518
    vertex 354.3810537289756 -593.1683954027438 110.00000000017552
    vertex 344.72495084463225 -593.4058666580343 110.00000000017518
  endloop
endfacet
facet normal -2.6630157932820294e-15 4.163336342344336e-16 1.0
  outer loop
    vertex 344.72495084463225 -593.4058666580343 110.00000000017518
    vertex 354.3810537289756 -593.1683954027438 110.00000000017552
    vertex 344.0000771104795 -592.8496514789416 110.00000000017515
  endloop
endfacet
facet normal -2.6630157932820294e-15 4.163336342344336e-16 1.0
  outer loop
    vertex 344.0000771104795 -592.8496514789416 110.00000000017515
    vertex 354.3810537289756 -593.1683954027438 110.00000000017552
    vertex 352.349619796237 -591.5830488015539 110.00000000017552
  endloop
endfacet
facet normal -2.6630157932820294e-15 4.163336342344336e-16 1.0
  outer loop
    vertex 344.0000771104795 -592.8496514789416 110.00000000017515
    vertex 352.349619796237 -591.5830488015539 110.00000000017552
    vertex 343.15594376833826 -592.5000000001755 110.00000000017515
  endloop
endfacet
facet normal -2.6630157932820294e-15 4.163336342344336e-16 1.0
  outer loop
    vertex 343.15594376833826 -592.5000000001755 110.00000000017515
    vertex 352.349619796237 -591.5830488015539 110.00000000017552
    vertex 342.25007711047954 -592.3807403921871 110.00000000017513
  endloop
endfacet
facet normal -2.6630157932820294e-15 4.163336342344336e-16 1.0
  outer loop
    vertex 354.38105372896797 -508.8316045972763 110.00000000017563
    vertex 342.25007711047954 -509.50000000000216 110.00000000017322
    vertex 352.3496197962289 -510.41695119846673 110.00000000017549
  endloop
endfacet
facet normal -2.6630157932820294e-15 4.163336342344336e-16 1.0
  outer loop
    vertex 342.25007711047954 -509.50000000000216 110.00000000017322
    vertex 354.38105372896797 -508.8316045972763 110.00000000017563
    vertex 343.15594376833843 -509.3807403920138 110.00000000017322
  endloop
endfacet
facet normal -2.6630157932820294e-15 4.163336342344336e-16 1.0
  outer loop
    vertex 343.15594376833843 -509.3807403920138 110.00000000017322
    vertex 354.38105372896797 -508.8316045972763 110.00000000017563
    vertex 344.00007711047965 -509.0310889132477 110.00000000017322
  endloop
endfacet
facet normal -2.6630157932820294e-15 4.163336342344336e-16 1.0
  outer loop
    vertex 344.00007711047965 -509.0310889132477 110.00000000017322
    vertex 354.38105372896797 -508.8316045972763 110.00000000017563
    vertex 344.7249508446324 -508.47487373415504 110.00000000017322
  endloop
endfacet
facet normal -2.6630157932820294e-15 4.163336342344336e-16 1.0
  outer loop
    vertex 344.7249508446324 -508.47487373415504 110.00000000017322
    vertex 354.38105372896797 -508.8316045972763 110.00000000017563
    vertex 356.48782998129104 -507.3478453541264 110.00000000017563
  endloop
endfacet
facet normal -2.6630157932820294e-15 4.163336342344336e-16 1.0
  outer loop
    vertex 344.7249508446324 -508.47487373415504 110.00000000017322
    vertex 356.48782998129104 -507.3478453541264 110.00000000017563
    vertex 345.281166023725 -507.7500000000021 110.00000000017322
  endloop
endfacet
facet normal -2.6630157932820294e-15 4.163336342344336e-16 1.0
  outer loop
    vertex 345.281166023725 -507.7500000000021 110.00000000017322
    vertex 356.48782998129104 -507.3478453541264 110.00000000017563
    vertex 345.63081750249125 -506.90586665786094 110.00000000017322
  endloop
endfacet
facet normal -2.6630157932820294e-15 4.163336342344336e-16 1.0
  outer loop
    vertex 345.63081750249125 -506.90586665786094 110.00000000017322
    vertex 356.48782998129104 -507.3478453541264 110.00000000017563
    vertex 358.664873144676 -505.9692479749955 110.00000000017563
  endloop
endfacet
facet normal -2.6630157932820294e-15 4.163336342344336e-16 1.0
  outer loop
    vertex 345.63081750249125 -506.90586665786094 110.00000000017322
    vertex 358.664873144676 -505.9692479749955 110.00000000017563
    vertex 345.75007711047954 -506.00000000000216 110.00000000017322
  endloop
endfacet
facet normal -2.6630157932820294e-15 4.163336342344336e-16 1.0
  outer loop
    vertex 345.75007711047954 -506.00000000000216 110.00000000017322
    vertex 358.664873144676 -505.9692479749955 110.00000000017563
    vertex 345.6308175024912 -505.09413334214327 110.00000000017322
  endloop
endfacet
facet normal -2.6630157932820294e-15 4.163336342344336e-16 1.0
  outer loop
    vertex 345.6308175024912 -505.09413334214327 110.00000000017322
    vertex 358.664873144676 -505.9692479749955 110.00000000017563
    vertex 360.9069385314552 -504.69913362172093 110.00000000017579
  endloop
endfacet
facet normal -2.6630157932820294e-15 4.163336342344336e-16 1.0
  outer loop
    vertex 345.6308175024912 -505.09413334214327 110.00000000017322
    vertex 360.9069385314552 -504.69913362172093 110.00000000017579
    vertex 345.281166023725 -504.25000000000216 110.00000000017322
  endloop
endfacet
facet normal -2.6630157932820294e-15 4.163336342344336e-16 1.0
  outer loop
    vertex 345.281166023725 -504.25000000000216 110.00000000017322
    vertex 360.9069385314552 -504.69913362172093 110.00000000017579
    vertex 363.2086248097299 -503.5405621110286 110.00000000017579
  endloop
endfacet
facet normal -2.6630157932820294e-15 4.163336342344336e-16 1.0
  outer loop
    vertex 345.281166023725 -504.25000000000216 110.00000000017322
    vertex 363.2086248097299 -503.5405621110286 110.00000000017579
    vertex 344.7249508446324 -503.52512626584934 110.00000000017322
  endloop
endfacet
facet normal -2.6630157932820294e-15 4.163336342344336e-16 1.0
  outer loop
    vertex 344.7249508446324 -503.52512626584934 110.00000000017322
    vertex 363.2086248097299 -503.5405621110286 110.00000000017579
    vertex 365.5643870156526 -502.4963245431667 110.00000000017579
  endloop
endfacet
facet normal -2.6630157932820294e-15 4.163336342344336e-16 1.0
  outer loop
    vertex 344.7249508446324 -503.52512626584934 110.00000000017322
    vertex 365.5643870156526 -502.4963245431667 110.00000000017579
    vertex 344.0000771104796 -502.9689110867567 110.00000000017322
  endloop
endfacet
facet normal -2.6630157932820294e-15 4.163336342344336e-16 1.0
  outer loop
    vertex 344.0000771104796 -502.9689110867567 110.00000000017322
    vertex 365.5643870156526 -502.4963245431667 110.00000000017579
    vertex 343.15594376833843 -502.61925960799044 110.00000000017322
  endloop
endfacet
facet normal -2.6630157932820294e-15 4.163336342344336e-16 1.0
  outer loop
    vertex 343.15594376833843 -502.61925960799044 110.00000000017322
    vertex 365.5643870156526 -502.4963245431667 110.00000000017579
    vertex 342.25007711047965 -502.5000000000022 110.00000000017322
  endloop
endfacet
facet normal -2.6630157932820294e-15 4.163336342344336e-16 1.0
  outer loop
    vertex 440.455267214818 -606.0000000000023 110.00000000017351
    vertex 388.2313201170182 -603.4367614507784 110.0000000001761
    vertex 330.8552672148191 -606.0000000000022 110.00000000017322
  endloop
endfacet
facet normal -2.6630157932820294e-15 4.163336342344336e-16 1.0
  outer loop
    vertex 388.2313201170182 -603.4367614507784 110.0000000001761
    vertex 440.455267214818 -606.0000000000023 110.00000000017351
    vertex 390.8011670821307 -603.247198150297 110.00000000017626
  endloop
endfacet
facet normal -2.6630157932820294e-15 4.163336342344336e-16 1.0
  outer loop
    vertex 390.8011670821307 -603.247198150297 110.00000000017626
    vertex 440.455267214818 -606.0000000000023 110.00000000017351
    vertex 393.35861712373577 -602.9317667731574 110.00000000017626
  endloop
endfacet
facet normal -2.6630157932820294e-15 4.163336342344336e-16 1.0
  outer loop
    vertex 393.35861712373577 -602.9317667731574 110.00000000017626
    vertex 440.455267214818 -606.0000000000023 110.00000000017351
    vertex 395.8975091206754 -602.4912272211758 110.00000000017626
  endloop
endfacet
facet normal -2.6630157932820294e-15 4.163336342344336e-16 1.0
  outer loop
    vertex 395.8975091206754 -602.4912272211758 110.00000000017626
    vertex 440.455267214818 -606.0000000000023 110.00000000017351
    vertex 398.4117266597506 -601.9266407927195 110.0000000001764
  endloop
endfacet
facet normal -2.6630157932820294e-15 4.163336342344336e-16 1.0
  outer loop
    vertex 398.4117266597506 -601.9266407927195 110.0000000001764
    vertex 440.455267214818 -606.0000000000023 110.00000000017351
    vertex 400.89521277068803 -601.2393676259467 110.0000000001764
  endloop
endfacet
facet normal -2.6630157932820294e-15 4.163336342344336e-16 1.0
  outer loop
    vertex 400.89521277068803 -601.2393676259467 110.0000000001764
    vertex 440.455267214818 -606.0000000000023 110.00000000017351
    vertex 403.34198451792037 -600.4310634221141 110.0000000001764
  endloop
endfacet
facet normal -2.6630157932820294e-15 4.163336342344336e-16 1.0
  outer loop
    vertex 403.34198451792037 -600.4310634221141 110.0000000001764
    vertex 440.455267214818 -606.0000000000023 110.00000000017351
    vertex 405.74614741399586 -599.5036754568479 110.0000000001764
  endloop
endfacet
facet normal -2.6630157932820294e-15 4.163336342344336e-16 1.0
  outer loop
    vertex 405.74614741399586 -599.5036754568479 110.0000000001764
    vertex 440.455267214818 -606.0000000000023 110.00000000017351
    vertex 408.1019096199185 -598.4594378889858 110.00000000017653
  endloop
endfacet
facet normal -2.6630157932820294e-15 4.163336342344336e-16 1.0
  outer loop
    vertex 408.1019096199185 -598.4594378889858 110.00000000017653
    vertex 440.455267214818 -606.0000000000023 110.00000000017351
    vertex 410.4035958981934 -597.3008663782934 110.00000000017653
  endloop
endfacet
facet normal -2.6630157932820294e-15 4.163336342344336e-16 1.0
  outer loop
    vertex 410.4035958981934 -597.3008663782934 110.00000000017653
    vertex 440.455267214818 -606.0000000000023 110.00000000017351
    vertex 412.6456612849725 -596.030752025019 110.00000000017668
  endloop
endfacet
facet normal -2.6630157932820294e-15 4.163336342344336e-16 1.0
  outer loop
    vertex 412.6456612849725 -596.030752025019 110.00000000017668
    vertex 440.455267214818 -606.0000000000023 110.00000000017351
    vertex 414.822704448357 -594.652154645888 110.00000000017668
  endloop
endfacet
facet normal -2.6630157932820294e-15 4.163336342344336e-16 1.0
  outer loop
    vertex 414.822704448357 -594.652154645888 110.00000000017668
    vertex 440.455267214818 -606.0000000000023 110.00000000017351
    vertex 416.92948070068115 -593.1683954027382 110.00000000017668
  endloop
endfacet
facet normal -2.6630157932820294e-15 4.163336342344336e-16 1.0
  outer loop
    vertex 416.92948070068115 -593.1683954027382 110.00000000017668
    vertex 440.455267214818 -606.0000000000023 110.00000000017351
    vertex 418.960914633419 -591.5830488015478 110.00000000017668
  endloop
endfacet
facet normal -2.6630157932820294e-15 4.163336342344336e-16 1.0
  outer loop
    vertex 418.960914633419 -591.5830488015478 110.00000000017668
    vertex 440.455267214818 -606.0000000000023 110.00000000017351
    vertex 420.91211234429596 -589.8999340811392 110.00000000017668
  endloop
endfacet
facet normal -2.6630157932820294e-15 4.163336342344336e-16 1.0
  outer loop
    vertex 420.91211234429596 -589.8999340811392 110.00000000017668
    vertex 440.455267214818 -606.0000000000023 110.00000000017351
    vertex 422.7783732271215 -588.1231060122974 110.00000000017683
  endloop
endfacet
facet normal -2.6630157932820294e-15 4.163336342344336e-16 1.0
  outer loop
    vertex 422.7783732271215 -588.1231060122974 110.00000000017683
    vertex 440.455267214818 -606.0000000000023 110.00000000017351
    vertex 424.55520129596243 -586.256845129472 110.00000000017683
  endloop
endfacet
facet normal -2.6630157932820294e-15 4.163336342344336e-16 1.0
  outer loop
    vertex 424.55520129596243 -586.256845129472 110.00000000017683
    vertex 440.455267214818 -606.0000000000023 110.00000000017351
    vertex 426.2383160163707 -584.3056474185947 110.00000000017683
  endloop
endfacet
facet normal -2.6630157932820294e-15 4.163336342344336e-16 1.0
  outer loop
    vertex 426.2383160163707 -584.3056474185947 110.00000000017683
    vertex 440.455267214818 -606.0000000000023 110.00000000017351
    vertex 427.823662617561 -582.274213485856 110.00000000017695
  endloop
endfacet
facet normal -2.6630157932820294e-15 4.163336342344336e-16 1.0
  outer loop
    vertex 427.823662617561 -582.274213485856 110.00000000017695
    vertex 440.455267214818 -606.0000000000023 110.00000000017351
    vertex 429.30742186071046 -580.1674372335323 110.00000000017695
  endloop
endfacet
facet normal -2.6630157932820294e-15 4.163336342344336e-16 1.0
  outer loop
    vertex 429.30742186071046 -580.1674372335323 110.00000000017695
    vertex 440.455267214818 -606.0000000000023 110.00000000017351
    vertex 430.68601923984085 -577.9903940701471 110.00000000017695
  endloop
endfacet
facet normal -2.6630157932820294e-15 4.163336342344336e-16 1.0
  outer loop
    vertex 430.68601923984085 -577.9903940701471 110.00000000017695
    vertex 440.455267214818 -606.0000000000023 110.00000000017351
    vertex 431.956133593115 -575.7483286833677 110.00000000017695
  endloop
endfacet
facet normal -2.6630157932820294e-15 4.163336342344336e-16 1.0
  outer loop
    vertex 431.956133593115 -575.7483286833677 110.00000000017695
    vertex 440.455267214818 -606.0000000000023 110.00000000017351
    vertex 433.11470510380707 -573.4466424050926 110.00000000017695
  endloop
endfacet
facet normal -2.6630157932820294e-15 4.163336342344336e-16 1.0
  outer loop
    vertex 433.11470510380707 -573.4466424050926 110.00000000017695
    vertex 440.455267214818 -606.0000000000023 110.00000000017351
    vertex 434.1589426716684 -571.0908801991699 110.00000000017695
  endloop
endfacet
facet normal -2.6630157932820294e-15 4.163336342344336e-16 1.0
  outer loop
    vertex 434.1589426716684 -571.0908801991699 110.00000000017695
    vertex 440.455267214818 -606.0000000000023 110.00000000017351
    vertex 435.0863306369348 -568.6867173030942 110.00000000017695
  endloop
endfacet
facet normal -2.6630157932820294e-15 4.163336342344336e-16 1.0
  outer loop
    vertex 435.0863306369348 -568.6867173030942 110.00000000017695
    vertex 440.455267214818 -606.0000000000023 110.00000000017351
    vertex 435.89463484076686 -566.2399455558618 110.0000000001771
  endloop
endfacet
facet normal -2.6630157932820294e-15 4.163336342344336e-16 1.0
  outer loop
    vertex 435.89463484076686 -566.2399455558618 110.0000000001771
    vertex 440.455267214818 -606.0000000000023 110.00000000017351
    vertex 436.581908007539 -563.7564594449238 110.0000000001771
  endloop
endfacet
facet normal -2.6630157932820294e-15 4.163336342344336e-16 1.0
  outer loop
    vertex 436.581908007539 -563.7564594449238 110.0000000001771
    vertex 440.455267214818 -606.0000000000023 110.00000000017351
    vertex 437.1464944359943 -561.2422419058491 110.0000000001771
  endloop
endfacet
facet normal -2.6630157932820294e-15 4.163336342344336e-16 1.0
  outer loop
    vertex 437.1464944359943 -561.2422419058491 110.0000000001771
    vertex 440.455267214818 -606.0000000000023 110.00000000017351
    vertex 437.5870339879759 -558.7033499089089 110.0000000001771
  endloop
endfacet
facet normal -2.6630157932820294e-15 4.163336342344336e-16 1.0
  outer loop
    vertex 437.5870339879759 -558.7033499089089 110.0000000001771
    vertex 440.455267214818 -606.0000000000023 110.00000000017351
    vertex 437.9024653651151 -556.1458998673043 110.0000000001771
  endloop
endfacet
facet normal -2.6630157932820294e-15 4.163336342344336e-16 1.0
  outer loop
    vertex 437.9024653651151 -556.1458998673043 110.0000000001771
    vertex 440.455267214818 -606.0000000000023 110.00000000017351
    vertex 438.09202866559593 -553.5760529021918 110.0000000001771
  endloop
endfacet
facet normal -2.6630157932820294e-15 4.163336342344336e-16 1.0
  outer loop
    vertex 438.09202866559593 -553.5760529021918 110.0000000001771
    vertex 440.455267214818 -606.0000000000023 110.00000000017351
    vertex 440.455267214818 -496.00000000000233 110.00000000017346
  endloop
endfacet
facet normal -2.6630157932820294e-15 4.163336342344336e-16 1.0
  outer loop
    vertex 330.8552672148191 -606.0000000000022 110.00000000017322
    vertex 388.2313201170182 -603.4367614507784 110.0000000001761
    vertex 385.65526721482917 -603.5000000000072 110.0000000001761
  endloop
endfacet
facet normal -2.6630157932820294e-15 4.163336342344336e-16 1.0
  outer loop
    vertex 438.09202866559593 -553.5760529021918 110.0000000001771
    vertex 440.455267214818 -496.00000000000233 110.00000000017346
    vertex 438.1474053502844 -551.3202568561711 110.0000000001771
  endloop
endfacet
facet normal -2.6630157932820294e-15 4.163336342344336e-16 1.0
  outer loop
    vertex 438.1474053502844 -551.3202568561711 110.0000000001771
    vertex 440.455267214818 -496.00000000000233 110.00000000017346
    vertex 438.1474053502844 -550.6797431438418 110.00000000017349
  endloop
endfacet
facet normal -2.6630157932820294e-15 4.163336342344336e-16 1.0
  outer loop
    vertex 438.1474053502844 -550.6797431438418 110.00000000017349
    vertex 440.455267214818 -496.00000000000233 110.00000000017346
    vertex 438.0920286655955 -548.4239470978129 110.0000000001771
  endloop
endfacet
facet normal -2.6630157932820294e-15 4.163336342344336e-16 1.0
  outer loop
    vertex 438.0920286655955 -548.4239470978129 110.0000000001771
    vertex 440.455267214818 -496.00000000000233 110.00000000017346
    vertex 437.9024653651144 -545.8541001327005 110.0000000001771
  endloop
endfacet
facet normal -2.6630157932820294e-15 4.163336342344336e-16 1.0
  outer loop
    vertex 437.9024653651144 -545.8541001327005 110.0000000001771
    vertex 440.455267214818 -496.00000000000233 110.00000000017346
    vertex 437.58703398797473 -543.2966500910959 110.0000000001771
  endloop
endfacet
facet normal -2.6630157932820294e-15 4.163336342344336e-16 1.0
  outer loop
    vertex 437.58703398797473 -543.2966500910959 110.0000000001771
    vertex 440.455267214818 -496.00000000000233 110.00000000017346
    vertex 437.14649443599313 -540.7577580941557 110.0000000001771
  endloop
endfacet
facet normal -2.6630157932820294e-15 4.163336342344336e-16 1.0
  outer loop
    vertex 437.14649443599313 -540.7577580941557 110.0000000001771
    vertex 440.455267214818 -496.00000000000233 110.00000000017346
    vertex 436.58190800753675 -538.2435405550812 110.0000000001771
  endloop
endfacet
facet normal -2.6630157932820294e-15 4.163336342344336e-16 1.0
  outer loop
    vertex 436.58190800753675 -538.2435405550812 110.0000000001771
    vertex 440.455267214818 -496.00000000000233 110.00000000017346
    vertex 435.89463484076356 -535.7600544441433 110.0000000001771
  endloop
endfacet
facet normal -2.6630157932820294e-15 4.163336342344336e-16 1.0
  outer loop
    vertex 435.89463484076356 -535.7600544441433 110.0000000001771
    vertex 440.455267214818 -496.00000000000233 110.00000000017346
    vertex 435.0863306369313 -533.3132826969112 110.0000000001771
  endloop
endfacet
facet normal -2.6630157932820294e-15 4.163336342344336e-16 1.0
  outer loop
    vertex 435.0863306369313 -533.3132826969112 110.0000000001771
    vertex 440.455267214818 -496.00000000000233 110.00000000017346
    vertex 434.1589426716643 -530.9091198008355 110.0000000001771
  endloop
endfacet
facet normal -2.6630157932820294e-15 4.163336342344336e-16 1.0
  outer loop
    vertex 434.1589426716643 -530.9091198008355 110.0000000001771
    vertex 440.455267214818 -496.00000000000233 110.00000000017346
    vertex 433.1147051038026 -528.553357594913 110.00000000017694
  endloop
endfacet
facet normal -2.6630157932820294e-15 4.163336342344336e-16 1.0
  outer loop
    vertex 433.1147051038026 -528.553357594913 110.00000000017694
    vertex 440.455267214818 -496.00000000000233 110.00000000017346
    vertex 431.9561335931104 -526.2516713166381 110.00000000017694
  endloop
endfacet
facet normal -2.6630157932820294e-15 4.163336342344336e-16 1.0
  outer loop
    vertex 431.9561335931104 -526.2516713166381 110.00000000017694
    vertex 440.455267214818 -496.00000000000233 110.00000000017346
    vertex 430.68601923983624 -524.0096059298589 110.00000000017694
  endloop
endfacet
facet normal -2.6630157932820294e-15 4.163336342344336e-16 1.0
  outer loop
    vertex 430.68601923983624 -524.0096059298589 110.00000000017694
    vertex 440.455267214818 -496.00000000000233 110.00000000017346
    vertex 429.30742186070466 -521.8325627664741 110.00000000017694
  endloop
endfacet
facet normal -2.6630157932820294e-15 4.163336342344336e-16 1.0
  outer loop
    vertex 429.30742186070466 -521.8325627664741 110.00000000017694
    vertex 440.455267214818 -496.00000000000233 110.00000000017346
    vertex 427.82366261755527 -519.7257865141506 110.00000000017694
  endloop
endfacet
facet normal -2.6630157932820294e-15 4.163336342344336e-16 1.0
  outer loop
    vertex 427.82366261755527 -519.7257865141506 110.00000000017694
    vertex 440.455267214818 -496.00000000000233 110.00000000017346
    vertex 426.2383160163649 -517.6943525814122 110.00000000017694
  endloop
endfacet
facet normal -2.6630157932820294e-15 4.163336342344336e-16 1.0
  outer loop
    vertex 426.2383160163649 -517.6943525814122 110.00000000017694
    vertex 440.455267214818 -496.00000000000233 110.00000000017346
    vertex 424.55520129595664 -515.7431548705352 110.00000000017694
  endloop
endfacet
facet normal -2.6630157932820294e-15 4.163336342344336e-16 1.0
  outer loop
    vertex 424.55520129595664 -515.7431548705352 110.00000000017694
    vertex 440.455267214818 -496.00000000000233 110.00000000017346
    vertex 422.7783732271146 -513.8768939877101 110.0000000001768
  endloop
endfacet
facet normal -2.6630157932820294e-15 4.163336342344336e-16 1.0
  outer loop
    vertex 422.7783732271146 -513.8768939877101 110.0000000001768
    vertex 440.455267214818 -496.00000000000233 110.00000000017346
    vertex 420.9121123442889 -512.1000659188687 110.00000000017678
  endloop
endfacet
facet normal -2.6630157932820294e-15 4.163336342344336e-16 1.0
  outer loop
    vertex 420.9121123442889 -512.1000659188687 110.00000000017678
    vertex 440.455267214818 -496.00000000000233 110.00000000017346
    vertex 418.9609146334122 -510.41695119846054 110.00000000017678
  endloop
endfacet
facet normal -2.6630157932820294e-15 4.163336342344336e-16 1.0
  outer loop
    vertex 418.9609146334122 -510.41695119846054 110.00000000017678
    vertex 440.455267214818 -496.00000000000233 110.00000000017346
    vertex 416.92948070067297 -508.8316045972705 110.00000000017678
  endloop
endfacet
facet normal -2.6630157932820294e-15 4.163336342344336e-16 1.0
  outer loop
    vertex 416.92948070067297 -508.8316045972705 110.00000000017678
    vertex 440.455267214818 -496.00000000000233 110.00000000017346
    vertex 414.8227044483488 -507.347845354121 110.00000000017664
  endloop
endfacet
facet normal -2.6630157932820294e-15 4.163336342344336e-16 1.0
  outer loop
    vertex 414.8227044483488 -507.347845354121 110.00000000017664
    vertex 440.455267214818 -496.00000000000233 110.00000000017346
    vertex 412.64566128496386 -505.96924797499054 110.00000000017664
  endloop
endfacet
facet normal -2.6630157932820294e-15 4.163336342344336e-16 1.0
  outer loop
    vertex 412.64566128496386 -505.96924797499054 110.00000000017664
    vertex 440.455267214818 -496.00000000000233 110.00000000017346
    vertex 410.40359589818473 -504.6991336217163 110.00000000017664
  endloop
endfacet
facet normal -2.6630157932820294e-15 4.163336342344336e-16 1.0
  outer loop
    vertex 410.40359589818473 -504.6991336217163 110.00000000017664
    vertex 440.455267214818 -496.00000000000233 110.00000000017346
    vertex 408.10190961990986 -503.5405621110244 110.00000000017664
  endloop
endfacet
facet normal -2.6630157932820294e-15 4.163336342344336e-16 1.0
  outer loop
    vertex 408.10190961990986 -503.5405621110244 110.00000000017664
    vertex 440.455267214818 -496.00000000000233 110.00000000017346
    vertex 405.74614741398716 -502.49632454316287 110.00000000017651
  endloop
endfacet
facet normal -2.6630157932820294e-15 4.163336342344336e-16 1.0
  outer loop
    vertex 405.74614741398716 -502.49632454316287 110.00000000017651
    vertex 440.455267214818 -496.00000000000233 110.00000000017346
    vertex 403.3419845179111 -501.5689365778971 110.00000000017651
  endloop
endfacet
facet normal -2.6630157932820294e-15 4.163336342344336e-16 1.0
  outer loop
    vertex 403.3419845179111 -501.5689365778971 110.00000000017651
    vertex 440.455267214818 -496.00000000000233 110.00000000017346
    vertex 400.89521277067877 -500.7606323740649 110.00000000017648
  endloop
endfacet
facet normal -2.6630157932820294e-15 4.163336342344336e-16 1.0
  outer loop
    vertex 400.89521277067877 -500.7606323740649 110.00000000017648
    vertex 440.455267214818 -496.00000000000233 110.00000000017346
    vertex 398.41172665974074 -500.07335920729264 110.00000000017636
  endloop
endfacet
facet normal -2.6630157932820294e-15 4.163336342344336e-16 1.0
  outer loop
    vertex 398.41172665974074 -500.07335920729264 110.00000000017636
    vertex 440.455267214818 -496.00000000000233 110.00000000017346
    vertex 395.8975091206662 -499.50877277883677 110.00000000017636
  endloop
endfacet
facet normal -2.6630157932820294e-15 4.163336342344336e-16 1.0
  outer loop
    vertex 395.8975091206662 -499.50877277883677 110.00000000017636
    vertex 440.455267214818 -496.00000000000233 110.00000000017346
    vertex 393.358617123726 -499.06823322685557 110.00000000017636
  endloop
endfacet
facet normal -2.6630157932820294e-15 4.163336342344336e-16 1.0
  outer loop
    vertex 393.358617123726 -499.06823322685557 110.00000000017636
    vertex 440.455267214818 -496.00000000000233 110.00000000017346
    vertex 390.80116708212154 -498.75280184971655 110.00000000017636
  endloop
endfacet
facet normal -2.6630157932820294e-15 4.163336342344336e-16 1.0
  outer loop
    vertex 390.80116708212154 -498.75280184971655 110.00000000017636
    vertex 440.455267214818 -496.00000000000233 110.00000000017346
    vertex 388.23132011700903 -498.56323854923556 110.00000000017621
  endloop
endfacet
facet normal -2.6630157932820294e-15 4.163336342344336e-16 1.0
  outer loop
    vertex 388.23132011700903 -498.56323854923556 110.00000000017621
    vertex 440.455267214818 -496.00000000000233 110.00000000017346
    vertex 385.6552672148193 -498.5000000000073 110.00000000017621
  endloop
endfacet
facet normal -2.6630157932820294e-15 4.163336342344336e-16 1.0
  outer loop
    vertex 330.8552672148191 -606.0000000000022 110.00000000017322
    vertex 333.21850576405313 -553.5760529022015 110.00000000017522
    vertex 330.8552672148191 -496.0000000000023 110.00000000017317
  endloop
endfacet
facet normal -2.6630157932820294e-15 4.163336342344336e-16 1.0
  outer loop
    vertex 333.21850576405313 -553.5760529022015 110.00000000017522
    vertex 330.8552672148191 -606.0000000000022 110.00000000017322
    vertex 333.40806906453463 -556.1458998673139 110.00000000017522
  endloop
endfacet
facet normal -2.6630157932820294e-15 4.163336342344336e-16 1.0
  outer loop
    vertex 333.40806906453463 -556.1458998673139 110.00000000017522
    vertex 330.8552672148191 -606.0000000000022 110.00000000017322
    vertex 333.72350044167433 -558.7033499089185 110.00000000017522
  endloop
endfacet
facet normal -2.6630157932820294e-15 4.163336342344336e-16 1.0
  outer loop
    vertex 333.72350044167433 -558.7033499089185 110.00000000017522
    vertex 330.8552672148191 -606.0000000000022 110.00000000017322
    vertex 338.86933671846765 -596.7866070500461 110.00000000017506
  endloop
endfacet
facet normal -2.6630157932820294e-15 4.163336342344336e-16 1.0
  outer loop
    vertex 338.86933671846765 -596.7866070500461 110.00000000017506
    vertex 330.8552672148191 -606.0000000000022 110.00000000017322
    vertex 339.21898819723384 -597.6307403921871 110.00000000017506
  endloop
endfacet
facet normal -2.6630157932820294e-15 4.163336342344336e-16 1.0
  outer loop
    vertex 339.21898819723384 -597.6307403921871 110.00000000017506
    vertex 330.8552672148191 -606.0000000000022 110.00000000017322
    vertex 339.7752033763265 -598.35561412634 110.00000000017509
  endloop
endfacet
facet normal -2.6630157932820294e-15 4.163336342344336e-16 1.0
  outer loop
    vertex 339.7752033763265 -598.35561412634 110.00000000017509
    vertex 330.8552672148191 -606.0000000000022 110.00000000017322
    vertex 340.5000771104794 -598.9118293054327 110.0000000001751
  endloop
endfacet
facet normal -2.6630157932820294e-15 4.163336342344336e-16 1.0
  outer loop
    vertex 340.5000771104794 -598.9118293054327 110.0000000001751
    vertex 330.8552672148191 -606.0000000000022 110.00000000017322
    vertex 341.3442104526206 -599.261480784199 110.0000000001751
  endloop
endfacet
facet normal -2.6630157932820294e-15 4.163336342344336e-16 1.0
  outer loop
    vertex 341.3442104526206 -599.261480784199 110.0000000001751
    vertex 330.8552672148191 -606.0000000000022 110.00000000017322
    vertex 342.2500771104794 -599.3807403921871 110.00000000017513
  endloop
endfacet
facet normal -2.6630157932820294e-15 4.163336342344336e-16 1.0
  outer loop
    vertex 342.2500771104794 -599.3807403921871 110.00000000017513
    vertex 330.8552672148191 -606.0000000000022 110.00000000017322
    vertex 380.50936734752713 -603.2471981502979 110.0000000001761
  endloop
endfacet
facet normal -2.6630157932820294e-15 4.163336342344336e-16 1.0
  outer loop
    vertex 380.50936734752713 -603.2471981502979 110.0000000001761
    vertex 330.8552672148191 -606.0000000000022 110.00000000017322
    vertex 383.07921431263964 -603.4367614507788 110.0000000001761
  endloop
endfacet
facet normal -2.6630157932820294e-15 4.163336342344336e-16 1.0
  outer loop
    vertex 383.07921431263964 -603.4367614507788 110.0000000001761
    vertex 330.8552672148191 -606.0000000000022 110.00000000017322
    vertex 385.65526721482917 -603.5000000000072 110.0000000001761
  endloop
endfacet
facet normal -2.6630157932820294e-15 4.163336342344336e-16 1.0
  outer loop
    vertex 342.2500771104794 -599.3807403921871 110.00000000017513
    vertex 380.50936734752713 -603.2471981502979 110.0000000001761
    vertex 377.95191730592245 -602.9317667731588 110.00000000017597
  endloop
endfacet
facet normal -2.6630157932820294e-15 4.163336342344336e-16 1.0
  outer loop
    vertex 342.2500771104794 -599.3807403921871 110.00000000017513
    vertex 377.95191730592245 -602.9317667731588 110.00000000017597
    vertex 375.41302530898224 -602.4912272211776 110.00000000017597
  endloop
endfacet
facet normal -2.6630157932820294e-15 4.163336342344336e-16 1.0
  outer loop
    vertex 342.2500771104794 -599.3807403921871 110.00000000017513
    vertex 375.41302530898224 -602.4912272211776 110.00000000017597
    vertex 372.8988077699077 -601.9266407927217 110.0000000001758
  endloop
endfacet
facet normal -2.6630157932820294e-15 4.163336342344336e-16 1.0
  outer loop
    vertex 342.2500771104794 -599.3807403921871 110.00000000017513
    vertex 372.8988077699077 -601.9266407927217 110.0000000001758
    vertex 370.4153216589697 -601.2393676259495 110.0000000001758
  endloop
endfacet
facet normal -2.6630157932820294e-15 4.163336342344336e-16 1.0
  outer loop
    vertex 342.2500771104794 -599.3807403921871 110.00000000017513
    vertex 370.4153216589697 -601.2393676259495 110.0000000001758
    vertex 367.96854991173734 -600.4310634221173 110.0000000001758
  endloop
endfacet
facet normal -2.6630157932820294e-15 4.163336342344336e-16 1.0
  outer loop
    vertex 342.2500771104794 -599.3807403921871 110.00000000017513
    vertex 367.96854991173734 -600.4310634221173 110.0000000001758
    vertex 365.56438701566185 -599.5036754568515 110.0000000001758
  endloop
endfacet
facet normal -2.6630157932820294e-15 4.163336342344336e-16 1.0
  outer loop
    vertex 333.72350044167433 -558.7033499089185 110.00000000017522
    vertex 338.86933671846765 -596.7866070500461 110.00000000017506
    vertex 338.75007711047937 -595.8807403921871 110.00000000017506
  endloop
endfacet
facet normal -2.6630157932820294e-15 4.163336342344336e-16 1.0
  outer loop
    vertex 333.72350044167433 -558.7033499089185 110.00000000017522
    vertex 338.75007711047937 -595.8807403921871 110.00000000017506
    vertex 338.86933671846765 -594.9748737343283 110.00000000017506
  endloop
endfacet
facet normal -2.6630157932820294e-15 4.163336342344336e-16 1.0
  outer loop
    vertex 333.72350044167433 -558.7033499089185 110.00000000017522
    vertex 338.86933671846765 -594.9748737343283 110.00000000017506
    vertex 339.21898819723395 -594.1307403921872 110.00000000017506
  endloop
endfacet
facet normal -2.6630157932820294e-15 4.163336342344336e-16 1.0
  outer loop
    vertex 333.72350044167433 -558.7033499089185 110.00000000017522
    vertex 339.21898819723395 -594.1307403921872 110.00000000017506
    vertex 334.1640399936559 -561.2422419058587 110.00000000017522
  endloop
endfacet
facet normal -2.6630157932820294e-15 4.163336342344336e-16 1.0
  outer loop
    vertex 334.1640399936559 -561.2422419058587 110.00000000017522
    vertex 339.21898819723395 -594.1307403921872 110.00000000017506
    vertex 339.7752033763265 -593.4058666580343 110.00000000017509
  endloop
endfacet
facet normal -2.6630157932820294e-15 4.163336342344336e-16 1.0
  outer loop
    vertex 334.1640399936559 -561.2422419058587 110.00000000017522
    vertex 339.7752033763265 -593.4058666580343 110.00000000017509
    vertex 340.50007711047954 -592.8496514789415 110.00000000017509
  endloop
endfacet
facet normal -2.6630157932820294e-15 4.163336342344336e-16 1.0
  outer loop
    vertex 334.1640399936559 -561.2422419058587 110.00000000017522
    vertex 340.50007711047954 -592.8496514789415 110.00000000017509
    vertex 334.7286264221124 -563.7564594449332 110.00000000017522
  endloop
endfacet
facet normal -2.6630157932820294e-15 4.163336342344336e-16 1.0
  outer loop
    vertex 334.7286264221124 -563.7564594449332 110.00000000017522
    vertex 340.50007711047954 -592.8496514789415 110.00000000017509
    vertex 341.3442104526207 -592.5000000001754 110.0000000001751
  endloop
endfacet
facet normal -2.6630157932820294e-15 4.163336342344336e-16 1.0
  outer loop
    vertex 334.7286264221124 -563.7564594449332 110.00000000017522
    vertex 341.3442104526207 -592.5000000001754 110.0000000001751
    vertex 342.25007711047954 -592.3807403921871 110.00000000017513
  endloop
endfacet
facet normal -2.6630157932820294e-15 4.163336342344336e-16 1.0
  outer loop
    vertex 334.7286264221124 -563.7564594449332 110.00000000017522
    vertex 342.25007711047954 -592.3807403921871 110.00000000017513
    vertex 335.41589958888454 -566.2399455558711 110.00000000017522
  endloop
endfacet
facet normal -2.6630157932820294e-15 4.163336342344336e-16 1.0
  outer loop
    vertex 335.41589958888454 -566.2399455558711 110.00000000017522
    vertex 342.25007711047954 -592.3807403921871 110.00000000017513
    vertex 336.22420379271773 -568.6867173031033 110.00000000017522
  endloop
endfacet
facet normal -2.6630157932820294e-15 4.163336342344336e-16 1.0
  outer loop
    vertex 336.22420379271773 -568.6867173031033 110.00000000017522
    vertex 342.25007711047954 -592.3807403921871 110.00000000017513
    vertex 337.1515917579835 -571.0908801991789 110.00000000017522
  endloop
endfacet
facet normal -2.6630157932820294e-15 4.163336342344336e-16 1.0
  outer loop
    vertex 337.1515917579835 -571.0908801991789 110.00000000017522
    vertex 342.25007711047954 -592.3807403921871 110.00000000017513
    vertex 338.1958293258455 -573.4466424051013 110.00000000017522
  endloop
endfacet
facet normal -2.6630157932820294e-15 4.163336342344336e-16 1.0
  outer loop
    vertex 338.1958293258455 -573.4466424051013 110.00000000017522
    vertex 342.25007711047954 -592.3807403921871 110.00000000017513
    vertex 339.35440083653805 -575.7483286833764 110.00000000017522
  endloop
endfacet
facet normal -2.6630157932820294e-15 4.163336342344336e-16 1.0
  outer loop
    vertex 339.35440083653805 -575.7483286833764 110.00000000017522
    vertex 342.25007711047954 -592.3807403921871 110.00000000017513
    vertex 340.6245151898127 -577.9903940701555 110.00000000017522
  endloop
endfacet
facet normal -2.6630157932820294e-15 4.163336342344336e-16 1.0
  outer loop
    vertex 340.6245151898127 -577.9903940701555 110.00000000017522
    vertex 342.25007711047954 -592.3807403921871 110.00000000017513
    vertex 342.00311256894327 -580.1674372335402 110.00000000017538
  endloop
endfacet
facet normal -2.6630157932820294e-15 4.163336342344336e-16 1.0
  outer loop
    vertex 342.00311256894327 -580.1674372335402 110.00000000017538
    vertex 342.25007711047954 -592.3807403921871 110.00000000017513
    vertex 343.48687181209334 -582.2742134858638 110.00000000017538
  endloop
endfacet
facet normal -2.6630157932820294e-15 4.163336342344336e-16 1.0
  outer loop
    vertex 343.48687181209334 -582.2742134858638 110.00000000017538
    vertex 342.25007711047954 -592.3807403921871 110.00000000017513
    vertex 345.0722184132836 -584.3056474186022 110.00000000017538
  endloop
endfacet
facet normal -2.6630157932820294e-15 4.163336342344336e-16 1.0
  outer loop
    vertex 345.0722184132836 -584.3056474186022 110.00000000017538
    vertex 342.25007711047954 -592.3807403921871 110.00000000017513
    vertex 346.75533313369255 -586.2568451294792 110.00000000017538
  endloop
endfacet
facet normal -2.6630157932820294e-15 4.163336342344336e-16 1.0
  outer loop
    vertex 346.75533313369255 -586.2568451294792 110.00000000017538
    vertex 342.25007711047954 -592.3807403921871 110.00000000017513
    vertex 348.5321612025339 -588.1231060123042 110.00000000017552
  endloop
endfacet
facet normal -2.6630157932820294e-15 4.163336342344336e-16 1.0
  outer loop
    vertex 348.5321612025339 -588.1231060123042 110.00000000017552
    vertex 342.25007711047954 -592.3807403921871 110.00000000017513
    vertex 350.3984220853596 -589.8999340811457 110.00000000017552
  endloop
endfacet
facet normal -2.6630157932820294e-15 4.163336342344336e-16 1.0
  outer loop
    vertex 350.3984220853596 -589.8999340811457 110.00000000017552
    vertex 342.25007711047954 -592.3807403921871 110.00000000017513
    vertex 352.349619796237 -591.5830488015539 110.00000000017552
  endloop
endfacet
facet normal -2.6630157932820294e-15 4.163336342344336e-16 1.0
  outer loop
    vertex 337.1515917579835 -571.0908801991789 110.00000000017522
    vertex 338.1958293258455 -573.4466424051013 110.00000000017522
    vertex 337.95526721482906 -572.9039429785042 110.00000000017033
  endloop
endfacet
facet normal -2.6630157932820294e-15 4.163336342344336e-16 1.0
  outer loop
    vertex 330.8552672148191 -496.0000000000023 110.00000000017317
    vertex 333.21850576405313 -553.5760529022015 110.00000000017522
    vertex 333.15526721482433 -551.000000000012 110.00000000017522
  endloop
endfacet
facet normal -2.6630157932820294e-15 4.163336342344336e-16 1.0
  outer loop
    vertex 330.8552672148191 -496.0000000000023 110.00000000017317
    vertex 333.15526721482433 -551.000000000012 110.00000000017522
    vertex 333.2185057640526 -548.4239470978226 110.00000000017522
  endloop
endfacet
facet normal -2.6630157932820294e-15 4.163336342344336e-16 1.0
  outer loop
    vertex 330.8552672148191 -496.0000000000023 110.00000000017317
    vertex 333.2185057640526 -548.4239470978226 110.00000000017522
    vertex 333.4080690645335 -545.8541001327101 110.00000000017522
  endloop
endfacet
facet normal -2.6630157932820294e-15 4.163336342344336e-16 1.0
  outer loop
    vertex 330.8552672148191 -496.0000000000023 110.00000000017317
    vertex 333.4080690645335 -545.8541001327101 110.00000000017522
    vertex 333.7235004416726 -543.2966500911056 110.00000000017522
  endloop
endfacet
facet normal -2.6630157932820294e-15 4.163336342344336e-16 1.0
  outer loop
    vertex 330.8552672148191 -496.0000000000023 110.00000000017317
    vertex 333.7235004416726 -543.2966500911056 110.00000000017522
    vertex 334.1640399936535 -540.7577580941653 110.00000000017522
  endloop
endfacet
facet normal -2.6630157932820294e-15 4.163336342344336e-16 1.0
  outer loop
    vertex 330.8552672148191 -496.0000000000023 110.00000000017317
    vertex 334.1640399936535 -540.7577580941653 110.00000000017522
    vertex 334.72862642211004 -538.2435405550906 110.00000000017522
  endloop
endfacet
facet normal -2.6630157932820294e-15 4.163336342344336e-16 1.0
  outer loop
    vertex 330.8552672148191 -496.0000000000023 110.00000000017317
    vertex 334.72862642211004 -538.2435405550906 110.00000000017522
    vertex 335.41589958888216 -535.7600544441526 110.00000000017522
  endloop
endfacet
facet normal -2.6630157932820294e-15 4.163336342344336e-16 1.0
  outer loop
    vertex 330.8552672148191 -496.0000000000023 110.00000000017317
    vertex 335.41589958888216 -535.7600544441526 110.00000000017522
    vertex 336.2242037927144 -533.3132826969203 110.0000000001752
  endloop
endfacet
facet normal -2.6630157932820294e-15 4.163336342344336e-16 1.0
  outer loop
    vertex 330.8552672148191 -496.0000000000023 110.00000000017317
    vertex 336.2242037927144 -533.3132826969203 110.0000000001752
    vertex 337.15159175798016 -530.9091198008445 110.0000000001752
  endloop
endfacet
facet normal -2.6630157932820294e-15 4.163336342344336e-16 1.0
  outer loop
    vertex 330.8552672148191 -496.0000000000023 110.00000000017317
    vertex 337.15159175798016 -530.9091198008445 110.0000000001752
    vertex 337.95526721482906 -529.0960570215098 110.0000000001703
  endloop
endfacet
facet normal -2.6630157932820294e-15 4.163336342344336e-16 1.0
  outer loop
    vertex 330.8552672148191 -496.0000000000023 110.00000000017317
    vertex 337.95526721482906 -529.0960570215098 110.0000000001703
    vertex 338.1958293258414 -528.5533575949219 110.0000000001752
  endloop
endfacet
facet normal -2.6630157932820294e-15 4.163336342344336e-16 1.0
  outer loop
    vertex 330.8552672148191 -496.0000000000023 110.00000000017317
    vertex 338.1958293258414 -528.5533575949219 110.0000000001752
    vertex 339.3544008365335 -526.2516713166466 110.00000000017536
  endloop
endfacet
facet normal -2.6630157932820294e-15 4.163336342344336e-16 1.0
  outer loop
    vertex 330.8552672148191 -496.0000000000023 110.00000000017317
    vertex 339.3544008365335 -526.2516713166466 110.00000000017536
    vertex 340.6245151898077 -524.0096059298673 110.00000000017536
  endloop
endfacet
facet normal -2.6630157932820294e-15 4.163336342344336e-16 1.0
  outer loop
    vertex 330.8552672148191 -496.0000000000023 110.00000000017317
    vertex 340.6245151898077 -524.0096059298673 110.00000000017536
    vertex 342.003112568938 -521.8325627664822 110.00000000017536
  endloop
endfacet
facet normal -2.6630157932820294e-15 4.163336342344336e-16 1.0
  outer loop
    vertex 330.8552672148191 -496.0000000000023 110.00000000017317
    vertex 342.003112568938 -521.8325627664822 110.00000000017536
    vertex 343.48687181208754 -519.7257865141584 110.00000000017536
  endloop
endfacet
facet normal -2.6630157932820294e-15 4.163336342344336e-16 1.0
  outer loop
    vertex 330.8552672148191 -496.0000000000023 110.00000000017317
    vertex 343.48687181208754 -519.7257865141584 110.00000000017536
    vertex 345.07221841327726 -517.6943525814196 110.00000000017549
  endloop
endfacet
facet normal -2.6630157932820294e-15 4.163336342344336e-16 1.0
  outer loop
    vertex 330.8552672148191 -496.0000000000023 110.00000000017317
    vertex 345.07221841327726 -517.6943525814196 110.00000000017549
    vertex 339.21898819723395 -507.7500000000022 110.00000000017319
  endloop
endfacet
facet normal -2.6630157932820294e-15 4.163336342344336e-16 1.0
  outer loop
    vertex 339.21898819723395 -507.7500000000022 110.00000000017319
    vertex 345.07221841327726 -517.6943525814196 110.00000000017549
    vertex 339.77520337632666 -508.47487373415515 110.00000000017319
  endloop
endfacet
facet normal -2.6630157932820294e-15 4.163336342344336e-16 1.0
  outer loop
    vertex 339.77520337632666 -508.47487373415515 110.00000000017319
    vertex 345.07221841327726 -517.6943525814196 110.00000000017549
    vertex 346.75533313368555 -515.7431548705424 110.00000000017549
  endloop
endfacet
facet normal -2.6630157932820294e-15 4.163336342344336e-16 1.0
  outer loop
    vertex 339.77520337632666 -508.47487373415515 110.00000000017319
    vertex 346.75533313368555 -515.7431548705424 110.00000000017549
    vertex 340.50007711047954 -509.03108891324774 110.00000000017322
  endloop
endfacet
facet normal -2.6630157932820294e-15 4.163336342344336e-16 1.0
  outer loop
    vertex 340.50007711047954 -509.03108891324774 110.00000000017322
    vertex 346.75533313368555 -515.7431548705424 110.00000000017549
    vertex 348.53216120252694 -513.876893987717 110.00000000017549
  endloop
endfacet
facet normal -2.6630157932820294e-15 4.163336342344336e-16 1.0
  outer loop
    vertex 340.50007711047954 -509.03108891324774 110.00000000017322
    vertex 348.53216120252694 -513.876893987717 110.00000000017549
    vertex 341.34421045262064 -509.38074039201393 110.00000000017322
  endloop
endfacet
facet normal -2.6630157932820294e-15 4.163336342344336e-16 1.0
  outer loop
    vertex 341.34421045262064 -509.38074039201393 110.00000000017322
    vertex 348.53216120252694 -513.876893987717 110.00000000017549
    vertex 350.39842208535214 -512.1000659188752 110.00000000017549
  endloop
endfacet
facet normal -2.6630157932820294e-15 4.163336342344336e-16 1.0
  outer loop
    vertex 341.34421045262064 -509.38074039201393 110.00000000017322
    vertex 350.39842208535214 -512.1000659188752 110.00000000017549
    vertex 342.25007711047954 -509.50000000000216 110.00000000017322
  endloop
endfacet
facet normal -2.6630157932820294e-15 4.163336342344336e-16 1.0
  outer loop
    vertex 342.25007711047954 -509.50000000000216 110.00000000017322
    vertex 350.39842208535214 -512.1000659188752 110.00000000017549
    vertex 352.3496197962289 -510.41695119846673 110.00000000017549
  endloop
endfacet
facet normal -2.6630157932820294e-15 4.163336342344336e-16 1.0
  outer loop
    vertex 330.8552672148191 -496.0000000000023 110.00000000017317
    vertex 339.21898819723395 -507.7500000000022 110.00000000017319
    vertex 338.8693367184677 -506.905866657861 110.00000000017319
  endloop
endfacet
facet normal -2.6630157932820294e-15 4.163336342344336e-16 1.0
  outer loop
    vertex 330.8552672148191 -496.0000000000023 110.00000000017317
    vertex 338.8693367184677 -506.905866657861 110.00000000017319
    vertex 338.75007711047954 -506.00000000000216 110.00000000017319
  endloop
endfacet
facet normal -2.6630157932820294e-15 4.163336342344336e-16 1.0
  outer loop
    vertex 330.8552672148191 -496.0000000000023 110.00000000017317
    vertex 338.75007711047954 -506.00000000000216 110.00000000017319
    vertex 338.8693367184678 -505.09413334214327 110.00000000017319
  endloop
endfacet
facet normal -2.6630157932820294e-15 4.163336342344336e-16 1.0
  outer loop
    vertex 330.8552672148191 -496.0000000000023 110.00000000017317
    vertex 338.8693367184678 -505.09413334214327 110.00000000017319
    vertex 339.21898819723395 -504.25000000000216 110.00000000017319
  endloop
endfacet
facet normal -2.6630157932820294e-15 4.163336342344336e-16 1.0
  outer loop
    vertex 330.8552672148191 -496.0000000000023 110.00000000017317
    vertex 339.21898819723395 -504.25000000000216 110.00000000017319
    vertex 339.77520337632666 -503.5251262658492 110.00000000017319
  endloop
endfacet
facet normal -2.6630157932820294e-15 4.163336342344336e-16 1.0
  outer loop
    vertex 330.8552672148191 -496.0000000000023 110.00000000017317
    vertex 339.77520337632666 -503.5251262658492 110.00000000017319
    vertex 340.50007711047965 -502.9689110867566 110.00000000017319
  endloop
endfacet
facet normal -2.6630157932820294e-15 4.163336342344336e-16 1.0
  outer loop
    vertex 330.8552672148191 -496.0000000000023 110.00000000017317
    vertex 340.50007711047965 -502.9689110867566 110.00000000017319
    vertex 341.3442104526208 -502.6192596079904 110.00000000017322
  endloop
endfacet
facet normal -2.6630157932820294e-15 4.163336342344336e-16 1.0
  outer loop
    vertex 330.8552672148191 -496.0000000000023 110.00000000017317
    vertex 341.3442104526208 -502.6192596079904 110.00000000017322
    vertex 342.25007711047965 -502.5000000000022 110.00000000017322
  endloop
endfacet
facet normal -2.6630157932820294e-15 4.163336342344336e-16 1.0
  outer loop
    vertex 330.8552672148191 -496.0000000000023 110.00000000017317
    vertex 342.25007711047965 -502.5000000000022 110.00000000017322
    vertex 365.5643870156526 -502.4963245431667 110.00000000017579
  endloop
endfacet
facet normal -2.6630157932820294e-15 4.163336342344336e-16 1.0
  outer loop
    vertex 330.8552672148191 -496.0000000000023 110.00000000017317
    vertex 365.5643870156526 -502.4963245431667 110.00000000017579
    vertex 367.9685499117281 -501.56893657790033 110.00000000017579
  endloop
endfacet
facet normal -2.6630157932820294e-15 4.163336342344336e-16 1.0
  outer loop
    vertex 330.8552672148191 -496.0000000000023 110.00000000017317
    vertex 367.9685499117281 -501.56893657790033 110.00000000017579
    vertex 370.4153216589604 -500.7606323740677 110.00000000017592
  endloop
endfacet
facet normal -2.6630157932820294e-15 4.163336342344336e-16 1.0
  outer loop
    vertex 330.8552672148191 -496.0000000000023 110.00000000017317
    vertex 370.4153216589604 -500.7606323740677 110.00000000017592
    vertex 372.89880776989855 -500.07335920729497 110.00000000017592
  endloop
endfacet
facet normal -2.6630157932820294e-15 4.163336342344336e-16 1.0
  outer loop
    vertex 330.8552672148191 -496.0000000000023 110.00000000017317
    vertex 372.89880776989855 -500.07335920729497 110.00000000017592
    vertex 375.4130253089725 -499.50877277883865 110.00000000017606
  endloop
endfacet
facet normal -2.6630157932820294e-15 4.163336342344336e-16 1.0
  outer loop
    vertex 330.8552672148191 -496.0000000000023 110.00000000017317
    vertex 375.4130253089725 -499.50877277883865 110.00000000017606
    vertex 377.9519173059133 -499.068233226857 110.00000000017606
  endloop
endfacet
facet normal -2.6630157932820294e-15 4.163336342344336e-16 1.0
  outer loop
    vertex 330.8552672148191 -496.0000000000023 110.00000000017317
    vertex 377.9519173059133 -499.068233226857 110.00000000017606
    vertex 380.5093673475171 -498.75280184971746 110.00000000017606
  endloop
endfacet
facet normal -2.6630157932820294e-15 4.163336342344336e-16 1.0
  outer loop
    vertex 330.8552672148191 -496.0000000000023 110.00000000017317
    vertex 380.5093673475171 -498.75280184971746 110.00000000017606
    vertex 383.07921431262963 -498.56323854923596 110.00000000017606
  endloop
endfacet
facet normal -2.6630157932820294e-15 4.163336342344336e-16 1.0
  outer loop
    vertex 330.8552672148191 -496.0000000000023 110.00000000017317
    vertex 383.07921431262963 -498.56323854923596 110.00000000017606
    vertex 385.6552672148193 -498.5000000000073 110.00000000017621
  endloop
endfacet
facet normal -2.6630157932820294e-15 4.163336342344336e-16 1.0
  outer loop
    vertex 330.8552672148191 -496.0000000000023 110.00000000017317
    vertex 385.6552672148193 -498.5000000000073 110.00000000017621
    vertex 440.455267214818 -496.00000000000233 110.00000000017346
  endloop
endfacet
facet normal -0.4052413140050539 0.9142097557035023 5.755215953080063e-16
  outer loop
    vertex 408.1019096199185 -598.4594378889858 110.00000000017653
    vertex 405.74614741399586 -599.5036754568478 105.70000000017652
    vertex 405.74614741399586 -599.5036754568479 110.0000000001764
  endloop
endfacet
facet normal -0.4052413140050539 0.9142097557035023 5.755215953080063e-16
  outer loop
    vertex 405.74614741399586 -599.5036754568478 105.70000000017652
    vertex 408.1019096199185 -598.4594378889858 110.00000000017653
    vertex 408.1019096199185 -598.4594378889858 105.70000000017652
  endloop
endfacet
facet normal 0.9972904566786983 -0.0735645635995594 3.205228581703363e-17
  outer loop
    vertex 333.2185057640526 -548.4239470978226 105.70000000017518
    vertex 333.4080690645335 -545.8541001327101 110.00000000017522
    vertex 333.2185057640526 -548.4239470978226 110.00000000017522
  endloop
endfacet
facet normal 0.9972904566786983 -0.0735645635995594 3.205228581703363e-17
  outer loop
    vertex 333.4080690645335 -545.8541001327101 110.00000000017522
    vertex 333.2185057640526 -548.4239470978226 105.70000000017518
    vertex 333.4080690645335 -545.8541001327101 105.70000000017518
  endloop
endfacet
facet normal 0.9972904566786817 0.07356456359978338 -3.062740211436794e-17
  outer loop
    vertex 333.40806906453463 -556.1458998673139 105.70000000017518
    vertex 333.21850576405313 -553.5760529022015 110.00000000017522
    vertex 333.40806906453463 -556.1458998673139 110.00000000017522
  endloop
endfacet
facet normal 0.9972904566786817 0.07356456359978338 -3.062740211436794e-17
  outer loop
    vertex 333.21850576405313 -553.5760529022015 110.00000000017522
    vertex 333.40806906453463 -556.1458998673139 105.70000000017518
    vertex 333.21850576405313 -553.5760529022015 105.70000000017518
  endloop
endfacet
facet normal -0.4496113296547191 0.8932243011954588 5.604629739846726e-16
  outer loop
    vertex 410.4035958981934 -597.3008663782934 110.00000000017653
    vertex 408.1019096199185 -598.4594378889858 105.70000000017652
    vertex 408.1019096199185 -598.4594378889858 110.00000000017653
  endloop
endfacet
facet normal -0.4496113296547191 0.8932243011954588 5.604629739846726e-16
  outer loop
    vertex 408.1019096199185 -598.4594378889858 105.70000000017652
    vertex 410.4035958981934 -597.3008663782934 110.00000000017653
    vertex 410.4035958981934 -597.3008663782934 105.70000000017652
  endloop
endfacet
facet normal -0.02454122852282397 -0.9996988186962062 4.1643019681159546e-16
  outer loop
    vertex 388.23132011700903 -498.56323854923556 105.70000000017617
    vertex 385.6552672148193 -498.5000000000073 110.00000000017621
    vertex 385.6552672148193 -498.5000000000073 105.70000000017617
  endloop
endfacet
facet normal -0.02454122852282397 -0.9996988186962062 4.1643019681159546e-16
  outer loop
    vertex 385.6552672148193 -498.5000000000073 110.00000000017621
    vertex 388.23132011700903 -498.56323854923556 105.70000000017617
    vertex 388.23132011700903 -498.56323854923556 110.00000000017621
  endloop
endfacet
facet normal -0.68954054473704 0.7242470829514929 4.629366961605909e-16
  outer loop
    vertex 422.7783732271215 -588.1231060122974 110.00000000017683
    vertex 420.91211234429596 -589.8999340811392 105.70000000017679
    vertex 420.91211234429596 -589.8999340811392 110.00000000017668
  endloop
endfacet
facet normal -0.68954054473704 0.7242470829514929 4.629366961605909e-16
  outer loop
    vertex 420.91211234429596 -589.8999340811392 105.70000000017679
    vertex 422.7783732271215 -588.1231060122974 110.00000000017683
    vertex 422.7783732271215 -588.1231060122974 105.70000000017679
  endloop
endfacet
facet normal 0.8932243011955376 -0.4496113296545623 1.8527643996554487e-16
  outer loop
    vertex 338.1958293258414 -528.5533575949219 110.0000000001752
    vertex 339.3544008365335 -526.2516713166466 105.70000000017532
    vertex 339.3544008365335 -526.2516713166466 110.00000000017536
  endloop
endfacet
facet normal 0.8932243011955376 -0.4496113296545623 1.8527643996554487e-16
  outer loop
    vertex 339.3544008365335 -526.2516713166466 105.70000000017532
    vertex 338.1958293258414 -528.5533575949219 110.0000000001752
    vertex 338.1958293258414 -528.5533575949219 105.70000000017532
  endloop
endfacet
facet normal 0.21910124015699972 -0.9757021300384994 4.1328377924561753e-16
  outer loop
    vertex 375.4130253089725 -499.50877277883865 105.70000000017602
    vertex 372.89880776989855 -500.07335920729497 110.00000000017592
    vertex 372.89880776989855 -500.07335920729497 105.70000000017589
  endloop
endfacet
facet normal 0.21910124015699972 -0.9757021300384994 4.1328377924561753e-16
  outer loop
    vertex 372.89880776989855 -500.07335920729497 110.00000000017592
    vertex 375.4130253089725 -499.50877277883865 105.70000000017602
    vertex 375.4130253089725 -499.50877277883865 110.00000000017606
  endloop
endfacet
facet normal 0.757208846506523 -0.6531728429537325 2.777749034415141e-16
  outer loop
    vertex 345.07221841327726 -517.6943525814196 105.70000000017545
    vertex 346.75533313368555 -515.7431548705424 110.00000000017549
    vertex 345.07221841327726 -517.6943525814196 110.00000000017549
  endloop
endfacet
facet normal 0.757208846506523 -0.6531728429537325 2.777749034415141e-16
  outer loop
    vertex 346.75533313368555 -515.7431548705424 110.00000000017549
    vertex 345.07221841327726 -517.6943525814196 105.70000000017545
    vertex 346.75533313368555 -515.7431548705424 105.70000000017545
  endloop
endfacet
facet normal -0.6531728429538551 0.757208846506417 4.982808153617348e-16
  outer loop
    vertex 420.91211234429596 -589.8999340811392 110.00000000017668
    vertex 418.960914633419 -591.5830488015478 105.70000000017679
    vertex 418.960914633419 -591.5830488015478 110.00000000017668
  endloop
endfacet
facet normal -0.6531728429538551 0.757208846506417 4.982808153617348e-16
  outer loop
    vertex 418.960914633419 -591.5830488015478 105.70000000017679
    vertex 420.91211234429596 -589.8999340811392 110.00000000017668
    vertex 420.91211234429596 -589.8999340811392 105.70000000017679
  endloop
endfacet
facet normal 0.9996988186962011 0.024541228523035863 -1.0217338859573263e-17
  outer loop
    vertex 333.21850576405313 -553.5760529022015 105.70000000017518
    vertex 333.15526721482433 -551.000000000012 110.00000000017522
    vertex 333.21850576405313 -553.5760529022015 110.00000000017522
  endloop
endfacet
facet normal 0.9996988186962011 0.024541228523035863 -1.0217338859573263e-17
  outer loop
    vertex 333.15526721482433 -551.000000000012 110.00000000017522
    vertex 333.21850576405313 -553.5760529022015 105.70000000017518
    vertex 333.15526721482433 -551.000000000012 105.70000000017518
  endloop
endfacet
facet normal 0.9996988186962068 -0.02454122852281186 1.0217338859480003e-17
  outer loop
    vertex 333.15526721482433 -551.000000000012 105.70000000017518
    vertex 333.2185057640526 -548.4239470978226 110.00000000017522
    vertex 333.15526721482433 -551.000000000012 110.00000000017522
  endloop
endfacet
facet normal 0.9996988186962068 -0.02454122852281186 1.0217338859480003e-17
  outer loop
    vertex 333.2185057640526 -548.4239470978226 110.00000000017522
    vertex 333.15526721482433 -551.000000000012 105.70000000017518
    vertex 333.2185057640526 -548.4239470978226 105.70000000017518
  endloop
endfacet
facet normal -0.9996988186962011 -0.024541228523035707 9.82019738289772e-18
  outer loop
    vertex 438.0920286655955 -548.4239470978129 105.70000000017706
    vertex 438.1474053502844 -550.6797431438418 110.00000000017349
    vertex 438.0920286655955 -548.4239470978129 110.0000000001771
  endloop
endfacet
facet normal -0.9996988186962011 -0.024541228523035707 9.82019738289772e-18
  outer loop
    vertex 438.1474053502844 -550.6797431438418 110.00000000017349
    vertex 438.0920286655955 -548.4239470978129 105.70000000017706
    vertex 438.1474053502844 -550.6797431438418 105.70000000017735
  endloop
endfacet
facet normal -0.6152315905808091 0.788346427626464 4.902599486862624e-16
  outer loop
    vertex 418.960914633419 -591.5830488015478 110.00000000017668
    vertex 416.92948070068115 -593.1683954027382 105.70000000017679
    vertex 416.92948070068115 -593.1683954027382 110.00000000017668
  endloop
endfacet
facet normal -0.6152315905808091 0.788346427626464 4.902599486862624e-16
  outer loop
    vertex 416.92948070068115 -593.1683954027382 105.70000000017679
    vertex 418.960914633419 -591.5830488015478 110.00000000017668
    vertex 418.960914633419 -591.5830488015478 105.70000000017679
  endloop
endfacet
facet normal 0.985277642388931 0.17096188876036017 -7.117718446318371e-17
  outer loop
    vertex 334.1640399936559 -561.2422419058587 105.70000000017518
    vertex 333.72350044167433 -558.7033499089185 110.00000000017522
    vertex 334.1640399936559 -561.2422419058587 110.00000000017522
  endloop
endfacet
facet normal 0.985277642388931 0.17096188876036017 -7.117718446318371e-17
  outer loop
    vertex 333.72350044167433 -558.7033499089185 110.00000000017522
    vertex 334.1640399936559 -561.2422419058587 105.70000000017518
    vertex 333.72350044167433 -558.7033499089185 105.70000000017518
  endloop
endfacet
facet normal 0.5349976198871562 -0.8448535652496696 3.491761802740664e-16
  outer loop
    vertex 358.664873144676 -505.9692479749955 105.70000000017559
    vertex 356.48782998129104 -507.3478453541264 110.00000000017563
    vertex 356.48782998129104 -507.3478453541264 105.70000000017559
  endloop
endfacet
facet normal 0.5349976198871562 -0.8448535652496696 3.491761802740664e-16
  outer loop
    vertex 356.48782998129104 -507.3478453541264 110.00000000017563
    vertex 358.664873144676 -505.9692479749955 105.70000000017559
    vertex 358.664873144676 -505.9692479749955 110.00000000017563
  endloop
endfacet
facet normal 0.8700869911087511 -0.4928981922297141 2.0521009567857935e-16
  outer loop
    vertex 339.3544008365335 -526.2516713166466 105.70000000017532
    vertex 340.6245151898077 -524.0096059298673 110.00000000017536
    vertex 339.3544008365335 -526.2516713166466 110.00000000017536
  endloop
endfacet
facet normal 0.8700869911087511 -0.4928981922297141 2.0521009567857935e-16
  outer loop
    vertex 340.6245151898077 -524.0096059298673 110.00000000017536
    vertex 339.3544008365335 -526.2516713166466 105.70000000017532
    vertex 340.6245151898077 -524.0096059298673 105.70000000017532
  endloop
endfacet
facet normal -0.8448535652497584 0.5349976198870162 -2.282514258142447e-16
  outer loop
    vertex 430.68601923984085 -577.9903940701471 105.70000000017708
    vertex 429.30742186071046 -580.1674372335323 110.00000000017695
    vertex 430.68601923984085 -577.9903940701471 110.00000000017695
  endloop
endfacet
facet normal -0.8448535652497584 0.5349976198870162 -2.282514258142447e-16
  outer loop
    vertex 429.30742186071046 -580.1674372335323 110.00000000017695
    vertex 430.68601923984085 -577.9903940701471 105.70000000017708
    vertex 429.30742186071046 -580.1674372335323 105.70000000017693
  endloop
endfacet
facet normal 0.38268343236521973 0.923879532511233 -3.8464212336521124e-16
  outer loop
    vertex 417.637629124619 -520.4318516525854 105.70000000017617
    vertex 417.1552672148243 -520.2320508075761 99.70000000018175
    vertex 417.1552672148243 -520.2320508075761 105.70000000017617
  endloop
endfacet
facet normal 0.38268343236521973 0.923879532511233 -3.8464212336521124e-16
  outer loop
    vertex 417.1552672148243 -520.2320508075761 99.70000000018175
    vertex 417.637629124619 -520.4318516525854 105.70000000017617
    vertex 417.637629124619 -520.4318516525854 99.70000000018175
  endloop
endfacet
facet normal -0.382683432365024 -0.9238795325113138 3.8464212336524486e-16
  outer loop
    vertex 354.1552672148243 -581.7679491924384 99.70000000018176
    vertex 353.6729053050292 -581.5681483474291 105.70000000017606
    vertex 353.6729053050292 -581.5681483474291 99.70000000018176
  endloop
endfacet
facet normal -0.382683432365024 -0.9238795325113138 3.8464212336524486e-16
  outer loop
    vertex 353.6729053050292 -581.5681483474291 105.70000000017606
    vertex 354.1552672148243 -581.7679491924384 99.70000000018176
    vertex 354.1552672148243 -581.7679491924384 105.70000000017606
  endloop
endfacet
facet normal -0.7933533402910782 -0.6087614290089253 2.5147474570197404e-16
  outer loop
    vertex 354.5694807771971 -517.085786437634 99.70000000018175
    vertex 354.88731802239306 -517.5000000000072 105.70000000017617
    vertex 354.5694807771971 -517.085786437634 105.70000000017617
  endloop
endfacet
facet normal -0.7933533402910782 -0.6087614290089253 2.5147474570197404e-16
  outer loop
    vertex 354.88731802239306 -517.5000000000072 105.70000000017617
    vertex 354.5694807771971 -517.085786437634 99.70000000018175
    vertex 354.88731802239306 -517.5000000000072 99.70000000018175
  endloop
endfacet
facet normal 0.9637760657954832 0.26671275747474166 -1.1054724440319461e-16
  outer loop
    vertex 335.41589958888454 -566.2399455558711 105.70000000017535
    vertex 334.7286264221124 -563.7564594449332 110.00000000017522
    vertex 335.41589958888454 -566.2399455558711 110.00000000017522
  endloop
endfacet
facet normal 0.9637760657954832 0.26671275747474166 -1.1054724440319461e-16
  outer loop
    vertex 334.7286264221124 -563.7564594449332 110.00000000017522
    vertex 335.41589958888454 -566.2399455558711 105.70000000017535
    vertex 334.7286264221124 -563.7564594449332 105.70000000017518
  endloop
endfacet
facet normal 0.949528180593043 -0.31368174039887187 6.769302145464723e-14
  outer loop
    vertex 342.5929521068752 -537.9371895235564 97.70000000018094
    vertex 343.2857842815881 -535.8399565973574 105.7000000001762
    vertex 342.59295210687475 -537.9371895235564 105.7000000001762
  endloop
endfacet
facet normal 0.949528180593043 -0.31368174039887187 6.769302145464723e-14
  outer loop
    vertex 343.2857842815881 -535.8399565973574 105.7000000001762
    vertex 342.5929521068752 -537.9371895235564 97.70000000018094
    vertex 343.2857842815887 -535.8399565973574 97.70000000018094
  endloop
endfacet
facet normal 0.8175848131516501 -0.5758081914177511 2.4539603290491784e-16
  outer loop
    vertex 342.003112568938 -521.8325627664822 105.70000000017532
    vertex 343.48687181208754 -519.7257865141584 110.00000000017536
    vertex 342.003112568938 -521.8325627664822 110.00000000017536
  endloop
endfacet
facet normal 0.8175848131516501 -0.5758081914177511 2.4539603290491784e-16
  outer loop
    vertex 343.48687181208754 -519.7257865141584 110.00000000017536
    vertex 342.003112568938 -521.8325627664822 105.70000000017532
    vertex 343.48687181208754 -519.7257865141584 105.70000000017532
  endloop
endfacet
facet normal 0.9329927988347675 0.3598950365349143 -1.5571227761899797e-16
  outer loop
    vertex 337.1515917579835 -571.0908801991789 105.70000000017535
    vertex 336.22420379271773 -568.6867173031033 110.00000000017522
    vertex 337.1515917579835 -571.0908801991789 110.00000000017522
  endloop
endfacet
facet normal 0.9329927988347675 0.3598950365349143 -1.5571227761899797e-16
  outer loop
    vertex 336.22420379271773 -568.6867173031033 110.00000000017522
    vertex 337.1515917579835 -571.0908801991789 105.70000000017535
    vertex 336.22420379271773 -568.6867173031033 105.70000000017535
  endloop
endfacet
facet normal 0.4496113296547162 -0.89322430119546 3.737911984052914e-16
  outer loop
    vertex 363.2086248097299 -503.5405621110286 105.70000000017575
    vertex 360.9069385314552 -504.69913362172093 110.00000000017579
    vertex 360.9069385314552 -504.69913362172093 105.70000000017575
  endloop
endfacet
facet normal 0.4496113296547162 -0.89322430119546 3.737911984052914e-16
  outer loop
    vertex 360.9069385314552 -504.69913362172093 110.00000000017579
    vertex 363.2086248097299 -503.5405621110286 105.70000000017575
    vertex 363.2086248097299 -503.5405621110286 110.00000000017579
  endloop
endfacet
facet normal 0.6152315905806047 0.7883464276266238 4.905108248315791e-16
  outer loop
    vertex 354.3810537289756 -593.1683954027438 110.00000000017552
    vertex 352.349619796237 -591.5830488015539 105.70000000017563
    vertex 352.349619796237 -591.5830488015539 110.00000000017552
  endloop
endfacet
facet normal 0.6152315905806047 0.7883464276266238 4.905108248315791e-16
  outer loop
    vertex 352.349619796237 -591.5830488015539 105.70000000017563
    vertex 354.3810537289756 -593.1683954027438 110.00000000017552
    vertex 354.3810537289756 -593.1683954027438 105.70000000017563
  endloop
endfacet
facet normal 0.9852776423889695 -0.17096188876013785 7.366422443050025e-17
  outer loop
    vertex 333.7235004416726 -543.2966500911056 105.70000000017518
    vertex 334.1640399936535 -540.7577580941653 110.00000000017522
    vertex 333.7235004416726 -543.2966500911056 110.00000000017522
  endloop
endfacet
facet normal 0.9852776423889695 -0.17096188876013785 7.366422443050025e-17
  outer loop
    vertex 334.1640399936535 -540.7577580941653 110.00000000017522
    vertex 333.7235004416726 -543.2966500911056 105.70000000017518
    vertex 334.1640399936535 -540.7577580941653 105.70000000017532
  endloop
endfacet
facet normal 0.615231590580596 -0.7883464276266304 3.0711270516157294e-16
  outer loop
    vertex 354.38105372896797 -508.8316045972763 105.70000000017562
    vertex 352.3496197962289 -510.41695119846673 110.00000000017549
    vertex 352.3496197962289 -510.41695119846673 105.70000000017562
  endloop
endfacet
facet normal 0.615231590580596 -0.7883464276266304 3.0711270516157294e-16
  outer loop
    vertex 352.3496197962289 -510.41695119846673 110.00000000017549
    vertex 354.38105372896797 -508.8316045972763 105.70000000017562
    vertex 354.38105372896797 -508.8316045972763 110.00000000017563
  endloop
endfacet
facet normal 0.8448535652497584 -0.5349976198870162 2.0970692067463195e-16
  outer loop
    vertex 340.6245151898077 -524.0096059298673 105.70000000017532
    vertex 342.003112568938 -521.8325627664822 110.00000000017536
    vertex 340.6245151898077 -524.0096059298673 110.00000000017536
  endloop
endfacet
facet normal 0.8448535652497584 -0.5349976198870162 2.0970692067463195e-16
  outer loop
    vertex 342.003112568938 -521.8325627664822 110.00000000017536
    vertex 340.6245151898077 -524.0096059298673 105.70000000017532
    vertex 342.003112568938 -521.8325627664822 105.70000000017532
  endloop
endfacet
facet normal 0.9495281805929301 0.31368174039921454 -1.3059625897338714e-16
  outer loop
    vertex 336.22420379271773 -568.6867173031033 105.70000000017535
    vertex 335.41589958888454 -566.2399455558711 110.00000000017522
    vertex 336.22420379271773 -568.6867173031033 110.00000000017522
  endloop
endfacet
facet normal 0.9495281805929301 0.31368174039921454 -1.3059625897338714e-16
  outer loop
    vertex 335.41589958888454 -566.2399455558711 110.00000000017522
    vertex 336.22420379271773 -568.6867173031033 105.70000000017535
    vertex 335.41589958888454 -566.2399455558711 105.70000000017535
  endloop
endfacet
facet normal 0.0735645635997549 -0.9972904566786837 4.1597870000373476e-16
  outer loop
    vertex 383.07921431262963 -498.56323854923596 105.70000000017617
    vertex 380.5093673475171 -498.75280184971746 110.00000000017606
    vertex 380.5093673475171 -498.75280184971746 105.70000000017617
  endloop
endfacet
facet normal 0.0735645635997549 -0.9972904566786837 4.1597870000373476e-16
  outer loop
    vertex 380.5093673475171 -498.75280184971746 110.00000000017606
    vertex 383.07921431262963 -498.56323854923596 105.70000000017617
    vertex 383.07921431262963 -498.56323854923596 110.00000000017606
  endloop
endfacet
facet normal -2.066235183888782e-14 -5.099824598878974e-16 1.0
  outer loop
    vertex 354.70818148543935 -524.2955549577416 105.70000000017617
    vertex 351.6023529442089 -524.2955549577416 105.70000000017617
    vertex 353.15526721482416 -524.5000000000072 105.70000000017617
  endloop
endfacet
facet normal -2.066235183888782e-14 -5.099824598878974e-16 1.0
  outer loop
    vertex 351.6023529442089 -524.2955549577416 105.70000000017617
    vertex 354.70818148543935 -524.2955549577416 105.70000000017617
    vertex 356.15526721482405 -523.6961524227138 105.70000000017617
  endloop
endfacet
facet normal -2.066235183888782e-14 -5.099824598878974e-16 1.0
  outer loop
    vertex 351.6023529442089 -524.2955549577416 105.70000000017617
    vertex 356.15526721482405 -523.6961524227138 105.70000000017617
    vertex 350.155267214824 -523.6961524227138 105.70000000017617
  endloop
endfacet
facet normal -2.066235183888782e-14 -5.099824598878974e-16 1.0
  outer loop
    vertex 350.155267214824 -523.6961524227138 105.70000000017617
    vertex 356.15526721482405 -523.6961524227138 105.70000000017617
    vertex 357.39790790194337 -522.7426406871265 105.70000000017617
  endloop
endfacet
facet normal -2.066235183888782e-14 -5.099824598878974e-16 1.0
  outer loop
    vertex 350.155267214824 -523.6961524227138 105.70000000017617
    vertex 357.39790790194337 -522.7426406871265 105.70000000017617
    vertex 349.99503693656015 -523.5732034059104 105.70000000017617
  endloop
endfacet
facet normal -2.066235183888782e-14 -5.099824598878974e-16 1.0
  outer loop
    vertex 419.7081814854391 -524.2955549577416 105.70000000017617
    vertex 416.60235294420875 -524.2955549577416 105.70000000017617
    vertex 418.15526721482377 -524.5000000000072 105.70000000017617
  endloop
endfacet
facet normal -2.066235183888782e-14 -5.099824598878974e-16 1.0
  outer loop
    vertex 416.60235294420875 -524.2955549577416 105.70000000017617
    vertex 419.7081814854391 -524.2955549577416 105.70000000017617
    vertex 421.155267214824 -523.6961524227138 105.70000000017617
  endloop
endfacet
facet normal -2.066235183888782e-14 -5.099824598878974e-16 1.0
  outer loop
    vertex 416.60235294420875 -524.2955549577416 105.70000000017617
    vertex 421.155267214824 -523.6961524227138 105.70000000017617
    vertex 415.1552672148239 -523.6961524227138 105.70000000017617
  endloop
endfacet
facet normal -2.066235183888782e-14 -5.099824598878974e-16 1.0
  outer loop
    vertex 415.1552672148239 -523.6961524227138 105.70000000017617
    vertex 421.155267214824 -523.6961524227138 105.70000000017617
    vertex 421.31549749308806 -523.5732034059104 105.70000000017617
  endloop
endfacet
facet normal -2.066235183888782e-14 -5.099824598878974e-16 1.0
  outer loop
    vertex 415.1552672148239 -523.6961524227138 105.70000000017617
    vertex 421.31549749308806 -523.5732034059104 105.70000000017617
    vertex 413.91262652770456 -522.7426406871265 105.70000000017617
  endloop
endfacet
facet normal -2.066235183888782e-14 -5.099824598878974e-16 1.0
  outer loop
    vertex 421.31549749308806 -578.426796594104 105.7000000001762
    vertex 415.1552672148239 -578.3038475773005 105.70000000017606
    vertex 413.91262652770456 -579.2573593128878 105.70000000017606
  endloop
endfacet
facet normal -2.066235183888782e-14 -5.099824598878974e-16 1.0
  outer loop
    vertex 415.1552672148239 -578.3038475773005 105.70000000017606
    vertex 421.31549749308806 -578.426796594104 105.7000000001762
    vertex 421.155267214824 -578.3038475773005 105.70000000017606
  endloop
endfacet
facet normal -2.066235183888782e-14 -5.099824598878974e-16 1.0
  outer loop
    vertex 415.1552672148239 -578.3038475773005 105.70000000017606
    vertex 421.155267214824 -578.3038475773005 105.70000000017606
    vertex 419.7081814854391 -577.7044450422727 105.70000000017606
  endloop
endfacet
facet normal -2.066235183888782e-14 -5.099824598878974e-16 1.0
  outer loop
    vertex 415.1552672148239 -578.3038475773005 105.70000000017606
    vertex 419.7081814854391 -577.7044450422727 105.70000000017606
    vertex 416.60235294420875 -577.7044450422727 105.70000000017606
  endloop
endfacet
facet normal -2.066235183888782e-14 -5.099824598878974e-16 1.0
  outer loop
    vertex 416.60235294420875 -577.7044450422727 105.70000000017606
    vertex 419.7081814854391 -577.7044450422727 105.70000000017606
    vertex 418.15526721482377 -577.5000000000072 105.70000000017606
  endloop
endfacet
facet normal -2.066235183888782e-14 -5.099824598878974e-16 1.0
  outer loop
    vertex 388.2313201170182 -603.4367614507784 105.70000000017622
    vertex 383.07921431263964 -603.4367614507788 105.70000000017606
    vertex 385.65526721482917 -603.5000000000072 105.70000000017622
  endloop
endfacet
facet normal -2.066235183888782e-14 -5.099824598878974e-16 1.0
  outer loop
    vertex 383.07921431263964 -603.4367614507788 105.70000000017606
    vertex 388.2313201170182 -603.4367614507784 105.70000000017622
    vertex 380.50936734752713 -603.2471981502979 105.70000000017606
  endloop
endfacet
facet normal -2.066235183888782e-14 -5.099824598878974e-16 1.0
  outer loop
    vertex 380.50936734752713 -603.2471981502979 105.70000000017606
    vertex 388.2313201170182 -603.4367614507784 105.70000000017622
    vertex 390.8011670821307 -603.247198150297 105.70000000017622
  endloop
endfacet
facet normal -2.066235183888782e-14 -5.099824598878974e-16 1.0
  outer loop
    vertex 380.50936734752713 -603.2471981502979 105.70000000017606
    vertex 390.8011670821307 -603.247198150297 105.70000000017622
    vertex 377.95191730592245 -602.9317667731588 105.70000000017593
  endloop
endfacet
facet normal -2.066235183888782e-14 -5.099824598878974e-16 1.0
  outer loop
    vertex 377.95191730592245 -602.9317667731588 105.70000000017593
    vertex 390.8011670821307 -603.247198150297 105.70000000017622
    vertex 393.35861712373577 -602.9317667731574 105.70000000017622
  endloop
endfacet
facet normal -2.066235183888782e-14 -5.099824598878974e-16 1.0
  outer loop
    vertex 377.95191730592245 -602.9317667731588 105.70000000017593
    vertex 393.35861712373577 -602.9317667731574 105.70000000017622
    vertex 375.41302530898224 -602.4912272211776 105.70000000017593
  endloop
endfacet
facet normal -2.066235183888782e-14 -5.099824598878974e-16 1.0
  outer loop
    vertex 375.41302530898224 -602.4912272211776 105.70000000017593
    vertex 393.35861712373577 -602.9317667731574 105.70000000017622
    vertex 395.8975091206754 -602.4912272211758 105.70000000017622
  endloop
endfacet
facet normal -2.066235183888782e-14 -5.099824598878974e-16 1.0
  outer loop
    vertex 375.41302530898224 -602.4912272211776 105.70000000017593
    vertex 395.8975091206754 -602.4912272211758 105.70000000017622
    vertex 372.8988077699077 -601.9266407927217 105.70000000017593
  endloop
endfacet
facet normal -2.066235183888782e-14 -5.099824598878974e-16 1.0
  outer loop
    vertex 372.8988077699077 -601.9266407927217 105.70000000017593
    vertex 395.8975091206754 -602.4912272211758 105.70000000017622
    vertex 398.4117266597506 -601.9266407927195 105.70000000017636
  endloop
endfacet
facet normal -2.066235183888782e-14 -5.099824598878974e-16 1.0
  outer loop
    vertex 372.8988077699077 -601.9266407927217 105.70000000017593
    vertex 398.4117266597506 -601.9266407927195 105.70000000017636
    vertex 370.4153216589697 -601.2393676259495 105.70000000017593
  endloop
endfacet
facet normal -2.066235183888782e-14 -5.099824598878974e-16 1.0
  outer loop
    vertex 370.4153216589697 -601.2393676259495 105.70000000017593
    vertex 398.4117266597506 -601.9266407927195 105.70000000017636
    vertex 400.89521277068803 -601.2393676259467 105.70000000017652
  endloop
endfacet
facet normal -2.066235183888782e-14 -5.099824598878974e-16 1.0
  outer loop
    vertex 370.4153216589697 -601.2393676259495 105.70000000017593
    vertex 400.89521277068803 -601.2393676259467 105.70000000017652
    vertex 367.96854991173734 -600.4310634221173 105.70000000017579
  endloop
endfacet
facet normal -2.066235183888782e-14 -5.099824598878974e-16 1.0
  outer loop
    vertex 367.96854991173734 -600.4310634221173 105.70000000017579
    vertex 400.89521277068803 -601.2393676259467 105.70000000017652
    vertex 403.34198451792037 -600.4310634221141 105.70000000017652
  endloop
endfacet
facet normal -2.066235183888782e-14 -5.099824598878974e-16 1.0
  outer loop
    vertex 367.96854991173734 -600.4310634221173 105.70000000017579
    vertex 403.34198451792037 -600.4310634221141 105.70000000017652
    vertex 365.56438701566185 -599.5036754568515 105.70000000017579
  endloop
endfacet
facet normal -2.066235183888782e-14 -5.099824598878974e-16 1.0
  outer loop
    vertex 365.56438701566185 -599.5036754568515 105.70000000017579
    vertex 403.34198451792037 -600.4310634221141 105.70000000017652
    vertex 405.74614741399586 -599.5036754568478 105.70000000017652
  endloop
endfacet
facet normal -2.066235183888782e-14 -5.099824598878974e-16 1.0
  outer loop
    vertex 365.56438701566185 -599.5036754568515 105.70000000017579
    vertex 405.74614741399586 -599.5036754568478 105.70000000017652
    vertex 363.2086248097393 -598.45943788899 105.70000000017563
  endloop
endfacet
facet normal -2.066235183888782e-14 -5.099824598878974e-16 1.0
  outer loop
    vertex 363.2086248097393 -598.45943788899 105.70000000017563
    vertex 405.74614741399586 -599.5036754568478 105.70000000017652
    vertex 408.1019096199185 -598.4594378889858 105.70000000017652
  endloop
endfacet
facet normal -2.066235183888782e-14 -5.099824598878974e-16 1.0
  outer loop
    vertex 363.2086248097393 -598.45943788899 105.70000000017563
    vertex 408.1019096199185 -598.4594378889858 105.70000000017652
    vertex 360.90693853146337 -597.3008663782981 105.70000000017563
  endloop
endfacet
facet normal -2.066235183888782e-14 -5.099824598878974e-16 1.0
  outer loop
    vertex 360.90693853146337 -597.3008663782981 105.70000000017563
    vertex 408.1019096199185 -598.4594378889858 105.70000000017652
    vertex 410.4035958981934 -597.3008663782934 105.70000000017652
  endloop
endfacet
facet normal -2.066235183888782e-14 -5.099824598878974e-16 1.0
  outer loop
    vertex 360.90693853146337 -597.3008663782981 105.70000000017563
    vertex 410.4035958981934 -597.3008663782934 105.70000000017652
    vertex 358.66487314468395 -596.0307520250238 105.70000000017563
  endloop
endfacet
facet normal -2.066235183888782e-14 -5.099824598878974e-16 1.0
  outer loop
    vertex 358.66487314468395 -596.0307520250238 105.70000000017563
    vertex 410.4035958981934 -597.3008663782934 105.70000000017652
    vertex 412.6456612849725 -596.030752025019 105.70000000017666
  endloop
endfacet
facet normal -2.066235183888782e-14 -5.099824598878974e-16 1.0
  outer loop
    vertex 358.66487314468395 -596.0307520250238 105.70000000017563
    vertex 412.6456612849725 -596.030752025019 105.70000000017666
    vertex 385.655267214824 -596.0000000000072 105.70000000017622
  endloop
endfacet
facet normal -2.066235183888782e-14 -5.099824598878974e-16 1.0
  outer loop
    vertex 358.66487314468395 -596.0307520250238 105.70000000017563
    vertex 385.655267214824 -596.0000000000072 105.70000000017622
    vertex 383.44722187009006 -595.94579552924 105.70000000017622
  endloop
endfacet
facet normal -2.066235183888782e-14 -5.099824598878974e-16 1.0
  outer loop
    vertex 358.66487314468395 -596.0307520250238 105.70000000017563
    vertex 383.44722187009006 -595.94579552924 105.70000000017622
    vertex 356.487829981299 -594.6521546458935 105.70000000017563
  endloop
endfacet
facet normal -2.066235183888782e-14 -5.099824598878974e-16 1.0
  outer loop
    vertex 356.487829981299 -594.6521546458935 105.70000000017563
    vertex 383.44722187009006 -595.94579552924 105.70000000017622
    vertex 381.2444958999938 -595.783312700256 105.70000000017622
  endloop
endfacet
facet normal -2.066235183888782e-14 -5.099824598878974e-16 1.0
  outer loop
    vertex 356.487829981299 -594.6521546458935 105.70000000017563
    vertex 381.2444958999938 -595.783312700256 105.70000000017622
    vertex 379.0523958643326 -595.5129429484223 105.70000000017622
  endloop
endfacet
facet normal -2.066235183888782e-14 -5.099824598878974e-16 1.0
  outer loop
    vertex 356.487829981299 -594.6521546458935 105.70000000017563
    vertex 379.0523958643326 -595.5129429484223 105.70000000017622
    vertex 376.87620272409794 -595.1353376181526 105.70000000017622
  endloop
endfacet
facet normal -2.066235183888782e-14 -5.099824598878974e-16 1.0
  outer loop
    vertex 356.487829981299 -594.6521546458935 105.70000000017563
    vertex 376.87620272409794 -595.1353376181526 105.70000000017622
    vertex 374.7211591191772 -594.6514063937616 105.70000000017622
  endloop
endfacet
facet normal -2.066235183888782e-14 -5.099824598878974e-16 1.0
  outer loop
    vertex 356.487829981299 -594.6521546458935 105.70000000017563
    vertex 374.7211591191772 -594.6514063937616 105.70000000017622
    vertex 354.3810537289756 -593.1683954027438 105.70000000017563
  endloop
endfacet
facet normal -2.066235183888782e-14 -5.099824598878974e-16 1.0
  outer loop
    vertex 354.3810537289756 -593.1683954027438 105.70000000017563
    vertex 374.7211591191772 -594.6514063937616 105.70000000017622
    vertex 372.592456738373 -594.0623151079566 105.70000000017622
  endloop
endfacet
facet normal -2.066235183888782e-14 -5.099824598878974e-16 1.0
  outer loop
    vertex 354.3810537289756 -593.1683954027438 105.70000000017563
    vertex 372.592456738373 -594.0623151079566 105.70000000017622
    vertex 370.4952238121738 -593.3694829332431 105.70000000017622
  endloop
endfacet
facet normal -2.066235183888782e-14 -5.099824598878974e-16 1.0
  outer loop
    vertex 354.3810537289756 -593.1683954027438 105.70000000017563
    vertex 370.4952238121738 -593.3694829332431 105.70000000017622
    vertex 368.434512758395 -592.5745789630151 105.70000000017622
  endloop
endfacet
facet normal -2.066235183888782e-14 -5.099824598878974e-16 1.0
  outer loop
    vertex 354.3810537289756 -593.1683954027438 105.70000000017563
    vertex 368.434512758395 -592.5745789630151 105.70000000017622
    vertex 352.349619796237 -591.5830488015539 105.70000000017563
  endloop
endfacet
facet normal -2.066235183888782e-14 -5.099824598878974e-16 1.0
  outer loop
    vertex 352.349619796237 -591.5830488015539 105.70000000017563
    vertex 368.434512758395 -592.5745789630151 105.70000000017622
    vertex 366.41528801046104 -591.6795181905621 105.70000000017622
  endloop
endfacet
facet normal -2.066235183888782e-14 -5.099824598878974e-16 1.0
  outer loop
    vertex 352.349619796237 -591.5830488015539 105.70000000017563
    vertex 366.41528801046104 -591.6795181905621 105.70000000017622
    vertex 364.4424140576541 -590.6864568956831 105.7000000001762
  endloop
endfacet
facet normal -2.066235183888782e-14 -5.099824598878974e-16 1.0
  outer loop
    vertex 352.349619796237 -591.5830488015539 105.70000000017563
    vertex 364.4424140576541 -590.6864568956831 105.7000000001762
    vertex 350.3984220853596 -589.8999340811457 105.70000000017548
  endloop
endfacet
facet normal -2.066235183888782e-14 -5.099824598878974e-16 1.0
  outer loop
    vertex 350.3984220853596 -589.8999340811457 105.70000000017548
    vertex 364.4424140576541 -590.6864568956831 105.7000000001762
    vertex 362.520643726129 -589.5977874500194 105.7000000001762
  endloop
endfacet
facet normal -2.066235183888782e-14 -5.099824598878974e-16 1.0
  outer loop
    vertex 350.3984220853596 -589.8999340811457 105.70000000017548
    vertex 362.520643726129 -589.5977874500194 105.7000000001762
    vertex 348.5321612025339 -588.1231060123042 105.70000000017548
  endloop
endfacet
facet normal -2.066235183888782e-14 -5.099824598878974e-16 1.0
  outer loop
    vertex 348.5321612025339 -588.1231060123042 105.70000000017548
    vertex 362.520643726129 -589.5977874500194 105.7000000001762
    vertex 360.6546067289417 -588.4161325536218 105.7000000001762
  endloop
endfacet
facet normal -2.066235183888782e-14 -5.099824598878974e-16 1.0
  outer loop
    vertex 348.5321612025339 -588.1231060123042 105.70000000017548
    vertex 360.6546067289417 -588.4161325536218 105.7000000001762
    vertex 358.84879851266425 -587.1443389166362 105.7000000001762
  endloop
endfacet
facet normal -2.066235183888782e-14 -5.099824598878974e-16 1.0
  outer loop
    vertex 348.5321612025339 -588.1231060123042 105.70000000017548
    vertex 358.84879851266425 -587.1443389166362 105.7000000001762
    vertex 346.75533313369255 -586.2568451294792 105.70000000017535
  endloop
endfacet
facet normal -2.066235183888782e-14 -5.099824598878974e-16 1.0
  outer loop
    vertex 346.75533313369255 -586.2568451294792 105.70000000017535
    vertex 358.84879851266425 -587.1443389166362 105.7000000001762
    vertex 358.22847062072697 -586.6602302782713 105.7000000001762
  endloop
endfacet
facet normal -2.066235183888782e-14 -5.099824598878974e-16 1.0
  outer loop
    vertex 346.75533313369255 -586.2568451294792 105.70000000017535
    vertex 358.22847062072697 -586.6602302782713 105.7000000001762
    vertex 358.3514196375306 -586.5000000000072 105.7000000001762
  endloop
endfacet
facet normal -2.066235183888782e-14 -5.099824598878974e-16 1.0
  outer loop
    vertex 346.75533313369255 -586.2568451294792 105.70000000017535
    vertex 358.3514196375306 -586.5000000000072 105.7000000001762
    vertex 358.95082217255856 -585.0529142706224 105.7000000001762
  endloop
endfacet
facet normal -2.066235183888782e-14 -5.099824598878974e-16 1.0
  outer loop
    vertex 346.75533313369255 -586.2568451294792 105.70000000017535
    vertex 358.95082217255856 -585.0529142706224 105.7000000001762
    vertex 353.15526721482416 -585.5000000000072 105.70000000017606
  endloop
endfacet
facet normal -2.066235183888782e-14 -5.099824598878974e-16 1.0
  outer loop
    vertex 353.15526721482416 -585.5000000000072 105.70000000017606
    vertex 358.95082217255856 -585.0529142706224 105.7000000001762
    vertex 353.6729053050292 -585.4318516525854 105.70000000017606
  endloop
endfacet
facet normal -2.066235183888782e-14 -5.099824598878974e-16 1.0
  outer loop
    vertex 353.6729053050292 -585.4318516525854 105.70000000017606
    vertex 358.95082217255856 -585.0529142706224 105.7000000001762
    vertex 354.1552672148243 -585.232050807576 105.70000000017606
  endloop
endfacet
facet normal -2.066235183888782e-14 -5.099824598878974e-16 1.0
  outer loop
    vertex 354.1552672148243 -585.232050807576 105.70000000017606
    vertex 358.95082217255856 -585.0529142706224 105.7000000001762
    vertex 354.5694807771971 -584.9142135623803 105.70000000017606
  endloop
endfacet
facet normal -2.066235183888782e-14 -5.099824598878974e-16 1.0
  outer loop
    vertex 354.5694807771971 -584.9142135623803 105.70000000017606
    vertex 358.95082217255856 -585.0529142706224 105.7000000001762
    vertex 359.1552672148242 -583.5000000000072 105.7000000001762
  endloop
endfacet
facet normal -2.066235183888782e-14 -5.099824598878974e-16 1.0
  outer loop
    vertex 354.5694807771971 -584.9142135623803 105.70000000017606
    vertex 359.1552672148242 -583.5000000000072 105.7000000001762
    vertex 354.88731802239306 -584.5000000000072 105.70000000017606
  endloop
endfacet
facet normal -2.066235183888782e-14 -5.099824598878974e-16 1.0
  outer loop
    vertex 354.88731802239306 -584.5000000000072 105.70000000017606
    vertex 359.1552672148242 -583.5000000000072 105.7000000001762
    vertex 355.087839119287 -584.0121672339949 105.7000000001762
  endloop
endfacet
facet normal -2.066235183888782e-14 -5.099824598878974e-16 1.0
  outer loop
    vertex 355.087839119287 -584.0121672339949 105.7000000001762
    vertex 359.1552672148242 -583.5000000000072 105.7000000001762
    vertex 355.15526721482405 -583.5000000000072 105.70000000017606
  endloop
endfacet
facet normal -2.066235183888782e-14 -5.099824598878974e-16 1.0
  outer loop
    vertex 355.15526721482405 -583.5000000000072 105.70000000017606
    vertex 359.1552672148242 -583.5000000000072 105.7000000001762
    vertex 358.95082217255856 -581.947085729392 105.70000000017606
  endloop
endfacet
facet normal -2.066235183888782e-14 -5.099824598878974e-16 1.0
  outer loop
    vertex 355.15526721482405 -583.5000000000072 105.70000000017606
    vertex 358.95082217255856 -581.947085729392 105.70000000017606
    vertex 355.087118867402 -582.9823619098021 105.70000000017606
  endloop
endfacet
facet normal -2.066235183888782e-14 -5.099824598878974e-16 1.0
  outer loop
    vertex 355.087118867402 -582.9823619098021 105.70000000017606
    vertex 358.95082217255856 -581.947085729392 105.70000000017606
    vertex 354.88731802239306 -582.5000000000072 105.70000000017606
  endloop
endfacet
facet normal -2.066235183888782e-14 -5.099824598878974e-16 1.0
  outer loop
    vertex 354.88731802239306 -582.5000000000072 105.70000000017606
    vertex 358.95082217255856 -581.947085729392 105.70000000017606
    vertex 354.5694807771971 -582.0857864376342 105.70000000017606
  endloop
endfacet
facet normal -2.066235183888782e-14 -5.099824598878974e-16 1.0
  outer loop
    vertex 354.5694807771971 -582.0857864376342 105.70000000017606
    vertex 358.95082217255856 -581.947085729392 105.70000000017606
    vertex 354.1552672148243 -581.7679491924384 105.70000000017606
  endloop
endfacet
facet normal -2.066235183888782e-14 -5.099824598878974e-16 1.0
  outer loop
    vertex 354.1552672148243 -581.7679491924384 105.70000000017606
    vertex 358.95082217255856 -581.947085729392 105.70000000017606
    vertex 358.3514196375306 -580.5000000000072 105.70000000017606
  endloop
endfacet
facet normal -2.066235183888782e-14 -5.099824598878974e-16 1.0
  outer loop
    vertex 354.1552672148243 -581.7679491924384 105.70000000017606
    vertex 358.3514196375306 -580.5000000000072 105.70000000017606
    vertex 353.6729053050292 -581.5681483474291 105.70000000017606
  endloop
endfacet
facet normal -2.066235183888782e-14 -5.099824598878974e-16 1.0
  outer loop
    vertex 353.6729053050292 -581.5681483474291 105.70000000017606
    vertex 358.3514196375306 -580.5000000000072 105.70000000017606
    vertex 353.15526721482416 -581.5000000000073 105.70000000017606
  endloop
endfacet
facet normal -2.066235183888782e-14 -5.099824598878974e-16 1.0
  outer loop
    vertex 356.15526721482405 -578.3038475773005 105.70000000017606
    vertex 349.99503693656015 -578.426796594104 105.70000000017606
    vertex 357.39790790194337 -579.2573593128878 105.70000000017606
  endloop
endfacet
facet normal -2.066235183888782e-14 -5.099824598878974e-16 1.0
  outer loop
    vertex 349.99503693656015 -578.426796594104 105.70000000017606
    vertex 356.15526721482405 -578.3038475773005 105.70000000017606
    vertex 350.155267214824 -578.3038475773005 105.70000000017606
  endloop
endfacet
facet normal -2.066235183888782e-14 -5.099824598878974e-16 1.0
  outer loop
    vertex 350.155267214824 -578.3038475773005 105.70000000017606
    vertex 356.15526721482405 -578.3038475773005 105.70000000017606
    vertex 354.70818148543935 -577.7044450422727 105.70000000017606
  endloop
endfacet
facet normal -2.066235183888782e-14 -5.099824598878974e-16 1.0
  outer loop
    vertex 350.155267214824 -578.3038475773005 105.70000000017606
    vertex 354.70818148543935 -577.7044450422727 105.70000000017606
    vertex 351.6023529442089 -577.7044450422727 105.70000000017606
  endloop
endfacet
facet normal -2.066235183888782e-14 -5.099824598878974e-16 1.0
  outer loop
    vertex 351.6023529442089 -577.7044450422727 105.70000000017606
    vertex 354.70818148543935 -577.7044450422727 105.70000000017606
    vertex 353.15526721482416 -577.5000000000072 105.70000000017606
  endloop
endfacet
facet normal -2.066235183888782e-14 -5.099824598878974e-16 1.0
  outer loop
    vertex 412.6456612849725 -596.030752025019 105.70000000017666
    vertex 387.86331255955747 -595.94579552924 105.70000000017622
    vertex 385.655267214824 -596.0000000000072 105.70000000017622
  endloop
endfacet
facet normal -2.066235183888782e-14 -5.099824598878974e-16 1.0
  outer loop
    vertex 387.86331255955747 -595.94579552924 105.70000000017622
    vertex 412.6456612849725 -596.030752025019 105.70000000017666
    vertex 414.822704448357 -594.652154645888 105.70000000017666
  endloop
endfacet
facet normal -2.066235183888782e-14 -5.099824598878974e-16 1.0
  outer loop
    vertex 387.86331255955747 -595.94579552924 105.70000000017622
    vertex 414.822704448357 -594.652154645888 105.70000000017666
    vertex 390.0660385296541 -595.783312700256 105.70000000017622
  endloop
endfacet
facet normal -2.066235183888782e-14 -5.099824598878974e-16 1.0
  outer loop
    vertex 390.0660385296541 -595.783312700256 105.70000000017622
    vertex 414.822704448357 -594.652154645888 105.70000000017666
    vertex 392.258138565315 -595.5129429484223 105.70000000017622
  endloop
endfacet
facet normal -2.066235183888782e-14 -5.099824598878974e-16 1.0
  outer loop
    vertex 392.258138565315 -595.5129429484223 105.70000000017622
    vertex 414.822704448357 -594.652154645888 105.70000000017666
    vertex 394.43433170554954 -595.1353376181526 105.70000000017622
  endloop
endfacet
facet normal -2.066235183888782e-14 -5.099824598878974e-16 1.0
  outer loop
    vertex 394.43433170554954 -595.1353376181526 105.70000000017622
    vertex 414.822704448357 -594.652154645888 105.70000000017666
    vertex 396.58937531047076 -594.6514063937616 105.70000000017622
  endloop
endfacet
facet normal -2.066235183888782e-14 -5.099824598878974e-16 1.0
  outer loop
    vertex 396.58937531047076 -594.6514063937616 105.70000000017622
    vertex 414.822704448357 -594.652154645888 105.70000000017666
    vertex 416.92948070068115 -593.1683954027382 105.70000000017679
  endloop
endfacet
facet normal -2.066235183888782e-14 -5.099824598878974e-16 1.0
  outer loop
    vertex 396.58937531047076 -594.6514063937616 105.70000000017622
    vertex 416.92948070068115 -593.1683954027382 105.70000000017679
    vertex 398.7180776912747 -594.0623151079566 105.70000000017622
  endloop
endfacet
facet normal -2.066235183888782e-14 -5.099824598878974e-16 1.0
  outer loop
    vertex 398.7180776912747 -594.0623151079566 105.70000000017622
    vertex 416.92948070068115 -593.1683954027382 105.70000000017679
    vertex 400.81531061747376 -593.3694829332431 105.70000000017622
  endloop
endfacet
facet normal -2.066235183888782e-14 -5.099824598878974e-16 1.0
  outer loop
    vertex 400.81531061747376 -593.3694829332431 105.70000000017622
    vertex 416.92948070068115 -593.1683954027382 105.70000000017679
    vertex 402.876021671253 -592.5745789630151 105.70000000017622
  endloop
endfacet
facet normal -2.066235183888782e-14 -5.099824598878974e-16 1.0
  outer loop
    vertex 402.876021671253 -592.5745789630151 105.70000000017622
    vertex 416.92948070068115 -593.1683954027382 105.70000000017679
    vertex 418.960914633419 -591.5830488015478 105.70000000017679
  endloop
endfacet
facet normal -2.066235183888782e-14 -5.099824598878974e-16 1.0
  outer loop
    vertex 402.876021671253 -592.5745789630151 105.70000000017622
    vertex 418.960914633419 -591.5830488015478 105.70000000017679
    vertex 404.89524641918666 -591.6795181905621 105.70000000017622
  endloop
endfacet
facet normal -2.066235183888782e-14 -5.099824598878974e-16 1.0
  outer loop
    vertex 404.89524641918666 -591.6795181905621 105.70000000017622
    vertex 418.960914633419 -591.5830488015478 105.70000000017679
    vertex 406.86812037199377 -590.6864568956831 105.7000000001762
  endloop
endfacet
facet normal -2.066235183888782e-14 -5.099824598878974e-16 1.0
  outer loop
    vertex 406.86812037199377 -590.6864568956831 105.7000000001762
    vertex 418.960914633419 -591.5830488015478 105.70000000017679
    vertex 420.91211234429596 -589.8999340811392 105.70000000017679
  endloop
endfacet
facet normal -2.066235183888782e-14 -5.099824598878974e-16 1.0
  outer loop
    vertex 406.86812037199377 -590.6864568956831 105.7000000001762
    vertex 420.91211234429596 -589.8999340811392 105.70000000017679
    vertex 408.78989070351884 -589.5977874500194 105.7000000001762
  endloop
endfacet
facet normal -2.066235183888782e-14 -5.099824598878974e-16 1.0
  outer loop
    vertex 408.78989070351884 -589.5977874500194 105.7000000001762
    vertex 420.91211234429596 -589.8999340811392 105.70000000017679
    vertex 422.7783732271215 -588.1231060122974 105.70000000017679
  endloop
endfacet
facet normal -2.066235183888782e-14 -5.099824598878974e-16 1.0
  outer loop
    vertex 408.78989070351884 -589.5977874500194 105.7000000001762
    vertex 422.7783732271215 -588.1231060122974 105.70000000017679
    vertex 410.6559277007058 -588.4161325536218 105.7000000001762
  endloop
endfacet
facet normal -2.066235183888782e-14 -5.099824598878974e-16 1.0
  outer loop
    vertex 410.6559277007058 -588.4161325536218 105.7000000001762
    vertex 422.7783732271215 -588.1231060122974 105.70000000017679
    vertex 412.46173591698323 -587.1443389166362 105.7000000001762
  endloop
endfacet
facet normal -2.066235183888782e-14 -5.099824598878974e-16 1.0
  outer loop
    vertex 412.46173591698323 -587.1443389166362 105.7000000001762
    vertex 422.7783732271215 -588.1231060122974 105.70000000017679
    vertex 424.55520129596243 -586.256845129472 105.70000000017679
  endloop
endfacet
facet normal -2.066235183888782e-14 -5.099824598878974e-16 1.0
  outer loop
    vertex 412.46173591698323 -587.1443389166362 105.7000000001762
    vertex 424.55520129596243 -586.256845129472 105.70000000017679
    vertex 413.08206380892057 -586.6602302782713 105.70000000017606
  endloop
endfacet
facet normal -2.066235183888782e-14 -5.099824598878974e-16 1.0
  outer loop
    vertex 413.08206380892057 -586.6602302782713 105.70000000017606
    vertex 424.55520129596243 -586.256845129472 105.70000000017679
    vertex 412.95911479211725 -586.5000000000072 105.70000000017606
  endloop
endfacet
facet normal -2.066235183888782e-14 -5.099824598878974e-16 1.0
  outer loop
    vertex 412.95911479211725 -586.5000000000072 105.70000000017606
    vertex 424.55520129596243 -586.256845129472 105.70000000017679
    vertex 412.35971225708926 -585.0529142706224 105.70000000017606
  endloop
endfacet
facet normal -2.066235183888782e-14 -5.099824598878974e-16 1.0
  outer loop
    vertex 412.35971225708926 -585.0529142706224 105.70000000017606
    vertex 424.55520129596243 -586.256845129472 105.70000000017679
    vertex 418.15526721482405 -585.5000000000072 105.70000000017606
  endloop
endfacet
facet normal -2.066235183888782e-14 -5.099824598878974e-16 1.0
  outer loop
    vertex 412.35971225708926 -585.0529142706224 105.70000000017606
    vertex 418.15526721482405 -585.5000000000072 105.70000000017606
    vertex 417.637629124619 -585.4318516525854 105.70000000017606
  endloop
endfacet
facet normal -2.066235183888782e-14 -5.099824598878974e-16 1.0
  outer loop
    vertex 412.35971225708926 -585.0529142706224 105.70000000017606
    vertex 417.637629124619 -585.4318516525854 105.70000000017606
    vertex 417.1552672148243 -585.232050807576 105.70000000017606
  endloop
endfacet
facet normal -2.066235183888782e-14 -5.099824598878974e-16 1.0
  outer loop
    vertex 412.35971225708926 -585.0529142706224 105.70000000017606
    vertex 417.1552672148243 -585.232050807576 105.70000000017606
    vertex 416.7410536524511 -584.9142135623804 105.70000000017606
  endloop
endfacet
facet normal -2.066235183888782e-14 -5.099824598878974e-16 1.0
  outer loop
    vertex 412.35971225708926 -585.0529142706224 105.70000000017606
    vertex 416.7410536524511 -584.9142135623804 105.70000000017606
    vertex 412.15526721482365 -583.5000000000072 105.70000000017606
  endloop
endfacet
facet normal -2.066235183888782e-14 -5.099824598878974e-16 1.0
  outer loop
    vertex 412.15526721482365 -583.5000000000072 105.70000000017606
    vertex 416.7410536524511 -584.9142135623804 105.70000000017606
    vertex 416.42321640725515 -584.5000000000072 105.70000000017606
  endloop
endfacet
facet normal -2.066235183888782e-14 -5.099824598878974e-16 1.0
  outer loop
    vertex 412.15526721482365 -583.5000000000072 105.70000000017606
    vertex 416.42321640725515 -584.5000000000072 105.70000000017606
    vertex 416.22341556224603 -584.0176380902122 105.70000000017606
  endloop
endfacet
facet normal -2.066235183888782e-14 -5.099824598878974e-16 1.0
  outer loop
    vertex 412.15526721482365 -583.5000000000072 105.70000000017606
    vertex 416.22341556224603 -584.0176380902122 105.70000000017606
    vertex 416.1552672148242 -583.5000000000072 105.70000000017606
  endloop
endfacet
facet normal -2.066235183888782e-14 -5.099824598878974e-16 1.0
  outer loop
    vertex 412.15526721482365 -583.5000000000072 105.70000000017606
    vertex 416.1552672148242 -583.5000000000072 105.70000000017606
    vertex 416.22341556224603 -582.9823619098021 105.70000000017606
  endloop
endfacet
facet normal -2.066235183888782e-14 -5.099824598878974e-16 1.0
  outer loop
    vertex 412.15526721482365 -583.5000000000072 105.70000000017606
    vertex 416.22341556224603 -582.9823619098021 105.70000000017606
    vertex 412.35971225708926 -581.947085729392 105.70000000017606
  endloop
endfacet
facet normal -2.066235183888782e-14 -5.099824598878974e-16 1.0
  outer loop
    vertex 412.35971225708926 -581.947085729392 105.70000000017606
    vertex 416.22341556224603 -582.9823619098021 105.70000000017606
    vertex 416.42321640725515 -582.5000000000072 105.70000000017606
  endloop
endfacet
facet normal -2.066235183888782e-14 -5.099824598878974e-16 1.0
  outer loop
    vertex 412.35971225708926 -581.947085729392 105.70000000017606
    vertex 416.42321640725515 -582.5000000000072 105.70000000017606
    vertex 416.7410536524511 -582.0857864376342 105.70000000017606
  endloop
endfacet
facet normal -2.066235183888782e-14 -5.099824598878974e-16 1.0
  outer loop
    vertex 412.35971225708926 -581.947085729392 105.70000000017606
    vertex 416.7410536524511 -582.0857864376342 105.70000000017606
    vertex 417.1552672148243 -581.7679491924384 105.70000000017606
  endloop
endfacet
facet normal -2.066235183888782e-14 -5.099824598878974e-16 1.0
  outer loop
    vertex 412.35971225708926 -581.947085729392 105.70000000017606
    vertex 417.1552672148243 -581.7679491924384 105.70000000017606
    vertex 412.95911479211725 -580.5000000000072 105.70000000017606
  endloop
endfacet
facet normal -2.066235183888782e-14 -5.099824598878974e-16 1.0
  outer loop
    vertex 412.95911479211725 -580.5000000000072 105.70000000017606
    vertex 417.1552672148243 -581.7679491924384 105.70000000017606
    vertex 417.637629124619 -581.5681483474291 105.70000000017606
  endloop
endfacet
facet normal -2.066235183888782e-14 -5.099824598878974e-16 1.0
  outer loop
    vertex 412.95911479211725 -580.5000000000072 105.70000000017606
    vertex 417.637629124619 -581.5681483474291 105.70000000017606
    vertex 418.15526721482405 -581.5000000000073 105.70000000017606
  endloop
endfacet
facet normal -2.066235183888782e-14 -5.099824598878974e-16 1.0
  outer loop
    vertex 424.55520129596243 -586.256845129472 105.70000000017679
    vertex 418.672905305029 -585.4318516525854 105.70000000017606
    vertex 418.15526721482405 -585.5000000000072 105.70000000017606
  endloop
endfacet
facet normal -2.066235183888782e-14 -5.099824598878974e-16 1.0
  outer loop
    vertex 418.672905305029 -585.4318516525854 105.70000000017606
    vertex 424.55520129596243 -586.256845129472 105.70000000017679
    vertex 426.2383160163707 -584.3056474185947 105.70000000017679
  endloop
endfacet
facet normal -2.066235183888782e-14 -5.099824598878974e-16 1.0
  outer loop
    vertex 418.672905305029 -585.4318516525854 105.70000000017606
    vertex 426.2383160163707 -584.3056474185947 105.70000000017679
    vertex 419.15526721482405 -585.232050807576 105.70000000017606
  endloop
endfacet
facet normal -2.066235183888782e-14 -5.099824598878974e-16 1.0
  outer loop
    vertex 419.15526721482405 -585.232050807576 105.70000000017606
    vertex 426.2383160163707 -584.3056474185947 105.70000000017679
    vertex 419.5694807771973 -584.9142135623803 105.70000000017606
  endloop
endfacet
facet normal -2.066235183888782e-14 -5.099824598878974e-16 1.0
  outer loop
    vertex 419.5694807771973 -584.9142135623803 105.70000000017606
    vertex 426.2383160163707 -584.3056474185947 105.70000000017679
    vertex 419.88731802239306 -584.5000000000072 105.70000000017606
  endloop
endfacet
facet normal -2.066235183888782e-14 -5.099824598878974e-16 1.0
  outer loop
    vertex 419.88731802239306 -584.5000000000072 105.70000000017606
    vertex 426.2383160163707 -584.3056474185947 105.70000000017679
    vertex 420.0871188674023 -584.0176380902122 105.70000000017606
  endloop
endfacet
facet normal -2.066235183888782e-14 -5.099824598878974e-16 1.0
  outer loop
    vertex 420.0871188674023 -584.0176380902122 105.70000000017606
    vertex 426.2383160163707 -584.3056474185947 105.70000000017679
    vertex 427.823662617561 -582.274213485856 105.70000000017693
  endloop
endfacet
facet normal -2.066235183888782e-14 -5.099824598878974e-16 1.0
  outer loop
    vertex 420.0871188674023 -584.0176380902122 105.70000000017606
    vertex 427.823662617561 -582.274213485856 105.70000000017693
    vertex 420.1552672148242 -583.5000000000072 105.70000000017606
  endloop
endfacet
facet normal -2.066235183888782e-14 -5.099824598878974e-16 1.0
  outer loop
    vertex 420.1552672148242 -583.5000000000072 105.70000000017606
    vertex 427.823662617561 -582.274213485856 105.70000000017693
    vertex 420.0871188674023 -582.9823619098021 105.70000000017606
  endloop
endfacet
facet normal -2.066235183888782e-14 -5.099824598878974e-16 1.0
  outer loop
    vertex 420.0871188674023 -582.9823619098021 105.70000000017606
    vertex 427.823662617561 -582.274213485856 105.70000000017693
    vertex 419.88731802239306 -582.5000000000072 105.70000000017606
  endloop
endfacet
facet normal -2.066235183888782e-14 -5.099824598878974e-16 1.0
  outer loop
    vertex 419.88731802239306 -582.5000000000072 105.70000000017606
    vertex 427.823662617561 -582.274213485856 105.70000000017693
    vertex 419.5694807771973 -582.0857864376342 105.70000000017606
  endloop
endfacet
facet normal -2.066235183888782e-14 -5.099824598878974e-16 1.0
  outer loop
    vertex 419.5694807771973 -582.0857864376342 105.70000000017606
    vertex 427.823662617561 -582.274213485856 105.70000000017693
    vertex 429.30742186071046 -580.1674372335323 105.70000000017693
  endloop
endfacet
facet normal -2.066235183888782e-14 -5.099824598878974e-16 1.0
  outer loop
    vertex 419.5694807771973 -582.0857864376342 105.70000000017606
    vertex 429.30742186071046 -580.1674372335323 105.70000000017693
    vertex 419.15526721482405 -581.7679491924384 105.70000000017606
  endloop
endfacet
facet normal -2.066235183888782e-14 -5.099824598878974e-16 1.0
  outer loop
    vertex 419.15526721482405 -581.7679491924384 105.70000000017606
    vertex 429.30742186071046 -580.1674372335323 105.70000000017693
    vertex 418.66743444881143 -581.5674280955441 105.7000000001762
  endloop
endfacet
facet normal -2.066235183888782e-14 -5.099824598878974e-16 1.0
  outer loop
    vertex 418.66743444881143 -581.5674280955441 105.7000000001762
    vertex 429.30742186071046 -580.1674372335323 105.70000000017693
    vertex 418.15526721482405 -581.5000000000073 105.70000000017606
  endloop
endfacet
facet normal -2.066235183888782e-14 -5.099824598878974e-16 1.0
  outer loop
    vertex 418.15526721482405 -581.5000000000073 105.70000000017606
    vertex 429.30742186071046 -580.1674372335323 105.70000000017693
    vertex 412.95911479211725 -580.5000000000072 105.70000000017606
  endloop
endfacet
facet normal -2.066235183888782e-14 -5.099824598878974e-16 1.0
  outer loop
    vertex 412.95911479211725 -580.5000000000072 105.70000000017606
    vertex 429.30742186071046 -580.1674372335323 105.70000000017693
    vertex 413.91262652770456 -579.2573593128878 105.70000000017606
  endloop
endfacet
facet normal -2.066235183888782e-14 -5.099824598878974e-16 1.0
  outer loop
    vertex 413.91262652770456 -579.2573593128878 105.70000000017606
    vertex 429.30742186071046 -580.1674372335323 105.70000000017693
    vertex 430.68601923984085 -577.9903940701471 105.70000000017708
  endloop
endfacet
facet normal -2.066235183888782e-14 -5.099824598878974e-16 1.0
  outer loop
    vertex 413.91262652770456 -579.2573593128878 105.70000000017606
    vertex 430.68601923984085 -577.9903940701471 105.70000000017708
    vertex 421.31549749308806 -578.426796594104 105.7000000001762
  endloop
endfacet
facet normal -2.066235183888782e-14 -5.099824598878974e-16 1.0
  outer loop
    vertex 421.31549749308806 -578.426796594104 105.7000000001762
    vertex 430.68601923984085 -577.9903940701471 105.70000000017708
    vertex 421.799606131453 -577.8064687021666 105.7000000001762
  endloop
endfacet
facet normal -2.066235183888782e-14 -5.099824598878974e-16 1.0
  outer loop
    vertex 421.799606131453 -577.8064687021666 105.7000000001762
    vertex 430.68601923984085 -577.9903940701471 105.70000000017708
    vertex 431.956133593115 -575.7483286833677 105.70000000017708
  endloop
endfacet
facet normal -2.066235183888782e-14 -5.099824598878974e-16 1.0
  outer loop
    vertex 421.799606131453 -577.8064687021666 105.7000000001762
    vertex 431.956133593115 -575.7483286833677 105.70000000017708
    vertex 423.07139976843854 -576.0006604858893 105.7000000001762
  endloop
endfacet
facet normal -2.066235183888782e-14 -5.099824598878974e-16 1.0
  outer loop
    vertex 423.07139976843854 -576.0006604858893 105.7000000001762
    vertex 431.956133593115 -575.7483286833677 105.70000000017708
    vertex 424.25305466483616 -574.1346234887021 105.7000000001762
  endloop
endfacet
facet normal -2.066235183888782e-14 -5.099824598878974e-16 1.0
  outer loop
    vertex 424.25305466483616 -574.1346234887021 105.7000000001762
    vertex 431.956133593115 -575.7483286833677 105.70000000017708
    vertex 433.11470510380707 -573.4466424050926 105.70000000017708
  endloop
endfacet
facet normal -2.066235183888782e-14 -5.099824598878974e-16 1.0
  outer loop
    vertex 424.25305466483616 -574.1346234887021 105.7000000001762
    vertex 433.11470510380707 -573.4466424050926 105.70000000017708
    vertex 425.34172411049997 -572.212853157177 105.7000000001762
  endloop
endfacet
facet normal -2.066235183888782e-14 -5.099824598878974e-16 1.0
  outer loop
    vertex 425.34172411049997 -572.212853157177 105.7000000001762
    vertex 433.11470510380707 -573.4466424050926 105.70000000017708
    vertex 434.1589426716684 -571.0908801991699 105.70000000017708
  endloop
endfacet
facet normal -2.066235183888782e-14 -5.099824598878974e-16 1.0
  outer loop
    vertex 425.34172411049997 -572.212853157177 105.7000000001762
    vertex 434.1589426716684 -571.0908801991699 105.70000000017708
    vertex 426.3347854053789 -570.2399792043699 105.7000000001762
  endloop
endfacet
facet normal -2.066235183888782e-14 -5.099824598878974e-16 1.0
  outer loop
    vertex 426.3347854053789 -570.2399792043699 105.7000000001762
    vertex 434.1589426716684 -571.0908801991699 105.70000000017708
    vertex 435.0863306369348 -568.6867173030942 105.70000000017708
  endloop
endfacet
facet normal -2.066235183888782e-14 -5.099824598878974e-16 1.0
  outer loop
    vertex 426.3347854053789 -570.2399792043699 105.7000000001762
    vertex 435.0863306369348 -568.6867173030942 105.70000000017708
    vertex 427.2298461778317 -568.2207544564362 105.7000000001762
  endloop
endfacet
facet normal -2.066235183888782e-14 -5.099824598878974e-16 1.0
  outer loop
    vertex 427.2298461778317 -568.2207544564362 105.7000000001762
    vertex 435.0863306369348 -568.6867173030942 105.70000000017708
    vertex 435.89463484076686 -566.2399455558618 105.70000000017708
  endloop
endfacet
facet normal -2.066235183888782e-14 -5.099824598878974e-16 1.0
  outer loop
    vertex 427.2298461778317 -568.2207544564362 105.7000000001762
    vertex 435.89463484076686 -566.2399455558618 105.70000000017708
    vertex 428.02475014805975 -566.160043402657 105.7000000001762
  endloop
endfacet
facet normal -2.066235183888782e-14 -5.099824598878974e-16 1.0
  outer loop
    vertex 428.02475014805975 -566.160043402657 105.7000000001762
    vertex 435.89463484076686 -566.2399455558618 105.70000000017708
    vertex 436.581908007539 -563.7564594449238 105.70000000017706
  endloop
endfacet
facet normal -2.066235183888782e-14 -5.099824598878974e-16 1.0
  outer loop
    vertex 428.02475014805975 -566.160043402657 105.7000000001762
    vertex 436.581908007539 -563.7564594449238 105.70000000017706
    vertex 428.71758232277324 -564.062810476458 105.7000000001762
  endloop
endfacet
facet normal -2.066235183888782e-14 -5.099824598878974e-16 1.0
  outer loop
    vertex 428.71758232277324 -564.062810476458 105.7000000001762
    vertex 436.581908007539 -563.7564594449238 105.70000000017706
    vertex 429.3066736085783 -561.9341080956541 105.7000000001762
  endloop
endfacet
facet normal -2.066235183888782e-14 -5.099824598878974e-16 1.0
  outer loop
    vertex 429.3066736085783 -561.9341080956541 105.7000000001762
    vertex 436.581908007539 -563.7564594449238 105.70000000017706
    vertex 437.1464944359943 -561.2422419058491 105.70000000017706
  endloop
endfacet
facet normal -2.066235183888782e-14 -5.099824598878974e-16 1.0
  outer loop
    vertex 429.3066736085783 -561.9341080956541 105.7000000001762
    vertex 437.1464944359943 -561.2422419058491 105.70000000017706
    vertex 429.79060483296934 -559.7790644907329 105.7000000001762
  endloop
endfacet
facet normal -2.066235183888782e-14 -5.099824598878974e-16 1.0
  outer loop
    vertex 429.79060483296934 -559.7790644907329 105.7000000001762
    vertex 437.1464944359943 -561.2422419058491 105.70000000017706
    vertex 437.5870339879759 -558.7033499089089 105.70000000017706
  endloop
endfacet
facet normal -2.066235183888782e-14 -5.099824598878974e-16 1.0
  outer loop
    vertex 429.79060483296934 -559.7790644907329 105.7000000001762
    vertex 437.5870339879759 -558.7033499089089 105.70000000017706
    vertex 430.16821016323894 -557.6028713504984 105.7000000001762
  endloop
endfacet
facet normal -2.066235183888782e-14 -5.099824598878974e-16 1.0
  outer loop
    vertex 430.16821016323894 -557.6028713504984 105.7000000001762
    vertex 437.5870339879759 -558.7033499089089 105.70000000017706
    vertex 437.9024653651151 -556.1458998673043 105.70000000017706
  endloop
endfacet
facet normal -2.066235183888782e-14 -5.099824598878974e-16 1.0
  outer loop
    vertex 430.16821016323894 -557.6028713504984 105.7000000001762
    vertex 437.9024653651151 -556.1458998673043 105.70000000017706
    vertex 430.43857991507264 -555.4107713148373 105.7000000001762
  endloop
endfacet
facet normal -2.066235183888782e-14 -5.099824598878974e-16 1.0
  outer loop
    vertex 430.43857991507264 -555.4107713148373 105.7000000001762
    vertex 437.9024653651151 -556.1458998673043 105.70000000017706
    vertex 438.09202866559593 -553.5760529021918 105.70000000017706
  endloop
endfacet
facet normal -2.066235183888782e-14 -5.099824598878974e-16 1.0
  outer loop
    vertex 430.43857991507264 -555.4107713148373 105.7000000001762
    vertex 438.09202866559593 -553.5760529021918 105.70000000017706
    vertex 430.60106274405666 -553.2080453447411 105.7000000001762
  endloop
endfacet
facet normal -2.066235183888782e-14 -5.099824598878974e-16 1.0
  outer loop
    vertex 430.60106274405666 -553.2080453447411 105.7000000001762
    vertex 438.09202866559593 -553.5760529021918 105.70000000017706
    vertex 438.1474053502844 -551.3202568561711 105.70000000017706
  endloop
endfacet
facet normal -2.066235183888782e-14 -5.099824598878974e-16 1.0
  outer loop
    vertex 430.60106274405666 -553.2080453447411 105.7000000001762
    vertex 438.1474053502844 -551.3202568561711 105.70000000017706
    vertex 430.6552672148238 -551.0000000000072 105.7000000001762
  endloop
endfacet
facet normal -2.066235183888782e-14 -5.099824598878974e-16 1.0
  outer loop
    vertex 430.6552672148238 -551.0000000000072 105.7000000001762
    vertex 438.1474053502844 -551.3202568561711 105.70000000017706
    vertex 438.1474053502844 -550.6797431438418 105.70000000017735
  endloop
endfacet
facet normal -2.066235183888782e-14 -5.099824598878974e-16 1.0
  outer loop
    vertex 430.6552672148238 -551.0000000000072 105.7000000001762
    vertex 438.1474053502844 -550.6797431438418 105.70000000017735
    vertex 430.60106274405666 -548.7919546552733 105.7000000001762
  endloop
endfacet
facet normal -2.066235183888782e-14 -5.099824598878974e-16 1.0
  outer loop
    vertex 430.60106274405666 -548.7919546552733 105.7000000001762
    vertex 438.1474053502844 -550.6797431438418 105.70000000017735
    vertex 438.0920286655955 -548.4239470978129 105.70000000017706
  endloop
endfacet
facet normal -2.066235183888782e-14 -5.099824598878974e-16 1.0
  outer loop
    vertex 430.60106274405666 -548.7919546552733 105.7000000001762
    vertex 438.0920286655955 -548.4239470978129 105.70000000017706
    vertex 430.43857991507264 -546.589228685177 105.7000000001762
  endloop
endfacet
facet normal -2.066235183888782e-14 -5.099824598878974e-16 1.0
  outer loop
    vertex 430.43857991507264 -546.589228685177 105.7000000001762
    vertex 438.0920286655955 -548.4239470978129 105.70000000017706
    vertex 437.9024653651144 -545.8541001327005 105.70000000017706
  endloop
endfacet
facet normal -2.066235183888782e-14 -5.099824598878974e-16 1.0
  outer loop
    vertex 430.43857991507264 -546.589228685177 105.7000000001762
    vertex 437.9024653651144 -545.8541001327005 105.70000000017706
    vertex 430.16821016323894 -544.3971286495159 105.7000000001762
  endloop
endfacet
facet normal -2.066235183888782e-14 -5.099824598878974e-16 1.0
  outer loop
    vertex 430.16821016323894 -544.3971286495159 105.7000000001762
    vertex 437.9024653651144 -545.8541001327005 105.70000000017706
    vertex 437.58703398797473 -543.2966500910959 105.70000000017706
  endloop
endfacet
facet normal -2.066235183888782e-14 -5.099824598878974e-16 1.0
  outer loop
    vertex 430.16821016323894 -544.3971286495159 105.7000000001762
    vertex 437.58703398797473 -543.2966500910959 105.70000000017706
    vertex 429.79060483296934 -542.2209355092815 105.7000000001762
  endloop
endfacet
facet normal -2.066235183888782e-14 -5.099824598878974e-16 1.0
  outer loop
    vertex 429.79060483296934 -542.2209355092815 105.7000000001762
    vertex 437.58703398797473 -543.2966500910959 105.70000000017706
    vertex 437.14649443599313 -540.7577580941557 105.70000000017706
  endloop
endfacet
facet normal -2.066235183888782e-14 -5.099824598878974e-16 1.0
  outer loop
    vertex 429.79060483296934 -542.2209355092815 105.7000000001762
    vertex 437.14649443599313 -540.7577580941557 105.70000000017706
    vertex 429.3066736085783 -540.0658919043603 105.7000000001762
  endloop
endfacet
facet normal -2.066235183888782e-14 -5.099824598878974e-16 1.0
  outer loop
    vertex 429.3066736085783 -540.0658919043603 105.7000000001762
    vertex 437.14649443599313 -540.7577580941557 105.70000000017706
    vertex 436.58190800753675 -538.2435405550812 105.70000000017706
  endloop
endfacet
facet normal -2.066235183888782e-14 -5.099824598878974e-16 1.0
  outer loop
    vertex 429.3066736085783 -540.0658919043603 105.7000000001762
    vertex 436.58190800753675 -538.2435405550812 105.70000000017706
    vertex 428.71758232277324 -537.9371895235564 105.7000000001762
  endloop
endfacet
facet normal -2.066235183888782e-14 -5.099824598878974e-16 1.0
  outer loop
    vertex 428.71758232277324 -537.9371895235564 105.7000000001762
    vertex 436.58190800753675 -538.2435405550812 105.70000000017706
    vertex 435.89463484076356 -535.7600544441433 105.70000000017706
  endloop
endfacet
facet normal -2.066235183888782e-14 -5.099824598878974e-16 1.0
  outer loop
    vertex 428.71758232277324 -537.9371895235564 105.7000000001762
    vertex 435.89463484076356 -535.7600544441433 105.70000000017706
    vertex 428.02475014805975 -535.8399565973574 105.7000000001762
  endloop
endfacet
facet normal -2.066235183888782e-14 -5.099824598878974e-16 1.0
  outer loop
    vertex 428.02475014805975 -535.8399565973574 105.7000000001762
    vertex 435.89463484076356 -535.7600544441433 105.70000000017706
    vertex 427.2298461778317 -533.7792455435781 105.70000000017617
  endloop
endfacet
facet normal -2.066235183888782e-14 -5.099824598878974e-16 1.0
  outer loop
    vertex 427.2298461778317 -533.7792455435781 105.70000000017617
    vertex 435.89463484076356 -535.7600544441433 105.70000000017706
    vertex 435.0863306369313 -533.3132826969112 105.70000000017706
  endloop
endfacet
facet normal -2.066235183888782e-14 -5.099824598878974e-16 1.0
  outer loop
    vertex 427.2298461778317 -533.7792455435781 105.70000000017617
    vertex 435.0863306369313 -533.3132826969112 105.70000000017706
    vertex 426.3347854053789 -531.7600207956444 105.70000000017617
  endloop
endfacet
facet normal -2.066235183888782e-14 -5.099824598878974e-16 1.0
  outer loop
    vertex 426.3347854053789 -531.7600207956444 105.70000000017617
    vertex 435.0863306369313 -533.3132826969112 105.70000000017706
    vertex 434.1589426716643 -530.9091198008355 105.70000000017706
  endloop
endfacet
facet normal -2.066235183888782e-14 -5.099824598878974e-16 1.0
  outer loop
    vertex 426.3347854053789 -531.7600207956444 105.70000000017617
    vertex 434.1589426716643 -530.9091198008355 105.70000000017706
    vertex 425.34172411049997 -529.7871468428373 105.70000000017617
  endloop
endfacet
facet normal -2.066235183888782e-14 -5.099824598878974e-16 1.0
  outer loop
    vertex 425.34172411049997 -529.7871468428373 105.70000000017617
    vertex 434.1589426716643 -530.9091198008355 105.70000000017706
    vertex 433.1147051038026 -528.553357594913 105.70000000017706
  endloop
endfacet
facet normal -2.066235183888782e-14 -5.099824598878974e-16 1.0
  outer loop
    vertex 425.34172411049997 -529.7871468428373 105.70000000017617
    vertex 433.1147051038026 -528.553357594913 105.70000000017706
    vertex 424.25305466483616 -527.8653765113122 105.70000000017617
  endloop
endfacet
facet normal -2.066235183888782e-14 -5.099824598878974e-16 1.0
  outer loop
    vertex 424.25305466483616 -527.8653765113122 105.70000000017617
    vertex 433.1147051038026 -528.553357594913 105.70000000017706
    vertex 431.9561335931104 -526.2516713166381 105.70000000017706
  endloop
endfacet
facet normal -2.066235183888782e-14 -5.099824598878974e-16 1.0
  outer loop
    vertex 424.25305466483616 -527.8653765113122 105.70000000017617
    vertex 431.9561335931104 -526.2516713166381 105.70000000017706
    vertex 423.07139976843837 -525.9993395141252 105.70000000017617
  endloop
endfacet
facet normal -2.066235183888782e-14 -5.099824598878974e-16 1.0
  outer loop
    vertex 423.07139976843837 -525.9993395141252 105.70000000017617
    vertex 431.9561335931104 -526.2516713166381 105.70000000017706
    vertex 430.68601923983624 -524.0096059298589 105.70000000017706
  endloop
endfacet
facet normal -2.066235183888782e-14 -5.099824598878974e-16 1.0
  outer loop
    vertex 423.07139976843837 -525.9993395141252 105.70000000017617
    vertex 430.68601923983624 -524.0096059298589 105.70000000017706
    vertex 421.799606131453 -524.1935312978477 105.70000000017617
  endloop
endfacet
facet normal -2.066235183888782e-14 -5.099824598878974e-16 1.0
  outer loop
    vertex 421.799606131453 -524.1935312978477 105.70000000017617
    vertex 430.68601923983624 -524.0096059298589 105.70000000017706
    vertex 421.31549749308806 -523.5732034059104 105.70000000017617
  endloop
endfacet
facet normal -2.066235183888782e-14 -5.099824598878974e-16 1.0
  outer loop
    vertex 421.31549749308806 -523.5732034059104 105.70000000017617
    vertex 430.68601923983624 -524.0096059298589 105.70000000017706
    vertex 429.30742186070466 -521.8325627664741 105.70000000017706
  endloop
endfacet
facet normal -2.066235183888782e-14 -5.099824598878974e-16 1.0
  outer loop
    vertex 421.31549749308806 -523.5732034059104 105.70000000017617
    vertex 429.30742186070466 -521.8325627664741 105.70000000017706
    vertex 413.91262652770456 -522.7426406871265 105.70000000017617
  endloop
endfacet
facet normal -2.066235183888782e-14 -5.099824598878974e-16 1.0
  outer loop
    vertex 413.91262652770456 -522.7426406871265 105.70000000017617
    vertex 429.30742186070466 -521.8325627664741 105.70000000017706
    vertex 412.95911479211725 -521.5000000000072 105.70000000017617
  endloop
endfacet
facet normal -2.066235183888782e-14 -5.099824598878974e-16 1.0
  outer loop
    vertex 412.95911479211725 -521.5000000000072 105.70000000017617
    vertex 429.30742186070466 -521.8325627664741 105.70000000017706
    vertex 427.82366261755527 -519.7257865141506 105.70000000017706
  endloop
endfacet
facet normal -2.066235183888782e-14 -5.099824598878974e-16 1.0
  outer loop
    vertex 412.95911479211725 -521.5000000000072 105.70000000017617
    vertex 427.82366261755527 -519.7257865141506 105.70000000017706
    vertex 418.15526721482405 -520.5000000000073 105.70000000017617
  endloop
endfacet
facet normal -2.066235183888782e-14 -5.099824598878974e-16 1.0
  outer loop
    vertex 418.15526721482405 -520.5000000000073 105.70000000017617
    vertex 427.82366261755527 -519.7257865141506 105.70000000017706
    vertex 418.672905305029 -520.4318516525854 105.70000000017617
  endloop
endfacet
facet normal -2.066235183888782e-14 -5.099824598878974e-16 1.0
  outer loop
    vertex 418.672905305029 -520.4318516525854 105.70000000017617
    vertex 427.82366261755527 -519.7257865141506 105.70000000017706
    vertex 419.15526721482405 -520.2320508075761 105.70000000017617
  endloop
endfacet
facet normal -2.066235183888782e-14 -5.099824598878974e-16 1.0
  outer loop
    vertex 419.15526721482405 -520.2320508075761 105.70000000017617
    vertex 427.82366261755527 -519.7257865141506 105.70000000017706
    vertex 419.5694807771973 -519.9142135623804 105.70000000017617
  endloop
endfacet
facet normal -2.066235183888782e-14 -5.099824598878974e-16 1.0
  outer loop
    vertex 419.5694807771973 -519.9142135623804 105.70000000017617
    vertex 427.82366261755527 -519.7257865141506 105.70000000017706
    vertex 419.88731802239306 -519.5000000000072 105.70000000017617
  endloop
endfacet
facet normal -2.066235183888782e-14 -5.099824598878974e-16 1.0
  outer loop
    vertex 419.88731802239306 -519.5000000000072 105.70000000017617
    vertex 427.82366261755527 -519.7257865141506 105.70000000017706
    vertex 426.2383160163649 -517.6943525814122 105.7000000001769
  endloop
endfacet
facet normal -2.066235183888782e-14 -5.099824598878974e-16 1.0
  outer loop
    vertex 419.88731802239306 -519.5000000000072 105.70000000017617
    vertex 426.2383160163649 -517.6943525814122 105.7000000001769
    vertex 420.0871188674023 -519.0176380902122 105.70000000017617
  endloop
endfacet
facet normal -2.066235183888782e-14 -5.099824598878974e-16 1.0
  outer loop
    vertex 420.0871188674023 -519.0176380902122 105.70000000017617
    vertex 426.2383160163649 -517.6943525814122 105.7000000001769
    vertex 420.1552672148242 -518.5000000000073 105.70000000017617
  endloop
endfacet
facet normal -2.066235183888782e-14 -5.099824598878974e-16 1.0
  outer loop
    vertex 420.1552672148242 -518.5000000000073 105.70000000017617
    vertex 426.2383160163649 -517.6943525814122 105.7000000001769
    vertex 420.0871188674023 -517.9823619098022 105.70000000017617
  endloop
endfacet
facet normal -2.066235183888782e-14 -5.099824598878974e-16 1.0
  outer loop
    vertex 420.0871188674023 -517.9823619098022 105.70000000017617
    vertex 426.2383160163649 -517.6943525814122 105.7000000001769
    vertex 419.88731802239306 -517.5000000000072 105.70000000017617
  endloop
endfacet
facet normal -2.066235183888782e-14 -5.099824598878974e-16 1.0
  outer loop
    vertex 419.88731802239306 -517.5000000000072 105.70000000017617
    vertex 426.2383160163649 -517.6943525814122 105.7000000001769
    vertex 424.55520129595664 -515.7431548705352 105.7000000001769
  endloop
endfacet
facet normal -2.066235183888782e-14 -5.099824598878974e-16 1.0
  outer loop
    vertex 419.88731802239306 -517.5000000000072 105.70000000017617
    vertex 424.55520129595664 -515.7431548705352 105.7000000001769
    vertex 419.5694807771973 -517.085786437634 105.70000000017617
  endloop
endfacet
facet normal -2.066235183888782e-14 -5.099824598878974e-16 1.0
  outer loop
    vertex 419.5694807771973 -517.085786437634 105.70000000017617
    vertex 424.55520129595664 -515.7431548705352 105.7000000001769
    vertex 419.15526721482405 -516.7679491924383 105.70000000017617
  endloop
endfacet
facet normal -2.066235183888782e-14 -5.099824598878974e-16 1.0
  outer loop
    vertex 419.15526721482405 -516.7679491924383 105.70000000017617
    vertex 424.55520129595664 -515.7431548705352 105.7000000001769
    vertex 418.672905305029 -516.5681483474291 105.70000000017617
  endloop
endfacet
facet normal -2.066235183888782e-14 -5.099824598878974e-16 1.0
  outer loop
    vertex 418.672905305029 -516.5681483474291 105.70000000017617
    vertex 424.55520129595664 -515.7431548705352 105.7000000001769
    vertex 418.15526721482405 -516.5000000000072 105.70000000017617
  endloop
endfacet
facet normal -2.066235183888782e-14 -5.099824598878974e-16 1.0
  outer loop
    vertex 418.15526721482405 -520.5000000000073 105.70000000017617
    vertex 412.35971225708954 -520.0529142706223 105.70000000017617
    vertex 412.95911479211725 -521.5000000000072 105.70000000017617
  endloop
endfacet
facet normal -2.066235183888782e-14 -5.099824598878974e-16 1.0
  outer loop
    vertex 412.35971225708954 -520.0529142706223 105.70000000017617
    vertex 418.15526721482405 -520.5000000000073 105.70000000017617
    vertex 417.637629124619 -520.4318516525854 105.70000000017617
  endloop
endfacet
facet normal -2.066235183888782e-14 -5.099824598878974e-16 1.0
  outer loop
    vertex 412.35971225708954 -520.0529142706223 105.70000000017617
    vertex 417.637629124619 -520.4318516525854 105.70000000017617
    vertex 417.1552672148243 -520.2320508075761 105.70000000017617
  endloop
endfacet
facet normal -2.066235183888782e-14 -5.099824598878974e-16 1.0
  outer loop
    vertex 412.35971225708954 -520.0529142706223 105.70000000017617
    vertex 417.1552672148243 -520.2320508075761 105.70000000017617
    vertex 416.7410536524511 -519.9142135623804 105.70000000017617
  endloop
endfacet
facet normal -2.066235183888782e-14 -5.099824598878974e-16 1.0
  outer loop
    vertex 412.35971225708954 -520.0529142706223 105.70000000017617
    vertex 416.7410536524511 -519.9142135623804 105.70000000017617
    vertex 412.15526721482394 -518.5000000000072 105.70000000017617
  endloop
endfacet
facet normal -2.066235183888782e-14 -5.099824598878974e-16 1.0
  outer loop
    vertex 412.15526721482394 -518.5000000000072 105.70000000017617
    vertex 416.7410536524511 -519.9142135623804 105.70000000017617
    vertex 416.42321640725515 -519.5000000000072 105.70000000017617
  endloop
endfacet
facet normal -2.066235183888782e-14 -5.099824598878974e-16 1.0
  outer loop
    vertex 412.15526721482394 -518.5000000000072 105.70000000017617
    vertex 416.42321640725515 -519.5000000000072 105.70000000017617
    vertex 416.22341556224575 -519.0176380902122 105.70000000017617
  endloop
endfacet
facet normal -2.066235183888782e-14 -5.099824598878974e-16 1.0
  outer loop
    vertex 412.15526721482394 -518.5000000000072 105.70000000017617
    vertex 416.22341556224575 -519.0176380902122 105.70000000017617
    vertex 416.15526721482405 -518.5000000000073 105.70000000017617
  endloop
endfacet
facet normal -2.066235183888782e-14 -5.099824598878974e-16 1.0
  outer loop
    vertex 412.15526721482394 -518.5000000000072 105.70000000017617
    vertex 416.15526721482405 -518.5000000000073 105.70000000017617
    vertex 416.2226953103608 -517.9878327660196 105.70000000017617
  endloop
endfacet
facet normal -2.066235183888782e-14 -5.099824598878974e-16 1.0
  outer loop
    vertex 412.15526721482394 -518.5000000000072 105.70000000017617
    vertex 416.2226953103608 -517.9878327660196 105.70000000017617
    vertex 412.35971225708954 -516.947085729392 105.70000000017617
  endloop
endfacet
facet normal -2.066235183888782e-14 -5.099824598878974e-16 1.0
  outer loop
    vertex 412.35971225708954 -516.947085729392 105.70000000017617
    vertex 416.2226953103608 -517.9878327660196 105.70000000017617
    vertex 416.42321640725515 -517.5000000000072 105.70000000017617
  endloop
endfacet
facet normal -2.066235183888782e-14 -5.099824598878974e-16 1.0
  outer loop
    vertex 412.35971225708954 -516.947085729392 105.70000000017617
    vertex 416.42321640725515 -517.5000000000072 105.70000000017617
    vertex 416.7410536524511 -517.085786437634 105.70000000017617
  endloop
endfacet
facet normal -2.066235183888782e-14 -5.099824598878974e-16 1.0
  outer loop
    vertex 412.35971225708954 -516.947085729392 105.70000000017617
    vertex 416.7410536524511 -517.085786437634 105.70000000017617
    vertex 417.1552672148243 -516.7679491924383 105.70000000017617
  endloop
endfacet
facet normal -2.066235183888782e-14 -5.099824598878974e-16 1.0
  outer loop
    vertex 412.35971225708954 -516.947085729392 105.70000000017617
    vertex 417.1552672148243 -516.7679491924383 105.70000000017617
    vertex 412.95911479211725 -515.5000000000072 105.70000000017617
  endloop
endfacet
facet normal -2.066235183888782e-14 -5.099824598878974e-16 1.0
  outer loop
    vertex 412.95911479211725 -515.5000000000072 105.70000000017617
    vertex 417.1552672148243 -516.7679491924383 105.70000000017617
    vertex 417.637629124619 -516.5681483474291 105.70000000017617
  endloop
endfacet
facet normal -2.066235183888782e-14 -5.099824598878974e-16 1.0
  outer loop
    vertex 412.95911479211725 -515.5000000000072 105.70000000017617
    vertex 417.637629124619 -516.5681483474291 105.70000000017617
    vertex 418.15526721482405 -516.5000000000072 105.70000000017617
  endloop
endfacet
facet normal -2.066235183888782e-14 -5.099824598878974e-16 1.0
  outer loop
    vertex 412.95911479211725 -515.5000000000072 105.70000000017617
    vertex 418.15526721482405 -516.5000000000072 105.70000000017617
    vertex 424.55520129595664 -515.7431548705352 105.7000000001769
  endloop
endfacet
facet normal -2.066235183888782e-14 -5.099824598878974e-16 1.0
  outer loop
    vertex 412.95911479211725 -515.5000000000072 105.70000000017617
    vertex 424.55520129595664 -515.7431548705352 105.7000000001769
    vertex 422.7783732271146 -513.8768939877101 105.70000000017677
  endloop
endfacet
facet normal -2.066235183888782e-14 -5.099824598878974e-16 1.0
  outer loop
    vertex 412.95911479211725 -515.5000000000072 105.70000000017617
    vertex 422.7783732271146 -513.8768939877101 105.70000000017677
    vertex 413.08206380892057 -515.3397697217431 105.70000000017617
  endloop
endfacet
facet normal -2.066235183888782e-14 -5.099824598878974e-16 1.0
  outer loop
    vertex 413.08206380892057 -515.3397697217431 105.70000000017617
    vertex 422.7783732271146 -513.8768939877101 105.70000000017677
    vertex 412.46173591698323 -514.8556610833782 105.70000000017617
  endloop
endfacet
facet normal -2.066235183888782e-14 -5.099824598878974e-16 1.0
  outer loop
    vertex 412.46173591698323 -514.8556610833782 105.70000000017617
    vertex 422.7783732271146 -513.8768939877101 105.70000000017677
    vertex 410.6559277007058 -513.5838674463928 105.70000000017617
  endloop
endfacet
facet normal -2.066235183888782e-14 -5.099824598878974e-16 1.0
  outer loop
    vertex 410.6559277007058 -513.5838674463928 105.70000000017617
    vertex 422.7783732271146 -513.8768939877101 105.70000000017677
    vertex 420.9121123442889 -512.1000659188687 105.70000000017677
  endloop
endfacet
facet normal -2.066235183888782e-14 -5.099824598878974e-16 1.0
  outer loop
    vertex 410.6559277007058 -513.5838674463928 105.70000000017617
    vertex 420.9121123442889 -512.1000659188687 105.70000000017677
    vertex 408.78989070351884 -512.402212549995 105.70000000017617
  endloop
endfacet
facet normal -2.066235183888782e-14 -5.099824598878974e-16 1.0
  outer loop
    vertex 408.78989070351884 -512.402212549995 105.70000000017617
    vertex 420.9121123442889 -512.1000659188687 105.70000000017677
    vertex 406.86812037199377 -511.31354310433125 105.70000000017617
  endloop
endfacet
facet normal -2.066235183888782e-14 -5.099824598878974e-16 1.0
  outer loop
    vertex 406.86812037199377 -511.31354310433125 105.70000000017617
    vertex 420.9121123442889 -512.1000659188687 105.70000000017677
    vertex 418.9609146334122 -510.41695119846054 105.70000000017677
  endloop
endfacet
facet normal -2.066235183888782e-14 -5.099824598878974e-16 1.0
  outer loop
    vertex 406.86812037199377 -511.31354310433125 105.70000000017617
    vertex 418.9609146334122 -510.41695119846054 105.70000000017677
    vertex 404.89524641918666 -510.3204818094523 105.70000000017617
  endloop
endfacet
facet normal -2.066235183888782e-14 -5.099824598878974e-16 1.0
  outer loop
    vertex 404.89524641918666 -510.3204818094523 105.70000000017617
    vertex 418.9609146334122 -510.41695119846054 105.70000000017677
    vertex 416.92948070067297 -508.8316045972705 105.70000000017677
  endloop
endfacet
facet normal -2.066235183888782e-14 -5.099824598878974e-16 1.0
  outer loop
    vertex 404.89524641918666 -510.3204818094523 105.70000000017617
    vertex 416.92948070067297 -508.8316045972705 105.70000000017677
    vertex 402.876021671253 -509.4254210369993 105.70000000017617
  endloop
endfacet
facet normal -2.066235183888782e-14 -5.099824598878974e-16 1.0
  outer loop
    vertex 402.876021671253 -509.4254210369993 105.70000000017617
    vertex 416.92948070067297 -508.8316045972705 105.70000000017677
    vertex 400.81531061747376 -508.63051706677123 105.70000000017617
  endloop
endfacet
facet normal -2.066235183888782e-14 -5.099824598878974e-16 1.0
  outer loop
    vertex 400.81531061747376 -508.63051706677123 105.70000000017617
    vertex 416.92948070067297 -508.8316045972705 105.70000000017677
    vertex 414.8227044483488 -507.347845354121 105.70000000017677
  endloop
endfacet
facet normal -2.066235183888782e-14 -5.099824598878974e-16 1.0
  outer loop
    vertex 400.81531061747376 -508.63051706677123 105.70000000017617
    vertex 414.8227044483488 -507.347845354121 105.70000000017677
    vertex 398.7180776912747 -507.93768489205786 105.70000000017617
  endloop
endfacet
facet normal -2.066235183888782e-14 -5.099824598878974e-16 1.0
  outer loop
    vertex 398.7180776912747 -507.93768489205786 105.70000000017617
    vertex 414.8227044483488 -507.347845354121 105.70000000017677
    vertex 396.58937531047076 -507.34859360625273 105.70000000017617
  endloop
endfacet
facet normal -2.066235183888782e-14 -5.099824598878974e-16 1.0
  outer loop
    vertex 396.58937531047076 -507.34859360625273 105.70000000017617
    vertex 414.8227044483488 -507.347845354121 105.70000000017677
    vertex 394.43433170554954 -506.8646623818618 105.70000000017617
  endloop
endfacet
facet normal -2.066235183888782e-14 -5.099824598878974e-16 1.0
  outer loop
    vertex 394.43433170554954 -506.8646623818618 105.70000000017617
    vertex 414.8227044483488 -507.347845354121 105.70000000017677
    vertex 412.64566128496386 -505.96924797499054 105.70000000017677
  endloop
endfacet
facet normal -2.066235183888782e-14 -5.099824598878974e-16 1.0
  outer loop
    vertex 394.43433170554954 -506.8646623818618 105.70000000017617
    vertex 412.64566128496386 -505.96924797499054 105.70000000017677
    vertex 392.258138565315 -506.4870570515921 105.70000000017617
  endloop
endfacet
facet normal -2.066235183888782e-14 -5.099824598878974e-16 1.0
  outer loop
    vertex 392.258138565315 -506.4870570515921 105.70000000017617
    vertex 412.64566128496386 -505.96924797499054 105.70000000017677
    vertex 390.0660385296541 -506.21668729975835 105.70000000017617
  endloop
endfacet
facet normal -2.066235183888782e-14 -5.099824598878974e-16 1.0
  outer loop
    vertex 390.0660385296541 -506.21668729975835 105.70000000017617
    vertex 412.64566128496386 -505.96924797499054 105.70000000017677
    vertex 387.86331255955747 -506.05420447077444 105.70000000017617
  endloop
endfacet
facet normal -2.066235183888782e-14 -5.099824598878974e-16 1.0
  outer loop
    vertex 387.86331255955747 -506.05420447077444 105.70000000017617
    vertex 412.64566128496386 -505.96924797499054 105.70000000017677
    vertex 385.655267214824 -506.0000000000072 105.70000000017617
  endloop
endfacet
facet normal -2.066235183888782e-14 -5.099824598878974e-16 1.0
  outer loop
    vertex 385.655267214824 -506.0000000000072 105.70000000017617
    vertex 412.64566128496386 -505.96924797499054 105.70000000017677
    vertex 358.664873144676 -505.9692479749955 105.70000000017559
  endloop
endfacet
facet normal -2.066235183888782e-14 -5.099824598878974e-16 1.0
  outer loop
    vertex 358.664873144676 -505.9692479749955 105.70000000017559
    vertex 412.64566128496386 -505.96924797499054 105.70000000017677
    vertex 360.9069385314552 -504.69913362172093 105.70000000017575
  endloop
endfacet
facet normal -2.066235183888782e-14 -5.099824598878974e-16 1.0
  outer loop
    vertex 360.9069385314552 -504.69913362172093 105.70000000017575
    vertex 412.64566128496386 -505.96924797499054 105.70000000017677
    vertex 410.40359589818473 -504.6991336217163 105.7000000001766
  endloop
endfacet
facet normal -2.066235183888782e-14 -5.099824598878974e-16 1.0
  outer loop
    vertex 360.9069385314552 -504.69913362172093 105.70000000017575
    vertex 410.40359589818473 -504.6991336217163 105.7000000001766
    vertex 363.2086248097299 -503.5405621110286 105.70000000017575
  endloop
endfacet
facet normal -2.066235183888782e-14 -5.099824598878974e-16 1.0
  outer loop
    vertex 363.2086248097299 -503.5405621110286 105.70000000017575
    vertex 410.40359589818473 -504.6991336217163 105.7000000001766
    vertex 408.10190961990986 -503.5405621110244 105.7000000001766
  endloop
endfacet
facet normal -2.066235183888782e-14 -5.099824598878974e-16 1.0
  outer loop
    vertex 363.2086248097299 -503.5405621110286 105.70000000017575
    vertex 408.10190961990986 -503.5405621110244 105.7000000001766
    vertex 365.5643870156526 -502.4963245431667 105.70000000017589
  endloop
endfacet
facet normal -2.066235183888782e-14 -5.099824598878974e-16 1.0
  outer loop
    vertex 365.5643870156526 -502.4963245431667 105.70000000017589
    vertex 408.10190961990986 -503.5405621110244 105.7000000001766
    vertex 405.74614741398716 -502.49632454316287 105.70000000017647
  endloop
endfacet
facet normal -2.066235183888782e-14 -5.099824598878974e-16 1.0
  outer loop
    vertex 365.5643870156526 -502.4963245431667 105.70000000017589
    vertex 405.74614741398716 -502.49632454316287 105.70000000017647
    vertex 367.9685499117281 -501.56893657790033 105.70000000017589
  endloop
endfacet
facet normal -2.066235183888782e-14 -5.099824598878974e-16 1.0
  outer loop
    vertex 367.9685499117281 -501.56893657790033 105.70000000017589
    vertex 405.74614741398716 -502.49632454316287 105.70000000017647
    vertex 403.3419845179111 -501.5689365778971 105.70000000017647
  endloop
endfacet
facet normal -2.066235183888782e-14 -5.099824598878974e-16 1.0
  outer loop
    vertex 367.9685499117281 -501.56893657790033 105.70000000017589
    vertex 403.3419845179111 -501.5689365778971 105.70000000017647
    vertex 370.4153216589604 -500.7606323740677 105.70000000017589
  endloop
endfacet
facet normal -2.066235183888782e-14 -5.099824598878974e-16 1.0
  outer loop
    vertex 370.4153216589604 -500.7606323740677 105.70000000017589
    vertex 403.3419845179111 -501.5689365778971 105.70000000017647
    vertex 400.89521277067877 -500.7606323740649 105.70000000017647
  endloop
endfacet
facet normal -2.066235183888782e-14 -5.099824598878974e-16 1.0
  outer loop
    vertex 370.4153216589604 -500.7606323740677 105.70000000017589
    vertex 400.89521277067877 -500.7606323740649 105.70000000017647
    vertex 372.89880776989855 -500.07335920729497 105.70000000017589
  endloop
endfacet
facet normal -2.066235183888782e-14 -5.099824598878974e-16 1.0
  outer loop
    vertex 372.89880776989855 -500.07335920729497 105.70000000017589
    vertex 400.89521277067877 -500.7606323740649 105.70000000017647
    vertex 398.41172665974074 -500.07335920729264 105.70000000017647
  endloop
endfacet
facet normal -2.066235183888782e-14 -5.099824598878974e-16 1.0
  outer loop
    vertex 372.89880776989855 -500.07335920729497 105.70000000017589
    vertex 398.41172665974074 -500.07335920729264 105.70000000017647
    vertex 375.4130253089725 -499.50877277883865 105.70000000017602
  endloop
endfacet
facet normal -2.066235183888782e-14 -5.099824598878974e-16 1.0
  outer loop
    vertex 375.4130253089725 -499.50877277883865 105.70000000017602
    vertex 398.41172665974074 -500.07335920729264 105.70000000017647
    vertex 395.8975091206662 -499.50877277883677 105.70000000017647
  endloop
endfacet
facet normal -2.066235183888782e-14 -5.099824598878974e-16 1.0
  outer loop
    vertex 375.4130253089725 -499.50877277883865 105.70000000017602
    vertex 395.8975091206662 -499.50877277883677 105.70000000017647
    vertex 377.9519173059133 -499.068233226857 105.70000000017602
  endloop
endfacet
facet normal -2.066235183888782e-14 -5.099824598878974e-16 1.0
  outer loop
    vertex 377.9519173059133 -499.068233226857 105.70000000017602
    vertex 395.8975091206662 -499.50877277883677 105.70000000017647
    vertex 393.358617123726 -499.06823322685557 105.70000000017632
  endloop
endfacet
facet normal -2.066235183888782e-14 -5.099824598878974e-16 1.0
  outer loop
    vertex 377.9519173059133 -499.068233226857 105.70000000017602
    vertex 393.358617123726 -499.06823322685557 105.70000000017632
    vertex 380.5093673475171 -498.75280184971746 105.70000000017617
  endloop
endfacet
facet normal -2.066235183888782e-14 -5.099824598878974e-16 1.0
  outer loop
    vertex 380.5093673475171 -498.75280184971746 105.70000000017617
    vertex 393.358617123726 -499.06823322685557 105.70000000017632
    vertex 390.80116708212154 -498.75280184971655 105.70000000017632
  endloop
endfacet
facet normal -2.066235183888782e-14 -5.099824598878974e-16 1.0
  outer loop
    vertex 380.5093673475171 -498.75280184971746 105.70000000017617
    vertex 390.80116708212154 -498.75280184971655 105.70000000017632
    vertex 383.07921431262963 -498.56323854923596 105.70000000017617
  endloop
endfacet
facet normal -2.066235183888782e-14 -5.099824598878974e-16 1.0
  outer loop
    vertex 383.07921431262963 -498.56323854923596 105.70000000017617
    vertex 390.80116708212154 -498.75280184971655 105.70000000017632
    vertex 388.23132011700903 -498.56323854923556 105.70000000017617
  endloop
endfacet
facet normal -2.066235183888782e-14 -5.099824598878974e-16 1.0
  outer loop
    vertex 383.07921431262963 -498.56323854923596 105.70000000017617
    vertex 388.23132011700903 -498.56323854923556 105.70000000017617
    vertex 385.6552672148193 -498.5000000000073 105.70000000017617
  endloop
endfacet
facet normal -2.066235183888782e-14 -5.099824598878974e-16 1.0
  outer loop
    vertex 358.95082217255833 -520.0529142706223 105.70000000017617
    vertex 353.15526721482416 -520.5000000000073 105.70000000017617
    vertex 358.3514196375306 -521.5000000000072 105.70000000017617
  endloop
endfacet
facet normal -2.066235183888782e-14 -5.099824598878974e-16 1.0
  outer loop
    vertex 353.15526721482416 -520.5000000000073 105.70000000017617
    vertex 358.95082217255833 -520.0529142706223 105.70000000017617
    vertex 353.6729053050292 -520.4318516525854 105.70000000017617
  endloop
endfacet
facet normal -2.066235183888782e-14 -5.099824598878974e-16 1.0
  outer loop
    vertex 353.6729053050292 -520.4318516525854 105.70000000017617
    vertex 358.95082217255833 -520.0529142706223 105.70000000017617
    vertex 354.1552672148243 -520.2320508075761 105.70000000017617
  endloop
endfacet
facet normal -2.066235183888782e-14 -5.099824598878974e-16 1.0
  outer loop
    vertex 354.1552672148243 -520.2320508075761 105.70000000017617
    vertex 358.95082217255833 -520.0529142706223 105.70000000017617
    vertex 354.5694807771971 -519.9142135623804 105.70000000017617
  endloop
endfacet
facet normal -2.066235183888782e-14 -5.099824598878974e-16 1.0
  outer loop
    vertex 354.5694807771971 -519.9142135623804 105.70000000017617
    vertex 358.95082217255833 -520.0529142706223 105.70000000017617
    vertex 359.1552672148239 -518.5000000000072 105.70000000017617
  endloop
endfacet
facet normal -2.066235183888782e-14 -5.099824598878974e-16 1.0
  outer loop
    vertex 354.5694807771971 -519.9142135623804 105.70000000017617
    vertex 359.1552672148239 -518.5000000000072 105.70000000017617
    vertex 354.88731802239306 -519.5000000000072 105.70000000017617
  endloop
endfacet
facet normal -2.066235183888782e-14 -5.099824598878974e-16 1.0
  outer loop
    vertex 354.88731802239306 -519.5000000000072 105.70000000017617
    vertex 359.1552672148239 -518.5000000000072 105.70000000017617
    vertex 355.0871188674024 -519.0176380902122 105.70000000017617
  endloop
endfacet
facet normal -2.066235183888782e-14 -5.099824598878974e-16 1.0
  outer loop
    vertex 355.0871188674024 -519.0176380902122 105.70000000017617
    vertex 359.1552672148239 -518.5000000000072 105.70000000017617
    vertex 355.15526721482405 -518.5000000000073 105.70000000017617
  endloop
endfacet
facet normal -2.066235183888782e-14 -5.099824598878974e-16 1.0
  outer loop
    vertex 355.15526721482405 -518.5000000000073 105.70000000017617
    vertex 359.1552672148239 -518.5000000000072 105.70000000017617
    vertex 355.08783911928725 -517.9878327660194 105.70000000017617
  endloop
endfacet
facet normal -2.066235183888782e-14 -5.099824598878974e-16 1.0
  outer loop
    vertex 355.08783911928725 -517.9878327660194 105.70000000017617
    vertex 359.1552672148239 -518.5000000000072 105.70000000017617
    vertex 358.95082217255833 -516.947085729392 105.70000000017617
  endloop
endfacet
facet normal -2.066235183888782e-14 -5.099824598878974e-16 1.0
  outer loop
    vertex 355.08783911928725 -517.9878327660194 105.70000000017617
    vertex 358.95082217255833 -516.947085729392 105.70000000017617
    vertex 354.88731802239306 -517.5000000000072 105.70000000017617
  endloop
endfacet
facet normal -2.066235183888782e-14 -5.099824598878974e-16 1.0
  outer loop
    vertex 354.88731802239306 -517.5000000000072 105.70000000017617
    vertex 358.95082217255833 -516.947085729392 105.70000000017617
    vertex 354.5694807771971 -517.085786437634 105.70000000017617
  endloop
endfacet
facet normal -2.066235183888782e-14 -5.099824598878974e-16 1.0
  outer loop
    vertex 354.5694807771971 -517.085786437634 105.70000000017617
    vertex 358.95082217255833 -516.947085729392 105.70000000017617
    vertex 354.1552672148243 -516.7679491924383 105.70000000017617
  endloop
endfacet
facet normal -2.066235183888782e-14 -5.099824598878974e-16 1.0
  outer loop
    vertex 354.1552672148243 -516.7679491924383 105.70000000017617
    vertex 358.95082217255833 -516.947085729392 105.70000000017617
    vertex 358.3514196375306 -515.5000000000072 105.70000000017617
  endloop
endfacet
facet normal -2.066235183888782e-14 -5.099824598878974e-16 1.0
  outer loop
    vertex 354.1552672148243 -516.7679491924383 105.70000000017617
    vertex 358.3514196375306 -515.5000000000072 105.70000000017617
    vertex 353.6729053050292 -516.5681483474291 105.70000000017617
  endloop
endfacet
facet normal -2.066235183888782e-14 -5.099824598878974e-16 1.0
  outer loop
    vertex 353.6729053050292 -516.5681483474291 105.70000000017617
    vertex 358.3514196375306 -515.5000000000072 105.70000000017617
    vertex 353.15526721482416 -516.5000000000072 105.70000000017617
  endloop
endfacet
facet normal -2.066235183888782e-14 -5.099824598878974e-16 1.0
  outer loop
    vertex 353.15526721482416 -516.5000000000072 105.70000000017617
    vertex 358.3514196375306 -515.5000000000072 105.70000000017617
    vertex 346.75533313368555 -515.7431548705424 105.70000000017545
  endloop
endfacet
facet normal -2.066235183888782e-14 -5.099824598878974e-16 1.0
  outer loop
    vertex 346.75533313368555 -515.7431548705424 105.70000000017545
    vertex 358.3514196375306 -515.5000000000072 105.70000000017617
    vertex 348.53216120252694 -513.876893987717 105.70000000017562
  endloop
endfacet
facet normal -2.066235183888782e-14 -5.099824598878974e-16 1.0
  outer loop
    vertex 348.53216120252694 -513.876893987717 105.70000000017562
    vertex 358.3514196375306 -515.5000000000072 105.70000000017617
    vertex 358.22847062072697 -515.3397697217431 105.70000000017617
  endloop
endfacet
facet normal -2.066235183888782e-14 -5.099824598878974e-16 1.0
  outer loop
    vertex 348.53216120252694 -513.876893987717 105.70000000017562
    vertex 358.22847062072697 -515.3397697217431 105.70000000017617
    vertex 358.84879851266425 -514.8556610833782 105.70000000017617
  endloop
endfacet
facet normal -2.066235183888782e-14 -5.099824598878974e-16 1.0
  outer loop
    vertex 348.53216120252694 -513.876893987717 105.70000000017562
    vertex 358.84879851266425 -514.8556610833782 105.70000000017617
    vertex 360.6546067289417 -513.5838674463928 105.70000000017617
  endloop
endfacet
facet normal -2.066235183888782e-14 -5.099824598878974e-16 1.0
  outer loop
    vertex 348.53216120252694 -513.876893987717 105.70000000017562
    vertex 360.6546067289417 -513.5838674463928 105.70000000017617
    vertex 350.39842208535214 -512.1000659188752 105.70000000017562
  endloop
endfacet
facet normal -2.066235183888782e-14 -5.099824598878974e-16 1.0
  outer loop
    vertex 350.39842208535214 -512.1000659188752 105.70000000017562
    vertex 360.6546067289417 -513.5838674463928 105.70000000017617
    vertex 362.520643726129 -512.402212549995 105.70000000017617
  endloop
endfacet
facet normal -2.066235183888782e-14 -5.099824598878974e-16 1.0
  outer loop
    vertex 350.39842208535214 -512.1000659188752 105.70000000017562
    vertex 362.520643726129 -512.402212549995 105.70000000017617
    vertex 364.4424140576541 -511.31354310433125 105.70000000017617
  endloop
endfacet
facet normal -2.066235183888782e-14 -5.099824598878974e-16 1.0
  outer loop
    vertex 350.39842208535214 -512.1000659188752 105.70000000017562
    vertex 364.4424140576541 -511.31354310433125 105.70000000017617
    vertex 352.3496197962289 -510.41695119846673 105.70000000017562
  endloop
endfacet
facet normal -2.066235183888782e-14 -5.099824598878974e-16 1.0
  outer loop
    vertex 352.3496197962289 -510.41695119846673 105.70000000017562
    vertex 364.4424140576541 -511.31354310433125 105.70000000017617
    vertex 366.41528801046104 -510.3204818094523 105.70000000017617
  endloop
endfacet
facet normal -2.066235183888782e-14 -5.099824598878974e-16 1.0
  outer loop
    vertex 352.3496197962289 -510.41695119846673 105.70000000017562
    vertex 366.41528801046104 -510.3204818094523 105.70000000017617
    vertex 354.38105372896797 -508.8316045972763 105.70000000017562
  endloop
endfacet
facet normal -2.066235183888782e-14 -5.099824598878974e-16 1.0
  outer loop
    vertex 354.38105372896797 -508.8316045972763 105.70000000017562
    vertex 366.41528801046104 -510.3204818094523 105.70000000017617
    vertex 368.434512758395 -509.42542103699935 105.70000000017617
  endloop
endfacet
facet normal -2.066235183888782e-14 -5.099824598878974e-16 1.0
  outer loop
    vertex 354.38105372896797 -508.8316045972763 105.70000000017562
    vertex 368.434512758395 -509.42542103699935 105.70000000017617
    vertex 370.4952238121738 -508.63051706677123 105.70000000017617
  endloop
endfacet
facet normal -2.066235183888782e-14 -5.099824598878974e-16 1.0
  outer loop
    vertex 354.38105372896797 -508.8316045972763 105.70000000017562
    vertex 370.4952238121738 -508.63051706677123 105.70000000017617
    vertex 356.48782998129104 -507.3478453541264 105.70000000017559
  endloop
endfacet
facet normal -2.066235183888782e-14 -5.099824598878974e-16 1.0
  outer loop
    vertex 356.48782998129104 -507.3478453541264 105.70000000017559
    vertex 370.4952238121738 -508.63051706677123 105.70000000017617
    vertex 372.592456738373 -507.93768489205786 105.70000000017617
  endloop
endfacet
facet normal -2.066235183888782e-14 -5.099824598878974e-16 1.0
  outer loop
    vertex 356.48782998129104 -507.3478453541264 105.70000000017559
    vertex 372.592456738373 -507.93768489205786 105.70000000017617
    vertex 374.7211591191772 -507.34859360625273 105.70000000017617
  endloop
endfacet
facet normal -2.066235183888782e-14 -5.099824598878974e-16 1.0
  outer loop
    vertex 356.48782998129104 -507.3478453541264 105.70000000017559
    vertex 374.7211591191772 -507.34859360625273 105.70000000017617
    vertex 376.87620272409794 -506.8646623818618 105.70000000017617
  endloop
endfacet
facet normal -2.066235183888782e-14 -5.099824598878974e-16 1.0
  outer loop
    vertex 356.48782998129104 -507.3478453541264 105.70000000017559
    vertex 376.87620272409794 -506.8646623818618 105.70000000017617
    vertex 358.664873144676 -505.9692479749955 105.70000000017559
  endloop
endfacet
facet normal -2.066235183888782e-14 -5.099824598878974e-16 1.0
  outer loop
    vertex 358.664873144676 -505.9692479749955 105.70000000017559
    vertex 376.87620272409794 -506.8646623818618 105.70000000017617
    vertex 379.0523958643326 -506.4870570515921 105.70000000017617
  endloop
endfacet
facet normal -2.066235183888782e-14 -5.099824598878974e-16 1.0
  outer loop
    vertex 358.664873144676 -505.9692479749955 105.70000000017559
    vertex 379.0523958643326 -506.4870570515921 105.70000000017617
    vertex 381.2444958999938 -506.21668729975835 105.70000000017617
  endloop
endfacet
facet normal -2.066235183888782e-14 -5.099824598878974e-16 1.0
  outer loop
    vertex 358.664873144676 -505.9692479749955 105.70000000017559
    vertex 381.2444958999938 -506.21668729975835 105.70000000017617
    vertex 383.44722187009006 -506.05420447077444 105.70000000017617
  endloop
endfacet
facet normal -2.066235183888782e-14 -5.099824598878974e-16 1.0
  outer loop
    vertex 358.664873144676 -505.9692479749955 105.70000000017559
    vertex 383.44722187009006 -506.05420447077444 105.70000000017617
    vertex 385.655267214824 -506.0000000000072 105.70000000017617
  endloop
endfacet
facet normal -2.066235183888782e-14 -5.099824598878974e-16 1.0
  outer loop
    vertex 346.75533313369255 -586.2568451294792 105.70000000017535
    vertex 352.6376291246191 -585.4318516525854 105.70000000017606
    vertex 345.0722184132836 -584.3056474186022 105.70000000017535
  endloop
endfacet
facet normal -2.066235183888782e-14 -5.099824598878974e-16 1.0
  outer loop
    vertex 352.6376291246191 -585.4318516525854 105.70000000017606
    vertex 346.75533313369255 -586.2568451294792 105.70000000017535
    vertex 353.15526721482416 -585.5000000000072 105.70000000017606
  endloop
endfacet
facet normal -2.066235183888782e-14 -5.099824598878974e-16 1.0
  outer loop
    vertex 345.0722184132836 -584.3056474186022 105.70000000017535
    vertex 352.6376291246191 -585.4318516525854 105.70000000017606
    vertex 352.155267214824 -585.232050807576 105.70000000017606
  endloop
endfacet
facet normal -2.066235183888782e-14 -5.099824598878974e-16 1.0
  outer loop
    vertex 345.0722184132836 -584.3056474186022 105.70000000017535
    vertex 352.155267214824 -585.232050807576 105.70000000017606
    vertex 351.74105365245117 -584.9142135623804 105.70000000017606
  endloop
endfacet
facet normal -2.066235183888782e-14 -5.099824598878974e-16 1.0
  outer loop
    vertex 345.0722184132836 -584.3056474186022 105.70000000017535
    vertex 351.74105365245117 -584.9142135623804 105.70000000017606
    vertex 351.4232164072552 -584.5000000000072 105.70000000017606
  endloop
endfacet
facet normal -2.066235183888782e-14 -5.099824598878974e-16 1.0
  outer loop
    vertex 345.0722184132836 -584.3056474186022 105.70000000017535
    vertex 351.4232164072552 -584.5000000000072 105.70000000017606
    vertex 351.22341556224626 -584.0176380902122 105.70000000017606
  endloop
endfacet
facet normal -2.066235183888782e-14 -5.099824598878974e-16 1.0
  outer loop
    vertex 345.0722184132836 -584.3056474186022 105.70000000017535
    vertex 351.22341556224626 -584.0176380902122 105.70000000017606
    vertex 343.48687181209334 -582.2742134858638 105.70000000017535
  endloop
endfacet
facet normal -2.066235183888782e-14 -5.099824598878974e-16 1.0
  outer loop
    vertex 343.48687181209334 -582.2742134858638 105.70000000017535
    vertex 351.22341556224626 -584.0176380902122 105.70000000017606
    vertex 351.1552672148242 -583.5000000000072 105.70000000017606
  endloop
endfacet
facet normal -2.066235183888782e-14 -5.099824598878974e-16 1.0
  outer loop
    vertex 343.48687181209334 -582.2742134858638 105.70000000017535
    vertex 351.1552672148242 -583.5000000000072 105.70000000017606
    vertex 351.22341556224626 -582.9823619098021 105.70000000017606
  endloop
endfacet
facet normal -2.066235183888782e-14 -5.099824598878974e-16 1.0
  outer loop
    vertex 343.48687181209334 -582.2742134858638 105.70000000017535
    vertex 351.22341556224626 -582.9823619098021 105.70000000017606
    vertex 351.4232164072552 -582.5000000000072 105.70000000017606
  endloop
endfacet
facet normal -2.066235183888782e-14 -5.099824598878974e-16 1.0
  outer loop
    vertex 343.48687181209334 -582.2742134858638 105.70000000017535
    vertex 351.4232164072552 -582.5000000000072 105.70000000017606
    vertex 351.74105365245117 -582.0857864376342 105.70000000017606
  endloop
endfacet
facet normal -2.066235183888782e-14 -5.099824598878974e-16 1.0
  outer loop
    vertex 343.48687181209334 -582.2742134858638 105.70000000017535
    vertex 351.74105365245117 -582.0857864376342 105.70000000017606
    vertex 342.00311256894327 -580.1674372335402 105.70000000017535
  endloop
endfacet
facet normal -2.066235183888782e-14 -5.099824598878974e-16 1.0
  outer loop
    vertex 342.00311256894327 -580.1674372335402 105.70000000017535
    vertex 351.74105365245117 -582.0857864376342 105.70000000017606
    vertex 352.155267214824 -581.7679491924384 105.70000000017606
  endloop
endfacet
facet normal -2.066235183888782e-14 -5.099824598878974e-16 1.0
  outer loop
    vertex 342.00311256894327 -580.1674372335402 105.70000000017535
    vertex 352.155267214824 -581.7679491924384 105.70000000017606
    vertex 352.6376291246191 -581.5681483474291 105.70000000017606
  endloop
endfacet
facet normal -2.066235183888782e-14 -5.099824598878974e-16 1.0
  outer loop
    vertex 342.00311256894327 -580.1674372335402 105.70000000017535
    vertex 352.6376291246191 -581.5681483474291 105.70000000017606
    vertex 353.15526721482416 -581.5000000000073 105.70000000017606
  endloop
endfacet
facet normal -2.066235183888782e-14 -5.099824598878974e-16 1.0
  outer loop
    vertex 342.00311256894327 -580.1674372335402 105.70000000017535
    vertex 353.15526721482416 -581.5000000000073 105.70000000017606
    vertex 358.3514196375306 -580.5000000000072 105.70000000017606
  endloop
endfacet
facet normal -2.066235183888782e-14 -5.099824598878974e-16 1.0
  outer loop
    vertex 342.00311256894327 -580.1674372335402 105.70000000017535
    vertex 358.3514196375306 -580.5000000000072 105.70000000017606
    vertex 357.39790790194337 -579.2573593128878 105.70000000017606
  endloop
endfacet
facet normal -2.066235183888782e-14 -5.099824598878974e-16 1.0
  outer loop
    vertex 342.00311256894327 -580.1674372335402 105.70000000017535
    vertex 357.39790790194337 -579.2573593128878 105.70000000017606
    vertex 340.6245151898127 -577.9903940701555 105.70000000017535
  endloop
endfacet
facet normal -2.066235183888782e-14 -5.099824598878974e-16 1.0
  outer loop
    vertex 340.6245151898127 -577.9903940701555 105.70000000017535
    vertex 357.39790790194337 -579.2573593128878 105.70000000017606
    vertex 349.99503693656015 -578.426796594104 105.70000000017606
  endloop
endfacet
facet normal -2.066235183888782e-14 -5.099824598878974e-16 1.0
  outer loop
    vertex 340.6245151898127 -577.9903940701555 105.70000000017535
    vertex 349.99503693656015 -578.426796594104 105.70000000017606
    vertex 349.5109282981949 -577.8064687021666 105.7000000001762
  endloop
endfacet
facet normal -2.066235183888782e-14 -5.099824598878974e-16 1.0
  outer loop
    vertex 340.6245151898127 -577.9903940701555 105.70000000017535
    vertex 349.5109282981949 -577.8064687021666 105.7000000001762
    vertex 339.35440083653805 -575.7483286833764 105.70000000017535
  endloop
endfacet
facet normal -2.066235183888782e-14 -5.099824598878974e-16 1.0
  outer loop
    vertex 339.35440083653805 -575.7483286833764 105.70000000017535
    vertex 349.5109282981949 -577.8064687021666 105.7000000001762
    vertex 348.23913466120973 -576.0006604858893 105.7000000001762
  endloop
endfacet
facet normal -2.066235183888782e-14 -5.099824598878974e-16 1.0
  outer loop
    vertex 339.35440083653805 -575.7483286833764 105.70000000017535
    vertex 348.23913466120973 -576.0006604858893 105.7000000001762
    vertex 347.05747976481194 -574.1346234887021 105.7000000001762
  endloop
endfacet
facet normal -2.066235183888782e-14 -5.099824598878974e-16 1.0
  outer loop
    vertex 339.35440083653805 -575.7483286833764 105.70000000017535
    vertex 347.05747976481194 -574.1346234887021 105.7000000001762
    vertex 338.1958293258455 -573.4466424051013 105.70000000017535
  endloop
endfacet
facet normal -2.066235183888782e-14 -5.099824598878974e-16 1.0
  outer loop
    vertex 338.1958293258455 -573.4466424051013 105.70000000017535
    vertex 347.05747976481194 -574.1346234887021 105.7000000001762
    vertex 345.96881031914796 -572.212853157177 105.7000000001762
  endloop
endfacet
facet normal -2.066235183888782e-14 -5.099824598878974e-16 1.0
  outer loop
    vertex 338.1958293258455 -573.4466424051013 105.70000000017535
    vertex 345.96881031914796 -572.212853157177 105.7000000001762
    vertex 337.95526721482906 -572.9039429785042 105.70000000017042
  endloop
endfacet
facet normal -2.066235183888782e-14 -5.099824598878974e-16 1.0
  outer loop
    vertex 337.95526721482906 -572.9039429785042 105.70000000017042
    vertex 345.96881031914796 -572.212853157177 105.7000000001762
    vertex 337.1515917579835 -571.0908801991789 105.70000000017535
  endloop
endfacet
facet normal -2.066235183888782e-14 -5.099824598878974e-16 1.0
  outer loop
    vertex 337.1515917579835 -571.0908801991789 105.70000000017535
    vertex 345.96881031914796 -572.212853157177 105.7000000001762
    vertex 344.9757490242692 -570.2399792043699 105.7000000001762
  endloop
endfacet
facet normal -2.066235183888782e-14 -5.099824598878974e-16 1.0
  outer loop
    vertex 337.1515917579835 -571.0908801991789 105.70000000017535
    vertex 344.9757490242692 -570.2399792043699 105.7000000001762
    vertex 336.22420379271773 -568.6867173031033 105.70000000017535
  endloop
endfacet
facet normal -2.066235183888782e-14 -5.099824598878974e-16 1.0
  outer loop
    vertex 336.22420379271773 -568.6867173031033 105.70000000017535
    vertex 344.9757490242692 -570.2399792043699 105.7000000001762
    vertex 344.0806882518161 -568.2207544564362 105.7000000001762
  endloop
endfacet
facet normal -2.066235183888782e-14 -5.099824598878974e-16 1.0
  outer loop
    vertex 336.22420379271773 -568.6867173031033 105.70000000017535
    vertex 344.0806882518161 -568.2207544564362 105.7000000001762
    vertex 335.41589958888454 -566.2399455558711 105.70000000017535
  endloop
endfacet
facet normal -2.066235183888782e-14 -5.099824598878974e-16 1.0
  outer loop
    vertex 335.41589958888454 -566.2399455558711 105.70000000017535
    vertex 344.0806882518161 -568.2207544564362 105.7000000001762
    vertex 343.2857842815881 -566.160043402657 105.7000000001762
  endloop
endfacet
facet normal -2.066235183888782e-14 -5.099824598878974e-16 1.0
  outer loop
    vertex 335.41589958888454 -566.2399455558711 105.70000000017535
    vertex 343.2857842815881 -566.160043402657 105.7000000001762
    vertex 334.7286264221124 -563.7564594449332 105.70000000017518
  endloop
endfacet
facet normal -2.066235183888782e-14 -5.099824598878974e-16 1.0
  outer loop
    vertex 334.7286264221124 -563.7564594449332 105.70000000017518
    vertex 343.2857842815881 -566.160043402657 105.7000000001762
    vertex 342.59295210687475 -564.062810476458 105.7000000001762
  endloop
endfacet
facet normal -2.066235183888782e-14 -5.099824598878974e-16 1.0
  outer loop
    vertex 334.7286264221124 -563.7564594449332 105.70000000017518
    vertex 342.59295210687475 -564.062810476458 105.7000000001762
    vertex 342.0038608210696 -561.9341080956541 105.7000000001762
  endloop
endfacet
facet normal -2.066235183888782e-14 -5.099824598878974e-16 1.0
  outer loop
    vertex 334.7286264221124 -563.7564594449332 105.70000000017518
    vertex 342.0038608210696 -561.9341080956541 105.7000000001762
    vertex 334.1640399936559 -561.2422419058587 105.70000000017518
  endloop
endfacet
facet normal -2.066235183888782e-14 -5.099824598878974e-16 1.0
  outer loop
    vertex 334.1640399936559 -561.2422419058587 105.70000000017518
    vertex 342.0038608210696 -561.9341080956541 105.7000000001762
    vertex 341.51992959667854 -559.7790644907329 105.7000000001762
  endloop
endfacet
facet normal -2.066235183888782e-14 -5.099824598878974e-16 1.0
  outer loop
    vertex 334.1640399936559 -561.2422419058587 105.70000000017518
    vertex 341.51992959667854 -559.7790644907329 105.7000000001762
    vertex 333.72350044167433 -558.7033499089185 105.70000000017518
  endloop
endfacet
facet normal -2.066235183888782e-14 -5.099824598878974e-16 1.0
  outer loop
    vertex 333.72350044167433 -558.7033499089185 105.70000000017518
    vertex 341.51992959667854 -559.7790644907329 105.7000000001762
    vertex 341.1423242664089 -557.6028713504984 105.7000000001762
  endloop
endfacet
facet normal -2.066235183888782e-14 -5.099824598878974e-16 1.0
  outer loop
    vertex 333.72350044167433 -558.7033499089185 105.70000000017518
    vertex 341.1423242664089 -557.6028713504984 105.7000000001762
    vertex 333.40806906453463 -556.1458998673139 105.70000000017518
  endloop
endfacet
facet normal -2.066235183888782e-14 -5.099824598878974e-16 1.0
  outer loop
    vertex 333.40806906453463 -556.1458998673139 105.70000000017518
    vertex 341.1423242664089 -557.6028713504984 105.7000000001762
    vertex 340.8719545145753 -555.4107713148373 105.7000000001762
  endloop
endfacet
facet normal -2.066235183888782e-14 -5.099824598878974e-16 1.0
  outer loop
    vertex 333.40806906453463 -556.1458998673139 105.70000000017518
    vertex 340.8719545145753 -555.4107713148373 105.7000000001762
    vertex 333.21850576405313 -553.5760529022015 105.70000000017518
  endloop
endfacet
facet normal -2.066235183888782e-14 -5.099824598878974e-16 1.0
  outer loop
    vertex 333.21850576405313 -553.5760529022015 105.70000000017518
    vertex 340.8719545145753 -555.4107713148373 105.7000000001762
    vertex 340.70947168559144 -553.2080453447411 105.7000000001762
  endloop
endfacet
facet normal -2.066235183888782e-14 -5.099824598878974e-16 1.0
  outer loop
    vertex 333.21850576405313 -553.5760529022015 105.70000000017518
    vertex 340.70947168559144 -553.2080453447411 105.7000000001762
    vertex 333.15526721482433 -551.000000000012 105.70000000017518
  endloop
endfacet
facet normal -2.066235183888782e-14 -5.099824598878974e-16 1.0
  outer loop
    vertex 333.15526721482433 -551.000000000012 105.70000000017518
    vertex 340.70947168559144 -553.2080453447411 105.7000000001762
    vertex 340.6552672148241 -551.0000000000072 105.7000000001762
  endloop
endfacet
facet normal -2.066235183888782e-14 -5.099824598878974e-16 1.0
  outer loop
    vertex 333.15526721482433 -551.000000000012 105.70000000017518
    vertex 340.6552672148241 -551.0000000000072 105.7000000001762
    vertex 333.2185057640526 -548.4239470978226 105.70000000017518
  endloop
endfacet
facet normal -2.066235183888782e-14 -5.099824598878974e-16 1.0
  outer loop
    vertex 333.2185057640526 -548.4239470978226 105.70000000017518
    vertex 340.6552672148241 -551.0000000000072 105.7000000001762
    vertex 340.70947168559144 -548.7919546552735 105.7000000001762
  endloop
endfacet
facet normal -2.066235183888782e-14 -5.099824598878974e-16 1.0
  outer loop
    vertex 333.2185057640526 -548.4239470978226 105.70000000017518
    vertex 340.70947168559144 -548.7919546552735 105.7000000001762
    vertex 340.8719545145753 -546.589228685177 105.7000000001762
  endloop
endfacet
facet normal -2.066235183888782e-14 -5.099824598878974e-16 1.0
  outer loop
    vertex 333.2185057640526 -548.4239470978226 105.70000000017518
    vertex 340.8719545145753 -546.589228685177 105.7000000001762
    vertex 333.4080690645335 -545.8541001327101 105.70000000017518
  endloop
endfacet
facet normal -2.066235183888782e-14 -5.099824598878974e-16 1.0
  outer loop
    vertex 333.4080690645335 -545.8541001327101 105.70000000017518
    vertex 340.8719545145753 -546.589228685177 105.7000000001762
    vertex 341.1423242664089 -544.3971286495159 105.7000000001762
  endloop
endfacet
facet normal -2.066235183888782e-14 -5.099824598878974e-16 1.0
  outer loop
    vertex 333.4080690645335 -545.8541001327101 105.70000000017518
    vertex 341.1423242664089 -544.3971286495159 105.7000000001762
    vertex 333.7235004416726 -543.2966500911056 105.70000000017518
  endloop
endfacet
facet normal -2.066235183888782e-14 -5.099824598878974e-16 1.0
  outer loop
    vertex 333.7235004416726 -543.2966500911056 105.70000000017518
    vertex 341.1423242664089 -544.3971286495159 105.7000000001762
    vertex 341.51992959667854 -542.2209355092815 105.7000000001762
  endloop
endfacet
facet normal -2.066235183888782e-14 -5.099824598878974e-16 1.0
  outer loop
    vertex 333.7235004416726 -543.2966500911056 105.70000000017518
    vertex 341.51992959667854 -542.2209355092815 105.7000000001762
    vertex 334.1640399936535 -540.7577580941653 105.70000000017532
  endloop
endfacet
facet normal -2.066235183888782e-14 -5.099824598878974e-16 1.0
  outer loop
    vertex 334.1640399936535 -540.7577580941653 105.70000000017532
    vertex 341.51992959667854 -542.2209355092815 105.7000000001762
    vertex 342.0038608210696 -540.0658919043603 105.7000000001762
  endloop
endfacet
facet normal -2.066235183888782e-14 -5.099824598878974e-16 1.0
  outer loop
    vertex 334.1640399936535 -540.7577580941653 105.70000000017532
    vertex 342.0038608210696 -540.0658919043603 105.7000000001762
    vertex 334.72862642211004 -538.2435405550906 105.70000000017532
  endloop
endfacet
facet normal -2.066235183888782e-14 -5.099824598878974e-16 1.0
  outer loop
    vertex 334.72862642211004 -538.2435405550906 105.70000000017532
    vertex 342.0038608210696 -540.0658919043603 105.7000000001762
    vertex 342.59295210687475 -537.9371895235564 105.7000000001762
  endloop
endfacet
facet normal -2.066235183888782e-14 -5.099824598878974e-16 1.0
  outer loop
    vertex 334.72862642211004 -538.2435405550906 105.70000000017532
    vertex 342.59295210687475 -537.9371895235564 105.7000000001762
    vertex 335.41589958888216 -535.7600544441526 105.70000000017532
  endloop
endfacet
facet normal -2.066235183888782e-14 -5.099824598878974e-16 1.0
  outer loop
    vertex 335.41589958888216 -535.7600544441526 105.70000000017532
    vertex 342.59295210687475 -537.9371895235564 105.7000000001762
    vertex 343.2857842815881 -535.8399565973574 105.7000000001762
  endloop
endfacet
facet normal -2.066235183888782e-14 -5.099824598878974e-16 1.0
  outer loop
    vertex 335.41589958888216 -535.7600544441526 105.70000000017532
    vertex 343.2857842815881 -535.8399565973574 105.7000000001762
    vertex 344.0806882518161 -533.7792455435781 105.70000000017617
  endloop
endfacet
facet normal -2.066235183888782e-14 -5.099824598878974e-16 1.0
  outer loop
    vertex 335.41589958888216 -535.7600544441526 105.70000000017532
    vertex 344.0806882518161 -533.7792455435781 105.70000000017617
    vertex 336.2242037927144 -533.3132826969203 105.70000000017532
  endloop
endfacet
facet normal -2.066235183888782e-14 -5.099824598878974e-16 1.0
  outer loop
    vertex 336.2242037927144 -533.3132826969203 105.70000000017532
    vertex 344.0806882518161 -533.7792455435781 105.70000000017617
    vertex 344.9757490242692 -531.7600207956444 105.70000000017617
  endloop
endfacet
facet normal -2.066235183888782e-14 -5.099824598878974e-16 1.0
  outer loop
    vertex 336.2242037927144 -533.3132826969203 105.70000000017532
    vertex 344.9757490242692 -531.7600207956444 105.70000000017617
    vertex 337.15159175798016 -530.9091198008445 105.70000000017532
  endloop
endfacet
facet normal -2.066235183888782e-14 -5.099824598878974e-16 1.0
  outer loop
    vertex 337.15159175798016 -530.9091198008445 105.70000000017532
    vertex 344.9757490242692 -531.7600207956444 105.70000000017617
    vertex 345.96881031914796 -529.7871468428373 105.70000000017617
  endloop
endfacet
facet normal -2.066235183888782e-14 -5.099824598878974e-16 1.0
  outer loop
    vertex 337.15159175798016 -530.9091198008445 105.70000000017532
    vertex 345.96881031914796 -529.7871468428373 105.70000000017617
    vertex 337.95526721482906 -529.0960570215098 105.7000000001704
  endloop
endfacet
facet normal -2.066235183888782e-14 -5.099824598878974e-16 1.0
  outer loop
    vertex 337.95526721482906 -529.0960570215098 105.7000000001704
    vertex 345.96881031914796 -529.7871468428373 105.70000000017617
    vertex 347.05747976481194 -527.8653765113122 105.70000000017617
  endloop
endfacet
facet normal -2.066235183888782e-14 -5.099824598878974e-16 1.0
  outer loop
    vertex 337.95526721482906 -529.0960570215098 105.7000000001704
    vertex 347.05747976481194 -527.8653765113122 105.70000000017617
    vertex 338.1958293258414 -528.5533575949219 105.70000000017532
  endloop
endfacet
facet normal -2.066235183888782e-14 -5.099824598878974e-16 1.0
  outer loop
    vertex 338.1958293258414 -528.5533575949219 105.70000000017532
    vertex 347.05747976481194 -527.8653765113122 105.70000000017617
    vertex 339.3544008365335 -526.2516713166466 105.70000000017532
  endloop
endfacet
facet normal -2.066235183888782e-14 -5.099824598878974e-16 1.0
  outer loop
    vertex 339.3544008365335 -526.2516713166466 105.70000000017532
    vertex 347.05747976481194 -527.8653765113122 105.70000000017617
    vertex 348.2391346612094 -525.9993395141252 105.70000000017617
  endloop
endfacet
facet normal -2.066235183888782e-14 -5.099824598878974e-16 1.0
  outer loop
    vertex 339.3544008365335 -526.2516713166466 105.70000000017532
    vertex 348.2391346612094 -525.9993395141252 105.70000000017617
    vertex 340.6245151898077 -524.0096059298673 105.70000000017532
  endloop
endfacet
facet normal -2.066235183888782e-14 -5.099824598878974e-16 1.0
  outer loop
    vertex 340.6245151898077 -524.0096059298673 105.70000000017532
    vertex 348.2391346612094 -525.9993395141252 105.70000000017617
    vertex 349.5109282981949 -524.1935312978478 105.70000000017617
  endloop
endfacet
facet normal -2.066235183888782e-14 -5.099824598878974e-16 1.0
  outer loop
    vertex 340.6245151898077 -524.0096059298673 105.70000000017532
    vertex 349.5109282981949 -524.1935312978478 105.70000000017617
    vertex 349.99503693656015 -523.5732034059104 105.70000000017617
  endloop
endfacet
facet normal -2.066235183888782e-14 -5.099824598878974e-16 1.0
  outer loop
    vertex 340.6245151898077 -524.0096059298673 105.70000000017532
    vertex 349.99503693656015 -523.5732034059104 105.70000000017617
    vertex 342.003112568938 -521.8325627664822 105.70000000017532
  endloop
endfacet
facet normal -2.066235183888782e-14 -5.099824598878974e-16 1.0
  outer loop
    vertex 342.003112568938 -521.8325627664822 105.70000000017532
    vertex 349.99503693656015 -523.5732034059104 105.70000000017617
    vertex 357.39790790194337 -522.7426406871265 105.70000000017617
  endloop
endfacet
facet normal -2.066235183888782e-14 -5.099824598878974e-16 1.0
  outer loop
    vertex 342.003112568938 -521.8325627664822 105.70000000017532
    vertex 357.39790790194337 -522.7426406871265 105.70000000017617
    vertex 358.3514196375306 -521.5000000000072 105.70000000017617
  endloop
endfacet
facet normal -2.066235183888782e-14 -5.099824598878974e-16 1.0
  outer loop
    vertex 342.003112568938 -521.8325627664822 105.70000000017532
    vertex 358.3514196375306 -521.5000000000072 105.70000000017617
    vertex 343.48687181208754 -519.7257865141584 105.70000000017532
  endloop
endfacet
facet normal -2.066235183888782e-14 -5.099824598878974e-16 1.0
  outer loop
    vertex 343.48687181208754 -519.7257865141584 105.70000000017532
    vertex 358.3514196375306 -521.5000000000072 105.70000000017617
    vertex 353.15526721482416 -520.5000000000073 105.70000000017617
  endloop
endfacet
facet normal -2.066235183888782e-14 -5.099824598878974e-16 1.0
  outer loop
    vertex 343.48687181208754 -519.7257865141584 105.70000000017532
    vertex 353.15526721482416 -520.5000000000073 105.70000000017617
    vertex 352.6430999808366 -520.4325719044703 105.70000000017617
  endloop
endfacet
facet normal -2.066235183888782e-14 -5.099824598878974e-16 1.0
  outer loop
    vertex 343.48687181208754 -519.7257865141584 105.70000000017532
    vertex 352.6430999808366 -520.4325719044703 105.70000000017617
    vertex 352.155267214824 -520.2320508075761 105.70000000017617
  endloop
endfacet
facet normal -2.066235183888782e-14 -5.099824598878974e-16 1.0
  outer loop
    vertex 343.48687181208754 -519.7257865141584 105.70000000017532
    vertex 352.155267214824 -520.2320508075761 105.70000000017617
    vertex 351.74105365245117 -519.9142135623804 105.70000000017617
  endloop
endfacet
facet normal -2.066235183888782e-14 -5.099824598878974e-16 1.0
  outer loop
    vertex 343.48687181208754 -519.7257865141584 105.70000000017532
    vertex 351.74105365245117 -519.9142135623804 105.70000000017617
    vertex 351.4232164072552 -519.5000000000072 105.70000000017617
  endloop
endfacet
facet normal -2.066235183888782e-14 -5.099824598878974e-16 1.0
  outer loop
    vertex 343.48687181208754 -519.7257865141584 105.70000000017532
    vertex 351.4232164072552 -519.5000000000072 105.70000000017617
    vertex 345.07221841327726 -517.6943525814196 105.70000000017545
  endloop
endfacet
facet normal -2.066235183888782e-14 -5.099824598878974e-16 1.0
  outer loop
    vertex 345.07221841327726 -517.6943525814196 105.70000000017545
    vertex 351.4232164072552 -519.5000000000072 105.70000000017617
    vertex 351.22341556224586 -519.0176380902122 105.70000000017617
  endloop
endfacet
facet normal -2.066235183888782e-14 -5.099824598878974e-16 1.0
  outer loop
    vertex 345.07221841327726 -517.6943525814196 105.70000000017545
    vertex 351.22341556224586 -519.0176380902122 105.70000000017617
    vertex 351.1552672148242 -518.5000000000073 105.70000000017617
  endloop
endfacet
facet normal -2.066235183888782e-14 -5.099824598878974e-16 1.0
  outer loop
    vertex 345.07221841327726 -517.6943525814196 105.70000000017545
    vertex 351.1552672148242 -518.5000000000073 105.70000000017617
    vertex 351.22341556224586 -517.9823619098022 105.70000000017617
  endloop
endfacet
facet normal -2.066235183888782e-14 -5.099824598878974e-16 1.0
  outer loop
    vertex 345.07221841327726 -517.6943525814196 105.70000000017545
    vertex 351.22341556224586 -517.9823619098022 105.70000000017617
    vertex 351.4232164072552 -517.5000000000072 105.70000000017617
  endloop
endfacet
facet normal -2.066235183888782e-14 -5.099824598878974e-16 1.0
  outer loop
    vertex 345.07221841327726 -517.6943525814196 105.70000000017545
    vertex 351.4232164072552 -517.5000000000072 105.70000000017617
    vertex 346.75533313368555 -515.7431548705424 105.70000000017545
  endloop
endfacet
facet normal -2.066235183888782e-14 -5.099824598878974e-16 1.0
  outer loop
    vertex 346.75533313368555 -515.7431548705424 105.70000000017545
    vertex 351.4232164072552 -517.5000000000072 105.70000000017617
    vertex 351.74105365245117 -517.085786437634 105.70000000017617
  endloop
endfacet
facet normal -2.066235183888782e-14 -5.099824598878974e-16 1.0
  outer loop
    vertex 346.75533313368555 -515.7431548705424 105.70000000017545
    vertex 351.74105365245117 -517.085786437634 105.70000000017617
    vertex 352.155267214824 -516.7679491924383 105.70000000017617
  endloop
endfacet
facet normal -2.066235183888782e-14 -5.099824598878974e-16 1.0
  outer loop
    vertex 346.75533313368555 -515.7431548705424 105.70000000017545
    vertex 352.155267214824 -516.7679491924383 105.70000000017617
    vertex 352.6376291246191 -516.5681483474291 105.70000000017617
  endloop
endfacet
facet normal -2.066235183888782e-14 -5.099824598878974e-16 1.0
  outer loop
    vertex 346.75533313368555 -515.7431548705424 105.70000000017545
    vertex 352.6376291246191 -516.5681483474291 105.70000000017617
    vertex 353.15526721482416 -516.5000000000072 105.70000000017617
  endloop
endfacet
facet normal 0.9637760657954868 -0.26671275747472917 1.127618683132081e-16
  outer loop
    vertex 334.72862642211004 -538.2435405550906 105.70000000017532
    vertex 335.41589958888216 -535.7600544441526 110.00000000017522
    vertex 334.72862642211004 -538.2435405550906 110.00000000017522
  endloop
endfacet
facet normal 0.9637760657954868 -0.26671275747472917 1.127618683132081e-16
  outer loop
    vertex 335.41589958888216 -535.7600544441526 110.00000000017522
    vertex 334.72862642211004 -538.2435405550906 105.70000000017532
    vertex 335.41589958888216 -535.7600544441526 105.70000000017532
  endloop
endfacet
facet normal -0.12241067519912685 -0.9924795345987212 4.1388759193918414e-16
  outer loop
    vertex 393.358617123726 -499.06823322685557 105.70000000017632
    vertex 390.80116708212154 -498.75280184971655 110.00000000017636
    vertex 390.80116708212154 -498.75280184971655 105.70000000017632
  endloop
endfacet
facet normal -0.12241067519912685 -0.9924795345987212 4.1388759193918414e-16
  outer loop
    vertex 390.80116708212154 -498.75280184971655 110.00000000017636
    vertex 393.358617123726 -499.06823322685557 105.70000000017632
    vertex 393.358617123726 -499.06823322685557 110.00000000017636
  endloop
endfacet
facet normal -0.8175848131516501 0.5758081914177511 -2.421610776726088e-16
  outer loop
    vertex 429.30742186071046 -580.1674372335323 105.70000000017693
    vertex 427.823662617561 -582.274213485856 110.00000000017695
    vertex 429.30742186071046 -580.1674372335323 110.00000000017695
  endloop
endfacet
facet normal -0.8175848131516501 0.5758081914177511 -2.421610776726088e-16
  outer loop
    vertex 427.823662617561 -582.274213485856 110.00000000017695
    vertex 429.30742186071046 -580.1674372335323 105.70000000017693
    vertex 427.823662617561 -582.274213485856 105.70000000017693
  endloop
endfacet
facet normal 0.3598950365350942 -0.9329927988346979 3.87992604466278e-16
  outer loop
    vertex 367.9685499117281 -501.56893657790033 105.70000000017589
    vertex 365.5643870156526 -502.4963245431667 110.00000000017579
    vertex 365.5643870156526 -502.4963245431667 105.70000000017589
  endloop
endfacet
facet normal 0.3598950365350942 -0.9329927988346979 3.87992604466278e-16
  outer loop
    vertex 365.5643870156526 -502.4963245431667 110.00000000017579
    vertex 367.9685499117281 -501.56893657790033 105.70000000017589
    vertex 367.9685499117281 -501.56893657790033 110.00000000017579
  endloop
endfacet
facet normal 0.9238795325112448 0.3826834323651912 -1.6047285319424296e-16
  outer loop
    vertex 416.42321640725515 -519.5000000000072 99.70000000018175
    vertex 416.22341556224575 -519.0176380902122 105.70000000017617
    vertex 416.42321640725515 -519.5000000000072 105.70000000017617
  endloop
endfacet
facet normal 0.9238795325112448 0.3826834323651912 -1.6047285319424296e-16
  outer loop
    vertex 416.22341556224575 -519.0176380902122 105.70000000017617
    vertex 416.42321640725515 -519.5000000000072 99.70000000018175
    vertex 416.22341556224575 -519.0176380902122 99.70000000018175
  endloop
endfacet
facet normal -0.9249123661969966 0.3801803714763203 -4.4742182205252677e-14
  outer loop
    vertex 355.08783911928765 -584.0121672339948 99.70000000018176
    vertex 354.88731802239306 -584.5000000000072 105.70000000017606
    vertex 355.087839119287 -584.0121672339949 105.7000000001762
  endloop
endfacet
facet normal -0.9249123661969966 0.3801803714763203 -4.4742182205252677e-14
  outer loop
    vertex 354.88731802239306 -584.5000000000072 105.70000000017606
    vertex 355.08783911928765 -584.0121672339948 99.70000000018176
    vertex 354.88731802239306 -584.5000000000072 99.70000000018176
  endloop
endfacet
facet normal 0.9329927988347425 0.3598950365349791 6.41768225266984e-14
  outer loop
    vertex 344.0806882518167 -568.2207544564362 97.70000000018095
    vertex 343.2857842815881 -566.160043402657 105.7000000001762
    vertex 344.0806882518161 -568.2207544564362 105.7000000001762
  endloop
endfacet
facet normal 0.9329927988347425 0.3598950365349791 6.41768225266984e-14
  outer loop
    vertex 343.2857842815881 -566.160043402657 105.7000000001762
    vertex 344.0806882518167 -568.2207544564362 97.70000000018095
    vertex 343.2857842815887 -566.1600434026572 97.70000000018095
  endloop
endfacet
facet normal -0.9996988186962052 0.024541228522870173 -1.021733886175847e-17
  outer loop
    vertex 438.1474053502844 -551.3202568561711 105.70000000017706
    vertex 438.09202866559593 -553.5760529021918 110.0000000001771
    vertex 438.1474053502844 -551.3202568561711 110.0000000001771
  endloop
endfacet
facet normal -0.9996988186962052 0.024541228522870173 -1.021733886175847e-17
  outer loop
    vertex 438.09202866559593 -553.5760529021918 110.0000000001771
    vertex 438.1474053502844 -551.3202568561711 105.70000000017706
    vertex 438.09202866559593 -553.5760529021918 105.70000000017706
  endloop
endfacet
facet normal 0.9757021300385121 -0.21910124015694332 6.929209316505334e-14
  outer loop
    vertex 341.51992959667916 -542.2209355092815 97.70000000018095
    vertex 342.0038608210696 -540.0658919043603 105.7000000001762
    vertex 341.51992959667854 -542.2209355092815 105.7000000001762
  endloop
endfacet
facet normal 0.9757021300385121 -0.21910124015694332 6.929209316505334e-14
  outer loop
    vertex 342.0038608210696 -540.0658919043603 105.7000000001762
    vertex 341.51992959667916 -542.2209355092815 97.70000000018095
    vertex 342.00386082107013 -540.0658919043603 97.70000000018094
  endloop
endfacet
facet normal 0.6087614290087098 -0.7933533402912434 4.525433742814352e-14
  outer loop
    vertex 356.15526721482456 -523.6961524227138 97.70000000018094
    vertex 357.39790790194337 -522.7426406871265 105.70000000017617
    vertex 356.15526721482405 -523.6961524227138 105.70000000017617
  endloop
endfacet
facet normal 0.6087614290087098 -0.7933533402912434 4.525433742814352e-14
  outer loop
    vertex 357.39790790194337 -522.7426406871265 105.70000000017617
    vertex 356.15526721482456 -523.6961524227138 97.70000000018094
    vertex 357.2029351767598 -522.8922485210801 97.70000000017761
  endloop
endfacet
facet normal 0.6087614290087098 -0.7933533402912434 4.525433742814352e-14
  outer loop
    vertex 357.39790790194337 -522.7426406871265 105.70000000017617
    vertex 357.2029351767598 -522.8922485210801 97.70000000017761
    vertex 357.39790790194394 -522.7426406871265 97.70000000018094
  endloop
endfacet
facet normal 0.382683432365024 0.9238795325113138 -3.8464212336524486e-16
  outer loop
    vertex 352.6376291246191 -585.4318516525854 105.70000000017606
    vertex 352.155267214824 -585.232050807576 99.70000000018176
    vertex 352.155267214824 -585.232050807576 105.70000000017606
  endloop
endfacet
facet normal 0.382683432365024 0.9238795325113138 -3.8464212336524486e-16
  outer loop
    vertex 352.155267214824 -585.232050807576 99.70000000018176
    vertex 352.6376291246191 -585.4318516525854 105.70000000017606
    vertex 352.6376291246191 -585.4318516525854 99.70000000018176
  endloop
endfacet
facet normal -1.0 0.0 -0.0
  outer loop
    vertex 438.1474053502844 -550.6797431438418 110.00000000017349
    vertex 438.1474053502844 -551.3202568561711 105.70000000017706
    vertex 438.1474053502844 -551.3202568561711 110.0000000001771
  endloop
endfacet
facet normal -1.0 0.0 -0.0
  outer loop
    vertex 438.1474053502844 -551.3202568561711 105.70000000017706
    vertex 438.1474053502844 -550.6797431438418 110.00000000017349
    vertex 438.1474053502844 -550.6797431438418 105.70000000017735
  endloop
endfacet
facet normal 0.8448535652497425 -0.5349976198870412 6.08987178345167e-14
  outer loop
    vertex 347.0574797648124 -527.8653765113122 97.70000000018094
    vertex 348.2391346612094 -525.9993395141252 105.70000000017617
    vertex 347.05747976481194 -527.8653765113122 105.70000000017617
  endloop
endfacet
facet normal 0.8448535652497425 -0.5349976198870412 6.08987178345167e-14
  outer loop
    vertex 348.2391346612094 -525.9993395141252 105.70000000017617
    vertex 347.0574797648124 -527.8653765113122 97.70000000018094
    vertex 348.23913466120996 -525.9993395141252 97.70000000018094
  endloop
endfacet
facet normal 0.6087614290086072 -0.7933533402913223 3.302996793962186e-16
  outer loop
    vertex 417.1552672148243 -516.7679491924383 99.70000000018175
    vertex 416.7410536524511 -517.085786437634 105.70000000017617
    vertex 416.7410536524511 -517.085786437634 99.70000000018175
  endloop
endfacet
facet normal 0.6087614290086072 -0.7933533402913223 3.302996793962186e-16
  outer loop
    vertex 416.7410536524511 -517.085786437634 105.70000000017617
    vertex 417.1552672148243 -516.7679491924383 99.70000000018175
    vertex 417.1552672148243 -516.7679491924383 105.70000000017617
  endloop
endfacet
facet normal 0.7883464276264074 -0.6152315905808818 5.713173789992242e-14
  outer loop
    vertex 349.5109282981955 -524.1935312978478 97.70000000018094
    vertex 349.99503693656015 -523.5732034059104 105.70000000017617
    vertex 349.5109282981949 -524.1935312978478 105.70000000017617
  endloop
endfacet
facet normal 0.7883464276264074 -0.6152315905808818 5.713173789992242e-14
  outer loop
    vertex 349.99503693656015 -523.5732034059104 105.70000000017617
    vertex 349.5109282981955 -524.1935312978478 97.70000000018094
    vertex 349.9950369365607 -523.5732034059104 97.70000000018094
  endloop
endfacet
facet normal 0.99729045667869 0.07356456359967173 7.004718699368599e-14
  outer loop
    vertex 340.87195451457586 -555.4107713148373 97.70000000018095
    vertex 340.70947168559144 -553.2080453447411 105.7000000001762
    vertex 340.8719545145753 -555.4107713148373 105.7000000001762
  endloop
endfacet
facet normal 0.99729045667869 0.07356456359967173 7.004718699368599e-14
  outer loop
    vertex 340.70947168559144 -553.2080453447411 105.7000000001762
    vertex 340.87195451457586 -555.4107713148373 97.70000000018095
    vertex 340.70947168559195 -553.2080453447411 97.70000000018095
  endloop
endfacet
facet normal -0.38268343236502433 0.9238795325113138 -3.8464212336568806e-16
  outer loop
    vertex 354.1552672148243 -520.2320508075761 105.70000000017617
    vertex 353.6729053050292 -520.4318516525854 99.70000000018175
    vertex 353.6729053050292 -520.4318516525854 105.70000000017617
  endloop
endfacet
facet normal -0.38268343236502433 0.9238795325113138 -3.8464212336568806e-16
  outer loop
    vertex 353.6729053050292 -520.4318516525854 99.70000000018175
    vertex 354.1552672148243 -520.2320508075761 105.70000000017617
    vertex 354.1552672148243 -520.2320508075761 99.70000000018175
  endloop
endfacet
facet normal 0.13052619222003206 -0.991444861373813 1.1786482183465212e-14
  outer loop
    vertex 353.15526721482473 -524.5000000000073 97.70000000018094
    vertex 354.70818148543935 -524.2955549577416 105.70000000017617
    vertex 353.15526721482416 -524.5000000000072 105.70000000017617
  endloop
endfacet
facet normal 0.13052619222003206 -0.991444861373813 1.1786482183465212e-14
  outer loop
    vertex 354.70818148543935 -524.2955549577416 105.70000000017617
    vertex 353.15526721482473 -524.5000000000073 97.70000000018094
    vertex 354.7081814854401 -524.2955549577416 97.70000000018094
  endloop
endfacet
facet normal -0.9914448613738108 -0.13052619222004944 5.434244396975544e-17
  outer loop
    vertex 355.087118867402 -582.9823619098021 99.70000000018176
    vertex 355.15526721482405 -583.5000000000072 105.70000000017606
    vertex 355.087118867402 -582.9823619098021 105.70000000017606
  endloop
endfacet
facet normal -0.9914448613738108 -0.13052619222004944 5.434244396975544e-17
  outer loop
    vertex 355.15526721482405 -583.5000000000072 105.70000000017606
    vertex 355.087118867402 -582.9823619098021 99.70000000018176
    vertex 355.15526721482405 -583.5000000000072 99.70000000018176
  endloop
endfacet
facet normal -0.9238795325112347 0.3826834323652156 -1.5932398415791728e-16
  outer loop
    vertex 355.0871188674024 -519.0176380902122 99.70000000018175
    vertex 354.88731802239306 -519.5000000000072 105.70000000017617
    vertex 355.0871188674024 -519.0176380902122 105.70000000017617
  endloop
endfacet
facet normal -0.9238795325112347 0.3826834323652156 -1.5932398415791728e-16
  outer loop
    vertex 354.88731802239306 -519.5000000000072 105.70000000017617
    vertex 355.0871188674024 -519.0176380902122 99.70000000018175
    vertex 354.88731802239306 -519.5000000000072 99.70000000018175
  endloop
endfacet
facet normal 0.9142097557035269 0.40524131400499824 6.26601132110555e-14
  outer loop
    vertex 344.9757490242697 -570.2399792043699 97.70000000018095
    vertex 344.0806882518161 -568.2207544564362 105.7000000001762
    vertex 344.9757490242692 -570.2399792043699 105.7000000001762
  endloop
endfacet
facet normal 0.9142097557035269 0.40524131400499824 6.26601132110555e-14
  outer loop
    vertex 344.0806882518161 -568.2207544564362 105.7000000001762
    vertex 344.9757490242697 -570.2399792043699 97.70000000018095
    vertex 344.0806882518167 -568.2207544564362 97.70000000018095
  endloop
endfacet
facet normal 0.9142097557035269 -0.40524131400499824 6.544949664206058e-14
  outer loop
    vertex 344.0806882518167 -533.7792455435781 97.70000000018094
    vertex 344.9757490242692 -531.7600207956444 105.70000000017617
    vertex 344.0806882518161 -533.7792455435781 105.70000000017617
  endloop
endfacet
facet normal 0.9142097557035269 -0.40524131400499824 6.544949664206058e-14
  outer loop
    vertex 344.9757490242692 -531.7600207956444 105.70000000017617
    vertex 344.0806882518167 -533.7792455435781 97.70000000018094
    vertex 344.9757490242697 -531.7600207956444 97.70000000018094
  endloop
endfacet
facet normal 0.9924795345987154 0.12241067519917234 6.958082884666772e-14
  outer loop
    vertex 341.14232426640945 -557.6028713504985 97.70000000018095
    vertex 340.8719545145753 -555.4107713148373 105.7000000001762
    vertex 341.1423242664089 -557.6028713504984 105.7000000001762
  endloop
endfacet
facet normal 0.9924795345987154 0.12241067519917234 6.958082884666772e-14
  outer loop
    vertex 340.8719545145753 -555.4107713148373 105.7000000001762
    vertex 341.14232426640945 -557.6028713504985 97.70000000018095
    vertex 340.87195451457586 -555.4107713148373 97.70000000018095
  endloop
endfacet
facet normal 0.9238795325114202 0.382683432364768 -1.5932398415773096e-16
  outer loop
    vertex 351.4232164072552 -584.5000000000072 99.70000000018176
    vertex 351.22341556224626 -584.0176380902122 105.70000000017606
    vertex 351.4232164072552 -584.5000000000072 105.70000000017606
  endloop
endfacet
facet normal 0.9238795325114202 0.382683432364768 -1.5932398415773096e-16
  outer loop
    vertex 351.22341556224626 -584.0176380902122 105.70000000017606
    vertex 351.4232164072552 -584.5000000000072 99.70000000018176
    vertex 351.22341556224626 -584.0176380902122 99.70000000018176
  endloop
endfacet
facet normal -0.7933533402913712 0.6087614290085436 -2.534478581208741e-16
  outer loop
    vertex 419.88731802239306 -519.5000000000072 99.70000000018175
    vertex 419.5694807771973 -519.9142135623804 105.70000000017617
    vertex 419.88731802239306 -519.5000000000072 105.70000000017617
  endloop
endfacet
facet normal -0.7933533402913712 0.6087614290085436 -2.534478581208741e-16
  outer loop
    vertex 419.5694807771973 -519.9142135623804 105.70000000017617
    vertex 419.88731802239306 -519.5000000000072 99.70000000018175
    vertex 419.5694807771973 -519.9142135623804 99.70000000018175
  endloop
endfacet
facet normal -0.9914448613738793 0.13052619221952833 -4.829995279938036e-14
  outer loop
    vertex 355.15526721482405 -583.5000000000072 105.70000000017606
    vertex 355.08783911928765 -584.0121672339948 99.70000000018176
    vertex 355.087839119287 -584.0121672339949 105.7000000001762
  endloop
endfacet
facet normal -0.9914448613738793 0.13052619221952833 -4.829995279938036e-14
  outer loop
    vertex 355.08783911928765 -584.0121672339948 99.70000000018176
    vertex 355.15526721482405 -583.5000000000072 105.70000000017606
    vertex 355.15526721482405 -583.5000000000072 99.70000000018176
  endloop
endfacet
facet normal 0.9757021300385121 0.21910124015694332 6.81480601465886e-14
  outer loop
    vertex 342.00386082107013 -561.9341080956541 97.70000000018095
    vertex 341.51992959667854 -559.7790644907329 105.7000000001762
    vertex 342.0038608210696 -561.9341080956541 105.7000000001762
  endloop
endfacet
facet normal 0.9757021300385121 0.21910124015694332 6.81480601465886e-14
  outer loop
    vertex 341.51992959667854 -559.7790644907329 105.7000000001762
    vertex 342.00386082107013 -561.9341080956541 97.70000000018095
    vertex 341.51992959667916 -559.7790644907329 97.70000000018095
  endloop
endfacet
facet normal -0.13052619222006726 -0.9914448613738082 4.1277184227881185e-16
  outer loop
    vertex 353.6729053050292 -516.5681483474291 99.70000000018175
    vertex 353.15526721482416 -516.5000000000072 105.70000000017617
    vertex 353.15526721482416 -516.5000000000072 99.70000000018175
  endloop
endfacet
facet normal -0.13052619222006726 -0.9914448613738082 4.1277184227881185e-16
  outer loop
    vertex 353.15526721482416 -516.5000000000072 105.70000000017617
    vertex 353.6729053050292 -516.5681483474291 99.70000000018175
    vertex 353.6729053050292 -516.5681483474291 105.70000000017617
  endloop
endfacet
facet normal 0.4496113296547281 -0.893224301195454 8.288868624251249e-15
  outer loop
    vertex 364.4424140576546 -511.31354310433125 97.70000000018094
    vertex 366.41528801046104 -510.3204818094523 105.70000000017617
    vertex 364.4424140576541 -511.31354310433125 105.70000000017617
  endloop
endfacet
facet normal 0.4496113296547281 -0.893224301195454 8.288868624251249e-15
  outer loop
    vertex 366.41528801046104 -510.3204818094523 105.70000000017617
    vertex 364.4424140576546 -511.31354310433125 97.70000000018094
    vertex 366.4152880104607 -510.3204818094523 97.70000000018094
  endloop
endfacet
facet normal 0.7933533402911038 -0.6087614290088915 2.5147474570195994e-16
  outer loop
    vertex 351.4232164072552 -517.5000000000072 99.70000000018175
    vertex 351.74105365245117 -517.085786437634 105.70000000017617
    vertex 351.4232164072552 -517.5000000000072 105.70000000017617
  endloop
endfacet
facet normal 0.7933533402911038 -0.6087614290088915 2.5147474570195994e-16
  outer loop
    vertex 351.74105365245117 -517.085786437634 105.70000000017617
    vertex 351.4232164072552 -517.5000000000072 99.70000000018175
    vertex 351.74105365245117 -517.085786437634 99.70000000018175
  endloop
endfacet
facet normal -0.9914448613738822 -0.1305261922195058 -2.2099186036367467e-15
  outer loop
    vertex 355.0871188674024 -517.9823619098022 99.70000000018175
    vertex 355.15526721482405 -518.5000000000073 105.70000000017617
    vertex 355.08783911928725 -517.9878327660194 105.70000000017617
  endloop
endfacet
facet normal -0.9914448613738822 -0.1305261922195058 -2.2099186036367467e-15
  outer loop
    vertex 355.15526721482405 -518.5000000000073 105.70000000017617
    vertex 355.0871188674024 -517.9823619098022 99.70000000018175
    vertex 355.15526721482405 -518.5000000000073 99.70000000018175
  endloop
endfacet
facet normal -0.382683432365024 0.9238795325113138 -3.8464212336524486e-16
  outer loop
    vertex 354.1552672148243 -585.232050807576 105.70000000017606
    vertex 353.6729053050292 -585.4318516525854 99.70000000018176
    vertex 353.6729053050292 -585.4318516525854 105.70000000017606
  endloop
endfacet
facet normal -0.382683432365024 0.9238795325113138 -3.8464212336524486e-16
  outer loop
    vertex 353.6729053050292 -585.4318516525854 99.70000000018176
    vertex 354.1552672148243 -585.232050807576 105.70000000017606
    vertex 354.1552672148243 -585.232050807576 99.70000000018176
  endloop
endfacet
facet normal 0.13052619222006162 -0.9914448613738092 4.1277184227881224e-16
  outer loop
    vertex 353.15526721482416 -581.5000000000073 99.70000000018176
    vertex 352.6376291246191 -581.5681483474291 105.70000000017606
    vertex 352.6376291246191 -581.5681483474291 99.70000000018176
  endloop
endfacet
facet normal 0.13052619222006162 -0.9914448613738092 4.1277184227881224e-16
  outer loop
    vertex 352.6376291246191 -581.5681483474291 105.70000000017606
    vertex 353.15526721482416 -581.5000000000073 99.70000000018176
    vertex 353.15526721482416 -581.5000000000073 105.70000000017606
  endloop
endfacet
facet normal -0.608761429008918 0.793353340291084 -3.3029967939541426e-16
  outer loop
    vertex 354.5694807771971 -584.9142135623803 105.70000000017606
    vertex 354.1552672148243 -585.232050807576 99.70000000018176
    vertex 354.1552672148243 -585.232050807576 105.70000000017606
  endloop
endfacet
facet normal -0.608761429008918 0.793353340291084 -3.3029967939541426e-16
  outer loop
    vertex 354.1552672148243 -585.232050807576 99.70000000018176
    vertex 354.5694807771971 -584.9142135623803 105.70000000017606
    vertex 354.5694807771971 -584.9142135623803 99.70000000018176
  endloop
endfacet
facet normal 0.6087614290086072 0.7933533402913223 -3.302996793948085e-16
  outer loop
    vertex 417.1552672148243 -520.2320508075761 105.70000000017617
    vertex 416.7410536524511 -519.9142135623804 99.70000000018175
    vertex 416.7410536524511 -519.9142135623804 105.70000000017617
  endloop
endfacet
facet normal 0.6087614290086072 0.7933533402913223 -3.302996793948085e-16
  outer loop
    vertex 416.7410536524511 -519.9142135623804 99.70000000018175
    vertex 417.1552672148243 -520.2320508075761 105.70000000017617
    vertex 417.1552672148243 -520.2320508075761 99.70000000018175
  endloop
endfacet
facet normal 0.9238795325113032 -0.38268343236505026 6.522700163403186e-14
  outer loop
    vertex 358.3514196375312 -521.5000000000072 97.70000000018094
    vertex 358.95082217255833 -520.0529142706223 105.70000000017617
    vertex 358.3514196375306 -521.5000000000072 105.70000000017617
  endloop
endfacet
facet normal 0.9238795325113032 -0.38268343236505026 6.522700163403186e-14
  outer loop
    vertex 358.95082217255833 -520.0529142706223 105.70000000017617
    vertex 358.3514196375312 -521.5000000000072 97.70000000018094
    vertex 358.9508221725589 -520.0529142706223 97.70000000018094
  endloop
endfacet
facet normal 0.98527764238895 0.17096188876025115 6.894451401262012e-14
  outer loop
    vertex 341.51992959667916 -559.7790644907329 97.70000000018095
    vertex 341.1423242664089 -557.6028713504984 105.7000000001762
    vertex 341.51992959667854 -559.7790644907329 105.7000000001762
  endloop
endfacet
facet normal 0.98527764238895 0.17096188876025115 6.894451401262012e-14
  outer loop
    vertex 341.1423242664089 -557.6028713504984 105.7000000001762
    vertex 341.51992959667916 -559.7790644907329 97.70000000018095
    vertex 341.14232426640945 -557.6028713504985 97.70000000018095
  endloop
endfacet
facet normal 0.999698818696204 0.024541228522923685 7.034427248286206e-14
  outer loop
    vertex 340.70947168559195 -553.2080453447411 97.70000000018095
    vertex 340.6552672148241 -551.0000000000072 105.7000000001762
    vertex 340.70947168559144 -553.2080453447411 105.7000000001762
  endloop
endfacet
facet normal 0.999698818696204 0.024541228522923685 7.034427248286206e-14
  outer loop
    vertex 340.6552672148241 -551.0000000000072 105.7000000001762
    vertex 340.70947168559195 -553.2080453447411 97.70000000018095
    vertex 340.6552672148247 -551.0000000000073 97.70000000018095
  endloop
endfacet
facet normal 0.9914448613738108 -0.13052619222004944 5.434244396975544e-17
  outer loop
    vertex 351.1552672148242 -583.5000000000072 99.70000000018176
    vertex 351.22341556224626 -582.9823619098021 105.70000000017606
    vertex 351.1552672148242 -583.5000000000072 105.70000000017606
  endloop
endfacet
facet normal 0.9914448613738108 -0.13052619222004944 5.434244396975544e-17
  outer loop
    vertex 351.22341556224626 -582.9823619098021 105.70000000017606
    vertex 351.1552672148242 -583.5000000000072 99.70000000018176
    vertex 351.22341556224626 -582.9823619098021 99.70000000018176
  endloop
endfacet
facet normal 0.38268343236502356 -0.9238795325113143 3.846421233652451e-16
  outer loop
    vertex 352.6376291246191 -581.5681483474291 99.70000000018176
    vertex 352.155267214824 -581.7679491924384 105.70000000017606
    vertex 352.155267214824 -581.7679491924384 99.70000000018176
  endloop
endfacet
facet normal 0.38268343236502356 -0.9238795325113143 3.846421233652451e-16
  outer loop
    vertex 352.155267214824 -581.7679491924384 105.70000000017606
    vertex 352.6376291246191 -581.5681483474291 99.70000000018176
    vertex 352.6376291246191 -581.5681483474291 105.70000000017606
  endloop
endfacet
facet normal -0.13052619222006726 0.9914448613738082 -4.1277184227881185e-16
  outer loop
    vertex 353.6729053050292 -585.4318516525854 105.70000000017606
    vertex 353.15526721482416 -585.5000000000072 99.70000000018176
    vertex 353.15526721482416 -585.5000000000072 105.70000000017606
  endloop
endfacet
facet normal -0.13052619222006726 0.9914448613738082 -4.1277184227881185e-16
  outer loop
    vertex 353.15526721482416 -585.5000000000072 99.70000000018176
    vertex 353.6729053050292 -585.4318516525854 105.70000000017606
    vertex 353.6729053050292 -585.4318516525854 99.70000000018176
  endloop
endfacet
facet normal 0.7933533402910782 0.6087614290089253 -2.55420970540092e-16
  outer loop
    vertex 416.7410536524511 -519.9142135623804 99.70000000018175
    vertex 416.42321640725515 -519.5000000000072 105.70000000017617
    vertex 416.7410536524511 -519.9142135623804 105.70000000017617
  endloop
endfacet
facet normal 0.7933533402910782 0.6087614290089253 -2.55420970540092e-16
  outer loop
    vertex 416.42321640725515 -519.5000000000072 105.70000000017617
    vertex 416.7410536524511 -519.9142135623804 99.70000000018175
    vertex 416.42321640725515 -519.5000000000072 99.70000000018175
  endloop
endfacet
facet normal 0.7933533402910526 -0.6087614290089585 2.534478581210468e-16
  outer loop
    vertex 351.4232164072552 -582.5000000000072 99.70000000018176
    vertex 351.74105365245117 -582.0857864376342 105.70000000017606
    vertex 351.4232164072552 -582.5000000000072 105.70000000017606
  endloop
endfacet
facet normal 0.7933533402910526 -0.6087614290089585 2.534478581210468e-16
  outer loop
    vertex 351.74105365245117 -582.0857864376342 105.70000000017606
    vertex 351.4232164072552 -582.5000000000072 99.70000000018176
    vertex 351.74105365245117 -582.0857864376342 99.70000000018176
  endloop
endfacet
facet normal 0.608761429008918 -0.793353340291084 3.3029967939541426e-16
  outer loop
    vertex 352.155267214824 -581.7679491924384 99.70000000018176
    vertex 351.74105365245117 -582.0857864376342 105.70000000017606
    vertex 351.74105365245117 -582.0857864376342 99.70000000018176
  endloop
endfacet
facet normal 0.608761429008918 -0.793353340291084 3.3029967939541426e-16
  outer loop
    vertex 351.74105365245117 -582.0857864376342 105.70000000017606
    vertex 352.155267214824 -581.7679491924384 99.70000000018176
    vertex 352.155267214824 -581.7679491924384 105.70000000017606
  endloop
endfacet
facet normal 0.9238795325114202 -0.382683432364768 1.5932398415773096e-16
  outer loop
    vertex 351.22341556224626 -582.9823619098021 99.70000000018176
    vertex 351.4232164072552 -582.5000000000072 105.70000000017606
    vertex 351.22341556224626 -582.9823619098021 105.70000000017606
  endloop
endfacet
facet normal 0.9238795325114202 -0.382683432364768 1.5932398415773096e-16
  outer loop
    vertex 351.4232164072552 -582.5000000000072 105.70000000017606
    vertex 351.22341556224626 -582.9823619098021 99.70000000018176
    vertex 351.4232164072552 -582.5000000000072 99.70000000018176
  endloop
endfacet
facet normal -0.38268343236502433 -0.9238795325113138 3.846421233648017e-16
  outer loop
    vertex 354.1552672148243 -516.7679491924383 99.70000000018175
    vertex 353.6729053050292 -516.5681483474291 105.70000000017617
    vertex 353.6729053050292 -516.5681483474291 99.70000000018175
  endloop
endfacet
facet normal -0.38268343236502433 -0.9238795325113138 3.846421233648017e-16
  outer loop
    vertex 353.6729053050292 -516.5681483474291 105.70000000017617
    vertex 354.1552672148243 -516.7679491924383 99.70000000018175
    vertex 354.1552672148243 -516.7679491924383 105.70000000017617
  endloop
endfacet
facet normal -0.7933533402910526 -0.6087614290089585 2.534478581210468e-16
  outer loop
    vertex 354.5694807771971 -582.0857864376342 99.70000000018176
    vertex 354.88731802239306 -582.5000000000072 105.70000000017606
    vertex 354.5694807771971 -582.0857864376342 105.70000000017606
  endloop
endfacet
facet normal -0.7933533402910526 -0.6087614290089585 2.534478581210468e-16
  outer loop
    vertex 354.88731802239306 -582.5000000000072 105.70000000017606
    vertex 354.5694807771971 -582.0857864376342 99.70000000018176
    vertex 354.88731802239306 -582.5000000000072 99.70000000018176
  endloop
endfacet
facet normal 0.9495281805930432 0.31368174039887187 6.54536712684854e-14
  outer loop
    vertex 343.2857842815887 -566.1600434026572 97.70000000018095
    vertex 342.59295210687475 -564.062810476458 105.7000000001762
    vertex 343.2857842815881 -566.160043402657 105.7000000001762
  endloop
endfacet
facet normal 0.9495281805930432 0.31368174039887187 6.54536712684854e-14
  outer loop
    vertex 342.59295210687475 -564.062810476458 105.7000000001762
    vertex 343.2857842815887 -566.1600434026572 97.70000000018095
    vertex 342.5929521068752 -564.062810476458 97.70000000018095
  endloop
endfacet
facet normal 0.3826834323651546 -0.9238795325112599 2.936680692043659e-14
  outer loop
    vertex 354.7081814854401 -524.2955549577416 97.70000000018094
    vertex 356.15526721482405 -523.6961524227138 105.70000000017617
    vertex 354.70818148543935 -524.2955549577416 105.70000000017617
  endloop
endfacet
facet normal 0.3826834323651546 -0.9238795325112599 2.936680692043659e-14
  outer loop
    vertex 356.15526721482405 -523.6961524227138 105.70000000017617
    vertex 354.7081814854401 -524.2955549577416 97.70000000018094
    vertex 356.15526721482456 -523.6961524227138 97.70000000018094
  endloop
endfacet
facet normal -0.12241067519923249 -0.9924795345987079 4.724143828631473e-15
  outer loop
    vertex 392.25813856531477 -506.4870570515921 97.70000000018094
    vertex 390.0660385296541 -506.21668729975835 105.70000000017617
    vertex 390.0660385296539 -506.21668729975835 97.70000000018094
  endloop
endfacet
facet normal -0.12241067519923249 -0.9924795345987079 4.724143828631473e-15
  outer loop
    vertex 390.0660385296541 -506.21668729975835 105.70000000017617
    vertex 392.25813856531477 -506.4870570515921 97.70000000018094
    vertex 392.258138565315 -506.4870570515921 105.70000000017617
  endloop
endfacet
facet normal 0.9329927988347425 -0.35989503653497906 6.665790927230103e-14
  outer loop
    vertex 343.2857842815887 -535.8399565973574 97.70000000018094
    vertex 344.0806882518161 -533.7792455435781 105.70000000017617
    vertex 343.2857842815881 -535.8399565973574 105.7000000001762
  endloop
endfacet
facet normal 0.9329927988347425 -0.35989503653497906 6.665790927230103e-14
  outer loop
    vertex 344.0806882518161 -533.7792455435781 105.70000000017617
    vertex 343.2857842815887 -535.8399565973574 97.70000000018094
    vertex 344.0806882518167 -533.7792455435781 97.70000000018094
  endloop
endfacet
facet normal -0.6087614290086998 -0.7933533402912512 2.7352931154220926e-14
  outer loop
    vertex 414.1075992528877 -522.8922485210798 97.70000000017761
    vertex 413.91262652770456 -522.7426406871265 105.70000000017617
    vertex 413.9126265277044 -522.7426406871265 97.70000000018094
  endloop
endfacet
facet normal -0.6087614290086998 -0.7933533402912512 2.7352931154220926e-14
  outer loop
    vertex 413.91262652770456 -522.7426406871265 105.70000000017617
    vertex 414.1075992528877 -522.8922485210798 97.70000000017761
    vertex 415.1552672148239 -523.6961524227138 105.70000000017617
  endloop
endfacet
facet normal -0.6087614290086998 -0.7933533402912512 2.7352931154220926e-14
  outer loop
    vertex 415.1552672148239 -523.6961524227138 105.70000000017617
    vertex 414.1075992528877 -522.8922485210798 97.70000000017761
    vertex 415.15526721482354 -523.6961524227138 97.70000000018094
  endloop
endfacet
facet normal 0.9924795345987154 -0.12241067519917234 7.02199938926533e-14
  outer loop
    vertex 340.87195451457586 -546.589228685177 97.70000000018095
    vertex 341.1423242664089 -544.3971286495159 105.7000000001762
    vertex 340.8719545145753 -546.589228685177 105.7000000001762
  endloop
endfacet
facet normal 0.9924795345987154 -0.12241067519917234 7.02199938926533e-14
  outer loop
    vertex 341.1423242664089 -544.3971286495159 105.7000000001762
    vertex 340.87195451457586 -546.589228685177 97.70000000018095
    vertex 341.14232426640945 -544.3971286495159 97.70000000018095
  endloop
endfacet
facet normal -0.6152315905806186 -0.7883464276266128 2.1994848517734392e-14
  outer loop
    vertex 413.08206380892034 -515.3397697217431 97.70000000018094
    vertex 412.46173591698323 -514.8556610833782 105.70000000017617
    vertex 412.46173591698295 -514.8556610833782 97.70000000018094
  endloop
endfacet
facet normal -0.6152315905806186 -0.7883464276266128 2.1994848517734392e-14
  outer loop
    vertex 412.46173591698323 -514.8556610833782 105.70000000017617
    vertex 413.08206380892034 -515.3397697217431 97.70000000018094
    vertex 413.08206380892057 -515.3397697217431 105.70000000017617
  endloop
endfacet
facet normal 0.35989503653503174 -0.9329927988347222 -1.2286000356956238e-14
  outer loop
    vertex 370.49522381217355 -508.63051706677123 97.70000000018094
    vertex 368.434512758395 -509.42542103699935 105.70000000017617
    vertex 368.4345127583946 -509.42542103699935 97.70000000018094
  endloop
endfacet
facet normal 0.35989503653503174 -0.9329927988347222 -1.2286000356956238e-14
  outer loop
    vertex 368.434512758395 -509.42542103699935 105.70000000017617
    vertex 370.49522381217355 -508.63051706677123 97.70000000018094
    vertex 370.4952238121738 -508.63051706677123 105.70000000017617
  endloop
endfacet
facet normal 0.8175848131515786 -0.5758081914178523 5.908911426035885e-14
  outer loop
    vertex 348.23913466120996 -525.9993395141252 97.70000000018094
    vertex 349.5109282981949 -524.1935312978478 105.70000000017617
    vertex 348.2391346612094 -525.9993395141252 105.70000000017617
  endloop
endfacet
facet normal 0.8175848131515786 -0.5758081914178523 5.908911426035885e-14
  outer loop
    vertex 349.5109282981949 -524.1935312978478 105.70000000017617
    vertex 348.23913466120996 -525.9993395141252 97.70000000018094
    vertex 349.5109282981955 -524.1935312978478 97.70000000018094
  endloop
endfacet
facet normal -0.17096188876029172 -0.9852776423889429 6.430975299014557e-15
  outer loop
    vertex 394.4343317055494 -506.8646623818618 97.70000000018094
    vertex 392.258138565315 -506.4870570515921 105.70000000017617
    vertex 392.25813856531477 -506.4870570515921 97.70000000018094
  endloop
endfacet
facet normal -0.17096188876029172 -0.9852776423889429 6.430975299014557e-15
  outer loop
    vertex 392.258138565315 -506.4870570515921 105.70000000017617
    vertex 394.4343317055494 -506.8646623818618 97.70000000018094
    vertex 394.43433170554954 -506.8646623818618 105.70000000017617
  endloop
endfacet
facet normal -0.13052619222003206 -0.991444861373813 -6.599110096412754e-15
  outer loop
    vertex 351.60235294420943 -524.2955549577416 97.70000000018094
    vertex 353.15526721482416 -524.5000000000072 105.70000000017617
    vertex 351.6023529442089 -524.2955549577416 105.70000000017617
  endloop
endfacet
facet normal -0.13052619222003206 -0.991444861373813 -6.599110096412754e-15
  outer loop
    vertex 353.15526721482416 -524.5000000000072 105.70000000017617
    vertex 351.60235294420943 -524.2955549577416 97.70000000018094
    vertex 353.15526721482473 -524.5000000000073 97.70000000018094
  endloop
endfacet
facet normal -0.5758081914178228 -0.8175848131515996 2.0618646153573178e-14
  outer loop
    vertex 412.46173591698295 -514.8556610833782 97.70000000018094
    vertex 410.6559277007058 -513.5838674463928 105.70000000017617
    vertex 410.65592770070555 -513.5838674463928 97.70000000018094
  endloop
endfacet
facet normal -0.5758081914178228 -0.8175848131515996 2.0618646153573178e-14
  outer loop
    vertex 410.6559277007058 -513.5838674463928 105.70000000017617
    vertex 412.46173591698295 -514.8556610833782 97.70000000018094
    vertex 412.46173591698323 -514.8556610833782 105.70000000017617
  endloop
endfacet
facet normal -0.2667127574749265 -0.9637760657954321 9.79408530839494e-15
  outer loop
    vertex 398.71807769127435 -507.93768489205786 97.70000000018094
    vertex 396.58937531047076 -507.34859360625273 105.70000000017617
    vertex 396.58937531047053 -507.34859360625273 97.70000000018094
  endloop
endfacet
facet normal -0.2667127574749265 -0.9637760657954321 9.79408530839494e-15
  outer loop
    vertex 396.58937531047076 -507.34859360625273 105.70000000017617
    vertex 398.71807769127435 -507.93768489205786 97.70000000018094
    vertex 398.7180776912747 -507.93768489205786 105.70000000017617
  endloop
endfacet
facet normal 0.31368174039887686 -0.9495281805930414 -1.0651620784333655e-14
  outer loop
    vertex 372.5924567383727 -507.93768489205786 97.70000000018094
    vertex 370.4952238121738 -508.63051706677123 105.70000000017617
    vertex 370.49522381217355 -508.63051706677123 97.70000000018094
  endloop
endfacet
facet normal 0.31368174039887686 -0.9495281805930414 -1.0651620784333655e-14
  outer loop
    vertex 370.4952238121738 -508.63051706677123 105.70000000017617
    vertex 372.5924567383727 -507.93768489205786 97.70000000018094
    vertex 372.592456738373 -507.93768489205786 105.70000000017617
  endloop
endfacet
facet normal 0.999698818696204 -0.024541228522923893 7.04729368965394e-14
  outer loop
    vertex 340.6552672148247 -551.0000000000073 97.70000000018095
    vertex 340.70947168559144 -548.7919546552735 105.7000000001762
    vertex 340.6552672148241 -551.0000000000072 105.7000000001762
  endloop
endfacet
facet normal 0.999698818696204 -0.024541228522923893 7.04729368965394e-14
  outer loop
    vertex 340.70947168559144 -548.7919546552735 105.7000000001762
    vertex 340.6552672148247 -551.0000000000073 97.70000000018095
    vertex 340.70947168559195 -548.7919546552735 97.70000000018095
  endloop
endfacet
facet normal -0.608761429009467 -0.7933533402906625 -4.0798593357640846e-14
  outer loop
    vertex 349.9950369365607 -523.5732034059104 97.70000000018094
    vertex 350.155267214824 -523.6961524227138 105.70000000017617
    vertex 349.99503693656015 -523.5732034059104 105.70000000017617
  endloop
endfacet
facet normal -0.608761429009467 -0.7933533402906625 -4.0798593357640846e-14
  outer loop
    vertex 350.155267214824 -523.6961524227138 105.70000000017617
    vertex 349.9950369365607 -523.5732034059104 97.70000000018094
    vertex 350.15526721482445 -523.6961524227138 97.70000000018094
  endloop
endfacet
facet normal -0.4496113296545968 -0.8932243011955204 1.6205857928994692e-14
  outer loop
    vertex 406.8681203719936 -511.31354310433125 97.70000000018094
    vertex 404.89524641918666 -510.3204818094523 105.70000000017617
    vertex 404.89524641918626 -510.3204818094523 97.70000000018094
  endloop
endfacet
facet normal -0.4496113296545968 -0.8932243011955204 1.6205857928994692e-14
  outer loop
    vertex 404.89524641918666 -510.3204818094523 105.70000000017617
    vertex 406.8681203719936 -511.31354310433125 97.70000000018094
    vertex 406.86812037199377 -511.31354310433125 105.70000000017617
  endloop
endfacet
facet normal 0.9914448613738098 -0.13052619222005535 6.988320186332831e-14
  outer loop
    vertex 358.9508221725589 -520.0529142706223 97.70000000018094
    vertex 359.1552672148239 -518.5000000000072 105.70000000017617
    vertex 358.95082217255833 -520.0529142706223 105.70000000017617
  endloop
endfacet
facet normal 0.9914448613738098 -0.13052619222005535 6.988320186332831e-14
  outer loop
    vertex 359.1552672148239 -518.5000000000072 105.70000000017617
    vertex 358.9508221725589 -520.0529142706223 97.70000000018094
    vertex 359.15526721482456 -518.5000000000072 97.70000000018094
  endloop
endfacet
facet normal 0.5758081914178117 -0.8175848131516074 4.089690425059133e-14
  outer loop
    vertex 358.8487985126648 -514.8556610833782 97.70000000018094
    vertex 360.6546067289417 -513.5838674463928 105.70000000017617
    vertex 358.84879851266425 -514.8556610833782 105.70000000017617
  endloop
endfacet
facet normal 0.5758081914178117 -0.8175848131516074 4.089690425059133e-14
  outer loop
    vertex 360.6546067289417 -513.5838674463928 105.70000000017617
    vertex 358.8487985126648 -514.8556610833782 97.70000000018094
    vertex 360.65460672894227 -513.5838674463928 97.70000000018094
  endloop
endfacet
facet normal 0.40524131400494495 -0.9142097557035506 -1.3890781878587195e-14
  outer loop
    vertex 368.4345127583946 -509.42542103699935 97.70000000018094
    vertex 366.41528801046104 -510.3204818094523 105.70000000017617
    vertex 366.4152880104607 -510.3204818094523 97.70000000018094
  endloop
endfacet
facet normal 0.40524131400494495 -0.9142097557035506 -1.3890781878587195e-14
  outer loop
    vertex 366.41528801046104 -510.3204818094523 105.70000000017617
    vertex 368.4345127583946 -509.42542103699935 97.70000000018094
    vertex 368.434512758395 -509.42542103699935 105.70000000017617
  endloop
endfacet
facet normal 0.4928981922297924 -0.8700869911087065 3.507907373708337e-14
  outer loop
    vertex 362.52064372612966 -512.402212549995 97.70000000018094
    vertex 364.4424140576541 -511.31354310433125 105.70000000017617
    vertex 362.520643726129 -512.402212549995 105.70000000017617
  endloop
endfacet
facet normal 0.4928981922297924 -0.8700869911087065 3.507907373708337e-14
  outer loop
    vertex 364.4424140576541 -511.31354310433125 105.70000000017617
    vertex 362.52064372612966 -512.402212549995 97.70000000018094
    vertex 364.4424140576546 -511.31354310433125 97.70000000018094
  endloop
endfacet
facet normal 0.99729045667869 -0.07356456359967173 7.043130298356668e-14
  outer loop
    vertex 340.70947168559195 -548.7919546552735 97.70000000018095
    vertex 340.8719545145753 -546.589228685177 105.7000000001762
    vertex 340.70947168559144 -548.7919546552735 105.7000000001762
  endloop
endfacet
facet normal 0.99729045667869 -0.07356456359967173 7.043130298356668e-14
  outer loop
    vertex 340.8719545145753 -546.589228685177 105.7000000001762
    vertex 340.70947168559195 -548.7919546552735 97.70000000018095
    vertex 340.87195451457586 -546.589228685177 97.70000000018095
  endloop
endfacet
facet normal 0.7933533402908701 0.608761429009196 5.562249004748837e-14
  outer loop
    vertex 358.3514196375312 -515.5000000000072 97.70000000018094
    vertex 358.22847062072697 -515.3397697217431 105.70000000017617
    vertex 358.3514196375306 -515.5000000000072 105.70000000017617
  endloop
endfacet
facet normal 0.7933533402908701 0.608761429009196 5.562249004748837e-14
  outer loop
    vertex 358.22847062072697 -515.3397697217431 105.70000000017617
    vertex 358.3514196375312 -515.5000000000072 97.70000000018094
    vertex 358.2284706207276 -515.3397697217431 97.70000000018094
  endloop
endfacet
facet normal 0.7933533402912565 -0.6087614290086926 5.791377856361732e-14
  outer loop
    vertex 357.39790790194394 -522.7426406871265 97.70000000018094
    vertex 358.3514196375306 -521.5000000000072 105.70000000017617
    vertex 357.39790790194337 -522.7426406871265 105.70000000017617
  endloop
endfacet
facet normal 0.7933533402912565 -0.6087614290086926 5.791377856361732e-14
  outer loop
    vertex 358.3514196375306 -521.5000000000072 105.70000000017617
    vertex 357.39790790194394 -522.7426406871265 97.70000000018094
    vertex 358.3514196375312 -521.5000000000072 97.70000000018094
  endloop
endfacet
facet normal 0.7933533402912565 -0.6087614290086926 5.791377856361732e-14
  outer loop
    vertex 358.3514196375312 -521.5000000000072 97.70000000018094
    vertex 357.39790790194394 -522.7426406871265 97.70000000018094
    vertex 357.54751573589743 -522.5476679619425 97.70000000017761
  endloop
endfacet
facet normal 0.9637760657954374 -0.26671275747490775 6.857385832175211e-14
  outer loop
    vertex 342.00386082107013 -540.0658919043603 97.70000000018094
    vertex 342.59295210687475 -537.9371895235564 105.7000000001762
    vertex 342.0038608210696 -540.0658919043603 105.7000000001762
  endloop
endfacet
facet normal 0.9637760657954374 -0.26671275747490775 6.857385832175211e-14
  outer loop
    vertex 342.59295210687475 -537.9371895235564 105.7000000001762
    vertex 342.00386082107013 -540.0658919043603 97.70000000018094
    vertex 342.5929521068752 -537.9371895235564 97.70000000018094
  endloop
endfacet
facet normal 0.9637760657954381 0.2667127574749051 6.688290219340645e-14
  outer loop
    vertex 342.5929521068752 -564.062810476458 97.70000000018095
    vertex 342.0038608210696 -561.9341080956541 105.7000000001762
    vertex 342.59295210687475 -564.062810476458 105.7000000001762
  endloop
endfacet
facet normal 0.9637760657954381 0.2667127574749051 6.688290219340645e-14
  outer loop
    vertex 342.0038608210696 -561.9341080956541 105.7000000001762
    vertex 342.5929521068752 -564.062810476458 97.70000000018095
    vertex 342.00386082107013 -561.9341080956541 97.70000000018095
  endloop
endfacet
facet normal 0.2191012401568812 -0.975702130038526 -7.30754479171369e-15
  outer loop
    vertex 376.8762027240978 -506.8646623818618 97.70000000018094
    vertex 374.7211591191772 -507.34859360625273 105.70000000017617
    vertex 374.7211591191768 -507.34859360625273 97.70000000018094
  endloop
endfacet
facet normal 0.2191012401568812 -0.975702130038526 -7.30754479171369e-15
  outer loop
    vertex 374.7211591191772 -507.34859360625273 105.70000000017617
    vertex 376.8762027240978 -506.8646623818618 97.70000000018094
    vertex 376.87620272409794 -506.8646623818618 105.70000000017617
  endloop
endfacet
facet normal 0.8932243011955416 0.4496113296545546 6.098293515716108e-14
  outer loop
    vertex 345.9688103191484 -572.212853157177 97.70000000018096
    vertex 344.9757490242692 -570.2399792043699 105.7000000001762
    vertex 345.96881031914796 -572.212853157177 105.7000000001762
  endloop
endfacet
facet normal 0.8932243011955416 0.4496113296545546 6.098293515716108e-14
  outer loop
    vertex 344.9757490242692 -570.2399792043699 105.7000000001762
    vertex 345.9688103191484 -572.212853157177 97.70000000018096
    vertex 344.9757490242697 -570.2399792043699 97.70000000018095
  endloop
endfacet
facet normal -0.02454122852290975 -0.9996988186962042 1.2804775830956427e-15
  outer loop
    vertex 387.86331255955724 -506.05420447077444 97.70000000018094
    vertex 385.655267214824 -506.0000000000072 105.70000000017617
    vertex 385.6552672148236 -506.0000000000072 97.70000000018094
  endloop
endfacet
facet normal -0.02454122852290975 -0.9996988186962042 1.2804775830956427e-15
  outer loop
    vertex 385.655267214824 -506.0000000000072 105.70000000017617
    vertex 387.86331255955724 -506.05420447077444 97.70000000018094
    vertex 387.86331255955747 -506.05420447077444 105.70000000017617
  endloop
endfacet
facet normal 0.2667127574748928 -0.9637760657954414 -8.991580524272192e-15
  outer loop
    vertex 374.7211591191768 -507.34859360625273 97.70000000018094
    vertex 372.592456738373 -507.93768489205786 105.70000000017617
    vertex 372.5924567383727 -507.93768489205786 97.70000000018094
  endloop
endfacet
facet normal 0.2667127574748928 -0.9637760657954414 -8.991580524272192e-15
  outer loop
    vertex 372.592456738373 -507.93768489205786 105.70000000017617
    vertex 374.7211591191768 -507.34859360625273 97.70000000018094
    vertex 374.7211591191772 -507.34859360625273 105.70000000017617
  endloop
endfacet
facet normal 0.02454122852290654 -0.9996988186962044 -4.480610984402082e-16
  outer loop
    vertex 385.6552672148236 -506.0000000000072 97.70000000018094
    vertex 383.44722187009006 -506.05420447077444 105.70000000017617
    vertex 383.4472218700897 -506.05420447077444 97.70000000018094
  endloop
endfacet
facet normal 0.02454122852290654 -0.9996988186962044 -4.480610984402082e-16
  outer loop
    vertex 383.44722187009006 -506.05420447077444 105.70000000017617
    vertex 385.6552672148236 -506.0000000000072 97.70000000018094
    vertex 385.655267214824 -506.0000000000072 105.70000000017617
  endloop
endfacet
facet normal 0.5349976198870662 -0.8448535652497268 3.8033802374479914e-14
  outer loop
    vertex 360.65460672894227 -513.5838674463928 97.70000000018094
    vertex 362.520643726129 -512.402212549995 105.70000000017617
    vertex 360.6546067289417 -513.5838674463928 105.70000000017617
  endloop
endfacet
facet normal 0.5349976198870662 -0.8448535652497268 3.8033802374479914e-14
  outer loop
    vertex 362.520643726129 -512.402212549995 105.70000000017617
    vertex 360.65460672894227 -513.5838674463928 97.70000000018094
    vertex 362.52064372612966 -512.402212549995 97.70000000018094
  endloop
endfacet
facet normal -0.3826834323650895 -0.9238795325112867 -2.4534983928769268e-14
  outer loop
    vertex 350.15526721482445 -523.6961524227138 97.70000000018094
    vertex 351.6023529442089 -524.2955549577416 105.70000000017617
    vertex 350.155267214824 -523.6961524227138 105.70000000017617
  endloop
endfacet
facet normal -0.3826834323650895 -0.9238795325112867 -2.4534983928769268e-14
  outer loop
    vertex 351.6023529442089 -524.2955549577416 105.70000000017617
    vertex 350.15526721482445 -523.6961524227138 97.70000000018094
    vertex 351.60235294420943 -524.2955549577416 97.70000000018094
  endloop
endfacet
facet normal -0.21910124015685314 -0.9757021300385322 8.117646051726225e-15
  outer loop
    vertex 396.58937531047053 -507.34859360625273 97.70000000018094
    vertex 394.43433170554954 -506.8646623818618 105.70000000017617
    vertex 394.4343317055494 -506.8646623818618 97.70000000018094
  endloop
endfacet
facet normal -0.21910124015685314 -0.9757021300385322 8.117646051726225e-15
  outer loop
    vertex 394.43433170554954 -506.8646623818618 105.70000000017617
    vertex 396.58937531047053 -507.34859360625273 97.70000000018094
    vertex 396.58937531047076 -507.34859360625273 105.70000000017617
  endloop
endfacet
facet normal -0.9852776423889503 0.1709618887602498 3.425090959680761e-14
  outer loop
    vertex 430.1682101632387 -557.6028713504984 97.70000000018095
    vertex 429.79060483296934 -559.7790644907329 105.7000000001762
    vertex 430.16821016323894 -557.6028713504984 105.7000000001762
  endloop
endfacet
facet normal -0.9852776423889503 0.1709618887602498 3.425090959680761e-14
  outer loop
    vertex 429.79060483296934 -559.7790644907329 105.7000000001762
    vertex 430.1682101632387 -557.6028713504984 97.70000000018095
    vertex 429.79060483296917 -559.7790644907329 97.70000000018095
  endloop
endfacet
facet normal -0.9914448613738098 -0.13052619222005535 3.4968772153649034e-14
  outer loop
    vertex 412.15526721482365 -518.5000000000072 97.70000000018094
    vertex 412.35971225708954 -520.0529142706223 105.70000000017617
    vertex 412.15526721482394 -518.5000000000072 105.70000000017617
  endloop
endfacet
facet normal -0.9914448613738098 -0.13052619222005535 3.4968772153649034e-14
  outer loop
    vertex 412.35971225708954 -520.0529142706223 105.70000000017617
    vertex 412.15526721482365 -518.5000000000072 97.70000000018094
    vertex 412.35971225708926 -520.0529142706223 97.70000000018094
  endloop
endfacet
facet normal -0.9238795325112997 0.3826834323650583 3.2376975238481896e-14
  outer loop
    vertex 412.95911479211696 -515.5000000000072 97.70000000018094
    vertex 412.35971225708954 -516.947085729392 105.70000000017617
    vertex 412.95911479211725 -515.5000000000072 105.70000000017617
  endloop
endfacet
facet normal -0.9238795325112997 0.3826834323650583 3.2376975238481896e-14
  outer loop
    vertex 412.35971225708954 -516.947085729392 105.70000000017617
    vertex 412.95911479211696 -515.5000000000072 97.70000000018094
    vertex 412.35971225708926 -516.947085729392 97.70000000018094
  endloop
endfacet
facet normal -0.4928981922297924 -0.8700869911087065 1.772066010809588e-14
  outer loop
    vertex 408.78989070351855 -512.402212549995 97.70000000018094
    vertex 406.86812037199377 -511.31354310433125 105.70000000017617
    vertex 406.8681203719936 -511.31354310433125 97.70000000018094
  endloop
endfacet
facet normal -0.4928981922297924 -0.8700869911087065 1.772066010809588e-14
  outer loop
    vertex 406.86812037199377 -511.31354310433125 105.70000000017617
    vertex 408.78989070351855 -512.402212549995 97.70000000018094
    vertex 408.78989070351884 -512.402212549995 105.70000000017617
  endloop
endfacet
facet normal -0.40524131400500696 -0.9142097557035233 1.465201441867864e-14
  outer loop
    vertex 404.89524641918626 -510.3204818094523 97.70000000018094
    vertex 402.876021671253 -509.4254210369993 105.70000000017617
    vertex 402.8760216712526 -509.4254210369993 97.70000000018094
  endloop
endfacet
facet normal -0.40524131400500696 -0.9142097557035233 1.465201441867864e-14
  outer loop
    vertex 402.876021671253 -509.4254210369993 105.70000000017617
    vertex 404.89524641918626 -510.3204818094523 97.70000000018094
    vertex 404.89524641918666 -510.3204818094523 105.70000000017617
  endloop
endfacet
facet normal -0.13052619222006753 0.9914448613738083 -4.1277184227881185e-16
  outer loop
    vertex 418.672905305029 -520.4318516525854 105.70000000017617
    vertex 418.15526721482405 -520.5000000000073 99.70000000018175
    vertex 418.15526721482405 -520.5000000000073 105.70000000017617
  endloop
endfacet
facet normal -0.13052619222006753 0.9914448613738083 -4.1277184227881185e-16
  outer loop
    vertex 418.15526721482405 -520.5000000000073 99.70000000018175
    vertex 418.672905305029 -520.4318516525854 105.70000000017617
    vertex 418.672905305029 -520.4318516525854 99.70000000018175
  endloop
endfacet
facet normal -0.7933533402914945 0.6087614290083827 2.7685049292557323e-14
  outer loop
    vertex 413.08206380892034 -515.3397697217431 97.70000000018094
    vertex 412.95911479211725 -515.5000000000072 105.70000000017617
    vertex 413.08206380892057 -515.3397697217431 105.70000000017617
  endloop
endfacet
facet normal -0.7933533402914945 0.6087614290083827 2.7685049292557323e-14
  outer loop
    vertex 412.95911479211725 -515.5000000000072 105.70000000017617
    vertex 413.08206380892034 -515.3397697217431 97.70000000018094
    vertex 412.95911479211696 -515.5000000000072 97.70000000018094
  endloop
endfacet
facet normal -0.9238795325112347 0.3826834323652156 -1.5932398415791728e-16
  outer loop
    vertex 420.0871188674023 -519.0176380902122 99.70000000018175
    vertex 419.88731802239306 -519.5000000000072 105.70000000017617
    vertex 420.0871188674023 -519.0176380902122 105.70000000017617
  endloop
endfacet
facet normal -0.9238795325112347 0.3826834323652156 -1.5932398415791728e-16
  outer loop
    vertex 419.88731802239306 -519.5000000000072 105.70000000017617
    vertex 420.0871188674023 -519.0176380902122 99.70000000018175
    vertex 419.88731802239306 -519.5000000000072 99.70000000018175
  endloop
endfacet
facet normal 0.13052619222003206 -0.991444861373813 -2.002364420145906e-15
  outer loop
    vertex 419.7081814854388 -524.2955549577416 97.70000000018094
    vertex 418.15526721482377 -524.5000000000072 105.70000000017617
    vertex 418.1552672148236 -524.5000000000073 97.70000000018094
  endloop
endfacet
facet normal 0.13052619222003206 -0.991444861373813 -2.002364420145906e-15
  outer loop
    vertex 418.15526721482377 -524.5000000000072 105.70000000017617
    vertex 419.7081814854388 -524.2955549577416 97.70000000018094
    vertex 419.7081814854391 -524.2955549577416 105.70000000017617
  endloop
endfacet
facet normal -0.9238795325112448 -0.3826834323651912 1.5817511512157133e-16
  outer loop
    vertex 419.88731802239306 -517.5000000000072 99.70000000018175
    vertex 420.0871188674023 -517.9823619098022 105.70000000017617
    vertex 419.88731802239306 -517.5000000000072 105.70000000017617
  endloop
endfacet
facet normal -0.9238795325112448 -0.3826834323651912 1.5817511512157133e-16
  outer loop
    vertex 420.0871188674023 -517.9823619098022 105.70000000017617
    vertex 419.88731802239306 -517.5000000000072 99.70000000018175
    vertex 420.0871188674023 -517.9823619098022 99.70000000018175
  endloop
endfacet
facet normal -0.13052619222005593 -0.9914448613738098 7.19043171979391e-15
  outer loop
    vertex 418.1552672148236 -524.5000000000073 97.70000000018094
    vertex 416.60235294420875 -524.2955549577416 105.70000000017617
    vertex 416.60235294420846 -524.2955549577416 97.70000000018094
  endloop
endfacet
facet normal -0.13052619222005593 -0.9914448613738098 7.19043171979391e-15
  outer loop
    vertex 416.60235294420875 -524.2955549577416 105.70000000017617
    vertex 418.1552672148236 -524.5000000000073 97.70000000018094
    vertex 418.15526721482377 -524.5000000000072 105.70000000017617
  endloop
endfacet
facet normal 0.3826834323650895 -0.9238795325112867 -1.1058007521322899e-14
  outer loop
    vertex 421.1552672148236 -523.6961524227138 97.70000000018094
    vertex 419.7081814854391 -524.2955549577416 105.70000000017617
    vertex 419.7081814854388 -524.2955549577416 97.70000000018094
  endloop
endfacet
facet normal 0.3826834323650895 -0.9238795325112867 -1.1058007521322899e-14
  outer loop
    vertex 419.7081814854391 -524.2955549577416 105.70000000017617
    vertex 421.1552672148236 -523.6961524227138 97.70000000018094
    vertex 421.155267214824 -523.6961524227138 105.70000000017617
  endloop
endfacet
facet normal 0.07356456359967407 -0.9972904566786895 -2.1755203615451283e-15
  outer loop
    vertex 383.4472218700897 -506.05420447077444 97.70000000018094
    vertex 381.2444958999938 -506.21668729975835 105.70000000017617
    vertex 381.24449589999347 -506.21668729975835 97.70000000018094
  endloop
endfacet
facet normal 0.07356456359967407 -0.9972904566786895 -2.1755203615451283e-15
  outer loop
    vertex 381.2444958999938 -506.21668729975835 105.70000000017617
    vertex 383.4472218700897 -506.05420447077444 97.70000000018094
    vertex 383.44722187009006 -506.05420447077444 105.70000000017617
  endloop
endfacet
facet normal 0.17096188876029172 -0.9852776423889429 -5.610566855843109e-15
  outer loop
    vertex 379.05239586433225 -506.4870570515921 97.70000000018094
    vertex 376.87620272409794 -506.8646623818618 105.70000000017617
    vertex 376.8762027240978 -506.8646623818618 97.70000000018094
  endloop
endfacet
facet normal 0.17096188876029172 -0.9852776423889429 -5.610566855843109e-15
  outer loop
    vertex 376.87620272409794 -506.8646623818618 105.70000000017617
    vertex 379.05239586433225 -506.4870570515921 97.70000000018094
    vertex 379.0523958643326 -506.4870570515921 105.70000000017617
  endloop
endfacet
facet normal -0.31368174039887686 -0.9495281805930414 1.1442261820802276e-14
  outer loop
    vertex 400.8153106174734 -508.63051706677123 97.70000000018094
    vertex 398.7180776912747 -507.93768489205786 105.70000000017617
    vertex 398.71807769127435 -507.93768489205786 97.70000000018094
  endloop
endfacet
facet normal -0.31368174039887686 -0.9495281805930414 1.1442261820802276e-14
  outer loop
    vertex 398.7180776912747 -507.93768489205786 105.70000000017617
    vertex 400.8153106174734 -508.63051706677123 97.70000000018094
    vertex 400.81531061747376 -508.63051706677123 105.70000000017617
  endloop
endfacet
facet normal -0.9914448613738098 0.13052619222005535 3.486008726570952e-14
  outer loop
    vertex 412.35971225708926 -516.947085729392 97.70000000018094
    vertex 412.15526721482394 -518.5000000000072 105.70000000017617
    vertex 412.35971225708954 -516.947085729392 105.70000000017617
  endloop
endfacet
facet normal -0.9914448613738098 0.13052619222005535 3.486008726570952e-14
  outer loop
    vertex 412.15526721482394 -518.5000000000072 105.70000000017617
    vertex 412.35971225708926 -516.947085729392 97.70000000018094
    vertex 412.15526721482365 -518.5000000000072 97.70000000018094
  endloop
endfacet
facet normal -0.9329927988347414 -0.35989503653498184 3.379683404898054e-14
  outer loop
    vertex 427.22984617783146 -533.7792455435781 97.70000000018094
    vertex 428.02475014805975 -535.8399565973574 105.7000000001762
    vertex 427.2298461778317 -533.7792455435781 105.70000000017617
  endloop
endfacet
facet normal -0.9329927988347414 -0.35989503653498184 3.379683404898054e-14
  outer loop
    vertex 428.02475014805975 -535.8399565973574 105.7000000001762
    vertex 427.22984617783146 -533.7792455435781 97.70000000018094
    vertex 428.02475014805947 -535.8399565973574 97.70000000018094
  endloop
endfacet
facet normal 0.9238795325112998 0.38268343236505825 6.49083536657159e-14
  outer loop
    vertex 358.9508221725589 -516.947085729392 97.70000000018094
    vertex 358.3514196375306 -515.5000000000072 105.70000000017617
    vertex 358.95082217255833 -516.947085729392 105.70000000017617
  endloop
endfacet
facet normal 0.9238795325112998 0.38268343236505825 6.49083536657159e-14
  outer loop
    vertex 358.3514196375306 -515.5000000000072 105.70000000017617
    vertex 358.9508221725589 -516.947085729392 97.70000000018094
    vertex 358.3514196375312 -515.5000000000072 97.70000000018094
  endloop
endfacet
facet normal -0.35989503653497334 -0.9329927988347445 1.306287292226103e-14
  outer loop
    vertex 402.8760216712526 -509.4254210369993 97.70000000018094
    vertex 400.81531061747376 -508.63051706677123 105.70000000017617
    vertex 400.8153106174734 -508.63051706677123 97.70000000018094
  endloop
endfacet
facet normal -0.35989503653497334 -0.9329927988347445 1.306287292226103e-14
  outer loop
    vertex 400.81531061747376 -508.63051706677123 105.70000000017617
    vertex 402.8760216712526 -509.4254210369993 97.70000000018094
    vertex 402.876021671253 -509.4254210369993 105.70000000017617
  endloop
endfacet
facet normal 0.6152315905806186 -0.7883464276266128 4.366148190221926e-14
  outer loop
    vertex 358.2284706207276 -515.3397697217431 97.70000000018094
    vertex 358.84879851266425 -514.8556610833782 105.70000000017617
    vertex 358.22847062072697 -515.3397697217431 105.70000000017617
  endloop
endfacet
facet normal 0.6152315905806186 -0.7883464276266128 4.366148190221926e-14
  outer loop
    vertex 358.84879851266425 -514.8556610833782 105.70000000017617
    vertex 358.2284706207276 -515.3397697217431 97.70000000018094
    vertex 358.8487985126648 -514.8556610833782 97.70000000018094
  endloop
endfacet
facet normal 0.9914448613738098 0.13052619222005535 6.977451697538879e-14
  outer loop
    vertex 359.15526721482456 -518.5000000000072 97.70000000018094
    vertex 358.95082217255833 -516.947085729392 105.70000000017617
    vertex 359.1552672148239 -518.5000000000072 105.70000000017617
  endloop
endfacet
facet normal 0.9914448613738098 0.13052619222005535 6.977451697538879e-14
  outer loop
    vertex 358.95082217255833 -516.947085729392 105.70000000017617
    vertex 359.15526721482456 -518.5000000000072 97.70000000018094
    vertex 358.9508221725589 -516.947085729392 97.70000000018094
  endloop
endfacet
facet normal 0.1224106751992166 -0.99247953459871 -3.897738605545349e-15
  outer loop
    vertex 381.24449589999347 -506.21668729975835 97.70000000018094
    vertex 379.0523958643326 -506.4870570515921 105.70000000017617
    vertex 379.05239586433225 -506.4870570515921 97.70000000018094
  endloop
endfacet
facet normal 0.1224106751992166 -0.99247953459871 -3.897738605545349e-15
  outer loop
    vertex 379.0523958643326 -506.4870570515921 105.70000000017617
    vertex 381.24449589999347 -506.21668729975835 97.70000000018094
    vertex 381.2444958999938 -506.21668729975835 105.70000000017617
  endloop
endfacet
facet normal -0.9238795325113032 -0.38268343236505026 3.2690702411391994e-14
  outer loop
    vertex 412.35971225708926 -520.0529142706223 97.70000000018094
    vertex 412.95911479211725 -521.5000000000072 105.70000000017617
    vertex 412.35971225708954 -520.0529142706223 105.70000000017617
  endloop
endfacet
facet normal -0.9238795325113032 -0.38268343236505026 3.2690702411391994e-14
  outer loop
    vertex 412.95911479211725 -521.5000000000072 105.70000000017617
    vertex 412.35971225708926 -520.0529142706223 97.70000000018094
    vertex 412.95911479211696 -521.5000000000072 97.70000000018094
  endloop
endfacet
facet normal -0.5349976198871251 -0.8448535652496892 1.91927716648502e-14
  outer loop
    vertex 410.65592770070555 -513.5838674463928 97.70000000018094
    vertex 408.78989070351884 -512.402212549995 105.70000000017617
    vertex 408.78989070351855 -512.402212549995 97.70000000018094
  endloop
endfacet
facet normal -0.5349976198871251 -0.8448535652496892 1.91927716648502e-14
  outer loop
    vertex 408.78989070351884 -512.402212549995 105.70000000017617
    vertex 410.65592770070555 -513.5838674463928 97.70000000018094
    vertex 410.6559277007058 -513.5838674463928 105.70000000017617
  endloop
endfacet
facet normal -0.7933533402912568 -0.6087614290086926 3.003512632773013e-14
  outer loop
    vertex 412.95911479211696 -521.5000000000072 97.70000000018094
    vertex 413.91262652770456 -522.7426406871265 105.70000000017617
    vertex 412.95911479211725 -521.5000000000072 105.70000000017617
  endloop
endfacet
facet normal -0.7933533402912568 -0.6087614290086926 3.003512632773013e-14
  outer loop
    vertex 413.91262652770456 -522.7426406871265 105.70000000017617
    vertex 412.95911479211696 -521.5000000000072 97.70000000018094
    vertex 413.9126265277044 -522.7426406871265 97.70000000018094
  endloop
endfacet
facet normal -0.7933533402912568 -0.6087614290086926 3.003512632773013e-14
  outer loop
    vertex 413.9126265277044 -522.7426406871265 97.70000000018094
    vertex 412.95911479211696 -521.5000000000072 97.70000000018094
    vertex 413.763018693751 -522.5476679619428 97.70000000017761
  endloop
endfacet
facet normal -0.13052619222006726 -0.9914448613738082 4.1277184227881185e-16
  outer loop
    vertex 418.672905305029 -516.5681483474291 99.70000000018175
    vertex 418.15526721482405 -516.5000000000072 105.70000000017617
    vertex 418.15526721482405 -516.5000000000072 99.70000000018175
  endloop
endfacet
facet normal -0.13052619222006726 -0.9914448613738082 4.1277184227881185e-16
  outer loop
    vertex 418.15526721482405 -516.5000000000072 105.70000000017617
    vertex 418.672905305029 -516.5681483474291 99.70000000018175
    vertex 418.672905305029 -516.5681483474291 105.70000000017617
  endloop
endfacet
facet normal -0.3826834323650895 -0.9238795325112867 1.5891868773180414e-14
  outer loop
    vertex 416.60235294420846 -524.2955549577416 97.70000000018094
    vertex 415.1552672148239 -523.6961524227138 105.70000000017617
    vertex 415.15526721482354 -523.6961524227138 97.70000000018094
  endloop
endfacet
facet normal -0.3826834323650895 -0.9238795325112867 1.5891868773180414e-14
  outer loop
    vertex 415.1552672148239 -523.6961524227138 105.70000000017617
    vertex 416.60235294420846 -524.2955549577416 97.70000000018094
    vertex 416.60235294420875 -524.2955549577416 105.70000000017617
  endloop
endfacet
facet normal 0.38268343236521973 -0.923879532511233 3.8464212336521124e-16
  outer loop
    vertex 417.637629124619 -581.5681483474291 99.70000000018176
    vertex 417.1552672148243 -581.7679491924384 105.70000000017606
    vertex 417.1552672148243 -581.7679491924384 99.70000000018176
  endloop
endfacet
facet normal 0.38268343236521973 -0.923879532511233 3.8464212336521124e-16
  outer loop
    vertex 417.1552672148243 -581.7679491924384 105.70000000017606
    vertex 417.637629124619 -581.5681483474291 99.70000000018176
    vertex 417.637629124619 -581.5681483474291 105.70000000017606
  endloop
endfacet
facet normal -0.07356456359966454 -0.9972904566786905 3.005931481977507e-15
  outer loop
    vertex 390.0660385296539 -506.21668729975835 97.70000000018094
    vertex 387.86331255955747 -506.05420447077444 105.70000000017617
    vertex 387.86331255955724 -506.05420447077444 97.70000000018094
  endloop
endfacet
facet normal -0.07356456359966454 -0.9972904566786905 3.005931481977507e-15
  outer loop
    vertex 387.86331255955747 -506.05420447077444 105.70000000017617
    vertex 390.0660385296539 -506.21668729975835 97.70000000018094
    vertex 390.0660385296541 -506.21668729975835 105.70000000017617
  endloop
endfacet
facet normal -0.38268343236502794 0.9238795325113124 -3.8464212336524427e-16
  outer loop
    vertex 419.15526721482405 -520.2320508075761 105.70000000017617
    vertex 418.672905305029 -520.4318516525854 99.70000000018175
    vertex 418.672905305029 -520.4318516525854 105.70000000017617
  endloop
endfacet
facet normal -0.38268343236502794 0.9238795325113124 -3.8464212336524427e-16
  outer loop
    vertex 418.672905305029 -520.4318516525854 99.70000000018175
    vertex 419.15526721482405 -520.2320508075761 105.70000000017617
    vertex 419.15526721482405 -520.2320508075761 99.70000000018175
  endloop
endfacet
facet normal 0.98527764238895 -0.1709618887602512 6.984447296963164e-14
  outer loop
    vertex 341.14232426640945 -544.3971286495159 97.70000000018095
    vertex 341.51992959667854 -542.2209355092815 105.7000000001762
    vertex 341.1423242664089 -544.3971286495159 105.7000000001762
  endloop
endfacet
facet normal 0.98527764238895 -0.1709618887602512 6.984447296963164e-14
  outer loop
    vertex 341.51992959667854 -542.2209355092815 105.7000000001762
    vertex 341.14232426640945 -544.3971286495159 97.70000000018095
    vertex 341.51992959667916 -542.2209355092815 97.70000000018095
  endloop
endfacet
facet normal -0.8175848131515816 0.5758081914178483 2.6332759568505648e-14
  outer loop
    vertex 423.07139976843837 -576.0006604858893 97.70000000018096
    vertex 421.799606131453 -577.8064687021666 105.7000000001762
    vertex 423.07139976843854 -576.0006604858893 105.7000000001762
  endloop
endfacet
facet normal -0.8175848131515816 0.5758081914178483 2.6332759568505648e-14
  outer loop
    vertex 421.799606131453 -577.8064687021666 105.7000000001762
    vertex 423.07139976843837 -576.0006604858893 97.70000000018096
    vertex 421.79960613145283 -577.8064687021667 97.70000000018096
  endloop
endfacet
facet normal -0.8932243011955432 -0.44961132965455125 3.262577386870137e-14
  outer loop
    vertex 425.3417241104996 -529.7871468428373 97.70000000018094
    vertex 426.3347854053789 -531.7600207956444 105.70000000017617
    vertex 425.34172411049997 -529.7871468428373 105.70000000017617
  endloop
endfacet
facet normal -0.8932243011955432 -0.44961132965455125 3.262577386870137e-14
  outer loop
    vertex 426.3347854053789 -531.7600207956444 105.70000000017617
    vertex 425.3417241104996 -529.7871468428373 97.70000000018094
    vertex 426.3347854053785 -531.7600207956444 97.70000000018094
  endloop
endfacet
facet normal 0.6087614290086995 0.7933533402912514 4.344271413765899e-14
  outer loop
    vertex 357.39790790194337 -579.2573593128878 105.70000000017606
    vertex 356.15526721482456 -578.3038475773005 97.70000000018096
    vertex 356.15526721482405 -578.3038475773005 105.70000000017606
  endloop
endfacet
facet normal 0.6087614290086995 0.7933533402912514 4.344271413765899e-14
  outer loop
    vertex 356.15526721482456 -578.3038475773005 97.70000000018096
    vertex 357.39790790194337 -579.2573593128878 105.70000000017606
    vertex 357.20293517676004 -579.1077514789345 97.70000000017764
  endloop
endfacet
facet normal 0.6087614290086995 0.7933533402912514 4.344271413765899e-14
  outer loop
    vertex 357.20293517676004 -579.1077514789345 97.70000000017764
    vertex 357.39790790194337 -579.2573593128878 105.70000000017606
    vertex 357.39790790194394 -579.257359312888 97.70000000018096
  endloop
endfacet
facet normal -0.9914448613738098 -0.13052619222005596 3.532750185252355e-14
  outer loop
    vertex 412.1552672148235 -583.5000000000073 97.70000000018096
    vertex 412.35971225708926 -585.0529142706224 105.70000000017606
    vertex 412.15526721482365 -583.5000000000072 105.70000000017606
  endloop
endfacet
facet normal -0.9914448613738098 -0.13052619222005596 3.532750185252355e-14
  outer loop
    vertex 412.35971225708926 -585.0529142706224 105.70000000017606
    vertex 412.1552672148235 -583.5000000000073 97.70000000018096
    vertex 412.359712257089 -585.0529142706224 97.70000000018096
  endloop
endfacet
facet normal -0.13052619222006726 0.9914448613738082 3.660538158248736e-16
  outer loop
    vertex 416.60235294420875 -577.7044450422727 105.70000000017606
    vertex 418.1552672148236 -577.5000000000073 97.70000000018096
    vertex 416.60235294420846 -577.7044450422728 97.70000000018096
  endloop
endfacet
facet normal -0.13052619222006726 0.9914448613738082 3.660538158248736e-16
  outer loop
    vertex 418.1552672148236 -577.5000000000073 97.70000000018096
    vertex 416.60235294420875 -577.7044450422727 105.70000000017606
    vertex 418.15526721482377 -577.5000000000072 105.70000000017606
  endloop
endfacet
facet normal -0.9757021300385121 0.21910124015694332 3.378932102230529e-14
  outer loop
    vertex 429.79060483296917 -559.7790644907329 97.70000000018095
    vertex 429.3066736085783 -561.9341080956541 105.7000000001762
    vertex 429.79060483296934 -559.7790644907329 105.7000000001762
  endloop
endfacet
facet normal -0.9757021300385121 0.21910124015694332 3.378932102230529e-14
  outer loop
    vertex 429.3066736085783 -561.9341080956541 105.7000000001762
    vertex 429.79060483296917 -559.7790644907329 97.70000000018095
    vertex 429.30667360857797 -561.9341080956541 97.70000000018095
  endloop
endfacet
facet normal -0.8448535652496858 -0.534997619887131 3.1145478985765546e-14
  outer loop
    vertex 423.07139976843797 -525.9993395141252 97.70000000018094
    vertex 424.25305466483616 -527.8653765113122 105.70000000017617
    vertex 423.07139976843837 -525.9993395141252 105.70000000017617
  endloop
endfacet
facet normal -0.8448535652496858 -0.534997619887131 3.1145478985765546e-14
  outer loop
    vertex 424.25305466483616 -527.8653765113122 105.70000000017617
    vertex 423.07139976843797 -525.9993395141252 97.70000000018094
    vertex 424.2530546648358 -527.8653765113122 97.70000000018094
  endloop
endfacet
facet normal -0.9924795345987151 0.1224106751991743 3.462996238998322e-14
  outer loop
    vertex 430.43857991507247 -555.4107713148373 97.70000000018095
    vertex 430.16821016323894 -557.6028713504984 105.7000000001762
    vertex 430.43857991507264 -555.4107713148373 105.7000000001762
  endloop
endfacet
facet normal -0.9924795345987151 0.1224106751991743 3.462996238998322e-14
  outer loop
    vertex 430.16821016323894 -557.6028713504984 105.7000000001762
    vertex 430.43857991507247 -555.4107713148373 97.70000000018095
    vertex 430.1682101632387 -557.6028713504984 97.70000000018095
  endloop
endfacet
facet normal -0.817584813151643 -0.5758081914177609 3.029620004969735e-14
  outer loop
    vertex 421.79960613145283 -524.1935312978477 97.70000000018094
    vertex 423.07139976843837 -525.9993395141252 105.70000000017617
    vertex 421.799606131453 -524.1935312978477 105.70000000017617
  endloop
endfacet
facet normal -0.817584813151643 -0.5758081914177609 3.029620004969735e-14
  outer loop
    vertex 423.07139976843837 -525.9993395141252 105.70000000017617
    vertex 421.79960613145283 -524.1935312978477 97.70000000018094
    vertex 423.07139976843797 -525.9993395141252 97.70000000018094
  endloop
endfacet
facet normal 0.8448535652496858 0.5349976198871308 5.722188638115354e-14
  outer loop
    vertex 348.23913466121024 -576.0006604858893 97.70000000018096
    vertex 347.05747976481194 -574.1346234887021 105.7000000001762
    vertex 348.23913466120973 -576.0006604858893 105.7000000001762
  endloop
endfacet
facet normal 0.8448535652496858 0.5349976198871308 5.722188638115354e-14
  outer loop
    vertex 347.05747976481194 -574.1346234887021 105.7000000001762
    vertex 348.23913466121024 -576.0006604858893 97.70000000018096
    vertex 347.0574797648124 -574.1346234887021 97.70000000018096
  endloop
endfacet
facet normal -0.99729045667869 0.07356456359967173 3.492756449937282e-14
  outer loop
    vertex 430.60106274405626 -553.2080453447411 97.70000000018095
    vertex 430.43857991507264 -555.4107713148373 105.7000000001762
    vertex 430.60106274405666 -553.2080453447411 105.7000000001762
  endloop
endfacet
facet normal -0.99729045667869 0.07356456359967173 3.492756449937282e-14
  outer loop
    vertex 430.43857991507264 -555.4107713148373 105.7000000001762
    vertex 430.60106274405626 -553.2080453447411 97.70000000018095
    vertex 430.43857991507247 -555.4107713148373 97.70000000018095
  endloop
endfacet
facet normal 0.35989503653501737 0.9329927988347275 -1.460336669890862e-14
  outer loop
    vertex 368.434512758395 -592.5745789630151 105.70000000017622
    vertex 370.49522381217355 -593.3694829332431 97.70000000018096
    vertex 368.4345127583946 -592.5745789630151 97.70000000018096
  endloop
endfacet
facet normal 0.35989503653501737 0.9329927988347275 -1.460336669890862e-14
  outer loop
    vertex 370.49522381217355 -593.3694829332431 97.70000000018096
    vertex 368.434512758395 -592.5745789630151 105.70000000017622
    vertex 370.4952238121738 -593.3694829332431 105.70000000017622
  endloop
endfacet
facet normal -0.2667127574749188 0.9637760657954342 1.1111630756620958e-14
  outer loop
    vertex 396.58937531047076 -594.6514063937616 105.70000000017622
    vertex 398.71807769127435 -594.0623151079566 97.70000000018096
    vertex 396.58937531047053 -594.6514063937616 97.70000000018096
  endloop
endfacet
facet normal -0.2667127574749188 0.9637760657954342 1.1111630756620958e-14
  outer loop
    vertex 398.71807769127435 -594.0623151079566 97.70000000018096
    vertex 396.58937531047076 -594.6514063937616 105.70000000017622
    vertex 398.7180776912747 -594.0623151079566 105.70000000017622
  endloop
endfacet
facet normal -0.9637760657954381 0.2667127574749051 3.294981424301336e-14
  outer loop
    vertex 429.30667360857797 -561.9341080956541 97.70000000018095
    vertex 428.71758232277324 -564.062810476458 105.7000000001762
    vertex 429.3066736085783 -561.9341080956541 105.7000000001762
  endloop
endfacet
facet normal -0.9637760657954381 0.2667127574749051 3.294981424301336e-14
  outer loop
    vertex 428.71758232277324 -564.062810476458 105.7000000001762
    vertex 429.30667360857797 -561.9341080956541 97.70000000018095
    vertex 428.71758232277284 -564.062810476458 97.70000000018095
  endloop
endfacet
facet normal -0.49289819222977993 0.8700869911087136 1.5564173416293302e-14
  outer loop
    vertex 406.86812037199377 -590.6864568956831 105.7000000001762
    vertex 408.78989070351855 -589.5977874500195 97.70000000018096
    vertex 406.8681203719936 -590.6864568956831 97.70000000018096
  endloop
endfacet
facet normal -0.49289819222977993 0.8700869911087136 1.5564173416293302e-14
  outer loop
    vertex 408.78989070351855 -589.5977874500195 97.70000000018096
    vertex 406.86812037199377 -590.6864568956831 105.7000000001762
    vertex 408.78989070351884 -589.5977874500194 105.7000000001762
  endloop
endfacet
facet normal -0.8700869911086767 -0.4928981922298456 3.192871466408727e-14
  outer loop
    vertex 424.2530546648358 -527.8653765113122 97.70000000018094
    vertex 425.34172411049997 -529.7871468428373 105.70000000017617
    vertex 424.25305466483616 -527.8653765113122 105.70000000017617
  endloop
endfacet
facet normal -0.8700869911086767 -0.4928981922298456 3.192871466408727e-14
  outer loop
    vertex 425.34172411049997 -529.7871468428373 105.70000000017617
    vertex 424.2530546648358 -527.8653765113122 97.70000000018094
    vertex 425.3417241104996 -529.7871468428373 97.70000000018094
  endloop
endfacet
facet normal -0.7883464276265679 -0.6152315905806758 2.9368512979650186e-14
  outer loop
    vertex 421.3154974930878 -523.5732034059104 97.70000000018094
    vertex 421.799606131453 -524.1935312978477 105.70000000017617
    vertex 421.31549749308806 -523.5732034059104 105.70000000017617
  endloop
endfacet
facet normal -0.7883464276265679 -0.6152315905806758 2.9368512979650186e-14
  outer loop
    vertex 421.799606131453 -524.1935312978477 105.70000000017617
    vertex 421.3154974930878 -523.5732034059104 97.70000000018094
    vertex 421.79960613145283 -524.1935312978477 97.70000000018094
  endloop
endfacet
facet normal -0.31368174039887775 0.949528180593041 1.0912077194318494e-14
  outer loop
    vertex 398.7180776912747 -594.0623151079566 105.70000000017622
    vertex 400.8153106174734 -593.3694829332431 97.70000000018096
    vertex 398.71807769127435 -594.0623151079566 97.70000000018096
  endloop
endfacet
facet normal -0.31368174039887775 0.949528180593041 1.0912077194318494e-14
  outer loop
    vertex 400.8153106174734 -593.3694829332431 97.70000000018096
    vertex 398.7180776912747 -594.0623151079566 105.70000000017622
    vertex 400.81531061747376 -593.3694829332431 105.70000000017622
  endloop
endfacet
facet normal -0.9924795345987154 -0.12241067519917334 3.5271735385888434e-14
  outer loop
    vertex 430.1682101632387 -544.3971286495159 97.70000000018095
    vertex 430.43857991507264 -546.589228685177 105.7000000001762
    vertex 430.16821016323894 -544.3971286495159 105.7000000001762
  endloop
endfacet
facet normal -0.9924795345987154 -0.12241067519917334 3.5271735385888434e-14
  outer loop
    vertex 430.43857991507264 -546.589228685177 105.7000000001762
    vertex 430.1682101632387 -544.3971286495159 97.70000000018095
    vertex 430.43857991507247 -546.589228685177 97.70000000018095
  endloop
endfacet
facet normal -0.99729045667869 -0.07356456359967173 3.5312464132908006e-14
  outer loop
    vertex 430.43857991507247 -546.589228685177 97.70000000018095
    vertex 430.60106274405666 -548.7919546552733 105.7000000001762
    vertex 430.43857991507264 -546.589228685177 105.7000000001762
  endloop
endfacet
facet normal -0.99729045667869 -0.07356456359967173 3.5312464132908006e-14
  outer loop
    vertex 430.60106274405666 -548.7919546552733 105.7000000001762
    vertex 430.43857991507247 -546.589228685177 97.70000000018095
    vertex 430.60106274405626 -548.7919546552735 97.70000000018095
  endloop
endfacet
facet normal -0.8932243011955447 0.4496113296545482 2.954055878784034e-14
  outer loop
    vertex 426.3347854053785 -570.2399792043699 97.70000000018095
    vertex 425.34172411049997 -572.212853157177 105.7000000001762
    vertex 426.3347854053789 -570.2399792043699 105.7000000001762
  endloop
endfacet
facet normal -0.8932243011955447 0.4496113296545482 2.954055878784034e-14
  outer loop
    vertex 425.34172411049997 -572.212853157177 105.7000000001762
    vertex 426.3347854053785 -570.2399792043699 97.70000000018095
    vertex 425.3417241104996 -572.212853157177 97.70000000018096
  endloop
endfacet
facet normal 0.6087614290087764 -0.7933533402911924 -1.9360630490307265e-14
  outer loop
    vertex 421.3154974930878 -523.5732034059104 97.70000000018094
    vertex 421.155267214824 -523.6961524227138 105.70000000017617
    vertex 421.1552672148236 -523.6961524227138 97.70000000018094
  endloop
endfacet
facet normal 0.6087614290087764 -0.7933533402911924 -1.9360630490307265e-14
  outer loop
    vertex 421.155267214824 -523.6961524227138 105.70000000017617
    vertex 421.3154974930878 -523.5732034059104 97.70000000018094
    vertex 421.31549749308806 -523.5732034059104 105.70000000017617
  endloop
endfacet
facet normal -0.9238795325112347 0.3826834323652156 3.0898814459805185e-14
  outer loop
    vertex 412.95911479211696 -580.5000000000072 97.70000000018096
    vertex 412.35971225708926 -581.947085729392 105.70000000017606
    vertex 412.95911479211725 -580.5000000000072 105.70000000017606
  endloop
endfacet
facet normal -0.9238795325112347 0.3826834323652156 3.0898814459805185e-14
  outer loop
    vertex 412.35971225708926 -581.947085729392 105.70000000017606
    vertex 412.95911479211696 -580.5000000000072 97.70000000018096
    vertex 412.359712257089 -581.9470857293921 97.70000000018096
  endloop
endfacet
facet normal -0.9142097557035269 -0.40524131400499824 3.325373830225502e-14
  outer loop
    vertex 426.3347854053785 -531.7600207956444 97.70000000018094
    vertex 427.2298461778317 -533.7792455435781 105.70000000017617
    vertex 426.3347854053789 -531.7600207956444 105.70000000017617
  endloop
endfacet
facet normal -0.9142097557035269 -0.40524131400499824 3.325373830225502e-14
  outer loop
    vertex 427.2298461778317 -533.7792455435781 105.70000000017617
    vertex 426.3347854053785 -531.7600207956444 97.70000000018094
    vertex 427.22984617783146 -533.7792455435781 97.70000000018094
  endloop
endfacet
facet normal -0.21910124015685314 0.9757021300385322 9.456692030870458e-15
  outer loop
    vertex 394.43433170554954 -595.1353376181526 105.70000000017622
    vertex 396.58937531047053 -594.6514063937616 97.70000000018096
    vertex 394.4343317055494 -595.1353376181524 97.70000000018096
  endloop
endfacet
facet normal -0.21910124015685314 0.9757021300385322 9.456692030870458e-15
  outer loop
    vertex 396.58937531047053 -594.6514063937616 97.70000000018096
    vertex 394.43433170554954 -595.1353376181526 105.70000000017622
    vertex 396.58937531047076 -594.6514063937616 105.70000000017622
  endloop
endfacet
facet normal -0.949528180593043 -0.31368174039887187 3.426266452431467e-14
  outer loop
    vertex 428.02475014805947 -535.8399565973574 97.70000000018094
    vertex 428.71758232277324 -537.9371895235564 105.7000000001762
    vertex 428.02475014805975 -535.8399565973574 105.7000000001762
  endloop
endfacet
facet normal -0.949528180593043 -0.31368174039887187 3.426266452431467e-14
  outer loop
    vertex 428.71758232277324 -537.9371895235564 105.7000000001762
    vertex 428.02475014805947 -535.8399565973574 97.70000000018094
    vertex 428.71758232277284 -537.9371895235564 97.70000000018094
  endloop
endfacet
facet normal -0.9757021300385124 -0.21910124015694135 3.4933354040770015e-14
  outer loop
    vertex 429.30667360857797 -540.0658919043603 97.70000000018094
    vertex 429.79060483296934 -542.2209355092815 105.7000000001762
    vertex 429.3066736085783 -540.0658919043603 105.7000000001762
  endloop
endfacet
facet normal -0.9757021300385124 -0.21910124015694135 3.4933354040770015e-14
  outer loop
    vertex 429.79060483296934 -542.2209355092815 105.7000000001762
    vertex 429.30667360857797 -540.0658919043603 97.70000000018094
    vertex 429.79060483296917 -542.2209355092815 97.70000000018095
  endloop
endfacet
facet normal -0.949528180593044 0.3136817403988694 3.200994840796218e-14
  outer loop
    vertex 428.71758232277284 -564.062810476458 97.70000000018095
    vertex 428.02475014805975 -566.160043402657 105.7000000001762
    vertex 428.71758232277324 -564.062810476458 105.7000000001762
  endloop
endfacet
facet normal -0.949528180593044 0.3136817403988694 3.200994840796218e-14
  outer loop
    vertex 428.02475014805975 -566.160043402657 105.7000000001762
    vertex 428.71758232277284 -564.062810476458 97.70000000018095
    vertex 428.02475014805947 -566.1600434026572 97.70000000018095
  endloop
endfacet
facet normal -0.98527764238895 -0.1709618887602512 3.5147226224068697e-14
  outer loop
    vertex 429.79060483296917 -542.2209355092815 97.70000000018095
    vertex 430.16821016323894 -544.3971286495159 105.7000000001762
    vertex 429.79060483296934 -542.2209355092815 105.7000000001762
  endloop
endfacet
facet normal -0.98527764238895 -0.1709618887602512 3.5147226224068697e-14
  outer loop
    vertex 430.16821016323894 -544.3971286495159 105.7000000001762
    vertex 429.79060483296917 -542.2209355092815 97.70000000018095
    vertex 430.1682101632387 -544.3971286495159 97.70000000018095
  endloop
endfacet
facet normal -0.999698818696204 -0.024541228522923685 3.5268503839447534e-14
  outer loop
    vertex 430.60106274405626 -548.7919546552735 97.70000000018095
    vertex 430.6552672148238 -551.0000000000072 105.7000000001762
    vertex 430.60106274405666 -548.7919546552733 105.7000000001762
  endloop
endfacet
facet normal -0.999698818696204 -0.024541228522923685 3.5268503839447534e-14
  outer loop
    vertex 430.6552672148238 -551.0000000000072 105.7000000001762
    vertex 430.60106274405626 -548.7919546552735 97.70000000018095
    vertex 430.6552672148236 -551.0000000000073 97.70000000018095
  endloop
endfacet
facet normal -0.7883464276265681 0.6152315905806758 2.5133710787257085e-14
  outer loop
    vertex 421.79960613145283 -577.8064687021667 97.70000000018096
    vertex 421.31549749308806 -578.426796594104 105.7000000001762
    vertex 421.799606131453 -577.8064687021666 105.7000000001762
  endloop
endfacet
facet normal -0.7883464276265681 0.6152315905806758 2.5133710787257085e-14
  outer loop
    vertex 421.31549749308806 -578.426796594104 105.7000000001762
    vertex 421.79960613145283 -577.8064687021667 97.70000000018096
    vertex 421.3154974930878 -578.4267965941041 97.70000000018096
  endloop
endfacet
facet normal 0.13052619222004344 0.9914448613738115 -8.827437536710719e-15
  outer loop
    vertex 418.15526721482377 -577.5000000000072 105.70000000017606
    vertex 419.7081814854388 -577.7044450422728 97.70000000018096
    vertex 418.1552672148236 -577.5000000000073 97.70000000018096
  endloop
endfacet
facet normal 0.13052619222004344 0.9914448613738115 -8.827437536710719e-15
  outer loop
    vertex 419.7081814854388 -577.7044450422728 97.70000000018096
    vertex 418.15526721482377 -577.5000000000072 105.70000000017606
    vertex 419.7081814854391 -577.7044450422727 105.70000000017606
  endloop
endfacet
facet normal -0.9238795325112343 -0.3826834323652161 3.33250234694545e-14
  outer loop
    vertex 412.359712257089 -585.0529142706224 97.70000000018096
    vertex 412.95911479211725 -586.5000000000072 105.70000000017606
    vertex 412.35971225708926 -585.0529142706224 105.70000000017606
  endloop
endfacet
facet normal -0.9238795325112343 -0.3826834323652161 3.33250234694545e-14
  outer loop
    vertex 412.95911479211725 -586.5000000000072 105.70000000017606
    vertex 412.359712257089 -585.0529142706224 97.70000000018096
    vertex 412.95911479211696 -586.5000000000072 97.70000000018096
  endloop
endfacet
facet normal -0.9142097557035256 0.40524131400500124 3.04643548712499e-14
  outer loop
    vertex 427.22984617783146 -568.2207544564362 97.70000000018095
    vertex 426.3347854053789 -570.2399792043699 105.7000000001762
    vertex 427.2298461778317 -568.2207544564362 105.7000000001762
  endloop
endfacet
facet normal -0.9142097557035256 0.40524131400500124 3.04643548712499e-14
  outer loop
    vertex 426.3347854053789 -570.2399792043699 105.7000000001762
    vertex 427.22984617783146 -568.2207544564362 97.70000000018095
    vertex 426.3347854053785 -570.2399792043699 97.70000000018095
  endloop
endfacet
facet normal 0.13052619222006726 0.9914448613738082 -4.124472166196984e-16
  outer loop
    vertex 418.15526721482405 -520.5000000000073 105.70000000017617
    vertex 417.637629124619 -520.4318516525854 99.70000000018175
    vertex 417.637629124619 -520.4318516525854 105.70000000017617
  endloop
endfacet
facet normal 0.13052619222006726 0.9914448613738082 -4.124472166196984e-16
  outer loop
    vertex 417.637629124619 -520.4318516525854 99.70000000018175
    vertex 418.15526721482405 -520.5000000000073 105.70000000017617
    vertex 418.15526721482405 -520.5000000000073 99.70000000018175
  endloop
endfacet
facet normal 0.6087614290087764 0.7933533402911924 -2.4822937964317016e-14
  outer loop
    vertex 421.155267214824 -578.3038475773005 105.70000000017606
    vertex 421.3154974930878 -578.4267965941041 97.70000000018096
    vertex 421.1552672148236 -578.3038475773005 97.70000000018096
  endloop
endfacet
facet normal 0.6087614290087764 0.7933533402911924 -2.4822937964317016e-14
  outer loop
    vertex 421.3154974930878 -578.4267965941041 97.70000000018096
    vertex 421.155267214824 -578.3038475773005 105.70000000017606
    vertex 421.31549749308806 -578.426796594104 105.7000000001762
  endloop
endfacet
facet normal -0.5758081914178389 0.8175848131515883 1.858793002151393e-14
  outer loop
    vertex 410.6559277007058 -588.4161325536218 105.7000000001762
    vertex 412.46173591698295 -587.1443389166362 97.70000000018096
    vertex 410.65592770070555 -588.4161325536218 97.70000000018096
  endloop
endfacet
facet normal -0.5758081914178389 0.8175848131515883 1.858793002151393e-14
  outer loop
    vertex 412.46173591698295 -587.1443389166362 97.70000000018096
    vertex 410.6559277007058 -588.4161325536218 105.7000000001762
    vertex 412.46173591698323 -587.1443389166362 105.7000000001762
  endloop
endfacet
facet normal 0.3136817403988853 0.9495281805930387 -1.1179276707808204e-14
  outer loop
    vertex 370.4952238121738 -593.3694829332431 105.70000000017622
    vertex 372.5924567383727 -594.0623151079566 97.70000000018096
    vertex 370.49522381217355 -593.3694829332431 97.70000000018096
  endloop
endfacet
facet normal 0.3136817403988853 0.9495281805930387 -1.1179276707808204e-14
  outer loop
    vertex 372.5924567383727 -594.0623151079566 97.70000000018096
    vertex 370.4952238121738 -593.3694829332431 105.70000000017622
    vertex 372.592456738373 -594.0623151079566 105.70000000017622
  endloop
endfacet
facet normal -0.7933533402912722 0.6087614290086724 3.065026579230563e-14
  outer loop
    vertex 413.9126265277044 -579.257359312888 97.70000000018096
    vertex 412.95911479211725 -580.5000000000072 105.70000000017606
    vertex 413.91262652770456 -579.2573593128878 105.70000000017606
  endloop
endfacet
facet normal -0.7933533402912722 0.6087614290086724 3.065026579230563e-14
  outer loop
    vertex 412.95911479211725 -580.5000000000072 105.70000000017606
    vertex 413.9126265277044 -579.257359312888 97.70000000018096
    vertex 412.95911479211696 -580.5000000000072 97.70000000018096
  endloop
endfacet
facet normal -0.7933533402912722 0.6087614290086724 3.065026579230563e-14
  outer loop
    vertex 412.95911479211696 -580.5000000000072 97.70000000018096
    vertex 413.9126265277044 -579.257359312888 97.70000000018096
    vertex 413.763018693751 -579.4523320380714 97.70000000017764
  endloop
endfacet
facet normal -0.6087614290087101 0.7933533402912432 1.8241258305859233e-14
  outer loop
    vertex 413.91262652770456 -579.2573593128878 105.70000000017606
    vertex 414.1075992528877 -579.1077514789349 97.70000000017764
    vertex 413.9126265277044 -579.257359312888 97.70000000018096
  endloop
endfacet
facet normal -0.6087614290087101 0.7933533402912432 1.8241258305859233e-14
  outer loop
    vertex 414.1075992528877 -579.1077514789349 97.70000000017764
    vertex 413.91262652770456 -579.2573593128878 105.70000000017606
    vertex 415.1552672148239 -578.3038475773005 105.70000000017606
  endloop
endfacet
facet normal -0.6087614290087101 0.7933533402912432 1.8241258305859233e-14
  outer loop
    vertex 414.1075992528877 -579.1077514789349 97.70000000017764
    vertex 415.1552672148239 -578.3038475773005 105.70000000017606
    vertex 415.15526721482354 -578.3038475773005 97.70000000018096
  endloop
endfacet
facet normal -0.4496113296546032 0.8932243011955169 1.3987268531531028e-14
  outer loop
    vertex 404.89524641918666 -591.6795181905621 105.70000000017622
    vertex 406.8681203719936 -590.6864568956831 97.70000000018096
    vertex 404.89524641918626 -591.6795181905621 97.70000000018096
  endloop
endfacet
facet normal -0.4496113296546032 0.8932243011955169 1.3987268531531028e-14
  outer loop
    vertex 406.8681203719936 -590.6864568956831 97.70000000018096
    vertex 404.89524641918666 -591.6795181905621 105.70000000017622
    vertex 406.86812037199377 -590.6864568956831 105.7000000001762
  endloop
endfacet
facet normal -0.6087614290095229 0.7933533402906194 -4.626156758114159e-14
  outer loop
    vertex 350.155267214824 -578.3038475773005 105.70000000017606
    vertex 349.9950369365607 -578.4267965941041 97.70000000018096
    vertex 349.99503693656015 -578.426796594104 105.70000000017606
  endloop
endfacet
facet normal -0.6087614290095229 0.7933533402906194 -4.626156758114159e-14
  outer loop
    vertex 349.9950369365607 -578.4267965941041 97.70000000018096
    vertex 350.155267214824 -578.3038475773005 105.70000000017606
    vertex 350.15526721482445 -578.3038475773005 97.70000000018096
  endloop
endfacet
facet normal -0.9914448613738098 0.13052619222005535 3.435744855972986e-14
  outer loop
    vertex 412.359712257089 -581.9470857293921 97.70000000018096
    vertex 412.15526721482365 -583.5000000000072 105.70000000017606
    vertex 412.35971225708926 -581.947085729392 105.70000000017606
  endloop
endfacet
facet normal -0.9914448613738098 0.13052619222005535 3.435744855972986e-14
  outer loop
    vertex 412.15526721482365 -583.5000000000072 105.70000000017606
    vertex 412.359712257089 -581.9470857293921 97.70000000018096
    vertex 412.1552672148235 -583.5000000000073 97.70000000018096
  endloop
endfacet
facet normal 0.49289819222977993 0.8700869911087136 3.292258704528035e-14
  outer loop
    vertex 364.4424140576541 -590.6864568956831 105.7000000001762
    vertex 362.52064372612966 -589.5977874500195 97.70000000018096
    vertex 362.520643726129 -589.5977874500194 105.7000000001762
  endloop
endfacet
facet normal 0.49289819222977993 0.8700869911087136 3.292258704528035e-14
  outer loop
    vertex 362.52064372612966 -589.5977874500195 97.70000000018096
    vertex 364.4424140576541 -590.6864568956831 105.7000000001762
    vertex 364.4424140576546 -590.6864568956831 97.70000000018096
  endloop
endfacet
facet normal 0.9238795325114202 -0.382683432364768 1.5932398415773096e-16
  outer loop
    vertex 416.22341556224603 -582.9823619098021 99.70000000018176
    vertex 416.42321640725515 -582.5000000000072 105.70000000017606
    vertex 416.22341556224603 -582.9823619098021 105.70000000017606
  endloop
endfacet
facet normal 0.9238795325114202 -0.382683432364768 1.5932398415773096e-16
  outer loop
    vertex 416.42321640725515 -582.5000000000072 105.70000000017606
    vertex 416.22341556224603 -582.9823619098021 99.70000000018176
    vertex 416.42321640725515 -582.5000000000072 99.70000000018176
  endloop
endfacet
facet normal -0.38268343236507985 0.923879532511291 9.530100547846174e-15
  outer loop
    vertex 415.1552672148239 -578.3038475773005 105.70000000017606
    vertex 416.60235294420846 -577.7044450422728 97.70000000018096
    vertex 415.15526721482354 -578.3038475773005 97.70000000018096
  endloop
endfacet
facet normal -0.38268343236507985 0.923879532511291 9.530100547846174e-15
  outer loop
    vertex 416.60235294420846 -577.7044450422728 97.70000000018096
    vertex 415.1552672148239 -578.3038475773005 105.70000000017606
    vertex 416.60235294420875 -577.7044450422727 105.70000000017606
  endloop
endfacet
facet normal -0.12241067519922443 0.992479534598709 6.083571899278591e-15
  outer loop
    vertex 390.0660385296541 -595.783312700256 105.70000000017622
    vertex 392.25813856531477 -595.5129429484223 97.70000000018096
    vertex 390.0660385296539 -595.783312700256 97.70000000018098
  endloop
endfacet
facet normal -0.12241067519922443 0.992479534598709 6.083571899278591e-15
  outer loop
    vertex 392.25813856531477 -595.5129429484223 97.70000000018096
    vertex 390.0660385296541 -595.783312700256 105.70000000017622
    vertex 392.258138565315 -595.5129429484223 105.70000000017622
  endloop
endfacet
facet normal -0.5349976198871251 0.8448535652496896 1.70943254405773e-14
  outer loop
    vertex 408.78989070351884 -589.5977874500194 105.7000000001762
    vertex 410.65592770070555 -588.4161325536218 97.70000000018096
    vertex 408.78989070351855 -589.5977874500195 97.70000000018096
  endloop
endfacet
facet normal -0.5349976198871251 0.8448535652496896 1.70943254405773e-14
  outer loop
    vertex 410.65592770070555 -588.4161325536218 97.70000000018096
    vertex 408.78989070351884 -589.5977874500194 105.7000000001762
    vertex 410.6559277007058 -588.4161325536218 105.7000000001762
  endloop
endfacet
facet normal -0.7933533402915278 -0.6087614290083393 2.919615666703847e-14
  outer loop
    vertex 412.95911479211696 -586.5000000000072 97.70000000018096
    vertex 413.08206380892057 -586.6602302782713 105.70000000017606
    vertex 412.95911479211725 -586.5000000000072 105.70000000017606
  endloop
endfacet
facet normal -0.7933533402915278 -0.6087614290083393 2.919615666703847e-14
  outer loop
    vertex 413.08206380892057 -586.6602302782713 105.70000000017606
    vertex 412.95911479211696 -586.5000000000072 97.70000000018096
    vertex 413.08206380892034 -586.6602302782713 97.70000000018096
  endloop
endfacet
facet normal -0.9914448613738096 0.13052619222005832 -5.4342443969759136e-17
  outer loop
    vertex 420.1552672148242 -518.5000000000073 99.70000000018175
    vertex 420.0871188674023 -519.0176380902122 105.70000000017617
    vertex 420.1552672148242 -518.5000000000073 105.70000000017617
  endloop
endfacet
facet normal -0.9914448613738096 0.13052619222005832 -5.4342443969759136e-17
  outer loop
    vertex 420.0871188674023 -519.0176380902122 105.70000000017617
    vertex 420.1552672148242 -518.5000000000073 99.70000000018175
    vertex 420.0871188674023 -519.0176380902122 99.70000000018175
  endloop
endfacet
facet normal 0.8175848131516404 0.5758081914177647 5.512567377917378e-14
  outer loop
    vertex 349.5109282981955 -577.8064687021667 97.70000000018096
    vertex 348.23913466120973 -576.0006604858893 105.7000000001762
    vertex 349.5109282981949 -577.8064687021666 105.7000000001762
  endloop
endfacet
facet normal 0.8175848131516404 0.5758081914177647 5.512567377917378e-14
  outer loop
    vertex 348.23913466120973 -576.0006604858893 105.7000000001762
    vertex 349.5109282981955 -577.8064687021667 97.70000000018096
    vertex 348.23913466121024 -576.0006604858893 97.70000000018096
  endloop
endfacet
facet normal 0.26671275747487766 0.9637760657954456 -7.674035076045358e-15
  outer loop
    vertex 372.592456738373 -594.0623151079566 105.70000000017622
    vertex 374.7211591191768 -594.6514063937616 97.70000000018096
    vertex 372.5924567383727 -594.0623151079566 97.70000000018096
  endloop
endfacet
facet normal 0.26671275747487766 0.9637760657954456 -7.674035076045358e-15
  outer loop
    vertex 374.7211591191768 -594.6514063937616 97.70000000018096
    vertex 372.592456738373 -594.0623151079566 105.70000000017622
    vertex 374.7211591191772 -594.6514063937616 105.70000000017622
  endloop
endfacet
facet normal -0.1709618887602996 0.9852776423889413 7.780538728538235e-15
  outer loop
    vertex 392.258138565315 -595.5129429484223 105.70000000017622
    vertex 394.4343317055494 -595.1353376181524 97.70000000018096
    vertex 392.25813856531477 -595.5129429484223 97.70000000018096
  endloop
endfacet
facet normal -0.1709618887602996 0.9852776423889413 7.780538728538235e-15
  outer loop
    vertex 394.4343317055494 -595.1353376181524 97.70000000018096
    vertex 392.258138565315 -595.5129429484223 105.70000000017622
    vertex 394.43433170554954 -595.1353376181526 105.70000000017622
  endloop
endfacet
facet normal 0.9238795325112343 -0.3826834323652161 6.585886229438848e-14
  outer loop
    vertex 358.3514196375312 -586.5000000000072 97.70000000018096
    vertex 358.95082217255856 -585.0529142706224 105.7000000001762
    vertex 358.3514196375306 -586.5000000000072 105.7000000001762
  endloop
endfacet
facet normal 0.9238795325112343 -0.3826834323652161 6.585886229438848e-14
  outer loop
    vertex 358.95082217255856 -585.0529142706224 105.7000000001762
    vertex 358.3514196375312 -586.5000000000072 97.70000000018096
    vertex 358.9508221725593 -585.0529142706224 97.70000000018096
  endloop
endfacet
facet normal -0.6152315905806186 0.7883464276266128 2.0038640142318637e-14
  outer loop
    vertex 412.46173591698323 -587.1443389166362 105.7000000001762
    vertex 413.08206380892034 -586.6602302782713 97.70000000018096
    vertex 412.46173591698295 -587.1443389166362 97.70000000018096
  endloop
endfacet
facet normal -0.6152315905806186 0.7883464276266128 2.0038640142318637e-14
  outer loop
    vertex 413.08206380892034 -586.6602302782713 97.70000000018096
    vertex 412.46173591698323 -587.1443389166362 105.7000000001762
    vertex 413.08206380892057 -586.6602302782713 105.70000000017606
  endloop
endfacet
facet normal 0.38268343236507985 0.923879532511291 -1.7419775746657392e-14
  outer loop
    vertex 419.7081814854391 -577.7044450422727 105.70000000017606
    vertex 421.1552672148236 -578.3038475773005 97.70000000018096
    vertex 419.7081814854388 -577.7044450422728 97.70000000018096
  endloop
endfacet
facet normal 0.38268343236507985 0.923879532511291 -1.7419775746657392e-14
  outer loop
    vertex 421.1552672148236 -578.3038475773005 97.70000000018096
    vertex 419.7081814854391 -577.7044450422727 105.70000000017606
    vertex 421.155267214824 -578.3038475773005 105.70000000017606
  endloop
endfacet
facet normal -0.8448535652497425 0.5349976198870412 2.7462948491056557e-14
  outer loop
    vertex 424.2530546648358 -574.1346234887021 97.70000000018096
    vertex 423.07139976843854 -576.0006604858893 105.7000000001762
    vertex 424.25305466483616 -574.1346234887021 105.7000000001762
  endloop
endfacet
facet normal -0.8448535652497425 0.5349976198870412 2.7462948491056557e-14
  outer loop
    vertex 423.07139976843854 -576.0006604858893 105.7000000001762
    vertex 424.2530546648358 -574.1346234887021 97.70000000018096
    vertex 423.07139976843837 -576.0006604858893 97.70000000018096
  endloop
endfacet
facet normal -0.9329927988347414 0.35989503653498184 3.131958107126647e-14
  outer loop
    vertex 428.02475014805947 -566.1600434026572 97.70000000018095
    vertex 427.2298461778317 -568.2207544564362 105.7000000001762
    vertex 428.02475014805975 -566.160043402657 105.7000000001762
  endloop
endfacet
facet normal -0.9329927988347414 0.35989503653498184 3.131958107126647e-14
  outer loop
    vertex 427.2298461778317 -568.2207544564362 105.7000000001762
    vertex 428.02475014805947 -566.1600434026572 97.70000000018095
    vertex 427.22984617783146 -568.2207544564362 97.70000000018095
  endloop
endfacet
facet normal -0.40524131400500024 0.9142097557035261 1.238130137566421e-14
  outer loop
    vertex 402.876021671253 -592.5745789630151 105.70000000017622
    vertex 404.89524641918626 -591.6795181905621 97.70000000018096
    vertex 402.8760216712526 -592.5745789630151 97.70000000018096
  endloop
endfacet
facet normal -0.40524131400500024 0.9142097557035261 1.238130137566421e-14
  outer loop
    vertex 404.89524641918626 -591.6795181905621 97.70000000018096
    vertex 402.876021671253 -592.5745789630151 105.70000000017622
    vertex 404.89524641918666 -591.6795181905621 105.70000000017622
  endloop
endfacet
facet normal -0.9914448613738811 0.13052619221951467 -5.434244396838458e-17
  outer loop
    vertex 355.15526721482405 -518.5000000000073 99.70000000018175
    vertex 355.0871188674024 -519.0176380902122 105.70000000017617
    vertex 355.15526721482405 -518.5000000000073 105.70000000017617
  endloop
endfacet
facet normal -0.9914448613738811 0.13052619221951467 -5.434244396838458e-17
  outer loop
    vertex 355.0871188674024 -519.0176380902122 105.70000000017617
    vertex 355.15526721482405 -518.5000000000073 99.70000000018175
    vertex 355.0871188674024 -519.0176380902122 99.70000000018175
  endloop
endfacet
facet normal 0.9914448613738098 0.13052619222005535 6.927165242462705e-14
  outer loop
    vertex 359.15526721482473 -583.5000000000073 97.70000000018096
    vertex 358.95082217255856 -581.947085729392 105.70000000017606
    vertex 359.1552672148242 -583.5000000000072 105.7000000001762
  endloop
endfacet
facet normal 0.9914448613738098 0.13052619222005535 6.927165242462705e-14
  outer loop
    vertex 358.95082217255856 -581.947085729392 105.70000000017606
    vertex 359.15526721482473 -583.5000000000073 97.70000000018096
    vertex 358.9508221725593 -581.9470857293921 97.70000000018096
  endloop
endfacet
facet normal -0.02454122852290975 0.9996988186962042 2.648462960439937e-15
  outer loop
    vertex 385.655267214824 -596.0000000000072 105.70000000017622
    vertex 387.86331255955724 -595.94579552924 97.70000000018098
    vertex 385.6552672148236 -596.0000000000072 97.70000000018098
  endloop
endfacet
facet normal -0.02454122852290975 0.9996988186962042 2.648462960439937e-15
  outer loop
    vertex 387.86331255955724 -595.94579552924 97.70000000018098
    vertex 385.655267214824 -596.0000000000072 105.70000000017622
    vertex 387.86331255955747 -595.94579552924 105.70000000017622
  endloop
endfacet
facet normal -0.9238795325112246 -0.38268343236524005 1.5932398415792748e-16
  outer loop
    vertex 419.88731802239306 -582.5000000000072 99.70000000018176
    vertex 420.0871188674023 -582.9823619098021 105.70000000017606
    vertex 419.88731802239306 -582.5000000000072 105.70000000017606
  endloop
endfacet
facet normal -0.9238795325112246 -0.38268343236524005 1.5932398415792748e-16
  outer loop
    vertex 420.0871188674023 -582.9823619098021 105.70000000017606
    vertex 419.88731802239306 -582.5000000000072 99.70000000018176
    vertex 420.0871188674023 -582.9823619098021 99.70000000018176
  endloop
endfacet
facet normal -0.6087614290088742 0.7933533402911171 -3.3029967939683816e-16
  outer loop
    vertex 354.5694807771971 -519.9142135623804 105.70000000017617
    vertex 354.1552672148243 -520.2320508075761 99.70000000018175
    vertex 354.1552672148243 -520.2320508075761 105.70000000017617
  endloop
endfacet
facet normal -0.6087614290088742 0.7933533402911171 -3.3029967939683816e-16
  outer loop
    vertex 354.1552672148243 -520.2320508075761 99.70000000018175
    vertex 354.5694807771971 -519.9142135623804 105.70000000017617
    vertex 354.5694807771971 -519.9142135623804 99.70000000018175
  endloop
endfacet
facet normal 0.7933533402910526 -0.6087614290089585 2.534478581210468e-16
  outer loop
    vertex 416.42321640725515 -582.5000000000072 99.70000000018176
    vertex 416.7410536524511 -582.0857864376342 105.70000000017606
    vertex 416.42321640725515 -582.5000000000072 105.70000000017606
  endloop
endfacet
facet normal 0.7933533402910526 -0.6087614290089585 2.534478581210468e-16
  outer loop
    vertex 416.7410536524511 -582.0857864376342 105.70000000017606
    vertex 416.42321640725515 -582.5000000000072 99.70000000018176
    vertex 416.7410536524511 -582.0857864376342 99.70000000018176
  endloop
endfacet
facet normal 0.13052619222006726 -0.9914448613738082 4.1309646793792523e-16
  outer loop
    vertex 418.15526721482405 -516.5000000000072 99.70000000018175
    vertex 417.637629124619 -516.5681483474291 105.70000000017617
    vertex 417.637629124619 -516.5681483474291 99.70000000018175
  endloop
endfacet
facet normal 0.13052619222006726 -0.9914448613738082 4.1309646793792523e-16
  outer loop
    vertex 417.637629124619 -516.5681483474291 105.70000000017617
    vertex 418.15526721482405 -516.5000000000072 99.70000000018175
    vertex 418.15526721482405 -516.5000000000072 105.70000000017617
  endloop
endfacet
facet normal -0.38268343236507985 0.923879532511291 -3.089471389390942e-14
  outer loop
    vertex 351.6023529442089 -577.7044450422727 105.70000000017606
    vertex 350.15526721482445 -578.3038475773005 97.70000000018096
    vertex 350.155267214824 -578.3038475773005 105.70000000017606
  endloop
endfacet
facet normal -0.38268343236507985 0.923879532511291 -3.089471389390942e-14
  outer loop
    vertex 350.15526721482445 -578.3038475773005 97.70000000018096
    vertex 351.6023529442089 -577.7044450422727 105.70000000017606
    vertex 351.60235294420943 -577.7044450422728 97.70000000018096
  endloop
endfacet
facet normal -0.7933533402911038 0.6087614290088915 -2.5147474570195994e-16
  outer loop
    vertex 354.88731802239306 -519.5000000000072 99.70000000018175
    vertex 354.5694807771971 -519.9142135623804 105.70000000017617
    vertex 354.88731802239306 -519.5000000000072 105.70000000017617
  endloop
endfacet
facet normal -0.7933533402911038 0.6087614290088915 -2.5147474570195994e-16
  outer loop
    vertex 354.5694807771971 -519.9142135623804 105.70000000017617
    vertex 354.88731802239306 -519.5000000000072 99.70000000018175
    vertex 354.5694807771971 -519.9142135623804 99.70000000018175
  endloop
endfacet
facet normal -0.6087614290086072 -0.7933533402913223 3.302996793948085e-16
  outer loop
    vertex 419.5694807771973 -517.085786437634 99.70000000018175
    vertex 419.15526721482405 -516.7679491924383 105.70000000017617
    vertex 419.15526721482405 -516.7679491924383 99.70000000018175
  endloop
endfacet
facet normal -0.6087614290086072 -0.7933533402913223 3.302996793948085e-16
  outer loop
    vertex 419.15526721482405 -516.7679491924383 105.70000000017617
    vertex 419.5694807771973 -517.085786437634 99.70000000018175
    vertex 419.5694807771973 -517.085786437634 105.70000000017617
  endloop
endfacet
facet normal 0.6152315905806186 0.7883464276266128 4.170011117010124e-14
  outer loop
    vertex 358.84879851266425 -587.1443389166362 105.7000000001762
    vertex 358.2284706207276 -586.6602302782713 97.70000000018096
    vertex 358.22847062072697 -586.6602302782713 105.7000000001762
  endloop
endfacet
facet normal 0.6152315905806186 0.7883464276266128 4.170011117010124e-14
  outer loop
    vertex 358.2284706207276 -586.6602302782713 97.70000000018096
    vertex 358.84879851266425 -587.1443389166362 105.7000000001762
    vertex 358.8487985126648 -587.1443389166362 97.70000000018096
  endloop
endfacet
facet normal -0.7933533402913453 -0.6087614290085768 2.534478581208879e-16
  outer loop
    vertex 419.5694807771973 -517.085786437634 99.70000000018175
    vertex 419.88731802239306 -517.5000000000072 105.70000000017617
    vertex 419.5694807771973 -517.085786437634 105.70000000017617
  endloop
endfacet
facet normal -0.7933533402913453 -0.6087614290085768 2.534478581208879e-16
  outer loop
    vertex 419.88731802239306 -517.5000000000072 105.70000000017617
    vertex 419.5694807771973 -517.085786437634 99.70000000018175
    vertex 419.88731802239306 -517.5000000000072 99.70000000018175
  endloop
endfacet
facet normal -0.13052619222006726 -0.9914448613738082 4.1277184227881185e-16
  outer loop
    vertex 353.6729053050292 -581.5681483474291 99.70000000018176
    vertex 353.15526721482416 -581.5000000000073 105.70000000017606
    vertex 353.15526721482416 -581.5000000000073 99.70000000018176
  endloop
endfacet
facet normal -0.13052619222006726 -0.9914448613738082 4.1277184227881185e-16
  outer loop
    vertex 353.15526721482416 -581.5000000000073 105.70000000017606
    vertex 353.6729053050292 -581.5681483474291 99.70000000018176
    vertex 353.6729053050292 -581.5681483474291 105.70000000017606
  endloop
endfacet
facet normal -0.382683432365024 0.9238795325113138 -3.8464212336524486e-16
  outer loop
    vertex 419.15526721482405 -585.232050807576 105.70000000017606
    vertex 418.672905305029 -585.4318516525854 99.70000000018176
    vertex 418.672905305029 -585.4318516525854 105.70000000017606
  endloop
endfacet
facet normal -0.382683432365024 0.9238795325113138 -3.8464212336524486e-16
  outer loop
    vertex 418.672905305029 -585.4318516525854 99.70000000018176
    vertex 419.15526721482405 -585.232050807576 105.70000000017606
    vertex 419.15526721482405 -585.232050807576 99.70000000018176
  endloop
endfacet
facet normal -0.7933533402910526 0.6087614290089585 -2.534478581210468e-16
  outer loop
    vertex 354.88731802239306 -584.5000000000072 99.70000000018176
    vertex 354.5694807771971 -584.9142135623803 105.70000000017606
    vertex 354.88731802239306 -584.5000000000072 105.70000000017606
  endloop
endfacet
facet normal -0.7933533402910526 0.6087614290089585 -2.534478581210468e-16
  outer loop
    vertex 354.5694807771971 -584.9142135623803 105.70000000017606
    vertex 354.88731802239306 -584.5000000000072 99.70000000018176
    vertex 354.5694807771971 -584.9142135623803 99.70000000018176
  endloop
endfacet
facet normal 0.12241067519920855 0.992479534598711 -2.5383105348976606e-15
  outer loop
    vertex 379.0523958643326 -595.5129429484223 105.70000000017622
    vertex 381.24449589999347 -595.783312700256 97.70000000018098
    vertex 379.05239586433225 -595.5129429484223 97.70000000018096
  endloop
endfacet
facet normal 0.12241067519920855 0.992479534598711 -2.5383105348976606e-15
  outer loop
    vertex 381.24449589999347 -595.783312700256 97.70000000018098
    vertex 379.0523958643326 -595.5129429484223 105.70000000017622
    vertex 381.2444958999938 -595.783312700256 105.70000000017622
  endloop
endfacet
facet normal 0.9914448613738098 -0.13052619222005596 7.024061139622082e-14
  outer loop
    vertex 358.9508221725593 -585.0529142706224 97.70000000018096
    vertex 359.1552672148242 -583.5000000000072 105.7000000001762
    vertex 358.95082217255856 -585.0529142706224 105.7000000001762
  endloop
endfacet
facet normal 0.9914448613738098 -0.13052619222005596 7.024061139622082e-14
  outer loop
    vertex 359.1552672148242 -583.5000000000072 105.7000000001762
    vertex 358.9508221725593 -585.0529142706224 97.70000000018096
    vertex 359.15526721482473 -583.5000000000073 97.70000000018096
  endloop
endfacet
facet normal 0.5349976198870662 0.8448535652497268 3.593535615020694e-14
  outer loop
    vertex 362.520643726129 -589.5977874500194 105.7000000001762
    vertex 360.65460672894227 -588.4161325536218 97.70000000018096
    vertex 360.6546067289417 -588.4161325536218 105.7000000001762
  endloop
endfacet
facet normal 0.5349976198870662 0.8448535652497268 3.593535615020694e-14
  outer loop
    vertex 360.65460672894227 -588.4161325536218 97.70000000018096
    vertex 362.520643726129 -589.5977874500194 105.7000000001762
    vertex 362.52064372612966 -589.5977874500195 97.70000000018096
  endloop
endfacet
facet normal 0.8700869911086767 -0.4928981922298456 6.256596570852854e-14
  outer loop
    vertex 345.9688103191484 -529.7871468428373 97.70000000018094
    vertex 347.05747976481194 -527.8653765113122 105.70000000017617
    vertex 345.96881031914796 -529.7871468428373 105.70000000017617
  endloop
endfacet
facet normal 0.8700869911086767 -0.4928981922298456 6.256596570852854e-14
  outer loop
    vertex 347.05747976481194 -527.8653765113122 105.70000000017617
    vertex 345.9688103191484 -529.7871468428373 97.70000000018094
    vertex 347.0574797648124 -527.8653765113122 97.70000000018094
  endloop
endfacet
facet normal -0.13052619222004344 0.9914448613738115 -1.3423488000383501e-14
  outer loop
    vertex 353.15526721482416 -577.5000000000072 105.70000000017606
    vertex 351.60235294420943 -577.7044450422728 97.70000000018096
    vertex 351.6023529442089 -577.7044450422727 105.70000000017606
  endloop
endfacet
facet normal -0.13052619222004344 0.9914448613738115 -1.3423488000383501e-14
  outer loop
    vertex 351.60235294420943 -577.7044450422728 97.70000000018096
    vertex 353.15526721482416 -577.5000000000072 105.70000000017606
    vertex 353.15526721482473 -577.5000000000073 97.70000000018096
  endloop
endfacet
facet normal -0.07356456359966454 0.9972904566786905 4.370621262726412e-15
  outer loop
    vertex 387.86331255955747 -595.94579552924 105.70000000017622
    vertex 390.0660385296539 -595.783312700256 97.70000000018098
    vertex 387.86331255955724 -595.94579552924 97.70000000018098
  endloop
endfacet
facet normal -0.07356456359966454 0.9972904566786905 4.370621262726412e-15
  outer loop
    vertex 390.0660385296539 -595.783312700256 97.70000000018098
    vertex 387.86331255955747 -595.94579552924 105.70000000017622
    vertex 390.0660385296541 -595.783312700256 105.70000000017622
  endloop
endfacet
facet normal -0.6087614290086072 0.7933533402913223 -3.302996793962186e-16
  outer loop
    vertex 419.5694807771973 -519.9142135623804 105.70000000017617
    vertex 419.15526721482405 -520.2320508075761 99.70000000018175
    vertex 419.15526721482405 -520.2320508075761 105.70000000017617
  endloop
endfacet
facet normal -0.6087614290086072 0.7933533402913223 -3.302996793962186e-16
  outer loop
    vertex 419.15526721482405 -520.2320508075761 99.70000000018175
    vertex 419.5694807771973 -519.9142135623804 105.70000000017617
    vertex 419.5694807771973 -519.9142135623804 99.70000000018175
  endloop
endfacet
facet normal -0.7933533402913198 0.6087614290086101 -2.5344785812090177e-16
  outer loop
    vertex 419.88731802239306 -584.5000000000072 99.70000000018176
    vertex 419.5694807771973 -584.9142135623803 105.70000000017606
    vertex 419.88731802239306 -584.5000000000072 105.70000000017606
  endloop
endfacet
facet normal -0.7933533402913198 0.6087614290086101 -2.5344785812090177e-16
  outer loop
    vertex 419.5694807771973 -584.9142135623803 105.70000000017606
    vertex 419.88731802239306 -584.5000000000072 99.70000000018176
    vertex 419.5694807771973 -584.9142135623803 99.70000000018176
  endloop
endfacet
facet normal 0.8932243011955431 -0.4496113296545515 6.407772917245032e-14
  outer loop
    vertex 344.9757490242697 -531.7600207956444 97.70000000018094
    vertex 345.96881031914796 -529.7871468428373 105.70000000017617
    vertex 344.9757490242692 -531.7600207956444 105.70000000017617
  endloop
endfacet
facet normal 0.8932243011955431 -0.4496113296545515 6.407772917245032e-14
  outer loop
    vertex 345.96881031914796 -529.7871468428373 105.70000000017617
    vertex 344.9757490242697 -531.7600207956444 97.70000000018094
    vertex 345.9688103191484 -529.7871468428373 97.70000000018094
  endloop
endfacet
facet normal 0.9238795325114325 0.3826834323647383 -1.5932398415771856e-16
  outer loop
    vertex 416.42321640725515 -584.5000000000072 99.70000000018176
    vertex 416.22341556224603 -584.0176380902122 105.70000000017606
    vertex 416.42321640725515 -584.5000000000072 105.70000000017606
  endloop
endfacet
facet normal 0.9238795325114325 0.3826834323647383 -1.5932398415771856e-16
  outer loop
    vertex 416.22341556224603 -584.0176380902122 105.70000000017606
    vertex 416.42321640725515 -584.5000000000072 99.70000000018176
    vertex 416.22341556224603 -584.0176380902122 99.70000000018176
  endloop
endfacet
facet normal -0.9914448613738108 0.13052619222004885 -5.43424439697552e-17
  outer loop
    vertex 420.1552672148242 -583.5000000000072 99.70000000018176
    vertex 420.0871188674023 -584.0176380902122 105.70000000017606
    vertex 420.1552672148242 -583.5000000000072 105.70000000017606
  endloop
endfacet
facet normal -0.9914448613738108 0.13052619222004885 -5.43424439697552e-17
  outer loop
    vertex 420.0871188674023 -584.0176380902122 105.70000000017606
    vertex 420.1552672148242 -583.5000000000072 99.70000000018176
    vertex 420.0871188674023 -584.0176380902122 99.70000000018176
  endloop
endfacet
facet normal -0.608761429008918 -0.793353340291084 3.3029967939541426e-16
  outer loop
    vertex 354.5694807771971 -582.0857864376342 99.70000000018176
    vertex 354.1552672148243 -581.7679491924384 105.70000000017606
    vertex 354.1552672148243 -581.7679491924384 99.70000000018176
  endloop
endfacet
facet normal -0.608761429008918 -0.793353340291084 3.3029967939541426e-16
  outer loop
    vertex 354.1552672148243 -581.7679491924384 105.70000000017606
    vertex 354.5694807771971 -582.0857864376342 99.70000000018176
    vertex 354.5694807771971 -582.0857864376342 105.70000000017606
  endloop
endfacet
facet normal 0.13052619222004344 0.9914448613738115 4.962104279496878e-15
  outer loop
    vertex 354.70818148543935 -577.7044450422727 105.70000000017606
    vertex 353.15526721482473 -577.5000000000073 97.70000000018096
    vertex 353.15526721482416 -577.5000000000072 105.70000000017606
  endloop
endfacet
facet normal 0.13052619222004344 0.9914448613738115 4.962104279496878e-15
  outer loop
    vertex 353.15526721482473 -577.5000000000073 97.70000000018096
    vertex 354.70818148543935 -577.7044450422727 105.70000000017606
    vertex 354.7081814854401 -577.7044450422728 97.70000000018096
  endloop
endfacet
facet normal 0.38268343236514474 0.9238795325112641 2.300707695529689e-14
  outer loop
    vertex 356.15526721482405 -578.3038475773005 105.70000000017606
    vertex 354.7081814854401 -577.7044450422728 97.70000000018096
    vertex 354.70818148543935 -577.7044450422727 105.70000000017606
  endloop
endfacet
facet normal 0.38268343236514474 0.9238795325112641 2.300707695529689e-14
  outer loop
    vertex 354.7081814854401 -577.7044450422728 97.70000000018096
    vertex 356.15526721482405 -578.3038475773005 105.70000000017606
    vertex 356.15526721482456 -578.3038475773005 97.70000000018096
  endloop
endfacet
facet normal 0.7933533402910782 0.6087614290089253 -2.5147474570197404e-16
  outer loop
    vertex 351.74105365245117 -519.9142135623804 99.70000000018175
    vertex 351.4232164072552 -519.5000000000072 105.70000000017617
    vertex 351.74105365245117 -519.9142135623804 105.70000000017617
  endloop
endfacet
facet normal 0.7933533402910782 0.6087614290089253 -2.5147474570197404e-16
  outer loop
    vertex 351.4232164072552 -519.5000000000072 105.70000000017617
    vertex 351.74105365245117 -519.9142135623804 99.70000000018175
    vertex 351.4232164072552 -519.5000000000072 99.70000000018175
  endloop
endfacet
facet normal 0.13052619222006726 -0.9914448613738082 4.1277184227881185e-16
  outer loop
    vertex 418.15526721482405 -581.5000000000073 99.70000000018176
    vertex 417.637629124619 -581.5681483474291 105.70000000017606
    vertex 417.637629124619 -581.5681483474291 99.70000000018176
  endloop
endfacet
facet normal 0.13052619222006726 -0.9914448613738082 4.1277184227881185e-16
  outer loop
    vertex 417.637629124619 -581.5681483474291 105.70000000017606
    vertex 418.15526721482405 -581.5000000000073 99.70000000018176
    vertex 418.15526721482405 -581.5000000000073 105.70000000017606
  endloop
endfacet
facet normal -0.38268343236502433 -0.9238795325113138 3.8464212336568806e-16
  outer loop
    vertex 419.15526721482405 -516.7679491924383 99.70000000018175
    vertex 418.672905305029 -516.5681483474291 105.70000000017617
    vertex 418.672905305029 -516.5681483474291 99.70000000018175
  endloop
endfacet
facet normal -0.38268343236502433 -0.9238795325113138 3.8464212336568806e-16
  outer loop
    vertex 418.672905305029 -516.5681483474291 105.70000000017617
    vertex 419.15526721482405 -516.7679491924383 99.70000000018175
    vertex 419.15526721482405 -516.7679491924383 105.70000000017617
  endloop
endfacet
facet normal 0.9238795325112347 0.3826834323652156 6.34326532847403e-14
  outer loop
    vertex 358.9508221725593 -581.9470857293921 97.70000000018096
    vertex 358.3514196375306 -580.5000000000072 105.70000000017606
    vertex 358.95082217255856 -581.947085729392 105.70000000017606
  endloop
endfacet
facet normal 0.9238795325112347 0.3826834323652156 6.34326532847403e-14
  outer loop
    vertex 358.3514196375306 -580.5000000000072 105.70000000017606
    vertex 358.9508221725593 -581.9470857293921 97.70000000018096
    vertex 358.3514196375312 -580.5000000000072 97.70000000018096
  endloop
endfacet
facet normal 0.9914448613738811 0.13052619221951467 -5.434244396838458e-17
  outer loop
    vertex 351.22341556224586 -519.0176380902122 99.70000000018175
    vertex 351.1552672148242 -518.5000000000073 105.70000000017617
    vertex 351.22341556224586 -519.0176380902122 105.70000000017617
  endloop
endfacet
facet normal 0.9914448613738811 0.13052619221951467 -5.434244396838458e-17
  outer loop
    vertex 351.1552672148242 -518.5000000000073 105.70000000017617
    vertex 351.22341556224586 -519.0176380902122 99.70000000018175
    vertex 351.1552672148242 -518.5000000000073 99.70000000018175
  endloop
endfacet
facet normal 0.6087614290086508 -0.7933533402912887 3.3029967939549956e-16
  outer loop
    vertex 417.1552672148243 -581.7679491924384 99.70000000018176
    vertex 416.7410536524511 -582.0857864376342 105.70000000017606
    vertex 416.7410536524511 -582.0857864376342 99.70000000018176
  endloop
endfacet
facet normal 0.6087614290086508 -0.7933533402912887 3.3029967939549956e-16
  outer loop
    vertex 416.7410536524511 -582.0857864376342 105.70000000017606
    vertex 417.1552672148243 -581.7679491924384 99.70000000018176
    vertex 417.1552672148243 -581.7679491924384 105.70000000017606
  endloop
endfacet
facet normal 0.07356456359967407 0.9972904566786895 -8.108305807962263e-16
  outer loop
    vertex 381.2444958999938 -595.783312700256 105.70000000017622
    vertex 383.4472218700897 -595.94579552924 97.70000000018098
    vertex 381.24449589999347 -595.783312700256 97.70000000018098
  endloop
endfacet
facet normal 0.07356456359967407 0.9972904566786895 -8.108305807962263e-16
  outer loop
    vertex 383.4472218700897 -595.94579552924 97.70000000018098
    vertex 381.2444958999938 -595.783312700256 105.70000000017622
    vertex 383.44722187009006 -595.94579552924 105.70000000017622
  endloop
endfacet
facet normal 0.7933533402908372 -0.6087614290092394 5.713372031935225e-14
  outer loop
    vertex 358.2284706207276 -586.6602302782713 97.70000000018096
    vertex 358.3514196375306 -586.5000000000072 105.7000000001762
    vertex 358.22847062072697 -586.6602302782713 105.7000000001762
  endloop
endfacet
facet normal 0.7933533402908372 -0.6087614290092394 5.713372031935225e-14
  outer loop
    vertex 358.3514196375306 -586.5000000000072 105.7000000001762
    vertex 358.2284706207276 -586.6602302782713 97.70000000018096
    vertex 358.3514196375312 -586.5000000000072 97.70000000018096
  endloop
endfacet
facet normal 0.6087614290085639 0.7933533402913556 -3.3029967939552737e-16
  outer loop
    vertex 417.1552672148243 -585.232050807576 105.70000000017606
    vertex 416.7410536524511 -584.9142135623804 99.70000000018176
    vertex 416.7410536524511 -584.9142135623804 105.70000000017606
  endloop
endfacet
facet normal 0.6087614290085639 0.7933533402913556 -3.3029967939552737e-16
  outer loop
    vertex 416.7410536524511 -584.9142135623804 99.70000000018176
    vertex 417.1552672148243 -585.232050807576 105.70000000017606
    vertex 417.1552672148243 -585.232050807576 99.70000000018176
  endloop
endfacet
facet normal -0.9914448613738096 -0.13052619222005832 5.4342443969759136e-17
  outer loop
    vertex 420.0871188674023 -517.9823619098022 99.70000000018175
    vertex 420.1552672148242 -518.5000000000073 105.70000000017617
    vertex 420.0871188674023 -517.9823619098022 105.70000000017617
  endloop
endfacet
facet normal -0.9914448613738096 -0.13052619222005832 5.4342443969759136e-17
  outer loop
    vertex 420.1552672148242 -518.5000000000073 105.70000000017617
    vertex 420.0871188674023 -517.9823619098022 99.70000000018175
    vertex 420.1552672148242 -518.5000000000073 99.70000000018175
  endloop
endfacet
facet normal -0.2191012401567851 -0.9757021300385474 4.01848343353185e-16
  outer loop
    vertex 398.41172665974074 -500.07335920729264 105.70000000017647
    vertex 395.8975091206662 -499.50877277883677 110.00000000017636
    vertex 395.8975091206662 -499.50877277883677 105.70000000017647
  endloop
endfacet
facet normal -0.2191012401567851 -0.9757021300385474 4.01848343353185e-16
  outer loop
    vertex 395.8975091206662 -499.50877277883677 110.00000000017636
    vertex 398.41172665974074 -500.07335920729264 105.70000000017647
    vertex 398.41172665974074 -500.07335920729264 110.00000000017636
  endloop
endfacet
facet normal 0.13052619222006726 0.9914448613738082 -4.1277184227881185e-16
  outer loop
    vertex 353.15526721482416 -585.5000000000072 105.70000000017606
    vertex 352.6376291246191 -585.4318516525854 99.70000000018176
    vertex 352.6376291246191 -585.4318516525854 105.70000000017606
  endloop
endfacet
facet normal 0.13052619222006726 0.9914448613738082 -4.1277184227881185e-16
  outer loop
    vertex 352.6376291246191 -585.4318516525854 99.70000000018176
    vertex 353.15526721482416 -585.5000000000072 105.70000000017606
    vertex 353.15526721482416 -585.5000000000072 99.70000000018176
  endloop
endfacet
facet normal 0.9238795325112347 -0.3826834323652156 1.5932398415791728e-16
  outer loop
    vertex 351.22341556224586 -517.9823619098022 99.70000000018175
    vertex 351.4232164072552 -517.5000000000072 105.70000000017617
    vertex 351.22341556224586 -517.9823619098022 105.70000000017617
  endloop
endfacet
facet normal 0.9238795325112347 -0.3826834323652156 1.5932398415791728e-16
  outer loop
    vertex 351.4232164072552 -517.5000000000072 105.70000000017617
    vertex 351.22341556224586 -517.9823619098022 99.70000000018175
    vertex 351.4232164072552 -517.5000000000072 99.70000000018175
  endloop
endfacet
facet normal -0.9914448613738108 -0.13052619222004944 5.434244396975544e-17
  outer loop
    vertex 420.0871188674023 -582.9823619098021 99.70000000018176
    vertex 420.1552672148242 -583.5000000000072 105.70000000017606
    vertex 420.0871188674023 -582.9823619098021 105.70000000017606
  endloop
endfacet
facet normal -0.9914448613738108 -0.13052619222004944 5.434244396975544e-17
  outer loop
    vertex 420.1552672148242 -583.5000000000072 105.70000000017606
    vertex 420.0871188674023 -582.9823619098021 99.70000000018176
    vertex 420.1552672148242 -583.5000000000072 99.70000000018176
  endloop
endfacet
facet normal 0.1709618887602996 0.9852776423889413 -4.2610034263199865e-15
  outer loop
    vertex 376.87620272409794 -595.1353376181526 105.70000000017622
    vertex 379.05239586433225 -595.5129429484223 97.70000000018096
    vertex 376.8762027240978 -595.1353376181524 97.70000000018096
  endloop
endfacet
facet normal 0.1709618887602996 0.9852776423889413 -4.2610034263199865e-15
  outer loop
    vertex 379.05239586433225 -595.5129429484223 97.70000000018096
    vertex 376.87620272409794 -595.1353376181526 105.70000000017622
    vertex 379.0523958643326 -595.5129429484223 105.70000000017622
  endloop
endfacet
facet normal 0.13052619222007272 0.9914448613738076 -1.861797344703519e-15
  outer loop
    vertex 352.6430999808366 -520.4325719044703 105.70000000017617
    vertex 353.15526721482416 -520.5000000000073 99.70000000018175
    vertex 352.6376291246191 -520.4318516525854 99.70000000018175
  endloop
endfacet
facet normal 0.13052619222007272 0.9914448613738076 -1.861797344703519e-15
  outer loop
    vertex 353.15526721482416 -520.5000000000073 99.70000000018175
    vertex 352.6430999808366 -520.4325719044703 105.70000000017617
    vertex 353.15526721482416 -520.5000000000073 105.70000000017617
  endloop
endfacet
facet normal -0.9244023254232602 -0.38141883374032565 -0.00011840709005367724
  outer loop
    vertex 354.88731802239306 -517.5000000000072 99.70000000018175
    vertex 355.08783911928725 -517.9878327660194 105.70000000017617
    vertex 354.88731802239306 -517.5000000000072 105.70000000017617
  endloop
endfacet
facet normal -0.9244023254232602 -0.38141883374032565 -0.00011840709005367724
  outer loop
    vertex 355.08783911928725 -517.9878327660194 105.70000000017617
    vertex 354.88731802239306 -517.5000000000072 99.70000000018175
    vertex 355.0871188674024 -517.9823619098022 99.70000000018175
  endloop
endfacet
facet normal 0.13052619222006726 0.9914448613738082 -4.1277184227881185e-16
  outer loop
    vertex 418.15526721482405 -585.5000000000072 105.70000000017606
    vertex 417.637629124619 -585.4318516525854 99.70000000018176
    vertex 417.637629124619 -585.4318516525854 105.70000000017606
  endloop
endfacet
facet normal 0.13052619222006726 0.9914448613738082 -4.1277184227881185e-16
  outer loop
    vertex 417.637629124619 -585.4318516525854 99.70000000018176
    vertex 418.15526721482405 -585.5000000000072 105.70000000017606
    vertex 418.15526721482405 -585.5000000000072 99.70000000018176
  endloop
endfacet
facet normal 0.9914448613738096 0.13052619222005832 -5.4342443969759136e-17
  outer loop
    vertex 416.22341556224575 -519.0176380902122 99.70000000018175
    vertex 416.15526721482405 -518.5000000000073 105.70000000017617
    vertex 416.22341556224575 -519.0176380902122 105.70000000017617
  endloop
endfacet
facet normal 0.9914448613738096 0.13052619222005832 -5.4342443969759136e-17
  outer loop
    vertex 416.15526721482405 -518.5000000000073 105.70000000017617
    vertex 416.22341556224575 -519.0176380902122 99.70000000018175
    vertex 416.15526721482405 -518.5000000000073 99.70000000018175
  endloop
endfacet
facet normal -0.13052619222006726 0.9914448613738082 -4.1277184227881185e-16
  outer loop
    vertex 418.672905305029 -585.4318516525854 105.70000000017606
    vertex 418.15526721482405 -585.5000000000072 99.70000000018176
    vertex 418.15526721482405 -585.5000000000072 105.70000000017606
  endloop
endfacet
facet normal -0.13052619222006726 0.9914448613738082 -4.1277184227881185e-16
  outer loop
    vertex 418.15526721482405 -585.5000000000072 99.70000000018176
    vertex 418.672905305029 -585.4318516525854 105.70000000017606
    vertex 418.672905305029 -585.4318516525854 99.70000000018176
  endloop
endfacet
facet normal -0.6087614290088742 -0.7933533402911171 3.302996793940181e-16
  outer loop
    vertex 354.5694807771971 -517.085786437634 99.70000000018175
    vertex 354.1552672148243 -516.7679491924383 105.70000000017617
    vertex 354.1552672148243 -516.7679491924383 99.70000000018175
  endloop
endfacet
facet normal -0.6087614290088742 -0.7933533402911171 3.302996793940181e-16
  outer loop
    vertex 354.1552672148243 -516.7679491924383 105.70000000017617
    vertex 354.5694807771971 -517.085786437634 99.70000000018175
    vertex 354.5694807771971 -517.085786437634 105.70000000017617
  endloop
endfacet
facet normal 0.9914448613738108 0.13052619222004885 -5.43424439697552e-17
  outer loop
    vertex 351.22341556224626 -584.0176380902122 99.70000000018176
    vertex 351.1552672148242 -583.5000000000072 105.70000000017606
    vertex 351.22341556224626 -584.0176380902122 105.70000000017606
  endloop
endfacet
facet normal 0.9914448613738108 0.13052619222004885 -5.43424439697552e-17
  outer loop
    vertex 351.1552672148242 -583.5000000000072 105.70000000017606
    vertex 351.22341556224626 -584.0176380902122 99.70000000018176
    vertex 351.1552672148242 -583.5000000000072 99.70000000018176
  endloop
endfacet
facet normal 0.3814188337401258 0.9244023254233426 -0.00011840709005653656
  outer loop
    vertex 352.6430999808366 -520.4325719044703 105.70000000017617
    vertex 352.155267214824 -520.2320508075761 99.70000000018175
    vertex 352.155267214824 -520.2320508075761 105.70000000017617
  endloop
endfacet
facet normal 0.3814188337401258 0.9244023254233426 -0.00011840709005653656
  outer loop
    vertex 352.155267214824 -520.2320508075761 99.70000000018175
    vertex 352.6430999808366 -520.4325719044703 105.70000000017617
    vertex 352.6376291246191 -520.4318516525854 99.70000000018175
  endloop
endfacet
facet normal 0.9914448613738811 -0.13052619221951467 5.434244396838458e-17
  outer loop
    vertex 351.1552672148242 -518.5000000000073 99.70000000018175
    vertex 351.22341556224586 -517.9823619098022 105.70000000017617
    vertex 351.1552672148242 -518.5000000000073 105.70000000017617
  endloop
endfacet
facet normal 0.9914448613738811 -0.13052619221951467 5.434244396838458e-17
  outer loop
    vertex 351.22341556224586 -517.9823619098022 105.70000000017617
    vertex 351.1552672148242 -518.5000000000073 99.70000000018175
    vertex 351.22341556224586 -517.9823619098022 99.70000000018175
  endloop
endfacet
facet normal -0.7933533402913198 -0.6087614290086101 2.5344785812090177e-16
  outer loop
    vertex 419.5694807771973 -582.0857864376342 99.70000000018176
    vertex 419.88731802239306 -582.5000000000072 105.70000000017606
    vertex 419.5694807771973 -582.0857864376342 105.70000000017606
  endloop
endfacet
facet normal -0.7933533402913198 -0.6087614290086101 2.5344785812090177e-16
  outer loop
    vertex 419.88731802239306 -582.5000000000072 105.70000000017606
    vertex 419.5694807771973 -582.0857864376342 99.70000000018176
    vertex 419.88731802239306 -582.5000000000072 99.70000000018176
  endloop
endfacet
facet normal 0.7933533402911038 0.6087614290088915 -2.5344785812101896e-16
  outer loop
    vertex 416.7410536524511 -584.9142135623804 99.70000000018176
    vertex 416.42321640725515 -584.5000000000072 105.70000000017606
    vertex 416.7410536524511 -584.9142135623804 105.70000000017606
  endloop
endfacet
facet normal 0.7933533402911038 0.6087614290088915 -2.5344785812101896e-16
  outer loop
    vertex 416.42321640725515 -584.5000000000072 105.70000000017606
    vertex 416.7410536524511 -584.9142135623804 99.70000000018176
    vertex 416.42321640725515 -584.5000000000072 99.70000000018176
  endloop
endfacet
facet normal -0.13052619222008804 -0.9914448613738056 -9.342206922957796e-16
  outer loop
    vertex 418.672905305029 -581.5681483474291 99.70000000018176
    vertex 418.15526721482405 -581.5000000000073 105.70000000017606
    vertex 418.15526721482405 -581.5000000000073 99.70000000018176
  endloop
endfacet
facet normal -0.13052619222008804 -0.9914448613738056 -9.342206922957796e-16
  outer loop
    vertex 418.15526721482405 -581.5000000000073 105.70000000017606
    vertex 418.672905305029 -581.5681483474291 99.70000000018176
    vertex 418.66743444881143 -581.5674280955441 105.7000000001762
  endloop
endfacet
facet normal 0.3136817403989535 -0.9495281805930161 3.9598138607961e-16
  outer loop
    vertex 370.4153216589604 -500.7606323740677 105.70000000017589
    vertex 367.9685499117281 -501.56893657790033 110.00000000017579
    vertex 367.9685499117281 -501.56893657790033 105.70000000017589
  endloop
endfacet
facet normal 0.3136817403989535 -0.9495281805930161 3.9598138607961e-16
  outer loop
    vertex 367.9685499117281 -501.56893657790033 110.00000000017579
    vertex 370.4153216589604 -500.7606323740677 105.70000000017589
    vertex 370.4153216589604 -500.7606323740677 110.00000000017592
  endloop
endfacet
facet normal 0.38268343236502433 -0.9238795325113138 3.846421233648017e-16
  outer loop
    vertex 352.6376291246191 -516.5681483474291 99.70000000018175
    vertex 352.155267214824 -516.7679491924383 105.70000000017617
    vertex 352.155267214824 -516.7679491924383 99.70000000018175
  endloop
endfacet
facet normal 0.38268343236502433 -0.9238795325113138 3.846421233648017e-16
  outer loop
    vertex 352.155267214824 -516.7679491924383 105.70000000017617
    vertex 352.6376291246191 -516.5681483474291 99.70000000018175
    vertex 352.6376291246191 -516.5681483474291 105.70000000017617
  endloop
endfacet
facet normal 0.949528180593069 -0.31368174039879376 1.3059625897321197e-16
  outer loop
    vertex 335.41589958888216 -535.7600544441526 105.70000000017532
    vertex 336.2242037927144 -533.3132826969203 110.0000000001752
    vertex 335.41589958888216 -535.7600544441526 110.00000000017522
  endloop
endfacet
facet normal 0.949528180593069 -0.31368174039879376 1.3059625897321197e-16
  outer loop
    vertex 336.2242037927144 -533.3132826969203 110.0000000001752
    vertex 335.41589958888216 -535.7600544441526 105.70000000017532
    vertex 336.2242037927144 -533.3132826969203 105.70000000017532
  endloop
endfacet
facet normal 0.5758081914178079 0.8175848131516099 5.312077734568243e-16
  outer loop
    vertex 356.487829981299 -594.6521546458935 110.00000000017552
    vertex 354.3810537289756 -593.1683954027438 105.70000000017563
    vertex 354.3810537289756 -593.1683954027438 110.00000000017552
  endloop
endfacet
facet normal 0.5758081914178079 0.8175848131516099 5.312077734568243e-16
  outer loop
    vertex 354.3810537289756 -593.1683954027438 105.70000000017563
    vertex 356.487829981299 -594.6521546458935 110.00000000017552
    vertex 356.487829981299 -594.6521546458935 105.70000000017563
  endloop
endfacet
facet normal -0.8932243011955361 0.44961132965456513 -1.852764399655617e-16
  outer loop
    vertex 433.11470510380707 -573.4466424050926 105.70000000017708
    vertex 431.956133593115 -575.7483286833677 110.00000000017695
    vertex 433.11470510380707 -573.4466424050926 110.00000000017695
  endloop
endfacet
facet normal -0.8932243011955361 0.44961132965456513 -1.852764399655617e-16
  outer loop
    vertex 431.956133593115 -575.7483286833677 110.00000000017695
    vertex 433.11470510380707 -573.4466424050926 105.70000000017708
    vertex 431.956133593115 -575.7483286833677 105.70000000017708
  endloop
endfacet
facet normal -0.6087614290086508 0.7933533402912887 -3.3029967939549956e-16
  outer loop
    vertex 419.5694807771973 -584.9142135623803 105.70000000017606
    vertex 419.15526721482405 -585.232050807576 99.70000000018176
    vertex 419.15526721482405 -585.232050807576 105.70000000017606
  endloop
endfacet
facet normal -0.6087614290086508 0.7933533402912887 -3.3029967939549956e-16
  outer loop
    vertex 419.15526721482405 -585.232050807576 99.70000000018176
    vertex 419.5694807771973 -584.9142135623803 105.70000000017606
    vertex 419.5694807771973 -584.9142135623803 99.70000000018176
  endloop
endfacet
facet normal 0.38268343236521973 0.923879532511233 -3.8464212336521124e-16
  outer loop
    vertex 417.637629124619 -585.4318516525854 105.70000000017606
    vertex 417.1552672148243 -585.232050807576 99.70000000018176
    vertex 417.1552672148243 -585.232050807576 105.70000000017606
  endloop
endfacet
facet normal 0.38268343236521973 0.923879532511233 -3.8464212336521124e-16
  outer loop
    vertex 417.1552672148243 -585.232050807576 99.70000000018176
    vertex 417.637629124619 -585.4318516525854 105.70000000017606
    vertex 417.637629124619 -585.4318516525854 99.70000000018176
  endloop
endfacet
facet normal 0.9244023254232785 -0.38141883374028124 -0.00011840709005376645
  outer loop
    vertex 416.22341556224575 -517.9823619098022 99.70000000018175
    vertex 416.42321640725515 -517.5000000000072 105.70000000017617
    vertex 416.2226953103608 -517.9878327660196 105.70000000017617
  endloop
endfacet
facet normal 0.9244023254232785 -0.38141883374028124 -0.00011840709005376645
  outer loop
    vertex 416.42321640725515 -517.5000000000072 105.70000000017617
    vertex 416.22341556224575 -517.9823619098022 99.70000000018175
    vertex 416.42321640725515 -517.5000000000072 99.70000000018175
  endloop
endfacet
facet normal 0.9142097557034962 0.405241314005068 -1.6910640880998575e-16
  outer loop
    vertex 338.1958293258455 -573.4466424051013 105.70000000017535
    vertex 337.95526721482906 -572.9039429785042 110.00000000017033
    vertex 338.1958293258455 -573.4466424051013 110.00000000017522
  endloop
endfacet
facet normal 0.9142097557034962 0.405241314005068 -1.6910640880998575e-16
  outer loop
    vertex 337.95526721482906 -572.9039429785042 110.00000000017033
    vertex 337.1515917579835 -571.0908801991789 105.70000000017535
    vertex 337.1515917579835 -571.0908801991789 110.00000000017522
  endloop
endfacet
facet normal 0.9142097557034962 0.405241314005068 -1.6910640880998575e-16
  outer loop
    vertex 337.1515917579835 -571.0908801991789 105.70000000017535
    vertex 337.95526721482906 -572.9039429785042 110.00000000017033
    vertex 338.1958293258455 -573.4466424051013 105.70000000017535
  endloop
endfacet
facet normal 0.9142097557034962 0.405241314005068 -1.6910640880998575e-16
  outer loop
    vertex 337.1515917579835 -571.0908801991789 105.70000000017535
    vertex 338.1958293258455 -573.4466424051013 105.70000000017535
    vertex 337.95526721482906 -572.9039429785042 105.70000000017042
  endloop
endfacet
facet normal 0.7933533402911038 -0.6087614290088915 2.5542097054007803e-16
  outer loop
    vertex 416.42321640725515 -517.5000000000072 99.70000000018175
    vertex 416.7410536524511 -517.085786437634 105.70000000017617
    vertex 416.42321640725515 -517.5000000000072 105.70000000017617
  endloop
endfacet
facet normal 0.7933533402911038 -0.6087614290088915 2.5542097054007803e-16
  outer loop
    vertex 416.7410536524511 -517.085786437634 105.70000000017617
    vertex 416.42321640725515 -517.5000000000072 99.70000000018175
    vertex 416.7410536524511 -517.085786437634 99.70000000018175
  endloop
endfacet
facet normal -0.9142097557036022 0.40524131400482816 -1.5739480137089962e-16
  outer loop
    vertex 434.1589426716684 -571.0908801991699 105.70000000017708
    vertex 433.11470510380707 -573.4466424050926 110.00000000017695
    vertex 434.1589426716684 -571.0908801991699 110.00000000017695
  endloop
endfacet
facet normal -0.9142097557036022 0.40524131400482816 -1.5739480137089962e-16
  outer loop
    vertex 433.11470510380707 -573.4466424050926 110.00000000017695
    vertex 434.1589426716684 -571.0908801991699 105.70000000017708
    vertex 433.11470510380707 -573.4466424050926 105.70000000017708
  endloop
endfacet
facet normal 0.5758081914180098 -0.8175848131514678 3.4892570434764483e-16
  outer loop
    vertex 356.48782998129104 -507.3478453541264 105.70000000017559
    vertex 354.38105372896797 -508.8316045972763 110.00000000017563
    vertex 354.38105372896797 -508.8316045972763 105.70000000017562
  endloop
endfacet
facet normal 0.5758081914180098 -0.8175848131514678 3.4892570434764483e-16
  outer loop
    vertex 354.38105372896797 -508.8316045972763 110.00000000017563
    vertex 356.48782998129104 -507.3478453541264 105.70000000017559
    vertex 356.48782998129104 -507.3478453541264 110.00000000017563
  endloop
endfacet
facet normal -0.9238795325114202 -0.382683432364768 1.5932398415773096e-16
  outer loop
    vertex 354.88731802239306 -582.5000000000072 99.70000000018176
    vertex 355.087118867402 -582.9823619098021 105.70000000017606
    vertex 354.88731802239306 -582.5000000000072 105.70000000017606
  endloop
endfacet
facet normal -0.9238795325114202 -0.382683432364768 1.5932398415773096e-16
  outer loop
    vertex 355.087118867402 -582.9823619098021 105.70000000017606
    vertex 354.88731802239306 -582.5000000000072 99.70000000018176
    vertex 355.087118867402 -582.9823619098021 99.70000000018176
  endloop
endfacet
facet normal -0.13052619222006726 0.9914448613738082 -4.1277184227881185e-16
  outer loop
    vertex 353.6729053050292 -520.4318516525854 105.70000000017617
    vertex 353.15526721482416 -520.5000000000073 99.70000000018175
    vertex 353.15526721482416 -520.5000000000073 105.70000000017617
  endloop
endfacet
facet normal -0.13052619222006726 0.9914448613738082 -4.1277184227881185e-16
  outer loop
    vertex 353.15526721482416 -520.5000000000073 99.70000000018175
    vertex 353.6729053050292 -520.4318516525854 105.70000000017617
    vertex 353.6729053050292 -520.4318516525854 99.70000000018175
  endloop
endfacet
facet normal 0.02454122852290654 0.9996988186962044 9.199242789040856e-16
  outer loop
    vertex 383.44722187009006 -595.94579552924 105.70000000017622
    vertex 385.6552672148236 -596.0000000000072 97.70000000018098
    vertex 383.4472218700897 -595.94579552924 97.70000000018098
  endloop
endfacet
facet normal 0.02454122852290654 0.9996988186962044 9.199242789040856e-16
  outer loop
    vertex 385.6552672148236 -596.0000000000072 97.70000000018098
    vertex 383.44722187009006 -595.94579552924 105.70000000017622
    vertex 385.655267214824 -596.0000000000072 105.70000000017622
  endloop
endfacet
facet normal 0.5758081914178389 0.8175848131515883 3.886618811853341e-14
  outer loop
    vertex 360.6546067289417 -588.4161325536218 105.7000000001762
    vertex 358.8487985126648 -587.1443389166362 97.70000000018096
    vertex 358.84879851266425 -587.1443389166362 105.7000000001762
  endloop
endfacet
facet normal 0.5758081914178389 0.8175848131515883 3.886618811853341e-14
  outer loop
    vertex 358.8487985126648 -587.1443389166362 97.70000000018096
    vertex 360.6546067289417 -588.4161325536218 105.7000000001762
    vertex 360.65460672894227 -588.4161325536218 97.70000000018096
  endloop
endfacet
facet normal 0.2191012401568812 0.975702130038526 -5.968498812569465e-15
  outer loop
    vertex 374.7211591191772 -594.6514063937616 105.70000000017622
    vertex 376.8762027240978 -595.1353376181524 97.70000000018096
    vertex 374.7211591191768 -594.6514063937616 97.70000000018096
  endloop
endfacet
facet normal 0.2191012401568812 0.975702130038526 -5.968498812569465e-15
  outer loop
    vertex 376.8762027240978 -595.1353376181524 97.70000000018096
    vertex 374.7211591191772 -594.6514063937616 105.70000000017622
    vertex 376.87620272409794 -595.1353376181526 105.70000000017622
  endloop
endfacet
facet normal 0.8700869911086767 0.4928981922298456 5.917321673880893e-14
  outer loop
    vertex 347.0574797648124 -574.1346234887021 97.70000000018096
    vertex 345.96881031914796 -572.212853157177 105.7000000001762
    vertex 347.05747976481194 -574.1346234887021 105.7000000001762
  endloop
endfacet
facet normal 0.8700869911086767 0.4928981922298456 5.917321673880893e-14
  outer loop
    vertex 345.96881031914796 -572.212853157177 105.7000000001762
    vertex 347.0574797648124 -574.1346234887021 97.70000000018096
    vertex 345.9688103191484 -572.212853157177 97.70000000018096
  endloop
endfacet
facet normal 0.7933533402911038 0.6087614290088915 -2.5344785812101896e-16
  outer loop
    vertex 351.74105365245117 -584.9142135623804 99.70000000018176
    vertex 351.4232164072552 -584.5000000000072 105.70000000017606
    vertex 351.74105365245117 -584.9142135623804 105.70000000017606
  endloop
endfacet
facet normal 0.7933533402911038 0.6087614290088915 -2.5344785812101896e-16
  outer loop
    vertex 351.4232164072552 -584.5000000000072 105.70000000017606
    vertex 351.74105365245117 -584.9142135623804 99.70000000018176
    vertex 351.4232164072552 -584.5000000000072 99.70000000018176
  endloop
endfacet
facet normal -0.6087614290086508 -0.7933533402912887 3.3029967939549956e-16
  outer loop
    vertex 419.5694807771973 -582.0857864376342 99.70000000018176
    vertex 419.15526721482405 -581.7679491924384 105.70000000017606
    vertex 419.15526721482405 -581.7679491924384 99.70000000018176
  endloop
endfacet
facet normal -0.6087614290086508 -0.7933533402912887 3.3029967939549956e-16
  outer loop
    vertex 419.15526721482405 -581.7679491924384 105.70000000017606
    vertex 419.5694807771973 -582.0857864376342 99.70000000018176
    vertex 419.5694807771973 -582.0857864376342 105.70000000017606
  endloop
endfacet
facet normal 0.9757021300384928 -0.21910124015702892 9.121921557984728e-17
  outer loop
    vertex 334.1640399936535 -540.7577580941653 105.70000000017532
    vertex 334.72862642211004 -538.2435405550906 110.00000000017522
    vertex 334.1640399936535 -540.7577580941653 110.00000000017522
  endloop
endfacet
facet normal 0.9757021300384928 -0.21910124015702892 9.121921557984728e-17
  outer loop
    vertex 334.72862642211004 -538.2435405550906 110.00000000017522
    vertex 334.1640399936535 -540.7577580941653 105.70000000017532
    vertex 334.72862642211004 -538.2435405550906 105.70000000017532
  endloop
endfacet
facet normal 0.6087614290088742 -0.7933533402911171 3.302996793940181e-16
  outer loop
    vertex 352.155267214824 -516.7679491924383 99.70000000018175
    vertex 351.74105365245117 -517.085786437634 105.70000000017617
    vertex 351.74105365245117 -517.085786437634 99.70000000018175
  endloop
endfacet
facet normal 0.6087614290088742 -0.7933533402911171 3.302996793940181e-16
  outer loop
    vertex 351.74105365245117 -517.085786437634 105.70000000017617
    vertex 352.155267214824 -516.7679491924383 99.70000000018175
    vertex 352.155267214824 -516.7679491924383 105.70000000017617
  endloop
endfacet
facet normal -0.9238795325112246 0.38268343236524005 -1.5932398415792748e-16
  outer loop
    vertex 420.0871188674023 -584.0176380902122 99.70000000018176
    vertex 419.88731802239306 -584.5000000000072 105.70000000017606
    vertex 420.0871188674023 -584.0176380902122 105.70000000017606
  endloop
endfacet
facet normal -0.9238795325112246 0.38268343236524005 -1.5932398415792748e-16
  outer loop
    vertex 419.88731802239306 -584.5000000000072 105.70000000017606
    vertex 420.0871188674023 -584.0176380902122 99.70000000018176
    vertex 419.88731802239306 -584.5000000000072 99.70000000018176
  endloop
endfacet
facet normal 0.6087614290088309 0.7933533402911507 -3.30299679395442e-16
  outer loop
    vertex 352.155267214824 -585.232050807576 105.70000000017606
    vertex 351.74105365245117 -584.9142135623804 99.70000000018176
    vertex 351.74105365245117 -584.9142135623804 105.70000000017606
  endloop
endfacet
facet normal 0.6087614290088309 0.7933533402911507 -3.30299679395442e-16
  outer loop
    vertex 351.74105365245117 -584.9142135623804 99.70000000018176
    vertex 352.155267214824 -585.232050807576 105.70000000017606
    vertex 352.155267214824 -585.232050807576 99.70000000018176
  endloop
endfacet
facet normal 0.13052619222006726 -0.9914448613738082 4.1277184227881185e-16
  outer loop
    vertex 353.15526721482416 -516.5000000000072 99.70000000018175
    vertex 352.6376291246191 -516.5681483474291 105.70000000017617
    vertex 352.6376291246191 -516.5681483474291 99.70000000018175
  endloop
endfacet
facet normal 0.13052619222006726 -0.9914448613738082 4.1277184227881185e-16
  outer loop
    vertex 352.6376291246191 -516.5681483474291 105.70000000017617
    vertex 353.15526721482416 -516.5000000000072 99.70000000018175
    vertex 353.15526721482416 -516.5000000000072 105.70000000017617
  endloop
endfacet
facet normal 0.6087614290088742 0.7933533402911171 -3.3029967939683816e-16
  outer loop
    vertex 352.155267214824 -520.2320508075761 105.70000000017617
    vertex 351.74105365245117 -519.9142135623804 99.70000000018175
    vertex 351.74105365245117 -519.9142135623804 105.70000000017617
  endloop
endfacet
facet normal 0.6087614290088742 0.7933533402911171 -3.3029967939683816e-16
  outer loop
    vertex 351.74105365245117 -519.9142135623804 99.70000000018175
    vertex 352.155267214824 -520.2320508075761 105.70000000017617
    vertex 352.155267214824 -520.2320508075761 99.70000000018175
  endloop
endfacet
facet normal 0.40524131400495184 0.9142097557035475 -1.6161494921601668e-14
  outer loop
    vertex 366.41528801046104 -591.6795181905621 105.70000000017622
    vertex 368.4345127583946 -592.5745789630151 97.70000000018096
    vertex 366.4152880104607 -591.6795181905621 97.70000000018096
  endloop
endfacet
facet normal 0.40524131400495184 0.9142097557035475 -1.6161494921601668e-14
  outer loop
    vertex 368.4345127583946 -592.5745789630151 97.70000000018096
    vertex 366.41528801046104 -591.6795181905621 105.70000000017622
    vertex 368.434512758395 -592.5745789630151 105.70000000017622
  endloop
endfacet
facet normal 0.7933533402912524 0.6087614290086983 4.947590165285901e-14
  outer loop
    vertex 358.3514196375312 -580.5000000000072 97.70000000018096
    vertex 357.39790790194337 -579.2573593128878 105.70000000017606
    vertex 358.3514196375306 -580.5000000000072 105.70000000017606
  endloop
endfacet
facet normal 0.7933533402912524 0.6087614290086983 4.947590165285901e-14
  outer loop
    vertex 357.39790790194337 -579.2573593128878 105.70000000017606
    vertex 358.3514196375312 -580.5000000000072 97.70000000018096
    vertex 357.39790790194394 -579.257359312888 97.70000000018096
  endloop
endfacet
facet normal 0.7933533402912524 0.6087614290086983 4.947590165285901e-14
  outer loop
    vertex 357.39790790194394 -579.257359312888 97.70000000018096
    vertex 358.3514196375312 -580.5000000000072 97.70000000018096
    vertex 357.5475157358972 -579.4523320380719 97.70000000017764
  endloop
endfacet
facet normal 0.4496113296547346 0.8932243011954509 6.070279226787641e-15
  outer loop
    vertex 366.41528801046104 -591.6795181905621 105.70000000017622
    vertex 364.4424140576546 -590.6864568956831 97.70000000018096
    vertex 364.4424140576541 -590.6864568956831 105.7000000001762
  endloop
endfacet
facet normal 0.4496113296547346 0.8932243011954509 6.070279226787641e-15
  outer loop
    vertex 364.4424140576546 -590.6864568956831 97.70000000018096
    vertex 366.41528801046104 -591.6795181905621 105.70000000017622
    vertex 366.4152880104607 -591.6795181905621 97.70000000018096
  endloop
endfacet
facet normal 0.9914448613738108 -0.13052619222004944 5.434244396975544e-17
  outer loop
    vertex 416.1552672148242 -583.5000000000072 99.70000000018176
    vertex 416.22341556224603 -582.9823619098021 105.70000000017606
    vertex 416.1552672148242 -583.5000000000072 105.70000000017606
  endloop
endfacet
facet normal 0.9914448613738108 -0.13052619222004944 5.434244396975544e-17
  outer loop
    vertex 416.22341556224603 -582.9823619098021 105.70000000017606
    vertex 416.1552672148242 -583.5000000000072 99.70000000018176
    vertex 416.22341556224603 -582.9823619098021 99.70000000018176
  endloop
endfacet
facet normal 0.9238795325112448 0.3826834323651912 -1.5932398415790715e-16
  outer loop
    vertex 351.4232164072552 -519.5000000000072 99.70000000018175
    vertex 351.22341556224586 -519.0176380902122 105.70000000017617
    vertex 351.4232164072552 -519.5000000000072 105.70000000017617
  endloop
endfacet
facet normal 0.9238795325112448 0.3826834323651912 -1.5932398415790715e-16
  outer loop
    vertex 351.22341556224586 -519.0176380902122 105.70000000017617
    vertex 351.4232164072552 -519.5000000000072 99.70000000018175
    vertex 351.22341556224586 -519.0176380902122 99.70000000018175
  endloop
endfacet
facet normal 0.9924795345986944 0.12241067519934157 -5.096368127483273e-17
  outer loop
    vertex 333.72350044167433 -558.7033499089185 105.70000000017518
    vertex 333.40806906453463 -556.1458998673139 110.00000000017522
    vertex 333.72350044167433 -558.7033499089185 110.00000000017522
  endloop
endfacet
facet normal 0.9924795345986944 0.12241067519934157 -5.096368127483273e-17
  outer loop
    vertex 333.40806906453463 -556.1458998673139 110.00000000017522
    vertex 333.72350044167433 -558.7033499089185 105.70000000017518
    vertex 333.40806906453463 -556.1458998673139 105.70000000017518
  endloop
endfacet
facet normal -0.07356456359956685 -0.9972904566786975 4.144324204270823e-16
  outer loop
    vertex 390.80116708212154 -498.75280184971655 105.70000000017632
    vertex 388.23132011700903 -498.56323854923556 110.00000000017621
    vertex 388.23132011700903 -498.56323854923556 105.70000000017617
  endloop
endfacet
facet normal -0.07356456359956685 -0.9972904566786975 4.144324204270823e-16
  outer loop
    vertex 388.23132011700903 -498.56323854923556 110.00000000017621
    vertex 390.80116708212154 -498.75280184971655 105.70000000017632
    vertex 390.80116708212154 -498.75280184971655 110.00000000017636
  endloop
endfacet
facet normal 0.7572088465063569 0.6531728429539247 7.548728368224876e-17
  outer loop
    vertex 346.75533313369255 -586.2568451294792 105.70000000017535
    vertex 345.0722184132836 -584.3056474186022 110.00000000017538
    vertex 346.75533313369255 -586.2568451294792 110.00000000017538
  endloop
endfacet
facet normal 0.7572088465063569 0.6531728429539247 7.548728368224876e-17
  outer loop
    vertex 345.0722184132836 -584.3056474186022 110.00000000017538
    vertex 346.75533313369255 -586.2568451294792 105.70000000017535
    vertex 345.0722184132836 -584.3056474186022 105.70000000017535
  endloop
endfacet
facet normal -0.49289819222984016 0.8700869911086796 5.485007037656339e-16
  outer loop
    vertex 412.6456612849725 -596.030752025019 110.00000000017668
    vertex 410.4035958981934 -597.3008663782934 105.70000000017652
    vertex 410.4035958981934 -597.3008663782934 110.00000000017653
  endloop
endfacet
facet normal -0.49289819222984016 0.8700869911086796 5.485007037656339e-16
  outer loop
    vertex 410.4035958981934 -597.3008663782934 105.70000000017652
    vertex 412.6456612849725 -596.030752025019 110.00000000017668
    vertex 412.6456612849725 -596.030752025019 105.70000000017666
  endloop
endfacet
facet normal 0.6531728429536678 0.7572088465065784 4.845309727697183e-16
  outer loop
    vertex 352.349619796237 -591.5830488015539 110.00000000017552
    vertex 350.3984220853596 -589.8999340811457 105.70000000017548
    vertex 350.3984220853596 -589.8999340811457 110.00000000017552
  endloop
endfacet
facet normal 0.6531728429536678 0.7572088465065784 4.845309727697183e-16
  outer loop
    vertex 350.3984220853596 -589.8999340811457 105.70000000017548
    vertex 352.349619796237 -591.5830488015539 110.00000000017552
    vertex 352.349619796237 -591.5830488015539 105.70000000017563
  endloop
endfacet
facet normal 0.9757021300384907 0.21910124015703794 -9.121921557985102e-17
  outer loop
    vertex 334.7286264221124 -563.7564594449332 105.70000000017518
    vertex 334.1640399936559 -561.2422419058587 110.00000000017522
    vertex 334.7286264221124 -563.7564594449332 110.00000000017522
  endloop
endfacet
facet normal 0.9757021300384907 0.21910124015703794 -9.121921557985102e-17
  outer loop
    vertex 334.1640399936559 -561.2422419058587 110.00000000017522
    vertex 334.7286264221124 -563.7564594449332 105.70000000017518
    vertex 334.1640399936559 -561.2422419058587 105.70000000017518
  endloop
endfacet
facet normal 0.534997619887044 0.8448535652497408 5.293558174919675e-16
  outer loop
    vertex 358.66487314468395 -596.0307520250238 110.00000000017567
    vertex 356.487829981299 -594.6521546458935 105.70000000017563
    vertex 356.487829981299 -594.6521546458935 110.00000000017552
  endloop
endfacet
facet normal 0.534997619887044 0.8448535652497408 5.293558174919675e-16
  outer loop
    vertex 356.487829981299 -594.6521546458935 105.70000000017563
    vertex 358.66487314468395 -596.0307520250238 110.00000000017567
    vertex 358.66487314468395 -596.0307520250238 105.70000000017563
  endloop
endfacet
facet normal 0.9238795325113007 0.38268343236505603 2.4317620304233236e-15
  outer loop
    vertex 339.21898819723384 -597.6307403921872 103.00000000017296
    vertex 338.86933671846765 -596.7866070500461 110.00000000017506
    vertex 339.21898819723384 -597.6307403921871 110.00000000017506
  endloop
endfacet
facet normal 0.9238795325113007 0.38268343236505603 2.4317620304233236e-15
  outer loop
    vertex 338.86933671846765 -596.7866070500461 110.00000000017506
    vertex 339.21898819723384 -597.6307403921872 103.00000000017296
    vertex 338.8693367184677 -596.7866070500461 103.00000000017296
  endloop
endfacet
facet normal 0.9924795345987221 -0.12241067519911737 5.0963681274739383e-17
  outer loop
    vertex 333.4080690645335 -545.8541001327101 105.70000000017518
    vertex 333.7235004416726 -543.2966500911056 110.00000000017522
    vertex 333.4080690645335 -545.8541001327101 110.00000000017522
  endloop
endfacet
facet normal 0.9924795345987221 -0.12241067519911737 5.0963681274739383e-17
  outer loop
    vertex 333.7235004416726 -543.2966500911056 110.00000000017522
    vertex 333.4080690645335 -545.8541001327101 105.70000000017518
    vertex 333.7235004416726 -543.2966500911056 105.70000000017518
  endloop
endfacet
facet normal -1.0 -7.793361915405104e-15 6.143219496430119e-27
  outer loop
    vertex 330.85526721481824 -496.0000000000023 100.50000000017346
    vertex 330.8552672148191 -606.0000000000022 110.00000000017322
    vertex 330.8552672148191 -496.0000000000023 110.00000000017317
  endloop
endfacet
facet normal -1.0 -7.793361915405104e-15 6.143219496430119e-27
  outer loop
    vertex 330.8552672148191 -606.0000000000022 110.00000000017322
    vertex 330.85526721481824 -496.0000000000023 100.50000000017346
    vertex 330.85526721481995 -606.000000000002 100.50000000017481
  endloop
endfacet
facet normal -0.38141883374007 -0.9244023254233656 -0.00011840709006052454
  outer loop
    vertex 418.672905305029 -581.5681483474291 99.70000000018176
    vertex 419.15526721482405 -581.7679491924384 105.70000000017606
    vertex 418.66743444881143 -581.5674280955441 105.7000000001762
  endloop
endfacet
facet normal -0.38141883374007 -0.9244023254233656 -0.00011840709006052454
  outer loop
    vertex 419.15526721482405 -581.7679491924384 105.70000000017606
    vertex 418.672905305029 -581.5681483474291 99.70000000018176
    vertex 419.15526721482405 -581.7679491924384 99.70000000018176
  endloop
endfacet
facet normal 0.9914448613738186 -0.1305261922199897 6.625165472835953e-17
  outer loop
    vertex 416.15526721482405 -518.5000000000073 99.70000000018175
    vertex 416.2226953103608 -517.9878327660196 105.70000000017617
    vertex 416.15526721482405 -518.5000000000073 105.70000000017617
  endloop
endfacet
facet normal 0.9914448613738186 -0.1305261922199897 6.625165472835953e-17
  outer loop
    vertex 416.2226953103608 -517.9878327660196 105.70000000017617
    vertex 416.15526721482405 -518.5000000000073 99.70000000018175
    vertex 416.22341556224575 -517.9823619098022 99.70000000018175
  endloop
endfacet
facet normal 1.700870805100839e-16 1.0 4.489711494515546e-16
  outer loop
    vertex 330.8552672148191 -496.0000000000023 110.00000000017317
    vertex 333.6552672148181 -496.0000000000023 97.70000000017342
    vertex 330.85526721481824 -496.0000000000023 100.50000000017346
  endloop
endfacet
facet normal 1.700870805100839e-16 1.0 4.489711494515546e-16
  outer loop
    vertex 333.6552672148181 -496.0000000000023 97.70000000017342
    vertex 330.8552672148191 -496.0000000000023 110.00000000017317
    vertex 440.455267214818 -496.00000000000233 110.00000000017346
  endloop
endfacet
facet normal 1.700870805100839e-16 1.0 4.489711494515546e-16
  outer loop
    vertex 333.6552672148181 -496.0000000000023 97.70000000017342
    vertex 440.455267214818 -496.00000000000233 110.00000000017346
    vertex 437.65526721481814 -496.0000000000023 97.70000000017342
  endloop
endfacet
facet normal 1.700870805100839e-16 1.0 4.489711494515546e-16
  outer loop
    vertex 437.65526721481814 -496.0000000000023 97.70000000017342
    vertex 440.455267214818 -496.00000000000233 110.00000000017346
    vertex 440.455267214818 -496.0000000000023 100.50000000017347
  endloop
endfacet
facet normal 1.9195190387570572e-15 4.1633363423443607e-16 1.0
  outer loop
    vertex 343.15594376833826 -599.261480784199 103.00000000017296
    vertex 341.34421045262064 -599.261480784199 103.00000000017296
    vertex 342.2500771104794 -599.3807403921871 103.00000000017296
  endloop
endfacet
facet normal 1.9195190387570572e-15 4.1633363423443607e-16 1.0
  outer loop
    vertex 341.34421045262064 -599.261480784199 103.00000000017296
    vertex 343.15594376833826 -599.261480784199 103.00000000017296
    vertex 344.0000771104795 -598.9118293054327 103.00000000017296
  endloop
endfacet
facet normal 1.9195190387570572e-15 4.1633363423443607e-16 1.0
  outer loop
    vertex 341.34421045262064 -599.261480784199 103.00000000017296
    vertex 344.0000771104795 -598.9118293054327 103.00000000017296
    vertex 340.5000771104794 -598.9118293054327 103.00000000017296
  endloop
endfacet
facet normal 1.9195190387570572e-15 4.1633363423443607e-16 1.0
  outer loop
    vertex 340.5000771104794 -598.9118293054327 103.00000000017296
    vertex 344.0000771104795 -598.9118293054327 103.00000000017296
    vertex 344.7249508446324 -598.35561412634 103.00000000017296
  endloop
endfacet
facet normal 1.9195190387570572e-15 4.1633363423443607e-16 1.0
  outer loop
    vertex 340.5000771104794 -598.9118293054327 103.00000000017296
    vertex 344.7249508446324 -598.35561412634 103.00000000017296
    vertex 339.7752033763265 -598.35561412634 103.00000000017296
  endloop
endfacet
facet normal 1.9195190387570572e-15 4.1633363423443607e-16 1.0
  outer loop
    vertex 339.7752033763265 -598.35561412634 103.00000000017296
    vertex 344.7249508446324 -598.35561412634 103.00000000017296
    vertex 345.28116602372495 -597.6307403921872 103.00000000017296
  endloop
endfacet
facet normal 1.9195190387570572e-15 4.1633363423443607e-16 1.0
  outer loop
    vertex 339.7752033763265 -598.35561412634 103.00000000017296
    vertex 345.28116602372495 -597.6307403921872 103.00000000017296
    vertex 339.21898819723384 -597.6307403921872 103.00000000017296
  endloop
endfacet
facet normal 1.9195190387570572e-15 4.1633363423443607e-16 1.0
  outer loop
    vertex 339.21898819723384 -597.6307403921872 103.00000000017296
    vertex 345.28116602372495 -597.6307403921872 103.00000000017296
    vertex 345.6308175024912 -596.7866070500461 103.00000000017296
  endloop
endfacet
facet normal 1.9195190387570572e-15 4.1633363423443607e-16 1.0
  outer loop
    vertex 339.21898819723384 -597.6307403921872 103.00000000017296
    vertex 345.6308175024912 -596.7866070500461 103.00000000017296
    vertex 338.8693367184677 -596.7866070500461 103.00000000017296
  endloop
endfacet
facet normal 1.9195190387570572e-15 4.1633363423443607e-16 1.0
  outer loop
    vertex 338.8693367184677 -596.7866070500461 103.00000000017296
    vertex 345.6308175024912 -596.7866070500461 103.00000000017296
    vertex 345.7500771104795 -595.8807403921871 103.00000000017296
  endloop
endfacet
facet normal 1.9195190387570572e-15 4.1633363423443607e-16 1.0
  outer loop
    vertex 338.8693367184677 -596.7866070500461 103.00000000017296
    vertex 345.7500771104795 -595.8807403921871 103.00000000017296
    vertex 338.7500771104795 -595.8807403921871 103.00000000017296
  endloop
endfacet
facet normal 1.9195190387570572e-15 4.1633363423443607e-16 1.0
  outer loop
    vertex 338.7500771104795 -595.8807403921871 103.00000000017296
    vertex 345.7500771104795 -595.8807403921871 103.00000000017296
    vertex 345.6308175024912 -594.9748737343284 103.00000000017296
  endloop
endfacet
facet normal 1.9195190387570572e-15 4.1633363423443607e-16 1.0
  outer loop
    vertex 338.7500771104795 -595.8807403921871 103.00000000017296
    vertex 345.6308175024912 -594.9748737343284 103.00000000017296
    vertex 338.8693367184677 -594.9748737343284 103.00000000017296
  endloop
endfacet
facet normal 1.9195190387570572e-15 4.1633363423443607e-16 1.0
  outer loop
    vertex 338.8693367184677 -594.9748737343284 103.00000000017296
    vertex 345.6308175024912 -594.9748737343284 103.00000000017296
    vertex 345.28116602372495 -594.1307403921872 103.00000000017296
  endloop
endfacet
facet normal 1.9195190387570572e-15 4.1633363423443607e-16 1.0
  outer loop
    vertex 338.8693367184677 -594.9748737343284 103.00000000017296
    vertex 345.28116602372495 -594.1307403921872 103.00000000017296
    vertex 339.21898819723384 -594.1307403921872 103.00000000017296
  endloop
endfacet
facet normal 1.9195190387570572e-15 4.1633363423443607e-16 1.0
  outer loop
    vertex 339.21898819723384 -594.1307403921872 103.00000000017296
    vertex 345.28116602372495 -594.1307403921872 103.00000000017296
    vertex 339.7752033763265 -593.4058666580343 103.00000000017296
  endloop
endfacet
facet normal 1.9195190387570572e-15 4.1633363423443607e-16 1.0
  outer loop
    vertex 339.7752033763265 -593.4058666580343 103.00000000017296
    vertex 345.28116602372495 -594.1307403921872 103.00000000017296
    vertex 344.7249508446323 -593.4058666580343 103.00000000017296
  endloop
endfacet
facet normal 1.9195190387570572e-15 4.1633363423443607e-16 1.0
  outer loop
    vertex 339.7752033763265 -593.4058666580343 103.00000000017296
    vertex 344.7249508446323 -593.4058666580343 103.00000000017296
    vertex 344.0000771104795 -592.8496514789416 103.00000000017296
  endloop
endfacet
facet normal 1.9195190387570572e-15 4.1633363423443607e-16 1.0
  outer loop
    vertex 339.7752033763265 -593.4058666580343 103.00000000017296
    vertex 344.0000771104795 -592.8496514789416 103.00000000017296
    vertex 340.5000771104794 -592.8496514789416 103.00000000017296
  endloop
endfacet
facet normal 1.9195190387570572e-15 4.1633363423443607e-16 1.0
  outer loop
    vertex 340.5000771104794 -592.8496514789416 103.00000000017296
    vertex 344.0000771104795 -592.8496514789416 103.00000000017296
    vertex 343.15594376833826 -592.5000000001755 103.00000000017296
  endloop
endfacet
facet normal 1.9195190387570572e-15 4.1633363423443607e-16 1.0
  outer loop
    vertex 340.5000771104794 -592.8496514789416 103.00000000017296
    vertex 343.15594376833826 -592.5000000001755 103.00000000017296
    vertex 341.34421045262064 -592.5000000001755 103.00000000017296
  endloop
endfacet
facet normal 1.9195190387570572e-15 4.1633363423443607e-16 1.0
  outer loop
    vertex 341.34421045262064 -592.5000000001755 103.00000000017296
    vertex 343.15594376833826 -592.5000000001755 103.00000000017296
    vertex 342.2500771104794 -592.3807403921871 103.00000000017296
  endloop
endfacet
facet normal -0.9757021300384912 -0.2191012401570364 9.12192155798504e-17
  outer loop
    vertex 436.58190800753675 -538.2435405550812 105.70000000017706
    vertex 437.14649443599313 -540.7577580941557 110.0000000001771
    vertex 436.58190800753675 -538.2435405550812 110.0000000001771
  endloop
endfacet
facet normal -0.9757021300384912 -0.2191012401570364 9.12192155798504e-17
  outer loop
    vertex 437.14649443599313 -540.7577580941557 110.0000000001771
    vertex 436.58190800753675 -538.2435405550812 105.70000000017706
    vertex 437.14649443599313 -540.7577580941557 105.70000000017706
  endloop
endfacet
facet normal -0.991444861373806 -0.13052619222008444 -1.1433495464500195e-17
  outer loop
    vertex 345.63081750249114 -594.9748737343284 110.0000000001752
    vertex 345.7500771104795 -595.8807403921871 103.00000000017296
    vertex 345.7500771104795 -595.8807403921871 110.0000000001752
  endloop
endfacet
facet normal -0.991444861373806 -0.13052619222008444 -1.1433495464500195e-17
  outer loop
    vertex 345.7500771104795 -595.8807403921871 103.00000000017296
    vertex 345.63081750249114 -594.9748737343284 110.0000000001752
    vertex 345.6308175024912 -594.9748737343284 103.00000000017296
  endloop
endfacet
facet normal -5.826645925007279e-16 -1.0 -1.2424448642057076e-14
  outer loop
    vertex 330.85526721481995 -606.000000000002 100.50000000017481
    vertex 440.455267214818 -606.0000000000023 110.00000000017351
    vertex 330.8552672148191 -606.0000000000022 110.00000000017322
  endloop
endfacet
facet normal -5.826645925007279e-16 -1.0 -1.2424448642057076e-14
  outer loop
    vertex 440.455267214818 -606.0000000000023 110.00000000017351
    vertex 330.85526721481995 -606.000000000002 100.50000000017481
    vertex 333.6552672148199 -606.000000000002 97.70000000017477
  endloop
endfacet
facet normal -5.826645925007279e-16 -1.0 -1.2424448642057076e-14
  outer loop
    vertex 440.455267214818 -606.0000000000023 110.00000000017351
    vertex 333.6552672148199 -606.000000000002 97.70000000017477
    vertex 437.65526721481785 -606.0000000000022 97.70000000017376
  endloop
endfacet
facet normal -5.826645925007279e-16 -1.0 -1.2424448642057076e-14
  outer loop
    vertex 440.455267214818 -606.0000000000023 110.00000000017351
    vertex 437.65526721481785 -606.0000000000022 97.70000000017376
    vertex 440.45526721481775 -606.0000000000022 100.5000000001738
  endloop
endfacet
facet normal 1.0 -1.230530828748199e-15 -1.4248251701294645e-14
  outer loop
    vertex 440.45526721481775 -606.0000000000022 100.5000000001738
    vertex 440.455267214818 -496.00000000000233 110.00000000017346
    vertex 440.455267214818 -606.0000000000023 110.00000000017351
  endloop
endfacet
facet normal 1.0 -1.230530828748199e-15 -1.4248251701294645e-14
  outer loop
    vertex 440.455267214818 -496.00000000000233 110.00000000017346
    vertex 440.45526721481775 -606.0000000000022 100.5000000001738
    vertex 440.455267214818 -496.0000000000023 100.50000000017347
  endloop
endfacet
facet normal 0.7071067811865761 -3.893124118406276e-15 -0.707106781186519
  outer loop
    vertex 437.65526721481785 -606.0000000000022 97.70000000017376
    vertex 440.455267214818 -496.0000000000023 100.50000000017347
    vertex 440.45526721481775 -606.0000000000022 100.5000000001738
  endloop
endfacet
facet normal 0.7071067811865761 -3.893124118406276e-15 -0.707106781186519
  outer loop
    vertex 440.455267214818 -496.0000000000023 100.50000000017347
    vertex 437.65526721481785 -606.0000000000022 97.70000000017376
    vertex 437.65526721481814 -496.0000000000023 97.70000000017342
  endloop
endfacet
facet normal 0.38268343236521973 -0.923879532511233 3.8464212336521124e-16
  outer loop
    vertex 417.637629124619 -516.5681483474291 99.70000000018175
    vertex 417.1552672148243 -516.7679491924383 105.70000000017617
    vertex 417.1552672148243 -516.7679491924383 99.70000000018175
  endloop
endfacet
facet normal 0.38268343236521973 -0.923879532511233 3.8464212336521124e-16
  outer loop
    vertex 417.1552672148243 -516.7679491924383 105.70000000017617
    vertex 417.637629124619 -516.5681483474291 99.70000000018175
    vertex 417.637629124619 -516.5681483474291 105.70000000017617
  endloop
endfacet
facet normal -0.9914448613738093 0.13052619222006076 3.2590263305675273e-15
  outer loop
    vertex 345.7500771104795 -595.8807403921871 103.00000000017296
    vertex 345.6308175024912 -596.7866070500461 110.0000000001752
    vertex 345.7500771104795 -595.8807403921871 110.0000000001752
  endloop
endfacet
facet normal -0.9914448613738093 0.13052619222006076 3.2590263305675273e-15
  outer loop
    vertex 345.6308175024912 -596.7866070500461 110.0000000001752
    vertex 345.7500771104795 -595.8807403921871 103.00000000017296
    vertex 345.6308175024912 -596.7866070500461 103.00000000017296
  endloop
endfacet
facet normal -0.9238795325112866 -0.38268343236508984 -2.819852456330447e-15
  outer loop
    vertex 345.28116602372495 -594.1307403921872 110.00000000017518
    vertex 345.6308175024912 -594.9748737343284 103.00000000017296
    vertex 345.63081750249114 -594.9748737343284 110.0000000001752
  endloop
endfacet
facet normal -0.9238795325112866 -0.38268343236508984 -2.819852456330447e-15
  outer loop
    vertex 345.6308175024912 -594.9748737343284 103.00000000017296
    vertex 345.28116602372495 -594.1307403921872 110.00000000017518
    vertex 345.28116602372495 -594.1307403921872 103.00000000017296
  endloop
endfacet
facet normal 0.9914448613738197 0.1305261922199807 -5.4342443969726823e-17
  outer loop
    vertex 416.22341556224603 -584.0176380902122 99.70000000018176
    vertex 416.1552672148242 -583.5000000000072 105.70000000017606
    vertex 416.22341556224603 -584.0176380902122 105.70000000017606
  endloop
endfacet
facet normal 0.9914448613738197 0.1305261922199807 -5.4342443969726823e-17
  outer loop
    vertex 416.1552672148242 -583.5000000000072 105.70000000017606
    vertex 416.22341556224603 -584.0176380902122 99.70000000018176
    vertex 416.1552672148242 -583.5000000000072 99.70000000018176
  endloop
endfacet
facet normal -0.7071067811865673 -1.9817433772003067e-14 -0.7071067811865277
  outer loop
    vertex 330.85526721481824 -496.0000000000023 100.50000000017346
    vertex 333.6552672148199 -606.000000000002 97.70000000017477
    vertex 330.85526721481995 -606.000000000002 100.50000000017481
  endloop
endfacet
facet normal -0.7071067811865673 -1.9817433772003067e-14 -0.7071067811865277
  outer loop
    vertex 333.6552672148199 -606.000000000002 97.70000000017477
    vertex 330.85526721481824 -496.0000000000023 100.50000000017346
    vertex 333.6552672148181 -496.0000000000023 97.70000000017342
  endloop
endfacet
facet normal -4.853596157462249e-15 -7.645702253129997e-15 -1.0
  outer loop
    vertex 415.15526721482354 -578.3038475773005 97.70000000018096
    vertex 421.3154974930878 -578.4267965941041 97.70000000018096
    vertex 414.1075992528877 -579.1077514789349 97.70000000017764
  endloop
endfacet
facet normal -4.853596157462249e-15 -7.645702253129997e-15 -1.0
  outer loop
    vertex 421.3154974930878 -578.4267965941041 97.70000000018096
    vertex 415.15526721482354 -578.3038475773005 97.70000000018096
    vertex 421.1552672148236 -578.3038475773005 97.70000000018096
  endloop
endfacet
facet normal -4.853596157462249e-15 -7.645702253129997e-15 -1.0
  outer loop
    vertex 421.1552672148236 -578.3038475773005 97.70000000018096
    vertex 415.15526721482354 -578.3038475773005 97.70000000018096
    vertex 416.60235294420846 -577.7044450422728 97.70000000018096
  endloop
endfacet
facet normal -4.853596157462249e-15 -7.645702253129997e-15 -1.0
  outer loop
    vertex 421.1552672148236 -578.3038475773005 97.70000000018096
    vertex 416.60235294420846 -577.7044450422728 97.70000000018096
    vertex 419.7081814854388 -577.7044450422728 97.70000000018096
  endloop
endfacet
facet normal -4.853596157462249e-15 -7.645702253129997e-15 -1.0
  outer loop
    vertex 419.7081814854388 -577.7044450422728 97.70000000018096
    vertex 416.60235294420846 -577.7044450422728 97.70000000018096
    vertex 418.1552672148236 -577.5000000000073 97.70000000018096
  endloop
endfacet
facet normal -4.853596157462249e-15 -7.645702253129997e-15 -1.0
  outer loop
    vertex 416.60235294420846 -524.2955549577416 97.70000000018094
    vertex 419.7081814854388 -524.2955549577416 97.70000000018094
    vertex 418.1552672148236 -524.5000000000073 97.70000000018094
  endloop
endfacet
facet normal -4.853596157462249e-15 -7.645702253129997e-15 -1.0
  outer loop
    vertex 419.7081814854388 -524.2955549577416 97.70000000018094
    vertex 416.60235294420846 -524.2955549577416 97.70000000018094
    vertex 415.15526721482354 -523.6961524227138 97.70000000018094
  endloop
endfacet
facet normal -4.853596157462249e-15 -7.645702253129997e-15 -1.0
  outer loop
    vertex 419.7081814854388 -524.2955549577416 97.70000000018094
    vertex 415.15526721482354 -523.6961524227138 97.70000000018094
    vertex 421.1552672148236 -523.6961524227138 97.70000000018094
  endloop
endfacet
facet normal -4.853596157462249e-15 -7.645702253129997e-15 -1.0
  outer loop
    vertex 421.1552672148236 -523.6961524227138 97.70000000018094
    vertex 415.15526721482354 -523.6961524227138 97.70000000018094
    vertex 414.1075992528877 -522.8922485210798 97.70000000017761
  endloop
endfacet
facet normal -4.853596157462249e-15 -7.645702253129997e-15 -1.0
  outer loop
    vertex 421.1552672148236 -523.6961524227138 97.70000000018094
    vertex 414.1075992528877 -522.8922485210798 97.70000000017761
    vertex 421.3154974930878 -523.5732034059104 97.70000000018094
  endloop
endfacet
facet normal -4.853596157462249e-15 -7.645702253129997e-15 -1.0
  outer loop
    vertex 333.6552672148199 -606.000000000002 97.70000000017477
    vertex 383.4472218700897 -595.94579552924 97.70000000018098
    vertex 385.6552672148236 -596.0000000000072 97.70000000018098
  endloop
endfacet
facet normal -4.853596157462249e-15 -7.645702253129997e-15 -1.0
  outer loop
    vertex 383.4472218700897 -595.94579552924 97.70000000018098
    vertex 333.6552672148199 -606.000000000002 97.70000000017477
    vertex 381.24449589999347 -595.783312700256 97.70000000018098
  endloop
endfacet
facet normal -4.853596157462249e-15 -7.645702253129997e-15 -1.0
  outer loop
    vertex 381.24449589999347 -595.783312700256 97.70000000018098
    vertex 333.6552672148199 -606.000000000002 97.70000000017477
    vertex 379.05239586433225 -595.5129429484223 97.70000000018096
  endloop
endfacet
facet normal -4.853596157462249e-15 -7.645702253129997e-15 -1.0
  outer loop
    vertex 379.05239586433225 -595.5129429484223 97.70000000018096
    vertex 333.6552672148199 -606.000000000002 97.70000000017477
    vertex 376.8762027240978 -595.1353376181524 97.70000000018096
  endloop
endfacet
facet normal -4.853596157462249e-15 -7.645702253129997e-15 -1.0
  outer loop
    vertex 376.8762027240978 -595.1353376181524 97.70000000018096
    vertex 333.6552672148199 -606.000000000002 97.70000000017477
    vertex 374.7211591191768 -594.6514063937616 97.70000000018096
  endloop
endfacet
facet normal -4.853596157462249e-15 -7.645702253129997e-15 -1.0
  outer loop
    vertex 374.7211591191768 -594.6514063937616 97.70000000018096
    vertex 333.6552672148199 -606.000000000002 97.70000000017477
    vertex 372.5924567383727 -594.0623151079566 97.70000000018096
  endloop
endfacet
facet normal -4.853596157462249e-15 -7.645702253129997e-15 -1.0
  outer loop
    vertex 372.5924567383727 -594.0623151079566 97.70000000018096
    vertex 333.6552672148199 -606.000000000002 97.70000000017477
    vertex 370.49522381217355 -593.3694829332431 97.70000000018096
  endloop
endfacet
facet normal -4.853596157462249e-15 -7.645702253129997e-15 -1.0
  outer loop
    vertex 370.49522381217355 -593.3694829332431 97.70000000018096
    vertex 333.6552672148199 -606.000000000002 97.70000000017477
    vertex 368.4345127583946 -592.5745789630151 97.70000000018096
  endloop
endfacet
facet normal -4.853596157462249e-15 -7.645702253129997e-15 -1.0
  outer loop
    vertex 368.4345127583946 -592.5745789630151 97.70000000018096
    vertex 333.6552672148199 -606.000000000002 97.70000000017477
    vertex 366.4152880104607 -591.6795181905621 97.70000000018096
  endloop
endfacet
facet normal -4.853596157462249e-15 -7.645702253129997e-15 -1.0
  outer loop
    vertex 366.4152880104607 -591.6795181905621 97.70000000018096
    vertex 333.6552672148199 -606.000000000002 97.70000000017477
    vertex 364.4424140576546 -590.6864568956831 97.70000000018096
  endloop
endfacet
facet normal -4.853596157462249e-15 -7.645702253129997e-15 -1.0
  outer loop
    vertex 364.4424140576546 -590.6864568956831 97.70000000018096
    vertex 333.6552672148199 -606.000000000002 97.70000000017477
    vertex 362.52064372612966 -589.5977874500195 97.70000000018096
  endloop
endfacet
facet normal -4.853596157462249e-15 -7.645702253129997e-15 -1.0
  outer loop
    vertex 362.52064372612966 -589.5977874500195 97.70000000018096
    vertex 333.6552672148199 -606.000000000002 97.70000000017477
    vertex 360.65460672894227 -588.4161325536218 97.70000000018096
  endloop
endfacet
facet normal -4.853596157462249e-15 -7.645702253129997e-15 -1.0
  outer loop
    vertex 360.65460672894227 -588.4161325536218 97.70000000018096
    vertex 333.6552672148199 -606.000000000002 97.70000000017477
    vertex 358.8487985126648 -587.1443389166362 97.70000000018096
  endloop
endfacet
facet normal -4.853596157462249e-15 -7.645702253129997e-15 -1.0
  outer loop
    vertex 358.8487985126648 -587.1443389166362 97.70000000018096
    vertex 333.6552672148199 -606.000000000002 97.70000000017477
    vertex 358.2284706207276 -586.6602302782713 97.70000000018096
  endloop
endfacet
facet normal -4.853596157462249e-15 -7.645702253129997e-15 -1.0
  outer loop
    vertex 358.2284706207276 -586.6602302782713 97.70000000018096
    vertex 333.6552672148199 -606.000000000002 97.70000000017477
    vertex 349.9950369365607 -578.4267965941041 97.70000000018096
  endloop
endfacet
facet normal -4.853596157462249e-15 -7.645702253129997e-15 -1.0
  outer loop
    vertex 349.9950369365607 -578.4267965941041 97.70000000018096
    vertex 333.6552672148199 -606.000000000002 97.70000000017477
    vertex 349.5109282981955 -577.8064687021667 97.70000000018096
  endloop
endfacet
facet normal -4.853596157462249e-15 -7.645702253129997e-15 -1.0
  outer loop
    vertex 349.5109282981955 -577.8064687021667 97.70000000018096
    vertex 333.6552672148199 -606.000000000002 97.70000000017477
    vertex 348.23913466121024 -576.0006604858893 97.70000000018096
  endloop
endfacet
facet normal -4.853596157462249e-15 -7.645702253129997e-15 -1.0
  outer loop
    vertex 348.23913466121024 -576.0006604858893 97.70000000018096
    vertex 333.6552672148199 -606.000000000002 97.70000000017477
    vertex 347.0574797648124 -574.1346234887021 97.70000000018096
  endloop
endfacet
facet normal -4.853596157462249e-15 -7.645702253129997e-15 -1.0
  outer loop
    vertex 347.0574797648124 -574.1346234887021 97.70000000018096
    vertex 333.6552672148199 -606.000000000002 97.70000000017477
    vertex 345.9688103191484 -572.212853157177 97.70000000018096
  endloop
endfacet
facet normal -4.853596157462249e-15 -7.645702253129997e-15 -1.0
  outer loop
    vertex 345.9688103191484 -572.212853157177 97.70000000018096
    vertex 333.6552672148199 -606.000000000002 97.70000000017477
    vertex 344.9757490242697 -570.2399792043699 97.70000000018095
  endloop
endfacet
facet normal -4.853596157462249e-15 -7.645702253129997e-15 -1.0
  outer loop
    vertex 344.9757490242697 -570.2399792043699 97.70000000018095
    vertex 333.6552672148199 -606.000000000002 97.70000000017477
    vertex 344.0806882518167 -568.2207544564362 97.70000000018095
  endloop
endfacet
facet normal -4.853596157462249e-15 -7.645702253129997e-15 -1.0
  outer loop
    vertex 344.0806882518167 -568.2207544564362 97.70000000018095
    vertex 333.6552672148199 -606.000000000002 97.70000000017477
    vertex 343.2857842815887 -566.1600434026572 97.70000000018095
  endloop
endfacet
facet normal -4.853596157462249e-15 -7.645702253129997e-15 -1.0
  outer loop
    vertex 343.2857842815887 -566.1600434026572 97.70000000018095
    vertex 333.6552672148199 -606.000000000002 97.70000000017477
    vertex 342.5929521068752 -564.062810476458 97.70000000018095
  endloop
endfacet
facet normal -4.853596157462249e-15 -7.645702253129997e-15 -1.0
  outer loop
    vertex 342.5929521068752 -564.062810476458 97.70000000018095
    vertex 333.6552672148199 -606.000000000002 97.70000000017477
    vertex 342.00386082107013 -561.9341080956541 97.70000000018095
  endloop
endfacet
facet normal -4.853596157462249e-15 -7.645702253129997e-15 -1.0
  outer loop
    vertex 342.00386082107013 -561.9341080956541 97.70000000018095
    vertex 333.6552672148199 -606.000000000002 97.70000000017477
    vertex 341.51992959667916 -559.7790644907329 97.70000000018095
  endloop
endfacet
facet normal -4.853596157462249e-15 -7.645702253129997e-15 -1.0
  outer loop
    vertex 341.51992959667916 -559.7790644907329 97.70000000018095
    vertex 333.6552672148199 -606.000000000002 97.70000000017477
    vertex 341.14232426640945 -557.6028713504985 97.70000000018095
  endloop
endfacet
facet normal -4.853596157462249e-15 -7.645702253129997e-15 -1.0
  outer loop
    vertex 341.14232426640945 -557.6028713504985 97.70000000018095
    vertex 333.6552672148199 -606.000000000002 97.70000000017477
    vertex 340.87195451457586 -555.4107713148373 97.70000000018095
  endloop
endfacet
facet normal -4.853596157462249e-15 -7.645702253129997e-15 -1.0
  outer loop
    vertex 340.87195451457586 -555.4107713148373 97.70000000018095
    vertex 333.6552672148199 -606.000000000002 97.70000000017477
    vertex 333.6552672148181 -496.0000000000023 97.70000000017342
  endloop
endfacet
facet normal -4.853596157462249e-15 -7.645702253129997e-15 -1.0
  outer loop
    vertex 358.2284706207276 -586.6602302782713 97.70000000018096
    vertex 349.9950369365607 -578.4267965941041 97.70000000018096
    vertex 358.3514196375312 -586.5000000000072 97.70000000018096
  endloop
endfacet
facet normal -4.853596157462249e-15 -7.645702253129997e-15 -1.0
  outer loop
    vertex 358.3514196375312 -586.5000000000072 97.70000000018096
    vertex 349.9950369365607 -578.4267965941041 97.70000000018096
    vertex 358.9508221725593 -585.0529142706224 97.70000000018096
  endloop
endfacet
facet normal -4.853596157462249e-15 -7.645702253129997e-15 -1.0
  outer loop
    vertex 358.9508221725593 -585.0529142706224 97.70000000018096
    vertex 349.9950369365607 -578.4267965941041 97.70000000018096
    vertex 359.15526721482473 -583.5000000000073 97.70000000018096
  endloop
endfacet
facet normal -4.853596157462249e-15 -7.645702253129997e-15 -1.0
  outer loop
    vertex 359.15526721482473 -583.5000000000073 97.70000000018096
    vertex 349.9950369365607 -578.4267965941041 97.70000000018096
    vertex 358.9508221725593 -581.9470857293921 97.70000000018096
  endloop
endfacet
facet normal -4.853596157462249e-15 -7.645702253129997e-15 -1.0
  outer loop
    vertex 358.9508221725593 -581.9470857293921 97.70000000018096
    vertex 349.9950369365607 -578.4267965941041 97.70000000018096
    vertex 358.3514196375312 -580.5000000000072 97.70000000018096
  endloop
endfacet
facet normal -4.853596157462249e-15 -7.645702253129997e-15 -1.0
  outer loop
    vertex 358.3514196375312 -580.5000000000072 97.70000000018096
    vertex 349.9950369365607 -578.4267965941041 97.70000000018096
    vertex 357.5475157358972 -579.4523320380719 97.70000000017764
  endloop
endfacet
facet normal -4.853596157462249e-15 -7.645702253129997e-15 -1.0
  outer loop
    vertex 357.5475157358972 -579.4523320380719 97.70000000017764
    vertex 349.9950369365607 -578.4267965941041 97.70000000018096
    vertex 357.39790790194394 -579.257359312888 97.70000000018096
  endloop
endfacet
facet normal -4.853596157462249e-15 -7.645702253129997e-15 -1.0
  outer loop
    vertex 357.39790790194394 -579.257359312888 97.70000000018096
    vertex 349.9950369365607 -578.4267965941041 97.70000000018096
    vertex 357.20293517676004 -579.1077514789345 97.70000000017764
  endloop
endfacet
facet normal -4.853596157462249e-15 -7.645702253129997e-15 -1.0
  outer loop
    vertex 340.87195451457586 -555.4107713148373 97.70000000018095
    vertex 333.6552672148181 -496.0000000000023 97.70000000017342
    vertex 340.70947168559195 -553.2080453447411 97.70000000018095
  endloop
endfacet
facet normal -4.853596157462249e-15 -7.645702253129997e-15 -1.0
  outer loop
    vertex 340.70947168559195 -553.2080453447411 97.70000000018095
    vertex 333.6552672148181 -496.0000000000023 97.70000000017342
    vertex 340.6552672148247 -551.0000000000073 97.70000000018095
  endloop
endfacet
facet normal -4.853596157462249e-15 -7.645702253129997e-15 -1.0
  outer loop
    vertex 340.6552672148247 -551.0000000000073 97.70000000018095
    vertex 333.6552672148181 -496.0000000000023 97.70000000017342
    vertex 340.70947168559195 -548.7919546552735 97.70000000018095
  endloop
endfacet
facet normal -4.853596157462249e-15 -7.645702253129997e-15 -1.0
  outer loop
    vertex 340.70947168559195 -548.7919546552735 97.70000000018095
    vertex 333.6552672148181 -496.0000000000023 97.70000000017342
    vertex 340.87195451457586 -546.589228685177 97.70000000018095
  endloop
endfacet
facet normal -4.853596157462249e-15 -7.645702253129997e-15 -1.0
  outer loop
    vertex 340.87195451457586 -546.589228685177 97.70000000018095
    vertex 333.6552672148181 -496.0000000000023 97.70000000017342
    vertex 341.14232426640945 -544.3971286495159 97.70000000018095
  endloop
endfacet
facet normal -4.853596157462249e-15 -7.645702253129997e-15 -1.0
  outer loop
    vertex 341.14232426640945 -544.3971286495159 97.70000000018095
    vertex 333.6552672148181 -496.0000000000023 97.70000000017342
    vertex 341.51992959667916 -542.2209355092815 97.70000000018095
  endloop
endfacet
facet normal -4.853596157462249e-15 -7.645702253129997e-15 -1.0
  outer loop
    vertex 341.51992959667916 -542.2209355092815 97.70000000018095
    vertex 333.6552672148181 -496.0000000000023 97.70000000017342
    vertex 342.00386082107013 -540.0658919043603 97.70000000018094
  endloop
endfacet
facet normal -4.853596157462249e-15 -7.645702253129997e-15 -1.0
  outer loop
    vertex 342.00386082107013 -540.0658919043603 97.70000000018094
    vertex 333.6552672148181 -496.0000000000023 97.70000000017342
    vertex 342.5929521068752 -537.9371895235564 97.70000000018094
  endloop
endfacet
facet normal -4.853596157462249e-15 -7.645702253129997e-15 -1.0
  outer loop
    vertex 342.5929521068752 -537.9371895235564 97.70000000018094
    vertex 333.6552672148181 -496.0000000000023 97.70000000017342
    vertex 343.2857842815887 -535.8399565973574 97.70000000018094
  endloop
endfacet
facet normal -4.853596157462249e-15 -7.645702253129997e-15 -1.0
  outer loop
    vertex 343.2857842815887 -535.8399565973574 97.70000000018094
    vertex 333.6552672148181 -496.0000000000023 97.70000000017342
    vertex 344.0806882518167 -533.7792455435781 97.70000000018094
  endloop
endfacet
facet normal -4.853596157462249e-15 -7.645702253129997e-15 -1.0
  outer loop
    vertex 344.0806882518167 -533.7792455435781 97.70000000018094
    vertex 333.6552672148181 -496.0000000000023 97.70000000017342
    vertex 344.9757490242697 -531.7600207956444 97.70000000018094
  endloop
endfacet
facet normal -4.853596157462249e-15 -7.645702253129997e-15 -1.0
  outer loop
    vertex 344.9757490242697 -531.7600207956444 97.70000000018094
    vertex 333.6552672148181 -496.0000000000023 97.70000000017342
    vertex 345.9688103191484 -529.7871468428373 97.70000000018094
  endloop
endfacet
facet normal -4.853596157462249e-15 -7.645702253129997e-15 -1.0
  outer loop
    vertex 345.9688103191484 -529.7871468428373 97.70000000018094
    vertex 333.6552672148181 -496.0000000000023 97.70000000017342
    vertex 347.0574797648124 -527.8653765113122 97.70000000018094
  endloop
endfacet
facet normal -4.853596157462249e-15 -7.645702253129997e-15 -1.0
  outer loop
    vertex 347.0574797648124 -527.8653765113122 97.70000000018094
    vertex 333.6552672148181 -496.0000000000023 97.70000000017342
    vertex 348.23913466120996 -525.9993395141252 97.70000000018094
  endloop
endfacet
facet normal -4.853596157462249e-15 -7.645702253129997e-15 -1.0
  outer loop
    vertex 348.23913466120996 -525.9993395141252 97.70000000018094
    vertex 333.6552672148181 -496.0000000000023 97.70000000017342
    vertex 349.5109282981955 -524.1935312978478 97.70000000018094
  endloop
endfacet
facet normal -4.853596157462249e-15 -7.645702253129997e-15 -1.0
  outer loop
    vertex 349.5109282981955 -524.1935312978478 97.70000000018094
    vertex 333.6552672148181 -496.0000000000023 97.70000000017342
    vertex 349.9950369365607 -523.5732034059104 97.70000000018094
  endloop
endfacet
facet normal -4.853596157462249e-15 -7.645702253129997e-15 -1.0
  outer loop
    vertex 349.9950369365607 -523.5732034059104 97.70000000018094
    vertex 333.6552672148181 -496.0000000000023 97.70000000017342
    vertex 357.2029351767598 -522.8922485210801 97.70000000017761
  endloop
endfacet
facet normal -4.853596157462249e-15 -7.645702253129997e-15 -1.0
  outer loop
    vertex 357.2029351767598 -522.8922485210801 97.70000000017761
    vertex 333.6552672148181 -496.0000000000023 97.70000000017342
    vertex 357.39790790194394 -522.7426406871265 97.70000000018094
  endloop
endfacet
facet normal -4.853596157462249e-15 -7.645702253129997e-15 -1.0
  outer loop
    vertex 357.39790790194394 -522.7426406871265 97.70000000018094
    vertex 333.6552672148181 -496.0000000000023 97.70000000017342
    vertex 357.54751573589743 -522.5476679619425 97.70000000017761
  endloop
endfacet
facet normal -4.853596157462249e-15 -7.645702253129997e-15 -1.0
  outer loop
    vertex 357.54751573589743 -522.5476679619425 97.70000000017761
    vertex 333.6552672148181 -496.0000000000023 97.70000000017342
    vertex 358.3514196375312 -521.5000000000072 97.70000000018094
  endloop
endfacet
facet normal -4.853596157462249e-15 -7.645702253129997e-15 -1.0
  outer loop
    vertex 358.3514196375312 -521.5000000000072 97.70000000018094
    vertex 333.6552672148181 -496.0000000000023 97.70000000017342
    vertex 358.9508221725589 -520.0529142706223 97.70000000018094
  endloop
endfacet
facet normal -4.853596157462249e-15 -7.645702253129997e-15 -1.0
  outer loop
    vertex 358.9508221725589 -520.0529142706223 97.70000000018094
    vertex 333.6552672148181 -496.0000000000023 97.70000000017342
    vertex 359.15526721482456 -518.5000000000072 97.70000000018094
  endloop
endfacet
facet normal -4.853596157462249e-15 -7.645702253129997e-15 -1.0
  outer loop
    vertex 359.15526721482456 -518.5000000000072 97.70000000018094
    vertex 333.6552672148181 -496.0000000000023 97.70000000017342
    vertex 358.9508221725589 -516.947085729392 97.70000000018094
  endloop
endfacet
facet normal -4.853596157462249e-15 -7.645702253129997e-15 -1.0
  outer loop
    vertex 358.9508221725589 -516.947085729392 97.70000000018094
    vertex 333.6552672148181 -496.0000000000023 97.70000000017342
    vertex 358.3514196375312 -515.5000000000072 97.70000000018094
  endloop
endfacet
facet normal -4.853596157462249e-15 -7.645702253129997e-15 -1.0
  outer loop
    vertex 358.3514196375312 -515.5000000000072 97.70000000018094
    vertex 333.6552672148181 -496.0000000000023 97.70000000017342
    vertex 358.2284706207276 -515.3397697217431 97.70000000018094
  endloop
endfacet
facet normal -4.853596157462249e-15 -7.645702253129997e-15 -1.0
  outer loop
    vertex 358.2284706207276 -515.3397697217431 97.70000000018094
    vertex 333.6552672148181 -496.0000000000023 97.70000000017342
    vertex 358.8487985126648 -514.8556610833782 97.70000000018094
  endloop
endfacet
facet normal -4.853596157462249e-15 -7.645702253129997e-15 -1.0
  outer loop
    vertex 358.8487985126648 -514.8556610833782 97.70000000018094
    vertex 333.6552672148181 -496.0000000000023 97.70000000017342
    vertex 360.65460672894227 -513.5838674463928 97.70000000018094
  endloop
endfacet
facet normal -4.853596157462249e-15 -7.645702253129997e-15 -1.0
  outer loop
    vertex 360.65460672894227 -513.5838674463928 97.70000000018094
    vertex 333.6552672148181 -496.0000000000023 97.70000000017342
    vertex 362.52064372612966 -512.402212549995 97.70000000018094
  endloop
endfacet
facet normal -4.853596157462249e-15 -7.645702253129997e-15 -1.0
  outer loop
    vertex 362.52064372612966 -512.402212549995 97.70000000018094
    vertex 333.6552672148181 -496.0000000000023 97.70000000017342
    vertex 364.4424140576546 -511.31354310433125 97.70000000018094
  endloop
endfacet
facet normal -4.853596157462249e-15 -7.645702253129997e-15 -1.0
  outer loop
    vertex 364.4424140576546 -511.31354310433125 97.70000000018094
    vertex 333.6552672148181 -496.0000000000023 97.70000000017342
    vertex 366.4152880104607 -510.3204818094523 97.70000000018094
  endloop
endfacet
facet normal -4.853596157462249e-15 -7.645702253129997e-15 -1.0
  outer loop
    vertex 366.4152880104607 -510.3204818094523 97.70000000018094
    vertex 333.6552672148181 -496.0000000000023 97.70000000017342
    vertex 368.4345127583946 -509.42542103699935 97.70000000018094
  endloop
endfacet
facet normal -4.853596157462249e-15 -7.645702253129997e-15 -1.0
  outer loop
    vertex 368.4345127583946 -509.42542103699935 97.70000000018094
    vertex 333.6552672148181 -496.0000000000023 97.70000000017342
    vertex 370.49522381217355 -508.63051706677123 97.70000000018094
  endloop
endfacet
facet normal -4.853596157462249e-15 -7.645702253129997e-15 -1.0
  outer loop
    vertex 370.49522381217355 -508.63051706677123 97.70000000018094
    vertex 333.6552672148181 -496.0000000000023 97.70000000017342
    vertex 372.5924567383727 -507.93768489205786 97.70000000018094
  endloop
endfacet
facet normal -4.853596157462249e-15 -7.645702253129997e-15 -1.0
  outer loop
    vertex 372.5924567383727 -507.93768489205786 97.70000000018094
    vertex 333.6552672148181 -496.0000000000023 97.70000000017342
    vertex 374.7211591191768 -507.34859360625273 97.70000000018094
  endloop
endfacet
facet normal -4.853596157462249e-15 -7.645702253129997e-15 -1.0
  outer loop
    vertex 374.7211591191768 -507.34859360625273 97.70000000018094
    vertex 333.6552672148181 -496.0000000000023 97.70000000017342
    vertex 376.8762027240978 -506.8646623818618 97.70000000018094
  endloop
endfacet
facet normal -4.853596157462249e-15 -7.645702253129997e-15 -1.0
  outer loop
    vertex 376.8762027240978 -506.8646623818618 97.70000000018094
    vertex 333.6552672148181 -496.0000000000023 97.70000000017342
    vertex 379.05239586433225 -506.4870570515921 97.70000000018094
  endloop
endfacet
facet normal -4.853596157462249e-15 -7.645702253129997e-15 -1.0
  outer loop
    vertex 379.05239586433225 -506.4870570515921 97.70000000018094
    vertex 333.6552672148181 -496.0000000000023 97.70000000017342
    vertex 381.24449589999347 -506.21668729975835 97.70000000018094
  endloop
endfacet
facet normal -4.853596157462249e-15 -7.645702253129997e-15 -1.0
  outer loop
    vertex 381.24449589999347 -506.21668729975835 97.70000000018094
    vertex 333.6552672148181 -496.0000000000023 97.70000000017342
    vertex 383.4472218700897 -506.05420447077444 97.70000000018094
  endloop
endfacet
facet normal -4.853596157462249e-15 -7.645702253129997e-15 -1.0
  outer loop
    vertex 383.4472218700897 -506.05420447077444 97.70000000018094
    vertex 333.6552672148181 -496.0000000000023 97.70000000017342
    vertex 385.6552672148236 -506.0000000000072 97.70000000018094
  endloop
endfacet
facet normal -4.853596157462249e-15 -7.645702253129997e-15 -1.0
  outer loop
    vertex 437.65526721481785 -606.0000000000022 97.70000000017376
    vertex 430.43857991507247 -555.4107713148373 97.70000000018095
    vertex 437.65526721481814 -496.0000000000023 97.70000000017342
  endloop
endfacet
facet normal -4.853596157462249e-15 -7.645702253129997e-15 -1.0
  outer loop
    vertex 430.43857991507247 -555.4107713148373 97.70000000018095
    vertex 437.65526721481785 -606.0000000000022 97.70000000017376
    vertex 430.1682101632387 -557.6028713504984 97.70000000018095
  endloop
endfacet
facet normal -4.853596157462249e-15 -7.645702253129997e-15 -1.0
  outer loop
    vertex 430.1682101632387 -557.6028713504984 97.70000000018095
    vertex 437.65526721481785 -606.0000000000022 97.70000000017376
    vertex 429.79060483296917 -559.7790644907329 97.70000000018095
  endloop
endfacet
facet normal -4.853596157462249e-15 -7.645702253129997e-15 -1.0
  outer loop
    vertex 429.79060483296917 -559.7790644907329 97.70000000018095
    vertex 437.65526721481785 -606.0000000000022 97.70000000017376
    vertex 429.30667360857797 -561.9341080956541 97.70000000018095
  endloop
endfacet
facet normal -4.853596157462249e-15 -7.645702253129997e-15 -1.0
  outer loop
    vertex 429.30667360857797 -561.9341080956541 97.70000000018095
    vertex 437.65526721481785 -606.0000000000022 97.70000000017376
    vertex 428.71758232277284 -564.062810476458 97.70000000018095
  endloop
endfacet
facet normal -4.853596157462249e-15 -7.645702253129997e-15 -1.0
  outer loop
    vertex 428.71758232277284 -564.062810476458 97.70000000018095
    vertex 437.65526721481785 -606.0000000000022 97.70000000017376
    vertex 428.02475014805947 -566.1600434026572 97.70000000018095
  endloop
endfacet
facet normal -4.853596157462249e-15 -7.645702253129997e-15 -1.0
  outer loop
    vertex 428.02475014805947 -566.1600434026572 97.70000000018095
    vertex 437.65526721481785 -606.0000000000022 97.70000000017376
    vertex 427.22984617783146 -568.2207544564362 97.70000000018095
  endloop
endfacet
facet normal -4.853596157462249e-15 -7.645702253129997e-15 -1.0
  outer loop
    vertex 427.22984617783146 -568.2207544564362 97.70000000018095
    vertex 437.65526721481785 -606.0000000000022 97.70000000017376
    vertex 426.3347854053785 -570.2399792043699 97.70000000018095
  endloop
endfacet
facet normal -4.853596157462249e-15 -7.645702253129997e-15 -1.0
  outer loop
    vertex 426.3347854053785 -570.2399792043699 97.70000000018095
    vertex 437.65526721481785 -606.0000000000022 97.70000000017376
    vertex 425.3417241104996 -572.212853157177 97.70000000018096
  endloop
endfacet
facet normal -4.853596157462249e-15 -7.645702253129997e-15 -1.0
  outer loop
    vertex 425.3417241104996 -572.212853157177 97.70000000018096
    vertex 437.65526721481785 -606.0000000000022 97.70000000017376
    vertex 424.2530546648358 -574.1346234887021 97.70000000018096
  endloop
endfacet
facet normal -4.853596157462249e-15 -7.645702253129997e-15 -1.0
  outer loop
    vertex 424.2530546648358 -574.1346234887021 97.70000000018096
    vertex 437.65526721481785 -606.0000000000022 97.70000000017376
    vertex 423.07139976843837 -576.0006604858893 97.70000000018096
  endloop
endfacet
facet normal -4.853596157462249e-15 -7.645702253129997e-15 -1.0
  outer loop
    vertex 423.07139976843837 -576.0006604858893 97.70000000018096
    vertex 437.65526721481785 -606.0000000000022 97.70000000017376
    vertex 421.79960613145283 -577.8064687021667 97.70000000018096
  endloop
endfacet
facet normal -4.853596157462249e-15 -7.645702253129997e-15 -1.0
  outer loop
    vertex 421.79960613145283 -577.8064687021667 97.70000000018096
    vertex 437.65526721481785 -606.0000000000022 97.70000000017376
    vertex 421.3154974930878 -578.4267965941041 97.70000000018096
  endloop
endfacet
facet normal -4.853596157462249e-15 -7.645702253129997e-15 -1.0
  outer loop
    vertex 421.3154974930878 -578.4267965941041 97.70000000018096
    vertex 437.65526721481785 -606.0000000000022 97.70000000017376
    vertex 413.08206380892034 -586.6602302782713 97.70000000018096
  endloop
endfacet
facet normal -4.853596157462249e-15 -7.645702253129997e-15 -1.0
  outer loop
    vertex 413.08206380892034 -586.6602302782713 97.70000000018096
    vertex 437.65526721481785 -606.0000000000022 97.70000000017376
    vertex 412.46173591698295 -587.1443389166362 97.70000000018096
  endloop
endfacet
facet normal -4.853596157462249e-15 -7.645702253129997e-15 -1.0
  outer loop
    vertex 412.46173591698295 -587.1443389166362 97.70000000018096
    vertex 437.65526721481785 -606.0000000000022 97.70000000017376
    vertex 410.65592770070555 -588.4161325536218 97.70000000018096
  endloop
endfacet
facet normal -4.853596157462249e-15 -7.645702253129997e-15 -1.0
  outer loop
    vertex 410.65592770070555 -588.4161325536218 97.70000000018096
    vertex 437.65526721481785 -606.0000000000022 97.70000000017376
    vertex 408.78989070351855 -589.5977874500195 97.70000000018096
  endloop
endfacet
facet normal -4.853596157462249e-15 -7.645702253129997e-15 -1.0
  outer loop
    vertex 408.78989070351855 -589.5977874500195 97.70000000018096
    vertex 437.65526721481785 -606.0000000000022 97.70000000017376
    vertex 406.8681203719936 -590.6864568956831 97.70000000018096
  endloop
endfacet
facet normal -4.853596157462249e-15 -7.645702253129997e-15 -1.0
  outer loop
    vertex 406.8681203719936 -590.6864568956831 97.70000000018096
    vertex 437.65526721481785 -606.0000000000022 97.70000000017376
    vertex 404.89524641918626 -591.6795181905621 97.70000000018096
  endloop
endfacet
facet normal -4.853596157462249e-15 -7.645702253129997e-15 -1.0
  outer loop
    vertex 404.89524641918626 -591.6795181905621 97.70000000018096
    vertex 437.65526721481785 -606.0000000000022 97.70000000017376
    vertex 402.8760216712526 -592.5745789630151 97.70000000018096
  endloop
endfacet
facet normal -4.853596157462249e-15 -7.645702253129997e-15 -1.0
  outer loop
    vertex 402.8760216712526 -592.5745789630151 97.70000000018096
    vertex 437.65526721481785 -606.0000000000022 97.70000000017376
    vertex 400.8153106174734 -593.3694829332431 97.70000000018096
  endloop
endfacet
facet normal -4.853596157462249e-15 -7.645702253129997e-15 -1.0
  outer loop
    vertex 400.8153106174734 -593.3694829332431 97.70000000018096
    vertex 437.65526721481785 -606.0000000000022 97.70000000017376
    vertex 398.71807769127435 -594.0623151079566 97.70000000018096
  endloop
endfacet
facet normal -4.853596157462249e-15 -7.645702253129997e-15 -1.0
  outer loop
    vertex 398.71807769127435 -594.0623151079566 97.70000000018096
    vertex 437.65526721481785 -606.0000000000022 97.70000000017376
    vertex 396.58937531047053 -594.6514063937616 97.70000000018096
  endloop
endfacet
facet normal -4.853596157462249e-15 -7.645702253129997e-15 -1.0
  outer loop
    vertex 396.58937531047053 -594.6514063937616 97.70000000018096
    vertex 437.65526721481785 -606.0000000000022 97.70000000017376
    vertex 394.4343317055494 -595.1353376181524 97.70000000018096
  endloop
endfacet
facet normal -4.853596157462249e-15 -7.645702253129997e-15 -1.0
  outer loop
    vertex 394.4343317055494 -595.1353376181524 97.70000000018096
    vertex 437.65526721481785 -606.0000000000022 97.70000000017376
    vertex 333.6552672148199 -606.000000000002 97.70000000017477
  endloop
endfacet
facet normal -4.853596157462249e-15 -7.645702253129997e-15 -1.0
  outer loop
    vertex 394.4343317055494 -595.1353376181524 97.70000000018096
    vertex 333.6552672148199 -606.000000000002 97.70000000017477
    vertex 392.25813856531477 -595.5129429484223 97.70000000018096
  endloop
endfacet
facet normal -4.853596157462249e-15 -7.645702253129997e-15 -1.0
  outer loop
    vertex 392.25813856531477 -595.5129429484223 97.70000000018096
    vertex 333.6552672148199 -606.000000000002 97.70000000017477
    vertex 390.0660385296539 -595.783312700256 97.70000000018098
  endloop
endfacet
facet normal -4.853596157462249e-15 -7.645702253129997e-15 -1.0
  outer loop
    vertex 390.0660385296539 -595.783312700256 97.70000000018098
    vertex 333.6552672148199 -606.000000000002 97.70000000017477
    vertex 387.86331255955724 -595.94579552924 97.70000000018098
  endloop
endfacet
facet normal -4.853596157462249e-15 -7.645702253129997e-15 -1.0
  outer loop
    vertex 387.86331255955724 -595.94579552924 97.70000000018098
    vertex 333.6552672148199 -606.000000000002 97.70000000017477
    vertex 385.6552672148236 -596.0000000000072 97.70000000018098
  endloop
endfacet
facet normal -4.853596157462249e-15 -7.645702253129997e-15 -1.0
  outer loop
    vertex 421.3154974930878 -578.4267965941041 97.70000000018096
    vertex 413.08206380892034 -586.6602302782713 97.70000000018096
    vertex 412.95911479211696 -586.5000000000072 97.70000000018096
  endloop
endfacet
facet normal -4.853596157462249e-15 -7.645702253129997e-15 -1.0
  outer loop
    vertex 421.3154974930878 -578.4267965941041 97.70000000018096
    vertex 412.95911479211696 -586.5000000000072 97.70000000018096
    vertex 412.359712257089 -585.0529142706224 97.70000000018096
  endloop
endfacet
facet normal -4.853596157462249e-15 -7.645702253129997e-15 -1.0
  outer loop
    vertex 421.3154974930878 -578.4267965941041 97.70000000018096
    vertex 412.359712257089 -585.0529142706224 97.70000000018096
    vertex 412.1552672148235 -583.5000000000073 97.70000000018096
  endloop
endfacet
facet normal -4.853596157462249e-15 -7.645702253129997e-15 -1.0
  outer loop
    vertex 421.3154974930878 -578.4267965941041 97.70000000018096
    vertex 412.1552672148235 -583.5000000000073 97.70000000018096
    vertex 412.359712257089 -581.9470857293921 97.70000000018096
  endloop
endfacet
facet normal -4.853596157462249e-15 -7.645702253129997e-15 -1.0
  outer loop
    vertex 421.3154974930878 -578.4267965941041 97.70000000018096
    vertex 412.359712257089 -581.9470857293921 97.70000000018096
    vertex 412.95911479211696 -580.5000000000072 97.70000000018096
  endloop
endfacet
facet normal -4.853596157462249e-15 -7.645702253129997e-15 -1.0
  outer loop
    vertex 421.3154974930878 -578.4267965941041 97.70000000018096
    vertex 412.95911479211696 -580.5000000000072 97.70000000018096
    vertex 413.763018693751 -579.4523320380714 97.70000000017764
  endloop
endfacet
facet normal -4.853596157462249e-15 -7.645702253129997e-15 -1.0
  outer loop
    vertex 421.3154974930878 -578.4267965941041 97.70000000018096
    vertex 413.763018693751 -579.4523320380714 97.70000000017764
    vertex 413.9126265277044 -579.257359312888 97.70000000018096
  endloop
endfacet
facet normal -4.853596157462249e-15 -7.645702253129997e-15 -1.0
  outer loop
    vertex 421.3154974930878 -578.4267965941041 97.70000000018096
    vertex 413.9126265277044 -579.257359312888 97.70000000018096
    vertex 414.1075992528877 -579.1077514789349 97.70000000017764
  endloop
endfacet
facet normal -4.853596157462249e-15 -7.645702253129997e-15 -1.0
  outer loop
    vertex 437.65526721481814 -496.0000000000023 97.70000000017342
    vertex 430.43857991507247 -555.4107713148373 97.70000000018095
    vertex 430.60106274405626 -553.2080453447411 97.70000000018095
  endloop
endfacet
facet normal -4.853596157462249e-15 -7.645702253129997e-15 -1.0
  outer loop
    vertex 437.65526721481814 -496.0000000000023 97.70000000017342
    vertex 430.60106274405626 -553.2080453447411 97.70000000018095
    vertex 430.6552672148236 -551.0000000000073 97.70000000018095
  endloop
endfacet
facet normal -4.853596157462249e-15 -7.645702253129997e-15 -1.0
  outer loop
    vertex 437.65526721481814 -496.0000000000023 97.70000000017342
    vertex 430.6552672148236 -551.0000000000073 97.70000000018095
    vertex 430.60106274405626 -548.7919546552735 97.70000000018095
  endloop
endfacet
facet normal -4.853596157462249e-15 -7.645702253129997e-15 -1.0
  outer loop
    vertex 437.65526721481814 -496.0000000000023 97.70000000017342
    vertex 430.60106274405626 -548.7919546552735 97.70000000018095
    vertex 430.43857991507247 -546.589228685177 97.70000000018095
  endloop
endfacet
facet normal -4.853596157462249e-15 -7.645702253129997e-15 -1.0
  outer loop
    vertex 437.65526721481814 -496.0000000000023 97.70000000017342
    vertex 430.43857991507247 -546.589228685177 97.70000000018095
    vertex 430.1682101632387 -544.3971286495159 97.70000000018095
  endloop
endfacet
facet normal -4.853596157462249e-15 -7.645702253129997e-15 -1.0
  outer loop
    vertex 437.65526721481814 -496.0000000000023 97.70000000017342
    vertex 430.1682101632387 -544.3971286495159 97.70000000018095
    vertex 429.79060483296917 -542.2209355092815 97.70000000018095
  endloop
endfacet
facet normal -4.853596157462249e-15 -7.645702253129997e-15 -1.0
  outer loop
    vertex 437.65526721481814 -496.0000000000023 97.70000000017342
    vertex 429.79060483296917 -542.2209355092815 97.70000000018095
    vertex 429.30667360857797 -540.0658919043603 97.70000000018094
  endloop
endfacet
facet normal -4.853596157462249e-15 -7.645702253129997e-15 -1.0
  outer loop
    vertex 437.65526721481814 -496.0000000000023 97.70000000017342
    vertex 429.30667360857797 -540.0658919043603 97.70000000018094
    vertex 428.71758232277284 -537.9371895235564 97.70000000018094
  endloop
endfacet
facet normal -4.853596157462249e-15 -7.645702253129997e-15 -1.0
  outer loop
    vertex 437.65526721481814 -496.0000000000023 97.70000000017342
    vertex 428.71758232277284 -537.9371895235564 97.70000000018094
    vertex 428.02475014805947 -535.8399565973574 97.70000000018094
  endloop
endfacet
facet normal -4.853596157462249e-15 -7.645702253129997e-15 -1.0
  outer loop
    vertex 437.65526721481814 -496.0000000000023 97.70000000017342
    vertex 428.02475014805947 -535.8399565973574 97.70000000018094
    vertex 427.22984617783146 -533.7792455435781 97.70000000018094
  endloop
endfacet
facet normal -4.853596157462249e-15 -7.645702253129997e-15 -1.0
  outer loop
    vertex 437.65526721481814 -496.0000000000023 97.70000000017342
    vertex 427.22984617783146 -533.7792455435781 97.70000000018094
    vertex 426.3347854053785 -531.7600207956444 97.70000000018094
  endloop
endfacet
facet normal -4.853596157462249e-15 -7.645702253129997e-15 -1.0
  outer loop
    vertex 437.65526721481814 -496.0000000000023 97.70000000017342
    vertex 426.3347854053785 -531.7600207956444 97.70000000018094
    vertex 425.3417241104996 -529.7871468428373 97.70000000018094
  endloop
endfacet
facet normal -4.853596157462249e-15 -7.645702253129997e-15 -1.0
  outer loop
    vertex 437.65526721481814 -496.0000000000023 97.70000000017342
    vertex 425.3417241104996 -529.7871468428373 97.70000000018094
    vertex 424.2530546648358 -527.8653765113122 97.70000000018094
  endloop
endfacet
facet normal -4.853596157462249e-15 -7.645702253129997e-15 -1.0
  outer loop
    vertex 437.65526721481814 -496.0000000000023 97.70000000017342
    vertex 424.2530546648358 -527.8653765113122 97.70000000018094
    vertex 423.07139976843797 -525.9993395141252 97.70000000018094
  endloop
endfacet
facet normal -4.853596157462249e-15 -7.645702253129997e-15 -1.0
  outer loop
    vertex 437.65526721481814 -496.0000000000023 97.70000000017342
    vertex 423.07139976843797 -525.9993395141252 97.70000000018094
    vertex 421.79960613145283 -524.1935312978477 97.70000000018094
  endloop
endfacet
facet normal -4.853596157462249e-15 -7.645702253129997e-15 -1.0
  outer loop
    vertex 437.65526721481814 -496.0000000000023 97.70000000017342
    vertex 421.79960613145283 -524.1935312978477 97.70000000018094
    vertex 421.3154974930878 -523.5732034059104 97.70000000018094
  endloop
endfacet
facet normal -4.853596157462249e-15 -7.645702253129997e-15 -1.0
  outer loop
    vertex 437.65526721481814 -496.0000000000023 97.70000000017342
    vertex 421.3154974930878 -523.5732034059104 97.70000000018094
    vertex 414.1075992528877 -522.8922485210798 97.70000000017761
  endloop
endfacet
facet normal -4.853596157462249e-15 -7.645702253129997e-15 -1.0
  outer loop
    vertex 437.65526721481814 -496.0000000000023 97.70000000017342
    vertex 414.1075992528877 -522.8922485210798 97.70000000017761
    vertex 413.9126265277044 -522.7426406871265 97.70000000018094
  endloop
endfacet
facet normal -4.853596157462249e-15 -7.645702253129997e-15 -1.0
  outer loop
    vertex 437.65526721481814 -496.0000000000023 97.70000000017342
    vertex 413.9126265277044 -522.7426406871265 97.70000000018094
    vertex 413.763018693751 -522.5476679619428 97.70000000017761
  endloop
endfacet
facet normal -4.853596157462249e-15 -7.645702253129997e-15 -1.0
  outer loop
    vertex 437.65526721481814 -496.0000000000023 97.70000000017342
    vertex 413.763018693751 -522.5476679619428 97.70000000017761
    vertex 412.95911479211696 -521.5000000000072 97.70000000018094
  endloop
endfacet
facet normal -4.853596157462249e-15 -7.645702253129997e-15 -1.0
  outer loop
    vertex 437.65526721481814 -496.0000000000023 97.70000000017342
    vertex 412.95911479211696 -521.5000000000072 97.70000000018094
    vertex 412.35971225708926 -520.0529142706223 97.70000000018094
  endloop
endfacet
facet normal -4.853596157462249e-15 -7.645702253129997e-15 -1.0
  outer loop
    vertex 437.65526721481814 -496.0000000000023 97.70000000017342
    vertex 412.35971225708926 -520.0529142706223 97.70000000018094
    vertex 412.15526721482365 -518.5000000000072 97.70000000018094
  endloop
endfacet
facet normal -4.853596157462249e-15 -7.645702253129997e-15 -1.0
  outer loop
    vertex 437.65526721481814 -496.0000000000023 97.70000000017342
    vertex 412.15526721482365 -518.5000000000072 97.70000000018094
    vertex 412.35971225708926 -516.947085729392 97.70000000018094
  endloop
endfacet
facet normal -4.853596157462249e-15 -7.645702253129997e-15 -1.0
  outer loop
    vertex 437.65526721481814 -496.0000000000023 97.70000000017342
    vertex 412.35971225708926 -516.947085729392 97.70000000018094
    vertex 412.95911479211696 -515.5000000000072 97.70000000018094
  endloop
endfacet
facet normal -4.853596157462249e-15 -7.645702253129997e-15 -1.0
  outer loop
    vertex 437.65526721481814 -496.0000000000023 97.70000000017342
    vertex 412.95911479211696 -515.5000000000072 97.70000000018094
    vertex 413.08206380892034 -515.3397697217431 97.70000000018094
  endloop
endfacet
facet normal -4.853596157462249e-15 -7.645702253129997e-15 -1.0
  outer loop
    vertex 437.65526721481814 -496.0000000000023 97.70000000017342
    vertex 413.08206380892034 -515.3397697217431 97.70000000018094
    vertex 412.46173591698295 -514.8556610833782 97.70000000018094
  endloop
endfacet
facet normal -4.853596157462249e-15 -7.645702253129997e-15 -1.0
  outer loop
    vertex 437.65526721481814 -496.0000000000023 97.70000000017342
    vertex 412.46173591698295 -514.8556610833782 97.70000000018094
    vertex 410.65592770070555 -513.5838674463928 97.70000000018094
  endloop
endfacet
facet normal -4.853596157462249e-15 -7.645702253129997e-15 -1.0
  outer loop
    vertex 437.65526721481814 -496.0000000000023 97.70000000017342
    vertex 410.65592770070555 -513.5838674463928 97.70000000018094
    vertex 408.78989070351855 -512.402212549995 97.70000000018094
  endloop
endfacet
facet normal -4.853596157462249e-15 -7.645702253129997e-15 -1.0
  outer loop
    vertex 437.65526721481814 -496.0000000000023 97.70000000017342
    vertex 408.78989070351855 -512.402212549995 97.70000000018094
    vertex 406.8681203719936 -511.31354310433125 97.70000000018094
  endloop
endfacet
facet normal -4.853596157462249e-15 -7.645702253129997e-15 -1.0
  outer loop
    vertex 437.65526721481814 -496.0000000000023 97.70000000017342
    vertex 406.8681203719936 -511.31354310433125 97.70000000018094
    vertex 404.89524641918626 -510.3204818094523 97.70000000018094
  endloop
endfacet
facet normal -4.853596157462249e-15 -7.645702253129997e-15 -1.0
  outer loop
    vertex 437.65526721481814 -496.0000000000023 97.70000000017342
    vertex 404.89524641918626 -510.3204818094523 97.70000000018094
    vertex 402.8760216712526 -509.4254210369993 97.70000000018094
  endloop
endfacet
facet normal -4.853596157462249e-15 -7.645702253129997e-15 -1.0
  outer loop
    vertex 437.65526721481814 -496.0000000000023 97.70000000017342
    vertex 402.8760216712526 -509.4254210369993 97.70000000018094
    vertex 400.8153106174734 -508.63051706677123 97.70000000018094
  endloop
endfacet
facet normal -4.853596157462249e-15 -7.645702253129997e-15 -1.0
  outer loop
    vertex 437.65526721481814 -496.0000000000023 97.70000000017342
    vertex 400.8153106174734 -508.63051706677123 97.70000000018094
    vertex 398.71807769127435 -507.93768489205786 97.70000000018094
  endloop
endfacet
facet normal -4.853596157462249e-15 -7.645702253129997e-15 -1.0
  outer loop
    vertex 437.65526721481814 -496.0000000000023 97.70000000017342
    vertex 398.71807769127435 -507.93768489205786 97.70000000018094
    vertex 396.58937531047053 -507.34859360625273 97.70000000018094
  endloop
endfacet
facet normal -4.853596157462249e-15 -7.645702253129997e-15 -1.0
  outer loop
    vertex 437.65526721481814 -496.0000000000023 97.70000000017342
    vertex 396.58937531047053 -507.34859360625273 97.70000000018094
    vertex 394.4343317055494 -506.8646623818618 97.70000000018094
  endloop
endfacet
facet normal -4.853596157462249e-15 -7.645702253129997e-15 -1.0
  outer loop
    vertex 437.65526721481814 -496.0000000000023 97.70000000017342
    vertex 394.4343317055494 -506.8646623818618 97.70000000018094
    vertex 392.25813856531477 -506.4870570515921 97.70000000018094
  endloop
endfacet
facet normal -4.853596157462249e-15 -7.645702253129997e-15 -1.0
  outer loop
    vertex 437.65526721481814 -496.0000000000023 97.70000000017342
    vertex 392.25813856531477 -506.4870570515921 97.70000000018094
    vertex 390.0660385296539 -506.21668729975835 97.70000000018094
  endloop
endfacet
facet normal -4.853596157462249e-15 -7.645702253129997e-15 -1.0
  outer loop
    vertex 437.65526721481814 -496.0000000000023 97.70000000017342
    vertex 390.0660385296539 -506.21668729975835 97.70000000018094
    vertex 387.86331255955724 -506.05420447077444 97.70000000018094
  endloop
endfacet
facet normal -4.853596157462249e-15 -7.645702253129997e-15 -1.0
  outer loop
    vertex 437.65526721481814 -496.0000000000023 97.70000000017342
    vertex 387.86331255955724 -506.05420447077444 97.70000000018094
    vertex 385.6552672148236 -506.0000000000072 97.70000000018094
  endloop
endfacet
facet normal -4.853596157462249e-15 -7.645702253129997e-15 -1.0
  outer loop
    vertex 437.65526721481814 -496.0000000000023 97.70000000017342
    vertex 385.6552672148236 -506.0000000000072 97.70000000018094
    vertex 333.6552672148181 -496.0000000000023 97.70000000017342
  endloop
endfacet
facet normal -4.853596157462249e-15 -7.645702253129997e-15 -1.0
  outer loop
    vertex 351.60235294420943 -524.2955549577416 97.70000000018094
    vertex 354.7081814854401 -524.2955549577416 97.70000000018094
    vertex 353.15526721482473 -524.5000000000073 97.70000000018094
  endloop
endfacet
facet normal -4.853596157462249e-15 -7.645702253129997e-15 -1.0
  outer loop
    vertex 354.7081814854401 -524.2955549577416 97.70000000018094
    vertex 351.60235294420943 -524.2955549577416 97.70000000018094
    vertex 350.15526721482445 -523.6961524227138 97.70000000018094
  endloop
endfacet
facet normal -4.853596157462249e-15 -7.645702253129997e-15 -1.0
  outer loop
    vertex 354.7081814854401 -524.2955549577416 97.70000000018094
    vertex 350.15526721482445 -523.6961524227138 97.70000000018094
    vertex 356.15526721482456 -523.6961524227138 97.70000000018094
  endloop
endfacet
facet normal -4.853596157462249e-15 -7.645702253129997e-15 -1.0
  outer loop
    vertex 356.15526721482456 -523.6961524227138 97.70000000018094
    vertex 350.15526721482445 -523.6961524227138 97.70000000018094
    vertex 349.9950369365607 -523.5732034059104 97.70000000018094
  endloop
endfacet
facet normal -4.853596157462249e-15 -7.645702253129997e-15 -1.0
  outer loop
    vertex 356.15526721482456 -523.6961524227138 97.70000000018094
    vertex 349.9950369365607 -523.5732034059104 97.70000000018094
    vertex 357.2029351767598 -522.8922485210801 97.70000000017761
  endloop
endfacet
facet normal -4.853596157462249e-15 -7.645702253129997e-15 -1.0
  outer loop
    vertex 349.9950369365607 -578.4267965941041 97.70000000018096
    vertex 356.15526721482456 -578.3038475773005 97.70000000018096
    vertex 357.20293517676004 -579.1077514789345 97.70000000017764
  endloop
endfacet
facet normal -4.853596157462249e-15 -7.645702253129997e-15 -1.0
  outer loop
    vertex 356.15526721482456 -578.3038475773005 97.70000000018096
    vertex 349.9950369365607 -578.4267965941041 97.70000000018096
    vertex 350.15526721482445 -578.3038475773005 97.70000000018096
  endloop
endfacet
facet normal -4.853596157462249e-15 -7.645702253129997e-15 -1.0
  outer loop
    vertex 356.15526721482456 -578.3038475773005 97.70000000018096
    vertex 350.15526721482445 -578.3038475773005 97.70000000018096
    vertex 351.60235294420943 -577.7044450422728 97.70000000018096
  endloop
endfacet
facet normal -4.853596157462249e-15 -7.645702253129997e-15 -1.0
  outer loop
    vertex 356.15526721482456 -578.3038475773005 97.70000000018096
    vertex 351.60235294420943 -577.7044450422728 97.70000000018096
    vertex 354.7081814854401 -577.7044450422728 97.70000000018096
  endloop
endfacet
facet normal -4.853596157462249e-15 -7.645702253129997e-15 -1.0
  outer loop
    vertex 354.7081814854401 -577.7044450422728 97.70000000018096
    vertex 351.60235294420943 -577.7044450422728 97.70000000018096
    vertex 353.15526721482473 -577.5000000000073 97.70000000018096
  endloop
endfacet
facet normal 0.13052619222005174 0.9914448613738105 1.0073776972797004e-15
  outer loop
    vertex 342.2500771104794 -599.3807403921871 110.00000000017513
    vertex 341.34421045262064 -599.261480784199 103.00000000017296
    vertex 341.3442104526206 -599.261480784199 110.0000000001751
  endloop
endfacet
facet normal 0.13052619222005174 0.9914448613738105 1.0073776972797004e-15
  outer loop
    vertex 341.34421045262064 -599.261480784199 103.00000000017296
    vertex 342.2500771104794 -599.3807403921871 110.00000000017513
    vertex 342.2500771104794 -599.3807403921871 103.00000000017296
  endloop
endfacet
facet normal -0.7933533402912448 0.6087614290087079 -2.522817086585193e-16
  outer loop
    vertex 345.28116602372495 -597.6307403921872 103.00000000017296
    vertex 344.7249508446324 -598.35561412634 110.00000000017518
    vertex 345.28116602372495 -597.6307403921872 110.00000000017518
  endloop
endfacet
facet normal -0.7933533402912448 0.6087614290087079 -2.522817086585193e-16
  outer loop
    vertex 344.7249508446324 -598.35561412634 110.00000000017518
    vertex 345.28116602372495 -597.6307403921872 103.00000000017296
    vertex 344.7249508446324 -598.35561412634 103.00000000017296
  endloop
endfacet
facet normal 0.38268343236507923 0.9238795325112911 4.501935144940209e-15
  outer loop
    vertex 341.3442104526206 -599.261480784199 110.0000000001751
    vertex 340.5000771104794 -598.9118293054327 103.00000000017296
    vertex 340.5000771104794 -598.9118293054327 110.0000000001751
  endloop
endfacet
facet normal 0.38268343236507923 0.9238795325112911 4.501935144940209e-15
  outer loop
    vertex 340.5000771104794 -598.9118293054327 103.00000000017296
    vertex 341.3442104526206 -599.261480784199 110.0000000001751
    vertex 341.34421045262064 -599.261480784199 103.00000000017296
  endloop
endfacet
facet normal -0.6087614290087252 0.7933533402912315 -2.1241533286037326e-15
  outer loop
    vertex 344.0000771104795 -598.9118293054327 110.00000000017515
    vertex 344.7249508446324 -598.35561412634 103.00000000017296
    vertex 344.0000771104795 -598.9118293054327 103.00000000017296
  endloop
endfacet
facet normal -0.6087614290087252 0.7933533402912315 -2.1241533286037326e-15
  outer loop
    vertex 344.7249508446324 -598.35561412634 103.00000000017296
    vertex 344.0000771104795 -598.9118293054327 110.00000000017515
    vertex 344.7249508446324 -598.35561412634 110.00000000017518
  endloop
endfacet
facet normal 0.9238795325112799 -0.3826834323651066 2.8666366910183762e-15
  outer loop
    vertex 338.86933671846765 -594.9748737343283 110.00000000017506
    vertex 339.21898819723384 -594.1307403921872 103.00000000017296
    vertex 339.21898819723395 -594.1307403921872 110.00000000017506
  endloop
endfacet
facet normal 0.9238795325112799 -0.3826834323651066 2.8666366910183762e-15
  outer loop
    vertex 339.21898819723384 -594.1307403921872 103.00000000017296
    vertex 338.86933671846765 -594.9748737343283 110.00000000017506
    vertex 338.8693367184677 -594.9748737343284 103.00000000017296
  endloop
endfacet
facet normal -0.9238795325112763 0.3826834323651152 1.4848491711541315e-16
  outer loop
    vertex 345.6308175024912 -596.7866070500461 103.00000000017296
    vertex 345.28116602372495 -597.6307403921872 110.00000000017518
    vertex 345.6308175024912 -596.7866070500461 110.0000000001752
  endloop
endfacet
facet normal -0.9238795325112763 0.3826834323651152 1.4848491711541315e-16
  outer loop
    vertex 345.28116602372495 -597.6307403921872 110.00000000017518
    vertex 345.6308175024912 -596.7866070500461 103.00000000017296
    vertex 345.28116602372495 -597.6307403921872 103.00000000017296
  endloop
endfacet
facet normal -0.38268343236507574 -0.9238795325112926 -3.7089022675118565e-15
  outer loop
    vertex 344.0000771104795 -592.8496514789416 103.00000000017296
    vertex 343.15594376833826 -592.5000000001755 110.00000000017515
    vertex 343.15594376833826 -592.5000000001755 103.00000000017296
  endloop
endfacet
facet normal -0.38268343236507574 -0.9238795325112926 -3.7089022675118565e-15
  outer loop
    vertex 343.15594376833826 -592.5000000001755 110.00000000017515
    vertex 344.0000771104795 -592.8496514789416 103.00000000017296
    vertex 344.0000771104795 -592.8496514789416 110.00000000017515
  endloop
endfacet
facet normal 0.38268343236504765 -0.9238795325113042 1.778748896836769e-15
  outer loop
    vertex 341.34421045262064 -592.5000000001755 103.00000000017296
    vertex 340.50007711047954 -592.8496514789415 110.00000000017509
    vertex 340.5000771104794 -592.8496514789416 103.00000000017296
  endloop
endfacet
facet normal 0.38268343236504765 -0.9238795325113042 1.778748896836769e-15
  outer loop
    vertex 340.50007711047954 -592.8496514789415 110.00000000017509
    vertex 341.34421045262064 -592.5000000001755 103.00000000017296
    vertex 341.3442104526207 -592.5000000001754 110.0000000001751
  endloop
endfacet
facet normal -0.1305261922200753 0.9914448613738073 -3.786577228634534e-15
  outer loop
    vertex 343.1559437683384 -599.2614807841989 110.00000000017515
    vertex 342.2500771104794 -599.3807403921871 103.00000000017296
    vertex 342.2500771104794 -599.3807403921871 110.00000000017513
  endloop
endfacet
facet normal -0.1305261922200753 0.9914448613738073 -3.786577228634534e-15
  outer loop
    vertex 342.2500771104794 -599.3807403921871 103.00000000017296
    vertex 343.1559437683384 -599.2614807841989 110.00000000017515
    vertex 343.15594376833826 -599.261480784199 103.00000000017296
  endloop
endfacet
facet normal 0.6087614290087212 -0.7933533402912349 -1.5985620598446758e-15
  outer loop
    vertex 340.5000771104794 -592.8496514789416 103.00000000017296
    vertex 339.7752033763265 -593.4058666580343 110.00000000017509
    vertex 339.7752033763265 -593.4058666580343 103.00000000017296
  endloop
endfacet
facet normal 0.6087614290087212 -0.7933533402912349 -1.5985620598446758e-15
  outer loop
    vertex 339.7752033763265 -593.4058666580343 110.00000000017509
    vertex 340.5000771104794 -592.8496514789416 103.00000000017296
    vertex 340.50007711047954 -592.8496514789415 110.00000000017509
  endloop
endfacet
facet normal 0.6087614290087398 0.7933533402912204 1.793400745632428e-15
  outer loop
    vertex 340.5000771104794 -598.9118293054327 110.0000000001751
    vertex 339.7752033763265 -598.35561412634 103.00000000017296
    vertex 339.7752033763265 -598.35561412634 110.00000000017509
  endloop
endfacet
facet normal 0.6087614290087398 0.7933533402912204 1.793400745632428e-15
  outer loop
    vertex 339.7752033763265 -598.35561412634 103.00000000017296
    vertex 340.5000771104794 -598.9118293054327 110.0000000001751
    vertex 340.5000771104794 -598.9118293054327 103.00000000017296
  endloop
endfacet
facet normal 0.9914448613738094 -0.13052619222005948 9.771344160261654e-15
  outer loop
    vertex 338.75007711047937 -595.8807403921871 110.00000000017506
    vertex 338.8693367184677 -594.9748737343284 103.00000000017296
    vertex 338.86933671846765 -594.9748737343283 110.00000000017506
  endloop
endfacet
facet normal 0.9914448613738094 -0.13052619222005948 9.771344160261654e-15
  outer loop
    vertex 338.8693367184677 -594.9748737343284 103.00000000017296
    vertex 338.75007711047937 -595.8807403921871 110.00000000017506
    vertex 338.7500771104795 -595.8807403921871 103.00000000017296
  endloop
endfacet
facet normal -0.6087614290087453 -0.7933533402912163 -4.026742531159871e-15
  outer loop
    vertex 344.7249508446323 -593.4058666580343 103.00000000017296
    vertex 344.0000771104795 -592.8496514789416 110.00000000017515
    vertex 344.0000771104795 -592.8496514789416 103.00000000017296
  endloop
endfacet
facet normal -0.6087614290087453 -0.7933533402912163 -4.026742531159871e-15
  outer loop
    vertex 344.0000771104795 -592.8496514789416 110.00000000017515
    vertex 344.7249508446323 -593.4058666580343 103.00000000017296
    vertex 344.72495084463225 -593.4058666580343 110.00000000017518
  endloop
endfacet
facet normal -0.7933533402912069 -0.6087614290087576 -3.282882552046828e-15
  outer loop
    vertex 344.72495084463225 -593.4058666580343 110.00000000017518
    vertex 345.28116602372495 -594.1307403921872 103.00000000017296
    vertex 345.28116602372495 -594.1307403921872 110.00000000017518
  endloop
endfacet
facet normal -0.7933533402912069 -0.6087614290087576 -3.282882552046828e-15
  outer loop
    vertex 345.28116602372495 -594.1307403921872 103.00000000017296
    vertex 344.72495084463225 -593.4058666580343 110.00000000017518
    vertex 344.7249508446323 -593.4058666580343 103.00000000017296
  endloop
endfacet
facet normal -0.13052619222009404 -0.9914448613738048 -3.447923056677044e-16
  outer loop
    vertex 343.15594376833826 -592.5000000001755 103.00000000017296
    vertex 342.25007711047954 -592.3807403921871 110.00000000017513
    vertex 342.2500771104794 -592.3807403921871 103.00000000017296
  endloop
endfacet
facet normal -0.13052619222009404 -0.9914448613738048 -3.447923056677044e-16
  outer loop
    vertex 342.25007711047954 -592.3807403921871 110.00000000017513
    vertex 343.15594376833826 -592.5000000001755 103.00000000017296
    vertex 343.15594376833826 -592.5000000001755 110.00000000017515
  endloop
endfacet
facet normal 0.7933533402912213 0.6087614290087389 -2.1549712800838032e-15
  outer loop
    vertex 339.7752033763265 -598.35561412634 103.00000000017296
    vertex 339.21898819723384 -597.6307403921871 110.00000000017506
    vertex 339.7752033763265 -598.35561412634 110.00000000017509
  endloop
endfacet
facet normal 0.7933533402912213 0.6087614290087389 -2.1549712800838032e-15
  outer loop
    vertex 339.21898819723384 -597.6307403921871 110.00000000017506
    vertex 339.7752033763265 -598.35561412634 103.00000000017296
    vertex 339.21898819723384 -597.6307403921872 103.00000000017296
  endloop
endfacet
facet normal -0.3826834323650898 0.9238795325112866 -5.9224226986671114e-15
  outer loop
    vertex 343.1559437683384 -599.2614807841989 110.00000000017515
    vertex 344.0000771104795 -598.9118293054327 103.00000000017296
    vertex 343.15594376833826 -599.261480784199 103.00000000017296
  endloop
endfacet
facet normal -0.3826834323650898 0.9238795325112866 -5.9224226986671114e-15
  outer loop
    vertex 344.0000771104795 -598.9118293054327 103.00000000017296
    vertex 343.1559437683384 -599.2614807841989 110.00000000017515
    vertex 344.0000771104795 -598.9118293054327 110.00000000017515
  endloop
endfacet
facet normal 0.991444861373806 0.13052619222008485 6.375188181897102e-15
  outer loop
    vertex 338.8693367184677 -596.7866070500461 103.00000000017296
    vertex 338.75007711047937 -595.8807403921871 110.00000000017506
    vertex 338.86933671846765 -596.7866070500461 110.00000000017506
  endloop
endfacet
facet normal 0.991444861373806 0.13052619222008485 6.375188181897102e-15
  outer loop
    vertex 338.75007711047937 -595.8807403921871 110.00000000017506
    vertex 338.8693367184677 -596.7866070500461 103.00000000017296
    vertex 338.7500771104795 -595.8807403921871 103.00000000017296
  endloop
endfacet
facet normal 0.13052619222006395 -0.9914448613738088 1.925491712403251e-15
  outer loop
    vertex 342.2500771104794 -592.3807403921871 103.00000000017296
    vertex 341.3442104526207 -592.5000000001754 110.0000000001751
    vertex 341.34421045262064 -592.5000000001755 103.00000000017296
  endloop
endfacet
facet normal 0.13052619222006395 -0.9914448613738088 1.925491712403251e-15
  outer loop
    vertex 341.3442104526207 -592.5000000001754 110.0000000001751
    vertex 342.2500771104794 -592.3807403921871 103.00000000017296
    vertex 342.25007711047954 -592.3807403921871 110.00000000017513
  endloop
endfacet
facet normal 0.7933533402912424 -0.6087614290087113 -4.941036074158183e-15
  outer loop
    vertex 339.21898819723395 -594.1307403921872 110.00000000017506
    vertex 339.7752033763265 -593.4058666580343 103.00000000017296
    vertex 339.7752033763265 -593.4058666580343 110.00000000017509
  endloop
endfacet
facet normal 0.7933533402912424 -0.6087614290087113 -4.941036074158183e-15
  outer loop
    vertex 339.7752033763265 -593.4058666580343 103.00000000017296
    vertex 339.21898819723395 -594.1307403921872 110.00000000017506
    vertex 339.21898819723384 -594.1307403921872 103.00000000017296
  endloop
endfacet
facet normal -0.1305261922200846 0.991444861373806 -1.1265596722983829e-15
  outer loop
    vertex 343.15594376833843 -509.3807403920138 110.00000000017322
    vertex 342.25007711047954 -509.50000000000216 103.00000000017293
    vertex 342.25007711047954 -509.50000000000216 110.00000000017322
  endloop
endfacet
facet normal -0.1305261922200846 0.991444861373806 -1.1265596722983829e-15
  outer loop
    vertex 342.25007711047954 -509.50000000000216 103.00000000017293
    vertex 343.15594376833843 -509.3807403920138 110.00000000017322
    vertex 343.15594376833826 -509.38074039201393 103.00000000017293
  endloop
endfacet
facet normal -0.991444861373806 -0.13052619222008408 6.9713084340640784e-15
  outer loop
    vertex 345.6308175024912 -505.09413334214327 110.00000000017322
    vertex 345.7500771104795 -506.00000000000216 103.00000000017292
    vertex 345.75007711047954 -506.00000000000216 110.00000000017322
  endloop
endfacet
facet normal -0.991444861373806 -0.13052619222008408 6.9713084340640784e-15
  outer loop
    vertex 345.7500771104795 -506.00000000000216 103.00000000017292
    vertex 345.6308175024912 -505.09413334214327 110.00000000017322
    vertex 345.6308175024912 -505.0941333421434 103.00000000017292
  endloop
endfacet
facet normal -0.9238795325112936 0.38268343236507324 3.947120831634543e-15
  outer loop
    vertex 345.6308175024912 -506.905866657861 103.00000000017292
    vertex 345.281166023725 -507.7500000000021 110.00000000017322
    vertex 345.63081750249125 -506.90586665786094 110.00000000017322
  endloop
endfacet
facet normal -0.9238795325112936 0.38268343236507324 3.947120831634543e-15
  outer loop
    vertex 345.281166023725 -507.7500000000021 110.00000000017322
    vertex 345.6308175024912 -506.905866657861 103.00000000017292
    vertex 345.281166023725 -507.7500000000022 103.00000000017292
  endloop
endfacet
facet normal -0.6087614290087486 0.7933533402912138 2.4064470338365493e-15
  outer loop
    vertex 344.00007711047965 -509.0310889132477 110.00000000017322
    vertex 344.7249508446324 -508.47487373415504 103.00000000017292
    vertex 344.0000771104795 -509.0310889132477 103.00000000017292
  endloop
endfacet
facet normal -0.6087614290087486 0.7933533402912138 2.4064470338365493e-15
  outer loop
    vertex 344.7249508446324 -508.47487373415504 103.00000000017292
    vertex 344.00007711047965 -509.0310889132477 110.00000000017322
    vertex 344.7249508446324 -508.47487373415504 110.00000000017322
  endloop
endfacet
facet normal 0.13052619222005138 0.9914448613738104 1.5636909088397617e-15
  outer loop
    vertex 342.25007711047954 -509.50000000000216 110.00000000017322
    vertex 341.34421045262064 -509.38074039201393 103.00000000017293
    vertex 341.34421045262064 -509.38074039201393 110.00000000017322
  endloop
endfacet
facet normal 0.13052619222005138 0.9914448613738104 1.5636909088397617e-15
  outer loop
    vertex 341.34421045262064 -509.38074039201393 103.00000000017293
    vertex 342.25007711047954 -509.50000000000216 110.00000000017322
    vertex 342.25007711047954 -509.50000000000216 103.00000000017293
  endloop
endfacet
facet normal 0.3826834323650968 0.9238795325112839 1.2852142145068703e-16
  outer loop
    vertex 341.34421045262064 -509.38074039201393 110.00000000017322
    vertex 340.50007711047954 -509.0310889132477 103.00000000017293
    vertex 340.50007711047954 -509.03108891324774 110.00000000017322
  endloop
endfacet
facet normal 0.3826834323650968 0.9238795325112839 1.2852142145068703e-16
  outer loop
    vertex 340.50007711047954 -509.0310889132477 103.00000000017293
    vertex 341.34421045262064 -509.38074039201393 110.00000000017322
    vertex 341.34421045262064 -509.38074039201393 103.00000000017293
  endloop
endfacet
facet normal -0.6087614290087521 -0.7933533402912109 -1.5393996060590542e-15
  outer loop
    vertex 344.7249508446324 -503.5251262658492 103.00000000017292
    vertex 344.0000771104796 -502.9689110867567 110.00000000017322
    vertex 344.0000771104795 -502.9689110867566 103.00000000017292
  endloop
endfacet
facet normal -0.6087614290087521 -0.7933533402912109 -1.5393996060590542e-15
  outer loop
    vertex 344.0000771104796 -502.9689110867567 110.00000000017322
    vertex 344.7249508446324 -503.5251262658492 103.00000000017292
    vertex 344.7249508446324 -503.52512626584934 110.00000000017322
  endloop
endfacet
facet normal -0.9914448613738092 0.1305261922200615 9.00458466048895e-15
  outer loop
    vertex 345.7500771104795 -506.00000000000216 103.00000000017292
    vertex 345.63081750249125 -506.90586665786094 110.00000000017322
    vertex 345.75007711047954 -506.00000000000216 110.00000000017322
  endloop
endfacet
facet normal -0.9914448613738092 0.1305261922200615 9.00458466048895e-15
  outer loop
    vertex 345.63081750249125 -506.90586665786094 110.00000000017322
    vertex 345.7500771104795 -506.00000000000216 103.00000000017292
    vertex 345.6308175024912 -506.905866657861 103.00000000017292
  endloop
endfacet
facet normal 0.6087614290087164 0.7933533402912385 -1.6928534185579586e-15
  outer loop
    vertex 339.77520337632666 -508.47487373415515 110.00000000017319
    vertex 340.50007711047954 -509.0310889132477 103.00000000017293
    vertex 339.77520337632654 -508.47487373415504 103.00000000017293
  endloop
endfacet
facet normal 0.6087614290087164 0.7933533402912385 -1.6928534185579586e-15
  outer loop
    vertex 340.50007711047954 -509.0310889132477 103.00000000017293
    vertex 339.77520337632666 -508.47487373415515 110.00000000017319
    vertex 340.50007711047954 -509.03108891324774 110.00000000017322
  endloop
endfacet
facet normal 0.9238795325112849 0.38268343236509433 2.2019851788520817e-15
  outer loop
    vertex 339.21898819723395 -507.7500000000022 103.00000000017293
    vertex 338.8693367184677 -506.905866657861 110.00000000017319
    vertex 339.21898819723395 -507.7500000000022 110.00000000017319
  endloop
endfacet
facet normal 0.9238795325112849 0.38268343236509433 2.2019851788520817e-15
  outer loop
    vertex 338.8693367184677 -506.905866657861 110.00000000017319
    vertex 339.21898819723395 -507.7500000000022 103.00000000017293
    vertex 338.8693367184677 -506.905866657861 103.00000000017293
  endloop
endfacet
facet normal 0.7933533402912278 0.6087614290087302 -2.567669438265837e-16
  outer loop
    vertex 339.77520337632654 -508.47487373415504 103.00000000017293
    vertex 339.21898819723395 -507.7500000000022 110.00000000017319
    vertex 339.77520337632666 -508.47487373415515 110.00000000017319
  endloop
endfacet
facet normal 0.7933533402912278 0.6087614290087302 -2.567669438265837e-16
  outer loop
    vertex 339.21898819723395 -507.7500000000022 110.00000000017319
    vertex 339.77520337632654 -508.47487373415504 103.00000000017293
    vertex 339.21898819723395 -507.7500000000022 103.00000000017293
  endloop
endfacet
facet normal -0.3826834323650898 0.9238795325112866 2.0394657946585096e-15
  outer loop
    vertex 343.15594376833843 -509.3807403920138 110.00000000017322
    vertex 344.0000771104795 -509.0310889132477 103.00000000017292
    vertex 343.15594376833826 -509.38074039201393 103.00000000017293
  endloop
endfacet
facet normal -0.3826834323650898 0.9238795325112866 2.0394657946585096e-15
  outer loop
    vertex 344.0000771104795 -509.0310889132477 103.00000000017292
    vertex 343.15594376833843 -509.3807403920138 110.00000000017322
    vertex 344.00007711047965 -509.0310889132477 110.00000000017322
  endloop
endfacet
facet normal -0.7933533402912232 0.608761429008736 -3.1955726544866656e-15
  outer loop
    vertex 345.281166023725 -507.7500000000022 103.00000000017292
    vertex 344.7249508446324 -508.47487373415504 110.00000000017322
    vertex 345.281166023725 -507.7500000000021 110.00000000017322
  endloop
endfacet
facet normal -0.7933533402912232 0.608761429008736 -3.1955726544866656e-15
  outer loop
    vertex 344.7249508446324 -508.47487373415504 110.00000000017322
    vertex 345.281166023725 -507.7500000000022 103.00000000017292
    vertex 344.7249508446324 -508.47487373415504 103.00000000017292
  endloop
endfacet
facet normal 1.9195190387570572e-15 4.1633363423443607e-16 1.0
  outer loop
    vertex 343.15594376833826 -509.38074039201393 103.00000000017293
    vertex 341.34421045262064 -509.38074039201393 103.00000000017293
    vertex 342.25007711047954 -509.50000000000216 103.00000000017293
  endloop
endfacet
facet normal 1.9195190387570572e-15 4.1633363423443607e-16 1.0
  outer loop
    vertex 341.34421045262064 -509.38074039201393 103.00000000017293
    vertex 343.15594376833826 -509.38074039201393 103.00000000017293
    vertex 344.0000771104795 -509.0310889132477 103.00000000017292
  endloop
endfacet
facet normal 1.9195190387570572e-15 4.1633363423443607e-16 1.0
  outer loop
    vertex 341.34421045262064 -509.38074039201393 103.00000000017293
    vertex 344.0000771104795 -509.0310889132477 103.00000000017292
    vertex 340.50007711047954 -509.0310889132477 103.00000000017293
  endloop
endfacet
facet normal 1.9195190387570572e-15 4.1633363423443607e-16 1.0
  outer loop
    vertex 340.50007711047954 -509.0310889132477 103.00000000017293
    vertex 344.0000771104795 -509.0310889132477 103.00000000017292
    vertex 344.7249508446324 -508.47487373415504 103.00000000017292
  endloop
endfacet
facet normal 1.9195190387570572e-15 4.1633363423443607e-16 1.0
  outer loop
    vertex 340.50007711047954 -509.0310889132477 103.00000000017293
    vertex 344.7249508446324 -508.47487373415504 103.00000000017292
    vertex 339.77520337632654 -508.47487373415504 103.00000000017293
  endloop
endfacet
facet normal 1.9195190387570572e-15 4.1633363423443607e-16 1.0
  outer loop
    vertex 339.77520337632654 -508.47487373415504 103.00000000017293
    vertex 344.7249508446324 -508.47487373415504 103.00000000017292
    vertex 345.281166023725 -507.7500000000022 103.00000000017292
  endloop
endfacet
facet normal 1.9195190387570572e-15 4.1633363423443607e-16 1.0
  outer loop
    vertex 339.77520337632654 -508.47487373415504 103.00000000017293
    vertex 345.281166023725 -507.7500000000022 103.00000000017292
    vertex 339.21898819723395 -507.7500000000022 103.00000000017293
  endloop
endfacet
facet normal 1.9195190387570572e-15 4.1633363423443607e-16 1.0
  outer loop
    vertex 339.21898819723395 -507.7500000000022 103.00000000017293
    vertex 345.281166023725 -507.7500000000022 103.00000000017292
    vertex 345.6308175024912 -506.905866657861 103.00000000017292
  endloop
endfacet
facet normal 1.9195190387570572e-15 4.1633363423443607e-16 1.0
  outer loop
    vertex 339.21898819723395 -507.7500000000022 103.00000000017293
    vertex 345.6308175024912 -506.905866657861 103.00000000017292
    vertex 338.8693367184677 -506.905866657861 103.00000000017293
  endloop
endfacet
facet normal 1.9195190387570572e-15 4.1633363423443607e-16 1.0
  outer loop
    vertex 338.8693367184677 -506.905866657861 103.00000000017293
    vertex 345.6308175024912 -506.905866657861 103.00000000017292
    vertex 345.7500771104795 -506.00000000000216 103.00000000017292
  endloop
endfacet
facet normal 1.9195190387570572e-15 4.1633363423443607e-16 1.0
  outer loop
    vertex 338.8693367184677 -506.905866657861 103.00000000017293
    vertex 345.7500771104795 -506.00000000000216 103.00000000017292
    vertex 338.7500771104795 -506.00000000000216 103.00000000017293
  endloop
endfacet
facet normal 1.9195190387570572e-15 4.1633363423443607e-16 1.0
  outer loop
    vertex 338.7500771104795 -506.00000000000216 103.00000000017293
    vertex 345.7500771104795 -506.00000000000216 103.00000000017292
    vertex 345.6308175024912 -505.0941333421434 103.00000000017292
  endloop
endfacet
facet normal 1.9195190387570572e-15 4.1633363423443607e-16 1.0
  outer loop
    vertex 338.7500771104795 -506.00000000000216 103.00000000017293
    vertex 345.6308175024912 -505.0941333421434 103.00000000017292
    vertex 338.8693367184677 -505.0941333421434 103.00000000017293
  endloop
endfacet
facet normal 1.9195190387570572e-15 4.1633363423443607e-16 1.0
  outer loop
    vertex 338.8693367184677 -505.0941333421434 103.00000000017293
    vertex 345.6308175024912 -505.0941333421434 103.00000000017292
    vertex 345.281166023725 -504.25000000000216 103.00000000017292
  endloop
endfacet
facet normal 1.9195190387570572e-15 4.1633363423443607e-16 1.0
  outer loop
    vertex 338.8693367184677 -505.0941333421434 103.00000000017293
    vertex 345.281166023725 -504.25000000000216 103.00000000017292
    vertex 339.21898819723395 -504.25000000000216 103.00000000017293
  endloop
endfacet
facet normal 1.9195190387570572e-15 4.1633363423443607e-16 1.0
  outer loop
    vertex 339.21898819723395 -504.25000000000216 103.00000000017293
    vertex 345.281166023725 -504.25000000000216 103.00000000017292
    vertex 339.77520337632654 -503.5251262658492 103.00000000017293
  endloop
endfacet
facet normal 1.9195190387570572e-15 4.1633363423443607e-16 1.0
  outer loop
    vertex 339.77520337632654 -503.5251262658492 103.00000000017293
    vertex 345.281166023725 -504.25000000000216 103.00000000017292
    vertex 344.7249508446324 -503.5251262658492 103.00000000017292
  endloop
endfacet
facet normal 1.9195190387570572e-15 4.1633363423443607e-16 1.0
  outer loop
    vertex 339.77520337632654 -503.5251262658492 103.00000000017293
    vertex 344.7249508446324 -503.5251262658492 103.00000000017292
    vertex 344.0000771104795 -502.9689110867566 103.00000000017292
  endloop
endfacet
facet normal 1.9195190387570572e-15 4.1633363423443607e-16 1.0
  outer loop
    vertex 339.77520337632654 -503.5251262658492 103.00000000017293
    vertex 344.0000771104795 -502.9689110867566 103.00000000017292
    vertex 340.5000771104794 -502.9689110867566 103.00000000017292
  endloop
endfacet
facet normal 1.9195190387570572e-15 4.1633363423443607e-16 1.0
  outer loop
    vertex 340.5000771104794 -502.9689110867566 103.00000000017292
    vertex 344.0000771104795 -502.9689110867566 103.00000000017292
    vertex 343.15594376833826 -502.61925960799044 103.00000000017292
  endloop
endfacet
facet normal 1.9195190387570572e-15 4.1633363423443607e-16 1.0
  outer loop
    vertex 340.5000771104794 -502.9689110867566 103.00000000017292
    vertex 343.15594376833826 -502.61925960799044 103.00000000017292
    vertex 341.34421045262064 -502.61925960799044 103.00000000017292
  endloop
endfacet
facet normal 1.9195190387570572e-15 4.1633363423443607e-16 1.0
  outer loop
    vertex 341.34421045262064 -502.61925960799044 103.00000000017292
    vertex 343.15594376833826 -502.61925960799044 103.00000000017292
    vertex 342.25007711047954 -502.5000000000022 103.00000000017292
  endloop
endfacet
facet normal 0.9238795325112892 -0.3826834323650842 -4.871439332164993e-15
  outer loop
    vertex 338.8693367184678 -505.09413334214327 110.00000000017319
    vertex 339.21898819723395 -504.25000000000216 103.00000000017293
    vertex 339.21898819723395 -504.25000000000216 110.00000000017319
  endloop
endfacet
facet normal 0.9238795325112892 -0.3826834323650842 -4.871439332164993e-15
  outer loop
    vertex 339.21898819723395 -504.25000000000216 103.00000000017293
    vertex 338.8693367184678 -505.09413334214327 110.00000000017319
    vertex 338.8693367184677 -505.0941333421434 103.00000000017293
  endloop
endfacet
facet normal 0.7933533402912296 -0.608761429008728 -5.457623516493678e-15
  outer loop
    vertex 339.21898819723395 -504.25000000000216 110.00000000017319
    vertex 339.77520337632654 -503.5251262658492 103.00000000017293
    vertex 339.77520337632666 -503.5251262658492 110.00000000017319
  endloop
endfacet
facet normal 0.7933533402912296 -0.608761429008728 -5.457623516493678e-15
  outer loop
    vertex 339.77520337632654 -503.5251262658492 103.00000000017293
    vertex 339.21898819723395 -504.25000000000216 110.00000000017319
    vertex 339.21898819723395 -504.25000000000216 103.00000000017293
  endloop
endfacet
facet normal -0.13052619222006062 -0.9914448613738093 -2.584964189475236e-16
  outer loop
    vertex 343.15594376833826 -502.61925960799044 103.00000000017292
    vertex 342.25007711047965 -502.5000000000022 110.00000000017322
    vertex 342.25007711047954 -502.5000000000022 103.00000000017292
  endloop
endfacet
facet normal -0.13052619222006062 -0.9914448613738093 -2.584964189475236e-16
  outer loop
    vertex 342.25007711047965 -502.5000000000022 110.00000000017322
    vertex 343.15594376833826 -502.61925960799044 103.00000000017292
    vertex 343.15594376833843 -502.61925960799044 110.00000000017322
  endloop
endfacet
facet normal -0.7933533402912186 -0.6087614290087423 -7.805430582777591e-15
  outer loop
    vertex 344.7249508446324 -503.52512626584934 110.00000000017322
    vertex 345.281166023725 -504.25000000000216 103.00000000017292
    vertex 345.281166023725 -504.25000000000216 110.00000000017322
  endloop
endfacet
facet normal -0.7933533402912186 -0.6087614290087423 -7.805430582777591e-15
  outer loop
    vertex 345.281166023725 -504.25000000000216 103.00000000017292
    vertex 344.7249508446324 -503.52512626584934 110.00000000017322
    vertex 344.7249508446324 -503.5251262658492 103.00000000017292
  endloop
endfacet
facet normal -0.923879532511291 -0.3826834323650798 4.696541245802102e-16
  outer loop
    vertex 345.281166023725 -504.25000000000216 110.00000000017322
    vertex 345.6308175024912 -505.0941333421434 103.00000000017292
    vertex 345.6308175024912 -505.09413334214327 110.00000000017322
  endloop
endfacet
facet normal -0.923879532511291 -0.3826834323650798 4.696541245802102e-16
  outer loop
    vertex 345.6308175024912 -505.0941333421434 103.00000000017292
    vertex 345.281166023725 -504.25000000000216 110.00000000017322
    vertex 345.281166023725 -504.25000000000216 103.00000000017292
  endloop
endfacet
facet normal -0.38268343236508623 -0.9238795325112882 4.804720076387659e-15
  outer loop
    vertex 344.0000771104795 -502.9689110867566 103.00000000017292
    vertex 343.15594376833843 -502.61925960799044 110.00000000017322
    vertex 343.15594376833826 -502.61925960799044 103.00000000017292
  endloop
endfacet
facet normal -0.38268343236508623 -0.9238795325112882 4.804720076387659e-15
  outer loop
    vertex 343.15594376833843 -502.61925960799044 110.00000000017322
    vertex 344.0000771104795 -502.9689110867566 103.00000000017292
    vertex 344.0000771104796 -502.9689110867567 110.00000000017322
  endloop
endfacet
facet normal 0.6087614290087282 -0.7933533402912293 -7.009259974514531e-15
  outer loop
    vertex 340.5000771104794 -502.9689110867566 103.00000000017292
    vertex 339.77520337632666 -503.5251262658492 110.00000000017319
    vertex 339.77520337632654 -503.5251262658492 103.00000000017293
  endloop
endfacet
facet normal 0.6087614290087282 -0.7933533402912293 -7.009259974514531e-15
  outer loop
    vertex 339.77520337632666 -503.5251262658492 110.00000000017319
    vertex 340.5000771104794 -502.9689110867566 103.00000000017292
    vertex 340.50007711047965 -502.9689110867566 110.00000000017319
  endloop
endfacet
facet normal 0.1305261922200089 -0.991444861373816 1.505255504407494e-15
  outer loop
    vertex 342.25007711047954 -502.5000000000022 103.00000000017292
    vertex 341.3442104526208 -502.6192596079904 110.00000000017322
    vertex 341.34421045262064 -502.61925960799044 103.00000000017292
  endloop
endfacet
facet normal 0.1305261922200089 -0.991444861373816 1.505255504407494e-15
  outer loop
    vertex 341.3442104526208 -502.6192596079904 110.00000000017322
    vertex 342.25007711047954 -502.5000000000022 103.00000000017292
    vertex 342.25007711047965 -502.5000000000022 110.00000000017322
  endloop
endfacet
facet normal 0.38268343236507757 -0.9238795325112918 6.850749931622971e-16
  outer loop
    vertex 341.34421045262064 -502.61925960799044 103.00000000017292
    vertex 340.50007711047965 -502.9689110867566 110.00000000017319
    vertex 340.5000771104794 -502.9689110867566 103.00000000017292
  endloop
endfacet
facet normal 0.38268343236507757 -0.9238795325112918 6.850749931622971e-16
  outer loop
    vertex 340.50007711047965 -502.9689110867566 110.00000000017319
    vertex 341.34421045262064 -502.61925960799044 103.00000000017292
    vertex 341.3442104526208 -502.6192596079904 110.00000000017322
  endloop
endfacet
facet normal 0.9914448613738093 -0.13052619222005984 -9.006263594841881e-15
  outer loop
    vertex 338.7500771104795 -506.00000000000216 103.00000000017293
    vertex 338.8693367184678 -505.09413334214327 110.00000000017319
    vertex 338.75007711047954 -506.00000000000216 110.00000000017319
  endloop
endfacet
facet normal 0.9914448613738093 -0.13052619222005984 -9.006263594841881e-15
  outer loop
    vertex 338.8693367184678 -505.09413334214327 110.00000000017319
    vertex 338.7500771104795 -506.00000000000216 103.00000000017293
    vertex 338.8693367184677 -505.0941333421434 103.00000000017293
  endloop
endfacet
facet normal 0.9914448613738156 0.13052619222001136 -3.566303697243596e-15
  outer loop
    vertex 338.8693367184677 -506.905866657861 103.00000000017293
    vertex 338.75007711047954 -506.00000000000216 110.00000000017319
    vertex 338.8693367184677 -506.905866657861 110.00000000017319
  endloop
endfacet
facet normal 0.9914448613738156 0.13052619222001136 -3.566303697243596e-15
  outer loop
    vertex 338.75007711047954 -506.00000000000216 110.00000000017319
    vertex 338.8693367184677 -506.905866657861 103.00000000017293
    vertex 338.7500771104795 -506.00000000000216 103.00000000017293
  endloop
endfacet
endsolid DIY Perks 3D Printed Speaker - Sketchup Model
